country,model_family,target_date,specification_id,p,d,q,P,D,Q,seasonal_period,trend,forecast_origin_local,forecast_origin_utc,information_cutoff_utc,timestamp_utc,interval_end_utc,timestamp_local,local_date,actual_load_mwh,forecast_mwh,bridge_used,source_kind,is_target_day,evaluated,analysis_label,reused_authoritative,reuse_source
Germany,SARIMA,2024-01-15,sarima_p2_d0_q0_P0_D1_Q0_s24,2,0,0,0,1,0,24,n,2024-01-14T18:00:00+01:00,2024-01-14T17:00:00+00:00,2024-01-14T17:00:00+00:00,2024-01-14 17:00:00+00:00,2024-01-14 18:00:00+00:00,2024-01-14T18:00:00+01:00,2024-01-14,62621.5,62564.76481198094,True,sarima_forecast,False,False,enhanced/post-hoc SARIMA robustness analysis,False,
Germany,SARIMA,2024-01-15,sarima_p2_d0_q0_P0_D1_Q0_s24,2,0,0,0,1,0,24,n,2024-01-14T18:00:00+01:00,2024-01-14T17:00:00+00:00,2024-01-14T17:00:00+00:00,2024-01-14 18:00:00+00:00,2024-01-14 19:00:00+00:00,2024-01-14T19:00:00+01:00,2024-01-14,61414.0,61066.3804161615,True,sarima_forecast,False,False,enhanced/post-hoc SARIMA robustness analysis,False,
Germany,SARIMA,2024-01-15,sarima_p2_d0_q0_P0_D1_Q0_s24,2,0,0,0,1,0,24,n,2024-01-14T18:00:00+01:00,2024-01-14T17:00:00+00:00,2024-01-14T17:00:00+00:00,2024-01-14 19:00:00+00:00,2024-01-14 20:00:00+00:00,2024-01-14T20:00:00+01:00,2024-01-14,59189.0,57876.4952382461,True,sarima_forecast,False,False,enhanced/post-hoc SARIMA robustness analysis,False,
Germany,SARIMA,2024-01-15,sarima_p2_d0_q0_P0_D1_Q0_s24,2,0,0,0,1,0,24,n,2024-01-14T18:00:00+01:00,2024-01-14T17:00:00+00:00,2024-01-14T17:00:00+00:00,2024-01-14 20:00:00+00:00,2024-01-14 21:00:00+00:00,2024-01-14T21:00:00+01:00,2024-01-14,57744.0,55583.274105597084,True,sarima_forecast,False,False,enhanced/post-hoc SARIMA robustness analysis,False,
Germany,SARIMA,2024-01-15,sarima_p2_d0_q0_P0_D1_Q0_s24,2,0,0,0,1,0,24,n,2024-01-14T18:00:00+01:00,2024-01-14T17:00:00+00:00,2024-01-14T17:00:00+00:00,2024-01-14 21:00:00+00:00,2024-01-14 22:00:00+00:00,2024-01-14T22:00:00+01:00,2024-01-14,56743.25,54333.603433872224,True,sarima_forecast,False,False,enhanced/post-hoc SARIMA robustness analysis,False,
Germany,SARIMA,2024-01-15,sarima_p2_d0_q0_P0_D1_Q0_s24,2,0,0,0,1,0,24,n,2024-01-14T18:00:00+01:00,2024-01-14T17:00:00+00:00,2024-01-14T17:00:00+00:00,2024-01-14 22:00:00+00:00,2024-01-14 23:00:00+00:00,2024-01-14T23:00:00+01:00,2024-01-14,53985.25,52311.05769362391,True,sarima_forecast,False,False,enhanced/post-hoc SARIMA robustness analysis,False,
Germany,SARIMA,2024-01-15,sarima_p2_d0_q0_P0_D1_Q0_s24,2,0,0,0,1,0,24,n,2024-01-14T18:00:00+01:00,2024-01-14T17:00:00+00:00,2024-01-14T17:00:00+00:00,2024-01-14 23:00:00+00:00,2024-01-15 00:00:00+00:00,2024-01-15T00:00:00+01:00,2024-01-15,51829.0,48617.073140131855,False,sarima_forecast,True,True,enhanced/post-hoc SARIMA robustness analysis,False,
Germany,SARIMA,2024-01-15,sarima_p2_d0_q0_P0_D1_Q0_s24,2,0,0,0,1,0,24,n,2024-01-14T18:00:00+01:00,2024-01-14T17:00:00+00:00,2024-01-14T17:00:00+00:00,2024-01-15 00:00:00+00:00,2024-01-15 01:00:00+00:00,2024-01-15T01:00:00+01:00,2024-01-15,50943.25,47618.55838335636,False,sarima_forecast,True,True,enhanced/post-hoc SARIMA robustness analysis,False,
Germany,SARIMA,2024-01-15,sarima_p2_d0_q0_P0_D1_Q0_s24,2,0,0,0,1,0,24,n,2024-01-14T18:00:00+01:00,2024-01-14T17:00:00+00:00,2024-01-14T17:00:00+00:00,2024-01-15 01:00:00+00:00,2024-01-15 02:00:00+00:00,2024-01-15T02:00:00+01:00,2024-01-15,49711.0,46507.02226039757,False,sarima_forecast,True,True,enhanced/post-hoc SARIMA robustness analysis,False,
Germany,SARIMA,2024-01-15,sarima_p2_d0_q0_P0_D1_Q0_s24,2,0,0,0,1,0,24,n,2024-01-14T18:00:00+01:00,2024-01-14T17:00:00+00:00,2024-01-14T17:00:00+00:00,2024-01-15 02:00:00+00:00,2024-01-15 03:00:00+00:00,2024-01-15T03:00:00+01:00,2024-01-15,50230.5,45725.94672541472,False,sarima_forecast,True,True,enhanced/post-hoc SARIMA robustness analysis,False,
Germany,SARIMA,2024-01-15,sarima_p2_d0_q0_P0_D1_Q0_s24,2,0,0,0,1,0,24,n,2024-01-14T18:00:00+01:00,2024-01-14T17:00:00+00:00,2024-01-14T17:00:00+00:00,2024-01-15 03:00:00+00:00,2024-01-15 04:00:00+00:00,2024-01-15T04:00:00+01:00,2024-01-15,51887.75,45782.56167350688,False,sarima_forecast,True,True,enhanced/post-hoc SARIMA robustness analysis,False,
Germany,SARIMA,2024-01-15,sarima_p2_d0_q0_P0_D1_Q0_s24,2,0,0,0,1,0,24,n,2024-01-14T18:00:00+01:00,2024-01-14T17:00:00+00:00,2024-01-14T17:00:00+00:00,2024-01-15 04:00:00+00:00,2024-01-15 05:00:00+00:00,2024-01-15T05:00:00+01:00,2024-01-15,55437.75,45428.37983090317,False,sarima_forecast,True,True,enhanced/post-hoc SARIMA robustness analysis,False,
Germany,SARIMA,2024-01-15,sarima_p2_d0_q0_P0_D1_Q0_s24,2,0,0,0,1,0,24,n,2024-01-14T18:00:00+01:00,2024-01-14T17:00:00+00:00,2024-01-14T17:00:00+00:00,2024-01-15 05:00:00+00:00,2024-01-15 06:00:00+00:00,2024-01-15T06:00:00+01:00,2024-01-15,63032.75,45102.5662285293,False,sarima_forecast,True,True,enhanced/post-hoc SARIMA robustness analysis,False,
Germany,SARIMA,2024-01-15,sarima_p2_d0_q0_P0_D1_Q0_s24,2,0,0,0,1,0,24,n,2024-01-14T18:00:00+01:00,2024-01-14T17:00:00+00:00,2024-01-14T17:00:00+00:00,2024-01-15 06:00:00+00:00,2024-01-15 07:00:00+00:00,2024-01-15T07:00:00+01:00,2024-01-15,69980.75,47107.69361281778,False,sarima_forecast,True,True,enhanced/post-hoc SARIMA robustness analysis,False,
Germany,SARIMA,2024-01-15,sarima_p2_d0_q0_P0_D1_Q0_s24,2,0,0,0,1,0,24,n,2024-01-14T18:00:00+01:00,2024-01-14T17:00:00+00:00,2024-01-14T17:00:00+00:00,2024-01-15 07:00:00+00:00,2024-01-15 08:00:00+00:00,2024-01-15T08:00:00+01:00,2024-01-15,72997.75,50310.16918642955,False,sarima_forecast,True,True,enhanced/post-hoc SARIMA robustness analysis,False,
Germany,SARIMA,2024-01-15,sarima_p2_d0_q0_P0_D1_Q0_s24,2,0,0,0,1,0,24,n,2024-01-14T18:00:00+01:00,2024-01-14T17:00:00+00:00,2024-01-14T17:00:00+00:00,2024-01-15 08:00:00+00:00,2024-01-15 09:00:00+00:00,2024-01-15T09:00:00+01:00,2024-01-15,74240.5,54406.35707291077,False,sarima_forecast,True,True,enhanced/post-hoc SARIMA robustness analysis,False,
Germany,SARIMA,2024-01-15,sarima_p2_d0_q0_P0_D1_Q0_s24,2,0,0,0,1,0,24,n,2024-01-14T18:00:00+01:00,2024-01-14T17:00:00+00:00,2024-01-14T17:00:00+00:00,2024-01-15 09:00:00+00:00,2024-01-15 10:00:00+00:00,2024-01-15T10:00:00+01:00,2024-01-15,75080.5,57684.6633201374,False,sarima_forecast,True,True,enhanced/post-hoc SARIMA robustness analysis,False,
Germany,SARIMA,2024-01-15,sarima_p2_d0_q0_P0_D1_Q0_s24,2,0,0,0,1,0,24,n,2024-01-14T18:00:00+01:00,2024-01-14T17:00:00+00:00,2024-01-14T17:00:00+00:00,2024-01-15 10:00:00+00:00,2024-01-15 11:00:00+00:00,2024-01-15T11:00:00+01:00,2024-01-15,75508.25,59663.095034449645,False,sarima_forecast,True,True,enhanced/post-hoc SARIMA robustness analysis,False,
Germany,SARIMA,2024-01-15,sarima_p2_d0_q0_P0_D1_Q0_s24,2,0,0,0,1,0,24,n,2024-01-14T18:00:00+01:00,2024-01-14T17:00:00+00:00,2024-01-14T17:00:00+00:00,2024-01-15 11:00:00+00:00,2024-01-15 12:00:00+00:00,2024-01-15T12:00:00+01:00,2024-01-15,74550.25,59814.801638016324,False,sarima_forecast,True,True,enhanced/post-hoc SARIMA robustness analysis,False,
Germany,SARIMA,2024-01-15,sarima_p2_d0_q0_P0_D1_Q0_s24,2,0,0,0,1,0,24,n,2024-01-14T18:00:00+01:00,2024-01-14T17:00:00+00:00,2024-01-14T17:00:00+00:00,2024-01-15 12:00:00+00:00,2024-01-15 13:00:00+00:00,2024-01-15T13:00:00+01:00,2024-01-15,73766.75,58450.10376137672,False,sarima_forecast,True,True,enhanced/post-hoc SARIMA robustness analysis,False,
Germany,SARIMA,2024-01-15,sarima_p2_d0_q0_P0_D1_Q0_s24,2,0,0,0,1,0,24,n,2024-01-14T18:00:00+01:00,2024-01-14T17:00:00+00:00,2024-01-14T17:00:00+00:00,2024-01-15 13:00:00+00:00,2024-01-15 14:00:00+00:00,2024-01-15T14:00:00+01:00,2024-01-15,72503.5,56871.513573438504,False,sarima_forecast,True,True,enhanced/post-hoc SARIMA robustness analysis,False,
Germany,SARIMA,2024-01-15,sarima_p2_d0_q0_P0_D1_Q0_s24,2,0,0,0,1,0,24,n,2024-01-14T18:00:00+01:00,2024-01-14T17:00:00+00:00,2024-01-14T17:00:00+00:00,2024-01-15 14:00:00+00:00,2024-01-15 15:00:00+00:00,2024-01-15T15:00:00+01:00,2024-01-15,72052.5,56955.999172779746,False,sarima_forecast,True,True,enhanced/post-hoc SARIMA robustness analysis,False,
Germany,SARIMA,2024-01-15,sarima_p2_d0_q0_P0_D1_Q0_s24,2,0,0,0,1,0,24,n,2024-01-14T18:00:00+01:00,2024-01-14T17:00:00+00:00,2024-01-14T17:00:00+00:00,2024-01-15 15:00:00+00:00,2024-01-15 16:00:00+00:00,2024-01-15T16:00:00+01:00,2024-01-15,71540.5,58133.494851755495,False,sarima_forecast,True,True,enhanced/post-hoc SARIMA robustness analysis,False,
Germany,SARIMA,2024-01-15,sarima_p2_d0_q0_P0_D1_Q0_s24,2,0,0,0,1,0,24,n,2024-01-14T18:00:00+01:00,2024-01-14T17:00:00+00:00,2024-01-14T17:00:00+00:00,2024-01-15 16:00:00+00:00,2024-01-15 17:00:00+00:00,2024-01-15T17:00:00+01:00,2024-01-15,73040.0,61595.40848484026,False,sarima_forecast,True,True,enhanced/post-hoc SARIMA robustness analysis,False,
Germany,SARIMA,2024-01-15,sarima_p2_d0_q0_P0_D1_Q0_s24,2,0,0,0,1,0,24,n,2024-01-14T18:00:00+01:00,2024-01-14T17:00:00+00:00,2024-01-14T17:00:00+00:00,2024-01-15 17:00:00+00:00,2024-01-15 18:00:00+00:00,2024-01-15T18:00:00+01:00,2024-01-15,72747.25,62452.14171841111,False,sarima_forecast,True,True,enhanced/post-hoc SARIMA robustness analysis,False,
Germany,SARIMA,2024-01-15,sarima_p2_d0_q0_P0_D1_Q0_s24,2,0,0,0,1,0,24,n,2024-01-14T18:00:00+01:00,2024-01-14T17:00:00+00:00,2024-01-14T17:00:00+00:00,2024-01-15 18:00:00+00:00,2024-01-15 19:00:00+00:00,2024-01-15T19:00:00+01:00,2024-01-15,70928.75,60964.15029310701,False,sarima_forecast,True,True,enhanced/post-hoc SARIMA robustness analysis,False,
Germany,SARIMA,2024-01-15,sarima_p2_d0_q0_P0_D1_Q0_s24,2,0,0,0,1,0,24,n,2024-01-14T18:00:00+01:00,2024-01-14T17:00:00+00:00,2024-01-14T17:00:00+00:00,2024-01-15 19:00:00+00:00,2024-01-15 20:00:00+00:00,2024-01-15T20:00:00+01:00,2024-01-15,67312.25,57783.688290526596,False,sarima_forecast,True,True,enhanced/post-hoc SARIMA robustness analysis,False,
Germany,SARIMA,2024-01-15,sarima_p2_d0_q0_P0_D1_Q0_s24,2,0,0,0,1,0,24,n,2024-01-14T18:00:00+01:00,2024-01-14T17:00:00+00:00,2024-01-14T17:00:00+00:00,2024-01-15 20:00:00+00:00,2024-01-15 21:00:00+00:00,2024-01-15T21:00:00+01:00,2024-01-15,63942.5,55499.01435038022,False,sarima_forecast,True,True,enhanced/post-hoc SARIMA robustness analysis,False,
Germany,SARIMA,2024-01-15,sarima_p2_d0_q0_P0_D1_Q0_s24,2,0,0,0,1,0,24,n,2024-01-14T18:00:00+01:00,2024-01-14T17:00:00+00:00,2024-01-14T17:00:00+00:00,2024-01-15 21:00:00+00:00,2024-01-15 22:00:00+00:00,2024-01-15T22:00:00+01:00,2024-01-15,60518.5,54257.098610203764,False,sarima_forecast,True,True,enhanced/post-hoc SARIMA robustness analysis,False,
Germany,SARIMA,2024-01-15,sarima_p2_d0_q0_P0_D1_Q0_s24,2,0,0,0,1,0,24,n,2024-01-14T18:00:00+01:00,2024-01-14T17:00:00+00:00,2024-01-14T17:00:00+00:00,2024-01-15 22:00:00+00:00,2024-01-15 23:00:00+00:00,2024-01-15T23:00:00+01:00,2024-01-15,56574.5,52241.59055714203,False,sarima_forecast,True,True,enhanced/post-hoc SARIMA robustness analysis,False,
Germany,SARIMA,2024-01-15,sarima_p2_d0_q1_P0_D1_Q0_s24,2,0,1,0,1,0,24,n,2024-01-14T18:00:00+01:00,2024-01-14T17:00:00+00:00,2024-01-14T17:00:00+00:00,2024-01-14 17:00:00+00:00,2024-01-14 18:00:00+00:00,2024-01-14T18:00:00+01:00,2024-01-14,62621.5,62596.89334672823,True,sarima_forecast,False,False,enhanced/post-hoc SARIMA robustness analysis,False,
Germany,SARIMA,2024-01-15,sarima_p2_d0_q1_P0_D1_Q0_s24,2,0,1,0,1,0,24,n,2024-01-14T18:00:00+01:00,2024-01-14T17:00:00+00:00,2024-01-14T17:00:00+00:00,2024-01-14 18:00:00+00:00,2024-01-14 19:00:00+00:00,2024-01-14T19:00:00+01:00,2024-01-14,61414.0,60990.67067453101,True,sarima_forecast,False,False,enhanced/post-hoc SARIMA robustness analysis,False,
Germany,SARIMA,2024-01-15,sarima_p2_d0_q1_P0_D1_Q0_s24,2,0,1,0,1,0,24,n,2024-01-14T18:00:00+01:00,2024-01-14T17:00:00+00:00,2024-01-14T17:00:00+00:00,2024-01-14 19:00:00+00:00,2024-01-14 20:00:00+00:00,2024-01-14T20:00:00+01:00,2024-01-14,59189.0,57664.43543081856,True,sarima_forecast,False,False,enhanced/post-hoc SARIMA robustness analysis,False,
Germany,SARIMA,2024-01-15,sarima_p2_d0_q1_P0_D1_Q0_s24,2,0,1,0,1,0,24,n,2024-01-14T18:00:00+01:00,2024-01-14T17:00:00+00:00,2024-01-14T17:00:00+00:00,2024-01-14 20:00:00+00:00,2024-01-14 21:00:00+00:00,2024-01-14T21:00:00+01:00,2024-01-14,57744.0,55249.92839580714,True,sarima_forecast,False,False,enhanced/post-hoc SARIMA robustness analysis,False,
Germany,SARIMA,2024-01-15,sarima_p2_d0_q1_P0_D1_Q0_s24,2,0,1,0,1,0,24,n,2024-01-14T18:00:00+01:00,2024-01-14T17:00:00+00:00,2024-01-14T17:00:00+00:00,2024-01-14 21:00:00+00:00,2024-01-14 22:00:00+00:00,2024-01-14T22:00:00+01:00,2024-01-14,56743.25,53907.0580837997,True,sarima_forecast,False,False,enhanced/post-hoc SARIMA robustness analysis,False,
Germany,SARIMA,2024-01-15,sarima_p2_d0_q1_P0_D1_Q0_s24,2,0,1,0,1,0,24,n,2024-01-14T18:00:00+01:00,2024-01-14T17:00:00+00:00,2024-01-14T17:00:00+00:00,2024-01-14 22:00:00+00:00,2024-01-14 23:00:00+00:00,2024-01-14T23:00:00+01:00,2024-01-14,53985.25,51819.66073909423,True,sarima_forecast,False,False,enhanced/post-hoc SARIMA robustness analysis,False,
Germany,SARIMA,2024-01-15,sarima_p2_d0_q1_P0_D1_Q0_s24,2,0,1,0,1,0,24,n,2024-01-14T18:00:00+01:00,2024-01-14T17:00:00+00:00,2024-01-14T17:00:00+00:00,2024-01-14 23:00:00+00:00,2024-01-15 00:00:00+00:00,2024-01-15T00:00:00+01:00,2024-01-15,51829.0,48084.883656124075,False,sarima_forecast,True,True,enhanced/post-hoc SARIMA robustness analysis,False,
Germany,SARIMA,2024-01-15,sarima_p2_d0_q1_P0_D1_Q0_s24,2,0,1,0,1,0,24,n,2024-01-14T18:00:00+01:00,2024-01-14T17:00:00+00:00,2024-01-14T17:00:00+00:00,2024-01-15 00:00:00+00:00,2024-01-15 01:00:00+00:00,2024-01-15T01:00:00+01:00,2024-01-15,50943.25,47064.38171930332,False,sarima_forecast,True,True,enhanced/post-hoc SARIMA robustness analysis,False,
Germany,SARIMA,2024-01-15,sarima_p2_d0_q1_P0_D1_Q0_s24,2,0,1,0,1,0,24,n,2024-01-14T18:00:00+01:00,2024-01-14T17:00:00+00:00,2024-01-14T17:00:00+00:00,2024-01-15 01:00:00+00:00,2024-01-15 02:00:00+00:00,2024-01-15T02:00:00+01:00,2024-01-15,49711.0,45944.85743628994,False,sarima_forecast,True,True,enhanced/post-hoc SARIMA robustness analysis,False,
Germany,SARIMA,2024-01-15,sarima_p2_d0_q1_P0_D1_Q0_s24,2,0,1,0,1,0,24,n,2024-01-14T18:00:00+01:00,2024-01-14T17:00:00+00:00,2024-01-14T17:00:00+00:00,2024-01-15 02:00:00+00:00,2024-01-15 03:00:00+00:00,2024-01-15T03:00:00+01:00,2024-01-15,50230.5,45165.8654351562,False,sarima_forecast,True,True,enhanced/post-hoc SARIMA robustness analysis,False,
Germany,SARIMA,2024-01-15,sarima_p2_d0_q1_P0_D1_Q0_s24,2,0,1,0,1,0,24,n,2024-01-14T18:00:00+01:00,2024-01-14T17:00:00+00:00,2024-01-14T17:00:00+00:00,2024-01-15 03:00:00+00:00,2024-01-15 04:00:00+00:00,2024-01-15T04:00:00+01:00,2024-01-15,51887.75,45231.607671028396,False,sarima_forecast,True,True,enhanced/post-hoc SARIMA robustness analysis,False,
Germany,SARIMA,2024-01-15,sarima_p2_d0_q1_P0_D1_Q0_s24,2,0,1,0,1,0,24,n,2024-01-14T18:00:00+01:00,2024-01-14T17:00:00+00:00,2024-01-14T17:00:00+00:00,2024-01-15 04:00:00+00:00,2024-01-15 05:00:00+00:00,2024-01-15T05:00:00+01:00,2024-01-15,55437.75,44891.34052138783,False,sarima_forecast,True,True,enhanced/post-hoc SARIMA robustness analysis,False,
Germany,SARIMA,2024-01-15,sarima_p2_d0_q1_P0_D1_Q0_s24,2,0,1,0,1,0,24,n,2024-01-14T18:00:00+01:00,2024-01-14T17:00:00+00:00,2024-01-14T17:00:00+00:00,2024-01-15 05:00:00+00:00,2024-01-15 06:00:00+00:00,2024-01-15T06:00:00+01:00,2024-01-15,63032.75,44582.5834785636,False,sarima_forecast,True,True,enhanced/post-hoc SARIMA robustness analysis,False,
Germany,SARIMA,2024-01-15,sarima_p2_d0_q1_P0_D1_Q0_s24,2,0,1,0,1,0,24,n,2024-01-14T18:00:00+01:00,2024-01-14T17:00:00+00:00,2024-01-14T17:00:00+00:00,2024-01-15 06:00:00+00:00,2024-01-15 07:00:00+00:00,2024-01-15T07:00:00+01:00,2024-01-15,69980.75,46606.726400127336,False,sarima_forecast,True,True,enhanced/post-hoc SARIMA robustness analysis,False,
Germany,SARIMA,2024-01-15,sarima_p2_d0_q1_P0_D1_Q0_s24,2,0,1,0,1,0,24,n,2024-01-14T18:00:00+01:00,2024-01-14T17:00:00+00:00,2024-01-14T17:00:00+00:00,2024-01-15 07:00:00+00:00,2024-01-15 08:00:00+00:00,2024-01-15T08:00:00+01:00,2024-01-15,72997.75,49829.33487534429,False,sarima_forecast,True,True,enhanced/post-hoc SARIMA robustness analysis,False,
Germany,SARIMA,2024-01-15,sarima_p2_d0_q1_P0_D1_Q0_s24,2,0,1,0,1,0,24,n,2024-01-14T18:00:00+01:00,2024-01-14T17:00:00+00:00,2024-01-14T17:00:00+00:00,2024-01-15 08:00:00+00:00,2024-01-15 09:00:00+00:00,2024-01-15T09:00:00+01:00,2024-01-15,74240.5,53946.179038750386,False,sarima_forecast,True,True,enhanced/post-hoc SARIMA robustness analysis,False,
Germany,SARIMA,2024-01-15,sarima_p2_d0_q1_P0_D1_Q0_s24,2,0,1,0,1,0,24,n,2024-01-14T18:00:00+01:00,2024-01-14T17:00:00+00:00,2024-01-14T17:00:00+00:00,2024-01-15 09:00:00+00:00,2024-01-15 10:00:00+00:00,2024-01-15T10:00:00+01:00,2024-01-15,75080.5,57245.24877957368,False,sarima_forecast,True,True,enhanced/post-hoc SARIMA robustness analysis,False,
Germany,SARIMA,2024-01-15,sarima_p2_d0_q1_P0_D1_Q0_s24,2,0,1,0,1,0,24,n,2024-01-14T18:00:00+01:00,2024-01-14T17:00:00+00:00,2024-01-14T17:00:00+00:00,2024-01-15 10:00:00+00:00,2024-01-15 11:00:00+00:00,2024-01-15T11:00:00+01:00,2024-01-15,75508.25,59244.26196709051,False,sarima_forecast,True,True,enhanced/post-hoc SARIMA robustness analysis,False,
Germany,SARIMA,2024-01-15,sarima_p2_d0_q1_P0_D1_Q0_s24,2,0,1,0,1,0,24,n,2024-01-14T18:00:00+01:00,2024-01-14T17:00:00+00:00,2024-01-14T17:00:00+00:00,2024-01-15 11:00:00+00:00,2024-01-15 12:00:00+00:00,2024-01-15T12:00:00+01:00,2024-01-15,74550.25,59416.169077376595,False,sarima_forecast,True,True,enhanced/post-hoc SARIMA robustness analysis,False,
Germany,SARIMA,2024-01-15,sarima_p2_d0_q1_P0_D1_Q0_s24,2,0,1,0,1,0,24,n,2024-01-14T18:00:00+01:00,2024-01-14T17:00:00+00:00,2024-01-14T17:00:00+00:00,2024-01-15 12:00:00+00:00,2024-01-15 13:00:00+00:00,2024-01-15T13:00:00+01:00,2024-01-15,73766.75,58071.15595360103,False,sarima_forecast,True,True,enhanced/post-hoc SARIMA robustness analysis,False,
Germany,SARIMA,2024-01-15,sarima_p2_d0_q1_P0_D1_Q0_s24,2,0,1,0,1,0,24,n,2024-01-14T18:00:00+01:00,2024-01-14T17:00:00+00:00,2024-01-14T17:00:00+00:00,2024-01-15 13:00:00+00:00,2024-01-15 14:00:00+00:00,2024-01-15T14:00:00+01:00,2024-01-15,72503.5,56511.64558690087,False,sarima_forecast,True,True,enhanced/post-hoc SARIMA robustness analysis,False,
Germany,SARIMA,2024-01-15,sarima_p2_d0_q1_P0_D1_Q0_s24,2,0,1,0,1,0,24,n,2024-01-14T18:00:00+01:00,2024-01-14T17:00:00+00:00,2024-01-14T17:00:00+00:00,2024-01-15 14:00:00+00:00,2024-01-15 15:00:00+00:00,2024-01-15T15:00:00+01:00,2024-01-15,72052.5,56614.549372834044,False,sarima_forecast,True,True,enhanced/post-hoc SARIMA robustness analysis,False,
Germany,SARIMA,2024-01-15,sarima_p2_d0_q1_P0_D1_Q0_s24,2,0,1,0,1,0,24,n,2024-01-14T18:00:00+01:00,2024-01-14T17:00:00+00:00,2024-01-14T17:00:00+00:00,2024-01-15 15:00:00+00:00,2024-01-15 16:00:00+00:00,2024-01-15T16:00:00+01:00,2024-01-15,71540.5,57809.768077492015,False,sarima_forecast,True,True,enhanced/post-hoc SARIMA robustness analysis,False,
Germany,SARIMA,2024-01-15,sarima_p2_d0_q1_P0_D1_Q0_s24,2,0,1,0,1,0,24,n,2024-01-14T18:00:00+01:00,2024-01-14T17:00:00+00:00,2024-01-14T17:00:00+00:00,2024-01-15 16:00:00+00:00,2024-01-15 17:00:00+00:00,2024-01-15T17:00:00+01:00,2024-01-15,73040.0,61288.69263434653,False,sarima_forecast,True,True,enhanced/post-hoc SARIMA robustness analysis,False,
Germany,SARIMA,2024-01-15,sarima_p2_d0_q1_P0_D1_Q0_s24,2,0,1,0,1,0,24,n,2024-01-14T18:00:00+01:00,2024-01-14T17:00:00+00:00,2024-01-14T17:00:00+00:00,2024-01-15 17:00:00+00:00,2024-01-15 18:00:00+00:00,2024-01-15T18:00:00+01:00,2024-01-15,72747.25,62193.848181783775,False,sarima_forecast,True,True,enhanced/post-hoc SARIMA robustness analysis,False,
Germany,SARIMA,2024-01-15,sarima_p2_d0_q1_P0_D1_Q0_s24,2,0,1,0,1,0,24,n,2024-01-14T18:00:00+01:00,2024-01-14T17:00:00+00:00,2024-01-14T17:00:00+00:00,2024-01-15 18:00:00+00:00,2024-01-15 19:00:00+00:00,2024-01-15T19:00:00+01:00,2024-01-15,70928.75,60613.59862233147,False,sarima_forecast,True,True,enhanced/post-hoc SARIMA robustness analysis,False,
Germany,SARIMA,2024-01-15,sarima_p2_d0_q1_P0_D1_Q0_s24,2,0,1,0,1,0,24,n,2024-01-14T18:00:00+01:00,2024-01-14T17:00:00+00:00,2024-01-14T17:00:00+00:00,2024-01-15 19:00:00+00:00,2024-01-15 20:00:00+00:00,2024-01-15T20:00:00+01:00,2024-01-15,67312.25,57311.66271230925,False,sarima_forecast,True,True,enhanced/post-hoc SARIMA robustness analysis,False,
Germany,SARIMA,2024-01-15,sarima_p2_d0_q1_P0_D1_Q0_s24,2,0,1,0,1,0,24,n,2024-01-14T18:00:00+01:00,2024-01-14T17:00:00+00:00,2024-01-14T17:00:00+00:00,2024-01-15 20:00:00+00:00,2024-01-15 21:00:00+00:00,2024-01-15T21:00:00+01:00,2024-01-15,63942.5,54919.8891021155,False,sarima_forecast,True,True,enhanced/post-hoc SARIMA robustness analysis,False,
Germany,SARIMA,2024-01-15,sarima_p2_d0_q1_P0_D1_Q0_s24,2,0,1,0,1,0,24,n,2024-01-14T18:00:00+01:00,2024-01-14T17:00:00+00:00,2024-01-14T17:00:00+00:00,2024-01-15 21:00:00+00:00,2024-01-15 22:00:00+00:00,2024-01-15T22:00:00+01:00,2024-01-15,60518.5,53598.28722077614,False,sarima_forecast,True,True,enhanced/post-hoc SARIMA robustness analysis,False,
Germany,SARIMA,2024-01-15,sarima_p2_d0_q1_P0_D1_Q0_s24,2,0,1,0,1,0,24,n,2024-01-14T18:00:00+01:00,2024-01-14T17:00:00+00:00,2024-01-14T17:00:00+00:00,2024-01-15 22:00:00+00:00,2024-01-15 23:00:00+00:00,2024-01-15T23:00:00+01:00,2024-01-15,56574.5,51530.78772207104,False,sarima_forecast,True,True,enhanced/post-hoc SARIMA robustness analysis,False,
Germany,SARIMA,2024-01-15,sarima_p2_d0_q2_P0_D1_Q0_s24,2,0,2,0,1,0,24,n,2024-01-14T18:00:00+01:00,2024-01-14T17:00:00+00:00,2024-01-14T17:00:00+00:00,2024-01-14 17:00:00+00:00,2024-01-14 18:00:00+00:00,2024-01-14T18:00:00+01:00,2024-01-14,62621.5,62510.74821835787,True,sarima_forecast,False,False,enhanced/post-hoc SARIMA robustness analysis,False,
Germany,SARIMA,2024-01-15,sarima_p2_d0_q2_P0_D1_Q0_s24,2,0,2,0,1,0,24,n,2024-01-14T18:00:00+01:00,2024-01-14T17:00:00+00:00,2024-01-14T17:00:00+00:00,2024-01-14 18:00:00+00:00,2024-01-14 19:00:00+00:00,2024-01-14T19:00:00+01:00,2024-01-14,61414.0,60859.23481903796,True,sarima_forecast,False,False,enhanced/post-hoc SARIMA robustness analysis,False,
Germany,SARIMA,2024-01-15,sarima_p2_d0_q2_P0_D1_Q0_s24,2,0,2,0,1,0,24,n,2024-01-14T18:00:00+01:00,2024-01-14T17:00:00+00:00,2024-01-14T17:00:00+00:00,2024-01-14 19:00:00+00:00,2024-01-14 20:00:00+00:00,2024-01-14T20:00:00+01:00,2024-01-14,59189.0,57418.12883228976,True,sarima_forecast,False,False,enhanced/post-hoc SARIMA robustness analysis,False,
Germany,SARIMA,2024-01-15,sarima_p2_d0_q2_P0_D1_Q0_s24,2,0,2,0,1,0,24,n,2024-01-14T18:00:00+01:00,2024-01-14T17:00:00+00:00,2024-01-14T17:00:00+00:00,2024-01-14 20:00:00+00:00,2024-01-14 21:00:00+00:00,2024-01-14T21:00:00+01:00,2024-01-14,57744.0,54924.931030688495,True,sarima_forecast,False,False,enhanced/post-hoc SARIMA robustness analysis,False,
Germany,SARIMA,2024-01-15,sarima_p2_d0_q2_P0_D1_Q0_s24,2,0,2,0,1,0,24,n,2024-01-14T18:00:00+01:00,2024-01-14T17:00:00+00:00,2024-01-14T17:00:00+00:00,2024-01-14 21:00:00+00:00,2024-01-14 22:00:00+00:00,2024-01-14T22:00:00+01:00,2024-01-14,56743.25,53539.54601166369,True,sarima_forecast,False,False,enhanced/post-hoc SARIMA robustness analysis,False,
Germany,SARIMA,2024-01-15,sarima_p2_d0_q2_P0_D1_Q0_s24,2,0,2,0,1,0,24,n,2024-01-14T18:00:00+01:00,2024-01-14T17:00:00+00:00,2024-01-14T17:00:00+00:00,2024-01-14 22:00:00+00:00,2024-01-14 23:00:00+00:00,2024-01-14T23:00:00+01:00,2024-01-14,53985.25,51432.651975231165,True,sarima_forecast,False,False,enhanced/post-hoc SARIMA robustness analysis,False,
Germany,SARIMA,2024-01-15,sarima_p2_d0_q2_P0_D1_Q0_s24,2,0,2,0,1,0,24,n,2024-01-14T18:00:00+01:00,2024-01-14T17:00:00+00:00,2024-01-14T17:00:00+00:00,2024-01-14 23:00:00+00:00,2024-01-15 00:00:00+00:00,2024-01-15T00:00:00+01:00,2024-01-15,51829.0,47691.442370179044,False,sarima_forecast,True,True,enhanced/post-hoc SARIMA robustness analysis,False,
Germany,SARIMA,2024-01-15,sarima_p2_d0_q2_P0_D1_Q0_s24,2,0,2,0,1,0,24,n,2024-01-14T18:00:00+01:00,2024-01-14T17:00:00+00:00,2024-01-14T17:00:00+00:00,2024-01-15 00:00:00+00:00,2024-01-15 01:00:00+00:00,2024-01-15T01:00:00+01:00,2024-01-15,50943.25,46671.6679238999,False,sarima_forecast,True,True,enhanced/post-hoc SARIMA robustness analysis,False,
Germany,SARIMA,2024-01-15,sarima_p2_d0_q2_P0_D1_Q0_s24,2,0,2,0,1,0,24,n,2024-01-14T18:00:00+01:00,2024-01-14T17:00:00+00:00,2024-01-14T17:00:00+00:00,2024-01-15 01:00:00+00:00,2024-01-15 02:00:00+00:00,2024-01-15T02:00:00+01:00,2024-01-15,49711.0,45556.7852080386,False,sarima_forecast,True,True,enhanced/post-hoc SARIMA robustness analysis,False,
Germany,SARIMA,2024-01-15,sarima_p2_d0_q2_P0_D1_Q0_s24,2,0,2,0,1,0,24,n,2024-01-14T18:00:00+01:00,2024-01-14T17:00:00+00:00,2024-01-14T17:00:00+00:00,2024-01-15 02:00:00+00:00,2024-01-15 03:00:00+00:00,2024-01-15T03:00:00+01:00,2024-01-15,50230.5,44784.60726595811,False,sarima_forecast,True,True,enhanced/post-hoc SARIMA robustness analysis,False,
Germany,SARIMA,2024-01-15,sarima_p2_d0_q2_P0_D1_Q0_s24,2,0,2,0,1,0,24,n,2024-01-14T18:00:00+01:00,2024-01-14T17:00:00+00:00,2024-01-14T17:00:00+00:00,2024-01-15 03:00:00+00:00,2024-01-15 04:00:00+00:00,2024-01-15T04:00:00+01:00,2024-01-15,51887.75,44858.40143175251,False,sarima_forecast,True,True,enhanced/post-hoc SARIMA robustness analysis,False,
Germany,SARIMA,2024-01-15,sarima_p2_d0_q2_P0_D1_Q0_s24,2,0,2,0,1,0,24,n,2024-01-14T18:00:00+01:00,2024-01-14T17:00:00+00:00,2024-01-14T17:00:00+00:00,2024-01-15 04:00:00+00:00,2024-01-15 05:00:00+00:00,2024-01-15T05:00:00+01:00,2024-01-15,55437.75,44526.913648915506,False,sarima_forecast,True,True,enhanced/post-hoc SARIMA robustness analysis,False,
Germany,SARIMA,2024-01-15,sarima_p2_d0_q2_P0_D1_Q0_s24,2,0,2,0,1,0,24,n,2024-01-14T18:00:00+01:00,2024-01-14T17:00:00+00:00,2024-01-14T17:00:00+00:00,2024-01-15 05:00:00+00:00,2024-01-15 06:00:00+00:00,2024-01-15T06:00:00+01:00,2024-01-15,63032.75,44227.374924909236,False,sarima_forecast,True,True,enhanced/post-hoc SARIMA robustness analysis,False,
Germany,SARIMA,2024-01-15,sarima_p2_d0_q2_P0_D1_Q0_s24,2,0,2,0,1,0,24,n,2024-01-14T18:00:00+01:00,2024-01-14T17:00:00+00:00,2024-01-14T17:00:00+00:00,2024-01-15 06:00:00+00:00,2024-01-15 07:00:00+00:00,2024-01-15T07:00:00+01:00,2024-01-15,69980.75,46261.003421728055,False,sarima_forecast,True,True,enhanced/post-hoc SARIMA robustness analysis,False,
Germany,SARIMA,2024-01-15,sarima_p2_d0_q2_P0_D1_Q0_s24,2,0,2,0,1,0,24,n,2024-01-14T18:00:00+01:00,2024-01-14T17:00:00+00:00,2024-01-14T17:00:00+00:00,2024-01-15 07:00:00+00:00,2024-01-15 08:00:00+00:00,2024-01-15T08:00:00+01:00,2024-01-15,72997.75,49493.25545943968,False,sarima_forecast,True,True,enhanced/post-hoc SARIMA robustness analysis,False,
Germany,SARIMA,2024-01-15,sarima_p2_d0_q2_P0_D1_Q0_s24,2,0,2,0,1,0,24,n,2024-01-14T18:00:00+01:00,2024-01-14T17:00:00+00:00,2024-01-14T17:00:00+00:00,2024-01-15 08:00:00+00:00,2024-01-15 09:00:00+00:00,2024-01-15T09:00:00+01:00,2024-01-15,74240.5,53619.8262292807,False,sarima_forecast,True,True,enhanced/post-hoc SARIMA robustness analysis,False,
Germany,SARIMA,2024-01-15,sarima_p2_d0_q2_P0_D1_Q0_s24,2,0,2,0,1,0,24,n,2024-01-14T18:00:00+01:00,2024-01-14T17:00:00+00:00,2024-01-14T17:00:00+00:00,2024-01-15 09:00:00+00:00,2024-01-15 10:00:00+00:00,2024-01-15T10:00:00+01:00,2024-01-15,75080.5,56928.650411008726,False,sarima_forecast,True,True,enhanced/post-hoc SARIMA robustness analysis,False,
Germany,SARIMA,2024-01-15,sarima_p2_d0_q2_P0_D1_Q0_s24,2,0,2,0,1,0,24,n,2024-01-14T18:00:00+01:00,2024-01-14T17:00:00+00:00,2024-01-14T17:00:00+00:00,2024-01-15 10:00:00+00:00,2024-01-15 11:00:00+00:00,2024-01-15T11:00:00+01:00,2024-01-15,75508.25,58937.40274311,False,sarima_forecast,True,True,enhanced/post-hoc SARIMA robustness analysis,False,
Germany,SARIMA,2024-01-15,sarima_p2_d0_q2_P0_D1_Q0_s24,2,0,2,0,1,0,24,n,2024-01-14T18:00:00+01:00,2024-01-14T17:00:00+00:00,2024-01-14T17:00:00+00:00,2024-01-15 11:00:00+00:00,2024-01-15 12:00:00+00:00,2024-01-15T12:00:00+01:00,2024-01-15,74550.25,59118.99855894065,False,sarima_forecast,True,True,enhanced/post-hoc SARIMA robustness analysis,False,
Germany,SARIMA,2024-01-15,sarima_p2_d0_q2_P0_D1_Q0_s24,2,0,2,0,1,0,24,n,2024-01-14T18:00:00+01:00,2024-01-14T17:00:00+00:00,2024-01-14T17:00:00+00:00,2024-01-15 12:00:00+00:00,2024-01-15 13:00:00+00:00,2024-01-15T13:00:00+01:00,2024-01-15,73766.75,57783.59429319256,False,sarima_forecast,True,True,enhanced/post-hoc SARIMA robustness analysis,False,
Germany,SARIMA,2024-01-15,sarima_p2_d0_q2_P0_D1_Q0_s24,2,0,2,0,1,0,24,n,2024-01-14T18:00:00+01:00,2024-01-14T17:00:00+00:00,2024-01-14T17:00:00+00:00,2024-01-15 13:00:00+00:00,2024-01-15 14:00:00+00:00,2024-01-15T14:00:00+01:00,2024-01-15,72503.5,56233.587960901335,False,sarima_forecast,True,True,enhanced/post-hoc SARIMA robustness analysis,False,
Germany,SARIMA,2024-01-15,sarima_p2_d0_q2_P0_D1_Q0_s24,2,0,2,0,1,0,24,n,2024-01-14T18:00:00+01:00,2024-01-14T17:00:00+00:00,2024-01-14T17:00:00+00:00,2024-01-15 14:00:00+00:00,2024-01-15 15:00:00+00:00,2024-01-15T15:00:00+01:00,2024-01-15,72052.5,56345.86961062495,False,sarima_forecast,True,True,enhanced/post-hoc SARIMA robustness analysis,False,
Germany,SARIMA,2024-01-15,sarima_p2_d0_q2_P0_D1_Q0_s24,2,0,2,0,1,0,24,n,2024-01-14T18:00:00+01:00,2024-01-14T17:00:00+00:00,2024-01-14T17:00:00+00:00,2024-01-15 15:00:00+00:00,2024-01-15 16:00:00+00:00,2024-01-15T16:00:00+01:00,2024-01-15,71540.5,57550.321753219636,False,sarima_forecast,True,True,enhanced/post-hoc SARIMA robustness analysis,False,
Germany,SARIMA,2024-01-15,sarima_p2_d0_q2_P0_D1_Q0_s24,2,0,2,0,1,0,24,n,2024-01-14T18:00:00+01:00,2024-01-14T17:00:00+00:00,2024-01-14T17:00:00+00:00,2024-01-15 16:00:00+00:00,2024-01-15 17:00:00+00:00,2024-01-15T17:00:00+01:00,2024-01-15,73040.0,61038.31976753538,False,sarima_forecast,True,True,enhanced/post-hoc SARIMA robustness analysis,False,
Germany,SARIMA,2024-01-15,sarima_p2_d0_q2_P0_D1_Q0_s24,2,0,2,0,1,0,24,n,2024-01-14T18:00:00+01:00,2024-01-14T17:00:00+00:00,2024-01-14T17:00:00+00:00,2024-01-15 17:00:00+00:00,2024-01-15 18:00:00+00:00,2024-01-15T18:00:00+01:00,2024-01-15,72747.25,61866.23050263318,False,sarima_forecast,True,True,enhanced/post-hoc SARIMA robustness analysis,False,
Germany,SARIMA,2024-01-15,sarima_p2_d0_q2_P0_D1_Q0_s24,2,0,2,0,1,0,24,n,2024-01-14T18:00:00+01:00,2024-01-14T17:00:00+00:00,2024-01-14T17:00:00+00:00,2024-01-15 18:00:00+00:00,2024-01-15 19:00:00+00:00,2024-01-15T19:00:00+01:00,2024-01-15,70928.75,60249.40636823284,False,sarima_forecast,True,True,enhanced/post-hoc SARIMA robustness analysis,False,
Germany,SARIMA,2024-01-15,sarima_p2_d0_q2_P0_D1_Q0_s24,2,0,2,0,1,0,24,n,2024-01-14T18:00:00+01:00,2024-01-14T17:00:00+00:00,2024-01-14T17:00:00+00:00,2024-01-15 19:00:00+00:00,2024-01-15 20:00:00+00:00,2024-01-15T20:00:00+01:00,2024-01-15,67312.25,56841.12259904259,False,sarima_forecast,True,True,enhanced/post-hoc SARIMA robustness analysis,False,
Germany,SARIMA,2024-01-15,sarima_p2_d0_q2_P0_D1_Q0_s24,2,0,2,0,1,0,24,n,2024-01-14T18:00:00+01:00,2024-01-14T17:00:00+00:00,2024-01-14T17:00:00+00:00,2024-01-15 20:00:00+00:00,2024-01-15 21:00:00+00:00,2024-01-15T21:00:00+01:00,2024-01-15,63942.5,54378.980455954676,False,sarima_forecast,True,True,enhanced/post-hoc SARIMA robustness analysis,False,
Germany,SARIMA,2024-01-15,sarima_p2_d0_q2_P0_D1_Q0_s24,2,0,2,0,1,0,24,n,2024-01-14T18:00:00+01:00,2024-01-14T17:00:00+00:00,2024-01-14T17:00:00+00:00,2024-01-15 21:00:00+00:00,2024-01-15 22:00:00+00:00,2024-01-15T22:00:00+01:00,2024-01-15,60518.5,53022.9796162284,False,sarima_forecast,True,True,enhanced/post-hoc SARIMA robustness analysis,False,
Germany,SARIMA,2024-01-15,sarima_p2_d0_q2_P0_D1_Q0_s24,2,0,2,0,1,0,24,n,2024-01-14T18:00:00+01:00,2024-01-14T17:00:00+00:00,2024-01-14T17:00:00+00:00,2024-01-15 22:00:00+00:00,2024-01-15 23:00:00+00:00,2024-01-15T23:00:00+01:00,2024-01-15,56574.5,50943.88824231797,False,sarima_forecast,True,True,enhanced/post-hoc SARIMA robustness analysis,False,
Germany,SARIMA,2024-03-31,sarima_p2_d0_q0_P0_D1_Q0_s24,2,0,0,0,1,0,24,n,2024-03-30T18:00:00+01:00,2024-03-30T17:00:00+00:00,2024-03-30T17:00:00+00:00,2024-03-30 17:00:00+00:00,2024-03-30 18:00:00+00:00,2024-03-30T18:00:00+01:00,2024-03-30,52547.0,53822.16921522757,True,sarima_forecast,False,False,enhanced/post-hoc SARIMA robustness analysis,False,
Germany,SARIMA,2024-03-31,sarima_p2_d0_q0_P0_D1_Q0_s24,2,0,0,0,1,0,24,n,2024-03-30T18:00:00+01:00,2024-03-30T17:00:00+00:00,2024-03-30T17:00:00+00:00,2024-03-30 18:00:00+00:00,2024-03-30 19:00:00+00:00,2024-03-30T19:00:00+01:00,2024-03-30,51822.75,53885.10894802749,True,sarima_forecast,False,False,enhanced/post-hoc SARIMA robustness analysis,False,
Germany,SARIMA,2024-03-31,sarima_p2_d0_q0_P0_D1_Q0_s24,2,0,0,0,1,0,24,n,2024-03-30T18:00:00+01:00,2024-03-30T17:00:00+00:00,2024-03-30T17:00:00+00:00,2024-03-30 19:00:00+00:00,2024-03-30 20:00:00+00:00,2024-03-30T20:00:00+01:00,2024-03-30,48928.0,51281.88218319098,True,sarima_forecast,False,False,enhanced/post-hoc SARIMA robustness analysis,False,
Germany,SARIMA,2024-03-31,sarima_p2_d0_q0_P0_D1_Q0_s24,2,0,0,0,1,0,24,n,2024-03-30T18:00:00+01:00,2024-03-30T17:00:00+00:00,2024-03-30T17:00:00+00:00,2024-03-30 20:00:00+00:00,2024-03-30 21:00:00+00:00,2024-03-30T21:00:00+01:00,2024-03-30,46342.5,49654.74981100891,True,sarima_forecast,False,False,enhanced/post-hoc SARIMA robustness analysis,False,
Germany,SARIMA,2024-03-31,sarima_p2_d0_q0_P0_D1_Q0_s24,2,0,0,0,1,0,24,n,2024-03-30T18:00:00+01:00,2024-03-30T17:00:00+00:00,2024-03-30T17:00:00+00:00,2024-03-30 21:00:00+00:00,2024-03-30 22:00:00+00:00,2024-03-30T22:00:00+01:00,2024-03-30,43930.0,47627.17166943456,True,sarima_forecast,False,False,enhanced/post-hoc SARIMA robustness analysis,False,
Germany,SARIMA,2024-03-31,sarima_p2_d0_q0_P0_D1_Q0_s24,2,0,0,0,1,0,24,n,2024-03-30T18:00:00+01:00,2024-03-30T17:00:00+00:00,2024-03-30T17:00:00+00:00,2024-03-30 22:00:00+00:00,2024-03-30 23:00:00+00:00,2024-03-30T23:00:00+01:00,2024-03-30,40857.0,44187.5151468355,True,sarima_forecast,False,False,enhanced/post-hoc SARIMA robustness analysis,False,
Germany,SARIMA,2024-03-31,sarima_p2_d0_q0_P0_D1_Q0_s24,2,0,0,0,1,0,24,n,2024-03-30T18:00:00+01:00,2024-03-30T17:00:00+00:00,2024-03-30T17:00:00+00:00,2024-03-30 23:00:00+00:00,2024-03-31 00:00:00+00:00,2024-03-31T00:00:00+01:00,2024-03-31,37333.25,41897.80900050772,False,sarima_forecast,True,True,enhanced/post-hoc SARIMA robustness analysis,False,
Germany,SARIMA,2024-03-31,sarima_p2_d0_q0_P0_D1_Q0_s24,2,0,0,0,1,0,24,n,2024-03-30T18:00:00+01:00,2024-03-30T17:00:00+00:00,2024-03-30T17:00:00+00:00,2024-03-31 00:00:00+00:00,2024-03-31 01:00:00+00:00,2024-03-31T01:00:00+01:00,2024-03-31,34967.25,40081.46339895486,False,sarima_forecast,True,True,enhanced/post-hoc SARIMA robustness analysis,False,
Germany,SARIMA,2024-03-31,sarima_p2_d0_q0_P0_D1_Q0_s24,2,0,0,0,1,0,24,n,2024-03-30T18:00:00+01:00,2024-03-30T17:00:00+00:00,2024-03-30T17:00:00+00:00,2024-03-31 01:00:00+00:00,2024-03-31 02:00:00+00:00,2024-03-31T03:00:00+02:00,2024-03-31,35233.0,38406.09030514682,False,sarima_forecast,True,True,enhanced/post-hoc SARIMA robustness analysis,False,
Germany,SARIMA,2024-03-31,sarima_p2_d0_q0_P0_D1_Q0_s24,2,0,0,0,1,0,24,n,2024-03-30T18:00:00+01:00,2024-03-30T17:00:00+00:00,2024-03-30T17:00:00+00:00,2024-03-31 02:00:00+00:00,2024-03-31 03:00:00+00:00,2024-03-31T04:00:00+02:00,2024-03-31,32660.5,38277.86077531562,False,sarima_forecast,True,True,enhanced/post-hoc SARIMA robustness analysis,False,
Germany,SARIMA,2024-03-31,sarima_p2_d0_q0_P0_D1_Q0_s24,2,0,0,0,1,0,24,n,2024-03-30T18:00:00+01:00,2024-03-30T17:00:00+00:00,2024-03-30T17:00:00+00:00,2024-03-31 03:00:00+00:00,2024-03-31 04:00:00+00:00,2024-03-31T05:00:00+02:00,2024-03-31,33094.75,38494.94972869622,False,sarima_forecast,True,True,enhanced/post-hoc SARIMA robustness analysis,False,
Germany,SARIMA,2024-03-31,sarima_p2_d0_q0_P0_D1_Q0_s24,2,0,0,0,1,0,24,n,2024-03-30T18:00:00+01:00,2024-03-30T17:00:00+00:00,2024-03-30T17:00:00+00:00,2024-03-31 04:00:00+00:00,2024-03-31 05:00:00+00:00,2024-03-31T06:00:00+02:00,2024-03-31,33936.5,39405.025088294045,False,sarima_forecast,True,True,enhanced/post-hoc SARIMA robustness analysis,False,
Germany,SARIMA,2024-03-31,sarima_p2_d0_q0_P0_D1_Q0_s24,2,0,0,0,1,0,24,n,2024-03-30T18:00:00+01:00,2024-03-30T17:00:00+00:00,2024-03-30T17:00:00+00:00,2024-03-31 05:00:00+00:00,2024-03-31 06:00:00+00:00,2024-03-31T07:00:00+02:00,2024-03-31,34424.5,41015.4237081607,False,sarima_forecast,True,True,enhanced/post-hoc SARIMA robustness analysis,False,
Germany,SARIMA,2024-03-31,sarima_p2_d0_q0_P0_D1_Q0_s24,2,0,0,0,1,0,24,n,2024-03-30T18:00:00+01:00,2024-03-30T17:00:00+00:00,2024-03-30T17:00:00+00:00,2024-03-31 06:00:00+00:00,2024-03-31 07:00:00+00:00,2024-03-31T08:00:00+02:00,2024-03-31,36927.75,44306.612104208405,False,sarima_forecast,True,True,enhanced/post-hoc SARIMA robustness analysis,False,
Germany,SARIMA,2024-03-31,sarima_p2_d0_q0_P0_D1_Q0_s24,2,0,0,0,1,0,24,n,2024-03-30T18:00:00+01:00,2024-03-30T17:00:00+00:00,2024-03-30T17:00:00+00:00,2024-03-31 07:00:00+00:00,2024-03-31 08:00:00+00:00,2024-03-31T09:00:00+02:00,2024-03-31,41260.5,48287.99943779451,False,sarima_forecast,True,True,enhanced/post-hoc SARIMA robustness analysis,False,
Germany,SARIMA,2024-03-31,sarima_p2_d0_q0_P0_D1_Q0_s24,2,0,0,0,1,0,24,n,2024-03-30T18:00:00+01:00,2024-03-30T17:00:00+00:00,2024-03-30T17:00:00+00:00,2024-03-31 08:00:00+00:00,2024-03-31 09:00:00+00:00,2024-03-31T10:00:00+02:00,2024-03-31,42728.5,50390.14915673247,False,sarima_forecast,True,True,enhanced/post-hoc SARIMA robustness analysis,False,
Germany,SARIMA,2024-03-31,sarima_p2_d0_q0_P0_D1_Q0_s24,2,0,0,0,1,0,24,n,2024-03-30T18:00:00+01:00,2024-03-30T17:00:00+00:00,2024-03-30T17:00:00+00:00,2024-03-31 09:00:00+00:00,2024-03-31 10:00:00+00:00,2024-03-31T11:00:00+02:00,2024-03-31,44419.25,50967.171211025634,False,sarima_forecast,True,True,enhanced/post-hoc SARIMA robustness analysis,False,
Germany,SARIMA,2024-03-31,sarima_p2_d0_q0_P0_D1_Q0_s24,2,0,0,0,1,0,24,n,2024-03-30T18:00:00+01:00,2024-03-30T17:00:00+00:00,2024-03-30T17:00:00+00:00,2024-03-31 10:00:00+00:00,2024-03-31 11:00:00+00:00,2024-03-31T12:00:00+02:00,2024-03-31,43098.75,51150.31678814525,False,sarima_forecast,True,True,enhanced/post-hoc SARIMA robustness analysis,False,
Germany,SARIMA,2024-03-31,sarima_p2_d0_q0_P0_D1_Q0_s24,2,0,0,0,1,0,24,n,2024-03-30T18:00:00+01:00,2024-03-30T17:00:00+00:00,2024-03-30T17:00:00+00:00,2024-03-31 11:00:00+00:00,2024-03-31 12:00:00+00:00,2024-03-31T13:00:00+02:00,2024-03-31,40175.75,51343.290648790826,False,sarima_forecast,True,True,enhanced/post-hoc SARIMA robustness analysis,False,
Germany,SARIMA,2024-03-31,sarima_p2_d0_q0_P0_D1_Q0_s24,2,0,0,0,1,0,24,n,2024-03-30T18:00:00+01:00,2024-03-30T17:00:00+00:00,2024-03-30T17:00:00+00:00,2024-03-31 12:00:00+00:00,2024-03-31 13:00:00+00:00,2024-03-31T14:00:00+02:00,2024-03-31,37691.25,49958.29142044834,False,sarima_forecast,True,True,enhanced/post-hoc SARIMA robustness analysis,False,
Germany,SARIMA,2024-03-31,sarima_p2_d0_q0_P0_D1_Q0_s24,2,0,0,0,1,0,24,n,2024-03-30T18:00:00+01:00,2024-03-30T17:00:00+00:00,2024-03-30T17:00:00+00:00,2024-03-31 13:00:00+00:00,2024-03-31 14:00:00+00:00,2024-03-31T15:00:00+02:00,2024-03-31,35956.25,48042.78695594382,False,sarima_forecast,True,True,enhanced/post-hoc SARIMA robustness analysis,False,
Germany,SARIMA,2024-03-31,sarima_p2_d0_q0_P0_D1_Q0_s24,2,0,0,0,1,0,24,n,2024-03-30T18:00:00+01:00,2024-03-30T17:00:00+00:00,2024-03-30T17:00:00+00:00,2024-03-31 14:00:00+00:00,2024-03-31 15:00:00+00:00,2024-03-31T16:00:00+02:00,2024-03-31,35175.0,47635.52962847882,False,sarima_forecast,True,True,enhanced/post-hoc SARIMA robustness analysis,False,
Germany,SARIMA,2024-03-31,sarima_p2_d0_q0_P0_D1_Q0_s24,2,0,0,0,1,0,24,n,2024-03-30T18:00:00+01:00,2024-03-30T17:00:00+00:00,2024-03-30T17:00:00+00:00,2024-03-31 15:00:00+00:00,2024-03-31 16:00:00+00:00,2024-03-31T17:00:00+02:00,2024-03-31,36616.0,47571.56489722196,False,sarima_forecast,True,True,enhanced/post-hoc SARIMA robustness analysis,False,
Germany,SARIMA,2024-03-31,sarima_p2_d0_q0_P0_D1_Q0_s24,2,0,0,0,1,0,24,n,2024-03-30T18:00:00+01:00,2024-03-30T17:00:00+00:00,2024-03-30T17:00:00+00:00,2024-03-31 16:00:00+00:00,2024-03-31 17:00:00+00:00,2024-03-31T18:00:00+02:00,2024-03-31,38920.0,50980.73542076794,False,sarima_forecast,True,True,enhanced/post-hoc SARIMA robustness analysis,False,
Germany,SARIMA,2024-03-31,sarima_p2_d0_q0_P0_D1_Q0_s24,2,0,0,0,1,0,24,n,2024-03-30T18:00:00+01:00,2024-03-30T17:00:00+00:00,2024-03-30T17:00:00+00:00,2024-03-31 17:00:00+00:00,2024-03-31 18:00:00+00:00,2024-03-31T19:00:00+02:00,2024-03-31,38962.75,54435.60148503637,False,sarima_forecast,True,True,enhanced/post-hoc SARIMA robustness analysis,False,
Germany,SARIMA,2024-03-31,sarima_p2_d0_q0_P0_D1_Q0_s24,2,0,0,0,1,0,24,n,2024-03-30T18:00:00+01:00,2024-03-30T17:00:00+00:00,2024-03-30T17:00:00+00:00,2024-03-31 18:00:00+00:00,2024-03-31 19:00:00+00:00,2024-03-31T20:00:00+02:00,2024-03-31,39883.75,54441.953240047755,False,sarima_forecast,True,True,enhanced/post-hoc SARIMA robustness analysis,False,
Germany,SARIMA,2024-03-31,sarima_p2_d0_q0_P0_D1_Q0_s24,2,0,0,0,1,0,24,n,2024-03-30T18:00:00+01:00,2024-03-30T17:00:00+00:00,2024-03-30T17:00:00+00:00,2024-03-31 19:00:00+00:00,2024-03-31 20:00:00+00:00,2024-03-31T21:00:00+02:00,2024-03-31,38590.75,51787.33852361206,False,sarima_forecast,True,True,enhanced/post-hoc SARIMA robustness analysis,False,
Germany,SARIMA,2024-03-31,sarima_p2_d0_q0_P0_D1_Q0_s24,2,0,0,0,1,0,24,n,2024-03-30T18:00:00+01:00,2024-03-30T17:00:00+00:00,2024-03-30T17:00:00+00:00,2024-03-31 20:00:00+00:00,2024-03-31 21:00:00+00:00,2024-03-31T22:00:00+02:00,2024-03-31,37514.0,50113.54665342769,False,sarima_forecast,True,True,enhanced/post-hoc SARIMA robustness analysis,False,
Germany,SARIMA,2024-03-31,sarima_p2_d0_q0_P0_D1_Q0_s24,2,0,0,0,1,0,24,n,2024-03-30T18:00:00+01:00,2024-03-30T17:00:00+00:00,2024-03-30T17:00:00+00:00,2024-03-31 21:00:00+00:00,2024-03-31 22:00:00+00:00,2024-03-31T23:00:00+02:00,2024-03-31,35148.0,48043.60669618923,False,sarima_forecast,True,True,enhanced/post-hoc SARIMA robustness analysis,False,
Germany,SARIMA,2024-03-31,sarima_p2_d0_q1_P0_D1_Q0_s24,2,0,1,0,1,0,24,n,2024-03-30T18:00:00+01:00,2024-03-30T17:00:00+00:00,2024-03-30T17:00:00+00:00,2024-03-30 17:00:00+00:00,2024-03-30 18:00:00+00:00,2024-03-30T18:00:00+01:00,2024-03-30,52547.0,54001.10264951845,True,sarima_forecast,False,False,enhanced/post-hoc SARIMA robustness analysis,False,
Germany,SARIMA,2024-03-31,sarima_p2_d0_q1_P0_D1_Q0_s24,2,0,1,0,1,0,24,n,2024-03-30T18:00:00+01:00,2024-03-30T17:00:00+00:00,2024-03-30T17:00:00+00:00,2024-03-30 18:00:00+00:00,2024-03-30 19:00:00+00:00,2024-03-30T19:00:00+01:00,2024-03-30,51822.75,54011.143240402635,True,sarima_forecast,False,False,enhanced/post-hoc SARIMA robustness analysis,False,
Germany,SARIMA,2024-03-31,sarima_p2_d0_q1_P0_D1_Q0_s24,2,0,1,0,1,0,24,n,2024-03-30T18:00:00+01:00,2024-03-30T17:00:00+00:00,2024-03-30T17:00:00+00:00,2024-03-30 19:00:00+00:00,2024-03-30 20:00:00+00:00,2024-03-30T20:00:00+01:00,2024-03-30,48928.0,51304.36540463239,True,sarima_forecast,False,False,enhanced/post-hoc SARIMA robustness analysis,False,
Germany,SARIMA,2024-03-31,sarima_p2_d0_q1_P0_D1_Q0_s24,2,0,1,0,1,0,24,n,2024-03-30T18:00:00+01:00,2024-03-30T17:00:00+00:00,2024-03-30T17:00:00+00:00,2024-03-30 20:00:00+00:00,2024-03-30 21:00:00+00:00,2024-03-30T21:00:00+01:00,2024-03-30,46342.5,49591.25306137122,True,sarima_forecast,False,False,enhanced/post-hoc SARIMA robustness analysis,False,
Germany,SARIMA,2024-03-31,sarima_p2_d0_q1_P0_D1_Q0_s24,2,0,1,0,1,0,24,n,2024-03-30T18:00:00+01:00,2024-03-30T17:00:00+00:00,2024-03-30T17:00:00+00:00,2024-03-30 21:00:00+00:00,2024-03-30 22:00:00+00:00,2024-03-30T22:00:00+01:00,2024-03-30,43930.0,47513.81470812196,True,sarima_forecast,False,False,enhanced/post-hoc SARIMA robustness analysis,False,
Germany,SARIMA,2024-03-31,sarima_p2_d0_q1_P0_D1_Q0_s24,2,0,1,0,1,0,24,n,2024-03-30T18:00:00+01:00,2024-03-30T17:00:00+00:00,2024-03-30T17:00:00+00:00,2024-03-30 22:00:00+00:00,2024-03-30 23:00:00+00:00,2024-03-30T23:00:00+01:00,2024-03-30,40857.0,44059.027442264814,True,sarima_forecast,False,False,enhanced/post-hoc SARIMA robustness analysis,False,
Germany,SARIMA,2024-03-31,sarima_p2_d0_q1_P0_D1_Q0_s24,2,0,1,0,1,0,24,n,2024-03-30T18:00:00+01:00,2024-03-30T17:00:00+00:00,2024-03-30T17:00:00+00:00,2024-03-30 23:00:00+00:00,2024-03-31 00:00:00+00:00,2024-03-31T00:00:00+01:00,2024-03-31,37333.25,41781.02734606603,False,sarima_forecast,True,True,enhanced/post-hoc SARIMA robustness analysis,False,
Germany,SARIMA,2024-03-31,sarima_p2_d0_q1_P0_D1_Q0_s24,2,0,1,0,1,0,24,n,2024-03-30T18:00:00+01:00,2024-03-30T17:00:00+00:00,2024-03-30T17:00:00+00:00,2024-03-31 00:00:00+00:00,2024-03-31 01:00:00+00:00,2024-03-31T01:00:00+01:00,2024-03-31,34967.25,39994.50342867214,False,sarima_forecast,True,True,enhanced/post-hoc SARIMA robustness analysis,False,
Germany,SARIMA,2024-03-31,sarima_p2_d0_q1_P0_D1_Q0_s24,2,0,1,0,1,0,24,n,2024-03-30T18:00:00+01:00,2024-03-30T17:00:00+00:00,2024-03-30T17:00:00+00:00,2024-03-31 01:00:00+00:00,2024-03-31 02:00:00+00:00,2024-03-31T03:00:00+02:00,2024-03-31,35233.0,38359.60710099461,False,sarima_forecast,True,True,enhanced/post-hoc SARIMA robustness analysis,False,
Germany,SARIMA,2024-03-31,sarima_p2_d0_q1_P0_D1_Q0_s24,2,0,1,0,1,0,24,n,2024-03-30T18:00:00+01:00,2024-03-30T17:00:00+00:00,2024-03-30T17:00:00+00:00,2024-03-31 02:00:00+00:00,2024-03-31 03:00:00+00:00,2024-03-31T04:00:00+02:00,2024-03-31,32660.5,38276.825592165354,False,sarima_forecast,True,True,enhanced/post-hoc SARIMA robustness analysis,False,
Germany,SARIMA,2024-03-31,sarima_p2_d0_q1_P0_D1_Q0_s24,2,0,1,0,1,0,24,n,2024-03-30T18:00:00+01:00,2024-03-30T17:00:00+00:00,2024-03-30T17:00:00+00:00,2024-03-31 03:00:00+00:00,2024-03-31 04:00:00+00:00,2024-03-31T05:00:00+02:00,2024-03-31,33094.75,38540.31509253367,False,sarima_forecast,True,True,enhanced/post-hoc SARIMA robustness analysis,False,
Germany,SARIMA,2024-03-31,sarima_p2_d0_q1_P0_D1_Q0_s24,2,0,1,0,1,0,24,n,2024-03-30T18:00:00+01:00,2024-03-30T17:00:00+00:00,2024-03-30T17:00:00+00:00,2024-03-31 04:00:00+00:00,2024-03-31 05:00:00+00:00,2024-03-31T06:00:00+02:00,2024-03-31,33936.5,39495.077492759345,False,sarima_forecast,True,True,enhanced/post-hoc SARIMA robustness analysis,False,
Germany,SARIMA,2024-03-31,sarima_p2_d0_q1_P0_D1_Q0_s24,2,0,1,0,1,0,24,n,2024-03-30T18:00:00+01:00,2024-03-30T17:00:00+00:00,2024-03-30T17:00:00+00:00,2024-03-31 05:00:00+00:00,2024-03-31 06:00:00+00:00,2024-03-31T07:00:00+02:00,2024-03-31,34424.5,41146.80323579966,False,sarima_forecast,True,True,enhanced/post-hoc SARIMA robustness analysis,False,
Germany,SARIMA,2024-03-31,sarima_p2_d0_q1_P0_D1_Q0_s24,2,0,1,0,1,0,24,n,2024-03-30T18:00:00+01:00,2024-03-30T17:00:00+00:00,2024-03-30T17:00:00+00:00,2024-03-31 06:00:00+00:00,2024-03-31 07:00:00+00:00,2024-03-31T08:00:00+02:00,2024-03-31,36927.75,44475.044377328544,False,sarima_forecast,True,True,enhanced/post-hoc SARIMA robustness analysis,False,
Germany,SARIMA,2024-03-31,sarima_p2_d0_q1_P0_D1_Q0_s24,2,0,1,0,1,0,24,n,2024-03-30T18:00:00+01:00,2024-03-30T17:00:00+00:00,2024-03-30T17:00:00+00:00,2024-03-31 07:00:00+00:00,2024-03-31 08:00:00+00:00,2024-03-31T09:00:00+02:00,2024-03-31,41260.5,48488.80134305258,False,sarima_forecast,True,True,enhanced/post-hoc SARIMA robustness analysis,False,
Germany,SARIMA,2024-03-31,sarima_p2_d0_q1_P0_D1_Q0_s24,2,0,1,0,1,0,24,n,2024-03-30T18:00:00+01:00,2024-03-30T17:00:00+00:00,2024-03-30T17:00:00+00:00,2024-03-31 08:00:00+00:00,2024-03-31 09:00:00+00:00,2024-03-31T10:00:00+02:00,2024-03-31,42728.5,50618.56585750403,False,sarima_forecast,True,True,enhanced/post-hoc SARIMA robustness analysis,False,
Germany,SARIMA,2024-03-31,sarima_p2_d0_q1_P0_D1_Q0_s24,2,0,1,0,1,0,24,n,2024-03-30T18:00:00+01:00,2024-03-30T17:00:00+00:00,2024-03-30T17:00:00+00:00,2024-03-31 09:00:00+00:00,2024-03-31 10:00:00+00:00,2024-03-31T11:00:00+02:00,2024-03-31,44419.25,51218.59165068576,False,sarima_forecast,True,True,enhanced/post-hoc SARIMA robustness analysis,False,
Germany,SARIMA,2024-03-31,sarima_p2_d0_q1_P0_D1_Q0_s24,2,0,1,0,1,0,24,n,2024-03-30T18:00:00+01:00,2024-03-30T17:00:00+00:00,2024-03-30T17:00:00+00:00,2024-03-31 10:00:00+00:00,2024-03-31 11:00:00+00:00,2024-03-31T12:00:00+02:00,2024-03-31,43098.75,51420.40393118758,False,sarima_forecast,True,True,enhanced/post-hoc SARIMA robustness analysis,False,
Germany,SARIMA,2024-03-31,sarima_p2_d0_q1_P0_D1_Q0_s24,2,0,1,0,1,0,24,n,2024-03-30T18:00:00+01:00,2024-03-30T17:00:00+00:00,2024-03-30T17:00:00+00:00,2024-03-31 11:00:00+00:00,2024-03-31 12:00:00+00:00,2024-03-31T13:00:00+02:00,2024-03-31,40175.75,51628.05321222254,False,sarima_forecast,True,True,enhanced/post-hoc SARIMA robustness analysis,False,
Germany,SARIMA,2024-03-31,sarima_p2_d0_q1_P0_D1_Q0_s24,2,0,1,0,1,0,24,n,2024-03-30T18:00:00+01:00,2024-03-30T17:00:00+00:00,2024-03-30T17:00:00+00:00,2024-03-31 12:00:00+00:00,2024-03-31 13:00:00+00:00,2024-03-31T14:00:00+02:00,2024-03-31,37691.25,50254.11632862025,False,sarima_forecast,True,True,enhanced/post-hoc SARIMA robustness analysis,False,
Germany,SARIMA,2024-03-31,sarima_p2_d0_q1_P0_D1_Q0_s24,2,0,1,0,1,0,24,n,2024-03-30T18:00:00+01:00,2024-03-30T17:00:00+00:00,2024-03-30T17:00:00+00:00,2024-03-31 13:00:00+00:00,2024-03-31 14:00:00+00:00,2024-03-31T15:00:00+02:00,2024-03-31,35956.25,48346.44608466222,False,sarima_forecast,True,True,enhanced/post-hoc SARIMA robustness analysis,False,
Germany,SARIMA,2024-03-31,sarima_p2_d0_q1_P0_D1_Q0_s24,2,0,1,0,1,0,24,n,2024-03-30T18:00:00+01:00,2024-03-30T17:00:00+00:00,2024-03-30T17:00:00+00:00,2024-03-31 14:00:00+00:00,2024-03-31 15:00:00+00:00,2024-03-31T16:00:00+02:00,2024-03-31,35175.0,47944.17026150865,False,sarima_forecast,True,True,enhanced/post-hoc SARIMA robustness analysis,False,
Germany,SARIMA,2024-03-31,sarima_p2_d0_q1_P0_D1_Q0_s24,2,0,1,0,1,0,24,n,2024-03-30T18:00:00+01:00,2024-03-30T17:00:00+00:00,2024-03-30T17:00:00+00:00,2024-03-31 15:00:00+00:00,2024-03-31 16:00:00+00:00,2024-03-31T17:00:00+02:00,2024-03-31,36616.0,47882.69035137981,False,sarima_forecast,True,True,enhanced/post-hoc SARIMA robustness analysis,False,
Germany,SARIMA,2024-03-31,sarima_p2_d0_q1_P0_D1_Q0_s24,2,0,1,0,1,0,24,n,2024-03-30T18:00:00+01:00,2024-03-30T17:00:00+00:00,2024-03-30T17:00:00+00:00,2024-03-31 16:00:00+00:00,2024-03-31 17:00:00+00:00,2024-03-31T18:00:00+02:00,2024-03-31,38920.0,51292.180201908515,False,sarima_forecast,True,True,enhanced/post-hoc SARIMA robustness analysis,False,
Germany,SARIMA,2024-03-31,sarima_p2_d0_q1_P0_D1_Q0_s24,2,0,1,0,1,0,24,n,2024-03-30T18:00:00+01:00,2024-03-30T17:00:00+00:00,2024-03-30T17:00:00+00:00,2024-03-31 17:00:00+00:00,2024-03-31 18:00:00+00:00,2024-03-31T19:00:00+02:00,2024-03-31,38962.75,54924.4373103257,False,sarima_forecast,True,True,enhanced/post-hoc SARIMA robustness analysis,False,
Germany,SARIMA,2024-03-31,sarima_p2_d0_q1_P0_D1_Q0_s24,2,0,1,0,1,0,24,n,2024-03-30T18:00:00+01:00,2024-03-30T17:00:00+00:00,2024-03-30T17:00:00+00:00,2024-03-31 18:00:00+00:00,2024-03-31 19:00:00+00:00,2024-03-31T20:00:00+02:00,2024-03-31,39883.75,54874.7615041427,False,sarima_forecast,True,True,enhanced/post-hoc SARIMA robustness analysis,False,
Germany,SARIMA,2024-03-31,sarima_p2_d0_q1_P0_D1_Q0_s24,2,0,1,0,1,0,24,n,2024-03-30T18:00:00+01:00,2024-03-30T17:00:00+00:00,2024-03-30T17:00:00+00:00,2024-03-31 19:00:00+00:00,2024-03-31 20:00:00+00:00,2024-03-31T21:00:00+02:00,2024-03-31,38590.75,52112.12938907084,False,sarima_forecast,True,True,enhanced/post-hoc SARIMA robustness analysis,False,
Germany,SARIMA,2024-03-31,sarima_p2_d0_q1_P0_D1_Q0_s24,2,0,1,0,1,0,24,n,2024-03-30T18:00:00+01:00,2024-03-30T17:00:00+00:00,2024-03-30T17:00:00+00:00,2024-03-31 20:00:00+00:00,2024-03-31 21:00:00+00:00,2024-03-31T22:00:00+02:00,2024-03-31,37514.0,50346.77511551631,False,sarima_forecast,True,True,enhanced/post-hoc SARIMA robustness analysis,False,
Germany,SARIMA,2024-03-31,sarima_p2_d0_q1_P0_D1_Q0_s24,2,0,1,0,1,0,24,n,2024-03-30T18:00:00+01:00,2024-03-30T17:00:00+00:00,2024-03-30T17:00:00+00:00,2024-03-31 21:00:00+00:00,2024-03-31 22:00:00+00:00,2024-03-31T23:00:00+02:00,2024-03-31,35148.0,48220.47355967618,False,sarima_forecast,True,True,enhanced/post-hoc SARIMA robustness analysis,False,
Germany,SARIMA,2024-03-31,sarima_p2_d0_q2_P0_D1_Q0_s24,2,0,2,0,1,0,24,n,2024-03-30T18:00:00+01:00,2024-03-30T17:00:00+00:00,2024-03-30T17:00:00+00:00,2024-03-30 17:00:00+00:00,2024-03-30 18:00:00+00:00,2024-03-30T18:00:00+01:00,2024-03-30,52547.0,53888.77080265424,True,sarima_forecast,False,False,enhanced/post-hoc SARIMA robustness analysis,False,
Germany,SARIMA,2024-03-31,sarima_p2_d0_q2_P0_D1_Q0_s24,2,0,2,0,1,0,24,n,2024-03-30T18:00:00+01:00,2024-03-30T17:00:00+00:00,2024-03-30T17:00:00+00:00,2024-03-30 18:00:00+00:00,2024-03-30 19:00:00+00:00,2024-03-30T19:00:00+01:00,2024-03-30,51822.75,53920.585395724265,True,sarima_forecast,False,False,enhanced/post-hoc SARIMA robustness analysis,False,
Germany,SARIMA,2024-03-31,sarima_p2_d0_q2_P0_D1_Q0_s24,2,0,2,0,1,0,24,n,2024-03-30T18:00:00+01:00,2024-03-30T17:00:00+00:00,2024-03-30T17:00:00+00:00,2024-03-30 19:00:00+00:00,2024-03-30 20:00:00+00:00,2024-03-30T20:00:00+01:00,2024-03-30,48928.0,51096.21068256836,True,sarima_forecast,False,False,enhanced/post-hoc SARIMA robustness analysis,False,
Germany,SARIMA,2024-03-31,sarima_p2_d0_q2_P0_D1_Q0_s24,2,0,2,0,1,0,24,n,2024-03-30T18:00:00+01:00,2024-03-30T17:00:00+00:00,2024-03-30T17:00:00+00:00,2024-03-30 20:00:00+00:00,2024-03-30 21:00:00+00:00,2024-03-30T21:00:00+01:00,2024-03-30,46342.5,49314.8134921635,True,sarima_forecast,False,False,enhanced/post-hoc SARIMA robustness analysis,False,
Germany,SARIMA,2024-03-31,sarima_p2_d0_q2_P0_D1_Q0_s24,2,0,2,0,1,0,24,n,2024-03-30T18:00:00+01:00,2024-03-30T17:00:00+00:00,2024-03-30T17:00:00+00:00,2024-03-30 21:00:00+00:00,2024-03-30 22:00:00+00:00,2024-03-30T22:00:00+01:00,2024-03-30,43930.0,47221.1120827621,True,sarima_forecast,False,False,enhanced/post-hoc SARIMA robustness analysis,False,
Germany,SARIMA,2024-03-31,sarima_p2_d0_q2_P0_D1_Q0_s24,2,0,2,0,1,0,24,n,2024-03-30T18:00:00+01:00,2024-03-30T17:00:00+00:00,2024-03-30T17:00:00+00:00,2024-03-30 22:00:00+00:00,2024-03-30 23:00:00+00:00,2024-03-30T23:00:00+01:00,2024-03-30,40857.0,43781.06808369277,True,sarima_forecast,False,False,enhanced/post-hoc SARIMA robustness analysis,False,
Germany,SARIMA,2024-03-31,sarima_p2_d0_q2_P0_D1_Q0_s24,2,0,2,0,1,0,24,n,2024-03-30T18:00:00+01:00,2024-03-30T17:00:00+00:00,2024-03-30T17:00:00+00:00,2024-03-30 23:00:00+00:00,2024-03-31 00:00:00+00:00,2024-03-31T00:00:00+01:00,2024-03-31,37333.25,41532.86992531346,False,sarima_forecast,True,True,enhanced/post-hoc SARIMA robustness analysis,False,
Germany,SARIMA,2024-03-31,sarima_p2_d0_q2_P0_D1_Q0_s24,2,0,2,0,1,0,24,n,2024-03-30T18:00:00+01:00,2024-03-30T17:00:00+00:00,2024-03-30T17:00:00+00:00,2024-03-31 00:00:00+00:00,2024-03-31 01:00:00+00:00,2024-03-31T01:00:00+01:00,2024-03-31,34967.25,39781.971673760716,False,sarima_forecast,True,True,enhanced/post-hoc SARIMA robustness analysis,False,
Germany,SARIMA,2024-03-31,sarima_p2_d0_q2_P0_D1_Q0_s24,2,0,2,0,1,0,24,n,2024-03-30T18:00:00+01:00,2024-03-30T17:00:00+00:00,2024-03-30T17:00:00+00:00,2024-03-31 01:00:00+00:00,2024-03-31 02:00:00+00:00,2024-03-31T03:00:00+02:00,2024-03-31,35233.0,38183.69395087533,False,sarima_forecast,True,True,enhanced/post-hoc SARIMA robustness analysis,False,
Germany,SARIMA,2024-03-31,sarima_p2_d0_q2_P0_D1_Q0_s24,2,0,2,0,1,0,24,n,2024-03-30T18:00:00+01:00,2024-03-30T17:00:00+00:00,2024-03-30T17:00:00+00:00,2024-03-31 02:00:00+00:00,2024-03-31 03:00:00+00:00,2024-03-31T04:00:00+02:00,2024-03-31,32660.5,38136.16257253537,False,sarima_forecast,True,True,enhanced/post-hoc SARIMA robustness analysis,False,
Germany,SARIMA,2024-03-31,sarima_p2_d0_q2_P0_D1_Q0_s24,2,0,2,0,1,0,24,n,2024-03-30T18:00:00+01:00,2024-03-30T17:00:00+00:00,2024-03-30T17:00:00+00:00,2024-03-31 03:00:00+00:00,2024-03-31 04:00:00+00:00,2024-03-31T05:00:00+02:00,2024-03-31,33094.75,38432.474126296336,False,sarima_forecast,True,True,enhanced/post-hoc SARIMA robustness analysis,False,
Germany,SARIMA,2024-03-31,sarima_p2_d0_q2_P0_D1_Q0_s24,2,0,2,0,1,0,24,n,2024-03-30T18:00:00+01:00,2024-03-30T17:00:00+00:00,2024-03-30T17:00:00+00:00,2024-03-31 04:00:00+00:00,2024-03-31 05:00:00+00:00,2024-03-31T06:00:00+02:00,2024-03-31,33936.5,39417.2350607436,False,sarima_forecast,True,True,enhanced/post-hoc SARIMA robustness analysis,False,
Germany,SARIMA,2024-03-31,sarima_p2_d0_q2_P0_D1_Q0_s24,2,0,2,0,1,0,24,n,2024-03-30T18:00:00+01:00,2024-03-30T17:00:00+00:00,2024-03-30T17:00:00+00:00,2024-03-31 05:00:00+00:00,2024-03-31 06:00:00+00:00,2024-03-31T07:00:00+02:00,2024-03-31,34424.5,41096.070226045245,False,sarima_forecast,True,True,enhanced/post-hoc SARIMA robustness analysis,False,
Germany,SARIMA,2024-03-31,sarima_p2_d0_q2_P0_D1_Q0_s24,2,0,2,0,1,0,24,n,2024-03-30T18:00:00+01:00,2024-03-30T17:00:00+00:00,2024-03-30T17:00:00+00:00,2024-03-31 06:00:00+00:00,2024-03-31 07:00:00+00:00,2024-03-31T08:00:00+02:00,2024-03-31,36927.75,44448.624073441926,False,sarima_forecast,True,True,enhanced/post-hoc SARIMA robustness analysis,False,
Germany,SARIMA,2024-03-31,sarima_p2_d0_q2_P0_D1_Q0_s24,2,0,2,0,1,0,24,n,2024-03-30T18:00:00+01:00,2024-03-30T17:00:00+00:00,2024-03-30T17:00:00+00:00,2024-03-31 07:00:00+00:00,2024-03-31 08:00:00+00:00,2024-03-31T09:00:00+02:00,2024-03-31,41260.5,48484.06012562214,False,sarima_forecast,True,True,enhanced/post-hoc SARIMA robustness analysis,False,
Germany,SARIMA,2024-03-31,sarima_p2_d0_q2_P0_D1_Q0_s24,2,0,2,0,1,0,24,n,2024-03-30T18:00:00+01:00,2024-03-30T17:00:00+00:00,2024-03-30T17:00:00+00:00,2024-03-31 08:00:00+00:00,2024-03-31 09:00:00+00:00,2024-03-31T10:00:00+02:00,2024-03-31,42728.5,50633.06007313927,False,sarima_forecast,True,True,enhanced/post-hoc SARIMA robustness analysis,False,
Germany,SARIMA,2024-03-31,sarima_p2_d0_q2_P0_D1_Q0_s24,2,0,2,0,1,0,24,n,2024-03-30T18:00:00+01:00,2024-03-30T17:00:00+00:00,2024-03-30T17:00:00+00:00,2024-03-31 09:00:00+00:00,2024-03-31 10:00:00+00:00,2024-03-31T11:00:00+02:00,2024-03-31,44419.25,51250.0728223217,False,sarima_forecast,True,True,enhanced/post-hoc SARIMA robustness analysis,False,
Germany,SARIMA,2024-03-31,sarima_p2_d0_q2_P0_D1_Q0_s24,2,0,2,0,1,0,24,n,2024-03-30T18:00:00+01:00,2024-03-30T17:00:00+00:00,2024-03-30T17:00:00+00:00,2024-03-31 10:00:00+00:00,2024-03-31 11:00:00+00:00,2024-03-31T12:00:00+02:00,2024-03-31,43098.75,51466.813571141174,False,sarima_forecast,True,True,enhanced/post-hoc SARIMA robustness analysis,False,
Germany,SARIMA,2024-03-31,sarima_p2_d0_q2_P0_D1_Q0_s24,2,0,2,0,1,0,24,n,2024-03-30T18:00:00+01:00,2024-03-30T17:00:00+00:00,2024-03-30T17:00:00+00:00,2024-03-31 11:00:00+00:00,2024-03-31 12:00:00+00:00,2024-03-31T13:00:00+02:00,2024-03-31,40175.75,51687.51292939048,False,sarima_forecast,True,True,enhanced/post-hoc SARIMA robustness analysis,False,
Germany,SARIMA,2024-03-31,sarima_p2_d0_q2_P0_D1_Q0_s24,2,0,2,0,1,0,24,n,2024-03-30T18:00:00+01:00,2024-03-30T17:00:00+00:00,2024-03-30T17:00:00+00:00,2024-03-31 12:00:00+00:00,2024-03-31 13:00:00+00:00,2024-03-31T14:00:00+02:00,2024-03-31,37691.25,50324.91608509459,False,sarima_forecast,True,True,enhanced/post-hoc SARIMA robustness analysis,False,
Germany,SARIMA,2024-03-31,sarima_p2_d0_q2_P0_D1_Q0_s24,2,0,2,0,1,0,24,n,2024-03-30T18:00:00+01:00,2024-03-30T17:00:00+00:00,2024-03-30T17:00:00+00:00,2024-03-31 13:00:00+00:00,2024-03-31 14:00:00+00:00,2024-03-31T15:00:00+02:00,2024-03-31,35956.25,48427.03201569866,False,sarima_forecast,True,True,enhanced/post-hoc SARIMA robustness analysis,False,
Germany,SARIMA,2024-03-31,sarima_p2_d0_q2_P0_D1_Q0_s24,2,0,2,0,1,0,24,n,2024-03-30T18:00:00+01:00,2024-03-30T17:00:00+00:00,2024-03-30T17:00:00+00:00,2024-03-31 14:00:00+00:00,2024-03-31 15:00:00+00:00,2024-03-31T16:00:00+02:00,2024-03-31,35175.0,48033.13274186289,False,sarima_forecast,True,True,enhanced/post-hoc SARIMA robustness analysis,False,
Germany,SARIMA,2024-03-31,sarima_p2_d0_q2_P0_D1_Q0_s24,2,0,2,0,1,0,24,n,2024-03-30T18:00:00+01:00,2024-03-30T17:00:00+00:00,2024-03-30T17:00:00+00:00,2024-03-31 15:00:00+00:00,2024-03-31 16:00:00+00:00,2024-03-31T17:00:00+02:00,2024-03-31,36616.0,47978.752621619606,False,sarima_forecast,True,True,enhanced/post-hoc SARIMA robustness analysis,False,
Germany,SARIMA,2024-03-31,sarima_p2_d0_q2_P0_D1_Q0_s24,2,0,2,0,1,0,24,n,2024-03-30T18:00:00+01:00,2024-03-30T17:00:00+00:00,2024-03-30T17:00:00+00:00,2024-03-31 16:00:00+00:00,2024-03-31 17:00:00+00:00,2024-03-31T18:00:00+02:00,2024-03-31,38920.0,51394.18768272312,False,sarima_forecast,True,True,enhanced/post-hoc SARIMA robustness analysis,False,
Germany,SARIMA,2024-03-31,sarima_p2_d0_q2_P0_D1_Q0_s24,2,0,2,0,1,0,24,n,2024-03-30T18:00:00+01:00,2024-03-30T17:00:00+00:00,2024-03-30T17:00:00+00:00,2024-03-31 17:00:00+00:00,2024-03-31 18:00:00+00:00,2024-03-31T19:00:00+02:00,2024-03-31,38962.75,54919.015793783445,False,sarima_forecast,True,True,enhanced/post-hoc SARIMA robustness analysis,False,
Germany,SARIMA,2024-03-31,sarima_p2_d0_q2_P0_D1_Q0_s24,2,0,2,0,1,0,24,n,2024-03-30T18:00:00+01:00,2024-03-30T17:00:00+00:00,2024-03-30T17:00:00+00:00,2024-03-31 18:00:00+00:00,2024-03-31 19:00:00+00:00,2024-03-31T20:00:00+02:00,2024-03-31,39883.75,54895.077449373974,False,sarima_forecast,True,True,enhanced/post-hoc SARIMA robustness analysis,False,
Germany,SARIMA,2024-03-31,sarima_p2_d0_q2_P0_D1_Q0_s24,2,0,2,0,1,0,24,n,2024-03-30T18:00:00+01:00,2024-03-30T17:00:00+00:00,2024-03-30T17:00:00+00:00,2024-03-31 19:00:00+00:00,2024-03-31 20:00:00+00:00,2024-03-31T21:00:00+02:00,2024-03-31,38590.75,52017.96693550153,False,sarima_forecast,True,True,enhanced/post-hoc SARIMA robustness analysis,False,
Germany,SARIMA,2024-03-31,sarima_p2_d0_q2_P0_D1_Q0_s24,2,0,2,0,1,0,24,n,2024-03-30T18:00:00+01:00,2024-03-30T17:00:00+00:00,2024-03-30T17:00:00+00:00,2024-03-31 20:00:00+00:00,2024-03-31 21:00:00+00:00,2024-03-31T22:00:00+02:00,2024-03-31,37514.0,50186.68780518566,False,sarima_forecast,True,True,enhanced/post-hoc SARIMA robustness analysis,False,
Germany,SARIMA,2024-03-31,sarima_p2_d0_q2_P0_D1_Q0_s24,2,0,2,0,1,0,24,n,2024-03-30T18:00:00+01:00,2024-03-30T17:00:00+00:00,2024-03-30T17:00:00+00:00,2024-03-31 21:00:00+00:00,2024-03-31 22:00:00+00:00,2024-03-31T23:00:00+02:00,2024-03-31,35148.0,48045.8038765947,False,sarima_forecast,True,True,enhanced/post-hoc SARIMA robustness analysis,False,
Germany,SARIMA,2024-06-15,sarima_p2_d0_q0_P0_D1_Q0_s24,2,0,0,0,1,0,24,n,2024-06-14T18:00:00+02:00,2024-06-14T16:00:00+00:00,2024-06-14T16:00:00+00:00,2024-06-14 16:00:00+00:00,2024-06-14 17:00:00+00:00,2024-06-14T18:00:00+02:00,2024-06-14,56394.0,56921.43013701798,True,sarima_forecast,False,False,enhanced/post-hoc SARIMA robustness analysis,False,
Germany,SARIMA,2024-06-15,sarima_p2_d0_q0_P0_D1_Q0_s24,2,0,0,0,1,0,24,n,2024-06-14T18:00:00+02:00,2024-06-14T16:00:00+00:00,2024-06-14T16:00:00+00:00,2024-06-14 17:00:00+00:00,2024-06-14 18:00:00+00:00,2024-06-14T19:00:00+02:00,2024-06-14,54454.5,56306.81534432377,True,sarima_forecast,False,False,enhanced/post-hoc SARIMA robustness analysis,False,
Germany,SARIMA,2024-06-15,sarima_p2_d0_q0_P0_D1_Q0_s24,2,0,0,0,1,0,24,n,2024-06-14T18:00:00+02:00,2024-06-14T16:00:00+00:00,2024-06-14T16:00:00+00:00,2024-06-14 18:00:00+00:00,2024-06-14 19:00:00+00:00,2024-06-14T20:00:00+02:00,2024-06-14,51835.25,54527.992144008254,True,sarima_forecast,False,False,enhanced/post-hoc SARIMA robustness analysis,False,
Germany,SARIMA,2024-06-15,sarima_p2_d0_q0_P0_D1_Q0_s24,2,0,0,0,1,0,24,n,2024-06-14T18:00:00+02:00,2024-06-14T16:00:00+00:00,2024-06-14T16:00:00+00:00,2024-06-14 19:00:00+00:00,2024-06-14 20:00:00+00:00,2024-06-14T21:00:00+02:00,2024-06-14,49308.5,52051.90166228671,True,sarima_forecast,False,False,enhanced/post-hoc SARIMA robustness analysis,False,
Germany,SARIMA,2024-06-15,sarima_p2_d0_q0_P0_D1_Q0_s24,2,0,0,0,1,0,24,n,2024-06-14T18:00:00+02:00,2024-06-14T16:00:00+00:00,2024-06-14T16:00:00+00:00,2024-06-14 20:00:00+00:00,2024-06-14 21:00:00+00:00,2024-06-14T22:00:00+02:00,2024-06-14,47529.25,49885.54369010533,True,sarima_forecast,False,False,enhanced/post-hoc SARIMA robustness analysis,False,
Germany,SARIMA,2024-06-15,sarima_p2_d0_q0_P0_D1_Q0_s24,2,0,0,0,1,0,24,n,2024-06-14T18:00:00+02:00,2024-06-14T16:00:00+00:00,2024-06-14T16:00:00+00:00,2024-06-14 21:00:00+00:00,2024-06-14 22:00:00+00:00,2024-06-14T23:00:00+02:00,2024-06-14,44745.0,46134.06201148605,True,sarima_forecast,False,False,enhanced/post-hoc SARIMA robustness analysis,False,
Germany,SARIMA,2024-06-15,sarima_p2_d0_q0_P0_D1_Q0_s24,2,0,0,0,1,0,24,n,2024-06-14T18:00:00+02:00,2024-06-14T16:00:00+00:00,2024-06-14T16:00:00+00:00,2024-06-14 22:00:00+00:00,2024-06-14 23:00:00+00:00,2024-06-15T00:00:00+02:00,2024-06-15,41144.25,42934.600181390786,False,sarima_forecast,True,True,enhanced/post-hoc SARIMA robustness analysis,False,
Germany,SARIMA,2024-06-15,sarima_p2_d0_q0_P0_D1_Q0_s24,2,0,0,0,1,0,24,n,2024-06-14T18:00:00+02:00,2024-06-14T16:00:00+00:00,2024-06-14T16:00:00+00:00,2024-06-14 23:00:00+00:00,2024-06-15 00:00:00+00:00,2024-06-15T01:00:00+02:00,2024-06-15,39740.0,41275.68200968115,False,sarima_forecast,True,True,enhanced/post-hoc SARIMA robustness analysis,False,
Germany,SARIMA,2024-06-15,sarima_p2_d0_q0_P0_D1_Q0_s24,2,0,0,0,1,0,24,n,2024-06-14T18:00:00+02:00,2024-06-14T16:00:00+00:00,2024-06-14T16:00:00+00:00,2024-06-15 00:00:00+00:00,2024-06-15 01:00:00+00:00,2024-06-15T02:00:00+02:00,2024-06-15,38302.25,40874.699382792234,False,sarima_forecast,True,True,enhanced/post-hoc SARIMA robustness analysis,False,
Germany,SARIMA,2024-06-15,sarima_p2_d0_q0_P0_D1_Q0_s24,2,0,0,0,1,0,24,n,2024-06-14T18:00:00+02:00,2024-06-14T16:00:00+00:00,2024-06-14T16:00:00+00:00,2024-06-15 01:00:00+00:00,2024-06-15 02:00:00+00:00,2024-06-15T03:00:00+02:00,2024-06-15,37474.5,41337.6434342788,False,sarima_forecast,True,True,enhanced/post-hoc SARIMA robustness analysis,False,
Germany,SARIMA,2024-06-15,sarima_p2_d0_q0_P0_D1_Q0_s24,2,0,0,0,1,0,24,n,2024-06-14T18:00:00+02:00,2024-06-14T16:00:00+00:00,2024-06-14T16:00:00+00:00,2024-06-15 02:00:00+00:00,2024-06-15 03:00:00+00:00,2024-06-15T04:00:00+02:00,2024-06-15,37554.25,41876.251430976656,False,sarima_forecast,True,True,enhanced/post-hoc SARIMA robustness analysis,False,
Germany,SARIMA,2024-06-15,sarima_p2_d0_q0_P0_D1_Q0_s24,2,0,0,0,1,0,24,n,2024-06-14T18:00:00+02:00,2024-06-14T16:00:00+00:00,2024-06-14T16:00:00+00:00,2024-06-15 03:00:00+00:00,2024-06-15 04:00:00+00:00,2024-06-15T05:00:00+02:00,2024-06-15,38076.25,44292.76650242383,False,sarima_forecast,True,True,enhanced/post-hoc SARIMA robustness analysis,False,
Germany,SARIMA,2024-06-15,sarima_p2_d0_q0_P0_D1_Q0_s24,2,0,0,0,1,0,24,n,2024-06-14T18:00:00+02:00,2024-06-14T16:00:00+00:00,2024-06-14T16:00:00+00:00,2024-06-15 04:00:00+00:00,2024-06-15 05:00:00+00:00,2024-06-15T06:00:00+02:00,2024-06-15,39752.5,51753.77420518223,False,sarima_forecast,True,True,enhanced/post-hoc SARIMA robustness analysis,False,
Germany,SARIMA,2024-06-15,sarima_p2_d0_q0_P0_D1_Q0_s24,2,0,0,0,1,0,24,n,2024-06-14T18:00:00+02:00,2024-06-14T16:00:00+00:00,2024-06-14T16:00:00+00:00,2024-06-15 05:00:00+00:00,2024-06-15 06:00:00+00:00,2024-06-15T07:00:00+02:00,2024-06-15,42683.5,56994.59139927617,False,sarima_forecast,True,True,enhanced/post-hoc SARIMA robustness analysis,False,
Germany,SARIMA,2024-06-15,sarima_p2_d0_q0_P0_D1_Q0_s24,2,0,0,0,1,0,24,n,2024-06-14T18:00:00+02:00,2024-06-14T16:00:00+00:00,2024-06-14T16:00:00+00:00,2024-06-15 06:00:00+00:00,2024-06-15 07:00:00+00:00,2024-06-15T08:00:00+02:00,2024-06-15,46149.75,59399.690736413475,False,sarima_forecast,True,True,enhanced/post-hoc SARIMA robustness analysis,False,
Germany,SARIMA,2024-06-15,sarima_p2_d0_q0_P0_D1_Q0_s24,2,0,0,0,1,0,24,n,2024-06-14T18:00:00+02:00,2024-06-14T16:00:00+00:00,2024-06-14T16:00:00+00:00,2024-06-15 07:00:00+00:00,2024-06-15 08:00:00+00:00,2024-06-15T09:00:00+02:00,2024-06-15,48120.0,60108.64938722978,False,sarima_forecast,True,True,enhanced/post-hoc SARIMA robustness analysis,False,
Germany,SARIMA,2024-06-15,sarima_p2_d0_q0_P0_D1_Q0_s24,2,0,0,0,1,0,24,n,2024-06-14T18:00:00+02:00,2024-06-14T16:00:00+00:00,2024-06-14T16:00:00+00:00,2024-06-15 08:00:00+00:00,2024-06-15 09:00:00+00:00,2024-06-15T10:00:00+02:00,2024-06-15,49028.0,60535.364263173054,False,sarima_forecast,True,True,enhanced/post-hoc SARIMA robustness analysis,False,
Germany,SARIMA,2024-06-15,sarima_p2_d0_q0_P0_D1_Q0_s24,2,0,0,0,1,0,24,n,2024-06-14T18:00:00+02:00,2024-06-14T16:00:00+00:00,2024-06-14T16:00:00+00:00,2024-06-15 09:00:00+00:00,2024-06-15 10:00:00+00:00,2024-06-15T11:00:00+02:00,2024-06-15,50687.5,61242.02845974024,False,sarima_forecast,True,True,enhanced/post-hoc SARIMA robustness analysis,False,
Germany,SARIMA,2024-06-15,sarima_p2_d0_q0_P0_D1_Q0_s24,2,0,0,0,1,0,24,n,2024-06-14T18:00:00+02:00,2024-06-14T16:00:00+00:00,2024-06-14T16:00:00+00:00,2024-06-15 10:00:00+00:00,2024-06-15 11:00:00+00:00,2024-06-15T12:00:00+02:00,2024-06-15,49668.5,61927.615330681416,False,sarima_forecast,True,True,enhanced/post-hoc SARIMA robustness analysis,False,
Germany,SARIMA,2024-06-15,sarima_p2_d0_q0_P0_D1_Q0_s24,2,0,0,0,1,0,24,n,2024-06-14T18:00:00+02:00,2024-06-14T16:00:00+00:00,2024-06-14T16:00:00+00:00,2024-06-15 11:00:00+00:00,2024-06-15 12:00:00+00:00,2024-06-15T13:00:00+02:00,2024-06-15,47308.5,60704.367748877674,False,sarima_forecast,True,True,enhanced/post-hoc SARIMA robustness analysis,False,
Germany,SARIMA,2024-06-15,sarima_p2_d0_q0_P0_D1_Q0_s24,2,0,0,0,1,0,24,n,2024-06-14T18:00:00+02:00,2024-06-14T16:00:00+00:00,2024-06-14T16:00:00+00:00,2024-06-15 12:00:00+00:00,2024-06-15 13:00:00+00:00,2024-06-15T14:00:00+02:00,2024-06-15,46043.5,57880.29089008579,False,sarima_forecast,True,True,enhanced/post-hoc SARIMA robustness analysis,False,
Germany,SARIMA,2024-06-15,sarima_p2_d0_q0_P0_D1_Q0_s24,2,0,0,0,1,0,24,n,2024-06-14T18:00:00+02:00,2024-06-14T16:00:00+00:00,2024-06-14T16:00:00+00:00,2024-06-15 13:00:00+00:00,2024-06-15 14:00:00+00:00,2024-06-15T15:00:00+02:00,2024-06-15,44921.25,57205.64740723196,False,sarima_forecast,True,True,enhanced/post-hoc SARIMA robustness analysis,False,
Germany,SARIMA,2024-06-15,sarima_p2_d0_q0_P0_D1_Q0_s24,2,0,0,0,1,0,24,n,2024-06-14T18:00:00+02:00,2024-06-14T16:00:00+00:00,2024-06-14T16:00:00+00:00,2024-06-15 14:00:00+00:00,2024-06-15 15:00:00+00:00,2024-06-15T16:00:00+02:00,2024-06-15,45191.0,56577.954224846435,False,sarima_forecast,True,True,enhanced/post-hoc SARIMA robustness analysis,False,
Germany,SARIMA,2024-06-15,sarima_p2_d0_q0_P0_D1_Q0_s24,2,0,0,0,1,0,24,n,2024-06-14T18:00:00+02:00,2024-06-14T16:00:00+00:00,2024-06-14T16:00:00+00:00,2024-06-15 15:00:00+00:00,2024-06-15 16:00:00+00:00,2024-06-15T17:00:00+02:00,2024-06-15,46499.0,56455.73042964891,False,sarima_forecast,True,True,enhanced/post-hoc SARIMA robustness analysis,False,
Germany,SARIMA,2024-06-15,sarima_p2_d0_q0_P0_D1_Q0_s24,2,0,0,0,1,0,24,n,2024-06-14T18:00:00+02:00,2024-06-14T16:00:00+00:00,2024-06-14T16:00:00+00:00,2024-06-15 16:00:00+00:00,2024-06-15 17:00:00+00:00,2024-06-15T18:00:00+02:00,2024-06-15,46934.5,56893.17603807938,False,sarima_forecast,True,True,enhanced/post-hoc SARIMA robustness analysis,False,
Germany,SARIMA,2024-06-15,sarima_p2_d0_q0_P0_D1_Q0_s24,2,0,0,0,1,0,24,n,2024-06-14T18:00:00+02:00,2024-06-14T16:00:00+00:00,2024-06-14T16:00:00+00:00,2024-06-15 17:00:00+00:00,2024-06-15 18:00:00+00:00,2024-06-15T19:00:00+02:00,2024-06-15,46060.5,56281.08578395209,False,sarima_forecast,True,True,enhanced/post-hoc SARIMA robustness analysis,False,
Germany,SARIMA,2024-06-15,sarima_p2_d0_q0_P0_D1_Q0_s24,2,0,0,0,1,0,24,n,2024-06-14T18:00:00+02:00,2024-06-14T16:00:00+00:00,2024-06-14T16:00:00+00:00,2024-06-15 18:00:00+00:00,2024-06-15 19:00:00+00:00,2024-06-15T20:00:00+02:00,2024-06-15,44270.0,54504.56537306038,False,sarima_forecast,True,True,enhanced/post-hoc SARIMA robustness analysis,False,
Germany,SARIMA,2024-06-15,sarima_p2_d0_q0_P0_D1_Q0_s24,2,0,0,0,1,0,24,n,2024-06-14T18:00:00+02:00,2024-06-14T16:00:00+00:00,2024-06-14T16:00:00+00:00,2024-06-15 19:00:00+00:00,2024-06-15 20:00:00+00:00,2024-06-15T21:00:00+02:00,2024-06-15,42902.5,52030.57418272944,False,sarima_forecast,True,True,enhanced/post-hoc SARIMA robustness analysis,False,
Germany,SARIMA,2024-06-15,sarima_p2_d0_q0_P0_D1_Q0_s24,2,0,0,0,1,0,24,n,2024-06-14T18:00:00+02:00,2024-06-14T16:00:00+00:00,2024-06-14T16:00:00+00:00,2024-06-15 20:00:00+00:00,2024-06-15 21:00:00+00:00,2024-06-15T22:00:00+02:00,2024-06-15,41882.5,49866.12915346301,False,sarima_forecast,True,True,enhanced/post-hoc SARIMA robustness analysis,False,
Germany,SARIMA,2024-06-15,sarima_p2_d0_q0_P0_D1_Q0_s24,2,0,0,0,1,0,24,n,2024-06-14T18:00:00+02:00,2024-06-14T16:00:00+00:00,2024-06-14T16:00:00+00:00,2024-06-15 21:00:00+00:00,2024-06-15 22:00:00+00:00,2024-06-15T23:00:00+02:00,2024-06-15,39494.75,46116.39004415919,False,sarima_forecast,True,True,enhanced/post-hoc SARIMA robustness analysis,False,
Germany,SARIMA,2024-06-15,sarima_p2_d0_q1_P0_D1_Q0_s24,2,0,1,0,1,0,24,n,2024-06-14T18:00:00+02:00,2024-06-14T16:00:00+00:00,2024-06-14T16:00:00+00:00,2024-06-14 16:00:00+00:00,2024-06-14 17:00:00+00:00,2024-06-14T18:00:00+02:00,2024-06-14,56394.0,56778.97540267876,True,sarima_forecast,False,False,enhanced/post-hoc SARIMA robustness analysis,False,
Germany,SARIMA,2024-06-15,sarima_p2_d0_q1_P0_D1_Q0_s24,2,0,1,0,1,0,24,n,2024-06-14T18:00:00+02:00,2024-06-14T16:00:00+00:00,2024-06-14T16:00:00+00:00,2024-06-14 17:00:00+00:00,2024-06-14 18:00:00+00:00,2024-06-14T19:00:00+02:00,2024-06-14,54454.5,56145.917890871664,True,sarima_forecast,False,False,enhanced/post-hoc SARIMA robustness analysis,False,
Germany,SARIMA,2024-06-15,sarima_p2_d0_q1_P0_D1_Q0_s24,2,0,1,0,1,0,24,n,2024-06-14T18:00:00+02:00,2024-06-14T16:00:00+00:00,2024-06-14T16:00:00+00:00,2024-06-14 18:00:00+00:00,2024-06-14 19:00:00+00:00,2024-06-14T20:00:00+02:00,2024-06-14,51835.25,54393.11388156227,True,sarima_forecast,False,False,enhanced/post-hoc SARIMA robustness analysis,False,
Germany,SARIMA,2024-06-15,sarima_p2_d0_q1_P0_D1_Q0_s24,2,0,1,0,1,0,24,n,2024-06-14T18:00:00+02:00,2024-06-14T16:00:00+00:00,2024-06-14T16:00:00+00:00,2024-06-14 19:00:00+00:00,2024-06-14 20:00:00+00:00,2024-06-14T21:00:00+02:00,2024-06-14,49308.5,51953.195093287046,True,sarima_forecast,False,False,enhanced/post-hoc SARIMA robustness analysis,False,
Germany,SARIMA,2024-06-15,sarima_p2_d0_q1_P0_D1_Q0_s24,2,0,1,0,1,0,24,n,2024-06-14T18:00:00+02:00,2024-06-14T16:00:00+00:00,2024-06-14T16:00:00+00:00,2024-06-14 20:00:00+00:00,2024-06-14 21:00:00+00:00,2024-06-14T22:00:00+02:00,2024-06-14,47529.25,49819.85009082763,True,sarima_forecast,False,False,enhanced/post-hoc SARIMA robustness analysis,False,
Germany,SARIMA,2024-06-15,sarima_p2_d0_q1_P0_D1_Q0_s24,2,0,1,0,1,0,24,n,2024-06-14T18:00:00+02:00,2024-06-14T16:00:00+00:00,2024-06-14T16:00:00+00:00,2024-06-14 21:00:00+00:00,2024-06-14 22:00:00+00:00,2024-06-14T23:00:00+02:00,2024-06-14,44745.0,46094.240033464106,True,sarima_forecast,False,False,enhanced/post-hoc SARIMA robustness analysis,False,
Germany,SARIMA,2024-06-15,sarima_p2_d0_q1_P0_D1_Q0_s24,2,0,1,0,1,0,24,n,2024-06-14T18:00:00+02:00,2024-06-14T16:00:00+00:00,2024-06-14T16:00:00+00:00,2024-06-14 22:00:00+00:00,2024-06-14 23:00:00+00:00,2024-06-15T00:00:00+02:00,2024-06-15,41144.25,42913.36027259872,False,sarima_forecast,True,True,enhanced/post-hoc SARIMA robustness analysis,False,
Germany,SARIMA,2024-06-15,sarima_p2_d0_q1_P0_D1_Q0_s24,2,0,1,0,1,0,24,n,2024-06-14T18:00:00+02:00,2024-06-14T16:00:00+00:00,2024-06-14T16:00:00+00:00,2024-06-14 23:00:00+00:00,2024-06-15 00:00:00+00:00,2024-06-15T01:00:00+02:00,2024-06-15,39740.0,41266.92238692758,False,sarima_forecast,True,True,enhanced/post-hoc SARIMA robustness analysis,False,
Germany,SARIMA,2024-06-15,sarima_p2_d0_q1_P0_D1_Q0_s24,2,0,1,0,1,0,24,n,2024-06-14T18:00:00+02:00,2024-06-14T16:00:00+00:00,2024-06-14T16:00:00+00:00,2024-06-15 00:00:00+00:00,2024-06-15 01:00:00+00:00,2024-06-15T02:00:00+02:00,2024-06-15,38302.25,40873.77051573085,False,sarima_forecast,True,True,enhanced/post-hoc SARIMA robustness analysis,False,
Germany,SARIMA,2024-06-15,sarima_p2_d0_q1_P0_D1_Q0_s24,2,0,1,0,1,0,24,n,2024-06-14T18:00:00+02:00,2024-06-14T16:00:00+00:00,2024-06-14T16:00:00+00:00,2024-06-15 01:00:00+00:00,2024-06-15 02:00:00+00:00,2024-06-15T03:00:00+02:00,2024-06-15,37474.5,41341.20204363205,False,sarima_forecast,True,True,enhanced/post-hoc SARIMA robustness analysis,False,
Germany,SARIMA,2024-06-15,sarima_p2_d0_q1_P0_D1_Q0_s24,2,0,1,0,1,0,24,n,2024-06-14T18:00:00+02:00,2024-06-14T16:00:00+00:00,2024-06-14T16:00:00+00:00,2024-06-15 02:00:00+00:00,2024-06-15 03:00:00+00:00,2024-06-15T04:00:00+02:00,2024-06-15,37554.25,41881.9966439094,False,sarima_forecast,True,True,enhanced/post-hoc SARIMA robustness analysis,False,
Germany,SARIMA,2024-06-15,sarima_p2_d0_q1_P0_D1_Q0_s24,2,0,1,0,1,0,24,n,2024-06-14T18:00:00+02:00,2024-06-14T16:00:00+00:00,2024-06-14T16:00:00+00:00,2024-06-15 03:00:00+00:00,2024-06-15 04:00:00+00:00,2024-06-15T05:00:00+02:00,2024-06-15,38076.25,44299.1776330433,False,sarima_forecast,True,True,enhanced/post-hoc SARIMA robustness analysis,False,
Germany,SARIMA,2024-06-15,sarima_p2_d0_q1_P0_D1_Q0_s24,2,0,1,0,1,0,24,n,2024-06-14T18:00:00+02:00,2024-06-14T16:00:00+00:00,2024-06-14T16:00:00+00:00,2024-06-15 04:00:00+00:00,2024-06-15 05:00:00+00:00,2024-06-15T06:00:00+02:00,2024-06-15,39752.5,51759.89106665363,False,sarima_forecast,True,True,enhanced/post-hoc SARIMA robustness analysis,False,
Germany,SARIMA,2024-06-15,sarima_p2_d0_q1_P0_D1_Q0_s24,2,0,1,0,1,0,24,n,2024-06-14T18:00:00+02:00,2024-06-14T16:00:00+00:00,2024-06-14T16:00:00+00:00,2024-06-15 05:00:00+00:00,2024-06-15 06:00:00+00:00,2024-06-15T07:00:00+02:00,2024-06-15,42683.5,56999.84450833642,False,sarima_forecast,True,True,enhanced/post-hoc SARIMA robustness analysis,False,
Germany,SARIMA,2024-06-15,sarima_p2_d0_q1_P0_D1_Q0_s24,2,0,1,0,1,0,24,n,2024-06-14T18:00:00+02:00,2024-06-14T16:00:00+00:00,2024-06-14T16:00:00+00:00,2024-06-15 06:00:00+00:00,2024-06-15 07:00:00+00:00,2024-06-15T08:00:00+02:00,2024-06-15,46149.75,59403.776040108576,False,sarima_forecast,True,True,enhanced/post-hoc SARIMA robustness analysis,False,
Germany,SARIMA,2024-06-15,sarima_p2_d0_q1_P0_D1_Q0_s24,2,0,1,0,1,0,24,n,2024-06-14T18:00:00+02:00,2024-06-14T16:00:00+00:00,2024-06-14T16:00:00+00:00,2024-06-15 07:00:00+00:00,2024-06-15 08:00:00+00:00,2024-06-15T09:00:00+02:00,2024-06-15,48120.0,60111.43859766748,False,sarima_forecast,True,True,enhanced/post-hoc SARIMA robustness analysis,False,
Germany,SARIMA,2024-06-15,sarima_p2_d0_q1_P0_D1_Q0_s24,2,0,1,0,1,0,24,n,2024-06-14T18:00:00+02:00,2024-06-14T16:00:00+00:00,2024-06-14T16:00:00+00:00,2024-06-15 08:00:00+00:00,2024-06-15 09:00:00+00:00,2024-06-15T10:00:00+02:00,2024-06-15,49028.0,60536.842070204715,False,sarima_forecast,True,True,enhanced/post-hoc SARIMA robustness analysis,False,
Germany,SARIMA,2024-06-15,sarima_p2_d0_q1_P0_D1_Q0_s24,2,0,1,0,1,0,24,n,2024-06-14T18:00:00+02:00,2024-06-14T16:00:00+00:00,2024-06-14T16:00:00+00:00,2024-06-15 09:00:00+00:00,2024-06-15 10:00:00+00:00,2024-06-15T11:00:00+02:00,2024-06-15,50687.5,61242.24933309498,False,sarima_forecast,True,True,enhanced/post-hoc SARIMA robustness analysis,False,
Germany,SARIMA,2024-06-15,sarima_p2_d0_q1_P0_D1_Q0_s24,2,0,1,0,1,0,24,n,2024-06-14T18:00:00+02:00,2024-06-14T16:00:00+00:00,2024-06-14T16:00:00+00:00,2024-06-15 10:00:00+00:00,2024-06-15 11:00:00+00:00,2024-06-15T12:00:00+02:00,2024-06-15,49668.5,61926.67427156918,False,sarima_forecast,True,True,enhanced/post-hoc SARIMA robustness analysis,False,
Germany,SARIMA,2024-06-15,sarima_p2_d0_q1_P0_D1_Q0_s24,2,0,1,0,1,0,24,n,2024-06-14T18:00:00+02:00,2024-06-14T16:00:00+00:00,2024-06-14T16:00:00+00:00,2024-06-15 11:00:00+00:00,2024-06-15 12:00:00+00:00,2024-06-15T13:00:00+02:00,2024-06-15,47308.5,60702.380811292234,False,sarima_forecast,True,True,enhanced/post-hoc SARIMA robustness analysis,False,
Germany,SARIMA,2024-06-15,sarima_p2_d0_q1_P0_D1_Q0_s24,2,0,1,0,1,0,24,n,2024-06-14T18:00:00+02:00,2024-06-14T16:00:00+00:00,2024-06-14T16:00:00+00:00,2024-06-15 12:00:00+00:00,2024-06-15 13:00:00+00:00,2024-06-15T14:00:00+02:00,2024-06-15,46043.5,57877.38245721523,False,sarima_forecast,True,True,enhanced/post-hoc SARIMA robustness analysis,False,
Germany,SARIMA,2024-06-15,sarima_p2_d0_q1_P0_D1_Q0_s24,2,0,1,0,1,0,24,n,2024-06-14T18:00:00+02:00,2024-06-14T16:00:00+00:00,2024-06-14T16:00:00+00:00,2024-06-15 13:00:00+00:00,2024-06-15 14:00:00+00:00,2024-06-15T15:00:00+02:00,2024-06-15,44921.25,57201.942088107775,False,sarima_forecast,True,True,enhanced/post-hoc SARIMA robustness analysis,False,
Germany,SARIMA,2024-06-15,sarima_p2_d0_q1_P0_D1_Q0_s24,2,0,1,0,1,0,24,n,2024-06-14T18:00:00+02:00,2024-06-14T16:00:00+00:00,2024-06-14T16:00:00+00:00,2024-06-15 14:00:00+00:00,2024-06-15 15:00:00+00:00,2024-06-15T16:00:00+02:00,2024-06-15,45191.0,56573.57187886942,False,sarima_forecast,True,True,enhanced/post-hoc SARIMA robustness analysis,False,
Germany,SARIMA,2024-06-15,sarima_p2_d0_q1_P0_D1_Q0_s24,2,0,1,0,1,0,24,n,2024-06-14T18:00:00+02:00,2024-06-14T16:00:00+00:00,2024-06-14T16:00:00+00:00,2024-06-15 15:00:00+00:00,2024-06-15 16:00:00+00:00,2024-06-15T17:00:00+02:00,2024-06-15,46499.0,56450.783285910424,False,sarima_forecast,True,True,enhanced/post-hoc SARIMA robustness analysis,False,
Germany,SARIMA,2024-06-15,sarima_p2_d0_q1_P0_D1_Q0_s24,2,0,1,0,1,0,24,n,2024-06-14T18:00:00+02:00,2024-06-14T16:00:00+00:00,2024-06-14T16:00:00+00:00,2024-06-15 16:00:00+00:00,2024-06-15 17:00:00+00:00,2024-06-15T18:00:00+02:00,2024-06-15,46934.5,56745.312465591735,False,sarima_forecast,True,True,enhanced/post-hoc SARIMA robustness analysis,False,
Germany,SARIMA,2024-06-15,sarima_p2_d0_q1_P0_D1_Q0_s24,2,0,1,0,1,0,24,n,2024-06-14T18:00:00+02:00,2024-06-14T16:00:00+00:00,2024-06-14T16:00:00+00:00,2024-06-15 17:00:00+00:00,2024-06-15 18:00:00+00:00,2024-06-15T19:00:00+02:00,2024-06-15,46060.5,56114.411181377895,False,sarima_forecast,True,True,enhanced/post-hoc SARIMA robustness analysis,False,
Germany,SARIMA,2024-06-15,sarima_p2_d0_q1_P0_D1_Q0_s24,2,0,1,0,1,0,24,n,2024-06-14T18:00:00+02:00,2024-06-14T16:00:00+00:00,2024-06-14T16:00:00+00:00,2024-06-15 18:00:00+00:00,2024-06-15 19:00:00+00:00,2024-06-15T20:00:00+02:00,2024-06-15,44270.0,54363.62529316665,False,sarima_forecast,True,True,enhanced/post-hoc SARIMA robustness analysis,False,
Germany,SARIMA,2024-06-15,sarima_p2_d0_q1_P0_D1_Q0_s24,2,0,1,0,1,0,24,n,2024-06-14T18:00:00+02:00,2024-06-14T16:00:00+00:00,2024-06-14T16:00:00+00:00,2024-06-15 19:00:00+00:00,2024-06-15 20:00:00+00:00,2024-06-15T21:00:00+02:00,2024-06-15,42902.5,51925.595361601874,False,sarima_forecast,True,True,enhanced/post-hoc SARIMA robustness analysis,False,
Germany,SARIMA,2024-06-15,sarima_p2_d0_q1_P0_D1_Q0_s24,2,0,1,0,1,0,24,n,2024-06-14T18:00:00+02:00,2024-06-14T16:00:00+00:00,2024-06-14T16:00:00+00:00,2024-06-15 20:00:00+00:00,2024-06-15 21:00:00+00:00,2024-06-15T22:00:00+02:00,2024-06-15,41882.5,49794.018229252884,False,sarima_forecast,True,True,enhanced/post-hoc SARIMA robustness analysis,False,
Germany,SARIMA,2024-06-15,sarima_p2_d0_q1_P0_D1_Q0_s24,2,0,1,0,1,0,24,n,2024-06-14T18:00:00+02:00,2024-06-14T16:00:00+00:00,2024-06-14T16:00:00+00:00,2024-06-15 21:00:00+00:00,2024-06-15 22:00:00+00:00,2024-06-15T23:00:00+02:00,2024-06-15,39494.75,46070.06280400251,False,sarima_forecast,True,True,enhanced/post-hoc SARIMA robustness analysis,False,
Germany,SARIMA,2024-06-15,sarima_p2_d0_q2_P0_D1_Q0_s24,2,0,2,0,1,0,24,n,2024-06-14T18:00:00+02:00,2024-06-14T16:00:00+00:00,2024-06-14T16:00:00+00:00,2024-06-14 16:00:00+00:00,2024-06-14 17:00:00+00:00,2024-06-14T18:00:00+02:00,2024-06-14,56394.0,56599.54437335662,True,sarima_forecast,False,False,enhanced/post-hoc SARIMA robustness analysis,False,
Germany,SARIMA,2024-06-15,sarima_p2_d0_q2_P0_D1_Q0_s24,2,0,2,0,1,0,24,n,2024-06-14T18:00:00+02:00,2024-06-14T16:00:00+00:00,2024-06-14T16:00:00+00:00,2024-06-14 17:00:00+00:00,2024-06-14 18:00:00+00:00,2024-06-14T19:00:00+02:00,2024-06-14,54454.5,55832.44347322899,True,sarima_forecast,False,False,enhanced/post-hoc SARIMA robustness analysis,False,
Germany,SARIMA,2024-06-15,sarima_p2_d0_q2_P0_D1_Q0_s24,2,0,2,0,1,0,24,n,2024-06-14T18:00:00+02:00,2024-06-14T16:00:00+00:00,2024-06-14T16:00:00+00:00,2024-06-14 18:00:00+00:00,2024-06-14 19:00:00+00:00,2024-06-14T20:00:00+02:00,2024-06-14,51835.25,54118.19284370054,True,sarima_forecast,False,False,enhanced/post-hoc SARIMA robustness analysis,False,
Germany,SARIMA,2024-06-15,sarima_p2_d0_q2_P0_D1_Q0_s24,2,0,2,0,1,0,24,n,2024-06-14T18:00:00+02:00,2024-06-14T16:00:00+00:00,2024-06-14T16:00:00+00:00,2024-06-14 19:00:00+00:00,2024-06-14 20:00:00+00:00,2024-06-14T21:00:00+02:00,2024-06-14,49308.5,51726.016128636365,True,sarima_forecast,False,False,enhanced/post-hoc SARIMA robustness analysis,False,
Germany,SARIMA,2024-06-15,sarima_p2_d0_q2_P0_D1_Q0_s24,2,0,2,0,1,0,24,n,2024-06-14T18:00:00+02:00,2024-06-14T16:00:00+00:00,2024-06-14T16:00:00+00:00,2024-06-14 20:00:00+00:00,2024-06-14 21:00:00+00:00,2024-06-14T22:00:00+02:00,2024-06-14,47529.25,49626.33019354291,True,sarima_forecast,False,False,enhanced/post-hoc SARIMA robustness analysis,False,
Germany,SARIMA,2024-06-15,sarima_p2_d0_q2_P0_D1_Q0_s24,2,0,2,0,1,0,24,n,2024-06-14T18:00:00+02:00,2024-06-14T16:00:00+00:00,2024-06-14T16:00:00+00:00,2024-06-14 21:00:00+00:00,2024-06-14 22:00:00+00:00,2024-06-14T23:00:00+02:00,2024-06-14,44745.0,45922.667484255224,True,sarima_forecast,False,False,enhanced/post-hoc SARIMA robustness analysis,False,
Germany,SARIMA,2024-06-15,sarima_p2_d0_q2_P0_D1_Q0_s24,2,0,2,0,1,0,24,n,2024-06-14T18:00:00+02:00,2024-06-14T16:00:00+00:00,2024-06-14T16:00:00+00:00,2024-06-14 22:00:00+00:00,2024-06-14 23:00:00+00:00,2024-06-15T00:00:00+02:00,2024-06-15,41144.25,42756.598504094465,False,sarima_forecast,True,True,enhanced/post-hoc SARIMA robustness analysis,False,
Germany,SARIMA,2024-06-15,sarima_p2_d0_q2_P0_D1_Q0_s24,2,0,2,0,1,0,24,n,2024-06-14T18:00:00+02:00,2024-06-14T16:00:00+00:00,2024-06-14T16:00:00+00:00,2024-06-14 23:00:00+00:00,2024-06-15 00:00:00+00:00,2024-06-15T01:00:00+02:00,2024-06-15,39740.0,41120.9601413207,False,sarima_forecast,True,True,enhanced/post-hoc SARIMA robustness analysis,False,
Germany,SARIMA,2024-06-15,sarima_p2_d0_q2_P0_D1_Q0_s24,2,0,2,0,1,0,24,n,2024-06-14T18:00:00+02:00,2024-06-14T16:00:00+00:00,2024-06-14T16:00:00+00:00,2024-06-15 00:00:00+00:00,2024-06-15 01:00:00+00:00,2024-06-15T02:00:00+02:00,2024-06-15,38302.25,40736.37646164576,False,sarima_forecast,True,True,enhanced/post-hoc SARIMA robustness analysis,False,
Germany,SARIMA,2024-06-15,sarima_p2_d0_q2_P0_D1_Q0_s24,2,0,2,0,1,0,24,n,2024-06-14T18:00:00+02:00,2024-06-14T16:00:00+00:00,2024-06-14T16:00:00+00:00,2024-06-15 01:00:00+00:00,2024-06-15 02:00:00+00:00,2024-06-15T03:00:00+02:00,2024-06-15,37474.5,41211.09757422546,False,sarima_forecast,True,True,enhanced/post-hoc SARIMA robustness analysis,False,
Germany,SARIMA,2024-06-15,sarima_p2_d0_q2_P0_D1_Q0_s24,2,0,2,0,1,0,24,n,2024-06-14T18:00:00+02:00,2024-06-14T16:00:00+00:00,2024-06-14T16:00:00+00:00,2024-06-15 02:00:00+00:00,2024-06-15 03:00:00+00:00,2024-06-15T04:00:00+02:00,2024-06-15,37554.25,41758.40194954167,False,sarima_forecast,True,True,enhanced/post-hoc SARIMA robustness analysis,False,
Germany,SARIMA,2024-06-15,sarima_p2_d0_q2_P0_D1_Q0_s24,2,0,2,0,1,0,24,n,2024-06-14T18:00:00+02:00,2024-06-14T16:00:00+00:00,2024-06-14T16:00:00+00:00,2024-06-15 03:00:00+00:00,2024-06-15 04:00:00+00:00,2024-06-15T05:00:00+02:00,2024-06-15,38076.25,44181.573275797804,False,sarima_forecast,True,True,enhanced/post-hoc SARIMA robustness analysis,False,
Germany,SARIMA,2024-06-15,sarima_p2_d0_q2_P0_D1_Q0_s24,2,0,2,0,1,0,24,n,2024-06-14T18:00:00+02:00,2024-06-14T16:00:00+00:00,2024-06-14T16:00:00+00:00,2024-06-15 04:00:00+00:00,2024-06-15 05:00:00+00:00,2024-06-15T06:00:00+02:00,2024-06-15,39752.5,51647.89503700857,False,sarima_forecast,True,True,enhanced/post-hoc SARIMA robustness analysis,False,
Germany,SARIMA,2024-06-15,sarima_p2_d0_q2_P0_D1_Q0_s24,2,0,2,0,1,0,24,n,2024-06-14T18:00:00+02:00,2024-06-14T16:00:00+00:00,2024-06-14T16:00:00+00:00,2024-06-15 05:00:00+00:00,2024-06-15 06:00:00+00:00,2024-06-15T07:00:00+02:00,2024-06-15,42683.5,56893.14930116619,False,sarima_forecast,True,True,enhanced/post-hoc SARIMA robustness analysis,False,
Germany,SARIMA,2024-06-15,sarima_p2_d0_q2_P0_D1_Q0_s24,2,0,2,0,1,0,24,n,2024-06-14T18:00:00+02:00,2024-06-14T16:00:00+00:00,2024-06-14T16:00:00+00:00,2024-06-15 06:00:00+00:00,2024-06-15 07:00:00+00:00,2024-06-15T08:00:00+02:00,2024-06-15,46149.75,59302.116505459475,False,sarima_forecast,True,True,enhanced/post-hoc SARIMA robustness analysis,False,
Germany,SARIMA,2024-06-15,sarima_p2_d0_q2_P0_D1_Q0_s24,2,0,2,0,1,0,24,n,2024-06-14T18:00:00+02:00,2024-06-14T16:00:00+00:00,2024-06-14T16:00:00+00:00,2024-06-15 07:00:00+00:00,2024-06-15 08:00:00+00:00,2024-06-15T09:00:00+02:00,2024-06-15,48120.0,60014.57547466577,False,sarima_forecast,True,True,enhanced/post-hoc SARIMA robustness analysis,False,
Germany,SARIMA,2024-06-15,sarima_p2_d0_q2_P0_D1_Q0_s24,2,0,2,0,1,0,24,n,2024-06-14T18:00:00+02:00,2024-06-14T16:00:00+00:00,2024-06-14T16:00:00+00:00,2024-06-15 08:00:00+00:00,2024-06-15 09:00:00+00:00,2024-06-15T10:00:00+02:00,2024-06-15,49028.0,60444.55349126521,False,sarima_forecast,True,True,enhanced/post-hoc SARIMA robustness analysis,False,
Germany,SARIMA,2024-06-15,sarima_p2_d0_q2_P0_D1_Q0_s24,2,0,2,0,1,0,24,n,2024-06-14T18:00:00+02:00,2024-06-14T16:00:00+00:00,2024-06-14T16:00:00+00:00,2024-06-15 09:00:00+00:00,2024-06-15 10:00:00+00:00,2024-06-15T11:00:00+02:00,2024-06-15,50687.5,61154.32637432622,False,sarima_forecast,True,True,enhanced/post-hoc SARIMA robustness analysis,False,
Germany,SARIMA,2024-06-15,sarima_p2_d0_q2_P0_D1_Q0_s24,2,0,2,0,1,0,24,n,2024-06-14T18:00:00+02:00,2024-06-14T16:00:00+00:00,2024-06-14T16:00:00+00:00,2024-06-15 10:00:00+00:00,2024-06-15 11:00:00+00:00,2024-06-15T12:00:00+02:00,2024-06-15,49668.5,61842.918557137156,False,sarima_forecast,True,True,enhanced/post-hoc SARIMA robustness analysis,False,
Germany,SARIMA,2024-06-15,sarima_p2_d0_q2_P0_D1_Q0_s24,2,0,2,0,1,0,24,n,2024-06-14T18:00:00+02:00,2024-06-14T16:00:00+00:00,2024-06-14T16:00:00+00:00,2024-06-15 11:00:00+00:00,2024-06-15 12:00:00+00:00,2024-06-15T13:00:00+02:00,2024-06-15,47308.5,60622.60316137926,False,sarima_forecast,True,True,enhanced/post-hoc SARIMA robustness analysis,False,
Germany,SARIMA,2024-06-15,sarima_p2_d0_q2_P0_D1_Q0_s24,2,0,2,0,1,0,24,n,2024-06-14T18:00:00+02:00,2024-06-14T16:00:00+00:00,2024-06-14T16:00:00+00:00,2024-06-15 12:00:00+00:00,2024-06-15 13:00:00+00:00,2024-06-15T14:00:00+02:00,2024-06-15,46043.5,57801.40206748636,False,sarima_forecast,True,True,enhanced/post-hoc SARIMA robustness analysis,False,
Germany,SARIMA,2024-06-15,sarima_p2_d0_q2_P0_D1_Q0_s24,2,0,2,0,1,0,24,n,2024-06-14T18:00:00+02:00,2024-06-14T16:00:00+00:00,2024-06-14T16:00:00+00:00,2024-06-15 13:00:00+00:00,2024-06-15 14:00:00+00:00,2024-06-15T15:00:00+02:00,2024-06-15,44921.25,57129.58598126745,False,sarima_forecast,True,True,enhanced/post-hoc SARIMA robustness analysis,False,
Germany,SARIMA,2024-06-15,sarima_p2_d0_q2_P0_D1_Q0_s24,2,0,2,0,1,0,24,n,2024-06-14T18:00:00+02:00,2024-06-14T16:00:00+00:00,2024-06-14T16:00:00+00:00,2024-06-15 14:00:00+00:00,2024-06-15 15:00:00+00:00,2024-06-15T16:00:00+02:00,2024-06-15,45191.0,56504.674496962296,False,sarima_forecast,True,True,enhanced/post-hoc SARIMA robustness analysis,False,
Germany,SARIMA,2024-06-15,sarima_p2_d0_q2_P0_D1_Q0_s24,2,0,2,0,1,0,24,n,2024-06-14T18:00:00+02:00,2024-06-14T16:00:00+00:00,2024-06-14T16:00:00+00:00,2024-06-15 15:00:00+00:00,2024-06-15 16:00:00+00:00,2024-06-15T17:00:00+02:00,2024-06-15,46499.0,56385.1861569141,False,sarima_forecast,True,True,enhanced/post-hoc SARIMA robustness analysis,False,
Germany,SARIMA,2024-06-15,sarima_p2_d0_q2_P0_D1_Q0_s24,2,0,2,0,1,0,24,n,2024-06-14T18:00:00+02:00,2024-06-14T16:00:00+00:00,2024-06-14T16:00:00+00:00,2024-06-15 16:00:00+00:00,2024-06-15 17:00:00+00:00,2024-06-15T18:00:00+02:00,2024-06-15,46934.5,56503.432881396,False,sarima_forecast,True,True,enhanced/post-hoc SARIMA robustness analysis,False,
Germany,SARIMA,2024-06-15,sarima_p2_d0_q2_P0_D1_Q0_s24,2,0,2,0,1,0,24,n,2024-06-14T18:00:00+02:00,2024-06-14T16:00:00+00:00,2024-06-14T16:00:00+00:00,2024-06-15 17:00:00+00:00,2024-06-15 18:00:00+00:00,2024-06-15T19:00:00+02:00,2024-06-15,46060.5,55741.491628495394,False,sarima_forecast,True,True,enhanced/post-hoc SARIMA robustness analysis,False,
Germany,SARIMA,2024-06-15,sarima_p2_d0_q2_P0_D1_Q0_s24,2,0,2,0,1,0,24,n,2024-06-14T18:00:00+02:00,2024-06-14T16:00:00+00:00,2024-06-14T16:00:00+00:00,2024-06-15 18:00:00+00:00,2024-06-15 19:00:00+00:00,2024-06-15T20:00:00+02:00,2024-06-15,44270.0,54032.12365580537,False,sarima_forecast,True,True,enhanced/post-hoc SARIMA robustness analysis,False,
Germany,SARIMA,2024-06-15,sarima_p2_d0_q2_P0_D1_Q0_s24,2,0,2,0,1,0,24,n,2024-06-14T18:00:00+02:00,2024-06-14T16:00:00+00:00,2024-06-14T16:00:00+00:00,2024-06-15 19:00:00+00:00,2024-06-15 20:00:00+00:00,2024-06-15T21:00:00+02:00,2024-06-15,42902.5,51644.56747713697,False,sarima_forecast,True,True,enhanced/post-hoc SARIMA robustness analysis,False,
Germany,SARIMA,2024-06-15,sarima_p2_d0_q2_P0_D1_Q0_s24,2,0,2,0,1,0,24,n,2024-06-14T18:00:00+02:00,2024-06-14T16:00:00+00:00,2024-06-14T16:00:00+00:00,2024-06-15 20:00:00+00:00,2024-06-15 21:00:00+00:00,2024-06-15T22:00:00+02:00,2024-06-15,41882.5,49549.25402966473,False,sarima_forecast,True,True,enhanced/post-hoc SARIMA robustness analysis,False,
Germany,SARIMA,2024-06-15,sarima_p2_d0_q2_P0_D1_Q0_s24,2,0,2,0,1,0,24,n,2024-06-14T18:00:00+02:00,2024-06-14T16:00:00+00:00,2024-06-14T16:00:00+00:00,2024-06-15 21:00:00+00:00,2024-06-15 22:00:00+00:00,2024-06-15T23:00:00+02:00,2024-06-15,39494.75,45849.72907546867,False,sarima_forecast,True,True,enhanced/post-hoc SARIMA robustness analysis,False,
Germany,SARIMA,2024-10-27,sarima_p2_d0_q0_P0_D1_Q0_s24,2,0,0,0,1,0,24,n,2024-10-26T18:00:00+02:00,2024-10-26T16:00:00+00:00,2024-10-26T16:00:00+00:00,2024-10-26 16:00:00+00:00,2024-10-26 17:00:00+00:00,2024-10-26T18:00:00+02:00,2024-10-26,51134.25,51441.53257559194,True,sarima_forecast,False,False,enhanced/post-hoc SARIMA robustness analysis,False,
Germany,SARIMA,2024-10-27,sarima_p2_d0_q0_P0_D1_Q0_s24,2,0,0,0,1,0,24,n,2024-10-26T18:00:00+02:00,2024-10-26T16:00:00+00:00,2024-10-26T16:00:00+00:00,2024-10-26 17:00:00+00:00,2024-10-26 18:00:00+00:00,2024-10-26T19:00:00+02:00,2024-10-26,50837.5,51152.66862505096,True,sarima_forecast,False,False,enhanced/post-hoc SARIMA robustness analysis,False,
Germany,SARIMA,2024-10-27,sarima_p2_d0_q0_P0_D1_Q0_s24,2,0,0,0,1,0,24,n,2024-10-26T18:00:00+02:00,2024-10-26T16:00:00+00:00,2024-10-26T16:00:00+00:00,2024-10-26 18:00:00+00:00,2024-10-26 19:00:00+00:00,2024-10-26T20:00:00+02:00,2024-10-26,48047.0,48339.4170584508,True,sarima_forecast,False,False,enhanced/post-hoc SARIMA robustness analysis,False,
Germany,SARIMA,2024-10-27,sarima_p2_d0_q0_P0_D1_Q0_s24,2,0,0,0,1,0,24,n,2024-10-26T18:00:00+02:00,2024-10-26T16:00:00+00:00,2024-10-26T16:00:00+00:00,2024-10-26 19:00:00+00:00,2024-10-26 20:00:00+00:00,2024-10-26T21:00:00+02:00,2024-10-26,45420.75,45647.97897544964,True,sarima_forecast,False,False,enhanced/post-hoc SARIMA robustness analysis,False,
Germany,SARIMA,2024-10-27,sarima_p2_d0_q0_P0_D1_Q0_s24,2,0,0,0,1,0,24,n,2024-10-26T18:00:00+02:00,2024-10-26T16:00:00+00:00,2024-10-26T16:00:00+00:00,2024-10-26 20:00:00+00:00,2024-10-26 21:00:00+00:00,2024-10-26T22:00:00+02:00,2024-10-26,44175.25,42803.585409454216,True,sarima_forecast,False,False,enhanced/post-hoc SARIMA robustness analysis,False,
Germany,SARIMA,2024-10-27,sarima_p2_d0_q0_P0_D1_Q0_s24,2,0,0,0,1,0,24,n,2024-10-26T18:00:00+02:00,2024-10-26T16:00:00+00:00,2024-10-26T16:00:00+00:00,2024-10-26 21:00:00+00:00,2024-10-26 22:00:00+00:00,2024-10-26T23:00:00+02:00,2024-10-26,41283.5,39510.30964242795,True,sarima_forecast,False,False,enhanced/post-hoc SARIMA robustness analysis,False,
Germany,SARIMA,2024-10-27,sarima_p2_d0_q0_P0_D1_Q0_s24,2,0,0,0,1,0,24,n,2024-10-26T18:00:00+02:00,2024-10-26T16:00:00+00:00,2024-10-26T16:00:00+00:00,2024-10-26 22:00:00+00:00,2024-10-26 23:00:00+00:00,2024-10-27T00:00:00+02:00,2024-10-27,38781.0,36867.280475468244,False,sarima_forecast,True,True,enhanced/post-hoc SARIMA robustness analysis,False,
Germany,SARIMA,2024-10-27,sarima_p2_d0_q0_P0_D1_Q0_s24,2,0,0,0,1,0,24,n,2024-10-26T18:00:00+02:00,2024-10-26T16:00:00+00:00,2024-10-26T16:00:00+00:00,2024-10-26 23:00:00+00:00,2024-10-27 00:00:00+00:00,2024-10-27T01:00:00+02:00,2024-10-27,37121.25,35328.746756820154,False,sarima_forecast,True,True,enhanced/post-hoc SARIMA robustness analysis,False,
Germany,SARIMA,2024-10-27,sarima_p2_d0_q0_P0_D1_Q0_s24,2,0,0,0,1,0,24,n,2024-10-26T18:00:00+02:00,2024-10-26T16:00:00+00:00,2024-10-26T16:00:00+00:00,2024-10-27 00:00:00+00:00,2024-10-27 01:00:00+00:00,2024-10-27T02:00:00+02:00,2024-10-27,35966.0,34383.459634135004,False,sarima_forecast,True,True,enhanced/post-hoc SARIMA robustness analysis,False,
Germany,SARIMA,2024-10-27,sarima_p2_d0_q0_P0_D1_Q0_s24,2,0,0,0,1,0,24,n,2024-10-26T18:00:00+02:00,2024-10-26T16:00:00+00:00,2024-10-26T16:00:00+00:00,2024-10-27 01:00:00+00:00,2024-10-27 02:00:00+00:00,2024-10-27T02:00:00+01:00,2024-10-27,35613.25,34486.59992210991,False,sarima_forecast,True,True,enhanced/post-hoc SARIMA robustness analysis,False,
Germany,SARIMA,2024-10-27,sarima_p2_d0_q0_P0_D1_Q0_s24,2,0,0,0,1,0,24,n,2024-10-26T18:00:00+02:00,2024-10-26T16:00:00+00:00,2024-10-26T16:00:00+00:00,2024-10-27 02:00:00+00:00,2024-10-27 03:00:00+00:00,2024-10-27T03:00:00+01:00,2024-10-27,35759.0,34948.23535774197,False,sarima_forecast,True,True,enhanced/post-hoc SARIMA robustness analysis,False,
Germany,SARIMA,2024-10-27,sarima_p2_d0_q0_P0_D1_Q0_s24,2,0,0,0,1,0,24,n,2024-10-26T18:00:00+02:00,2024-10-26T16:00:00+00:00,2024-10-26T16:00:00+00:00,2024-10-27 03:00:00+00:00,2024-10-27 04:00:00+00:00,2024-10-27T04:00:00+01:00,2024-10-27,35908.75,36095.047501141795,False,sarima_forecast,True,True,enhanced/post-hoc SARIMA robustness analysis,False,
Germany,SARIMA,2024-10-27,sarima_p2_d0_q0_P0_D1_Q0_s24,2,0,0,0,1,0,24,n,2024-10-26T18:00:00+02:00,2024-10-26T16:00:00+00:00,2024-10-26T16:00:00+00:00,2024-10-27 04:00:00+00:00,2024-10-27 05:00:00+00:00,2024-10-27T05:00:00+01:00,2024-10-27,36493.75,38191.82140629206,False,sarima_forecast,True,True,enhanced/post-hoc SARIMA robustness analysis,False,
Germany,SARIMA,2024-10-27,sarima_p2_d0_q0_P0_D1_Q0_s24,2,0,0,0,1,0,24,n,2024-10-26T18:00:00+02:00,2024-10-26T16:00:00+00:00,2024-10-26T16:00:00+00:00,2024-10-27 05:00:00+00:00,2024-10-27 06:00:00+00:00,2024-10-27T06:00:00+01:00,2024-10-27,38217.5,41233.94345807005,False,sarima_forecast,True,True,enhanced/post-hoc SARIMA robustness analysis,False,
Germany,SARIMA,2024-10-27,sarima_p2_d0_q0_P0_D1_Q0_s24,2,0,0,0,1,0,24,n,2024-10-26T18:00:00+02:00,2024-10-26T16:00:00+00:00,2024-10-26T16:00:00+00:00,2024-10-27 06:00:00+00:00,2024-10-27 07:00:00+00:00,2024-10-27T07:00:00+01:00,2024-10-27,40609.5,44613.40430408116,False,sarima_forecast,True,True,enhanced/post-hoc SARIMA robustness analysis,False,
Germany,SARIMA,2024-10-27,sarima_p2_d0_q0_P0_D1_Q0_s24,2,0,0,0,1,0,24,n,2024-10-26T18:00:00+02:00,2024-10-26T16:00:00+00:00,2024-10-26T16:00:00+00:00,2024-10-27 07:00:00+00:00,2024-10-27 08:00:00+00:00,2024-10-27T08:00:00+01:00,2024-10-27,44426.75,47306.05484225307,False,sarima_forecast,True,True,enhanced/post-hoc SARIMA robustness analysis,False,
Germany,SARIMA,2024-10-27,sarima_p2_d0_q0_P0_D1_Q0_s24,2,0,0,0,1,0,24,n,2024-10-26T18:00:00+02:00,2024-10-26T16:00:00+00:00,2024-10-26T16:00:00+00:00,2024-10-27 08:00:00+00:00,2024-10-27 09:00:00+00:00,2024-10-27T09:00:00+01:00,2024-10-27,47246.25,48964.113919889955,False,sarima_forecast,True,True,enhanced/post-hoc SARIMA robustness analysis,False,
Germany,SARIMA,2024-10-27,sarima_p2_d0_q0_P0_D1_Q0_s24,2,0,0,0,1,0,24,n,2024-10-26T18:00:00+02:00,2024-10-26T16:00:00+00:00,2024-10-26T16:00:00+00:00,2024-10-27 09:00:00+00:00,2024-10-27 10:00:00+00:00,2024-10-27T10:00:00+01:00,2024-10-27,49383.25,49967.92686661573,False,sarima_forecast,True,True,enhanced/post-hoc SARIMA robustness analysis,False,
Germany,SARIMA,2024-10-27,sarima_p2_d0_q0_P0_D1_Q0_s24,2,0,0,0,1,0,24,n,2024-10-26T18:00:00+02:00,2024-10-26T16:00:00+00:00,2024-10-26T16:00:00+00:00,2024-10-27 10:00:00+00:00,2024-10-27 11:00:00+00:00,2024-10-27T11:00:00+01:00,2024-10-27,50993.25,50490.47429644891,False,sarima_forecast,True,True,enhanced/post-hoc SARIMA robustness analysis,False,
Germany,SARIMA,2024-10-27,sarima_p2_d0_q0_P0_D1_Q0_s24,2,0,0,0,1,0,24,n,2024-10-26T18:00:00+02:00,2024-10-26T16:00:00+00:00,2024-10-26T16:00:00+00:00,2024-10-27 11:00:00+00:00,2024-10-27 12:00:00+00:00,2024-10-27T12:00:00+01:00,2024-10-27,50760.75,49111.130823236,False,sarima_forecast,True,True,enhanced/post-hoc SARIMA robustness analysis,False,
Germany,SARIMA,2024-10-27,sarima_p2_d0_q0_P0_D1_Q0_s24,2,0,0,0,1,0,24,n,2024-10-26T18:00:00+02:00,2024-10-26T16:00:00+00:00,2024-10-26T16:00:00+00:00,2024-10-27 12:00:00+00:00,2024-10-27 13:00:00+00:00,2024-10-27T13:00:00+01:00,2024-10-27,49008.25,47211.673472670474,False,sarima_forecast,True,True,enhanced/post-hoc SARIMA robustness analysis,False,
Germany,SARIMA,2024-10-27,sarima_p2_d0_q0_P0_D1_Q0_s24,2,0,0,0,1,0,24,n,2024-10-26T18:00:00+02:00,2024-10-26T16:00:00+00:00,2024-10-26T16:00:00+00:00,2024-10-27 13:00:00+00:00,2024-10-27 14:00:00+00:00,2024-10-27T14:00:00+01:00,2024-10-27,46968.25,45681.289666007186,False,sarima_forecast,True,True,enhanced/post-hoc SARIMA robustness analysis,False,
Germany,SARIMA,2024-10-27,sarima_p2_d0_q0_P0_D1_Q0_s24,2,0,0,0,1,0,24,n,2024-10-26T18:00:00+02:00,2024-10-26T16:00:00+00:00,2024-10-26T16:00:00+00:00,2024-10-27 14:00:00+00:00,2024-10-27 15:00:00+00:00,2024-10-27T15:00:00+01:00,2024-10-27,45316.25,45164.584710790536,False,sarima_forecast,True,True,enhanced/post-hoc SARIMA robustness analysis,False,
Germany,SARIMA,2024-10-27,sarima_p2_d0_q0_P0_D1_Q0_s24,2,0,0,0,1,0,24,n,2024-10-26T18:00:00+02:00,2024-10-26T16:00:00+00:00,2024-10-26T16:00:00+00:00,2024-10-27 15:00:00+00:00,2024-10-27 16:00:00+00:00,2024-10-27T16:00:00+01:00,2024-10-27,46240.0,47423.08877287634,False,sarima_forecast,True,True,enhanced/post-hoc SARIMA robustness analysis,False,
Germany,SARIMA,2024-10-27,sarima_p2_d0_q0_P0_D1_Q0_s24,2,0,0,0,1,0,24,n,2024-10-26T18:00:00+02:00,2024-10-26T16:00:00+00:00,2024-10-26T16:00:00+00:00,2024-10-27 16:00:00+00:00,2024-10-27 17:00:00+00:00,2024-10-27T17:00:00+01:00,2024-10-27,49832.0,50665.545904368286,False,sarima_forecast,True,True,enhanced/post-hoc SARIMA robustness analysis,False,
Germany,SARIMA,2024-10-27,sarima_p2_d0_q0_P0_D1_Q0_s24,2,0,0,0,1,0,24,n,2024-10-26T18:00:00+02:00,2024-10-26T16:00:00+00:00,2024-10-26T16:00:00+00:00,2024-10-27 17:00:00+00:00,2024-10-27 18:00:00+00:00,2024-10-27T18:00:00+01:00,2024-10-27,51382.25,50445.42573768591,False,sarima_forecast,True,True,enhanced/post-hoc SARIMA robustness analysis,False,
Germany,SARIMA,2024-10-27,sarima_p2_d0_q0_P0_D1_Q0_s24,2,0,0,0,1,0,24,n,2024-10-26T18:00:00+02:00,2024-10-26T16:00:00+00:00,2024-10-26T16:00:00+00:00,2024-10-27 18:00:00+00:00,2024-10-27 19:00:00+00:00,2024-10-27T19:00:00+01:00,2024-10-27,49927.75,47694.82863960514,False,sarima_forecast,True,True,enhanced/post-hoc SARIMA robustness analysis,False,
Germany,SARIMA,2024-10-27,sarima_p2_d0_q0_P0_D1_Q0_s24,2,0,0,0,1,0,24,n,2024-10-26T18:00:00+02:00,2024-10-26T16:00:00+00:00,2024-10-26T16:00:00+00:00,2024-10-27 19:00:00+00:00,2024-10-27 20:00:00+00:00,2024-10-27T20:00:00+01:00,2024-10-27,47662.25,45060.49490011564,False,sarima_forecast,True,True,enhanced/post-hoc SARIMA robustness analysis,False,
Germany,SARIMA,2024-10-27,sarima_p2_d0_q0_P0_D1_Q0_s24,2,0,0,0,1,0,24,n,2024-10-26T18:00:00+02:00,2024-10-26T16:00:00+00:00,2024-10-26T16:00:00+00:00,2024-10-27 20:00:00+00:00,2024-10-27 21:00:00+00:00,2024-10-27T21:00:00+01:00,2024-10-27,45590.0,42268.14706420051,False,sarima_forecast,True,True,enhanced/post-hoc SARIMA robustness analysis,False,
Germany,SARIMA,2024-10-27,sarima_p2_d0_q0_P0_D1_Q0_s24,2,0,0,0,1,0,24,n,2024-10-26T18:00:00+02:00,2024-10-26T16:00:00+00:00,2024-10-26T16:00:00+00:00,2024-10-27 21:00:00+00:00,2024-10-27 22:00:00+00:00,2024-10-27T22:00:00+01:00,2024-10-27,44399.0,39022.30644168538,False,sarima_forecast,True,True,enhanced/post-hoc SARIMA robustness analysis,False,
Germany,SARIMA,2024-10-27,sarima_p2_d0_q0_P0_D1_Q0_s24,2,0,0,0,1,0,24,n,2024-10-26T18:00:00+02:00,2024-10-26T16:00:00+00:00,2024-10-26T16:00:00+00:00,2024-10-27 22:00:00+00:00,2024-10-27 23:00:00+00:00,2024-10-27T23:00:00+01:00,2024-10-27,42445.75,36422.51021057561,False,sarima_forecast,True,True,enhanced/post-hoc SARIMA robustness analysis,False,
Germany,SARIMA,2024-10-27,sarima_p2_d0_q1_P0_D1_Q0_s24,2,0,1,0,1,0,24,n,2024-10-26T18:00:00+02:00,2024-10-26T16:00:00+00:00,2024-10-26T16:00:00+00:00,2024-10-26 16:00:00+00:00,2024-10-26 17:00:00+00:00,2024-10-26T18:00:00+02:00,2024-10-26,51134.25,51518.842354935216,True,sarima_forecast,False,False,enhanced/post-hoc SARIMA robustness analysis,False,
Germany,SARIMA,2024-10-27,sarima_p2_d0_q1_P0_D1_Q0_s24,2,0,1,0,1,0,24,n,2024-10-26T18:00:00+02:00,2024-10-26T16:00:00+00:00,2024-10-26T16:00:00+00:00,2024-10-26 17:00:00+00:00,2024-10-26 18:00:00+00:00,2024-10-26T19:00:00+02:00,2024-10-26,50837.5,51192.671872069885,True,sarima_forecast,False,False,enhanced/post-hoc SARIMA robustness analysis,False,
Germany,SARIMA,2024-10-27,sarima_p2_d0_q1_P0_D1_Q0_s24,2,0,1,0,1,0,24,n,2024-10-26T18:00:00+02:00,2024-10-26T16:00:00+00:00,2024-10-26T16:00:00+00:00,2024-10-26 18:00:00+00:00,2024-10-26 19:00:00+00:00,2024-10-26T20:00:00+02:00,2024-10-26,48047.0,48293.42624869375,True,sarima_forecast,False,False,enhanced/post-hoc SARIMA robustness analysis,False,
Germany,SARIMA,2024-10-27,sarima_p2_d0_q1_P0_D1_Q0_s24,2,0,1,0,1,0,24,n,2024-10-26T18:00:00+02:00,2024-10-26T16:00:00+00:00,2024-10-26T16:00:00+00:00,2024-10-26 19:00:00+00:00,2024-10-26 20:00:00+00:00,2024-10-26T21:00:00+02:00,2024-10-26,45420.75,45500.262181903934,True,sarima_forecast,False,False,enhanced/post-hoc SARIMA robustness analysis,False,
Germany,SARIMA,2024-10-27,sarima_p2_d0_q1_P0_D1_Q0_s24,2,0,1,0,1,0,24,n,2024-10-26T18:00:00+02:00,2024-10-26T16:00:00+00:00,2024-10-26T16:00:00+00:00,2024-10-26 20:00:00+00:00,2024-10-26 21:00:00+00:00,2024-10-26T22:00:00+02:00,2024-10-26,44175.25,42554.51746410378,True,sarima_forecast,False,False,enhanced/post-hoc SARIMA robustness analysis,False,
Germany,SARIMA,2024-10-27,sarima_p2_d0_q1_P0_D1_Q0_s24,2,0,1,0,1,0,24,n,2024-10-26T18:00:00+02:00,2024-10-26T16:00:00+00:00,2024-10-26T16:00:00+00:00,2024-10-26 21:00:00+00:00,2024-10-26 22:00:00+00:00,2024-10-26T23:00:00+02:00,2024-10-26,41283.5,39167.75831996275,True,sarima_forecast,False,False,enhanced/post-hoc SARIMA robustness analysis,False,
Germany,SARIMA,2024-10-27,sarima_p2_d0_q1_P0_D1_Q0_s24,2,0,1,0,1,0,24,n,2024-10-26T18:00:00+02:00,2024-10-26T16:00:00+00:00,2024-10-26T16:00:00+00:00,2024-10-26 22:00:00+00:00,2024-10-26 23:00:00+00:00,2024-10-27T00:00:00+02:00,2024-10-27,38781.0,36442.212901413346,False,sarima_forecast,True,True,enhanced/post-hoc SARIMA robustness analysis,False,
Germany,SARIMA,2024-10-27,sarima_p2_d0_q1_P0_D1_Q0_s24,2,0,1,0,1,0,24,n,2024-10-26T18:00:00+02:00,2024-10-26T16:00:00+00:00,2024-10-26T16:00:00+00:00,2024-10-26 23:00:00+00:00,2024-10-27 00:00:00+00:00,2024-10-27T01:00:00+02:00,2024-10-27,37121.25,34833.00691220132,False,sarima_forecast,True,True,enhanced/post-hoc SARIMA robustness analysis,False,
Germany,SARIMA,2024-10-27,sarima_p2_d0_q1_P0_D1_Q0_s24,2,0,1,0,1,0,24,n,2024-10-26T18:00:00+02:00,2024-10-26T16:00:00+00:00,2024-10-26T16:00:00+00:00,2024-10-27 00:00:00+00:00,2024-10-27 01:00:00+00:00,2024-10-27T02:00:00+02:00,2024-10-27,35966.0,33828.6671733385,False,sarima_forecast,True,True,enhanced/post-hoc SARIMA robustness analysis,False,
Germany,SARIMA,2024-10-27,sarima_p2_d0_q1_P0_D1_Q0_s24,2,0,1,0,1,0,24,n,2024-10-26T18:00:00+02:00,2024-10-26T16:00:00+00:00,2024-10-26T16:00:00+00:00,2024-10-27 01:00:00+00:00,2024-10-27 02:00:00+00:00,2024-10-27T02:00:00+01:00,2024-10-27,35613.25,33883.62998519234,False,sarima_forecast,True,True,enhanced/post-hoc SARIMA robustness analysis,False,
Germany,SARIMA,2024-10-27,sarima_p2_d0_q1_P0_D1_Q0_s24,2,0,1,0,1,0,24,n,2024-10-26T18:00:00+02:00,2024-10-26T16:00:00+00:00,2024-10-26T16:00:00+00:00,2024-10-27 02:00:00+00:00,2024-10-27 03:00:00+00:00,2024-10-27T03:00:00+01:00,2024-10-27,35759.0,34306.99971022792,False,sarima_forecast,True,True,enhanced/post-hoc SARIMA robustness analysis,False,
Germany,SARIMA,2024-10-27,sarima_p2_d0_q1_P0_D1_Q0_s24,2,0,1,0,1,0,24,n,2024-10-26T18:00:00+02:00,2024-10-26T16:00:00+00:00,2024-10-26T16:00:00+00:00,2024-10-27 03:00:00+00:00,2024-10-27 04:00:00+00:00,2024-10-27T04:00:00+01:00,2024-10-27,35908.75,35424.43129931615,False,sarima_forecast,True,True,enhanced/post-hoc SARIMA robustness analysis,False,
Germany,SARIMA,2024-10-27,sarima_p2_d0_q1_P0_D1_Q0_s24,2,0,1,0,1,0,24,n,2024-10-26T18:00:00+02:00,2024-10-26T16:00:00+00:00,2024-10-26T16:00:00+00:00,2024-10-27 04:00:00+00:00,2024-10-27 05:00:00+00:00,2024-10-27T05:00:00+01:00,2024-10-27,36493.75,37499.69913703412,False,sarima_forecast,True,True,enhanced/post-hoc SARIMA robustness analysis,False,
Germany,SARIMA,2024-10-27,sarima_p2_d0_q1_P0_D1_Q0_s24,2,0,1,0,1,0,24,n,2024-10-26T18:00:00+02:00,2024-10-26T16:00:00+00:00,2024-10-26T16:00:00+00:00,2024-10-27 05:00:00+00:00,2024-10-27 06:00:00+00:00,2024-10-27T06:00:00+01:00,2024-10-27,38217.5,40527.23365686435,False,sarima_forecast,True,True,enhanced/post-hoc SARIMA robustness analysis,False,
Germany,SARIMA,2024-10-27,sarima_p2_d0_q1_P0_D1_Q0_s24,2,0,1,0,1,0,24,n,2024-10-26T18:00:00+02:00,2024-10-26T16:00:00+00:00,2024-10-26T16:00:00+00:00,2024-10-27 06:00:00+00:00,2024-10-27 07:00:00+00:00,2024-10-27T07:00:00+01:00,2024-10-27,40609.5,43898.14158826856,False,sarima_forecast,True,True,enhanced/post-hoc SARIMA robustness analysis,False,
Germany,SARIMA,2024-10-27,sarima_p2_d0_q1_P0_D1_Q0_s24,2,0,1,0,1,0,24,n,2024-10-26T18:00:00+02:00,2024-10-26T16:00:00+00:00,2024-10-26T16:00:00+00:00,2024-10-27 07:00:00+00:00,2024-10-27 08:00:00+00:00,2024-10-27T08:00:00+01:00,2024-10-27,44426.75,46587.46783904845,False,sarima_forecast,True,True,enhanced/post-hoc SARIMA robustness analysis,False,
Germany,SARIMA,2024-10-27,sarima_p2_d0_q1_P0_D1_Q0_s24,2,0,1,0,1,0,24,n,2024-10-26T18:00:00+02:00,2024-10-26T16:00:00+00:00,2024-10-26T16:00:00+00:00,2024-10-27 08:00:00+00:00,2024-10-27 09:00:00+00:00,2024-10-27T09:00:00+01:00,2024-10-27,47246.25,48246.70305458466,False,sarima_forecast,True,True,enhanced/post-hoc SARIMA robustness analysis,False,
Germany,SARIMA,2024-10-27,sarima_p2_d0_q1_P0_D1_Q0_s24,2,0,1,0,1,0,24,n,2024-10-26T18:00:00+02:00,2024-10-26T16:00:00+00:00,2024-10-26T16:00:00+00:00,2024-10-27 09:00:00+00:00,2024-10-27 10:00:00+00:00,2024-10-27T10:00:00+01:00,2024-10-27,49383.25,49255.538898017316,False,sarima_forecast,True,True,enhanced/post-hoc SARIMA robustness analysis,False,
Germany,SARIMA,2024-10-27,sarima_p2_d0_q1_P0_D1_Q0_s24,2,0,1,0,1,0,24,n,2024-10-26T18:00:00+02:00,2024-10-26T16:00:00+00:00,2024-10-26T16:00:00+00:00,2024-10-27 10:00:00+00:00,2024-10-27 11:00:00+00:00,2024-10-27T11:00:00+01:00,2024-10-27,50993.25,49786.372088089396,False,sarima_forecast,True,True,enhanced/post-hoc SARIMA robustness analysis,False,
Germany,SARIMA,2024-10-27,sarima_p2_d0_q1_P0_D1_Q0_s24,2,0,1,0,1,0,24,n,2024-10-26T18:00:00+02:00,2024-10-26T16:00:00+00:00,2024-10-26T16:00:00+00:00,2024-10-27 11:00:00+00:00,2024-10-27 12:00:00+00:00,2024-10-27T12:00:00+01:00,2024-10-27,50760.75,48418.057723191654,False,sarima_forecast,True,True,enhanced/post-hoc SARIMA robustness analysis,False,
Germany,SARIMA,2024-10-27,sarima_p2_d0_q1_P0_D1_Q0_s24,2,0,1,0,1,0,24,n,2024-10-26T18:00:00+02:00,2024-10-26T16:00:00+00:00,2024-10-26T16:00:00+00:00,2024-10-27 12:00:00+00:00,2024-10-27 13:00:00+00:00,2024-10-27T13:00:00+01:00,2024-10-27,49008.25,46531.91216360484,False,sarima_forecast,True,True,enhanced/post-hoc SARIMA robustness analysis,False,
Germany,SARIMA,2024-10-27,sarima_p2_d0_q1_P0_D1_Q0_s24,2,0,1,0,1,0,24,n,2024-10-26T18:00:00+02:00,2024-10-26T16:00:00+00:00,2024-10-26T16:00:00+00:00,2024-10-27 13:00:00+00:00,2024-10-27 14:00:00+00:00,2024-10-27T14:00:00+01:00,2024-10-27,46968.25,45016.715614263434,False,sarima_forecast,True,True,enhanced/post-hoc SARIMA robustness analysis,False,
Germany,SARIMA,2024-10-27,sarima_p2_d0_q1_P0_D1_Q0_s24,2,0,1,0,1,0,24,n,2024-10-26T18:00:00+02:00,2024-10-26T16:00:00+00:00,2024-10-26T16:00:00+00:00,2024-10-27 14:00:00+00:00,2024-10-27 15:00:00+00:00,2024-10-27T15:00:00+01:00,2024-10-27,45316.25,44516.71448466814,False,sarima_forecast,True,True,enhanced/post-hoc SARIMA robustness analysis,False,
Germany,SARIMA,2024-10-27,sarima_p2_d0_q1_P0_D1_Q0_s24,2,0,1,0,1,0,24,n,2024-10-26T18:00:00+02:00,2024-10-26T16:00:00+00:00,2024-10-26T16:00:00+00:00,2024-10-27 15:00:00+00:00,2024-10-27 16:00:00+00:00,2024-10-27T16:00:00+01:00,2024-10-27,46240.0,46793.12356914757,False,sarima_forecast,True,True,enhanced/post-hoc SARIMA robustness analysis,False,
Germany,SARIMA,2024-10-27,sarima_p2_d0_q1_P0_D1_Q0_s24,2,0,1,0,1,0,24,n,2024-10-26T18:00:00+02:00,2024-10-26T16:00:00+00:00,2024-10-26T16:00:00+00:00,2024-10-27 16:00:00+00:00,2024-10-27 17:00:00+00:00,2024-10-27T17:00:00+01:00,2024-10-27,49832.0,50131.72042846358,False,sarima_forecast,True,True,enhanced/post-hoc SARIMA robustness analysis,False,
Germany,SARIMA,2024-10-27,sarima_p2_d0_q1_P0_D1_Q0_s24,2,0,1,0,1,0,24,n,2024-10-26T18:00:00+02:00,2024-10-26T16:00:00+00:00,2024-10-26T16:00:00+00:00,2024-10-27 17:00:00+00:00,2024-10-27 18:00:00+00:00,2024-10-27T18:00:00+01:00,2024-10-27,51382.25,49893.807377430465,False,sarima_forecast,True,True,enhanced/post-hoc SARIMA robustness analysis,False,
Germany,SARIMA,2024-10-27,sarima_p2_d0_q1_P0_D1_Q0_s24,2,0,1,0,1,0,24,n,2024-10-26T18:00:00+02:00,2024-10-26T16:00:00+00:00,2024-10-26T16:00:00+00:00,2024-10-27 18:00:00+00:00,2024-10-27 19:00:00+00:00,2024-10-27T19:00:00+01:00,2024-10-27,49927.75,47077.20368879036,False,sarima_forecast,True,True,enhanced/post-hoc SARIMA robustness analysis,False,
Germany,SARIMA,2024-10-27,sarima_p2_d0_q1_P0_D1_Q0_s24,2,0,1,0,1,0,24,n,2024-10-26T18:00:00+02:00,2024-10-26T16:00:00+00:00,2024-10-26T16:00:00+00:00,2024-10-27 19:00:00+00:00,2024-10-27 20:00:00+00:00,2024-10-27T20:00:00+01:00,2024-10-27,47662.25,44361.423354894236,False,sarima_forecast,True,True,enhanced/post-hoc SARIMA robustness analysis,False,
Germany,SARIMA,2024-10-27,sarima_p2_d0_q1_P0_D1_Q0_s24,2,0,1,0,1,0,24,n,2024-10-26T18:00:00+02:00,2024-10-26T16:00:00+00:00,2024-10-26T16:00:00+00:00,2024-10-27 20:00:00+00:00,2024-10-27 21:00:00+00:00,2024-10-27T21:00:00+01:00,2024-10-27,45590.0,41488.13872903551,False,sarima_forecast,True,True,enhanced/post-hoc SARIMA robustness analysis,False,
Germany,SARIMA,2024-10-27,sarima_p2_d0_q1_P0_D1_Q0_s24,2,0,1,0,1,0,24,n,2024-10-26T18:00:00+02:00,2024-10-26T16:00:00+00:00,2024-10-26T16:00:00+00:00,2024-10-27 21:00:00+00:00,2024-10-27 22:00:00+00:00,2024-10-27T22:00:00+01:00,2024-10-27,44399.0,38169.22930940512,False,sarima_forecast,True,True,enhanced/post-hoc SARIMA robustness analysis,False,
Germany,SARIMA,2024-10-27,sarima_p2_d0_q1_P0_D1_Q0_s24,2,0,1,0,1,0,24,n,2024-10-26T18:00:00+02:00,2024-10-26T16:00:00+00:00,2024-10-26T16:00:00+00:00,2024-10-27 22:00:00+00:00,2024-10-27 23:00:00+00:00,2024-10-27T23:00:00+01:00,2024-10-27,42445.75,35507.21658877269,False,sarima_forecast,True,True,enhanced/post-hoc SARIMA robustness analysis,False,
Germany,SARIMA,2024-10-27,sarima_p2_d0_q2_P0_D1_Q0_s24,2,0,2,0,1,0,24,n,2024-10-26T18:00:00+02:00,2024-10-26T16:00:00+00:00,2024-10-26T16:00:00+00:00,2024-10-26 16:00:00+00:00,2024-10-26 17:00:00+00:00,2024-10-26T18:00:00+02:00,2024-10-26,51134.25,51483.834203627935,True,sarima_forecast,False,False,enhanced/post-hoc SARIMA robustness analysis,False,
Germany,SARIMA,2024-10-27,sarima_p2_d0_q2_P0_D1_Q0_s24,2,0,2,0,1,0,24,n,2024-10-26T18:00:00+02:00,2024-10-26T16:00:00+00:00,2024-10-26T16:00:00+00:00,2024-10-26 17:00:00+00:00,2024-10-26 18:00:00+00:00,2024-10-26T19:00:00+02:00,2024-10-26,50837.5,51195.06965698041,True,sarima_forecast,False,False,enhanced/post-hoc SARIMA robustness analysis,False,
Germany,SARIMA,2024-10-27,sarima_p2_d0_q2_P0_D1_Q0_s24,2,0,2,0,1,0,24,n,2024-10-26T18:00:00+02:00,2024-10-26T16:00:00+00:00,2024-10-26T16:00:00+00:00,2024-10-26 18:00:00+00:00,2024-10-26 19:00:00+00:00,2024-10-26T20:00:00+02:00,2024-10-26,48047.0,48227.344426233525,True,sarima_forecast,False,False,enhanced/post-hoc SARIMA robustness analysis,False,
Germany,SARIMA,2024-10-27,sarima_p2_d0_q2_P0_D1_Q0_s24,2,0,2,0,1,0,24,n,2024-10-26T18:00:00+02:00,2024-10-26T16:00:00+00:00,2024-10-26T16:00:00+00:00,2024-10-26 19:00:00+00:00,2024-10-26 20:00:00+00:00,2024-10-26T21:00:00+02:00,2024-10-26,45420.75,45362.32187766686,True,sarima_forecast,False,False,enhanced/post-hoc SARIMA robustness analysis,False,
Germany,SARIMA,2024-10-27,sarima_p2_d0_q2_P0_D1_Q0_s24,2,0,2,0,1,0,24,n,2024-10-26T18:00:00+02:00,2024-10-26T16:00:00+00:00,2024-10-26T16:00:00+00:00,2024-10-26 20:00:00+00:00,2024-10-26 21:00:00+00:00,2024-10-26T22:00:00+02:00,2024-10-26,44175.25,42357.214286363866,True,sarima_forecast,False,False,enhanced/post-hoc SARIMA robustness analysis,False,
Germany,SARIMA,2024-10-27,sarima_p2_d0_q2_P0_D1_Q0_s24,2,0,2,0,1,0,24,n,2024-10-26T18:00:00+02:00,2024-10-26T16:00:00+00:00,2024-10-26T16:00:00+00:00,2024-10-26 21:00:00+00:00,2024-10-26 22:00:00+00:00,2024-10-26T23:00:00+02:00,2024-10-26,41283.5,38922.77143424293,True,sarima_forecast,False,False,enhanced/post-hoc SARIMA robustness analysis,False,
Germany,SARIMA,2024-10-27,sarima_p2_d0_q2_P0_D1_Q0_s24,2,0,2,0,1,0,24,n,2024-10-26T18:00:00+02:00,2024-10-26T16:00:00+00:00,2024-10-26T16:00:00+00:00,2024-10-26 22:00:00+00:00,2024-10-26 23:00:00+00:00,2024-10-27T00:00:00+02:00,2024-10-27,38781.0,36158.504518342976,False,sarima_forecast,True,True,enhanced/post-hoc SARIMA robustness analysis,False,
Germany,SARIMA,2024-10-27,sarima_p2_d0_q2_P0_D1_Q0_s24,2,0,2,0,1,0,24,n,2024-10-26T18:00:00+02:00,2024-10-26T16:00:00+00:00,2024-10-26T16:00:00+00:00,2024-10-26 23:00:00+00:00,2024-10-27 00:00:00+00:00,2024-10-27T01:00:00+02:00,2024-10-27,37121.25,34517.44742301088,False,sarima_forecast,True,True,enhanced/post-hoc SARIMA robustness analysis,False,
Germany,SARIMA,2024-10-27,sarima_p2_d0_q2_P0_D1_Q0_s24,2,0,2,0,1,0,24,n,2024-10-26T18:00:00+02:00,2024-10-26T16:00:00+00:00,2024-10-26T16:00:00+00:00,2024-10-27 00:00:00+00:00,2024-10-27 01:00:00+00:00,2024-10-27T02:00:00+02:00,2024-10-27,35966.0,33486.745052506914,False,sarima_forecast,True,True,enhanced/post-hoc SARIMA robustness analysis,False,
Germany,SARIMA,2024-10-27,sarima_p2_d0_q2_P0_D1_Q0_s24,2,0,2,0,1,0,24,n,2024-10-26T18:00:00+02:00,2024-10-26T16:00:00+00:00,2024-10-26T16:00:00+00:00,2024-10-27 01:00:00+00:00,2024-10-27 02:00:00+00:00,2024-10-27T02:00:00+01:00,2024-10-27,35613.25,33519.917215224894,False,sarima_forecast,True,True,enhanced/post-hoc SARIMA robustness analysis,False,
Germany,SARIMA,2024-10-27,sarima_p2_d0_q2_P0_D1_Q0_s24,2,0,2,0,1,0,24,n,2024-10-26T18:00:00+02:00,2024-10-26T16:00:00+00:00,2024-10-26T16:00:00+00:00,2024-10-27 02:00:00+00:00,2024-10-27 03:00:00+00:00,2024-10-27T03:00:00+01:00,2024-10-27,35759.0,33925.42386026621,False,sarima_forecast,True,True,enhanced/post-hoc SARIMA robustness analysis,False,
Germany,SARIMA,2024-10-27,sarima_p2_d0_q2_P0_D1_Q0_s24,2,0,2,0,1,0,24,n,2024-10-26T18:00:00+02:00,2024-10-26T16:00:00+00:00,2024-10-26T16:00:00+00:00,2024-10-27 03:00:00+00:00,2024-10-27 04:00:00+00:00,2024-10-27T04:00:00+01:00,2024-10-27,35908.75,35028.43238324941,False,sarima_forecast,True,True,enhanced/post-hoc SARIMA robustness analysis,False,
Germany,SARIMA,2024-10-27,sarima_p2_d0_q2_P0_D1_Q0_s24,2,0,2,0,1,0,24,n,2024-10-26T18:00:00+02:00,2024-10-26T16:00:00+00:00,2024-10-26T16:00:00+00:00,2024-10-27 04:00:00+00:00,2024-10-27 05:00:00+00:00,2024-10-27T05:00:00+01:00,2024-10-27,36493.75,37092.32330339136,False,sarima_forecast,True,True,enhanced/post-hoc SARIMA robustness analysis,False,
Germany,SARIMA,2024-10-27,sarima_p2_d0_q2_P0_D1_Q0_s24,2,0,2,0,1,0,24,n,2024-10-26T18:00:00+02:00,2024-10-26T16:00:00+00:00,2024-10-26T16:00:00+00:00,2024-10-27 05:00:00+00:00,2024-10-27 06:00:00+00:00,2024-10-27T06:00:00+01:00,2024-10-27,38217.5,40111.1930590776,False,sarima_forecast,True,True,enhanced/post-hoc SARIMA robustness analysis,False,
Germany,SARIMA,2024-10-27,sarima_p2_d0_q2_P0_D1_Q0_s24,2,0,2,0,1,0,24,n,2024-10-26T18:00:00+02:00,2024-10-26T16:00:00+00:00,2024-10-26T16:00:00+00:00,2024-10-27 06:00:00+00:00,2024-10-27 07:00:00+00:00,2024-10-27T07:00:00+01:00,2024-10-27,40609.5,43475.856032859694,False,sarima_forecast,True,True,enhanced/post-hoc SARIMA robustness analysis,False,
Germany,SARIMA,2024-10-27,sarima_p2_d0_q2_P0_D1_Q0_s24,2,0,2,0,1,0,24,n,2024-10-26T18:00:00+02:00,2024-10-26T16:00:00+00:00,2024-10-26T16:00:00+00:00,2024-10-27 07:00:00+00:00,2024-10-27 08:00:00+00:00,2024-10-27T08:00:00+01:00,2024-10-27,44426.75,46161.096318366945,False,sarima_forecast,True,True,enhanced/post-hoc SARIMA robustness analysis,False,
Germany,SARIMA,2024-10-27,sarima_p2_d0_q2_P0_D1_Q0_s24,2,0,2,0,1,0,24,n,2024-10-26T18:00:00+02:00,2024-10-26T16:00:00+00:00,2024-10-26T16:00:00+00:00,2024-10-27 08:00:00+00:00,2024-10-27 09:00:00+00:00,2024-10-27T09:00:00+01:00,2024-10-27,47246.25,47818.16935644443,False,sarima_forecast,True,True,enhanced/post-hoc SARIMA robustness analysis,False,
Germany,SARIMA,2024-10-27,sarima_p2_d0_q2_P0_D1_Q0_s24,2,0,2,0,1,0,24,n,2024-10-26T18:00:00+02:00,2024-10-26T16:00:00+00:00,2024-10-26T16:00:00+00:00,2024-10-27 09:00:00+00:00,2024-10-27 10:00:00+00:00,2024-10-27T10:00:00+01:00,2024-10-27,49383.25,48826.553474858716,False,sarima_forecast,True,True,enhanced/post-hoc SARIMA robustness analysis,False,
Germany,SARIMA,2024-10-27,sarima_p2_d0_q2_P0_D1_Q0_s24,2,0,2,0,1,0,24,n,2024-10-26T18:00:00+02:00,2024-10-26T16:00:00+00:00,2024-10-26T16:00:00+00:00,2024-10-27 10:00:00+00:00,2024-10-27 11:00:00+00:00,2024-10-27T11:00:00+01:00,2024-10-27,50993.25,49358.4513433249,False,sarima_forecast,True,True,enhanced/post-hoc SARIMA robustness analysis,False,
Germany,SARIMA,2024-10-27,sarima_p2_d0_q2_P0_D1_Q0_s24,2,0,2,0,1,0,24,n,2024-10-26T18:00:00+02:00,2024-10-26T16:00:00+00:00,2024-10-26T16:00:00+00:00,2024-10-27 11:00:00+00:00,2024-10-27 12:00:00+00:00,2024-10-27T12:00:00+01:00,2024-10-27,50760.75,47992.54134998226,False,sarima_forecast,True,True,enhanced/post-hoc SARIMA robustness analysis,False,
Germany,SARIMA,2024-10-27,sarima_p2_d0_q2_P0_D1_Q0_s24,2,0,2,0,1,0,24,n,2024-10-26T18:00:00+02:00,2024-10-26T16:00:00+00:00,2024-10-26T16:00:00+00:00,2024-10-27 12:00:00+00:00,2024-10-27 13:00:00+00:00,2024-10-27T13:00:00+01:00,2024-10-27,49008.25,46109.97890391362,False,sarima_forecast,True,True,enhanced/post-hoc SARIMA robustness analysis,False,
Germany,SARIMA,2024-10-27,sarima_p2_d0_q2_P0_D1_Q0_s24,2,0,2,0,1,0,24,n,2024-10-26T18:00:00+02:00,2024-10-26T16:00:00+00:00,2024-10-26T16:00:00+00:00,2024-10-27 13:00:00+00:00,2024-10-27 14:00:00+00:00,2024-10-27T14:00:00+01:00,2024-10-27,46968.25,44599.397667767545,False,sarima_forecast,True,True,enhanced/post-hoc SARIMA robustness analysis,False,
Germany,SARIMA,2024-10-27,sarima_p2_d0_q2_P0_D1_Q0_s24,2,0,2,0,1,0,24,n,2024-10-26T18:00:00+02:00,2024-10-26T16:00:00+00:00,2024-10-26T16:00:00+00:00,2024-10-27 14:00:00+00:00,2024-10-27 15:00:00+00:00,2024-10-27T15:00:00+01:00,2024-10-27,45316.25,44104.91072425473,False,sarima_forecast,True,True,enhanced/post-hoc SARIMA robustness analysis,False,
Germany,SARIMA,2024-10-27,sarima_p2_d0_q2_P0_D1_Q0_s24,2,0,2,0,1,0,24,n,2024-10-26T18:00:00+02:00,2024-10-26T16:00:00+00:00,2024-10-26T16:00:00+00:00,2024-10-27 15:00:00+00:00,2024-10-27 16:00:00+00:00,2024-10-27T16:00:00+01:00,2024-10-27,46240.0,46387.61168007107,False,sarima_forecast,True,True,enhanced/post-hoc SARIMA robustness analysis,False,
Germany,SARIMA,2024-10-27,sarima_p2_d0_q2_P0_D1_Q0_s24,2,0,2,0,1,0,24,n,2024-10-26T18:00:00+02:00,2024-10-26T16:00:00+00:00,2024-10-26T16:00:00+00:00,2024-10-27 16:00:00+00:00,2024-10-27 17:00:00+00:00,2024-10-27T17:00:00+01:00,2024-10-27,49832.0,49698.15991423296,False,sarima_forecast,True,True,enhanced/post-hoc SARIMA robustness analysis,False,
Germany,SARIMA,2024-10-27,sarima_p2_d0_q2_P0_D1_Q0_s24,2,0,2,0,1,0,24,n,2024-10-26T18:00:00+02:00,2024-10-26T16:00:00+00:00,2024-10-26T16:00:00+00:00,2024-10-27 17:00:00+00:00,2024-10-27 18:00:00+00:00,2024-10-27T18:00:00+01:00,2024-10-27,51382.25,49505.18020558651,False,sarima_forecast,True,True,enhanced/post-hoc SARIMA robustness analysis,False,
Germany,SARIMA,2024-10-27,sarima_p2_d0_q2_P0_D1_Q0_s24,2,0,2,0,1,0,24,n,2024-10-26T18:00:00+02:00,2024-10-26T16:00:00+00:00,2024-10-26T16:00:00+00:00,2024-10-27 18:00:00+00:00,2024-10-27 19:00:00+00:00,2024-10-27T19:00:00+01:00,2024-10-27,49927.75,46628.101846053934,False,sarima_forecast,True,True,enhanced/post-hoc SARIMA robustness analysis,False,
Germany,SARIMA,2024-10-27,sarima_p2_d0_q2_P0_D1_Q0_s24,2,0,2,0,1,0,24,n,2024-10-26T18:00:00+02:00,2024-10-26T16:00:00+00:00,2024-10-26T16:00:00+00:00,2024-10-27 19:00:00+00:00,2024-10-27 20:00:00+00:00,2024-10-27T20:00:00+01:00,2024-10-27,47662.25,43848.86380610492,False,sarima_forecast,True,True,enhanced/post-hoc SARIMA robustness analysis,False,
Germany,SARIMA,2024-10-27,sarima_p2_d0_q2_P0_D1_Q0_s24,2,0,2,0,1,0,24,n,2024-10-26T18:00:00+02:00,2024-10-26T16:00:00+00:00,2024-10-26T16:00:00+00:00,2024-10-27 20:00:00+00:00,2024-10-27 21:00:00+00:00,2024-10-27T21:00:00+01:00,2024-10-27,45590.0,40924.939181408394,False,sarima_forecast,True,True,enhanced/post-hoc SARIMA robustness analysis,False,
Germany,SARIMA,2024-10-27,sarima_p2_d0_q2_P0_D1_Q0_s24,2,0,2,0,1,0,24,n,2024-10-26T18:00:00+02:00,2024-10-26T16:00:00+00:00,2024-10-26T16:00:00+00:00,2024-10-27 21:00:00+00:00,2024-10-27 22:00:00+00:00,2024-10-27T22:00:00+01:00,2024-10-27,44399.0,37567.32458386664,False,sarima_forecast,True,True,enhanced/post-hoc SARIMA robustness analysis,False,
Germany,SARIMA,2024-10-27,sarima_p2_d0_q2_P0_D1_Q0_s24,2,0,2,0,1,0,24,n,2024-10-26T18:00:00+02:00,2024-10-26T16:00:00+00:00,2024-10-26T16:00:00+00:00,2024-10-27 22:00:00+00:00,2024-10-27 23:00:00+00:00,2024-10-27T23:00:00+01:00,2024-10-27,42445.75,34875.76480036671,False,sarima_forecast,True,True,enhanced/post-hoc SARIMA robustness analysis,False,
Austria,SARIMA,2024-01-15,sarima_p2_d0_q0_P0_D1_Q0_s24,2,0,0,0,1,0,24,n,2024-01-14T08:00:00+01:00,2024-01-14T07:00:00+00:00,2024-01-14T07:00:00+00:00,2024-01-14 07:00:00+00:00,2024-01-14 08:00:00+00:00,2024-01-14T08:00:00+01:00,2024-01-14,7268.25,7308.804062783609,True,sarima_forecast,False,False,enhanced/post-hoc SARIMA robustness analysis,False,
Austria,SARIMA,2024-01-15,sarima_p2_d0_q0_P0_D1_Q0_s24,2,0,0,0,1,0,24,n,2024-01-14T08:00:00+01:00,2024-01-14T07:00:00+00:00,2024-01-14T07:00:00+00:00,2024-01-14 08:00:00+00:00,2024-01-14 09:00:00+00:00,2024-01-14T09:00:00+01:00,2024-01-14,7589.5,7582.123499884142,True,sarima_forecast,False,False,enhanced/post-hoc SARIMA robustness analysis,False,
Austria,SARIMA,2024-01-15,sarima_p2_d0_q0_P0_D1_Q0_s24,2,0,0,0,1,0,24,n,2024-01-14T08:00:00+01:00,2024-01-14T07:00:00+00:00,2024-01-14T07:00:00+00:00,2024-01-14 09:00:00+00:00,2024-01-14 10:00:00+00:00,2024-01-14T10:00:00+01:00,2024-01-14,7757.25,7555.013044522051,True,sarima_forecast,False,False,enhanced/post-hoc SARIMA robustness analysis,False,
Austria,SARIMA,2024-01-15,sarima_p2_d0_q0_P0_D1_Q0_s24,2,0,0,0,1,0,24,n,2024-01-14T08:00:00+01:00,2024-01-14T07:00:00+00:00,2024-01-14T07:00:00+00:00,2024-01-14 10:00:00+00:00,2024-01-14 11:00:00+00:00,2024-01-14T11:00:00+01:00,2024-01-14,7745.5,7471.509051527718,True,sarima_forecast,False,False,enhanced/post-hoc SARIMA robustness analysis,False,
Austria,SARIMA,2024-01-15,sarima_p2_d0_q0_P0_D1_Q0_s24,2,0,0,0,1,0,24,n,2024-01-14T08:00:00+01:00,2024-01-14T07:00:00+00:00,2024-01-14T07:00:00+00:00,2024-01-14 11:00:00+00:00,2024-01-14 12:00:00+00:00,2024-01-14T12:00:00+01:00,2024-01-14,7482.5,7240.135691773757,True,sarima_forecast,False,False,enhanced/post-hoc SARIMA robustness analysis,False,
Austria,SARIMA,2024-01-15,sarima_p2_d0_q0_P0_D1_Q0_s24,2,0,0,0,1,0,24,n,2024-01-14T08:00:00+01:00,2024-01-14T07:00:00+00:00,2024-01-14T07:00:00+00:00,2024-01-14 12:00:00+00:00,2024-01-14 13:00:00+00:00,2024-01-14T13:00:00+01:00,2024-01-14,7220.5,7044.5995401775535,True,sarima_forecast,False,False,enhanced/post-hoc SARIMA robustness analysis,False,
Austria,SARIMA,2024-01-15,sarima_p2_d0_q0_P0_D1_Q0_s24,2,0,0,0,1,0,24,n,2024-01-14T08:00:00+01:00,2024-01-14T07:00:00+00:00,2024-01-14T07:00:00+00:00,2024-01-14 13:00:00+00:00,2024-01-14 14:00:00+00:00,2024-01-14T14:00:00+01:00,2024-01-14,7135.75,7047.045003850438,True,sarima_forecast,False,False,enhanced/post-hoc SARIMA robustness analysis,False,
Austria,SARIMA,2024-01-15,sarima_p2_d0_q0_P0_D1_Q0_s24,2,0,0,0,1,0,24,n,2024-01-14T08:00:00+01:00,2024-01-14T07:00:00+00:00,2024-01-14T07:00:00+00:00,2024-01-14 14:00:00+00:00,2024-01-14 15:00:00+00:00,2024-01-14T15:00:00+01:00,2024-01-14,7290.0,7339.5300190111975,True,sarima_forecast,False,False,enhanced/post-hoc SARIMA robustness analysis,False,
Austria,SARIMA,2024-01-15,sarima_p2_d0_q0_P0_D1_Q0_s24,2,0,0,0,1,0,24,n,2024-01-14T08:00:00+01:00,2024-01-14T07:00:00+00:00,2024-01-14T07:00:00+00:00,2024-01-14 15:00:00+00:00,2024-01-14 16:00:00+00:00,2024-01-14T16:00:00+01:00,2024-01-14,7616.25,7763.657720530332,True,sarima_forecast,False,False,enhanced/post-hoc SARIMA robustness analysis,False,
Austria,SARIMA,2024-01-15,sarima_p2_d0_q0_P0_D1_Q0_s24,2,0,0,0,1,0,24,n,2024-01-14T08:00:00+01:00,2024-01-14T07:00:00+00:00,2024-01-14T07:00:00+00:00,2024-01-14 16:00:00+00:00,2024-01-14 17:00:00+00:00,2024-01-14T17:00:00+01:00,2024-01-14,8033.0,8176.3184543264115,True,sarima_forecast,False,False,enhanced/post-hoc SARIMA robustness analysis,False,
Austria,SARIMA,2024-01-15,sarima_p2_d0_q0_P0_D1_Q0_s24,2,0,0,0,1,0,24,n,2024-01-14T08:00:00+01:00,2024-01-14T07:00:00+00:00,2024-01-14T07:00:00+00:00,2024-01-14 17:00:00+00:00,2024-01-14 18:00:00+00:00,2024-01-14T18:00:00+01:00,2024-01-14,8106.0,8120.009762073974,True,sarima_forecast,False,False,enhanced/post-hoc SARIMA robustness analysis,False,
Austria,SARIMA,2024-01-15,sarima_p2_d0_q0_P0_D1_Q0_s24,2,0,0,0,1,0,24,n,2024-01-14T08:00:00+01:00,2024-01-14T07:00:00+00:00,2024-01-14T07:00:00+00:00,2024-01-14 18:00:00+00:00,2024-01-14 19:00:00+00:00,2024-01-14T19:00:00+01:00,2024-01-14,7920.25,7794.461384651034,True,sarima_forecast,False,False,enhanced/post-hoc SARIMA robustness analysis,False,
Austria,SARIMA,2024-01-15,sarima_p2_d0_q0_P0_D1_Q0_s24,2,0,0,0,1,0,24,n,2024-01-14T08:00:00+01:00,2024-01-14T07:00:00+00:00,2024-01-14T07:00:00+00:00,2024-01-14 19:00:00+00:00,2024-01-14 20:00:00+00:00,2024-01-14T20:00:00+01:00,2024-01-14,7576.25,7406.79901759849,True,sarima_forecast,False,False,enhanced/post-hoc SARIMA robustness analysis,False,
Austria,SARIMA,2024-01-15,sarima_p2_d0_q0_P0_D1_Q0_s24,2,0,0,0,1,0,24,n,2024-01-14T08:00:00+01:00,2024-01-14T07:00:00+00:00,2024-01-14T07:00:00+00:00,2024-01-14 20:00:00+00:00,2024-01-14 21:00:00+00:00,2024-01-14T21:00:00+01:00,2024-01-14,7195.0,7034.235298970359,True,sarima_forecast,False,False,enhanced/post-hoc SARIMA robustness analysis,False,
Austria,SARIMA,2024-01-15,sarima_p2_d0_q0_P0_D1_Q0_s24,2,0,0,0,1,0,24,n,2024-01-14T08:00:00+01:00,2024-01-14T07:00:00+00:00,2024-01-14T07:00:00+00:00,2024-01-14 21:00:00+00:00,2024-01-14 22:00:00+00:00,2024-01-14T22:00:00+01:00,2024-01-14,7223.5,7019.529879021534,True,sarima_forecast,False,False,enhanced/post-hoc SARIMA robustness analysis,False,
Austria,SARIMA,2024-01-15,sarima_p2_d0_q0_P0_D1_Q0_s24,2,0,0,0,1,0,24,n,2024-01-14T08:00:00+01:00,2024-01-14T07:00:00+00:00,2024-01-14T07:00:00+00:00,2024-01-14 22:00:00+00:00,2024-01-14 23:00:00+00:00,2024-01-14T23:00:00+01:00,2024-01-14,6877.5,6651.962811371938,True,sarima_forecast,False,False,enhanced/post-hoc SARIMA robustness analysis,False,
Austria,SARIMA,2024-01-15,sarima_p2_d0_q0_P0_D1_Q0_s24,2,0,0,0,1,0,24,n,2024-01-14T08:00:00+01:00,2024-01-14T07:00:00+00:00,2024-01-14T07:00:00+00:00,2024-01-14 23:00:00+00:00,2024-01-15 00:00:00+00:00,2024-01-15T00:00:00+01:00,2024-01-15,6630.0,6404.817200247329,False,sarima_forecast,True,True,enhanced/post-hoc SARIMA robustness analysis,False,
Austria,SARIMA,2024-01-15,sarima_p2_d0_q0_P0_D1_Q0_s24,2,0,0,0,1,0,24,n,2024-01-14T08:00:00+01:00,2024-01-14T07:00:00+00:00,2024-01-14T07:00:00+00:00,2024-01-15 00:00:00+00:00,2024-01-15 01:00:00+00:00,2024-01-15T01:00:00+01:00,2024-01-15,6394.0,6147.368239673429,False,sarima_forecast,True,True,enhanced/post-hoc SARIMA robustness analysis,False,
Austria,SARIMA,2024-01-15,sarima_p2_d0_q0_P0_D1_Q0_s24,2,0,0,0,1,0,24,n,2024-01-14T08:00:00+01:00,2024-01-14T07:00:00+00:00,2024-01-14T07:00:00+00:00,2024-01-15 01:00:00+00:00,2024-01-15 02:00:00+00:00,2024-01-15T02:00:00+01:00,2024-01-15,6284.0,6076.626631290023,False,sarima_forecast,True,True,enhanced/post-hoc SARIMA robustness analysis,False,
Austria,SARIMA,2024-01-15,sarima_p2_d0_q0_P0_D1_Q0_s24,2,0,0,0,1,0,24,n,2024-01-14T08:00:00+01:00,2024-01-14T07:00:00+00:00,2024-01-14T07:00:00+00:00,2024-01-15 02:00:00+00:00,2024-01-15 03:00:00+00:00,2024-01-15T03:00:00+01:00,2024-01-15,6204.0,5919.084969488283,False,sarima_forecast,True,True,enhanced/post-hoc SARIMA robustness analysis,False,
Austria,SARIMA,2024-01-15,sarima_p2_d0_q0_P0_D1_Q0_s24,2,0,0,0,1,0,24,n,2024-01-14T08:00:00+01:00,2024-01-14T07:00:00+00:00,2024-01-14T07:00:00+00:00,2024-01-15 03:00:00+00:00,2024-01-15 04:00:00+00:00,2024-01-15T04:00:00+01:00,2024-01-15,6428.5,5964.466108124164,False,sarima_forecast,True,True,enhanced/post-hoc SARIMA robustness analysis,False,
Austria,SARIMA,2024-01-15,sarima_p2_d0_q0_P0_D1_Q0_s24,2,0,0,0,1,0,24,n,2024-01-14T08:00:00+01:00,2024-01-14T07:00:00+00:00,2024-01-14T07:00:00+00:00,2024-01-15 04:00:00+00:00,2024-01-15 05:00:00+00:00,2024-01-15T05:00:00+01:00,2024-01-15,7230.75,6141.722823450288,False,sarima_forecast,True,True,enhanced/post-hoc SARIMA robustness analysis,False,
Austria,SARIMA,2024-01-15,sarima_p2_d0_q0_P0_D1_Q0_s24,2,0,0,0,1,0,24,n,2024-01-14T08:00:00+01:00,2024-01-14T07:00:00+00:00,2024-01-14T07:00:00+00:00,2024-01-15 05:00:00+00:00,2024-01-15 06:00:00+00:00,2024-01-15T06:00:00+01:00,2024-01-15,8478.5,6356.5382995863865,False,sarima_forecast,True,True,enhanced/post-hoc SARIMA robustness analysis,False,
Austria,SARIMA,2024-01-15,sarima_p2_d0_q0_P0_D1_Q0_s24,2,0,0,0,1,0,24,n,2024-01-14T08:00:00+01:00,2024-01-14T07:00:00+00:00,2024-01-14T07:00:00+00:00,2024-01-15 06:00:00+00:00,2024-01-15 07:00:00+00:00,2024-01-15T07:00:00+01:00,2024-01-15,9451.5,6798.3271116912965,False,sarima_forecast,True,True,enhanced/post-hoc SARIMA robustness analysis,False,
Austria,SARIMA,2024-01-15,sarima_p2_d0_q0_P0_D1_Q0_s24,2,0,0,0,1,0,24,n,2024-01-14T08:00:00+01:00,2024-01-14T07:00:00+00:00,2024-01-14T07:00:00+00:00,2024-01-15 07:00:00+00:00,2024-01-15 08:00:00+00:00,2024-01-15T08:00:00+01:00,2024-01-15,9894.5,7246.790549157422,False,sarima_forecast,True,True,enhanced/post-hoc SARIMA robustness analysis,False,
Austria,SARIMA,2024-01-15,sarima_p2_d0_q0_P0_D1_Q0_s24,2,0,0,0,1,0,24,n,2024-01-14T08:00:00+01:00,2024-01-14T07:00:00+00:00,2024-01-14T07:00:00+00:00,2024-01-15 08:00:00+00:00,2024-01-15 09:00:00+00:00,2024-01-15T09:00:00+01:00,2024-01-15,9882.5,7527.52119170121,False,sarima_forecast,True,True,enhanced/post-hoc SARIMA robustness analysis,False,
Austria,SARIMA,2024-01-15,sarima_p2_d0_q0_P0_D1_Q0_s24,2,0,0,0,1,0,24,n,2024-01-14T08:00:00+01:00,2024-01-14T07:00:00+00:00,2024-01-14T07:00:00+00:00,2024-01-15 09:00:00+00:00,2024-01-15 10:00:00+00:00,2024-01-15T10:00:00+01:00,2024-01-15,9760.75,7506.94050535544,False,sarima_forecast,True,True,enhanced/post-hoc SARIMA robustness analysis,False,
Austria,SARIMA,2024-01-15,sarima_p2_d0_q0_P0_D1_Q0_s24,2,0,0,0,1,0,24,n,2024-01-14T08:00:00+01:00,2024-01-14T07:00:00+00:00,2024-01-14T07:00:00+00:00,2024-01-15 10:00:00+00:00,2024-01-15 11:00:00+00:00,2024-01-15T11:00:00+01:00,2024-01-15,9579.5,7429.18843669271,False,sarima_forecast,True,True,enhanced/post-hoc SARIMA robustness analysis,False,
Austria,SARIMA,2024-01-15,sarima_p2_d0_q0_P0_D1_Q0_s24,2,0,0,0,1,0,24,n,2024-01-14T08:00:00+01:00,2024-01-14T07:00:00+00:00,2024-01-14T07:00:00+00:00,2024-01-15 11:00:00+00:00,2024-01-15 12:00:00+00:00,2024-01-15T12:00:00+01:00,2024-01-15,9397.25,7202.880935214718,False,sarima_forecast,True,True,enhanced/post-hoc SARIMA robustness analysis,False,
Austria,SARIMA,2024-01-15,sarima_p2_d0_q0_P0_D1_Q0_s24,2,0,0,0,1,0,24,n,2024-01-14T08:00:00+01:00,2024-01-14T07:00:00+00:00,2024-01-14T07:00:00+00:00,2024-01-15 12:00:00+00:00,2024-01-15 13:00:00+00:00,2024-01-15T13:00:00+01:00,2024-01-15,9382.25,7011.805781754871,False,sarima_forecast,True,True,enhanced/post-hoc SARIMA robustness analysis,False,
Austria,SARIMA,2024-01-15,sarima_p2_d0_q0_P0_D1_Q0_s24,2,0,0,0,1,0,24,n,2024-01-14T08:00:00+01:00,2024-01-14T07:00:00+00:00,2024-01-14T07:00:00+00:00,2024-01-15 13:00:00+00:00,2024-01-15 14:00:00+00:00,2024-01-15T14:00:00+01:00,2024-01-15,9431.0,7018.179159237297,False,sarima_forecast,True,True,enhanced/post-hoc SARIMA robustness analysis,False,
Austria,SARIMA,2024-01-15,sarima_p2_d0_q0_P0_D1_Q0_s24,2,0,0,0,1,0,24,n,2024-01-14T08:00:00+01:00,2024-01-14T07:00:00+00:00,2024-01-14T07:00:00+00:00,2024-01-15 14:00:00+00:00,2024-01-15 15:00:00+00:00,2024-01-15T15:00:00+01:00,2024-01-15,9518.5,7314.122391400102,False,sarima_forecast,True,True,enhanced/post-hoc SARIMA robustness analysis,False,
Austria,SARIMA,2024-01-15,sarima_p2_d0_q0_P0_D1_Q0_s24,2,0,0,0,1,0,24,n,2024-01-14T08:00:00+01:00,2024-01-14T07:00:00+00:00,2024-01-14T07:00:00+00:00,2024-01-15 15:00:00+00:00,2024-01-15 16:00:00+00:00,2024-01-15T16:00:00+01:00,2024-01-15,9629.0,7741.294554962284,False,sarima_forecast,True,True,enhanced/post-hoc SARIMA robustness analysis,False,
Austria,SARIMA,2024-01-15,sarima_p2_d0_q0_P0_D1_Q0_s24,2,0,0,0,1,0,24,n,2024-01-14T08:00:00+01:00,2024-01-14T07:00:00+00:00,2024-01-14T07:00:00+00:00,2024-01-15 16:00:00+00:00,2024-01-15 17:00:00+00:00,2024-01-15T17:00:00+01:00,2024-01-15,9800.75,8156.63533990472,False,sarima_forecast,True,True,enhanced/post-hoc SARIMA robustness analysis,False,
Austria,SARIMA,2024-01-15,sarima_p2_d0_q0_P0_D1_Q0_s24,2,0,0,0,1,0,24,n,2024-01-14T08:00:00+01:00,2024-01-14T07:00:00+00:00,2024-01-14T07:00:00+00:00,2024-01-15 17:00:00+00:00,2024-01-15 18:00:00+00:00,2024-01-15T18:00:00+01:00,2024-01-15,9605.75,8102.685793393388,False,sarima_forecast,True,True,enhanced/post-hoc SARIMA robustness analysis,False,
Austria,SARIMA,2024-01-15,sarima_p2_d0_q0_P0_D1_Q0_s24,2,0,0,0,1,0,24,n,2024-01-14T08:00:00+01:00,2024-01-14T07:00:00+00:00,2024-01-14T07:00:00+00:00,2024-01-15 18:00:00+00:00,2024-01-15 19:00:00+00:00,2024-01-15T19:00:00+01:00,2024-01-15,9177.5,7779.21400064438,False,sarima_forecast,True,True,enhanced/post-hoc SARIMA robustness analysis,False,
Austria,SARIMA,2024-01-15,sarima_p2_d0_q0_P0_D1_Q0_s24,2,0,0,0,1,0,24,n,2024-01-14T08:00:00+01:00,2024-01-14T07:00:00+00:00,2024-01-14T07:00:00+00:00,2024-01-15 19:00:00+00:00,2024-01-15 20:00:00+00:00,2024-01-15T20:00:00+01:00,2024-01-15,8644.75,7393.379443138351,False,sarima_forecast,True,True,enhanced/post-hoc SARIMA robustness analysis,False,
Austria,SARIMA,2024-01-15,sarima_p2_d0_q0_P0_D1_Q0_s24,2,0,0,0,1,0,24,n,2024-01-14T08:00:00+01:00,2024-01-14T07:00:00+00:00,2024-01-14T07:00:00+00:00,2024-01-15 20:00:00+00:00,2024-01-15 21:00:00+00:00,2024-01-15T21:00:00+01:00,2024-01-15,8037.25,7022.424521616223,False,sarima_forecast,True,True,enhanced/post-hoc SARIMA robustness analysis,False,
Austria,SARIMA,2024-01-15,sarima_p2_d0_q0_P0_D1_Q0_s24,2,0,0,0,1,0,24,n,2024-01-14T08:00:00+01:00,2024-01-14T07:00:00+00:00,2024-01-14T07:00:00+00:00,2024-01-15 21:00:00+00:00,2024-01-15 22:00:00+00:00,2024-01-15T22:00:00+01:00,2024-01-15,7869.25,7009.135100059605,False,sarima_forecast,True,True,enhanced/post-hoc SARIMA robustness analysis,False,
Austria,SARIMA,2024-01-15,sarima_p2_d0_q0_P0_D1_Q0_s24,2,0,0,0,1,0,24,n,2024-01-14T08:00:00+01:00,2024-01-14T07:00:00+00:00,2024-01-14T07:00:00+00:00,2024-01-15 22:00:00+00:00,2024-01-15 23:00:00+00:00,2024-01-15T23:00:00+01:00,2024-01-15,7372.75,6642.814316631962,False,sarima_forecast,True,True,enhanced/post-hoc SARIMA robustness analysis,False,
Austria,SARIMA,2024-01-15,sarima_p2_d0_q1_P0_D1_Q0_s24,2,0,1,0,1,0,24,n,2024-01-14T08:00:00+01:00,2024-01-14T07:00:00+00:00,2024-01-14T07:00:00+00:00,2024-01-14 07:00:00+00:00,2024-01-14 08:00:00+00:00,2024-01-14T08:00:00+01:00,2024-01-14,7268.25,7323.590642118728,True,sarima_forecast,False,False,enhanced/post-hoc SARIMA robustness analysis,False,
Austria,SARIMA,2024-01-15,sarima_p2_d0_q1_P0_D1_Q0_s24,2,0,1,0,1,0,24,n,2024-01-14T08:00:00+01:00,2024-01-14T07:00:00+00:00,2024-01-14T07:00:00+00:00,2024-01-14 08:00:00+00:00,2024-01-14 09:00:00+00:00,2024-01-14T09:00:00+01:00,2024-01-14,7589.5,7610.318270213206,True,sarima_forecast,False,False,enhanced/post-hoc SARIMA robustness analysis,False,
Austria,SARIMA,2024-01-15,sarima_p2_d0_q1_P0_D1_Q0_s24,2,0,1,0,1,0,24,n,2024-01-14T08:00:00+01:00,2024-01-14T07:00:00+00:00,2024-01-14T07:00:00+00:00,2024-01-14 09:00:00+00:00,2024-01-14 10:00:00+00:00,2024-01-14T10:00:00+01:00,2024-01-14,7757.25,7590.640695266344,True,sarima_forecast,False,False,enhanced/post-hoc SARIMA robustness analysis,False,
Austria,SARIMA,2024-01-15,sarima_p2_d0_q1_P0_D1_Q0_s24,2,0,1,0,1,0,24,n,2024-01-14T08:00:00+01:00,2024-01-14T07:00:00+00:00,2024-01-14T07:00:00+00:00,2024-01-14 10:00:00+00:00,2024-01-14 11:00:00+00:00,2024-01-14T11:00:00+01:00,2024-01-14,7745.5,7508.198233119267,True,sarima_forecast,False,False,enhanced/post-hoc SARIMA robustness analysis,False,
Austria,SARIMA,2024-01-15,sarima_p2_d0_q1_P0_D1_Q0_s24,2,0,1,0,1,0,24,n,2024-01-14T08:00:00+01:00,2024-01-14T07:00:00+00:00,2024-01-14T07:00:00+00:00,2024-01-14 11:00:00+00:00,2024-01-14 12:00:00+00:00,2024-01-14T12:00:00+01:00,2024-01-14,7482.5,7272.738085584123,True,sarima_forecast,False,False,enhanced/post-hoc SARIMA robustness analysis,False,
Austria,SARIMA,2024-01-15,sarima_p2_d0_q1_P0_D1_Q0_s24,2,0,1,0,1,0,24,n,2024-01-14T08:00:00+01:00,2024-01-14T07:00:00+00:00,2024-01-14T07:00:00+00:00,2024-01-14 12:00:00+00:00,2024-01-14 13:00:00+00:00,2024-01-14T13:00:00+01:00,2024-01-14,7220.5,7069.59109490749,True,sarima_forecast,False,False,enhanced/post-hoc SARIMA robustness analysis,False,
Austria,SARIMA,2024-01-15,sarima_p2_d0_q1_P0_D1_Q0_s24,2,0,1,0,1,0,24,n,2024-01-14T08:00:00+01:00,2024-01-14T07:00:00+00:00,2024-01-14T07:00:00+00:00,2024-01-14 13:00:00+00:00,2024-01-14 14:00:00+00:00,2024-01-14T14:00:00+01:00,2024-01-14,7135.75,7062.4043561243125,True,sarima_forecast,False,False,enhanced/post-hoc SARIMA robustness analysis,False,
Austria,SARIMA,2024-01-15,sarima_p2_d0_q1_P0_D1_Q0_s24,2,0,1,0,1,0,24,n,2024-01-14T08:00:00+01:00,2024-01-14T07:00:00+00:00,2024-01-14T07:00:00+00:00,2024-01-14 14:00:00+00:00,2024-01-14 15:00:00+00:00,2024-01-14T15:00:00+01:00,2024-01-14,7290.0,7344.435125864641,True,sarima_forecast,False,False,enhanced/post-hoc SARIMA robustness analysis,False,
Austria,SARIMA,2024-01-15,sarima_p2_d0_q1_P0_D1_Q0_s24,2,0,1,0,1,0,24,n,2024-01-14T08:00:00+01:00,2024-01-14T07:00:00+00:00,2024-01-14T07:00:00+00:00,2024-01-14 15:00:00+00:00,2024-01-14 16:00:00+00:00,2024-01-14T16:00:00+01:00,2024-01-14,7616.25,7758.157907231274,True,sarima_forecast,False,False,enhanced/post-hoc SARIMA robustness analysis,False,
Austria,SARIMA,2024-01-15,sarima_p2_d0_q1_P0_D1_Q0_s24,2,0,1,0,1,0,24,n,2024-01-14T08:00:00+01:00,2024-01-14T07:00:00+00:00,2024-01-14T07:00:00+00:00,2024-01-14 16:00:00+00:00,2024-01-14 17:00:00+00:00,2024-01-14T17:00:00+01:00,2024-01-14,8033.0,8161.046232445076,True,sarima_forecast,False,False,enhanced/post-hoc SARIMA robustness analysis,False,
Austria,SARIMA,2024-01-15,sarima_p2_d0_q1_P0_D1_Q0_s24,2,0,1,0,1,0,24,n,2024-01-14T08:00:00+01:00,2024-01-14T07:00:00+00:00,2024-01-14T07:00:00+00:00,2024-01-14 17:00:00+00:00,2024-01-14 18:00:00+00:00,2024-01-14T18:00:00+01:00,2024-01-14,8106.0,8095.951860539289,True,sarima_forecast,False,False,enhanced/post-hoc SARIMA robustness analysis,False,
Austria,SARIMA,2024-01-15,sarima_p2_d0_q1_P0_D1_Q0_s24,2,0,1,0,1,0,24,n,2024-01-14T08:00:00+01:00,2024-01-14T07:00:00+00:00,2024-01-14T07:00:00+00:00,2024-01-14 18:00:00+00:00,2024-01-14 19:00:00+00:00,2024-01-14T19:00:00+01:00,2024-01-14,7920.25,7762.788262781897,True,sarima_forecast,False,False,enhanced/post-hoc SARIMA robustness analysis,False,
Austria,SARIMA,2024-01-15,sarima_p2_d0_q1_P0_D1_Q0_s24,2,0,1,0,1,0,24,n,2024-01-14T08:00:00+01:00,2024-01-14T07:00:00+00:00,2024-01-14T07:00:00+00:00,2024-01-14 19:00:00+00:00,2024-01-14 20:00:00+00:00,2024-01-14T20:00:00+01:00,2024-01-14,7576.25,7368.744331571472,True,sarima_forecast,False,False,enhanced/post-hoc SARIMA robustness analysis,False,
Austria,SARIMA,2024-01-15,sarima_p2_d0_q1_P0_D1_Q0_s24,2,0,1,0,1,0,24,n,2024-01-14T08:00:00+01:00,2024-01-14T07:00:00+00:00,2024-01-14T07:00:00+00:00,2024-01-14 20:00:00+00:00,2024-01-14 21:00:00+00:00,2024-01-14T21:00:00+01:00,2024-01-14,7195.0,6991.014887938121,True,sarima_forecast,False,False,enhanced/post-hoc SARIMA robustness analysis,False,
Austria,SARIMA,2024-01-15,sarima_p2_d0_q1_P0_D1_Q0_s24,2,0,1,0,1,0,24,n,2024-01-14T08:00:00+01:00,2024-01-14T07:00:00+00:00,2024-01-14T07:00:00+00:00,2024-01-14 21:00:00+00:00,2024-01-14 22:00:00+00:00,2024-01-14T22:00:00+01:00,2024-01-14,7223.5,6972.290500568772,True,sarima_forecast,False,False,enhanced/post-hoc SARIMA robustness analysis,False,
Austria,SARIMA,2024-01-15,sarima_p2_d0_q1_P0_D1_Q0_s24,2,0,1,0,1,0,24,n,2024-01-14T08:00:00+01:00,2024-01-14T07:00:00+00:00,2024-01-14T07:00:00+00:00,2024-01-14 22:00:00+00:00,2024-01-14 23:00:00+00:00,2024-01-14T23:00:00+01:00,2024-01-14,6877.5,6601.75244292817,True,sarima_forecast,False,False,enhanced/post-hoc SARIMA robustness analysis,False,
Austria,SARIMA,2024-01-15,sarima_p2_d0_q1_P0_D1_Q0_s24,2,0,1,0,1,0,24,n,2024-01-14T08:00:00+01:00,2024-01-14T07:00:00+00:00,2024-01-14T07:00:00+00:00,2024-01-14 23:00:00+00:00,2024-01-15 00:00:00+00:00,2024-01-15T00:00:00+01:00,2024-01-15,6630.0,6352.570464089231,False,sarima_forecast,True,True,enhanced/post-hoc SARIMA robustness analysis,False,
Austria,SARIMA,2024-01-15,sarima_p2_d0_q1_P0_D1_Q0_s24,2,0,1,0,1,0,24,n,2024-01-14T08:00:00+01:00,2024-01-14T07:00:00+00:00,2024-01-14T07:00:00+00:00,2024-01-15 00:00:00+00:00,2024-01-15 01:00:00+00:00,2024-01-15T01:00:00+01:00,2024-01-15,6394.0,6093.902080500404,False,sarima_forecast,True,True,enhanced/post-hoc SARIMA robustness analysis,False,
Austria,SARIMA,2024-01-15,sarima_p2_d0_q1_P0_D1_Q0_s24,2,0,1,0,1,0,24,n,2024-01-14T08:00:00+01:00,2024-01-14T07:00:00+00:00,2024-01-14T07:00:00+00:00,2024-01-15 01:00:00+00:00,2024-01-15 02:00:00+00:00,2024-01-15T02:00:00+01:00,2024-01-15,6284.0,6022.642671322625,False,sarima_forecast,True,True,enhanced/post-hoc SARIMA robustness analysis,False,
Austria,SARIMA,2024-01-15,sarima_p2_d0_q1_P0_D1_Q0_s24,2,0,1,0,1,0,24,n,2024-01-14T08:00:00+01:00,2024-01-14T07:00:00+00:00,2024-01-14T07:00:00+00:00,2024-01-15 02:00:00+00:00,2024-01-15 03:00:00+00:00,2024-01-15T03:00:00+01:00,2024-01-15,6204.0,5865.1759807744775,False,sarima_forecast,True,True,enhanced/post-hoc SARIMA robustness analysis,False,
Austria,SARIMA,2024-01-15,sarima_p2_d0_q1_P0_D1_Q0_s24,2,0,1,0,1,0,24,n,2024-01-14T08:00:00+01:00,2024-01-14T07:00:00+00:00,2024-01-14T07:00:00+00:00,2024-01-15 03:00:00+00:00,2024-01-15 04:00:00+00:00,2024-01-15T04:00:00+01:00,2024-01-15,6428.5,5911.124809656612,False,sarima_forecast,True,True,enhanced/post-hoc SARIMA robustness analysis,False,
Austria,SARIMA,2024-01-15,sarima_p2_d0_q1_P0_D1_Q0_s24,2,0,1,0,1,0,24,n,2024-01-14T08:00:00+01:00,2024-01-14T07:00:00+00:00,2024-01-14T07:00:00+00:00,2024-01-15 04:00:00+00:00,2024-01-15 05:00:00+00:00,2024-01-15T05:00:00+01:00,2024-01-15,7230.75,6089.351777688476,False,sarima_forecast,True,True,enhanced/post-hoc SARIMA robustness analysis,False,
Austria,SARIMA,2024-01-15,sarima_p2_d0_q1_P0_D1_Q0_s24,2,0,1,0,1,0,24,n,2024-01-14T08:00:00+01:00,2024-01-14T07:00:00+00:00,2024-01-14T07:00:00+00:00,2024-01-15 05:00:00+00:00,2024-01-15 06:00:00+00:00,2024-01-15T06:00:00+01:00,2024-01-15,8478.5,6305.460093532968,False,sarima_forecast,True,True,enhanced/post-hoc SARIMA robustness analysis,False,
Austria,SARIMA,2024-01-15,sarima_p2_d0_q1_P0_D1_Q0_s24,2,0,1,0,1,0,24,n,2024-01-14T08:00:00+01:00,2024-01-14T07:00:00+00:00,2024-01-14T07:00:00+00:00,2024-01-15 06:00:00+00:00,2024-01-15 07:00:00+00:00,2024-01-15T07:00:00+01:00,2024-01-15,9451.5,6748.794299969254,False,sarima_forecast,True,True,enhanced/post-hoc SARIMA robustness analysis,False,
Austria,SARIMA,2024-01-15,sarima_p2_d0_q1_P0_D1_Q0_s24,2,0,1,0,1,0,24,n,2024-01-14T08:00:00+01:00,2024-01-14T07:00:00+00:00,2024-01-14T07:00:00+00:00,2024-01-15 07:00:00+00:00,2024-01-15 08:00:00+00:00,2024-01-15T08:00:00+01:00,2024-01-15,9894.5,7213.781620635623,False,sarima_forecast,True,True,enhanced/post-hoc SARIMA robustness analysis,False,
Austria,SARIMA,2024-01-15,sarima_p2_d0_q1_P0_D1_Q0_s24,2,0,1,0,1,0,24,n,2024-01-14T08:00:00+01:00,2024-01-14T07:00:00+00:00,2024-01-14T07:00:00+00:00,2024-01-15 08:00:00+00:00,2024-01-15 09:00:00+00:00,2024-01-15T09:00:00+01:00,2024-01-15,9882.5,7509.797677219948,False,sarima_forecast,True,True,enhanced/post-hoc SARIMA robustness analysis,False,
Austria,SARIMA,2024-01-15,sarima_p2_d0_q1_P0_D1_Q0_s24,2,0,1,0,1,0,24,n,2024-01-14T08:00:00+01:00,2024-01-14T07:00:00+00:00,2024-01-14T07:00:00+00:00,2024-01-15 09:00:00+00:00,2024-01-15 10:00:00+00:00,2024-01-15T10:00:00+01:00,2024-01-15,9760.75,7498.6228638001785,False,sarima_forecast,True,True,enhanced/post-hoc SARIMA robustness analysis,False,
Austria,SARIMA,2024-01-15,sarima_p2_d0_q1_P0_D1_Q0_s24,2,0,1,0,1,0,24,n,2024-01-14T08:00:00+01:00,2024-01-14T07:00:00+00:00,2024-01-14T07:00:00+00:00,2024-01-15 10:00:00+00:00,2024-01-15 11:00:00+00:00,2024-01-15T11:00:00+01:00,2024-01-15,9579.5,7423.963945929179,False,sarima_forecast,True,True,enhanced/post-hoc SARIMA robustness analysis,False,
Austria,SARIMA,2024-01-15,sarima_p2_d0_q1_P0_D1_Q0_s24,2,0,1,0,1,0,24,n,2024-01-14T08:00:00+01:00,2024-01-14T07:00:00+00:00,2024-01-14T07:00:00+00:00,2024-01-15 11:00:00+00:00,2024-01-15 12:00:00+00:00,2024-01-15T12:00:00+01:00,2024-01-15,9397.25,7195.628957798678,False,sarima_forecast,True,True,enhanced/post-hoc SARIMA robustness analysis,False,
Austria,SARIMA,2024-01-15,sarima_p2_d0_q1_P0_D1_Q0_s24,2,0,1,0,1,0,24,n,2024-01-14T08:00:00+01:00,2024-01-14T07:00:00+00:00,2024-01-14T07:00:00+00:00,2024-01-15 12:00:00+00:00,2024-01-15 13:00:00+00:00,2024-01-15T13:00:00+01:00,2024-01-15,9382.25,6999.004430320235,False,sarima_forecast,True,True,enhanced/post-hoc SARIMA robustness analysis,False,
Austria,SARIMA,2024-01-15,sarima_p2_d0_q1_P0_D1_Q0_s24,2,0,1,0,1,0,24,n,2024-01-14T08:00:00+01:00,2024-01-14T07:00:00+00:00,2024-01-14T07:00:00+00:00,2024-01-15 13:00:00+00:00,2024-01-15 14:00:00+00:00,2024-01-15T14:00:00+01:00,2024-01-15,9431.0,6997.788437714388,False,sarima_forecast,True,True,enhanced/post-hoc SARIMA robustness analysis,False,
Austria,SARIMA,2024-01-15,sarima_p2_d0_q1_P0_D1_Q0_s24,2,0,1,0,1,0,24,n,2024-01-14T08:00:00+01:00,2024-01-14T07:00:00+00:00,2024-01-14T07:00:00+00:00,2024-01-15 14:00:00+00:00,2024-01-15 15:00:00+00:00,2024-01-15T15:00:00+01:00,2024-01-15,9518.5,7285.284904201135,False,sarima_forecast,True,True,enhanced/post-hoc SARIMA robustness analysis,False,
Austria,SARIMA,2024-01-15,sarima_p2_d0_q1_P0_D1_Q0_s24,2,0,1,0,1,0,24,n,2024-01-14T08:00:00+01:00,2024-01-14T07:00:00+00:00,2024-01-14T07:00:00+00:00,2024-01-15 15:00:00+00:00,2024-01-15 16:00:00+00:00,2024-01-15T16:00:00+01:00,2024-01-15,9629.0,7704.011053317108,False,sarima_forecast,True,True,enhanced/post-hoc SARIMA robustness analysis,False,
Austria,SARIMA,2024-01-15,sarima_p2_d0_q1_P0_D1_Q0_s24,2,0,1,0,1,0,24,n,2024-01-14T08:00:00+01:00,2024-01-14T07:00:00+00:00,2024-01-14T07:00:00+00:00,2024-01-15 16:00:00+00:00,2024-01-15 17:00:00+00:00,2024-01-15T17:00:00+01:00,2024-01-15,9800.75,8111.47952429159,False,sarima_forecast,True,True,enhanced/post-hoc SARIMA robustness analysis,False,
Austria,SARIMA,2024-01-15,sarima_p2_d0_q1_P0_D1_Q0_s24,2,0,1,0,1,0,24,n,2024-01-14T08:00:00+01:00,2024-01-14T07:00:00+00:00,2024-01-14T07:00:00+00:00,2024-01-15 17:00:00+00:00,2024-01-15 18:00:00+00:00,2024-01-15T18:00:00+01:00,2024-01-15,9605.75,8050.577875308058,False,sarima_forecast,True,True,enhanced/post-hoc SARIMA robustness analysis,False,
Austria,SARIMA,2024-01-15,sarima_p2_d0_q1_P0_D1_Q0_s24,2,0,1,0,1,0,24,n,2024-01-14T08:00:00+01:00,2024-01-14T07:00:00+00:00,2024-01-14T07:00:00+00:00,2024-01-15 18:00:00+00:00,2024-01-15 19:00:00+00:00,2024-01-15T19:00:00+01:00,2024-01-15,9177.5,7721.252348683439,False,sarima_forecast,True,True,enhanced/post-hoc SARIMA robustness analysis,False,
Austria,SARIMA,2024-01-15,sarima_p2_d0_q1_P0_D1_Q0_s24,2,0,1,0,1,0,24,n,2024-01-14T08:00:00+01:00,2024-01-14T07:00:00+00:00,2024-01-14T07:00:00+00:00,2024-01-15 19:00:00+00:00,2024-01-15 20:00:00+00:00,2024-01-15T20:00:00+01:00,2024-01-15,8644.75,7330.721835877457,False,sarima_forecast,True,True,enhanced/post-hoc SARIMA robustness analysis,False,
Austria,SARIMA,2024-01-15,sarima_p2_d0_q1_P0_D1_Q0_s24,2,0,1,0,1,0,24,n,2024-01-14T08:00:00+01:00,2024-01-14T07:00:00+00:00,2024-01-14T07:00:00+00:00,2024-01-15 20:00:00+00:00,2024-01-15 21:00:00+00:00,2024-01-15T21:00:00+01:00,2024-01-15,8037.25,6956.208619454574,False,sarima_forecast,True,True,enhanced/post-hoc SARIMA robustness analysis,False,
Austria,SARIMA,2024-01-15,sarima_p2_d0_q1_P0_D1_Q0_s24,2,0,1,0,1,0,24,n,2024-01-14T08:00:00+01:00,2024-01-14T07:00:00+00:00,2024-01-14T07:00:00+00:00,2024-01-15 21:00:00+00:00,2024-01-15 22:00:00+00:00,2024-01-15T22:00:00+01:00,2024-01-15,7869.25,6940.428406744186,False,sarima_forecast,True,True,enhanced/post-hoc SARIMA robustness analysis,False,
Austria,SARIMA,2024-01-15,sarima_p2_d0_q1_P0_D1_Q0_s24,2,0,1,0,1,0,24,n,2024-01-14T08:00:00+01:00,2024-01-14T07:00:00+00:00,2024-01-14T07:00:00+00:00,2024-01-15 22:00:00+00:00,2024-01-15 23:00:00+00:00,2024-01-15T23:00:00+01:00,2024-01-15,7372.75,6572.585483444693,False,sarima_forecast,True,True,enhanced/post-hoc SARIMA robustness analysis,False,
Austria,SARIMA,2024-01-15,sarima_p2_d0_q2_P0_D1_Q0_s24,2,0,2,0,1,0,24,n,2024-01-14T08:00:00+01:00,2024-01-14T07:00:00+00:00,2024-01-14T07:00:00+00:00,2024-01-14 07:00:00+00:00,2024-01-14 08:00:00+00:00,2024-01-14T08:00:00+01:00,2024-01-14,7268.25,7329.223291892391,True,sarima_forecast,False,False,enhanced/post-hoc SARIMA robustness analysis,False,
Austria,SARIMA,2024-01-15,sarima_p2_d0_q2_P0_D1_Q0_s24,2,0,2,0,1,0,24,n,2024-01-14T08:00:00+01:00,2024-01-14T07:00:00+00:00,2024-01-14T07:00:00+00:00,2024-01-14 08:00:00+00:00,2024-01-14 09:00:00+00:00,2024-01-14T09:00:00+01:00,2024-01-14,7589.5,7633.025586220491,True,sarima_forecast,False,False,enhanced/post-hoc SARIMA robustness analysis,False,
Austria,SARIMA,2024-01-15,sarima_p2_d0_q2_P0_D1_Q0_s24,2,0,2,0,1,0,24,n,2024-01-14T08:00:00+01:00,2024-01-14T07:00:00+00:00,2024-01-14T07:00:00+00:00,2024-01-14 09:00:00+00:00,2024-01-14 10:00:00+00:00,2024-01-14T10:00:00+01:00,2024-01-14,7757.25,7621.39652992842,True,sarima_forecast,False,False,enhanced/post-hoc SARIMA robustness analysis,False,
Austria,SARIMA,2024-01-15,sarima_p2_d0_q2_P0_D1_Q0_s24,2,0,2,0,1,0,24,n,2024-01-14T08:00:00+01:00,2024-01-14T07:00:00+00:00,2024-01-14T07:00:00+00:00,2024-01-14 10:00:00+00:00,2024-01-14 11:00:00+00:00,2024-01-14T11:00:00+01:00,2024-01-14,7745.5,7539.481330303249,True,sarima_forecast,False,False,enhanced/post-hoc SARIMA robustness analysis,False,
Austria,SARIMA,2024-01-15,sarima_p2_d0_q2_P0_D1_Q0_s24,2,0,2,0,1,0,24,n,2024-01-14T08:00:00+01:00,2024-01-14T07:00:00+00:00,2024-01-14T07:00:00+00:00,2024-01-14 11:00:00+00:00,2024-01-14 12:00:00+00:00,2024-01-14T12:00:00+01:00,2024-01-14,7482.5,7299.990352530405,True,sarima_forecast,False,False,enhanced/post-hoc SARIMA robustness analysis,False,
Austria,SARIMA,2024-01-15,sarima_p2_d0_q2_P0_D1_Q0_s24,2,0,2,0,1,0,24,n,2024-01-14T08:00:00+01:00,2024-01-14T07:00:00+00:00,2024-01-14T07:00:00+00:00,2024-01-14 12:00:00+00:00,2024-01-14 13:00:00+00:00,2024-01-14T13:00:00+01:00,2024-01-14,7220.5,7090.565577800761,True,sarima_forecast,False,False,enhanced/post-hoc SARIMA robustness analysis,False,
Austria,SARIMA,2024-01-15,sarima_p2_d0_q2_P0_D1_Q0_s24,2,0,2,0,1,0,24,n,2024-01-14T08:00:00+01:00,2024-01-14T07:00:00+00:00,2024-01-14T07:00:00+00:00,2024-01-14 13:00:00+00:00,2024-01-14 14:00:00+00:00,2024-01-14T14:00:00+01:00,2024-01-14,7135.75,7076.3167914289725,True,sarima_forecast,False,False,enhanced/post-hoc SARIMA robustness analysis,False,
Austria,SARIMA,2024-01-15,sarima_p2_d0_q2_P0_D1_Q0_s24,2,0,2,0,1,0,24,n,2024-01-14T08:00:00+01:00,2024-01-14T07:00:00+00:00,2024-01-14T07:00:00+00:00,2024-01-14 14:00:00+00:00,2024-01-14 15:00:00+00:00,2024-01-14T15:00:00+01:00,2024-01-14,7290.0,7351.333270639338,True,sarima_forecast,False,False,enhanced/post-hoc SARIMA robustness analysis,False,
Austria,SARIMA,2024-01-15,sarima_p2_d0_q2_P0_D1_Q0_s24,2,0,2,0,1,0,24,n,2024-01-14T08:00:00+01:00,2024-01-14T07:00:00+00:00,2024-01-14T07:00:00+00:00,2024-01-14 15:00:00+00:00,2024-01-14 16:00:00+00:00,2024-01-14T16:00:00+01:00,2024-01-14,7616.25,7758.521357191569,True,sarima_forecast,False,False,enhanced/post-hoc SARIMA robustness analysis,False,
Austria,SARIMA,2024-01-15,sarima_p2_d0_q2_P0_D1_Q0_s24,2,0,2,0,1,0,24,n,2024-01-14T08:00:00+01:00,2024-01-14T07:00:00+00:00,2024-01-14T07:00:00+00:00,2024-01-14 16:00:00+00:00,2024-01-14 17:00:00+00:00,2024-01-14T17:00:00+01:00,2024-01-14,8033.0,8155.550865184045,True,sarima_forecast,False,False,enhanced/post-hoc SARIMA robustness analysis,False,
Austria,SARIMA,2024-01-15,sarima_p2_d0_q2_P0_D1_Q0_s24,2,0,2,0,1,0,24,n,2024-01-14T08:00:00+01:00,2024-01-14T07:00:00+00:00,2024-01-14T07:00:00+00:00,2024-01-14 17:00:00+00:00,2024-01-14 18:00:00+00:00,2024-01-14T18:00:00+01:00,2024-01-14,8106.0,8085.3378056171205,True,sarima_forecast,False,False,enhanced/post-hoc SARIMA robustness analysis,False,
Austria,SARIMA,2024-01-15,sarima_p2_d0_q2_P0_D1_Q0_s24,2,0,2,0,1,0,24,n,2024-01-14T08:00:00+01:00,2024-01-14T07:00:00+00:00,2024-01-14T07:00:00+00:00,2024-01-14 18:00:00+00:00,2024-01-14 19:00:00+00:00,2024-01-14T19:00:00+01:00,2024-01-14,7920.25,7747.7892007731625,True,sarima_forecast,False,False,enhanced/post-hoc SARIMA robustness analysis,False,
Austria,SARIMA,2024-01-15,sarima_p2_d0_q2_P0_D1_Q0_s24,2,0,2,0,1,0,24,n,2024-01-14T08:00:00+01:00,2024-01-14T07:00:00+00:00,2024-01-14T07:00:00+00:00,2024-01-14 19:00:00+00:00,2024-01-14 20:00:00+00:00,2024-01-14T20:00:00+01:00,2024-01-14,7576.25,7350.0518966960435,True,sarima_forecast,False,False,enhanced/post-hoc SARIMA robustness analysis,False,
Austria,SARIMA,2024-01-15,sarima_p2_d0_q2_P0_D1_Q0_s24,2,0,2,0,1,0,24,n,2024-01-14T08:00:00+01:00,2024-01-14T07:00:00+00:00,2024-01-14T07:00:00+00:00,2024-01-14 20:00:00+00:00,2024-01-14 21:00:00+00:00,2024-01-14T21:00:00+01:00,2024-01-14,7195.0,6969.262673038484,True,sarima_forecast,False,False,enhanced/post-hoc SARIMA robustness analysis,False,
Austria,SARIMA,2024-01-15,sarima_p2_d0_q2_P0_D1_Q0_s24,2,0,2,0,1,0,24,n,2024-01-14T08:00:00+01:00,2024-01-14T07:00:00+00:00,2024-01-14T07:00:00+00:00,2024-01-14 21:00:00+00:00,2024-01-14 22:00:00+00:00,2024-01-14T22:00:00+01:00,2024-01-14,7223.5,6948.048750610541,True,sarima_forecast,False,False,enhanced/post-hoc SARIMA robustness analysis,False,
Austria,SARIMA,2024-01-15,sarima_p2_d0_q2_P0_D1_Q0_s24,2,0,2,0,1,0,24,n,2024-01-14T08:00:00+01:00,2024-01-14T07:00:00+00:00,2024-01-14T07:00:00+00:00,2024-01-14 22:00:00+00:00,2024-01-14 23:00:00+00:00,2024-01-14T23:00:00+01:00,2024-01-14,6877.5,6575.528398554169,True,sarima_forecast,False,False,enhanced/post-hoc SARIMA robustness analysis,False,
Austria,SARIMA,2024-01-15,sarima_p2_d0_q2_P0_D1_Q0_s24,2,0,2,0,1,0,24,n,2024-01-14T08:00:00+01:00,2024-01-14T07:00:00+00:00,2024-01-14T07:00:00+00:00,2024-01-14 23:00:00+00:00,2024-01-15 00:00:00+00:00,2024-01-15T00:00:00+01:00,2024-01-15,6630.0,6324.811543897973,False,sarima_forecast,True,True,enhanced/post-hoc SARIMA robustness analysis,False,
Austria,SARIMA,2024-01-15,sarima_p2_d0_q2_P0_D1_Q0_s24,2,0,2,0,1,0,24,n,2024-01-14T08:00:00+01:00,2024-01-14T07:00:00+00:00,2024-01-14T07:00:00+00:00,2024-01-15 00:00:00+00:00,2024-01-15 01:00:00+00:00,2024-01-15T01:00:00+01:00,2024-01-15,6394.0,6065.000353182782,False,sarima_forecast,True,True,enhanced/post-hoc SARIMA robustness analysis,False,
Austria,SARIMA,2024-01-15,sarima_p2_d0_q2_P0_D1_Q0_s24,2,0,2,0,1,0,24,n,2024-01-14T08:00:00+01:00,2024-01-14T07:00:00+00:00,2024-01-14T07:00:00+00:00,2024-01-15 01:00:00+00:00,2024-01-15 02:00:00+00:00,2024-01-15T02:00:00+01:00,2024-01-15,6284.0,5992.939778059705,False,sarima_forecast,True,True,enhanced/post-hoc SARIMA robustness analysis,False,
Austria,SARIMA,2024-01-15,sarima_p2_d0_q2_P0_D1_Q0_s24,2,0,2,0,1,0,24,n,2024-01-14T08:00:00+01:00,2024-01-14T07:00:00+00:00,2024-01-14T07:00:00+00:00,2024-01-15 02:00:00+00:00,2024-01-15 03:00:00+00:00,2024-01-15T03:00:00+01:00,2024-01-15,6204.0,5834.968064040361,False,sarima_forecast,True,True,enhanced/post-hoc SARIMA robustness analysis,False,
Austria,SARIMA,2024-01-15,sarima_p2_d0_q2_P0_D1_Q0_s24,2,0,2,0,1,0,24,n,2024-01-14T08:00:00+01:00,2024-01-14T07:00:00+00:00,2024-01-14T07:00:00+00:00,2024-01-15 03:00:00+00:00,2024-01-15 04:00:00+00:00,2024-01-15T04:00:00+01:00,2024-01-15,6428.5,5880.667223877573,False,sarima_forecast,True,True,enhanced/post-hoc SARIMA robustness analysis,False,
Austria,SARIMA,2024-01-15,sarima_p2_d0_q2_P0_D1_Q0_s24,2,0,2,0,1,0,24,n,2024-01-14T08:00:00+01:00,2024-01-14T07:00:00+00:00,2024-01-14T07:00:00+00:00,2024-01-15 04:00:00+00:00,2024-01-15 05:00:00+00:00,2024-01-15T05:00:00+01:00,2024-01-15,7230.75,6058.8634776990175,False,sarima_forecast,True,True,enhanced/post-hoc SARIMA robustness analysis,False,
Austria,SARIMA,2024-01-15,sarima_p2_d0_q2_P0_D1_Q0_s24,2,0,2,0,1,0,24,n,2024-01-14T08:00:00+01:00,2024-01-14T07:00:00+00:00,2024-01-14T07:00:00+00:00,2024-01-15 05:00:00+00:00,2024-01-15 06:00:00+00:00,2024-01-15T06:00:00+01:00,2024-01-15,8478.5,6275.12766211665,False,sarima_forecast,True,True,enhanced/post-hoc SARIMA robustness analysis,False,
Austria,SARIMA,2024-01-15,sarima_p2_d0_q2_P0_D1_Q0_s24,2,0,2,0,1,0,24,n,2024-01-14T08:00:00+01:00,2024-01-14T07:00:00+00:00,2024-01-14T07:00:00+00:00,2024-01-15 06:00:00+00:00,2024-01-15 07:00:00+00:00,2024-01-15T07:00:00+01:00,2024-01-15,9451.5,6718.775610461194,False,sarima_forecast,True,True,enhanced/post-hoc SARIMA robustness analysis,False,
Austria,SARIMA,2024-01-15,sarima_p2_d0_q2_P0_D1_Q0_s24,2,0,2,0,1,0,24,n,2024-01-14T08:00:00+01:00,2024-01-14T07:00:00+00:00,2024-01-14T07:00:00+00:00,2024-01-15 07:00:00+00:00,2024-01-15 08:00:00+00:00,2024-01-15T08:00:00+01:00,2024-01-15,9894.5,7189.841798059589,False,sarima_forecast,True,True,enhanced/post-hoc SARIMA robustness analysis,False,
Austria,SARIMA,2024-01-15,sarima_p2_d0_q2_P0_D1_Q0_s24,2,0,2,0,1,0,24,n,2024-01-14T08:00:00+01:00,2024-01-14T07:00:00+00:00,2024-01-14T07:00:00+00:00,2024-01-15 08:00:00+00:00,2024-01-15 09:00:00+00:00,2024-01-15T09:00:00+01:00,2024-01-15,9882.5,7503.488797420849,False,sarima_forecast,True,True,enhanced/post-hoc SARIMA robustness analysis,False,
Austria,SARIMA,2024-01-15,sarima_p2_d0_q2_P0_D1_Q0_s24,2,0,2,0,1,0,24,n,2024-01-14T08:00:00+01:00,2024-01-14T07:00:00+00:00,2024-01-14T07:00:00+00:00,2024-01-15 09:00:00+00:00,2024-01-15 10:00:00+00:00,2024-01-15T10:00:00+01:00,2024-01-15,9760.75,7501.00910121679,False,sarima_forecast,True,True,enhanced/post-hoc SARIMA robustness analysis,False,
Austria,SARIMA,2024-01-15,sarima_p2_d0_q2_P0_D1_Q0_s24,2,0,2,0,1,0,24,n,2024-01-14T08:00:00+01:00,2024-01-14T07:00:00+00:00,2024-01-14T07:00:00+00:00,2024-01-15 10:00:00+00:00,2024-01-15 11:00:00+00:00,2024-01-15T11:00:00+01:00,2024-01-15,9579.5,7427.597029896415,False,sarima_forecast,True,True,enhanced/post-hoc SARIMA robustness analysis,False,
Austria,SARIMA,2024-01-15,sarima_p2_d0_q2_P0_D1_Q0_s24,2,0,2,0,1,0,24,n,2024-01-14T08:00:00+01:00,2024-01-14T07:00:00+00:00,2024-01-14T07:00:00+00:00,2024-01-15 11:00:00+00:00,2024-01-15 12:00:00+00:00,2024-01-15T12:00:00+01:00,2024-01-15,9397.25,7196.008592877482,False,sarima_forecast,True,True,enhanced/post-hoc SARIMA robustness analysis,False,
Austria,SARIMA,2024-01-15,sarima_p2_d0_q2_P0_D1_Q0_s24,2,0,2,0,1,0,24,n,2024-01-14T08:00:00+01:00,2024-01-14T07:00:00+00:00,2024-01-14T07:00:00+00:00,2024-01-15 12:00:00+00:00,2024-01-15 13:00:00+00:00,2024-01-15T13:00:00+01:00,2024-01-15,9382.25,6993.928191668813,False,sarima_forecast,True,True,enhanced/post-hoc SARIMA robustness analysis,False,
Austria,SARIMA,2024-01-15,sarima_p2_d0_q2_P0_D1_Q0_s24,2,0,2,0,1,0,24,n,2024-01-14T08:00:00+01:00,2024-01-14T07:00:00+00:00,2024-01-14T07:00:00+00:00,2024-01-15 13:00:00+00:00,2024-01-15 14:00:00+00:00,2024-01-15T14:00:00+01:00,2024-01-15,9431.0,6986.5050356980955,False,sarima_forecast,True,True,enhanced/post-hoc SARIMA robustness analysis,False,
Austria,SARIMA,2024-01-15,sarima_p2_d0_q2_P0_D1_Q0_s24,2,0,2,0,1,0,24,n,2024-01-14T08:00:00+01:00,2024-01-14T07:00:00+00:00,2024-01-14T07:00:00+00:00,2024-01-15 14:00:00+00:00,2024-01-15 15:00:00+00:00,2024-01-15T15:00:00+01:00,2024-01-15,9518.5,7267.865041723778,False,sarima_forecast,True,True,enhanced/post-hoc SARIMA robustness analysis,False,
Austria,SARIMA,2024-01-15,sarima_p2_d0_q2_P0_D1_Q0_s24,2,0,2,0,1,0,24,n,2024-01-14T08:00:00+01:00,2024-01-14T07:00:00+00:00,2024-01-14T07:00:00+00:00,2024-01-15 15:00:00+00:00,2024-01-15 16:00:00+00:00,2024-01-15T16:00:00+01:00,2024-01-15,9629.0,7680.948603139451,False,sarima_forecast,True,True,enhanced/post-hoc SARIMA robustness analysis,False,
Austria,SARIMA,2024-01-15,sarima_p2_d0_q2_P0_D1_Q0_s24,2,0,2,0,1,0,24,n,2024-01-14T08:00:00+01:00,2024-01-14T07:00:00+00:00,2024-01-14T07:00:00+00:00,2024-01-15 16:00:00+00:00,2024-01-15 17:00:00+00:00,2024-01-15T17:00:00+01:00,2024-01-15,9800.75,8083.457180564019,False,sarima_forecast,True,True,enhanced/post-hoc SARIMA robustness analysis,False,
Austria,SARIMA,2024-01-15,sarima_p2_d0_q2_P0_D1_Q0_s24,2,0,2,0,1,0,24,n,2024-01-14T08:00:00+01:00,2024-01-14T07:00:00+00:00,2024-01-14T07:00:00+00:00,2024-01-15 17:00:00+00:00,2024-01-15 18:00:00+00:00,2024-01-15T18:00:00+01:00,2024-01-15,9605.75,8018.336196281455,False,sarima_forecast,True,True,enhanced/post-hoc SARIMA robustness analysis,False,
Austria,SARIMA,2024-01-15,sarima_p2_d0_q2_P0_D1_Q0_s24,2,0,2,0,1,0,24,n,2024-01-14T08:00:00+01:00,2024-01-14T07:00:00+00:00,2024-01-14T07:00:00+00:00,2024-01-15 18:00:00+00:00,2024-01-15 19:00:00+00:00,2024-01-15T19:00:00+01:00,2024-01-15,9177.5,7685.520006498659,False,sarima_forecast,True,True,enhanced/post-hoc SARIMA robustness analysis,False,
Austria,SARIMA,2024-01-15,sarima_p2_d0_q2_P0_D1_Q0_s24,2,0,2,0,1,0,24,n,2024-01-14T08:00:00+01:00,2024-01-14T07:00:00+00:00,2024-01-14T07:00:00+00:00,2024-01-15 19:00:00+00:00,2024-01-15 20:00:00+00:00,2024-01-15T20:00:00+01:00,2024-01-15,8644.75,7292.180860551665,False,sarima_forecast,True,True,enhanced/post-hoc SARIMA robustness analysis,False,
Austria,SARIMA,2024-01-15,sarima_p2_d0_q2_P0_D1_Q0_s24,2,0,2,0,1,0,24,n,2024-01-14T08:00:00+01:00,2024-01-14T07:00:00+00:00,2024-01-14T07:00:00+00:00,2024-01-15 20:00:00+00:00,2024-01-15 21:00:00+00:00,2024-01-15T21:00:00+01:00,2024-01-15,8037.25,6915.479147116176,False,sarima_forecast,True,True,enhanced/post-hoc SARIMA robustness analysis,False,
Austria,SARIMA,2024-01-15,sarima_p2_d0_q2_P0_D1_Q0_s24,2,0,2,0,1,0,24,n,2024-01-14T08:00:00+01:00,2024-01-14T07:00:00+00:00,2024-01-14T07:00:00+00:00,2024-01-15 21:00:00+00:00,2024-01-15 22:00:00+00:00,2024-01-15T22:00:00+01:00,2024-01-15,7869.25,6898.064028487736,False,sarima_forecast,True,True,enhanced/post-hoc SARIMA robustness analysis,False,
Austria,SARIMA,2024-01-15,sarima_p2_d0_q2_P0_D1_Q0_s24,2,0,2,0,1,0,24,n,2024-01-14T08:00:00+01:00,2024-01-14T07:00:00+00:00,2024-01-14T07:00:00+00:00,2024-01-15 22:00:00+00:00,2024-01-15 23:00:00+00:00,2024-01-15T23:00:00+01:00,2024-01-15,7372.75,6529.0741655367365,False,sarima_forecast,True,True,enhanced/post-hoc SARIMA robustness analysis,False,
Austria,SARIMA,2024-03-31,sarima_p2_d0_q0_P0_D1_Q0_s24,2,0,0,0,1,0,24,n,2024-03-30T08:00:00+01:00,2024-03-30T07:00:00+00:00,2024-03-30T07:00:00+00:00,2024-03-30 07:00:00+00:00,2024-03-30 08:00:00+00:00,2024-03-30T08:00:00+01:00,2024-03-30,6170.25,5975.239337257119,True,sarima_forecast,False,False,enhanced/post-hoc SARIMA robustness analysis,False,
Austria,SARIMA,2024-03-31,sarima_p2_d0_q0_P0_D1_Q0_s24,2,0,0,0,1,0,24,n,2024-03-30T08:00:00+01:00,2024-03-30T07:00:00+00:00,2024-03-30T07:00:00+00:00,2024-03-30 08:00:00+00:00,2024-03-30 09:00:00+00:00,2024-03-30T09:00:00+01:00,2024-03-30,6365.5,5801.366595421151,True,sarima_forecast,False,False,enhanced/post-hoc SARIMA robustness analysis,False,
Austria,SARIMA,2024-03-31,sarima_p2_d0_q0_P0_D1_Q0_s24,2,0,0,0,1,0,24,n,2024-03-30T08:00:00+01:00,2024-03-30T07:00:00+00:00,2024-03-30T07:00:00+00:00,2024-03-30 09:00:00+00:00,2024-03-30 10:00:00+00:00,2024-03-30T10:00:00+01:00,2024-03-30,6271.75,5612.8843479160005,True,sarima_forecast,False,False,enhanced/post-hoc SARIMA robustness analysis,False,
Austria,SARIMA,2024-03-31,sarima_p2_d0_q0_P0_D1_Q0_s24,2,0,0,0,1,0,24,n,2024-03-30T08:00:00+01:00,2024-03-30T07:00:00+00:00,2024-03-30T07:00:00+00:00,2024-03-30 10:00:00+00:00,2024-03-30 11:00:00+00:00,2024-03-30T11:00:00+01:00,2024-03-30,6148.25,5406.584436266442,True,sarima_forecast,False,False,enhanced/post-hoc SARIMA robustness analysis,False,
Austria,SARIMA,2024-03-31,sarima_p2_d0_q0_P0_D1_Q0_s24,2,0,0,0,1,0,24,n,2024-03-30T08:00:00+01:00,2024-03-30T07:00:00+00:00,2024-03-30T07:00:00+00:00,2024-03-30 11:00:00+00:00,2024-03-30 12:00:00+00:00,2024-03-30T12:00:00+01:00,2024-03-30,5845.0,5062.543319204314,True,sarima_forecast,False,False,enhanced/post-hoc SARIMA robustness analysis,False,
Austria,SARIMA,2024-03-31,sarima_p2_d0_q0_P0_D1_Q0_s24,2,0,0,0,1,0,24,n,2024-03-30T08:00:00+01:00,2024-03-30T07:00:00+00:00,2024-03-30T07:00:00+00:00,2024-03-30 12:00:00+00:00,2024-03-30 13:00:00+00:00,2024-03-30T13:00:00+01:00,2024-03-30,5542.0,5022.554501982525,True,sarima_forecast,False,False,enhanced/post-hoc SARIMA robustness analysis,False,
Austria,SARIMA,2024-03-31,sarima_p2_d0_q0_P0_D1_Q0_s24,2,0,0,0,1,0,24,n,2024-03-30T08:00:00+01:00,2024-03-30T07:00:00+00:00,2024-03-30T07:00:00+00:00,2024-03-30 13:00:00+00:00,2024-03-30 14:00:00+00:00,2024-03-30T14:00:00+01:00,2024-03-30,5438.0,5117.7308869386,True,sarima_forecast,False,False,enhanced/post-hoc SARIMA robustness analysis,False,
Austria,SARIMA,2024-03-31,sarima_p2_d0_q0_P0_D1_Q0_s24,2,0,0,0,1,0,24,n,2024-03-30T08:00:00+01:00,2024-03-30T07:00:00+00:00,2024-03-30T07:00:00+00:00,2024-03-30 14:00:00+00:00,2024-03-30 15:00:00+00:00,2024-03-30T15:00:00+01:00,2024-03-30,5528.25,5345.335733714835,True,sarima_forecast,False,False,enhanced/post-hoc SARIMA robustness analysis,False,
Austria,SARIMA,2024-03-31,sarima_p2_d0_q0_P0_D1_Q0_s24,2,0,0,0,1,0,24,n,2024-03-30T08:00:00+01:00,2024-03-30T07:00:00+00:00,2024-03-30T07:00:00+00:00,2024-03-30 15:00:00+00:00,2024-03-30 16:00:00+00:00,2024-03-30T16:00:00+01:00,2024-03-30,5818.25,5799.455270399124,True,sarima_forecast,False,False,enhanced/post-hoc SARIMA robustness analysis,False,
Austria,SARIMA,2024-03-31,sarima_p2_d0_q0_P0_D1_Q0_s24,2,0,0,0,1,0,24,n,2024-03-30T08:00:00+01:00,2024-03-30T07:00:00+00:00,2024-03-30T07:00:00+00:00,2024-03-30 16:00:00+00:00,2024-03-30 17:00:00+00:00,2024-03-30T17:00:00+01:00,2024-03-30,6291.75,6316.414941816314,True,sarima_forecast,False,False,enhanced/post-hoc SARIMA robustness analysis,False,
Austria,SARIMA,2024-03-31,sarima_p2_d0_q0_P0_D1_Q0_s24,2,0,0,0,1,0,24,n,2024-03-30T08:00:00+01:00,2024-03-30T07:00:00+00:00,2024-03-30T07:00:00+00:00,2024-03-30 17:00:00+00:00,2024-03-30 18:00:00+00:00,2024-03-30T18:00:00+01:00,2024-03-30,6487.25,6676.619181920966,True,sarima_forecast,False,False,enhanced/post-hoc SARIMA robustness analysis,False,
Austria,SARIMA,2024-03-31,sarima_p2_d0_q0_P0_D1_Q0_s24,2,0,0,0,1,0,24,n,2024-03-30T08:00:00+01:00,2024-03-30T07:00:00+00:00,2024-03-30T07:00:00+00:00,2024-03-30 18:00:00+00:00,2024-03-30 19:00:00+00:00,2024-03-30T19:00:00+01:00,2024-03-30,6389.25,6638.264582053068,True,sarima_forecast,False,False,enhanced/post-hoc SARIMA robustness analysis,False,
Austria,SARIMA,2024-03-31,sarima_p2_d0_q0_P0_D1_Q0_s24,2,0,0,0,1,0,24,n,2024-03-30T08:00:00+01:00,2024-03-30T07:00:00+00:00,2024-03-30T07:00:00+00:00,2024-03-30 19:00:00+00:00,2024-03-30 20:00:00+00:00,2024-03-30T20:00:00+01:00,2024-03-30,6125.0,6332.140638385432,True,sarima_forecast,False,False,enhanced/post-hoc SARIMA robustness analysis,False,
Austria,SARIMA,2024-03-31,sarima_p2_d0_q0_P0_D1_Q0_s24,2,0,0,0,1,0,24,n,2024-03-30T08:00:00+01:00,2024-03-30T07:00:00+00:00,2024-03-30T07:00:00+00:00,2024-03-30 20:00:00+00:00,2024-03-30 21:00:00+00:00,2024-03-30T21:00:00+01:00,2024-03-30,5756.75,5871.7425079018385,True,sarima_forecast,False,False,enhanced/post-hoc SARIMA robustness analysis,False,
Austria,SARIMA,2024-03-31,sarima_p2_d0_q0_P0_D1_Q0_s24,2,0,0,0,1,0,24,n,2024-03-30T08:00:00+01:00,2024-03-30T07:00:00+00:00,2024-03-30T07:00:00+00:00,2024-03-30 21:00:00+00:00,2024-03-30 22:00:00+00:00,2024-03-30T22:00:00+01:00,2024-03-30,5651.0,5692.177535143399,True,sarima_forecast,False,False,enhanced/post-hoc SARIMA robustness analysis,False,
Austria,SARIMA,2024-03-31,sarima_p2_d0_q0_P0_D1_Q0_s24,2,0,0,0,1,0,24,n,2024-03-30T08:00:00+01:00,2024-03-30T07:00:00+00:00,2024-03-30T07:00:00+00:00,2024-03-30 22:00:00+00:00,2024-03-30 23:00:00+00:00,2024-03-30T23:00:00+01:00,2024-03-30,5260.75,5337.602557815848,True,sarima_forecast,False,False,enhanced/post-hoc SARIMA robustness analysis,False,
Austria,SARIMA,2024-03-31,sarima_p2_d0_q0_P0_D1_Q0_s24,2,0,0,0,1,0,24,n,2024-03-30T08:00:00+01:00,2024-03-30T07:00:00+00:00,2024-03-30T07:00:00+00:00,2024-03-30 23:00:00+00:00,2024-03-31 00:00:00+00:00,2024-03-31T00:00:00+01:00,2024-03-31,4921.25,5014.1827502500655,False,sarima_forecast,True,True,enhanced/post-hoc SARIMA robustness analysis,False,
Austria,SARIMA,2024-03-31,sarima_p2_d0_q0_P0_D1_Q0_s24,2,0,0,0,1,0,24,n,2024-03-30T08:00:00+01:00,2024-03-30T07:00:00+00:00,2024-03-30T07:00:00+00:00,2024-03-31 00:00:00+00:00,2024-03-31 01:00:00+00:00,2024-03-31T01:00:00+01:00,2024-03-31,4636.75,4793.8154439992195,False,sarima_forecast,True,True,enhanced/post-hoc SARIMA robustness analysis,False,
Austria,SARIMA,2024-03-31,sarima_p2_d0_q0_P0_D1_Q0_s24,2,0,0,0,1,0,24,n,2024-03-30T08:00:00+01:00,2024-03-30T07:00:00+00:00,2024-03-30T07:00:00+00:00,2024-03-31 01:00:00+00:00,2024-03-31 02:00:00+00:00,2024-03-31T03:00:00+02:00,2024-03-31,4463.0,4687.36427863865,False,sarima_forecast,True,True,enhanced/post-hoc SARIMA robustness analysis,False,
Austria,SARIMA,2024-03-31,sarima_p2_d0_q0_P0_D1_Q0_s24,2,0,0,0,1,0,24,n,2024-03-30T08:00:00+01:00,2024-03-30T07:00:00+00:00,2024-03-30T07:00:00+00:00,2024-03-31 02:00:00+00:00,2024-03-31 03:00:00+00:00,2024-03-31T04:00:00+02:00,2024-03-31,4502.0,4638.900401011366,False,sarima_forecast,True,True,enhanced/post-hoc SARIMA robustness analysis,False,
Austria,SARIMA,2024-03-31,sarima_p2_d0_q0_P0_D1_Q0_s24,2,0,0,0,1,0,24,n,2024-03-30T08:00:00+01:00,2024-03-30T07:00:00+00:00,2024-03-30T07:00:00+00:00,2024-03-31 03:00:00+00:00,2024-03-31 04:00:00+00:00,2024-03-31T05:00:00+02:00,2024-03-31,4592.75,4711.448403848218,False,sarima_forecast,True,True,enhanced/post-hoc SARIMA robustness analysis,False,
Austria,SARIMA,2024-03-31,sarima_p2_d0_q0_P0_D1_Q0_s24,2,0,0,0,1,0,24,n,2024-03-30T08:00:00+01:00,2024-03-30T07:00:00+00:00,2024-03-30T07:00:00+00:00,2024-03-31 04:00:00+00:00,2024-03-31 05:00:00+00:00,2024-03-31T06:00:00+02:00,2024-03-31,4793.5,5011.235386716356,False,sarima_forecast,True,True,enhanced/post-hoc SARIMA robustness analysis,False,
Austria,SARIMA,2024-03-31,sarima_p2_d0_q0_P0_D1_Q0_s24,2,0,0,0,1,0,24,n,2024-03-30T08:00:00+01:00,2024-03-30T07:00:00+00:00,2024-03-30T07:00:00+00:00,2024-03-31 05:00:00+00:00,2024-03-31 06:00:00+00:00,2024-03-31T07:00:00+02:00,2024-03-31,5071.0,5361.942013701497,False,sarima_forecast,True,True,enhanced/post-hoc SARIMA robustness analysis,False,
Austria,SARIMA,2024-03-31,sarima_p2_d0_q0_P0_D1_Q0_s24,2,0,0,0,1,0,24,n,2024-03-30T08:00:00+01:00,2024-03-30T07:00:00+00:00,2024-03-30T07:00:00+00:00,2024-03-31 06:00:00+00:00,2024-03-31 07:00:00+00:00,2024-03-31T08:00:00+02:00,2024-03-31,5332.25,5718.204790451107,False,sarima_forecast,True,True,enhanced/post-hoc SARIMA robustness analysis,False,
Austria,SARIMA,2024-03-31,sarima_p2_d0_q0_P0_D1_Q0_s24,2,0,0,0,1,0,24,n,2024-03-30T08:00:00+01:00,2024-03-30T07:00:00+00:00,2024-03-30T07:00:00+00:00,2024-03-31 07:00:00+00:00,2024-03-31 08:00:00+00:00,2024-03-31T09:00:00+02:00,2024-03-31,5437.25,5839.108366497257,False,sarima_forecast,True,True,enhanced/post-hoc SARIMA robustness analysis,False,
Austria,SARIMA,2024-03-31,sarima_p2_d0_q0_P0_D1_Q0_s24,2,0,0,0,1,0,24,n,2024-03-30T08:00:00+01:00,2024-03-30T07:00:00+00:00,2024-03-30T07:00:00+00:00,2024-03-31 08:00:00+00:00,2024-03-31 09:00:00+00:00,2024-03-31T10:00:00+02:00,2024-03-31,5408.25,5681.858739355124,False,sarima_forecast,True,True,enhanced/post-hoc SARIMA robustness analysis,False,
Austria,SARIMA,2024-03-31,sarima_p2_d0_q0_P0_D1_Q0_s24,2,0,0,0,1,0,24,n,2024-03-30T08:00:00+01:00,2024-03-30T07:00:00+00:00,2024-03-30T07:00:00+00:00,2024-03-31 09:00:00+00:00,2024-03-31 10:00:00+00:00,2024-03-31T11:00:00+02:00,2024-03-31,5485.0,5507.981386031097,False,sarima_forecast,True,True,enhanced/post-hoc SARIMA robustness analysis,False,
Austria,SARIMA,2024-03-31,sarima_p2_d0_q0_P0_D1_Q0_s24,2,0,0,0,1,0,24,n,2024-03-30T08:00:00+01:00,2024-03-30T07:00:00+00:00,2024-03-30T07:00:00+00:00,2024-03-31 10:00:00+00:00,2024-03-31 11:00:00+00:00,2024-03-31T12:00:00+02:00,2024-03-31,5190.5,5314.509870486059,False,sarima_forecast,True,True,enhanced/post-hoc SARIMA robustness analysis,False,
Austria,SARIMA,2024-03-31,sarima_p2_d0_q0_P0_D1_Q0_s24,2,0,0,0,1,0,24,n,2024-03-30T08:00:00+01:00,2024-03-30T07:00:00+00:00,2024-03-30T07:00:00+00:00,2024-03-31 11:00:00+00:00,2024-03-31 12:00:00+00:00,2024-03-31T13:00:00+02:00,2024-03-31,4962.25,4981.734369221102,False,sarima_forecast,True,True,enhanced/post-hoc SARIMA robustness analysis,False,
Austria,SARIMA,2024-03-31,sarima_p2_d0_q0_P0_D1_Q0_s24,2,0,0,0,1,0,24,n,2024-03-30T08:00:00+01:00,2024-03-30T07:00:00+00:00,2024-03-30T07:00:00+00:00,2024-03-31 12:00:00+00:00,2024-03-31 13:00:00+00:00,2024-03-31T14:00:00+02:00,2024-03-31,4844.0,4951.637070790106,False,sarima_forecast,True,True,enhanced/post-hoc SARIMA robustness analysis,False,
Austria,SARIMA,2024-03-31,sarima_p2_d0_q0_P0_D1_Q0_s24,2,0,0,0,1,0,24,n,2024-03-30T08:00:00+01:00,2024-03-30T07:00:00+00:00,2024-03-30T07:00:00+00:00,2024-03-31 13:00:00+00:00,2024-03-31 14:00:00+00:00,2024-03-31T15:00:00+02:00,2024-03-31,4883.5,5055.497263707789,False,sarima_forecast,True,True,enhanced/post-hoc SARIMA robustness analysis,False,
Austria,SARIMA,2024-03-31,sarima_p2_d0_q0_P0_D1_Q0_s24,2,0,0,0,1,0,24,n,2024-03-30T08:00:00+01:00,2024-03-30T07:00:00+00:00,2024-03-30T07:00:00+00:00,2024-03-31 14:00:00+00:00,2024-03-31 15:00:00+00:00,2024-03-31T16:00:00+02:00,2024-03-31,5057.25,5290.724792526026,False,sarima_forecast,True,True,enhanced/post-hoc SARIMA robustness analysis,False,
Austria,SARIMA,2024-03-31,sarima_p2_d0_q0_P0_D1_Q0_s24,2,0,0,0,1,0,24,n,2024-03-30T08:00:00+01:00,2024-03-30T07:00:00+00:00,2024-03-30T07:00:00+00:00,2024-03-31 15:00:00+00:00,2024-03-31 16:00:00+00:00,2024-03-31T17:00:00+02:00,2024-03-31,5418.75,5751.534926292685,False,sarima_forecast,True,True,enhanced/post-hoc SARIMA robustness analysis,False,
Austria,SARIMA,2024-03-31,sarima_p2_d0_q0_P0_D1_Q0_s24,2,0,0,0,1,0,24,n,2024-03-30T08:00:00+01:00,2024-03-30T07:00:00+00:00,2024-03-30T07:00:00+00:00,2024-03-31 16:00:00+00:00,2024-03-31 17:00:00+00:00,2024-03-31T18:00:00+02:00,2024-03-31,5862.5,6274.366635757912,False,sarima_forecast,True,True,enhanced/post-hoc SARIMA robustness analysis,False,
Austria,SARIMA,2024-03-31,sarima_p2_d0_q0_P0_D1_Q0_s24,2,0,0,0,1,0,24,n,2024-03-30T08:00:00+01:00,2024-03-30T07:00:00+00:00,2024-03-30T07:00:00+00:00,2024-03-31 17:00:00+00:00,2024-03-31 18:00:00+00:00,2024-03-31T19:00:00+02:00,2024-03-31,5970.5,6639.724180581819,False,sarima_forecast,True,True,enhanced/post-hoc SARIMA robustness analysis,False,
Austria,SARIMA,2024-03-31,sarima_p2_d0_q0_P0_D1_Q0_s24,2,0,0,0,1,0,24,n,2024-03-30T08:00:00+01:00,2024-03-30T07:00:00+00:00,2024-03-30T07:00:00+00:00,2024-03-31 18:00:00+00:00,2024-03-31 19:00:00+00:00,2024-03-31T20:00:00+02:00,2024-03-31,5882.5,6605.891894733686,False,sarima_forecast,True,True,enhanced/post-hoc SARIMA robustness analysis,False,
Austria,SARIMA,2024-03-31,sarima_p2_d0_q0_P0_D1_Q0_s24,2,0,0,0,1,0,24,n,2024-03-30T08:00:00+01:00,2024-03-30T07:00:00+00:00,2024-03-30T07:00:00+00:00,2024-03-31 19:00:00+00:00,2024-03-31 20:00:00+00:00,2024-03-31T21:00:00+02:00,2024-03-31,5562.25,6303.736370606855,False,sarima_forecast,True,True,enhanced/post-hoc SARIMA robustness analysis,False,
Austria,SARIMA,2024-03-31,sarima_p2_d0_q0_P0_D1_Q0_s24,2,0,0,0,1,0,24,n,2024-03-30T08:00:00+01:00,2024-03-30T07:00:00+00:00,2024-03-30T07:00:00+00:00,2024-03-31 20:00:00+00:00,2024-03-31 21:00:00+00:00,2024-03-31T22:00:00+02:00,2024-03-31,5555.75,5846.820488269393,False,sarima_forecast,True,True,enhanced/post-hoc SARIMA robustness analysis,False,
Austria,SARIMA,2024-03-31,sarima_p2_d0_q0_P0_D1_Q0_s24,2,0,0,0,1,0,24,n,2024-03-30T08:00:00+01:00,2024-03-30T07:00:00+00:00,2024-03-30T07:00:00+00:00,2024-03-31 21:00:00+00:00,2024-03-31 22:00:00+00:00,2024-03-31T23:00:00+02:00,2024-03-31,5194.5,5670.3110685041775,False,sarima_forecast,True,True,enhanced/post-hoc SARIMA robustness analysis,False,
Austria,SARIMA,2024-03-31,sarima_p2_d0_q1_P0_D1_Q0_s24,2,0,1,0,1,0,24,n,2024-03-30T08:00:00+01:00,2024-03-30T07:00:00+00:00,2024-03-30T07:00:00+00:00,2024-03-30 07:00:00+00:00,2024-03-30 08:00:00+00:00,2024-03-30T08:00:00+01:00,2024-03-30,6170.25,6035.470076166802,True,sarima_forecast,False,False,enhanced/post-hoc SARIMA robustness analysis,False,
Austria,SARIMA,2024-03-31,sarima_p2_d0_q1_P0_D1_Q0_s24,2,0,1,0,1,0,24,n,2024-03-30T08:00:00+01:00,2024-03-30T07:00:00+00:00,2024-03-30T07:00:00+00:00,2024-03-30 08:00:00+00:00,2024-03-30 09:00:00+00:00,2024-03-30T09:00:00+01:00,2024-03-30,6365.5,5904.773197030299,True,sarima_forecast,False,False,enhanced/post-hoc SARIMA robustness analysis,False,
Austria,SARIMA,2024-03-31,sarima_p2_d0_q1_P0_D1_Q0_s24,2,0,1,0,1,0,24,n,2024-03-30T08:00:00+01:00,2024-03-30T07:00:00+00:00,2024-03-30T07:00:00+00:00,2024-03-30 09:00:00+00:00,2024-03-30 10:00:00+00:00,2024-03-30T10:00:00+01:00,2024-03-30,6271.75,5738.107309327921,True,sarima_forecast,False,False,enhanced/post-hoc SARIMA robustness analysis,False,
Austria,SARIMA,2024-03-31,sarima_p2_d0_q1_P0_D1_Q0_s24,2,0,1,0,1,0,24,n,2024-03-30T08:00:00+01:00,2024-03-30T07:00:00+00:00,2024-03-30T07:00:00+00:00,2024-03-30 10:00:00+00:00,2024-03-30 11:00:00+00:00,2024-03-30T11:00:00+01:00,2024-03-30,6148.25,5534.818407008871,True,sarima_forecast,False,False,enhanced/post-hoc SARIMA robustness analysis,False,
Austria,SARIMA,2024-03-31,sarima_p2_d0_q1_P0_D1_Q0_s24,2,0,1,0,1,0,24,n,2024-03-30T08:00:00+01:00,2024-03-30T07:00:00+00:00,2024-03-30T07:00:00+00:00,2024-03-30 11:00:00+00:00,2024-03-30 12:00:00+00:00,2024-03-30T12:00:00+01:00,2024-03-30,5845.0,5179.730490654844,True,sarima_forecast,False,False,enhanced/post-hoc SARIMA robustness analysis,False,
Austria,SARIMA,2024-03-31,sarima_p2_d0_q1_P0_D1_Q0_s24,2,0,1,0,1,0,24,n,2024-03-30T08:00:00+01:00,2024-03-30T07:00:00+00:00,2024-03-30T07:00:00+00:00,2024-03-30 12:00:00+00:00,2024-03-30 13:00:00+00:00,2024-03-30T13:00:00+01:00,2024-03-30,5542.0,5119.465384869172,True,sarima_forecast,False,False,enhanced/post-hoc SARIMA robustness analysis,False,
Austria,SARIMA,2024-03-31,sarima_p2_d0_q1_P0_D1_Q0_s24,2,0,1,0,1,0,24,n,2024-03-30T08:00:00+01:00,2024-03-30T07:00:00+00:00,2024-03-30T07:00:00+00:00,2024-03-30 13:00:00+00:00,2024-03-30 14:00:00+00:00,2024-03-30T14:00:00+01:00,2024-03-30,5438.0,5189.215910317011,True,sarima_forecast,False,False,enhanced/post-hoc SARIMA robustness analysis,False,
Austria,SARIMA,2024-03-31,sarima_p2_d0_q1_P0_D1_Q0_s24,2,0,1,0,1,0,24,n,2024-03-30T08:00:00+01:00,2024-03-30T07:00:00+00:00,2024-03-30T07:00:00+00:00,2024-03-30 14:00:00+00:00,2024-03-30 15:00:00+00:00,2024-03-30T15:00:00+01:00,2024-03-30,5528.25,5389.362287107448,True,sarima_forecast,False,False,enhanced/post-hoc SARIMA robustness analysis,False,
Austria,SARIMA,2024-03-31,sarima_p2_d0_q1_P0_D1_Q0_s24,2,0,1,0,1,0,24,n,2024-03-30T08:00:00+01:00,2024-03-30T07:00:00+00:00,2024-03-30T07:00:00+00:00,2024-03-30 15:00:00+00:00,2024-03-30 16:00:00+00:00,2024-03-30T16:00:00+01:00,2024-03-30,5818.25,5816.200287860111,True,sarima_forecast,False,False,enhanced/post-hoc SARIMA robustness analysis,False,
Austria,SARIMA,2024-03-31,sarima_p2_d0_q1_P0_D1_Q0_s24,2,0,1,0,1,0,24,n,2024-03-30T08:00:00+01:00,2024-03-30T07:00:00+00:00,2024-03-30T07:00:00+00:00,2024-03-30 16:00:00+00:00,2024-03-30 17:00:00+00:00,2024-03-30T17:00:00+01:00,2024-03-30,6291.75,6307.511623931624,True,sarima_forecast,False,False,enhanced/post-hoc SARIMA robustness analysis,False,
Austria,SARIMA,2024-03-31,sarima_p2_d0_q1_P0_D1_Q0_s24,2,0,1,0,1,0,24,n,2024-03-30T08:00:00+01:00,2024-03-30T07:00:00+00:00,2024-03-30T07:00:00+00:00,2024-03-30 17:00:00+00:00,2024-03-30 18:00:00+00:00,2024-03-30T18:00:00+01:00,2024-03-30,6487.25,6644.575706512131,True,sarima_forecast,False,False,enhanced/post-hoc SARIMA robustness analysis,False,
Austria,SARIMA,2024-03-31,sarima_p2_d0_q1_P0_D1_Q0_s24,2,0,1,0,1,0,24,n,2024-03-30T08:00:00+01:00,2024-03-30T07:00:00+00:00,2024-03-30T07:00:00+00:00,2024-03-30 18:00:00+00:00,2024-03-30 19:00:00+00:00,2024-03-30T19:00:00+01:00,2024-03-30,6389.25,6586.038348621574,True,sarima_forecast,False,False,enhanced/post-hoc SARIMA robustness analysis,False,
Austria,SARIMA,2024-03-31,sarima_p2_d0_q1_P0_D1_Q0_s24,2,0,1,0,1,0,24,n,2024-03-30T08:00:00+01:00,2024-03-30T07:00:00+00:00,2024-03-30T07:00:00+00:00,2024-03-30 19:00:00+00:00,2024-03-30 20:00:00+00:00,2024-03-30T20:00:00+01:00,2024-03-30,6125.0,6262.840157464569,True,sarima_forecast,False,False,enhanced/post-hoc SARIMA robustness analysis,False,
Austria,SARIMA,2024-03-31,sarima_p2_d0_q1_P0_D1_Q0_s24,2,0,1,0,1,0,24,n,2024-03-30T08:00:00+01:00,2024-03-30T07:00:00+00:00,2024-03-30T07:00:00+00:00,2024-03-30 20:00:00+00:00,2024-03-30 21:00:00+00:00,2024-03-30T21:00:00+01:00,2024-03-30,5756.75,5788.428180838656,True,sarima_forecast,False,False,enhanced/post-hoc SARIMA robustness analysis,False,
Austria,SARIMA,2024-03-31,sarima_p2_d0_q1_P0_D1_Q0_s24,2,0,1,0,1,0,24,n,2024-03-30T08:00:00+01:00,2024-03-30T07:00:00+00:00,2024-03-30T07:00:00+00:00,2024-03-30 21:00:00+00:00,2024-03-30 22:00:00+00:00,2024-03-30T22:00:00+01:00,2024-03-30,5651.0,5597.736022018677,True,sarima_forecast,False,False,enhanced/post-hoc SARIMA robustness analysis,False,
Austria,SARIMA,2024-03-31,sarima_p2_d0_q1_P0_D1_Q0_s24,2,0,1,0,1,0,24,n,2024-03-30T08:00:00+01:00,2024-03-30T07:00:00+00:00,2024-03-30T07:00:00+00:00,2024-03-30 22:00:00+00:00,2024-03-30 23:00:00+00:00,2024-03-30T23:00:00+01:00,2024-03-30,5260.75,5234.674158559195,True,sarima_forecast,False,False,enhanced/post-hoc SARIMA robustness analysis,False,
Austria,SARIMA,2024-03-31,sarima_p2_d0_q1_P0_D1_Q0_s24,2,0,1,0,1,0,24,n,2024-03-30T08:00:00+01:00,2024-03-30T07:00:00+00:00,2024-03-30T07:00:00+00:00,2024-03-30 23:00:00+00:00,2024-03-31 00:00:00+00:00,2024-03-31T00:00:00+01:00,2024-03-31,4921.25,4905.125849916758,False,sarima_forecast,True,True,enhanced/post-hoc SARIMA robustness analysis,False,
Austria,SARIMA,2024-03-31,sarima_p2_d0_q1_P0_D1_Q0_s24,2,0,1,0,1,0,24,n,2024-03-30T08:00:00+01:00,2024-03-30T07:00:00+00:00,2024-03-30T07:00:00+00:00,2024-03-31 00:00:00+00:00,2024-03-31 01:00:00+00:00,2024-03-31T01:00:00+01:00,2024-03-31,4636.75,4680.696060818823,False,sarima_forecast,True,True,enhanced/post-hoc SARIMA robustness analysis,False,
Austria,SARIMA,2024-03-31,sarima_p2_d0_q1_P0_D1_Q0_s24,2,0,1,0,1,0,24,n,2024-03-30T08:00:00+01:00,2024-03-30T07:00:00+00:00,2024-03-30T07:00:00+00:00,2024-03-31 01:00:00+00:00,2024-03-31 02:00:00+00:00,2024-03-31T03:00:00+02:00,2024-03-31,4463.0,4571.961969557138,False,sarima_forecast,True,True,enhanced/post-hoc SARIMA robustness analysis,False,
Austria,SARIMA,2024-03-31,sarima_p2_d0_q1_P0_D1_Q0_s24,2,0,1,0,1,0,24,n,2024-03-30T08:00:00+01:00,2024-03-30T07:00:00+00:00,2024-03-30T07:00:00+00:00,2024-03-31 02:00:00+00:00,2024-03-31 03:00:00+00:00,2024-03-31T04:00:00+02:00,2024-03-31,4502.0,4522.724269008778,False,sarima_forecast,True,True,enhanced/post-hoc SARIMA robustness analysis,False,
Austria,SARIMA,2024-03-31,sarima_p2_d0_q1_P0_D1_Q0_s24,2,0,1,0,1,0,24,n,2024-03-30T08:00:00+01:00,2024-03-30T07:00:00+00:00,2024-03-30T07:00:00+00:00,2024-03-31 03:00:00+00:00,2024-03-31 04:00:00+00:00,2024-03-31T05:00:00+02:00,2024-03-31,4592.75,4595.758824948376,False,sarima_forecast,True,True,enhanced/post-hoc SARIMA robustness analysis,False,
Austria,SARIMA,2024-03-31,sarima_p2_d0_q1_P0_D1_Q0_s24,2,0,1,0,1,0,24,n,2024-03-30T08:00:00+01:00,2024-03-30T07:00:00+00:00,2024-03-30T07:00:00+00:00,2024-03-31 04:00:00+00:00,2024-03-31 05:00:00+00:00,2024-03-31T06:00:00+02:00,2024-03-31,4793.5,4897.0684552486655,False,sarima_forecast,True,True,enhanced/post-hoc SARIMA robustness analysis,False,
Austria,SARIMA,2024-03-31,sarima_p2_d0_q1_P0_D1_Q0_s24,2,0,1,0,1,0,24,n,2024-03-30T08:00:00+01:00,2024-03-30T07:00:00+00:00,2024-03-30T07:00:00+00:00,2024-03-31 05:00:00+00:00,2024-03-31 06:00:00+00:00,2024-03-31T07:00:00+02:00,2024-03-31,5071.0,5250.134704361129,False,sarima_forecast,True,True,enhanced/post-hoc SARIMA robustness analysis,False,
Austria,SARIMA,2024-03-31,sarima_p2_d0_q1_P0_D1_Q0_s24,2,0,1,0,1,0,24,n,2024-03-30T08:00:00+01:00,2024-03-30T07:00:00+00:00,2024-03-30T07:00:00+00:00,2024-03-31 06:00:00+00:00,2024-03-31 07:00:00+00:00,2024-03-31T08:00:00+02:00,2024-03-31,5332.25,5609.419548919709,False,sarima_forecast,True,True,enhanced/post-hoc SARIMA robustness analysis,False,
Austria,SARIMA,2024-03-31,sarima_p2_d0_q1_P0_D1_Q0_s24,2,0,1,0,1,0,24,n,2024-03-30T08:00:00+01:00,2024-03-30T07:00:00+00:00,2024-03-30T07:00:00+00:00,2024-03-31 07:00:00+00:00,2024-03-31 08:00:00+00:00,2024-03-31T09:00:00+02:00,2024-03-31,5437.25,5794.087080354109,False,sarima_forecast,True,True,enhanced/post-hoc SARIMA robustness analysis,False,
Austria,SARIMA,2024-03-31,sarima_p2_d0_q1_P0_D1_Q0_s24,2,0,1,0,1,0,24,n,2024-03-30T08:00:00+01:00,2024-03-30T07:00:00+00:00,2024-03-30T07:00:00+00:00,2024-03-31 08:00:00+00:00,2024-03-31 09:00:00+00:00,2024-03-31T10:00:00+02:00,2024-03-31,5408.25,5683.927816580204,False,sarima_forecast,True,True,enhanced/post-hoc SARIMA robustness analysis,False,
Austria,SARIMA,2024-03-31,sarima_p2_d0_q1_P0_D1_Q0_s24,2,0,1,0,1,0,24,n,2024-03-30T08:00:00+01:00,2024-03-30T07:00:00+00:00,2024-03-30T07:00:00+00:00,2024-03-31 09:00:00+00:00,2024-03-31 10:00:00+00:00,2024-03-31T11:00:00+02:00,2024-03-31,5485.0,5536.052170500502,False,sarima_forecast,True,True,enhanced/post-hoc SARIMA robustness analysis,False,
Austria,SARIMA,2024-03-31,sarima_p2_d0_q1_P0_D1_Q0_s24,2,0,1,0,1,0,24,n,2024-03-30T08:00:00+01:00,2024-03-30T07:00:00+00:00,2024-03-30T07:00:00+00:00,2024-03-31 10:00:00+00:00,2024-03-31 11:00:00+00:00,2024-03-31T12:00:00+02:00,2024-03-31,5190.5,5349.954792086555,False,sarima_forecast,True,True,enhanced/post-hoc SARIMA robustness analysis,False,
Austria,SARIMA,2024-03-31,sarima_p2_d0_q1_P0_D1_Q0_s24,2,0,1,0,1,0,24,n,2024-03-30T08:00:00+01:00,2024-03-30T07:00:00+00:00,2024-03-30T07:00:00+00:00,2024-03-31 11:00:00+00:00,2024-03-31 12:00:00+00:00,2024-03-31T13:00:00+02:00,2024-03-31,4962.25,5010.595697073884,False,sarima_forecast,True,True,enhanced/post-hoc SARIMA robustness analysis,False,
Austria,SARIMA,2024-03-31,sarima_p2_d0_q1_P0_D1_Q0_s24,2,0,1,0,1,0,24,n,2024-03-30T08:00:00+01:00,2024-03-30T07:00:00+00:00,2024-03-30T07:00:00+00:00,2024-03-31 12:00:00+00:00,2024-03-31 13:00:00+00:00,2024-03-31T14:00:00+02:00,2024-03-31,4844.0,4964.721156666361,False,sarima_forecast,True,True,enhanced/post-hoc SARIMA robustness analysis,False,
Austria,SARIMA,2024-03-31,sarima_p2_d0_q1_P0_D1_Q0_s24,2,0,1,0,1,0,24,n,2024-03-30T08:00:00+01:00,2024-03-30T07:00:00+00:00,2024-03-30T07:00:00+00:00,2024-03-31 13:00:00+00:00,2024-03-31 14:00:00+00:00,2024-03-31T15:00:00+02:00,2024-03-31,4883.5,5047.637852069952,False,sarima_forecast,True,True,enhanced/post-hoc SARIMA robustness analysis,False,
Austria,SARIMA,2024-03-31,sarima_p2_d0_q1_P0_D1_Q0_s24,2,0,1,0,1,0,24,n,2024-03-30T08:00:00+01:00,2024-03-30T07:00:00+00:00,2024-03-30T07:00:00+00:00,2024-03-31 14:00:00+00:00,2024-03-31 15:00:00+00:00,2024-03-31T16:00:00+02:00,2024-03-31,5057.25,5259.830177566334,False,sarima_forecast,True,True,enhanced/post-hoc SARIMA robustness analysis,False,
Austria,SARIMA,2024-03-31,sarima_p2_d0_q1_P0_D1_Q0_s24,2,0,1,0,1,0,24,n,2024-03-30T08:00:00+01:00,2024-03-30T07:00:00+00:00,2024-03-30T07:00:00+00:00,2024-03-31 15:00:00+00:00,2024-03-31 16:00:00+00:00,2024-03-31T17:00:00+02:00,2024-03-31,5418.75,5697.689217165458,False,sarima_forecast,True,True,enhanced/post-hoc SARIMA robustness analysis,False,
Austria,SARIMA,2024-03-31,sarima_p2_d0_q1_P0_D1_Q0_s24,2,0,1,0,1,0,24,n,2024-03-30T08:00:00+01:00,2024-03-30T07:00:00+00:00,2024-03-30T07:00:00+00:00,2024-03-31 16:00:00+00:00,2024-03-31 17:00:00+00:00,2024-03-31T18:00:00+02:00,2024-03-31,5862.5,6199.083884592592,False,sarima_forecast,True,True,enhanced/post-hoc SARIMA robustness analysis,False,
Austria,SARIMA,2024-03-31,sarima_p2_d0_q1_P0_D1_Q0_s24,2,0,1,0,1,0,24,n,2024-03-30T08:00:00+01:00,2024-03-30T07:00:00+00:00,2024-03-30T07:00:00+00:00,2024-03-31 17:00:00+00:00,2024-03-31 18:00:00+00:00,2024-03-31T19:00:00+02:00,2024-03-31,5970.5,6545.373374151797,False,sarima_forecast,True,True,enhanced/post-hoc SARIMA robustness analysis,False,
Austria,SARIMA,2024-03-31,sarima_p2_d0_q1_P0_D1_Q0_s24,2,0,1,0,1,0,24,n,2024-03-30T08:00:00+01:00,2024-03-30T07:00:00+00:00,2024-03-30T07:00:00+00:00,2024-03-31 18:00:00+00:00,2024-03-31 19:00:00+00:00,2024-03-31T20:00:00+02:00,2024-03-31,5882.5,6495.276493879181,False,sarima_forecast,True,True,enhanced/post-hoc SARIMA robustness analysis,False,
Austria,SARIMA,2024-03-31,sarima_p2_d0_q1_P0_D1_Q0_s24,2,0,1,0,1,0,24,n,2024-03-30T08:00:00+01:00,2024-03-30T07:00:00+00:00,2024-03-30T07:00:00+00:00,2024-03-31 19:00:00+00:00,2024-03-31 20:00:00+00:00,2024-03-31T21:00:00+02:00,2024-03-31,5562.25,6179.8006353972505,False,sarima_forecast,True,True,enhanced/post-hoc SARIMA robustness analysis,False,
Austria,SARIMA,2024-03-31,sarima_p2_d0_q1_P0_D1_Q0_s24,2,0,1,0,1,0,24,n,2024-03-30T08:00:00+01:00,2024-03-30T07:00:00+00:00,2024-03-30T07:00:00+00:00,2024-03-31 20:00:00+00:00,2024-03-31 21:00:00+00:00,2024-03-31T22:00:00+02:00,2024-03-31,5555.75,5712.4539487113825,False,sarima_forecast,True,True,enhanced/post-hoc SARIMA robustness analysis,False,
Austria,SARIMA,2024-03-31,sarima_p2_d0_q1_P0_D1_Q0_s24,2,0,1,0,1,0,24,n,2024-03-30T08:00:00+01:00,2024-03-30T07:00:00+00:00,2024-03-30T07:00:00+00:00,2024-03-31 21:00:00+00:00,2024-03-31 22:00:00+00:00,2024-03-31T23:00:00+02:00,2024-03-31,5194.5,5528.225940538937,False,sarima_forecast,True,True,enhanced/post-hoc SARIMA robustness analysis,False,
Austria,SARIMA,2024-03-31,sarima_p2_d0_q2_P0_D1_Q0_s24,2,0,2,0,1,0,24,n,2024-03-30T08:00:00+01:00,2024-03-30T07:00:00+00:00,2024-03-30T07:00:00+00:00,2024-03-30 07:00:00+00:00,2024-03-30 08:00:00+00:00,2024-03-30T08:00:00+01:00,2024-03-30,6170.25,6028.981479251684,True,sarima_forecast,False,False,enhanced/post-hoc SARIMA robustness analysis,False,
Austria,SARIMA,2024-03-31,sarima_p2_d0_q2_P0_D1_Q0_s24,2,0,2,0,1,0,24,n,2024-03-30T08:00:00+01:00,2024-03-30T07:00:00+00:00,2024-03-30T07:00:00+00:00,2024-03-30 08:00:00+00:00,2024-03-30 09:00:00+00:00,2024-03-30T09:00:00+01:00,2024-03-30,6365.5,5944.91690890168,True,sarima_forecast,False,False,enhanced/post-hoc SARIMA robustness analysis,False,
Austria,SARIMA,2024-03-31,sarima_p2_d0_q2_P0_D1_Q0_s24,2,0,2,0,1,0,24,n,2024-03-30T08:00:00+01:00,2024-03-30T07:00:00+00:00,2024-03-30T07:00:00+00:00,2024-03-30 09:00:00+00:00,2024-03-30 10:00:00+00:00,2024-03-30T10:00:00+01:00,2024-03-30,6271.75,5796.362047434866,True,sarima_forecast,False,False,enhanced/post-hoc SARIMA robustness analysis,False,
Austria,SARIMA,2024-03-31,sarima_p2_d0_q2_P0_D1_Q0_s24,2,0,2,0,1,0,24,n,2024-03-30T08:00:00+01:00,2024-03-30T07:00:00+00:00,2024-03-30T07:00:00+00:00,2024-03-30 10:00:00+00:00,2024-03-30 11:00:00+00:00,2024-03-30T11:00:00+01:00,2024-03-30,6148.25,5593.066308685795,True,sarima_forecast,False,False,enhanced/post-hoc SARIMA robustness analysis,False,
Austria,SARIMA,2024-03-31,sarima_p2_d0_q2_P0_D1_Q0_s24,2,0,2,0,1,0,24,n,2024-03-30T08:00:00+01:00,2024-03-30T07:00:00+00:00,2024-03-30T07:00:00+00:00,2024-03-30 11:00:00+00:00,2024-03-30 12:00:00+00:00,2024-03-30T12:00:00+01:00,2024-03-30,5845.0,5228.14566257068,True,sarima_forecast,False,False,enhanced/post-hoc SARIMA robustness analysis,False,
Austria,SARIMA,2024-03-31,sarima_p2_d0_q2_P0_D1_Q0_s24,2,0,2,0,1,0,24,n,2024-03-30T08:00:00+01:00,2024-03-30T07:00:00+00:00,2024-03-30T07:00:00+00:00,2024-03-30 12:00:00+00:00,2024-03-30 13:00:00+00:00,2024-03-30T13:00:00+01:00,2024-03-30,5542.0,5153.573811521259,True,sarima_forecast,False,False,enhanced/post-hoc SARIMA robustness analysis,False,
Austria,SARIMA,2024-03-31,sarima_p2_d0_q2_P0_D1_Q0_s24,2,0,2,0,1,0,24,n,2024-03-30T08:00:00+01:00,2024-03-30T07:00:00+00:00,2024-03-30T07:00:00+00:00,2024-03-30 13:00:00+00:00,2024-03-30 14:00:00+00:00,2024-03-30T14:00:00+01:00,2024-03-30,5438.0,5207.6726278115775,True,sarima_forecast,False,False,enhanced/post-hoc SARIMA robustness analysis,False,
Austria,SARIMA,2024-03-31,sarima_p2_d0_q2_P0_D1_Q0_s24,2,0,2,0,1,0,24,n,2024-03-30T08:00:00+01:00,2024-03-30T07:00:00+00:00,2024-03-30T07:00:00+00:00,2024-03-30 14:00:00+00:00,2024-03-30 15:00:00+00:00,2024-03-30T15:00:00+01:00,2024-03-30,5528.25,5392.524565155863,True,sarima_forecast,False,False,enhanced/post-hoc SARIMA robustness analysis,False,
Austria,SARIMA,2024-03-31,sarima_p2_d0_q2_P0_D1_Q0_s24,2,0,2,0,1,0,24,n,2024-03-30T08:00:00+01:00,2024-03-30T07:00:00+00:00,2024-03-30T07:00:00+00:00,2024-03-30 15:00:00+00:00,2024-03-30 16:00:00+00:00,2024-03-30T16:00:00+01:00,2024-03-30,5818.25,5805.277507225508,True,sarima_forecast,False,False,enhanced/post-hoc SARIMA robustness analysis,False,
Austria,SARIMA,2024-03-31,sarima_p2_d0_q2_P0_D1_Q0_s24,2,0,2,0,1,0,24,n,2024-03-30T08:00:00+01:00,2024-03-30T07:00:00+00:00,2024-03-30T07:00:00+00:00,2024-03-30 16:00:00+00:00,2024-03-30 17:00:00+00:00,2024-03-30T17:00:00+01:00,2024-03-30,6291.75,6284.0809485578,True,sarima_forecast,False,False,enhanced/post-hoc SARIMA robustness analysis,False,
Austria,SARIMA,2024-03-31,sarima_p2_d0_q2_P0_D1_Q0_s24,2,0,2,0,1,0,24,n,2024-03-30T08:00:00+01:00,2024-03-30T07:00:00+00:00,2024-03-30T07:00:00+00:00,2024-03-30 17:00:00+00:00,2024-03-30 18:00:00+00:00,2024-03-30T18:00:00+01:00,2024-03-30,6487.25,6610.316056754064,True,sarima_forecast,False,False,enhanced/post-hoc SARIMA robustness analysis,False,
Austria,SARIMA,2024-03-31,sarima_p2_d0_q2_P0_D1_Q0_s24,2,0,2,0,1,0,24,n,2024-03-30T08:00:00+01:00,2024-03-30T07:00:00+00:00,2024-03-30T07:00:00+00:00,2024-03-30 18:00:00+00:00,2024-03-30 19:00:00+00:00,2024-03-30T19:00:00+01:00,2024-03-30,6389.25,6542.590331157391,True,sarima_forecast,False,False,enhanced/post-hoc SARIMA robustness analysis,False,
Austria,SARIMA,2024-03-31,sarima_p2_d0_q2_P0_D1_Q0_s24,2,0,2,0,1,0,24,n,2024-03-30T08:00:00+01:00,2024-03-30T07:00:00+00:00,2024-03-30T07:00:00+00:00,2024-03-30 19:00:00+00:00,2024-03-30 20:00:00+00:00,2024-03-30T20:00:00+01:00,2024-03-30,6125.0,6211.737056008253,True,sarima_forecast,False,False,enhanced/post-hoc SARIMA robustness analysis,False,
Austria,SARIMA,2024-03-31,sarima_p2_d0_q2_P0_D1_Q0_s24,2,0,2,0,1,0,24,n,2024-03-30T08:00:00+01:00,2024-03-30T07:00:00+00:00,2024-03-30T07:00:00+00:00,2024-03-30 20:00:00+00:00,2024-03-30 21:00:00+00:00,2024-03-30T21:00:00+01:00,2024-03-30,5756.75,5731.066271518236,True,sarima_forecast,False,False,enhanced/post-hoc SARIMA robustness analysis,False,
Austria,SARIMA,2024-03-31,sarima_p2_d0_q2_P0_D1_Q0_s24,2,0,2,0,1,0,24,n,2024-03-30T08:00:00+01:00,2024-03-30T07:00:00+00:00,2024-03-30T07:00:00+00:00,2024-03-30 21:00:00+00:00,2024-03-30 22:00:00+00:00,2024-03-30T22:00:00+01:00,2024-03-30,5651.0,5535.366171585779,True,sarima_forecast,False,False,enhanced/post-hoc SARIMA robustness analysis,False,
Austria,SARIMA,2024-03-31,sarima_p2_d0_q2_P0_D1_Q0_s24,2,0,2,0,1,0,24,n,2024-03-30T08:00:00+01:00,2024-03-30T07:00:00+00:00,2024-03-30T07:00:00+00:00,2024-03-30 22:00:00+00:00,2024-03-30 23:00:00+00:00,2024-03-30T23:00:00+01:00,2024-03-30,5260.75,5168.404568417451,True,sarima_forecast,False,False,enhanced/post-hoc SARIMA robustness analysis,False,
Austria,SARIMA,2024-03-31,sarima_p2_d0_q2_P0_D1_Q0_s24,2,0,2,0,1,0,24,n,2024-03-30T08:00:00+01:00,2024-03-30T07:00:00+00:00,2024-03-30T07:00:00+00:00,2024-03-30 23:00:00+00:00,2024-03-31 00:00:00+00:00,2024-03-31T00:00:00+01:00,2024-03-31,4921.25,4835.930308943746,False,sarima_forecast,True,True,enhanced/post-hoc SARIMA robustness analysis,False,
Austria,SARIMA,2024-03-31,sarima_p2_d0_q2_P0_D1_Q0_s24,2,0,2,0,1,0,24,n,2024-03-30T08:00:00+01:00,2024-03-30T07:00:00+00:00,2024-03-30T07:00:00+00:00,2024-03-31 00:00:00+00:00,2024-03-31 01:00:00+00:00,2024-03-31T01:00:00+01:00,2024-03-31,4636.75,4609.424609476262,False,sarima_forecast,True,True,enhanced/post-hoc SARIMA robustness analysis,False,
Austria,SARIMA,2024-03-31,sarima_p2_d0_q2_P0_D1_Q0_s24,2,0,2,0,1,0,24,n,2024-03-30T08:00:00+01:00,2024-03-30T07:00:00+00:00,2024-03-30T07:00:00+00:00,2024-03-31 01:00:00+00:00,2024-03-31 02:00:00+00:00,2024-03-31T03:00:00+02:00,2024-03-31,4463.0,4499.352302017127,False,sarima_forecast,True,True,enhanced/post-hoc SARIMA robustness analysis,False,
Austria,SARIMA,2024-03-31,sarima_p2_d0_q2_P0_D1_Q0_s24,2,0,2,0,1,0,24,n,2024-03-30T08:00:00+01:00,2024-03-30T07:00:00+00:00,2024-03-30T07:00:00+00:00,2024-03-31 02:00:00+00:00,2024-03-31 03:00:00+00:00,2024-03-31T04:00:00+02:00,2024-03-31,4502.0,4449.4129943338385,False,sarima_forecast,True,True,enhanced/post-hoc SARIMA robustness analysis,False,
Austria,SARIMA,2024-03-31,sarima_p2_d0_q2_P0_D1_Q0_s24,2,0,2,0,1,0,24,n,2024-03-30T08:00:00+01:00,2024-03-30T07:00:00+00:00,2024-03-30T07:00:00+00:00,2024-03-31 03:00:00+00:00,2024-03-31 04:00:00+00:00,2024-03-31T05:00:00+02:00,2024-03-31,4592.75,4522.292148521427,False,sarima_forecast,True,True,enhanced/post-hoc SARIMA robustness analysis,False,
Austria,SARIMA,2024-03-31,sarima_p2_d0_q2_P0_D1_Q0_s24,2,0,2,0,1,0,24,n,2024-03-30T08:00:00+01:00,2024-03-30T07:00:00+00:00,2024-03-30T07:00:00+00:00,2024-03-31 04:00:00+00:00,2024-03-31 05:00:00+00:00,2024-03-31T06:00:00+02:00,2024-03-31,4793.5,4823.912083363226,False,sarima_forecast,True,True,enhanced/post-hoc SARIMA robustness analysis,False,
Austria,SARIMA,2024-03-31,sarima_p2_d0_q2_P0_D1_Q0_s24,2,0,2,0,1,0,24,n,2024-03-30T08:00:00+01:00,2024-03-30T07:00:00+00:00,2024-03-30T07:00:00+00:00,2024-03-31 05:00:00+00:00,2024-03-31 06:00:00+00:00,2024-03-31T07:00:00+02:00,2024-03-31,5071.0,5177.682905734611,False,sarima_forecast,True,True,enhanced/post-hoc SARIMA robustness analysis,False,
Austria,SARIMA,2024-03-31,sarima_p2_d0_q2_P0_D1_Q0_s24,2,0,2,0,1,0,24,n,2024-03-30T08:00:00+01:00,2024-03-30T07:00:00+00:00,2024-03-30T07:00:00+00:00,2024-03-31 06:00:00+00:00,2024-03-31 07:00:00+00:00,2024-03-31T08:00:00+02:00,2024-03-31,5332.25,5538.003376026113,False,sarima_forecast,True,True,enhanced/post-hoc SARIMA robustness analysis,False,
Austria,SARIMA,2024-03-31,sarima_p2_d0_q2_P0_D1_Q0_s24,2,0,2,0,1,0,24,n,2024-03-30T08:00:00+01:00,2024-03-30T07:00:00+00:00,2024-03-30T07:00:00+00:00,2024-03-31 07:00:00+00:00,2024-03-31 08:00:00+00:00,2024-03-31T09:00:00+02:00,2024-03-31,5437.25,5717.493191496003,False,sarima_forecast,True,True,enhanced/post-hoc SARIMA robustness analysis,False,
Austria,SARIMA,2024-03-31,sarima_p2_d0_q2_P0_D1_Q0_s24,2,0,2,0,1,0,24,n,2024-03-30T08:00:00+01:00,2024-03-30T07:00:00+00:00,2024-03-30T07:00:00+00:00,2024-03-31 08:00:00+00:00,2024-03-31 09:00:00+00:00,2024-03-31T10:00:00+02:00,2024-03-31,5408.25,5655.503246032203,False,sarima_forecast,True,True,enhanced/post-hoc SARIMA robustness analysis,False,
Austria,SARIMA,2024-03-31,sarima_p2_d0_q2_P0_D1_Q0_s24,2,0,2,0,1,0,24,n,2024-03-30T08:00:00+01:00,2024-03-30T07:00:00+00:00,2024-03-30T07:00:00+00:00,2024-03-31 09:00:00+00:00,2024-03-31 10:00:00+00:00,2024-03-31T11:00:00+02:00,2024-03-31,5485.0,5527.458619768245,False,sarima_forecast,True,True,enhanced/post-hoc SARIMA robustness analysis,False,
Austria,SARIMA,2024-03-31,sarima_p2_d0_q2_P0_D1_Q0_s24,2,0,2,0,1,0,24,n,2024-03-30T08:00:00+01:00,2024-03-30T07:00:00+00:00,2024-03-30T07:00:00+00:00,2024-03-31 10:00:00+00:00,2024-03-31 11:00:00+00:00,2024-03-31T12:00:00+02:00,2024-03-31,5190.5,5343.219592072892,False,sarima_forecast,True,True,enhanced/post-hoc SARIMA robustness analysis,False,
Austria,SARIMA,2024-03-31,sarima_p2_d0_q2_P0_D1_Q0_s24,2,0,2,0,1,0,24,n,2024-03-30T08:00:00+01:00,2024-03-30T07:00:00+00:00,2024-03-30T07:00:00+00:00,2024-03-31 11:00:00+00:00,2024-03-31 12:00:00+00:00,2024-03-31T13:00:00+02:00,2024-03-31,4962.25,4996.005141551969,False,sarima_forecast,True,True,enhanced/post-hoc SARIMA robustness analysis,False,
Austria,SARIMA,2024-03-31,sarima_p2_d0_q2_P0_D1_Q0_s24,2,0,2,0,1,0,24,n,2024-03-30T08:00:00+01:00,2024-03-30T07:00:00+00:00,2024-03-30T07:00:00+00:00,2024-03-31 12:00:00+00:00,2024-03-31 13:00:00+00:00,2024-03-31T14:00:00+02:00,2024-03-31,4844.0,4937.88467928291,False,sarima_forecast,True,True,enhanced/post-hoc SARIMA robustness analysis,False,
Austria,SARIMA,2024-03-31,sarima_p2_d0_q2_P0_D1_Q0_s24,2,0,2,0,1,0,24,n,2024-03-30T08:00:00+01:00,2024-03-30T07:00:00+00:00,2024-03-30T07:00:00+00:00,2024-03-31 13:00:00+00:00,2024-03-31 14:00:00+00:00,2024-03-31T15:00:00+02:00,2024-03-31,4883.5,5007.26900348275,False,sarima_forecast,True,True,enhanced/post-hoc SARIMA robustness analysis,False,
Austria,SARIMA,2024-03-31,sarima_p2_d0_q2_P0_D1_Q0_s24,2,0,2,0,1,0,24,n,2024-03-30T08:00:00+01:00,2024-03-30T07:00:00+00:00,2024-03-30T07:00:00+00:00,2024-03-31 14:00:00+00:00,2024-03-31 15:00:00+00:00,2024-03-31T16:00:00+02:00,2024-03-31,5057.25,5206.323191784168,False,sarima_forecast,True,True,enhanced/post-hoc SARIMA robustness analysis,False,
Austria,SARIMA,2024-03-31,sarima_p2_d0_q2_P0_D1_Q0_s24,2,0,2,0,1,0,24,n,2024-03-30T08:00:00+01:00,2024-03-30T07:00:00+00:00,2024-03-30T07:00:00+00:00,2024-03-31 15:00:00+00:00,2024-03-31 16:00:00+00:00,2024-03-31T17:00:00+02:00,2024-03-31,5418.75,5632.271896365815,False,sarima_forecast,True,True,enhanced/post-hoc SARIMA robustness analysis,False,
Austria,SARIMA,2024-03-31,sarima_p2_d0_q2_P0_D1_Q0_s24,2,0,2,0,1,0,24,n,2024-03-30T08:00:00+01:00,2024-03-30T07:00:00+00:00,2024-03-30T07:00:00+00:00,2024-03-31 16:00:00+00:00,2024-03-31 17:00:00+00:00,2024-03-31T18:00:00+02:00,2024-03-31,5862.5,6123.335939823694,False,sarima_forecast,True,True,enhanced/post-hoc SARIMA robustness analysis,False,
Austria,SARIMA,2024-03-31,sarima_p2_d0_q2_P0_D1_Q0_s24,2,0,2,0,1,0,24,n,2024-03-30T08:00:00+01:00,2024-03-30T07:00:00+00:00,2024-03-30T07:00:00+00:00,2024-03-31 17:00:00+00:00,2024-03-31 18:00:00+00:00,2024-03-31T19:00:00+02:00,2024-03-31,5970.5,6460.962762924288,False,sarima_forecast,True,True,enhanced/post-hoc SARIMA robustness analysis,False,
Austria,SARIMA,2024-03-31,sarima_p2_d0_q2_P0_D1_Q0_s24,2,0,2,0,1,0,24,n,2024-03-30T08:00:00+01:00,2024-03-30T07:00:00+00:00,2024-03-30T07:00:00+00:00,2024-03-31 18:00:00+00:00,2024-03-31 19:00:00+00:00,2024-03-31T20:00:00+02:00,2024-03-31,5882.5,6403.82144151366,False,sarima_forecast,True,True,enhanced/post-hoc SARIMA robustness analysis,False,
Austria,SARIMA,2024-03-31,sarima_p2_d0_q2_P0_D1_Q0_s24,2,0,2,0,1,0,24,n,2024-03-30T08:00:00+01:00,2024-03-30T07:00:00+00:00,2024-03-30T07:00:00+00:00,2024-03-31 19:00:00+00:00,2024-03-31 20:00:00+00:00,2024-03-31T21:00:00+02:00,2024-03-31,5562.25,6082.8024725172345,False,sarima_forecast,True,True,enhanced/post-hoc SARIMA robustness analysis,False,
Austria,SARIMA,2024-03-31,sarima_p2_d0_q2_P0_D1_Q0_s24,2,0,2,0,1,0,24,n,2024-03-30T08:00:00+01:00,2024-03-30T07:00:00+00:00,2024-03-30T07:00:00+00:00,2024-03-31 20:00:00+00:00,2024-03-31 21:00:00+00:00,2024-03-31T22:00:00+02:00,2024-03-31,5555.75,5611.269054269598,False,sarima_forecast,True,True,enhanced/post-hoc SARIMA robustness analysis,False,
Austria,SARIMA,2024-03-31,sarima_p2_d0_q2_P0_D1_Q0_s24,2,0,2,0,1,0,24,n,2024-03-30T08:00:00+01:00,2024-03-30T07:00:00+00:00,2024-03-30T07:00:00+00:00,2024-03-31 21:00:00+00:00,2024-03-31 22:00:00+00:00,2024-03-31T23:00:00+02:00,2024-03-31,5194.5,5424.058771569885,False,sarima_forecast,True,True,enhanced/post-hoc SARIMA robustness analysis,False,
Austria,SARIMA,2024-06-15,sarima_p2_d0_q0_P0_D1_Q0_s24,2,0,0,0,1,0,24,n,2024-06-14T08:00:00+02:00,2024-06-14T06:00:00+00:00,2024-06-14T06:00:00+00:00,2024-06-14 06:00:00+00:00,2024-06-14 07:00:00+00:00,2024-06-14T08:00:00+02:00,2024-06-14,6924.25,7095.755988282892,True,sarima_forecast,False,False,enhanced/post-hoc SARIMA robustness analysis,False,
Austria,SARIMA,2024-06-15,sarima_p2_d0_q0_P0_D1_Q0_s24,2,0,0,0,1,0,24,n,2024-06-14T08:00:00+02:00,2024-06-14T06:00:00+00:00,2024-06-14T06:00:00+00:00,2024-06-14 07:00:00+00:00,2024-06-14 08:00:00+00:00,2024-06-14T09:00:00+02:00,2024-06-14,6830.75,7016.742380467931,True,sarima_forecast,False,False,enhanced/post-hoc SARIMA robustness analysis,False,
Austria,SARIMA,2024-06-15,sarima_p2_d0_q0_P0_D1_Q0_s24,2,0,0,0,1,0,24,n,2024-06-14T08:00:00+02:00,2024-06-14T06:00:00+00:00,2024-06-14T06:00:00+00:00,2024-06-14 08:00:00+00:00,2024-06-14 09:00:00+00:00,2024-06-14T10:00:00+02:00,2024-06-14,6774.75,6850.109754093805,True,sarima_forecast,False,False,enhanced/post-hoc SARIMA robustness analysis,False,
Austria,SARIMA,2024-06-15,sarima_p2_d0_q0_P0_D1_Q0_s24,2,0,0,0,1,0,24,n,2024-06-14T08:00:00+02:00,2024-06-14T06:00:00+00:00,2024-06-14T06:00:00+00:00,2024-06-14 09:00:00+00:00,2024-06-14 10:00:00+00:00,2024-06-14T11:00:00+02:00,2024-06-14,6817.25,6649.709973563639,True,sarima_forecast,False,False,enhanced/post-hoc SARIMA robustness analysis,False,
Austria,SARIMA,2024-06-15,sarima_p2_d0_q0_P0_D1_Q0_s24,2,0,0,0,1,0,24,n,2024-06-14T08:00:00+02:00,2024-06-14T06:00:00+00:00,2024-06-14T06:00:00+00:00,2024-06-14 10:00:00+00:00,2024-06-14 11:00:00+00:00,2024-06-14T12:00:00+02:00,2024-06-14,6682.25,6419.849191439483,True,sarima_forecast,False,False,enhanced/post-hoc SARIMA robustness analysis,False,
Austria,SARIMA,2024-06-15,sarima_p2_d0_q0_P0_D1_Q0_s24,2,0,0,0,1,0,24,n,2024-06-14T08:00:00+02:00,2024-06-14T06:00:00+00:00,2024-06-14T06:00:00+00:00,2024-06-14 11:00:00+00:00,2024-06-14 12:00:00+00:00,2024-06-14T13:00:00+02:00,2024-06-14,6611.75,6546.495219253072,True,sarima_forecast,False,False,enhanced/post-hoc SARIMA robustness analysis,False,
Austria,SARIMA,2024-06-15,sarima_p2_d0_q0_P0_D1_Q0_s24,2,0,0,0,1,0,24,n,2024-06-14T08:00:00+02:00,2024-06-14T06:00:00+00:00,2024-06-14T06:00:00+00:00,2024-06-14 12:00:00+00:00,2024-06-14 13:00:00+00:00,2024-06-14T14:00:00+02:00,2024-06-14,6556.5,6611.742051773461,True,sarima_forecast,False,False,enhanced/post-hoc SARIMA robustness analysis,False,
Austria,SARIMA,2024-06-15,sarima_p2_d0_q0_P0_D1_Q0_s24,2,0,0,0,1,0,24,n,2024-06-14T08:00:00+02:00,2024-06-14T06:00:00+00:00,2024-06-14T06:00:00+00:00,2024-06-14 13:00:00+00:00,2024-06-14 14:00:00+00:00,2024-06-14T15:00:00+02:00,2024-06-14,6663.5,6491.389365048796,True,sarima_forecast,False,False,enhanced/post-hoc SARIMA robustness analysis,False,
Austria,SARIMA,2024-06-15,sarima_p2_d0_q0_P0_D1_Q0_s24,2,0,0,0,1,0,24,n,2024-06-14T08:00:00+02:00,2024-06-14T06:00:00+00:00,2024-06-14T06:00:00+00:00,2024-06-14 14:00:00+00:00,2024-06-14 15:00:00+00:00,2024-06-14T16:00:00+02:00,2024-06-14,6761.75,6375.034508717902,True,sarima_forecast,False,False,enhanced/post-hoc SARIMA robustness analysis,False,
Austria,SARIMA,2024-06-15,sarima_p2_d0_q0_P0_D1_Q0_s24,2,0,0,0,1,0,24,n,2024-06-14T08:00:00+02:00,2024-06-14T06:00:00+00:00,2024-06-14T06:00:00+00:00,2024-06-14 15:00:00+00:00,2024-06-14 16:00:00+00:00,2024-06-14T17:00:00+02:00,2024-06-14,6496.0,6287.353147769587,True,sarima_forecast,False,False,enhanced/post-hoc SARIMA robustness analysis,False,
Austria,SARIMA,2024-06-15,sarima_p2_d0_q0_P0_D1_Q0_s24,2,0,0,0,1,0,24,n,2024-06-14T08:00:00+02:00,2024-06-14T06:00:00+00:00,2024-06-14T06:00:00+00:00,2024-06-14 16:00:00+00:00,2024-06-14 17:00:00+00:00,2024-06-14T18:00:00+02:00,2024-06-14,6300.0,6351.515359896471,True,sarima_forecast,False,False,enhanced/post-hoc SARIMA robustness analysis,False,
Austria,SARIMA,2024-06-15,sarima_p2_d0_q0_P0_D1_Q0_s24,2,0,0,0,1,0,24,n,2024-06-14T08:00:00+02:00,2024-06-14T06:00:00+00:00,2024-06-14T06:00:00+00:00,2024-06-14 17:00:00+00:00,2024-06-14 18:00:00+00:00,2024-06-14T19:00:00+02:00,2024-06-14,6458.25,6498.198885647408,True,sarima_forecast,False,False,enhanced/post-hoc SARIMA robustness analysis,False,
Austria,SARIMA,2024-06-15,sarima_p2_d0_q0_P0_D1_Q0_s24,2,0,0,0,1,0,24,n,2024-06-14T08:00:00+02:00,2024-06-14T06:00:00+00:00,2024-06-14T06:00:00+00:00,2024-06-14 18:00:00+00:00,2024-06-14 19:00:00+00:00,2024-06-14T20:00:00+02:00,2024-06-14,6414.75,6450.671964376726,True,sarima_forecast,False,False,enhanced/post-hoc SARIMA robustness analysis,False,
Austria,SARIMA,2024-06-15,sarima_p2_d0_q0_P0_D1_Q0_s24,2,0,0,0,1,0,24,n,2024-06-14T08:00:00+02:00,2024-06-14T06:00:00+00:00,2024-06-14T06:00:00+00:00,2024-06-14 19:00:00+00:00,2024-06-14 20:00:00+00:00,2024-06-14T21:00:00+02:00,2024-06-14,6207.5,6324.925927365769,True,sarima_forecast,False,False,enhanced/post-hoc SARIMA robustness analysis,False,
Austria,SARIMA,2024-06-15,sarima_p2_d0_q0_P0_D1_Q0_s24,2,0,0,0,1,0,24,n,2024-06-14T08:00:00+02:00,2024-06-14T06:00:00+00:00,2024-06-14T06:00:00+00:00,2024-06-14 20:00:00+00:00,2024-06-14 21:00:00+00:00,2024-06-14T22:00:00+02:00,2024-06-14,5972.25,6046.84329587654,True,sarima_forecast,False,False,enhanced/post-hoc SARIMA robustness analysis,False,
Austria,SARIMA,2024-06-15,sarima_p2_d0_q0_P0_D1_Q0_s24,2,0,0,0,1,0,24,n,2024-06-14T08:00:00+02:00,2024-06-14T06:00:00+00:00,2024-06-14T06:00:00+00:00,2024-06-14 21:00:00+00:00,2024-06-14 22:00:00+00:00,2024-06-14T23:00:00+02:00,2024-06-14,5493.25,5563.39114904813,True,sarima_forecast,False,False,enhanced/post-hoc SARIMA robustness analysis,False,
Austria,SARIMA,2024-06-15,sarima_p2_d0_q0_P0_D1_Q0_s24,2,0,0,0,1,0,24,n,2024-06-14T08:00:00+02:00,2024-06-14T06:00:00+00:00,2024-06-14T06:00:00+00:00,2024-06-14 22:00:00+00:00,2024-06-14 23:00:00+00:00,2024-06-15T00:00:00+02:00,2024-06-15,5227.5,5314.8324193333765,False,sarima_forecast,True,True,enhanced/post-hoc SARIMA robustness analysis,False,
Austria,SARIMA,2024-06-15,sarima_p2_d0_q0_P0_D1_Q0_s24,2,0,0,0,1,0,24,n,2024-06-14T08:00:00+02:00,2024-06-14T06:00:00+00:00,2024-06-14T06:00:00+00:00,2024-06-14 23:00:00+00:00,2024-06-15 00:00:00+00:00,2024-06-15T01:00:00+02:00,2024-06-15,4897.75,5029.9498553192225,False,sarima_forecast,True,True,enhanced/post-hoc SARIMA robustness analysis,False,
Austria,SARIMA,2024-06-15,sarima_p2_d0_q0_P0_D1_Q0_s24,2,0,0,0,1,0,24,n,2024-06-14T08:00:00+02:00,2024-06-14T06:00:00+00:00,2024-06-14T06:00:00+00:00,2024-06-15 00:00:00+00:00,2024-06-15 01:00:00+00:00,2024-06-15T02:00:00+02:00,2024-06-15,4748.0,4938.528889587579,False,sarima_forecast,True,True,enhanced/post-hoc SARIMA robustness analysis,False,
Austria,SARIMA,2024-06-15,sarima_p2_d0_q0_P0_D1_Q0_s24,2,0,0,0,1,0,24,n,2024-06-14T08:00:00+02:00,2024-06-14T06:00:00+00:00,2024-06-14T06:00:00+00:00,2024-06-15 01:00:00+00:00,2024-06-15 02:00:00+00:00,2024-06-15T03:00:00+02:00,2024-06-15,4618.25,4903.846725990118,False,sarima_forecast,True,True,enhanced/post-hoc SARIMA robustness analysis,False,
Austria,SARIMA,2024-06-15,sarima_p2_d0_q0_P0_D1_Q0_s24,2,0,0,0,1,0,24,n,2024-06-14T08:00:00+02:00,2024-06-14T06:00:00+00:00,2024-06-14T06:00:00+00:00,2024-06-15 02:00:00+00:00,2024-06-15 03:00:00+00:00,2024-06-15T04:00:00+02:00,2024-06-15,4589.25,5004.165734058329,False,sarima_forecast,True,True,enhanced/post-hoc SARIMA robustness analysis,False,
Austria,SARIMA,2024-06-15,sarima_p2_d0_q0_P0_D1_Q0_s24,2,0,0,0,1,0,24,n,2024-06-14T08:00:00+02:00,2024-06-14T06:00:00+00:00,2024-06-14T06:00:00+00:00,2024-06-15 03:00:00+00:00,2024-06-15 04:00:00+00:00,2024-06-15T05:00:00+02:00,2024-06-15,4685.75,5532.4797931452,False,sarima_forecast,True,True,enhanced/post-hoc SARIMA robustness analysis,False,
Austria,SARIMA,2024-06-15,sarima_p2_d0_q0_P0_D1_Q0_s24,2,0,0,0,1,0,24,n,2024-06-14T08:00:00+02:00,2024-06-14T06:00:00+00:00,2024-06-14T06:00:00+00:00,2024-06-15 04:00:00+00:00,2024-06-15 05:00:00+00:00,2024-06-15T06:00:00+02:00,2024-06-15,4926.25,6292.762626506966,False,sarima_forecast,True,True,enhanced/post-hoc SARIMA robustness analysis,False,
Austria,SARIMA,2024-06-15,sarima_p2_d0_q0_P0_D1_Q0_s24,2,0,0,0,1,0,24,n,2024-06-14T08:00:00+02:00,2024-06-14T06:00:00+00:00,2024-06-14T06:00:00+00:00,2024-06-15 05:00:00+00:00,2024-06-15 06:00:00+00:00,2024-06-15T07:00:00+02:00,2024-06-15,5122.25,6777.7174500054725,False,sarima_forecast,True,True,enhanced/post-hoc SARIMA robustness analysis,False,
Austria,SARIMA,2024-06-15,sarima_p2_d0_q0_P0_D1_Q0_s24,2,0,0,0,1,0,24,n,2024-06-14T08:00:00+02:00,2024-06-14T06:00:00+00:00,2024-06-14T06:00:00+00:00,2024-06-15 06:00:00+00:00,2024-06-15 07:00:00+00:00,2024-06-15T08:00:00+02:00,2024-06-15,5329.0,7024.533451525684,False,sarima_forecast,True,True,enhanced/post-hoc SARIMA robustness analysis,False,
Austria,SARIMA,2024-06-15,sarima_p2_d0_q0_P0_D1_Q0_s24,2,0,0,0,1,0,24,n,2024-06-14T08:00:00+02:00,2024-06-14T06:00:00+00:00,2024-06-14T06:00:00+00:00,2024-06-15 07:00:00+00:00,2024-06-15 08:00:00+00:00,2024-06-15T09:00:00+02:00,2024-06-15,5584.25,6954.3492361070485,False,sarima_forecast,True,True,enhanced/post-hoc SARIMA robustness analysis,False,
Austria,SARIMA,2024-06-15,sarima_p2_d0_q0_P0_D1_Q0_s24,2,0,0,0,1,0,24,n,2024-06-14T08:00:00+02:00,2024-06-14T06:00:00+00:00,2024-06-14T06:00:00+00:00,2024-06-15 08:00:00+00:00,2024-06-15 09:00:00+00:00,2024-06-15T10:00:00+02:00,2024-06-15,5811.25,6795.461856826396,False,sarima_forecast,True,True,enhanced/post-hoc SARIMA robustness analysis,False,
Austria,SARIMA,2024-06-15,sarima_p2_d0_q0_P0_D1_Q0_s24,2,0,0,0,1,0,24,n,2024-06-14T08:00:00+02:00,2024-06-14T06:00:00+00:00,2024-06-14T06:00:00+00:00,2024-06-15 09:00:00+00:00,2024-06-15 10:00:00+00:00,2024-06-15T11:00:00+02:00,2024-06-15,5903.5,6601.853374256816,False,sarima_forecast,True,True,enhanced/post-hoc SARIMA robustness analysis,False,
Austria,SARIMA,2024-06-15,sarima_p2_d0_q0_P0_D1_Q0_s24,2,0,0,0,1,0,24,n,2024-06-14T08:00:00+02:00,2024-06-14T06:00:00+00:00,2024-06-14T06:00:00+00:00,2024-06-15 10:00:00+00:00,2024-06-15 11:00:00+00:00,2024-06-15T12:00:00+02:00,2024-06-15,5739.0,6377.945329687629,False,sarima_forecast,True,True,enhanced/post-hoc SARIMA robustness analysis,False,
Austria,SARIMA,2024-06-15,sarima_p2_d0_q0_P0_D1_Q0_s24,2,0,0,0,1,0,24,n,2024-06-14T08:00:00+02:00,2024-06-14T06:00:00+00:00,2024-06-14T06:00:00+00:00,2024-06-15 11:00:00+00:00,2024-06-15 12:00:00+00:00,2024-06-15T13:00:00+02:00,2024-06-15,5725.75,6509.807560312064,False,sarima_forecast,True,True,enhanced/post-hoc SARIMA robustness analysis,False,
Austria,SARIMA,2024-06-15,sarima_p2_d0_q0_P0_D1_Q0_s24,2,0,0,0,1,0,24,n,2024-06-14T08:00:00+02:00,2024-06-14T06:00:00+00:00,2024-06-14T06:00:00+00:00,2024-06-15 12:00:00+00:00,2024-06-15 13:00:00+00:00,2024-06-15T14:00:00+02:00,2024-06-15,5664.5,6579.624100256935,False,sarima_forecast,True,True,enhanced/post-hoc SARIMA robustness analysis,False,
Austria,SARIMA,2024-06-15,sarima_p2_d0_q0_P0_D1_Q0_s24,2,0,0,0,1,0,24,n,2024-06-14T08:00:00+02:00,2024-06-14T06:00:00+00:00,2024-06-14T06:00:00+00:00,2024-06-15 13:00:00+00:00,2024-06-15 14:00:00+00:00,2024-06-15T15:00:00+02:00,2024-06-15,5817.75,6463.273964819404,False,sarima_forecast,True,True,enhanced/post-hoc SARIMA robustness analysis,False,
Austria,SARIMA,2024-06-15,sarima_p2_d0_q0_P0_D1_Q0_s24,2,0,0,0,1,0,24,n,2024-06-14T08:00:00+02:00,2024-06-14T06:00:00+00:00,2024-06-14T06:00:00+00:00,2024-06-15 14:00:00+00:00,2024-06-15 15:00:00+00:00,2024-06-15T16:00:00+02:00,2024-06-15,5969.25,6350.424327060379,False,sarima_forecast,True,True,enhanced/post-hoc SARIMA robustness analysis,False,
Austria,SARIMA,2024-06-15,sarima_p2_d0_q0_P0_D1_Q0_s24,2,0,0,0,1,0,24,n,2024-06-14T08:00:00+02:00,2024-06-14T06:00:00+00:00,2024-06-14T06:00:00+00:00,2024-06-15 15:00:00+00:00,2024-06-15 16:00:00+00:00,2024-06-15T17:00:00+02:00,2024-06-15,6155.5,6265.812238310307,False,sarima_forecast,True,True,enhanced/post-hoc SARIMA robustness analysis,False,
Austria,SARIMA,2024-06-15,sarima_p2_d0_q0_P0_D1_Q0_s24,2,0,0,0,1,0,24,n,2024-06-14T08:00:00+02:00,2024-06-14T06:00:00+00:00,2024-06-14T06:00:00+00:00,2024-06-15 16:00:00+00:00,2024-06-15 17:00:00+00:00,2024-06-15T18:00:00+02:00,2024-06-15,6114.5,6332.66170011587,False,sarima_forecast,True,True,enhanced/post-hoc SARIMA robustness analysis,False,
Austria,SARIMA,2024-06-15,sarima_p2_d0_q0_P0_D1_Q0_s24,2,0,0,0,1,0,24,n,2024-06-14T08:00:00+02:00,2024-06-14T06:00:00+00:00,2024-06-14T06:00:00+00:00,2024-06-15 17:00:00+00:00,2024-06-15 18:00:00+00:00,2024-06-15T19:00:00+02:00,2024-06-15,5981.5,6481.697789325409,False,sarima_forecast,True,True,enhanced/post-hoc SARIMA robustness analysis,False,
Austria,SARIMA,2024-06-15,sarima_p2_d0_q0_P0_D1_Q0_s24,2,0,0,0,1,0,24,n,2024-06-14T08:00:00+02:00,2024-06-14T06:00:00+00:00,2024-06-14T06:00:00+00:00,2024-06-15 18:00:00+00:00,2024-06-15 19:00:00+00:00,2024-06-15T20:00:00+02:00,2024-06-15,5860.75,6436.230275614113,False,sarima_forecast,True,True,enhanced/post-hoc SARIMA robustness analysis,False,
Austria,SARIMA,2024-06-15,sarima_p2_d0_q0_P0_D1_Q0_s24,2,0,0,0,1,0,24,n,2024-06-14T08:00:00+02:00,2024-06-14T06:00:00+00:00,2024-06-14T06:00:00+00:00,2024-06-15 19:00:00+00:00,2024-06-15 20:00:00+00:00,2024-06-15T21:00:00+02:00,2024-06-15,5667.5,6312.286910050658,False,sarima_forecast,True,True,enhanced/post-hoc SARIMA robustness analysis,False,
Austria,SARIMA,2024-06-15,sarima_p2_d0_q0_P0_D1_Q0_s24,2,0,0,0,1,0,24,n,2024-06-14T08:00:00+02:00,2024-06-14T06:00:00+00:00,2024-06-14T06:00:00+00:00,2024-06-15 20:00:00+00:00,2024-06-15 21:00:00+00:00,2024-06-15T22:00:00+02:00,2024-06-15,5456.75,6035.782140023157,False,sarima_forecast,True,True,enhanced/post-hoc SARIMA robustness analysis,False,
Austria,SARIMA,2024-06-15,sarima_p2_d0_q0_P0_D1_Q0_s24,2,0,0,0,1,0,24,n,2024-06-14T08:00:00+02:00,2024-06-14T06:00:00+00:00,2024-06-14T06:00:00+00:00,2024-06-15 21:00:00+00:00,2024-06-15 22:00:00+00:00,2024-06-15T23:00:00+02:00,2024-06-15,5037.25,5553.711022940035,False,sarima_forecast,True,True,enhanced/post-hoc SARIMA robustness analysis,False,
Austria,SARIMA,2024-06-15,sarima_p2_d0_q1_P0_D1_Q0_s24,2,0,1,0,1,0,24,n,2024-06-14T08:00:00+02:00,2024-06-14T06:00:00+00:00,2024-06-14T06:00:00+00:00,2024-06-14 06:00:00+00:00,2024-06-14 07:00:00+00:00,2024-06-14T08:00:00+02:00,2024-06-14,6924.25,7107.929388469177,True,sarima_forecast,False,False,enhanced/post-hoc SARIMA robustness analysis,False,
Austria,SARIMA,2024-06-15,sarima_p2_d0_q1_P0_D1_Q0_s24,2,0,1,0,1,0,24,n,2024-06-14T08:00:00+02:00,2024-06-14T06:00:00+00:00,2024-06-14T06:00:00+00:00,2024-06-14 07:00:00+00:00,2024-06-14 08:00:00+00:00,2024-06-14T09:00:00+02:00,2024-06-14,6830.75,7057.30716759758,True,sarima_forecast,False,False,enhanced/post-hoc SARIMA robustness analysis,False,
Austria,SARIMA,2024-06-15,sarima_p2_d0_q1_P0_D1_Q0_s24,2,0,1,0,1,0,24,n,2024-06-14T08:00:00+02:00,2024-06-14T06:00:00+00:00,2024-06-14T06:00:00+00:00,2024-06-14 08:00:00+00:00,2024-06-14 09:00:00+00:00,2024-06-14T10:00:00+02:00,2024-06-14,6774.75,6916.187876279297,True,sarima_forecast,False,False,enhanced/post-hoc SARIMA robustness analysis,False,
Austria,SARIMA,2024-06-15,sarima_p2_d0_q1_P0_D1_Q0_s24,2,0,1,0,1,0,24,n,2024-06-14T08:00:00+02:00,2024-06-14T06:00:00+00:00,2024-06-14T06:00:00+00:00,2024-06-14 09:00:00+00:00,2024-06-14 10:00:00+00:00,2024-06-14T11:00:00+02:00,2024-06-14,6817.25,6732.039078235584,True,sarima_forecast,False,False,enhanced/post-hoc SARIMA robustness analysis,False,
Austria,SARIMA,2024-06-15,sarima_p2_d0_q1_P0_D1_Q0_s24,2,0,1,0,1,0,24,n,2024-06-14T08:00:00+02:00,2024-06-14T06:00:00+00:00,2024-06-14T06:00:00+00:00,2024-06-14 10:00:00+00:00,2024-06-14 11:00:00+00:00,2024-06-14T12:00:00+02:00,2024-06-14,6682.25,6508.561552052818,True,sarima_forecast,False,False,enhanced/post-hoc SARIMA robustness analysis,False,
Austria,SARIMA,2024-06-15,sarima_p2_d0_q1_P0_D1_Q0_s24,2,0,1,0,1,0,24,n,2024-06-14T08:00:00+02:00,2024-06-14T06:00:00+00:00,2024-06-14T06:00:00+00:00,2024-06-14 11:00:00+00:00,2024-06-14 12:00:00+00:00,2024-06-14T13:00:00+02:00,2024-06-14,6611.75,6633.405062845551,True,sarima_forecast,False,False,enhanced/post-hoc SARIMA robustness analysis,False,
Austria,SARIMA,2024-06-15,sarima_p2_d0_q1_P0_D1_Q0_s24,2,0,1,0,1,0,24,n,2024-06-14T08:00:00+02:00,2024-06-14T06:00:00+00:00,2024-06-14T06:00:00+00:00,2024-06-14 12:00:00+00:00,2024-06-14 13:00:00+00:00,2024-06-14T14:00:00+02:00,2024-06-14,6556.5,6690.957818513502,True,sarima_forecast,False,False,enhanced/post-hoc SARIMA robustness analysis,False,
Austria,SARIMA,2024-06-15,sarima_p2_d0_q1_P0_D1_Q0_s24,2,0,1,0,1,0,24,n,2024-06-14T08:00:00+02:00,2024-06-14T06:00:00+00:00,2024-06-14T06:00:00+00:00,2024-06-14 13:00:00+00:00,2024-06-14 14:00:00+00:00,2024-06-14T15:00:00+02:00,2024-06-14,6663.5,6559.188347789833,True,sarima_forecast,False,False,enhanced/post-hoc SARIMA robustness analysis,False,
Austria,SARIMA,2024-06-15,sarima_p2_d0_q1_P0_D1_Q0_s24,2,0,1,0,1,0,24,n,2024-06-14T08:00:00+02:00,2024-06-14T06:00:00+00:00,2024-06-14T06:00:00+00:00,2024-06-14 14:00:00+00:00,2024-06-14 15:00:00+00:00,2024-06-14T16:00:00+02:00,2024-06-14,6761.75,6429.467336518117,True,sarima_forecast,False,False,enhanced/post-hoc SARIMA robustness analysis,False,
Austria,SARIMA,2024-06-15,sarima_p2_d0_q1_P0_D1_Q0_s24,2,0,1,0,1,0,24,n,2024-06-14T08:00:00+02:00,2024-06-14T06:00:00+00:00,2024-06-14T06:00:00+00:00,2024-06-14 15:00:00+00:00,2024-06-14 16:00:00+00:00,2024-06-14T17:00:00+02:00,2024-06-14,6496.0,6327.79853471901,True,sarima_forecast,False,False,enhanced/post-hoc SARIMA robustness analysis,False,
Austria,SARIMA,2024-06-15,sarima_p2_d0_q1_P0_D1_Q0_s24,2,0,1,0,1,0,24,n,2024-06-14T08:00:00+02:00,2024-06-14T06:00:00+00:00,2024-06-14T06:00:00+00:00,2024-06-14 16:00:00+00:00,2024-06-14 17:00:00+00:00,2024-06-14T18:00:00+02:00,2024-06-14,6300.0,6378.278868616724,True,sarima_forecast,False,False,enhanced/post-hoc SARIMA robustness analysis,False,
Austria,SARIMA,2024-06-15,sarima_p2_d0_q1_P0_D1_Q0_s24,2,0,1,0,1,0,24,n,2024-06-14T08:00:00+02:00,2024-06-14T06:00:00+00:00,2024-06-14T06:00:00+00:00,2024-06-14 17:00:00+00:00,2024-06-14 18:00:00+00:00,2024-06-14T19:00:00+02:00,2024-06-14,6458.25,6512.186941486409,True,sarima_forecast,False,False,enhanced/post-hoc SARIMA robustness analysis,False,
Austria,SARIMA,2024-06-15,sarima_p2_d0_q1_P0_D1_Q0_s24,2,0,1,0,1,0,24,n,2024-06-14T08:00:00+02:00,2024-06-14T06:00:00+00:00,2024-06-14T06:00:00+00:00,2024-06-14 18:00:00+00:00,2024-06-14 19:00:00+00:00,2024-06-14T20:00:00+02:00,2024-06-14,6414.75,6453.1434182146895,True,sarima_forecast,False,False,enhanced/post-hoc SARIMA robustness analysis,False,
Austria,SARIMA,2024-06-15,sarima_p2_d0_q1_P0_D1_Q0_s24,2,0,1,0,1,0,24,n,2024-06-14T08:00:00+02:00,2024-06-14T06:00:00+00:00,2024-06-14T06:00:00+00:00,2024-06-14 19:00:00+00:00,2024-06-14 20:00:00+00:00,2024-06-14T21:00:00+02:00,2024-06-14,6207.5,6317.311626597005,True,sarima_forecast,False,False,enhanced/post-hoc SARIMA robustness analysis,False,
Austria,SARIMA,2024-06-15,sarima_p2_d0_q1_P0_D1_Q0_s24,2,0,1,0,1,0,24,n,2024-06-14T08:00:00+02:00,2024-06-14T06:00:00+00:00,2024-06-14T06:00:00+00:00,2024-06-14 20:00:00+00:00,2024-06-14 21:00:00+00:00,2024-06-14T22:00:00+02:00,2024-06-14,5972.25,6030.620630934627,True,sarima_forecast,False,False,enhanced/post-hoc SARIMA robustness analysis,False,
Austria,SARIMA,2024-06-15,sarima_p2_d0_q1_P0_D1_Q0_s24,2,0,1,0,1,0,24,n,2024-06-14T08:00:00+02:00,2024-06-14T06:00:00+00:00,2024-06-14T06:00:00+00:00,2024-06-14 21:00:00+00:00,2024-06-14 22:00:00+00:00,2024-06-14T23:00:00+02:00,2024-06-14,5493.25,5540.000837286301,True,sarima_forecast,False,False,enhanced/post-hoc SARIMA robustness analysis,False,
Austria,SARIMA,2024-06-15,sarima_p2_d0_q1_P0_D1_Q0_s24,2,0,1,0,1,0,24,n,2024-06-14T08:00:00+02:00,2024-06-14T06:00:00+00:00,2024-06-14T06:00:00+00:00,2024-06-14 22:00:00+00:00,2024-06-14 23:00:00+00:00,2024-06-15T00:00:00+02:00,2024-06-15,5227.5,5285.626563669954,False,sarima_forecast,True,True,enhanced/post-hoc SARIMA robustness analysis,False,
Austria,SARIMA,2024-06-15,sarima_p2_d0_q1_P0_D1_Q0_s24,2,0,1,0,1,0,24,n,2024-06-14T08:00:00+02:00,2024-06-14T06:00:00+00:00,2024-06-14T06:00:00+00:00,2024-06-14 23:00:00+00:00,2024-06-15 00:00:00+00:00,2024-06-15T01:00:00+02:00,2024-06-15,4897.75,4996.162459871206,False,sarima_forecast,True,True,enhanced/post-hoc SARIMA robustness analysis,False,
Austria,SARIMA,2024-06-15,sarima_p2_d0_q1_P0_D1_Q0_s24,2,0,1,0,1,0,24,n,2024-06-14T08:00:00+02:00,2024-06-14T06:00:00+00:00,2024-06-14T06:00:00+00:00,2024-06-15 00:00:00+00:00,2024-06-15 01:00:00+00:00,2024-06-15T02:00:00+02:00,2024-06-15,4748.0,4901.262035204269,False,sarima_forecast,True,True,enhanced/post-hoc SARIMA robustness analysis,False,
Austria,SARIMA,2024-06-15,sarima_p2_d0_q1_P0_D1_Q0_s24,2,0,1,0,1,0,24,n,2024-06-14T08:00:00+02:00,2024-06-14T06:00:00+00:00,2024-06-14T06:00:00+00:00,2024-06-15 01:00:00+00:00,2024-06-15 02:00:00+00:00,2024-06-15T03:00:00+02:00,2024-06-15,4618.25,4864.0673222010955,False,sarima_forecast,True,True,enhanced/post-hoc SARIMA robustness analysis,False,
Austria,SARIMA,2024-06-15,sarima_p2_d0_q1_P0_D1_Q0_s24,2,0,1,0,1,0,24,n,2024-06-14T08:00:00+02:00,2024-06-14T06:00:00+00:00,2024-06-14T06:00:00+00:00,2024-06-15 02:00:00+00:00,2024-06-15 03:00:00+00:00,2024-06-15T04:00:00+02:00,2024-06-15,4589.25,4962.7091352605985,False,sarima_forecast,True,True,enhanced/post-hoc SARIMA robustness analysis,False,
Austria,SARIMA,2024-06-15,sarima_p2_d0_q1_P0_D1_Q0_s24,2,0,1,0,1,0,24,n,2024-06-14T08:00:00+02:00,2024-06-14T06:00:00+00:00,2024-06-14T06:00:00+00:00,2024-06-15 03:00:00+00:00,2024-06-15 04:00:00+00:00,2024-06-15T05:00:00+02:00,2024-06-15,4685.75,5490.05762458684,False,sarima_forecast,True,True,enhanced/post-hoc SARIMA robustness analysis,False,
Austria,SARIMA,2024-06-15,sarima_p2_d0_q1_P0_D1_Q0_s24,2,0,1,0,1,0,24,n,2024-06-14T08:00:00+02:00,2024-06-14T06:00:00+00:00,2024-06-14T06:00:00+00:00,2024-06-15 04:00:00+00:00,2024-06-15 05:00:00+00:00,2024-06-15T06:00:00+02:00,2024-06-15,4926.25,6249.972960700369,False,sarima_forecast,True,True,enhanced/post-hoc SARIMA robustness analysis,False,
Austria,SARIMA,2024-06-15,sarima_p2_d0_q1_P0_D1_Q0_s24,2,0,1,0,1,0,24,n,2024-06-14T08:00:00+02:00,2024-06-14T06:00:00+00:00,2024-06-14T06:00:00+00:00,2024-06-15 05:00:00+00:00,2024-06-15 06:00:00+00:00,2024-06-15T07:00:00+02:00,2024-06-15,5122.25,6735.056060177686,False,sarima_forecast,True,True,enhanced/post-hoc SARIMA robustness analysis,False,
Austria,SARIMA,2024-06-15,sarima_p2_d0_q1_P0_D1_Q0_s24,2,0,1,0,1,0,24,n,2024-06-14T08:00:00+02:00,2024-06-14T06:00:00+00:00,2024-06-14T06:00:00+00:00,2024-06-15 06:00:00+00:00,2024-06-15 07:00:00+00:00,2024-06-15T08:00:00+02:00,2024-06-15,5329.0,6994.578693737181,False,sarima_forecast,True,True,enhanced/post-hoc SARIMA robustness analysis,False,
Austria,SARIMA,2024-06-15,sarima_p2_d0_q1_P0_D1_Q0_s24,2,0,1,0,1,0,24,n,2024-06-14T08:00:00+02:00,2024-06-14T06:00:00+00:00,2024-06-14T06:00:00+00:00,2024-06-15 07:00:00+00:00,2024-06-15 08:00:00+00:00,2024-06-15T09:00:00+02:00,2024-06-15,5584.25,6953.644400940664,False,sarima_forecast,True,True,enhanced/post-hoc SARIMA robustness analysis,False,
Austria,SARIMA,2024-06-15,sarima_p2_d0_q1_P0_D1_Q0_s24,2,0,1,0,1,0,24,n,2024-06-14T08:00:00+02:00,2024-06-14T06:00:00+00:00,2024-06-14T06:00:00+00:00,2024-06-15 08:00:00+00:00,2024-06-15 09:00:00+00:00,2024-06-15T10:00:00+02:00,2024-06-15,5811.25,6821.385061266328,False,sarima_forecast,True,True,enhanced/post-hoc SARIMA robustness analysis,False,
Austria,SARIMA,2024-06-15,sarima_p2_d0_q1_P0_D1_Q0_s24,2,0,1,0,1,0,24,n,2024-06-14T08:00:00+02:00,2024-06-14T06:00:00+00:00,2024-06-14T06:00:00+00:00,2024-06-15 09:00:00+00:00,2024-06-15 10:00:00+00:00,2024-06-15T11:00:00+02:00,2024-06-15,5903.5,6645.338984776974,False,sarima_forecast,True,True,enhanced/post-hoc SARIMA robustness analysis,False,
Austria,SARIMA,2024-06-15,sarima_p2_d0_q1_P0_D1_Q0_s24,2,0,1,0,1,0,24,n,2024-06-14T08:00:00+02:00,2024-06-14T06:00:00+00:00,2024-06-14T06:00:00+00:00,2024-06-15 10:00:00+00:00,2024-06-15 11:00:00+00:00,2024-06-15T12:00:00+02:00,2024-06-15,5739.0,6429.271658723717,False,sarima_forecast,True,True,enhanced/post-hoc SARIMA robustness analysis,False,
Austria,SARIMA,2024-06-15,sarima_p2_d0_q1_P0_D1_Q0_s24,2,0,1,0,1,0,24,n,2024-06-14T08:00:00+02:00,2024-06-14T06:00:00+00:00,2024-06-14T06:00:00+00:00,2024-06-15 11:00:00+00:00,2024-06-15 12:00:00+00:00,2024-06-15T13:00:00+02:00,2024-06-15,5725.75,6560.892031299618,False,sarima_forecast,True,True,enhanced/post-hoc SARIMA robustness analysis,False,
Austria,SARIMA,2024-06-15,sarima_p2_d0_q1_P0_D1_Q0_s24,2,0,1,0,1,0,24,n,2024-06-14T08:00:00+02:00,2024-06-14T06:00:00+00:00,2024-06-14T06:00:00+00:00,2024-06-15 12:00:00+00:00,2024-06-15 13:00:00+00:00,2024-06-15T14:00:00+02:00,2024-06-15,5664.5,6624.642437953565,False,sarima_forecast,True,True,enhanced/post-hoc SARIMA robustness analysis,False,
Austria,SARIMA,2024-06-15,sarima_p2_d0_q1_P0_D1_Q0_s24,2,0,1,0,1,0,24,n,2024-06-14T08:00:00+02:00,2024-06-14T06:00:00+00:00,2024-06-14T06:00:00+00:00,2024-06-15 13:00:00+00:00,2024-06-15 14:00:00+00:00,2024-06-15T15:00:00+02:00,2024-06-15,5817.75,6498.540910292175,False,sarima_forecast,True,True,enhanced/post-hoc SARIMA robustness analysis,False,
Austria,SARIMA,2024-06-15,sarima_p2_d0_q1_P0_D1_Q0_s24,2,0,1,0,1,0,24,n,2024-06-14T08:00:00+02:00,2024-06-14T06:00:00+00:00,2024-06-14T06:00:00+00:00,2024-06-15 14:00:00+00:00,2024-06-15 15:00:00+00:00,2024-06-15T16:00:00+02:00,2024-06-15,5969.25,6374.003406930535,False,sarima_forecast,True,True,enhanced/post-hoc SARIMA robustness analysis,False,
Austria,SARIMA,2024-06-15,sarima_p2_d0_q1_P0_D1_Q0_s24,2,0,1,0,1,0,24,n,2024-06-14T08:00:00+02:00,2024-06-14T06:00:00+00:00,2024-06-14T06:00:00+00:00,2024-06-15 15:00:00+00:00,2024-06-15 16:00:00+00:00,2024-06-15T17:00:00+02:00,2024-06-15,6155.5,6277.075081714104,False,sarima_forecast,True,True,enhanced/post-hoc SARIMA robustness analysis,False,
Austria,SARIMA,2024-06-15,sarima_p2_d0_q1_P0_D1_Q0_s24,2,0,1,0,1,0,24,n,2024-06-14T08:00:00+02:00,2024-06-14T06:00:00+00:00,2024-06-14T06:00:00+00:00,2024-06-15 16:00:00+00:00,2024-06-15 17:00:00+00:00,2024-06-15T18:00:00+02:00,2024-06-15,6114.5,6331.8907262039065,False,sarima_forecast,True,True,enhanced/post-hoc SARIMA robustness analysis,False,
Austria,SARIMA,2024-06-15,sarima_p2_d0_q1_P0_D1_Q0_s24,2,0,1,0,1,0,24,n,2024-06-14T08:00:00+02:00,2024-06-14T06:00:00+00:00,2024-06-14T06:00:00+00:00,2024-06-15 17:00:00+00:00,2024-06-15 18:00:00+00:00,2024-06-15T19:00:00+02:00,2024-06-15,5981.5,6469.76357283446,False,sarima_forecast,True,True,enhanced/post-hoc SARIMA robustness analysis,False,
Austria,SARIMA,2024-06-15,sarima_p2_d0_q1_P0_D1_Q0_s24,2,0,1,0,1,0,24,n,2024-06-14T08:00:00+02:00,2024-06-14T06:00:00+00:00,2024-06-14T06:00:00+00:00,2024-06-15 18:00:00+00:00,2024-06-15 19:00:00+00:00,2024-06-15T20:00:00+02:00,2024-06-15,5860.75,6414.3459560003375,False,sarima_forecast,True,True,enhanced/post-hoc SARIMA robustness analysis,False,
Austria,SARIMA,2024-06-15,sarima_p2_d0_q1_P0_D1_Q0_s24,2,0,1,0,1,0,24,n,2024-06-14T08:00:00+02:00,2024-06-14T06:00:00+00:00,2024-06-14T06:00:00+00:00,2024-06-15 19:00:00+00:00,2024-06-15 20:00:00+00:00,2024-06-15T21:00:00+02:00,2024-06-15,5667.5,6281.830166275118,False,sarima_forecast,True,True,enhanced/post-hoc SARIMA robustness analysis,False,
Austria,SARIMA,2024-06-15,sarima_p2_d0_q1_P0_D1_Q0_s24,2,0,1,0,1,0,24,n,2024-06-14T08:00:00+02:00,2024-06-14T06:00:00+00:00,2024-06-14T06:00:00+00:00,2024-06-15 20:00:00+00:00,2024-06-15 21:00:00+00:00,2024-06-15T22:00:00+02:00,2024-06-15,5456.75,5998.171755329852,False,sarima_forecast,True,True,enhanced/post-hoc SARIMA robustness analysis,False,
Austria,SARIMA,2024-06-15,sarima_p2_d0_q1_P0_D1_Q0_s24,2,0,1,0,1,0,24,n,2024-06-14T08:00:00+02:00,2024-06-14T06:00:00+00:00,2024-06-14T06:00:00+00:00,2024-06-15 21:00:00+00:00,2024-06-15 22:00:00+00:00,2024-06-15T23:00:00+02:00,2024-06-15,5037.25,5510.325352744663,False,sarima_forecast,True,True,enhanced/post-hoc SARIMA robustness analysis,False,
Austria,SARIMA,2024-06-15,sarima_p2_d0_q2_P0_D1_Q0_s24,2,0,2,0,1,0,24,n,2024-06-14T08:00:00+02:00,2024-06-14T06:00:00+00:00,2024-06-14T06:00:00+00:00,2024-06-14 06:00:00+00:00,2024-06-14 07:00:00+00:00,2024-06-14T08:00:00+02:00,2024-06-14,6924.25,7089.973649289507,True,sarima_forecast,False,False,enhanced/post-hoc SARIMA robustness analysis,False,
Austria,SARIMA,2024-06-15,sarima_p2_d0_q2_P0_D1_Q0_s24,2,0,2,0,1,0,24,n,2024-06-14T08:00:00+02:00,2024-06-14T06:00:00+00:00,2024-06-14T06:00:00+00:00,2024-06-14 07:00:00+00:00,2024-06-14 08:00:00+00:00,2024-06-14T09:00:00+02:00,2024-06-14,6830.75,7048.747176174367,True,sarima_forecast,False,False,enhanced/post-hoc SARIMA robustness analysis,False,
Austria,SARIMA,2024-06-15,sarima_p2_d0_q2_P0_D1_Q0_s24,2,0,2,0,1,0,24,n,2024-06-14T08:00:00+02:00,2024-06-14T06:00:00+00:00,2024-06-14T06:00:00+00:00,2024-06-14 08:00:00+00:00,2024-06-14 09:00:00+00:00,2024-06-14T10:00:00+02:00,2024-06-14,6774.75,6929.56475795506,True,sarima_forecast,False,False,enhanced/post-hoc SARIMA robustness analysis,False,
Austria,SARIMA,2024-06-15,sarima_p2_d0_q2_P0_D1_Q0_s24,2,0,2,0,1,0,24,n,2024-06-14T08:00:00+02:00,2024-06-14T06:00:00+00:00,2024-06-14T06:00:00+00:00,2024-06-14 09:00:00+00:00,2024-06-14 10:00:00+00:00,2024-06-14T11:00:00+02:00,2024-06-14,6817.25,6759.222621981655,True,sarima_forecast,False,False,enhanced/post-hoc SARIMA robustness analysis,False,
Austria,SARIMA,2024-06-15,sarima_p2_d0_q2_P0_D1_Q0_s24,2,0,2,0,1,0,24,n,2024-06-14T08:00:00+02:00,2024-06-14T06:00:00+00:00,2024-06-14T06:00:00+00:00,2024-06-14 10:00:00+00:00,2024-06-14 11:00:00+00:00,2024-06-14T12:00:00+02:00,2024-06-14,6682.25,6540.427031518944,True,sarima_forecast,False,False,enhanced/post-hoc SARIMA robustness analysis,False,
Austria,SARIMA,2024-06-15,sarima_p2_d0_q2_P0_D1_Q0_s24,2,0,2,0,1,0,24,n,2024-06-14T08:00:00+02:00,2024-06-14T06:00:00+00:00,2024-06-14T06:00:00+00:00,2024-06-14 11:00:00+00:00,2024-06-14 12:00:00+00:00,2024-06-14T13:00:00+02:00,2024-06-14,6611.75,6663.776336074099,True,sarima_forecast,False,False,enhanced/post-hoc SARIMA robustness analysis,False,
Austria,SARIMA,2024-06-15,sarima_p2_d0_q2_P0_D1_Q0_s24,2,0,2,0,1,0,24,n,2024-06-14T08:00:00+02:00,2024-06-14T06:00:00+00:00,2024-06-14T06:00:00+00:00,2024-06-14 12:00:00+00:00,2024-06-14 13:00:00+00:00,2024-06-14T14:00:00+02:00,2024-06-14,6556.5,6716.43866052674,True,sarima_forecast,False,False,enhanced/post-hoc SARIMA robustness analysis,False,
Austria,SARIMA,2024-06-15,sarima_p2_d0_q2_P0_D1_Q0_s24,2,0,2,0,1,0,24,n,2024-06-14T08:00:00+02:00,2024-06-14T06:00:00+00:00,2024-06-14T06:00:00+00:00,2024-06-14 13:00:00+00:00,2024-06-14 14:00:00+00:00,2024-06-14T15:00:00+02:00,2024-06-14,6663.5,6578.272676614201,True,sarima_forecast,False,False,enhanced/post-hoc SARIMA robustness analysis,False,
Austria,SARIMA,2024-06-15,sarima_p2_d0_q2_P0_D1_Q0_s24,2,0,2,0,1,0,24,n,2024-06-14T08:00:00+02:00,2024-06-14T06:00:00+00:00,2024-06-14T06:00:00+00:00,2024-06-14 14:00:00+00:00,2024-06-14 15:00:00+00:00,2024-06-14T16:00:00+02:00,2024-06-14,6761.75,6441.777685325604,True,sarima_forecast,False,False,enhanced/post-hoc SARIMA robustness analysis,False,
Austria,SARIMA,2024-06-15,sarima_p2_d0_q2_P0_D1_Q0_s24,2,0,2,0,1,0,24,n,2024-06-14T08:00:00+02:00,2024-06-14T06:00:00+00:00,2024-06-14T06:00:00+00:00,2024-06-14 15:00:00+00:00,2024-06-14 16:00:00+00:00,2024-06-14T17:00:00+02:00,2024-06-14,6496.0,6333.575132461195,True,sarima_forecast,False,False,enhanced/post-hoc SARIMA robustness analysis,False,
Austria,SARIMA,2024-06-15,sarima_p2_d0_q2_P0_D1_Q0_s24,2,0,2,0,1,0,24,n,2024-06-14T08:00:00+02:00,2024-06-14T06:00:00+00:00,2024-06-14T06:00:00+00:00,2024-06-14 16:00:00+00:00,2024-06-14 17:00:00+00:00,2024-06-14T18:00:00+02:00,2024-06-14,6300.0,6378.0689174542385,True,sarima_forecast,False,False,enhanced/post-hoc SARIMA robustness analysis,False,
Austria,SARIMA,2024-06-15,sarima_p2_d0_q2_P0_D1_Q0_s24,2,0,2,0,1,0,24,n,2024-06-14T08:00:00+02:00,2024-06-14T06:00:00+00:00,2024-06-14T06:00:00+00:00,2024-06-14 17:00:00+00:00,2024-06-14 18:00:00+00:00,2024-06-14T19:00:00+02:00,2024-06-14,6458.25,6506.665824653382,True,sarima_forecast,False,False,enhanced/post-hoc SARIMA robustness analysis,False,
Austria,SARIMA,2024-06-15,sarima_p2_d0_q2_P0_D1_Q0_s24,2,0,2,0,1,0,24,n,2024-06-14T08:00:00+02:00,2024-06-14T06:00:00+00:00,2024-06-14T06:00:00+00:00,2024-06-14 18:00:00+00:00,2024-06-14 19:00:00+00:00,2024-06-14T20:00:00+02:00,2024-06-14,6414.75,6443.0161439604035,True,sarima_forecast,False,False,enhanced/post-hoc SARIMA robustness analysis,False,
Austria,SARIMA,2024-06-15,sarima_p2_d0_q2_P0_D1_Q0_s24,2,0,2,0,1,0,24,n,2024-06-14T08:00:00+02:00,2024-06-14T06:00:00+00:00,2024-06-14T06:00:00+00:00,2024-06-14 19:00:00+00:00,2024-06-14 20:00:00+00:00,2024-06-14T21:00:00+02:00,2024-06-14,6207.5,6303.261045189039,True,sarima_forecast,False,False,enhanced/post-hoc SARIMA robustness analysis,False,
Austria,SARIMA,2024-06-15,sarima_p2_d0_q2_P0_D1_Q0_s24,2,0,2,0,1,0,24,n,2024-06-14T08:00:00+02:00,2024-06-14T06:00:00+00:00,2024-06-14T06:00:00+00:00,2024-06-14 20:00:00+00:00,2024-06-14 21:00:00+00:00,2024-06-14T22:00:00+02:00,2024-06-14,5972.25,6013.282187520825,True,sarima_forecast,False,False,enhanced/post-hoc SARIMA robustness analysis,False,
Austria,SARIMA,2024-06-15,sarima_p2_d0_q2_P0_D1_Q0_s24,2,0,2,0,1,0,24,n,2024-06-14T08:00:00+02:00,2024-06-14T06:00:00+00:00,2024-06-14T06:00:00+00:00,2024-06-14 21:00:00+00:00,2024-06-14 22:00:00+00:00,2024-06-14T23:00:00+02:00,2024-06-14,5493.25,5519.952046082619,True,sarima_forecast,False,False,enhanced/post-hoc SARIMA robustness analysis,False,
Austria,SARIMA,2024-06-15,sarima_p2_d0_q2_P0_D1_Q0_s24,2,0,2,0,1,0,24,n,2024-06-14T08:00:00+02:00,2024-06-14T06:00:00+00:00,2024-06-14T06:00:00+00:00,2024-06-14 22:00:00+00:00,2024-06-14 23:00:00+00:00,2024-06-15T00:00:00+02:00,2024-06-15,5227.5,5263.3844472921655,False,sarima_forecast,True,True,enhanced/post-hoc SARIMA robustness analysis,False,
Austria,SARIMA,2024-06-15,sarima_p2_d0_q2_P0_D1_Q0_s24,2,0,2,0,1,0,24,n,2024-06-14T08:00:00+02:00,2024-06-14T06:00:00+00:00,2024-06-14T06:00:00+00:00,2024-06-14 23:00:00+00:00,2024-06-15 00:00:00+00:00,2024-06-15T01:00:00+02:00,2024-06-15,4897.75,4972.185144210318,False,sarima_forecast,True,True,enhanced/post-hoc SARIMA robustness analysis,False,
Austria,SARIMA,2024-06-15,sarima_p2_d0_q2_P0_D1_Q0_s24,2,0,2,0,1,0,24,n,2024-06-14T08:00:00+02:00,2024-06-14T06:00:00+00:00,2024-06-14T06:00:00+00:00,2024-06-15 00:00:00+00:00,2024-06-15 01:00:00+00:00,2024-06-15T02:00:00+02:00,2024-06-15,4748.0,4875.952377257301,False,sarima_forecast,True,True,enhanced/post-hoc SARIMA robustness analysis,False,
Austria,SARIMA,2024-06-15,sarima_p2_d0_q2_P0_D1_Q0_s24,2,0,2,0,1,0,24,n,2024-06-14T08:00:00+02:00,2024-06-14T06:00:00+00:00,2024-06-14T06:00:00+00:00,2024-06-15 01:00:00+00:00,2024-06-15 02:00:00+00:00,2024-06-15T03:00:00+02:00,2024-06-15,4618.25,4837.777403902004,False,sarima_forecast,True,True,enhanced/post-hoc SARIMA robustness analysis,False,
Austria,SARIMA,2024-06-15,sarima_p2_d0_q2_P0_D1_Q0_s24,2,0,2,0,1,0,24,n,2024-06-14T08:00:00+02:00,2024-06-14T06:00:00+00:00,2024-06-14T06:00:00+00:00,2024-06-15 02:00:00+00:00,2024-06-15 03:00:00+00:00,2024-06-15T04:00:00+02:00,2024-06-15,4589.25,4935.744993664149,False,sarima_forecast,True,True,enhanced/post-hoc SARIMA robustness analysis,False,
Austria,SARIMA,2024-06-15,sarima_p2_d0_q2_P0_D1_Q0_s24,2,0,2,0,1,0,24,n,2024-06-14T08:00:00+02:00,2024-06-14T06:00:00+00:00,2024-06-14T06:00:00+00:00,2024-06-15 03:00:00+00:00,2024-06-15 04:00:00+00:00,2024-06-15T05:00:00+02:00,2024-06-15,4685.75,5462.6838889214905,False,sarima_forecast,True,True,enhanced/post-hoc SARIMA robustness analysis,False,
Austria,SARIMA,2024-06-15,sarima_p2_d0_q2_P0_D1_Q0_s24,2,0,2,0,1,0,24,n,2024-06-14T08:00:00+02:00,2024-06-14T06:00:00+00:00,2024-06-14T06:00:00+00:00,2024-06-15 04:00:00+00:00,2024-06-15 05:00:00+00:00,2024-06-15T06:00:00+02:00,2024-06-15,4926.25,6222.417233289073,False,sarima_forecast,True,True,enhanced/post-hoc SARIMA robustness analysis,False,
Austria,SARIMA,2024-06-15,sarima_p2_d0_q2_P0_D1_Q0_s24,2,0,2,0,1,0,24,n,2024-06-14T08:00:00+02:00,2024-06-14T06:00:00+00:00,2024-06-14T06:00:00+00:00,2024-06-15 05:00:00+00:00,2024-06-15 06:00:00+00:00,2024-06-15T07:00:00+02:00,2024-06-15,5122.25,6707.512969652663,False,sarima_forecast,True,True,enhanced/post-hoc SARIMA robustness analysis,False,
Austria,SARIMA,2024-06-15,sarima_p2_d0_q2_P0_D1_Q0_s24,2,0,2,0,1,0,24,n,2024-06-14T08:00:00+02:00,2024-06-14T06:00:00+00:00,2024-06-14T06:00:00+00:00,2024-06-15 06:00:00+00:00,2024-06-15 07:00:00+00:00,2024-06-15T08:00:00+02:00,2024-06-15,5329.0,6949.257859228351,False,sarima_forecast,True,True,enhanced/post-hoc SARIMA robustness analysis,False,
Austria,SARIMA,2024-06-15,sarima_p2_d0_q2_P0_D1_Q0_s24,2,0,2,0,1,0,24,n,2024-06-14T08:00:00+02:00,2024-06-14T06:00:00+00:00,2024-06-14T06:00:00+00:00,2024-06-15 07:00:00+00:00,2024-06-15 08:00:00+00:00,2024-06-15T09:00:00+02:00,2024-06-15,5584.25,6918.036754780405,False,sarima_forecast,True,True,enhanced/post-hoc SARIMA robustness analysis,False,
Austria,SARIMA,2024-06-15,sarima_p2_d0_q2_P0_D1_Q0_s24,2,0,2,0,1,0,24,n,2024-06-14T08:00:00+02:00,2024-06-14T06:00:00+00:00,2024-06-14T06:00:00+00:00,2024-06-15 08:00:00+00:00,2024-06-15 09:00:00+00:00,2024-06-15T10:00:00+02:00,2024-06-15,5811.25,6808.148289671538,False,sarima_forecast,True,True,enhanced/post-hoc SARIMA robustness analysis,False,
Austria,SARIMA,2024-06-15,sarima_p2_d0_q2_P0_D1_Q0_s24,2,0,2,0,1,0,24,n,2024-06-14T08:00:00+02:00,2024-06-14T06:00:00+00:00,2024-06-14T06:00:00+00:00,2024-06-15 09:00:00+00:00,2024-06-15 10:00:00+00:00,2024-06-15T11:00:00+02:00,2024-06-15,5903.5,6646.439275304194,False,sarima_forecast,True,True,enhanced/post-hoc SARIMA robustness analysis,False,
Austria,SARIMA,2024-06-15,sarima_p2_d0_q2_P0_D1_Q0_s24,2,0,2,0,1,0,24,n,2024-06-14T08:00:00+02:00,2024-06-14T06:00:00+00:00,2024-06-14T06:00:00+00:00,2024-06-15 10:00:00+00:00,2024-06-15 11:00:00+00:00,2024-06-15T12:00:00+02:00,2024-06-15,5739.0,6435.662962298433,False,sarima_forecast,True,True,enhanced/post-hoc SARIMA robustness analysis,False,
Austria,SARIMA,2024-06-15,sarima_p2_d0_q2_P0_D1_Q0_s24,2,0,2,0,1,0,24,n,2024-06-14T08:00:00+02:00,2024-06-14T06:00:00+00:00,2024-06-14T06:00:00+00:00,2024-06-15 11:00:00+00:00,2024-06-15 12:00:00+00:00,2024-06-15T13:00:00+02:00,2024-06-15,5725.75,6566.461346556836,False,sarima_forecast,True,True,enhanced/post-hoc SARIMA robustness analysis,False,
Austria,SARIMA,2024-06-15,sarima_p2_d0_q2_P0_D1_Q0_s24,2,0,2,0,1,0,24,n,2024-06-14T08:00:00+02:00,2024-06-14T06:00:00+00:00,2024-06-14T06:00:00+00:00,2024-06-15 12:00:00+00:00,2024-06-15 13:00:00+00:00,2024-06-15T14:00:00+02:00,2024-06-15,5664.5,6626.043095948093,False,sarima_forecast,True,True,enhanced/post-hoc SARIMA robustness analysis,False,
Austria,SARIMA,2024-06-15,sarima_p2_d0_q2_P0_D1_Q0_s24,2,0,2,0,1,0,24,n,2024-06-14T08:00:00+02:00,2024-06-14T06:00:00+00:00,2024-06-14T06:00:00+00:00,2024-06-15 13:00:00+00:00,2024-06-15 14:00:00+00:00,2024-06-15T15:00:00+02:00,2024-06-15,5817.75,6494.304542454943,False,sarima_forecast,True,True,enhanced/post-hoc SARIMA robustness analysis,False,
Austria,SARIMA,2024-06-15,sarima_p2_d0_q2_P0_D1_Q0_s24,2,0,2,0,1,0,24,n,2024-06-14T08:00:00+02:00,2024-06-14T06:00:00+00:00,2024-06-14T06:00:00+00:00,2024-06-15 14:00:00+00:00,2024-06-15 15:00:00+00:00,2024-06-15T16:00:00+02:00,2024-06-15,5969.25,6363.779969541077,False,sarima_forecast,True,True,enhanced/post-hoc SARIMA robustness analysis,False,
Austria,SARIMA,2024-06-15,sarima_p2_d0_q2_P0_D1_Q0_s24,2,0,2,0,1,0,24,n,2024-06-14T08:00:00+02:00,2024-06-14T06:00:00+00:00,2024-06-14T06:00:00+00:00,2024-06-15 15:00:00+00:00,2024-06-15 16:00:00+00:00,2024-06-15T17:00:00+02:00,2024-06-15,6155.5,6261.123318109036,False,sarima_forecast,True,True,enhanced/post-hoc SARIMA robustness analysis,False,
Austria,SARIMA,2024-06-15,sarima_p2_d0_q2_P0_D1_Q0_s24,2,0,2,0,1,0,24,n,2024-06-14T08:00:00+02:00,2024-06-14T06:00:00+00:00,2024-06-14T06:00:00+00:00,2024-06-15 16:00:00+00:00,2024-06-15 17:00:00+00:00,2024-06-15T18:00:00+02:00,2024-06-15,6114.5,6310.768672182682,False,sarima_forecast,True,True,enhanced/post-hoc SARIMA robustness analysis,False,
Austria,SARIMA,2024-06-15,sarima_p2_d0_q2_P0_D1_Q0_s24,2,0,2,0,1,0,24,n,2024-06-14T08:00:00+02:00,2024-06-14T06:00:00+00:00,2024-06-14T06:00:00+00:00,2024-06-15 17:00:00+00:00,2024-06-15 18:00:00+00:00,2024-06-15T19:00:00+02:00,2024-06-15,5981.5,6444.150854474769,False,sarima_forecast,True,True,enhanced/post-hoc SARIMA robustness analysis,False,
Austria,SARIMA,2024-06-15,sarima_p2_d0_q2_P0_D1_Q0_s24,2,0,2,0,1,0,24,n,2024-06-14T08:00:00+02:00,2024-06-14T06:00:00+00:00,2024-06-14T06:00:00+00:00,2024-06-15 18:00:00+00:00,2024-06-15 19:00:00+00:00,2024-06-15T20:00:00+02:00,2024-06-15,5860.75,6384.946199628647,False,sarima_forecast,True,True,enhanced/post-hoc SARIMA robustness analysis,False,
Austria,SARIMA,2024-06-15,sarima_p2_d0_q2_P0_D1_Q0_s24,2,0,2,0,1,0,24,n,2024-06-14T08:00:00+02:00,2024-06-14T06:00:00+00:00,2024-06-14T06:00:00+00:00,2024-06-15 19:00:00+00:00,2024-06-15 20:00:00+00:00,2024-06-15T21:00:00+02:00,2024-06-15,5667.5,6249.320070330397,False,sarima_forecast,True,True,enhanced/post-hoc SARIMA robustness analysis,False,
Austria,SARIMA,2024-06-15,sarima_p2_d0_q2_P0_D1_Q0_s24,2,0,2,0,1,0,24,n,2024-06-14T08:00:00+02:00,2024-06-14T06:00:00+00:00,2024-06-14T06:00:00+00:00,2024-06-15 20:00:00+00:00,2024-06-15 21:00:00+00:00,2024-06-15T22:00:00+02:00,2024-06-15,5456.75,5963.176598438842,False,sarima_forecast,True,True,enhanced/post-hoc SARIMA robustness analysis,False,
Austria,SARIMA,2024-06-15,sarima_p2_d0_q2_P0_D1_Q0_s24,2,0,2,0,1,0,24,n,2024-06-14T08:00:00+02:00,2024-06-14T06:00:00+00:00,2024-06-14T06:00:00+00:00,2024-06-15 21:00:00+00:00,2024-06-15 22:00:00+00:00,2024-06-15T23:00:00+02:00,2024-06-15,5037.25,5473.409133874752,False,sarima_forecast,True,True,enhanced/post-hoc SARIMA robustness analysis,False,
Austria,SARIMA,2024-10-27,sarima_p2_d0_q0_P0_D1_Q0_s24,2,0,0,0,1,0,24,n,2024-10-26T08:00:00+02:00,2024-10-26T06:00:00+00:00,2024-10-26T06:00:00+00:00,2024-10-26 06:00:00+00:00,2024-10-26 07:00:00+00:00,2024-10-26T08:00:00+02:00,2024-10-26,6100.5,5826.608259816633,True,sarima_forecast,False,False,enhanced/post-hoc SARIMA robustness analysis,False,
Austria,SARIMA,2024-10-27,sarima_p2_d0_q0_P0_D1_Q0_s24,2,0,0,0,1,0,24,n,2024-10-26T08:00:00+02:00,2024-10-26T06:00:00+00:00,2024-10-26T06:00:00+00:00,2024-10-26 07:00:00+00:00,2024-10-26 08:00:00+00:00,2024-10-26T09:00:00+02:00,2024-10-26,6312.0,5641.467608514083,True,sarima_forecast,False,False,enhanced/post-hoc SARIMA robustness analysis,False,
Austria,SARIMA,2024-10-27,sarima_p2_d0_q0_P0_D1_Q0_s24,2,0,0,0,1,0,24,n,2024-10-26T08:00:00+02:00,2024-10-26T06:00:00+00:00,2024-10-26T06:00:00+00:00,2024-10-26 08:00:00+00:00,2024-10-26 09:00:00+00:00,2024-10-26T10:00:00+02:00,2024-10-26,6423.5,5497.70183227677,True,sarima_forecast,False,False,enhanced/post-hoc SARIMA robustness analysis,False,
Austria,SARIMA,2024-10-27,sarima_p2_d0_q0_P0_D1_Q0_s24,2,0,0,0,1,0,24,n,2024-10-26T08:00:00+02:00,2024-10-26T06:00:00+00:00,2024-10-26T06:00:00+00:00,2024-10-26 09:00:00+00:00,2024-10-26 10:00:00+00:00,2024-10-26T11:00:00+02:00,2024-10-26,6398.0,5379.49401214572,True,sarima_forecast,False,False,enhanced/post-hoc SARIMA robustness analysis,False,
Austria,SARIMA,2024-10-27,sarima_p2_d0_q0_P0_D1_Q0_s24,2,0,0,0,1,0,24,n,2024-10-26T08:00:00+02:00,2024-10-26T06:00:00+00:00,2024-10-26T06:00:00+00:00,2024-10-26 10:00:00+00:00,2024-10-26 11:00:00+00:00,2024-10-26T12:00:00+02:00,2024-10-26,6163.25,5188.497849284297,True,sarima_forecast,False,False,enhanced/post-hoc SARIMA robustness analysis,False,
Austria,SARIMA,2024-10-27,sarima_p2_d0_q0_P0_D1_Q0_s24,2,0,0,0,1,0,24,n,2024-10-26T08:00:00+02:00,2024-10-26T06:00:00+00:00,2024-10-26T06:00:00+00:00,2024-10-26 11:00:00+00:00,2024-10-26 12:00:00+00:00,2024-10-26T13:00:00+02:00,2024-10-26,5911.5,5066.083730973152,True,sarima_forecast,False,False,enhanced/post-hoc SARIMA robustness analysis,False,
Austria,SARIMA,2024-10-27,sarima_p2_d0_q0_P0_D1_Q0_s24,2,0,0,0,1,0,24,n,2024-10-26T08:00:00+02:00,2024-10-26T06:00:00+00:00,2024-10-26T06:00:00+00:00,2024-10-26 12:00:00+00:00,2024-10-26 13:00:00+00:00,2024-10-26T14:00:00+02:00,2024-10-26,5751.5,5149.556038055434,True,sarima_forecast,False,False,enhanced/post-hoc SARIMA robustness analysis,False,
Austria,SARIMA,2024-10-27,sarima_p2_d0_q0_P0_D1_Q0_s24,2,0,0,0,1,0,24,n,2024-10-26T08:00:00+02:00,2024-10-26T06:00:00+00:00,2024-10-26T06:00:00+00:00,2024-10-26 13:00:00+00:00,2024-10-26 14:00:00+00:00,2024-10-26T15:00:00+02:00,2024-10-26,5805.5,5448.076589646399,True,sarima_forecast,False,False,enhanced/post-hoc SARIMA robustness analysis,False,
Austria,SARIMA,2024-10-27,sarima_p2_d0_q0_P0_D1_Q0_s24,2,0,0,0,1,0,24,n,2024-10-26T08:00:00+02:00,2024-10-26T06:00:00+00:00,2024-10-26T06:00:00+00:00,2024-10-26 14:00:00+00:00,2024-10-26 15:00:00+00:00,2024-10-26T16:00:00+02:00,2024-10-26,6044.75,5862.100959185642,True,sarima_forecast,False,False,enhanced/post-hoc SARIMA robustness analysis,False,
Austria,SARIMA,2024-10-27,sarima_p2_d0_q0_P0_D1_Q0_s24,2,0,0,0,1,0,24,n,2024-10-26T08:00:00+02:00,2024-10-26T06:00:00+00:00,2024-10-26T06:00:00+00:00,2024-10-26 15:00:00+00:00,2024-10-26 16:00:00+00:00,2024-10-26T17:00:00+02:00,2024-10-26,6498.5,6366.186834921851,True,sarima_forecast,False,False,enhanced/post-hoc SARIMA robustness analysis,False,
Austria,SARIMA,2024-10-27,sarima_p2_d0_q0_P0_D1_Q0_s24,2,0,0,0,1,0,24,n,2024-10-26T08:00:00+02:00,2024-10-26T06:00:00+00:00,2024-10-26T06:00:00+00:00,2024-10-26 16:00:00+00:00,2024-10-26 17:00:00+00:00,2024-10-26T18:00:00+02:00,2024-10-26,6756.5,6636.571867472315,True,sarima_forecast,False,False,enhanced/post-hoc SARIMA robustness analysis,False,
Austria,SARIMA,2024-10-27,sarima_p2_d0_q0_P0_D1_Q0_s24,2,0,0,0,1,0,24,n,2024-10-26T08:00:00+02:00,2024-10-26T06:00:00+00:00,2024-10-26T06:00:00+00:00,2024-10-26 17:00:00+00:00,2024-10-26 18:00:00+00:00,2024-10-26T19:00:00+02:00,2024-10-26,6545.25,6405.696368247671,True,sarima_forecast,False,False,enhanced/post-hoc SARIMA robustness analysis,False,
Austria,SARIMA,2024-10-27,sarima_p2_d0_q0_P0_D1_Q0_s24,2,0,0,0,1,0,24,n,2024-10-26T08:00:00+02:00,2024-10-26T06:00:00+00:00,2024-10-26T06:00:00+00:00,2024-10-26 18:00:00+00:00,2024-10-26 19:00:00+00:00,2024-10-26T20:00:00+02:00,2024-10-26,6141.75,6012.1165869129,True,sarima_forecast,False,False,enhanced/post-hoc SARIMA robustness analysis,False,
Austria,SARIMA,2024-10-27,sarima_p2_d0_q0_P0_D1_Q0_s24,2,0,0,0,1,0,24,n,2024-10-26T08:00:00+02:00,2024-10-26T06:00:00+00:00,2024-10-26T06:00:00+00:00,2024-10-26 19:00:00+00:00,2024-10-26 20:00:00+00:00,2024-10-26T21:00:00+02:00,2024-10-26,5754.25,5586.269143087218,True,sarima_forecast,False,False,enhanced/post-hoc SARIMA robustness analysis,False,
Austria,SARIMA,2024-10-27,sarima_p2_d0_q0_P0_D1_Q0_s24,2,0,0,0,1,0,24,n,2024-10-26T08:00:00+02:00,2024-10-26T06:00:00+00:00,2024-10-26T06:00:00+00:00,2024-10-26 20:00:00+00:00,2024-10-26 21:00:00+00:00,2024-10-26T22:00:00+02:00,2024-10-26,5666.25,5361.058006944602,True,sarima_forecast,False,False,enhanced/post-hoc SARIMA robustness analysis,False,
Austria,SARIMA,2024-10-27,sarima_p2_d0_q0_P0_D1_Q0_s24,2,0,0,0,1,0,24,n,2024-10-26T08:00:00+02:00,2024-10-26T06:00:00+00:00,2024-10-26T06:00:00+00:00,2024-10-26 21:00:00+00:00,2024-10-26 22:00:00+00:00,2024-10-26T23:00:00+02:00,2024-10-26,5322.25,5021.24330343192,True,sarima_forecast,False,False,enhanced/post-hoc SARIMA robustness analysis,False,
Austria,SARIMA,2024-10-27,sarima_p2_d0_q0_P0_D1_Q0_s24,2,0,0,0,1,0,24,n,2024-10-26T08:00:00+02:00,2024-10-26T06:00:00+00:00,2024-10-26T06:00:00+00:00,2024-10-26 22:00:00+00:00,2024-10-26 23:00:00+00:00,2024-10-27T00:00:00+02:00,2024-10-27,5014.0,4836.866950211952,False,sarima_forecast,True,True,enhanced/post-hoc SARIMA robustness analysis,False,
Austria,SARIMA,2024-10-27,sarima_p2_d0_q0_P0_D1_Q0_s24,2,0,0,0,1,0,24,n,2024-10-26T08:00:00+02:00,2024-10-26T06:00:00+00:00,2024-10-26T06:00:00+00:00,2024-10-26 23:00:00+00:00,2024-10-27 00:00:00+00:00,2024-10-27T01:00:00+02:00,2024-10-27,4742.75,4623.454310523373,False,sarima_forecast,True,True,enhanced/post-hoc SARIMA robustness analysis,False,
Austria,SARIMA,2024-10-27,sarima_p2_d0_q0_P0_D1_Q0_s24,2,0,0,0,1,0,24,n,2024-10-26T08:00:00+02:00,2024-10-26T06:00:00+00:00,2024-10-26T06:00:00+00:00,2024-10-27 00:00:00+00:00,2024-10-27 01:00:00+00:00,2024-10-27T02:00:00+02:00,2024-10-27,4648.0,4546.2340726726125,False,sarima_forecast,True,True,enhanced/post-hoc SARIMA robustness analysis,False,
Austria,SARIMA,2024-10-27,sarima_p2_d0_q0_P0_D1_Q0_s24,2,0,0,0,1,0,24,n,2024-10-26T08:00:00+02:00,2024-10-26T06:00:00+00:00,2024-10-26T06:00:00+00:00,2024-10-27 01:00:00+00:00,2024-10-27 02:00:00+00:00,2024-10-27T02:00:00+01:00,2024-10-27,4507.5,4461.870767168678,False,sarima_forecast,True,True,enhanced/post-hoc SARIMA robustness analysis,False,
Austria,SARIMA,2024-10-27,sarima_p2_d0_q0_P0_D1_Q0_s24,2,0,0,0,1,0,24,n,2024-10-26T08:00:00+02:00,2024-10-26T06:00:00+00:00,2024-10-26T06:00:00+00:00,2024-10-27 02:00:00+00:00,2024-10-27 03:00:00+00:00,2024-10-27T03:00:00+01:00,2024-10-27,4483.25,4510.705926349819,False,sarima_forecast,True,True,enhanced/post-hoc SARIMA robustness analysis,False,
Austria,SARIMA,2024-10-27,sarima_p2_d0_q0_P0_D1_Q0_s24,2,0,0,0,1,0,24,n,2024-10-26T08:00:00+02:00,2024-10-26T06:00:00+00:00,2024-10-26T06:00:00+00:00,2024-10-27 03:00:00+00:00,2024-10-27 04:00:00+00:00,2024-10-27T04:00:00+01:00,2024-10-27,4545.0,4711.755044463543,False,sarima_forecast,True,True,enhanced/post-hoc SARIMA robustness analysis,False,
Austria,SARIMA,2024-10-27,sarima_p2_d0_q0_P0_D1_Q0_s24,2,0,0,0,1,0,24,n,2024-10-26T08:00:00+02:00,2024-10-26T06:00:00+00:00,2024-10-26T06:00:00+00:00,2024-10-27 04:00:00+00:00,2024-10-27 05:00:00+00:00,2024-10-27T05:00:00+01:00,2024-10-27,4804.0,5011.708328711426,False,sarima_forecast,True,True,enhanced/post-hoc SARIMA robustness analysis,False,
Austria,SARIMA,2024-10-27,sarima_p2_d0_q0_P0_D1_Q0_s24,2,0,0,0,1,0,24,n,2024-10-26T08:00:00+02:00,2024-10-26T06:00:00+00:00,2024-10-26T06:00:00+00:00,2024-10-27 05:00:00+00:00,2024-10-27 06:00:00+00:00,2024-10-27T06:00:00+01:00,2024-10-27,5224.0,5512.68383137524,False,sarima_forecast,True,True,enhanced/post-hoc SARIMA robustness analysis,False,
Austria,SARIMA,2024-10-27,sarima_p2_d0_q0_P0_D1_Q0_s24,2,0,0,0,1,0,24,n,2024-10-26T08:00:00+02:00,2024-10-26T06:00:00+00:00,2024-10-26T06:00:00+00:00,2024-10-27 06:00:00+00:00,2024-10-27 07:00:00+00:00,2024-10-27T07:00:00+01:00,2024-10-27,5568.5,5646.840243477559,False,sarima_forecast,True,True,enhanced/post-hoc SARIMA robustness analysis,False,
Austria,SARIMA,2024-10-27,sarima_p2_d0_q0_P0_D1_Q0_s24,2,0,0,0,1,0,24,n,2024-10-26T08:00:00+02:00,2024-10-26T06:00:00+00:00,2024-10-26T06:00:00+00:00,2024-10-27 07:00:00+00:00,2024-10-27 08:00:00+00:00,2024-10-27T08:00:00+01:00,2024-10-27,5791.0,5485.058468365257,False,sarima_forecast,True,True,enhanced/post-hoc SARIMA robustness analysis,False,
Austria,SARIMA,2024-10-27,sarima_p2_d0_q0_P0_D1_Q0_s24,2,0,0,0,1,0,24,n,2024-10-26T08:00:00+02:00,2024-10-26T06:00:00+00:00,2024-10-26T06:00:00+00:00,2024-10-27 08:00:00+00:00,2024-10-27 09:00:00+00:00,2024-10-27T09:00:00+01:00,2024-10-27,5897.25,5361.64355188851,False,sarima_forecast,True,True,enhanced/post-hoc SARIMA robustness analysis,False,
Austria,SARIMA,2024-10-27,sarima_p2_d0_q0_P0_D1_Q0_s24,2,0,0,0,1,0,24,n,2024-10-26T08:00:00+02:00,2024-10-26T06:00:00+00:00,2024-10-26T06:00:00+00:00,2024-10-27 09:00:00+00:00,2024-10-27 10:00:00+00:00,2024-10-27T10:00:00+01:00,2024-10-27,5924.75,5261.158543632733,False,sarima_forecast,True,True,enhanced/post-hoc SARIMA robustness analysis,False,
Austria,SARIMA,2024-10-27,sarima_p2_d0_q0_P0_D1_Q0_s24,2,0,0,0,1,0,24,n,2024-10-26T08:00:00+02:00,2024-10-26T06:00:00+00:00,2024-10-26T06:00:00+00:00,2024-10-27 10:00:00+00:00,2024-10-27 11:00:00+00:00,2024-10-27T11:00:00+01:00,2024-10-27,5808.5,5085.591138936159,False,sarima_forecast,True,True,enhanced/post-hoc SARIMA robustness analysis,False,
Austria,SARIMA,2024-10-27,sarima_p2_d0_q0_P0_D1_Q0_s24,2,0,0,0,1,0,24,n,2024-10-26T08:00:00+02:00,2024-10-26T06:00:00+00:00,2024-10-26T06:00:00+00:00,2024-10-27 11:00:00+00:00,2024-10-27 12:00:00+00:00,2024-10-27T12:00:00+01:00,2024-10-27,5412.5,4976.6047428315105,False,sarima_forecast,True,True,enhanced/post-hoc SARIMA robustness analysis,False,
Austria,SARIMA,2024-10-27,sarima_p2_d0_q0_P0_D1_Q0_s24,2,0,0,0,1,0,24,n,2024-10-26T08:00:00+02:00,2024-10-26T06:00:00+00:00,2024-10-26T06:00:00+00:00,2024-10-27 12:00:00+00:00,2024-10-27 13:00:00+00:00,2024-10-27T13:00:00+01:00,2024-10-27,5161.5,5071.760396708143,False,sarima_forecast,True,True,enhanced/post-hoc SARIMA robustness analysis,False,
Austria,SARIMA,2024-10-27,sarima_p2_d0_q0_P0_D1_Q0_s24,2,0,0,0,1,0,24,n,2024-10-26T08:00:00+02:00,2024-10-26T06:00:00+00:00,2024-10-26T06:00:00+00:00,2024-10-27 13:00:00+00:00,2024-10-27 14:00:00+00:00,2024-10-27T14:00:00+01:00,2024-10-27,5160.75,5380.4444388084485,False,sarima_forecast,True,True,enhanced/post-hoc SARIMA robustness analysis,False,
Austria,SARIMA,2024-10-27,sarima_p2_d0_q0_P0_D1_Q0_s24,2,0,0,0,1,0,24,n,2024-10-26T08:00:00+02:00,2024-10-26T06:00:00+00:00,2024-10-26T06:00:00+00:00,2024-10-27 14:00:00+00:00,2024-10-27 15:00:00+00:00,2024-10-27T15:00:00+01:00,2024-10-27,5506.75,5803.308631177831,False,sarima_forecast,True,True,enhanced/post-hoc SARIMA robustness analysis,False,
Austria,SARIMA,2024-10-27,sarima_p2_d0_q0_P0_D1_Q0_s24,2,0,0,0,1,0,24,n,2024-10-26T08:00:00+02:00,2024-10-26T06:00:00+00:00,2024-10-26T06:00:00+00:00,2024-10-27 15:00:00+00:00,2024-10-27 16:00:00+00:00,2024-10-27T16:00:00+01:00,2024-10-27,6091.0,6315.081939510886,False,sarima_forecast,True,True,enhanced/post-hoc SARIMA robustness analysis,False,
Austria,SARIMA,2024-10-27,sarima_p2_d0_q0_P0_D1_Q0_s24,2,0,0,0,1,0,24,n,2024-10-26T08:00:00+02:00,2024-10-26T06:00:00+00:00,2024-10-26T06:00:00+00:00,2024-10-27 16:00:00+00:00,2024-10-27 17:00:00+00:00,2024-10-27T17:00:00+01:00,2024-10-27,6621.0,6592.151430824374,False,sarima_forecast,True,True,enhanced/post-hoc SARIMA robustness analysis,False,
Austria,SARIMA,2024-10-27,sarima_p2_d0_q0_P0_D1_Q0_s24,2,0,0,0,1,0,24,n,2024-10-26T08:00:00+02:00,2024-10-26T06:00:00+00:00,2024-10-26T06:00:00+00:00,2024-10-27 17:00:00+00:00,2024-10-27 18:00:00+00:00,2024-10-27T18:00:00+01:00,2024-10-27,6508.0,6367.087679924709,False,sarima_forecast,True,True,enhanced/post-hoc SARIMA robustness analysis,False,
Austria,SARIMA,2024-10-27,sarima_p2_d0_q0_P0_D1_Q0_s24,2,0,0,0,1,0,24,n,2024-10-26T08:00:00+02:00,2024-10-26T06:00:00+00:00,2024-10-26T06:00:00+00:00,2024-10-27 18:00:00+00:00,2024-10-27 19:00:00+00:00,2024-10-27T19:00:00+01:00,2024-10-27,6280.75,5978.560442164488,False,sarima_forecast,True,True,enhanced/post-hoc SARIMA robustness analysis,False,
Austria,SARIMA,2024-10-27,sarima_p2_d0_q0_P0_D1_Q0_s24,2,0,0,0,1,0,24,n,2024-10-26T08:00:00+02:00,2024-10-26T06:00:00+00:00,2024-10-26T06:00:00+00:00,2024-10-27 19:00:00+00:00,2024-10-27 20:00:00+00:00,2024-10-27T20:00:00+01:00,2024-10-27,5943.5,5557.105197343219,False,sarima_forecast,True,True,enhanced/post-hoc SARIMA robustness analysis,False,
Austria,SARIMA,2024-10-27,sarima_p2_d0_q0_P0_D1_Q0_s24,2,0,0,0,1,0,24,n,2024-10-26T08:00:00+02:00,2024-10-26T06:00:00+00:00,2024-10-26T06:00:00+00:00,2024-10-27 20:00:00+00:00,2024-10-27 21:00:00+00:00,2024-10-27T21:00:00+01:00,2024-10-27,5612.75,5335.711988229607,False,sarima_forecast,True,True,enhanced/post-hoc SARIMA robustness analysis,False,
Austria,SARIMA,2024-10-27,sarima_p2_d0_q0_P0_D1_Q0_s24,2,0,0,0,1,0,24,n,2024-10-26T08:00:00+02:00,2024-10-26T06:00:00+00:00,2024-10-26T06:00:00+00:00,2024-10-27 21:00:00+00:00,2024-10-27 22:00:00+00:00,2024-10-27T22:00:00+01:00,2024-10-27,5552.75,4999.215855690318,False,sarima_forecast,True,True,enhanced/post-hoc SARIMA robustness analysis,False,
Austria,SARIMA,2024-10-27,sarima_p2_d0_q0_P0_D1_Q0_s24,2,0,0,0,1,0,24,n,2024-10-26T08:00:00+02:00,2024-10-26T06:00:00+00:00,2024-10-26T06:00:00+00:00,2024-10-27 22:00:00+00:00,2024-10-27 23:00:00+00:00,2024-10-27T23:00:00+01:00,2024-10-27,5238.75,4817.723905855815,False,sarima_forecast,True,True,enhanced/post-hoc SARIMA robustness analysis,False,
Austria,SARIMA,2024-10-27,sarima_p2_d0_q1_P0_D1_Q0_s24,2,0,1,0,1,0,24,n,2024-10-26T08:00:00+02:00,2024-10-26T06:00:00+00:00,2024-10-26T06:00:00+00:00,2024-10-26 06:00:00+00:00,2024-10-26 07:00:00+00:00,2024-10-26T08:00:00+02:00,2024-10-26,6100.5,5912.52321532901,True,sarima_forecast,False,False,enhanced/post-hoc SARIMA robustness analysis,False,
Austria,SARIMA,2024-10-27,sarima_p2_d0_q1_P0_D1_Q0_s24,2,0,1,0,1,0,24,n,2024-10-26T08:00:00+02:00,2024-10-26T06:00:00+00:00,2024-10-26T06:00:00+00:00,2024-10-26 07:00:00+00:00,2024-10-26 08:00:00+00:00,2024-10-26T09:00:00+02:00,2024-10-26,6312.0,5796.907718413088,True,sarima_forecast,False,False,enhanced/post-hoc SARIMA robustness analysis,False,
Austria,SARIMA,2024-10-27,sarima_p2_d0_q1_P0_D1_Q0_s24,2,0,1,0,1,0,24,n,2024-10-26T08:00:00+02:00,2024-10-26T06:00:00+00:00,2024-10-26T06:00:00+00:00,2024-10-26 08:00:00+00:00,2024-10-26 09:00:00+00:00,2024-10-26T10:00:00+02:00,2024-10-26,6423.5,5692.531908020324,True,sarima_forecast,False,False,enhanced/post-hoc SARIMA robustness analysis,False,
Austria,SARIMA,2024-10-27,sarima_p2_d0_q1_P0_D1_Q0_s24,2,0,1,0,1,0,24,n,2024-10-26T08:00:00+02:00,2024-10-26T06:00:00+00:00,2024-10-26T06:00:00+00:00,2024-10-26 09:00:00+00:00,2024-10-26 10:00:00+00:00,2024-10-26T11:00:00+02:00,2024-10-26,6398.0,5584.306487289976,True,sarima_forecast,False,False,enhanced/post-hoc SARIMA robustness analysis,False,
Austria,SARIMA,2024-10-27,sarima_p2_d0_q1_P0_D1_Q0_s24,2,0,1,0,1,0,24,n,2024-10-26T08:00:00+02:00,2024-10-26T06:00:00+00:00,2024-10-26T06:00:00+00:00,2024-10-26 10:00:00+00:00,2024-10-26 11:00:00+00:00,2024-10-26T12:00:00+02:00,2024-10-26,6163.25,5380.025350053397,True,sarima_forecast,False,False,enhanced/post-hoc SARIMA robustness analysis,False,
Austria,SARIMA,2024-10-27,sarima_p2_d0_q1_P0_D1_Q0_s24,2,0,1,0,1,0,24,n,2024-10-26T08:00:00+02:00,2024-10-26T06:00:00+00:00,2024-10-26T06:00:00+00:00,2024-10-26 11:00:00+00:00,2024-10-26 12:00:00+00:00,2024-10-26T13:00:00+02:00,2024-10-26,5911.5,5228.319245334758,True,sarima_forecast,False,False,enhanced/post-hoc SARIMA robustness analysis,False,
Austria,SARIMA,2024-10-27,sarima_p2_d0_q1_P0_D1_Q0_s24,2,0,1,0,1,0,24,n,2024-10-26T08:00:00+02:00,2024-10-26T06:00:00+00:00,2024-10-26T06:00:00+00:00,2024-10-26 12:00:00+00:00,2024-10-26 13:00:00+00:00,2024-10-26T14:00:00+02:00,2024-10-26,5751.5,5273.034694353314,True,sarima_forecast,False,False,enhanced/post-hoc SARIMA robustness analysis,False,
Austria,SARIMA,2024-10-27,sarima_p2_d0_q1_P0_D1_Q0_s24,2,0,1,0,1,0,24,n,2024-10-26T08:00:00+02:00,2024-10-26T06:00:00+00:00,2024-10-26T06:00:00+00:00,2024-10-26 13:00:00+00:00,2024-10-26 14:00:00+00:00,2024-10-26T15:00:00+02:00,2024-10-26,5805.5,5528.535189410004,True,sarima_forecast,False,False,enhanced/post-hoc SARIMA robustness analysis,False,
Austria,SARIMA,2024-10-27,sarima_p2_d0_q1_P0_D1_Q0_s24,2,0,1,0,1,0,24,n,2024-10-26T08:00:00+02:00,2024-10-26T06:00:00+00:00,2024-10-26T06:00:00+00:00,2024-10-26 14:00:00+00:00,2024-10-26 15:00:00+00:00,2024-10-26T16:00:00+02:00,2024-10-26,6044.75,5899.081030510312,True,sarima_forecast,False,False,enhanced/post-hoc SARIMA robustness analysis,False,
Austria,SARIMA,2024-10-27,sarima_p2_d0_q1_P0_D1_Q0_s24,2,0,1,0,1,0,24,n,2024-10-26T08:00:00+02:00,2024-10-26T06:00:00+00:00,2024-10-26T06:00:00+00:00,2024-10-26 15:00:00+00:00,2024-10-26 16:00:00+00:00,2024-10-26T17:00:00+02:00,2024-10-26,6498.5,6361.814261508156,True,sarima_forecast,False,False,enhanced/post-hoc SARIMA robustness analysis,False,
Austria,SARIMA,2024-10-27,sarima_p2_d0_q1_P0_D1_Q0_s24,2,0,1,0,1,0,24,n,2024-10-26T08:00:00+02:00,2024-10-26T06:00:00+00:00,2024-10-26T06:00:00+00:00,2024-10-26 16:00:00+00:00,2024-10-26 17:00:00+00:00,2024-10-26T18:00:00+02:00,2024-10-26,6756.5,6594.582921361463,True,sarima_forecast,False,False,enhanced/post-hoc SARIMA robustness analysis,False,
Austria,SARIMA,2024-10-27,sarima_p2_d0_q1_P0_D1_Q0_s24,2,0,1,0,1,0,24,n,2024-10-26T08:00:00+02:00,2024-10-26T06:00:00+00:00,2024-10-26T06:00:00+00:00,2024-10-26 17:00:00+00:00,2024-10-26 18:00:00+00:00,2024-10-26T19:00:00+02:00,2024-10-26,6545.25,6330.705444659992,True,sarima_forecast,False,False,enhanced/post-hoc SARIMA robustness analysis,False,
Austria,SARIMA,2024-10-27,sarima_p2_d0_q1_P0_D1_Q0_s24,2,0,1,0,1,0,24,n,2024-10-26T08:00:00+02:00,2024-10-26T06:00:00+00:00,2024-10-26T06:00:00+00:00,2024-10-26 18:00:00+00:00,2024-10-26 19:00:00+00:00,2024-10-26T20:00:00+02:00,2024-10-26,6141.75,5909.091506124192,True,sarima_forecast,False,False,enhanced/post-hoc SARIMA robustness analysis,False,
Austria,SARIMA,2024-10-27,sarima_p2_d0_q1_P0_D1_Q0_s24,2,0,1,0,1,0,24,n,2024-10-26T08:00:00+02:00,2024-10-26T06:00:00+00:00,2024-10-26T06:00:00+00:00,2024-10-26 19:00:00+00:00,2024-10-26 20:00:00+00:00,2024-10-26T21:00:00+02:00,2024-10-26,5754.25,5460.172347252706,True,sarima_forecast,False,False,enhanced/post-hoc SARIMA robustness analysis,False,
Austria,SARIMA,2024-10-27,sarima_p2_d0_q1_P0_D1_Q0_s24,2,0,1,0,1,0,24,n,2024-10-26T08:00:00+02:00,2024-10-26T06:00:00+00:00,2024-10-26T06:00:00+00:00,2024-10-26 20:00:00+00:00,2024-10-26 21:00:00+00:00,2024-10-26T22:00:00+02:00,2024-10-26,5666.25,5216.614246817351,True,sarima_forecast,False,False,enhanced/post-hoc SARIMA robustness analysis,False,
Austria,SARIMA,2024-10-27,sarima_p2_d0_q1_P0_D1_Q0_s24,2,0,1,0,1,0,24,n,2024-10-26T08:00:00+02:00,2024-10-26T06:00:00+00:00,2024-10-26T06:00:00+00:00,2024-10-26 21:00:00+00:00,2024-10-26 22:00:00+00:00,2024-10-26T23:00:00+02:00,2024-10-26,5322.25,4862.8003717667,True,sarima_forecast,False,False,enhanced/post-hoc SARIMA robustness analysis,False,
Austria,SARIMA,2024-10-27,sarima_p2_d0_q1_P0_D1_Q0_s24,2,0,1,0,1,0,24,n,2024-10-26T08:00:00+02:00,2024-10-26T06:00:00+00:00,2024-10-26T06:00:00+00:00,2024-10-26 22:00:00+00:00,2024-10-26 23:00:00+00:00,2024-10-27T00:00:00+02:00,2024-10-27,5014.0,4668.322740722227,False,sarima_forecast,True,True,enhanced/post-hoc SARIMA robustness analysis,False,
Austria,SARIMA,2024-10-27,sarima_p2_d0_q1_P0_D1_Q0_s24,2,0,1,0,1,0,24,n,2024-10-26T08:00:00+02:00,2024-10-26T06:00:00+00:00,2024-10-26T06:00:00+00:00,2024-10-26 23:00:00+00:00,2024-10-27 00:00:00+00:00,2024-10-27T01:00:00+02:00,2024-10-27,4742.75,4448.229676831779,False,sarima_forecast,True,True,enhanced/post-hoc SARIMA robustness analysis,False,
Austria,SARIMA,2024-10-27,sarima_p2_d0_q1_P0_D1_Q0_s24,2,0,1,0,1,0,24,n,2024-10-26T08:00:00+02:00,2024-10-26T06:00:00+00:00,2024-10-26T06:00:00+00:00,2024-10-27 00:00:00+00:00,2024-10-27 01:00:00+00:00,2024-10-27T02:00:00+02:00,2024-10-27,4648.0,4367.276171056646,False,sarima_forecast,True,True,enhanced/post-hoc SARIMA robustness analysis,False,
Austria,SARIMA,2024-10-27,sarima_p2_d0_q1_P0_D1_Q0_s24,2,0,1,0,1,0,24,n,2024-10-26T08:00:00+02:00,2024-10-26T06:00:00+00:00,2024-10-26T06:00:00+00:00,2024-10-27 01:00:00+00:00,2024-10-27 02:00:00+00:00,2024-10-27T02:00:00+01:00,2024-10-27,4507.5,4281.675723112568,False,sarima_forecast,True,True,enhanced/post-hoc SARIMA robustness analysis,False,
Austria,SARIMA,2024-10-27,sarima_p2_d0_q1_P0_D1_Q0_s24,2,0,1,0,1,0,24,n,2024-10-26T08:00:00+02:00,2024-10-26T06:00:00+00:00,2024-10-26T06:00:00+00:00,2024-10-27 02:00:00+00:00,2024-10-27 03:00:00+00:00,2024-10-27T03:00:00+01:00,2024-10-27,4483.25,4331.35286937115,False,sarima_forecast,True,True,enhanced/post-hoc SARIMA robustness analysis,False,
Austria,SARIMA,2024-10-27,sarima_p2_d0_q1_P0_D1_Q0_s24,2,0,1,0,1,0,24,n,2024-10-26T08:00:00+02:00,2024-10-26T06:00:00+00:00,2024-10-26T06:00:00+00:00,2024-10-27 03:00:00+00:00,2024-10-27 04:00:00+00:00,2024-10-27T04:00:00+01:00,2024-10-27,4545.0,4534.9459662766685,False,sarima_forecast,True,True,enhanced/post-hoc SARIMA robustness analysis,False,
Austria,SARIMA,2024-10-27,sarima_p2_d0_q1_P0_D1_Q0_s24,2,0,1,0,1,0,24,n,2024-10-26T08:00:00+02:00,2024-10-26T06:00:00+00:00,2024-10-26T06:00:00+00:00,2024-10-27 04:00:00+00:00,2024-10-27 05:00:00+00:00,2024-10-27T05:00:00+01:00,2024-10-27,4804.0,4838.809998415557,False,sarima_forecast,True,True,enhanced/post-hoc SARIMA robustness analysis,False,
Austria,SARIMA,2024-10-27,sarima_p2_d0_q1_P0_D1_Q0_s24,2,0,1,0,1,0,24,n,2024-10-26T08:00:00+02:00,2024-10-26T06:00:00+00:00,2024-10-26T06:00:00+00:00,2024-10-27 05:00:00+00:00,2024-10-27 06:00:00+00:00,2024-10-27T06:00:00+01:00,2024-10-27,5224.0,5344.769291985491,False,sarima_forecast,True,True,enhanced/post-hoc SARIMA robustness analysis,False,
Austria,SARIMA,2024-10-27,sarima_p2_d0_q1_P0_D1_Q0_s24,2,0,1,0,1,0,24,n,2024-10-26T08:00:00+02:00,2024-10-26T06:00:00+00:00,2024-10-26T06:00:00+00:00,2024-10-27 06:00:00+00:00,2024-10-27 07:00:00+00:00,2024-10-27T07:00:00+01:00,2024-10-27,5568.5,5570.643291491401,False,sarima_forecast,True,True,enhanced/post-hoc SARIMA robustness analysis,False,
Austria,SARIMA,2024-10-27,sarima_p2_d0_q1_P0_D1_Q0_s24,2,0,1,0,1,0,24,n,2024-10-26T08:00:00+02:00,2024-10-26T06:00:00+00:00,2024-10-26T06:00:00+00:00,2024-10-27 07:00:00+00:00,2024-10-27 08:00:00+00:00,2024-10-27T08:00:00+01:00,2024-10-27,5791.0,5484.7905871186185,False,sarima_forecast,True,True,enhanced/post-hoc SARIMA robustness analysis,False,
Austria,SARIMA,2024-10-27,sarima_p2_d0_q1_P0_D1_Q0_s24,2,0,1,0,1,0,24,n,2024-10-26T08:00:00+02:00,2024-10-26T06:00:00+00:00,2024-10-26T06:00:00+00:00,2024-10-27 08:00:00+00:00,2024-10-27 09:00:00+00:00,2024-10-27T09:00:00+01:00,2024-10-27,5897.25,5407.586588407989,False,sarima_forecast,True,True,enhanced/post-hoc SARIMA robustness analysis,False,
Austria,SARIMA,2024-10-27,sarima_p2_d0_q1_P0_D1_Q0_s24,2,0,1,0,1,0,24,n,2024-10-26T08:00:00+02:00,2024-10-26T06:00:00+00:00,2024-10-26T06:00:00+00:00,2024-10-27 09:00:00+00:00,2024-10-27 10:00:00+00:00,2024-10-27T10:00:00+01:00,2024-10-27,5924.75,5324.16752968478,False,sarima_forecast,True,True,enhanced/post-hoc SARIMA robustness analysis,False,
Austria,SARIMA,2024-10-27,sarima_p2_d0_q1_P0_D1_Q0_s24,2,0,1,0,1,0,24,n,2024-10-26T08:00:00+02:00,2024-10-26T06:00:00+00:00,2024-10-26T06:00:00+00:00,2024-10-27 10:00:00+00:00,2024-10-27 11:00:00+00:00,2024-10-27T11:00:00+01:00,2024-10-27,5808.5,5142.533215633431,False,sarima_forecast,True,True,enhanced/post-hoc SARIMA robustness analysis,False,
Austria,SARIMA,2024-10-27,sarima_p2_d0_q1_P0_D1_Q0_s24,2,0,1,0,1,0,24,n,2024-10-26T08:00:00+02:00,2024-10-26T06:00:00+00:00,2024-10-26T06:00:00+00:00,2024-10-27 11:00:00+00:00,2024-10-27 12:00:00+00:00,2024-10-27T12:00:00+01:00,2024-10-27,5412.5,5011.502387880368,False,sarima_forecast,True,True,enhanced/post-hoc SARIMA robustness analysis,False,
Austria,SARIMA,2024-10-27,sarima_p2_d0_q1_P0_D1_Q0_s24,2,0,1,0,1,0,24,n,2024-10-26T08:00:00+02:00,2024-10-26T06:00:00+00:00,2024-10-26T06:00:00+00:00,2024-10-27 12:00:00+00:00,2024-10-27 13:00:00+00:00,2024-10-27T13:00:00+01:00,2024-10-27,5161.5,5075.093198532691,False,sarima_forecast,True,True,enhanced/post-hoc SARIMA robustness analysis,False,
Austria,SARIMA,2024-10-27,sarima_p2_d0_q1_P0_D1_Q0_s24,2,0,1,0,1,0,24,n,2024-10-26T08:00:00+02:00,2024-10-26T06:00:00+00:00,2024-10-26T06:00:00+00:00,2024-10-27 13:00:00+00:00,2024-10-27 14:00:00+00:00,2024-10-27T14:00:00+01:00,2024-10-27,5160.75,5347.825831571692,False,sarima_forecast,True,True,enhanced/post-hoc SARIMA robustness analysis,False,
Austria,SARIMA,2024-10-27,sarima_p2_d0_q1_P0_D1_Q0_s24,2,0,1,0,1,0,24,n,2024-10-26T08:00:00+02:00,2024-10-26T06:00:00+00:00,2024-10-26T06:00:00+00:00,2024-10-27 14:00:00+00:00,2024-10-27 15:00:00+00:00,2024-10-27T15:00:00+01:00,2024-10-27,5506.75,5734.103638973187,False,sarima_forecast,True,True,enhanced/post-hoc SARIMA robustness analysis,False,
Austria,SARIMA,2024-10-27,sarima_p2_d0_q1_P0_D1_Q0_s24,2,0,1,0,1,0,24,n,2024-10-26T08:00:00+02:00,2024-10-26T06:00:00+00:00,2024-10-26T06:00:00+00:00,2024-10-27 15:00:00+00:00,2024-10-27 16:00:00+00:00,2024-10-27T16:00:00+01:00,2024-10-27,6091.0,6211.199263684425,False,sarima_forecast,True,True,enhanced/post-hoc SARIMA robustness analysis,False,
Austria,SARIMA,2024-10-27,sarima_p2_d0_q1_P0_D1_Q0_s24,2,0,1,0,1,0,24,n,2024-10-26T08:00:00+02:00,2024-10-26T06:00:00+00:00,2024-10-26T06:00:00+00:00,2024-10-27 16:00:00+00:00,2024-10-27 17:00:00+00:00,2024-10-27T17:00:00+01:00,2024-10-27,6621.0,6457.079974652204,False,sarima_forecast,True,True,enhanced/post-hoc SARIMA robustness analysis,False,
Austria,SARIMA,2024-10-27,sarima_p2_d0_q1_P0_D1_Q0_s24,2,0,1,0,1,0,24,n,2024-10-26T08:00:00+02:00,2024-10-26T06:00:00+00:00,2024-10-26T06:00:00+00:00,2024-10-27 17:00:00+00:00,2024-10-27 18:00:00+00:00,2024-10-27T18:00:00+01:00,2024-10-27,6508.0,6205.1730569202255,False,sarima_forecast,True,True,enhanced/post-hoc SARIMA robustness analysis,False,
Austria,SARIMA,2024-10-27,sarima_p2_d0_q1_P0_D1_Q0_s24,2,0,1,0,1,0,24,n,2024-10-26T08:00:00+02:00,2024-10-26T06:00:00+00:00,2024-10-26T06:00:00+00:00,2024-10-27 18:00:00+00:00,2024-10-27 19:00:00+00:00,2024-10-27T19:00:00+01:00,2024-10-27,6280.75,5794.487559631129,False,sarima_forecast,True,True,enhanced/post-hoc SARIMA robustness analysis,False,
Austria,SARIMA,2024-10-27,sarima_p2_d0_q1_P0_D1_Q0_s24,2,0,1,0,1,0,24,n,2024-10-26T08:00:00+02:00,2024-10-26T06:00:00+00:00,2024-10-26T06:00:00+00:00,2024-10-27 19:00:00+00:00,2024-10-27 20:00:00+00:00,2024-10-27T20:00:00+01:00,2024-10-27,5943.5,5355.545447567358,False,sarima_forecast,True,True,enhanced/post-hoc SARIMA robustness analysis,False,
Austria,SARIMA,2024-10-27,sarima_p2_d0_q1_P0_D1_Q0_s24,2,0,1,0,1,0,24,n,2024-10-26T08:00:00+02:00,2024-10-26T06:00:00+00:00,2024-10-26T06:00:00+00:00,2024-10-27 20:00:00+00:00,2024-10-27 21:00:00+00:00,2024-10-27T21:00:00+01:00,2024-10-27,5612.75,5121.09582475291,False,sarima_forecast,True,True,enhanced/post-hoc SARIMA robustness analysis,False,
Austria,SARIMA,2024-10-27,sarima_p2_d0_q1_P0_D1_Q0_s24,2,0,1,0,1,0,24,n,2024-10-26T08:00:00+02:00,2024-10-26T06:00:00+00:00,2024-10-26T06:00:00+00:00,2024-10-27 21:00:00+00:00,2024-10-27 22:00:00+00:00,2024-10-27T22:00:00+01:00,2024-10-27,5552.75,4775.597472915225,False,sarima_forecast,True,True,enhanced/post-hoc SARIMA robustness analysis,False,
Austria,SARIMA,2024-10-27,sarima_p2_d0_q1_P0_D1_Q0_s24,2,0,1,0,1,0,24,n,2024-10-26T08:00:00+02:00,2024-10-26T06:00:00+00:00,2024-10-26T06:00:00+00:00,2024-10-27 22:00:00+00:00,2024-10-27 23:00:00+00:00,2024-10-27T23:00:00+01:00,2024-10-27,5238.75,4588.711442691243,False,sarima_forecast,True,True,enhanced/post-hoc SARIMA robustness analysis,False,
Austria,SARIMA,2024-10-27,sarima_p2_d0_q2_P0_D1_Q0_s24,2,0,2,0,1,0,24,n,2024-10-26T08:00:00+02:00,2024-10-26T06:00:00+00:00,2024-10-26T06:00:00+00:00,2024-10-26 06:00:00+00:00,2024-10-26 07:00:00+00:00,2024-10-26T08:00:00+02:00,2024-10-26,6100.5,5929.077675745166,True,sarima_forecast,False,False,enhanced/post-hoc SARIMA robustness analysis,False,
Austria,SARIMA,2024-10-27,sarima_p2_d0_q2_P0_D1_Q0_s24,2,0,2,0,1,0,24,n,2024-10-26T08:00:00+02:00,2024-10-26T06:00:00+00:00,2024-10-26T06:00:00+00:00,2024-10-26 07:00:00+00:00,2024-10-26 08:00:00+00:00,2024-10-26T09:00:00+02:00,2024-10-26,6312.0,5887.6005479878895,True,sarima_forecast,False,False,enhanced/post-hoc SARIMA robustness analysis,False,
Austria,SARIMA,2024-10-27,sarima_p2_d0_q2_P0_D1_Q0_s24,2,0,2,0,1,0,24,n,2024-10-26T08:00:00+02:00,2024-10-26T06:00:00+00:00,2024-10-26T06:00:00+00:00,2024-10-26 08:00:00+00:00,2024-10-26 09:00:00+00:00,2024-10-26T10:00:00+02:00,2024-10-26,6423.5,5815.712677750023,True,sarima_forecast,False,False,enhanced/post-hoc SARIMA robustness analysis,False,
Austria,SARIMA,2024-10-27,sarima_p2_d0_q2_P0_D1_Q0_s24,2,0,2,0,1,0,24,n,2024-10-26T08:00:00+02:00,2024-10-26T06:00:00+00:00,2024-10-26T06:00:00+00:00,2024-10-26 09:00:00+00:00,2024-10-26 10:00:00+00:00,2024-10-26T11:00:00+02:00,2024-10-26,6398.0,5710.5119862710835,True,sarima_forecast,False,False,enhanced/post-hoc SARIMA robustness analysis,False,
Austria,SARIMA,2024-10-27,sarima_p2_d0_q2_P0_D1_Q0_s24,2,0,2,0,1,0,24,n,2024-10-26T08:00:00+02:00,2024-10-26T06:00:00+00:00,2024-10-26T06:00:00+00:00,2024-10-26 10:00:00+00:00,2024-10-26 11:00:00+00:00,2024-10-26T12:00:00+02:00,2024-10-26,6163.25,5492.276702678408,True,sarima_forecast,False,False,enhanced/post-hoc SARIMA robustness analysis,False,
Austria,SARIMA,2024-10-27,sarima_p2_d0_q2_P0_D1_Q0_s24,2,0,2,0,1,0,24,n,2024-10-26T08:00:00+02:00,2024-10-26T06:00:00+00:00,2024-10-26T06:00:00+00:00,2024-10-26 11:00:00+00:00,2024-10-26 12:00:00+00:00,2024-10-26T13:00:00+02:00,2024-10-26,5911.5,5318.39546177487,True,sarima_forecast,False,False,enhanced/post-hoc SARIMA robustness analysis,False,
Austria,SARIMA,2024-10-27,sarima_p2_d0_q2_P0_D1_Q0_s24,2,0,2,0,1,0,24,n,2024-10-26T08:00:00+02:00,2024-10-26T06:00:00+00:00,2024-10-26T06:00:00+00:00,2024-10-26 12:00:00+00:00,2024-10-26 13:00:00+00:00,2024-10-26T14:00:00+02:00,2024-10-26,5751.5,5338.064203143718,True,sarima_forecast,False,False,enhanced/post-hoc SARIMA robustness analysis,False,
Austria,SARIMA,2024-10-27,sarima_p2_d0_q2_P0_D1_Q0_s24,2,0,2,0,1,0,24,n,2024-10-26T08:00:00+02:00,2024-10-26T06:00:00+00:00,2024-10-26T06:00:00+00:00,2024-10-26 13:00:00+00:00,2024-10-26 14:00:00+00:00,2024-10-26T15:00:00+02:00,2024-10-26,5805.5,5568.648152573929,True,sarima_forecast,False,False,enhanced/post-hoc SARIMA robustness analysis,False,
Austria,SARIMA,2024-10-27,sarima_p2_d0_q2_P0_D1_Q0_s24,2,0,2,0,1,0,24,n,2024-10-26T08:00:00+02:00,2024-10-26T06:00:00+00:00,2024-10-26T06:00:00+00:00,2024-10-26 14:00:00+00:00,2024-10-26 15:00:00+00:00,2024-10-26T16:00:00+02:00,2024-10-26,6044.75,5915.958162567304,True,sarima_forecast,False,False,enhanced/post-hoc SARIMA robustness analysis,False,
Austria,SARIMA,2024-10-27,sarima_p2_d0_q2_P0_D1_Q0_s24,2,0,2,0,1,0,24,n,2024-10-26T08:00:00+02:00,2024-10-26T06:00:00+00:00,2024-10-26T06:00:00+00:00,2024-10-26 15:00:00+00:00,2024-10-26 16:00:00+00:00,2024-10-26T17:00:00+02:00,2024-10-26,6498.5,6357.840637295703,True,sarima_forecast,False,False,enhanced/post-hoc SARIMA robustness analysis,False,
Austria,SARIMA,2024-10-27,sarima_p2_d0_q2_P0_D1_Q0_s24,2,0,2,0,1,0,24,n,2024-10-26T08:00:00+02:00,2024-10-26T06:00:00+00:00,2024-10-26T06:00:00+00:00,2024-10-26 16:00:00+00:00,2024-10-26 17:00:00+00:00,2024-10-26T18:00:00+02:00,2024-10-26,6756.5,6572.374890224578,True,sarima_forecast,False,False,enhanced/post-hoc SARIMA robustness analysis,False,
Austria,SARIMA,2024-10-27,sarima_p2_d0_q2_P0_D1_Q0_s24,2,0,2,0,1,0,24,n,2024-10-26T08:00:00+02:00,2024-10-26T06:00:00+00:00,2024-10-26T06:00:00+00:00,2024-10-26 17:00:00+00:00,2024-10-26 18:00:00+00:00,2024-10-26T19:00:00+02:00,2024-10-26,6545.25,6292.857202980866,True,sarima_forecast,False,False,enhanced/post-hoc SARIMA robustness analysis,False,
Austria,SARIMA,2024-10-27,sarima_p2_d0_q2_P0_D1_Q0_s24,2,0,2,0,1,0,24,n,2024-10-26T08:00:00+02:00,2024-10-26T06:00:00+00:00,2024-10-26T06:00:00+00:00,2024-10-26 18:00:00+00:00,2024-10-26 19:00:00+00:00,2024-10-26T20:00:00+02:00,2024-10-26,6141.75,5858.047324845774,True,sarima_forecast,False,False,enhanced/post-hoc SARIMA robustness analysis,False,
Austria,SARIMA,2024-10-27,sarima_p2_d0_q2_P0_D1_Q0_s24,2,0,2,0,1,0,24,n,2024-10-26T08:00:00+02:00,2024-10-26T06:00:00+00:00,2024-10-26T06:00:00+00:00,2024-10-26 19:00:00+00:00,2024-10-26 20:00:00+00:00,2024-10-26T21:00:00+02:00,2024-10-26,5754.25,5398.169098606544,True,sarima_forecast,False,False,enhanced/post-hoc SARIMA robustness analysis,False,
Austria,SARIMA,2024-10-27,sarima_p2_d0_q2_P0_D1_Q0_s24,2,0,2,0,1,0,24,n,2024-10-26T08:00:00+02:00,2024-10-26T06:00:00+00:00,2024-10-26T06:00:00+00:00,2024-10-26 20:00:00+00:00,2024-10-26 21:00:00+00:00,2024-10-26T22:00:00+02:00,2024-10-26,5666.25,5145.6623699472875,True,sarima_forecast,False,False,enhanced/post-hoc SARIMA robustness analysis,False,
Austria,SARIMA,2024-10-27,sarima_p2_d0_q2_P0_D1_Q0_s24,2,0,2,0,1,0,24,n,2024-10-26T08:00:00+02:00,2024-10-26T06:00:00+00:00,2024-10-26T06:00:00+00:00,2024-10-26 21:00:00+00:00,2024-10-26 22:00:00+00:00,2024-10-26T23:00:00+02:00,2024-10-26,5322.25,4784.685214425325,True,sarima_forecast,False,False,enhanced/post-hoc SARIMA robustness analysis,False,
Austria,SARIMA,2024-10-27,sarima_p2_d0_q2_P0_D1_Q0_s24,2,0,2,0,1,0,24,n,2024-10-26T08:00:00+02:00,2024-10-26T06:00:00+00:00,2024-10-26T06:00:00+00:00,2024-10-26 22:00:00+00:00,2024-10-26 23:00:00+00:00,2024-10-27T00:00:00+02:00,2024-10-27,5014.0,4584.616159460579,False,sarima_forecast,True,True,enhanced/post-hoc SARIMA robustness analysis,False,
Austria,SARIMA,2024-10-27,sarima_p2_d0_q2_P0_D1_Q0_s24,2,0,2,0,1,0,24,n,2024-10-26T08:00:00+02:00,2024-10-26T06:00:00+00:00,2024-10-26T06:00:00+00:00,2024-10-26 23:00:00+00:00,2024-10-27 00:00:00+00:00,2024-10-27T01:00:00+02:00,2024-10-27,4742.75,4360.3062989064265,False,sarima_forecast,True,True,enhanced/post-hoc SARIMA robustness analysis,False,
Austria,SARIMA,2024-10-27,sarima_p2_d0_q2_P0_D1_Q0_s24,2,0,2,0,1,0,24,n,2024-10-26T08:00:00+02:00,2024-10-26T06:00:00+00:00,2024-10-26T06:00:00+00:00,2024-10-27 00:00:00+00:00,2024-10-27 01:00:00+00:00,2024-10-27T02:00:00+02:00,2024-10-27,4648.0,4276.331272716028,False,sarima_forecast,True,True,enhanced/post-hoc SARIMA robustness analysis,False,
Austria,SARIMA,2024-10-27,sarima_p2_d0_q2_P0_D1_Q0_s24,2,0,2,0,1,0,24,n,2024-10-26T08:00:00+02:00,2024-10-26T06:00:00+00:00,2024-10-26T06:00:00+00:00,2024-10-27 01:00:00+00:00,2024-10-27 02:00:00+00:00,2024-10-27T02:00:00+01:00,2024-10-27,4507.5,4188.743109381257,False,sarima_forecast,True,True,enhanced/post-hoc SARIMA robustness analysis,False,
Austria,SARIMA,2024-10-27,sarima_p2_d0_q2_P0_D1_Q0_s24,2,0,2,0,1,0,24,n,2024-10-26T08:00:00+02:00,2024-10-26T06:00:00+00:00,2024-10-26T06:00:00+00:00,2024-10-27 02:00:00+00:00,2024-10-27 03:00:00+00:00,2024-10-27T03:00:00+01:00,2024-10-27,4483.25,4237.321936940854,False,sarima_forecast,True,True,enhanced/post-hoc SARIMA robustness analysis,False,
Austria,SARIMA,2024-10-27,sarima_p2_d0_q2_P0_D1_Q0_s24,2,0,2,0,1,0,24,n,2024-10-26T08:00:00+02:00,2024-10-26T06:00:00+00:00,2024-10-26T06:00:00+00:00,2024-10-27 03:00:00+00:00,2024-10-27 04:00:00+00:00,2024-10-27T04:00:00+01:00,2024-10-27,4545.0,4440.577570662754,False,sarima_forecast,True,True,enhanced/post-hoc SARIMA robustness analysis,False,
Austria,SARIMA,2024-10-27,sarima_p2_d0_q2_P0_D1_Q0_s24,2,0,2,0,1,0,24,n,2024-10-26T08:00:00+02:00,2024-10-26T06:00:00+00:00,2024-10-26T06:00:00+00:00,2024-10-27 04:00:00+00:00,2024-10-27 05:00:00+00:00,2024-10-27T05:00:00+01:00,2024-10-27,4804.0,4744.750985854091,False,sarima_forecast,True,True,enhanced/post-hoc SARIMA robustness analysis,False,
Austria,SARIMA,2024-10-27,sarima_p2_d0_q2_P0_D1_Q0_s24,2,0,2,0,1,0,24,n,2024-10-26T08:00:00+02:00,2024-10-26T06:00:00+00:00,2024-10-26T06:00:00+00:00,2024-10-27 05:00:00+00:00,2024-10-27 06:00:00+00:00,2024-10-27T06:00:00+01:00,2024-10-27,5224.0,5251.565683960797,False,sarima_forecast,True,True,enhanced/post-hoc SARIMA robustness analysis,False,
Austria,SARIMA,2024-10-27,sarima_p2_d0_q2_P0_D1_Q0_s24,2,0,2,0,1,0,24,n,2024-10-26T08:00:00+02:00,2024-10-26T06:00:00+00:00,2024-10-26T06:00:00+00:00,2024-10-27 06:00:00+00:00,2024-10-27 07:00:00+00:00,2024-10-27T07:00:00+01:00,2024-10-27,5568.5,5495.306635382242,False,sarima_forecast,True,True,enhanced/post-hoc SARIMA robustness analysis,False,
Austria,SARIMA,2024-10-27,sarima_p2_d0_q2_P0_D1_Q0_s24,2,0,2,0,1,0,24,n,2024-10-26T08:00:00+02:00,2024-10-26T06:00:00+00:00,2024-10-26T06:00:00+00:00,2024-10-27 07:00:00+00:00,2024-10-27 08:00:00+00:00,2024-10-27T08:00:00+01:00,2024-10-27,5791.0,5485.283623933841,False,sarima_forecast,True,True,enhanced/post-hoc SARIMA robustness analysis,False,
Austria,SARIMA,2024-10-27,sarima_p2_d0_q2_P0_D1_Q0_s24,2,0,2,0,1,0,24,n,2024-10-26T08:00:00+02:00,2024-10-26T06:00:00+00:00,2024-10-26T06:00:00+00:00,2024-10-27 08:00:00+00:00,2024-10-27 09:00:00+00:00,2024-10-27T09:00:00+01:00,2024-10-27,5897.25,5442.569032095887,False,sarima_forecast,True,True,enhanced/post-hoc SARIMA robustness analysis,False,
Austria,SARIMA,2024-10-27,sarima_p2_d0_q2_P0_D1_Q0_s24,2,0,2,0,1,0,24,n,2024-10-26T08:00:00+02:00,2024-10-26T06:00:00+00:00,2024-10-26T06:00:00+00:00,2024-10-27 09:00:00+00:00,2024-10-27 10:00:00+00:00,2024-10-27T10:00:00+01:00,2024-10-27,5924.75,5364.426171911155,False,sarima_forecast,True,True,enhanced/post-hoc SARIMA robustness analysis,False,
Austria,SARIMA,2024-10-27,sarima_p2_d0_q2_P0_D1_Q0_s24,2,0,2,0,1,0,24,n,2024-10-26T08:00:00+02:00,2024-10-26T06:00:00+00:00,2024-10-26T06:00:00+00:00,2024-10-27 10:00:00+00:00,2024-10-27 11:00:00+00:00,2024-10-27T11:00:00+01:00,2024-10-27,5808.5,5171.28667029773,False,sarima_forecast,True,True,enhanced/post-hoc SARIMA robustness analysis,False,
Austria,SARIMA,2024-10-27,sarima_p2_d0_q2_P0_D1_Q0_s24,2,0,2,0,1,0,24,n,2024-10-26T08:00:00+02:00,2024-10-26T06:00:00+00:00,2024-10-26T06:00:00+00:00,2024-10-27 11:00:00+00:00,2024-10-27 12:00:00+00:00,2024-10-27T12:00:00+01:00,2024-10-27,5412.5,5020.6814364880975,False,sarima_forecast,True,True,enhanced/post-hoc SARIMA robustness analysis,False,
Austria,SARIMA,2024-10-27,sarima_p2_d0_q2_P0_D1_Q0_s24,2,0,2,0,1,0,24,n,2024-10-26T08:00:00+02:00,2024-10-26T06:00:00+00:00,2024-10-26T06:00:00+00:00,2024-10-27 12:00:00+00:00,2024-10-27 13:00:00+00:00,2024-10-27T13:00:00+01:00,2024-10-27,5161.5,5061.938367724204,False,sarima_forecast,True,True,enhanced/post-hoc SARIMA robustness analysis,False,
Austria,SARIMA,2024-10-27,sarima_p2_d0_q2_P0_D1_Q0_s24,2,0,2,0,1,0,24,n,2024-10-26T08:00:00+02:00,2024-10-26T06:00:00+00:00,2024-10-26T06:00:00+00:00,2024-10-27 13:00:00+00:00,2024-10-27 14:00:00+00:00,2024-10-27T14:00:00+01:00,2024-10-27,5160.75,5312.545078784639,False,sarima_forecast,True,True,enhanced/post-hoc SARIMA robustness analysis,False,
Austria,SARIMA,2024-10-27,sarima_p2_d0_q2_P0_D1_Q0_s24,2,0,2,0,1,0,24,n,2024-10-26T08:00:00+02:00,2024-10-26T06:00:00+00:00,2024-10-26T06:00:00+00:00,2024-10-27 14:00:00+00:00,2024-10-27 15:00:00+00:00,2024-10-27T15:00:00+01:00,2024-10-27,5506.75,5678.425936346334,False,sarima_forecast,True,True,enhanced/post-hoc SARIMA robustness analysis,False,
Austria,SARIMA,2024-10-27,sarima_p2_d0_q2_P0_D1_Q0_s24,2,0,2,0,1,0,24,n,2024-10-26T08:00:00+02:00,2024-10-26T06:00:00+00:00,2024-10-26T06:00:00+00:00,2024-10-27 15:00:00+00:00,2024-10-27 16:00:00+00:00,2024-10-27T16:00:00+01:00,2024-10-27,6091.0,6137.532627482785,False,sarima_forecast,True,True,enhanced/post-hoc SARIMA robustness analysis,False,
Austria,SARIMA,2024-10-27,sarima_p2_d0_q2_P0_D1_Q0_s24,2,0,2,0,1,0,24,n,2024-10-26T08:00:00+02:00,2024-10-26T06:00:00+00:00,2024-10-26T06:00:00+00:00,2024-10-27 16:00:00+00:00,2024-10-27 17:00:00+00:00,2024-10-27T17:00:00+01:00,2024-10-27,6621.0,6368.0421141633715,False,sarima_forecast,True,True,enhanced/post-hoc SARIMA robustness analysis,False,
Austria,SARIMA,2024-10-27,sarima_p2_d0_q2_P0_D1_Q0_s24,2,0,2,0,1,0,24,n,2024-10-26T08:00:00+02:00,2024-10-26T06:00:00+00:00,2024-10-26T06:00:00+00:00,2024-10-27 17:00:00+00:00,2024-10-27 18:00:00+00:00,2024-10-27T18:00:00+01:00,2024-10-27,6508.0,6103.341245715697,False,sarima_forecast,True,True,enhanced/post-hoc SARIMA robustness analysis,False,
Austria,SARIMA,2024-10-27,sarima_p2_d0_q2_P0_D1_Q0_s24,2,0,2,0,1,0,24,n,2024-10-26T08:00:00+02:00,2024-10-26T06:00:00+00:00,2024-10-26T06:00:00+00:00,2024-10-27 18:00:00+00:00,2024-10-27 19:00:00+00:00,2024-10-27T19:00:00+01:00,2024-10-27,6280.75,5682.273771769911,False,sarima_forecast,True,True,enhanced/post-hoc SARIMA robustness analysis,False,
Austria,SARIMA,2024-10-27,sarima_p2_d0_q2_P0_D1_Q0_s24,2,0,2,0,1,0,24,n,2024-10-26T08:00:00+02:00,2024-10-26T06:00:00+00:00,2024-10-26T06:00:00+00:00,2024-10-27 19:00:00+00:00,2024-10-27 20:00:00+00:00,2024-10-27T20:00:00+01:00,2024-10-27,5943.5,5235.1414443300055,False,sarima_forecast,True,True,enhanced/post-hoc SARIMA robustness analysis,False,
Austria,SARIMA,2024-10-27,sarima_p2_d0_q2_P0_D1_Q0_s24,2,0,2,0,1,0,24,n,2024-10-26T08:00:00+02:00,2024-10-26T06:00:00+00:00,2024-10-26T06:00:00+00:00,2024-10-27 20:00:00+00:00,2024-10-27 21:00:00+00:00,2024-10-27T21:00:00+01:00,2024-10-27,5612.75,4994.456368852004,False,sarima_forecast,True,True,enhanced/post-hoc SARIMA robustness analysis,False,
Austria,SARIMA,2024-10-27,sarima_p2_d0_q2_P0_D1_Q0_s24,2,0,2,0,1,0,24,n,2024-10-26T08:00:00+02:00,2024-10-26T06:00:00+00:00,2024-10-26T06:00:00+00:00,2024-10-27 21:00:00+00:00,2024-10-27 22:00:00+00:00,2024-10-27T22:00:00+01:00,2024-10-27,5552.75,4644.443640879499,False,sarima_forecast,True,True,enhanced/post-hoc SARIMA robustness analysis,False,
Austria,SARIMA,2024-10-27,sarima_p2_d0_q2_P0_D1_Q0_s24,2,0,2,0,1,0,24,n,2024-10-26T08:00:00+02:00,2024-10-26T06:00:00+00:00,2024-10-26T06:00:00+00:00,2024-10-27 22:00:00+00:00,2024-10-27 23:00:00+00:00,2024-10-27T23:00:00+01:00,2024-10-27,5238.75,4454.54394798654,False,sarima_forecast,True,True,enhanced/post-hoc SARIMA robustness analysis,False,
