country,local_date,daily_mean_load_mwh,daily_mean_temperature_c,hourly_count,weekday,public_holiday_flag,holiday_name,day_type,matching_baseline_mwh,relative_load_deviation_pct
Germany,2020-01-01,45429.82,0.43,24,Wednesday,1,New Year's Day,weekday public holiday,66672.43,-31.86
Germany,2020-01-02,55482.28,0.14,24,Thursday,0,,ordinary weekday,63515.50,-12.65
Germany,2020-01-03,57660.14,4.69,24,Friday,0,,ordinary weekday,63222.34,-8.80
Germany,2020-01-04,54307.91,3.88,24,Saturday,0,,weekend,,
Germany,2020-01-05,49449.51,3.01,24,Sunday,0,,weekend,,
Germany,2020-01-06,57822.26,2.52,24,Monday,0,,ordinary weekday,62535.40,-7.54
Germany,2020-01-07,63964.22,3.29,24,Tuesday,0,,ordinary weekday,66152.88,-3.31
Germany,2020-01-08,65474.98,5.63,24,Wednesday,0,,ordinary weekday,66672.43,-1.80
Germany,2020-01-09,64262.18,8.42,24,Thursday,0,,ordinary weekday,63515.50,1.18
Germany,2020-01-10,63442.51,7.29,24,Friday,0,,ordinary weekday,63222.34,0.35
Germany,2020-01-11,55334.61,3.69,24,Saturday,0,,weekend,,
Germany,2020-01-12,53687.74,3.15,24,Sunday,0,,weekend,,
Germany,2020-01-13,64133.15,4.86,24,Monday,0,,ordinary weekday,62535.40,2.55
Germany,2020-01-14,67320.23,6.95,24,Tuesday,0,,ordinary weekday,66152.88,1.76
Germany,2020-01-15,66068.34,8.29,24,Wednesday,0,,ordinary weekday,66672.43,-0.91
Germany,2020-01-16,64382.59,6.44,24,Thursday,0,,ordinary weekday,63515.50,1.37
Germany,2020-01-17,64392.62,5.39,24,Friday,0,,ordinary weekday,63222.34,1.85
Germany,2020-01-18,55966.38,3.72,24,Saturday,0,,weekend,,
Germany,2020-01-19,51218.20,1.77,24,Sunday,0,,weekend,,
Germany,2020-01-20,63708.60,1.62,24,Monday,0,,ordinary weekday,62535.40,1.88
Germany,2020-01-21,66474.85,0.24,24,Tuesday,0,,ordinary weekday,66152.88,0.49
Germany,2020-01-22,66556.72,0.46,24,Wednesday,0,,ordinary weekday,66672.43,-0.17
Germany,2020-01-23,66161.74,1.05,24,Thursday,0,,ordinary weekday,63515.50,4.17
Germany,2020-01-24,65393.83,0.26,24,Friday,0,,ordinary weekday,63222.34,3.43
Germany,2020-01-25,56568.29,0.78,24,Saturday,0,,weekend,,
Germany,2020-01-26,51409.44,1.94,24,Sunday,0,,weekend,,
Germany,2020-01-27,64477.59,4.65,24,Monday,0,,ordinary weekday,62535.40,3.11
Germany,2020-01-28,66852.21,4.11,24,Tuesday,0,,ordinary weekday,66152.88,1.06
Germany,2020-01-29,68589.70,2.72,24,Wednesday,0,,ordinary weekday,66672.43,2.88
Germany,2020-01-30,67288.73,5.41,24,Thursday,0,,ordinary weekday,63515.50,5.94
Germany,2020-01-31,65222.59,9.65,24,Friday,0,,ordinary weekday,63222.34,3.16
Germany,2020-02-01,56770.00,9.78,24,Saturday,0,,weekend,,
Germany,2020-02-02,52173.08,8.04,24,Sunday,0,,weekend,,
Germany,2020-02-03,63821.94,8.17,24,Monday,0,,ordinary weekday,64016.80,-0.30
Germany,2020-02-04,66990.96,4.04,24,Tuesday,0,,ordinary weekday,66615.80,0.56
Germany,2020-02-05,65835.83,2.05,24,Wednesday,0,,ordinary weekday,66035.15,-0.30
Germany,2020-02-06,66060.83,2.09,24,Thursday,0,,ordinary weekday,65749.47,0.47
Germany,2020-02-07,63487.90,2.29,24,Friday,0,,ordinary weekday,63829.41,-0.54
Germany,2020-02-08,55578.28,3.44,24,Saturday,0,,weekend,,
Germany,2020-02-09,53485.65,7.22,24,Sunday,0,,weekend,,
Germany,2020-02-10,66161.92,7.19,24,Monday,0,,ordinary weekday,64016.80,3.35
Germany,2020-02-11,68558.79,3.74,24,Tuesday,0,,ordinary weekday,66615.80,2.92
Germany,2020-02-12,68195.12,2.89,24,Wednesday,0,,ordinary weekday,66035.15,3.27
Germany,2020-02-13,67266.33,3.18,24,Thursday,0,,ordinary weekday,65749.47,2.31
Germany,2020-02-14,63470.71,4.92,24,Friday,0,,ordinary weekday,63829.41,-0.56
Germany,2020-02-15,55521.47,6.32,24,Saturday,0,,weekend,,
Germany,2020-02-16,53492.06,11.23,24,Sunday,0,,weekend,,
Germany,2020-02-17,64587.05,8.26,24,Monday,0,,ordinary weekday,64016.80,0.89
Germany,2020-02-18,66675.78,5.63,24,Tuesday,0,,ordinary weekday,66615.80,0.09
Germany,2020-02-19,65933.43,4.33,24,Wednesday,0,,ordinary weekday,66035.15,-0.15
Germany,2020-02-20,65048.67,5.29,24,Thursday,0,,ordinary weekday,65749.47,-1.07
Germany,2020-02-21,64421.52,4.85,24,Friday,0,,ordinary weekday,63829.41,0.93
Germany,2020-02-22,56814.33,6.92,24,Saturday,0,,weekend,,
Germany,2020-02-23,52308.72,8.13,24,Sunday,0,,weekend,,
Germany,2020-02-24,61496.30,6.01,24,Monday,0,,ordinary weekday,64016.80,-3.94
Germany,2020-02-25,64237.68,7.01,24,Tuesday,0,,ordinary weekday,66615.80,-3.57
Germany,2020-02-26,64176.22,2.65,24,Wednesday,0,,ordinary weekday,66035.15,-2.82
Germany,2020-02-27,64622.03,1.82,24,Thursday,0,,ordinary weekday,65749.47,-1.71
Germany,2020-02-28,63937.51,2.56,24,Friday,0,,ordinary weekday,63829.41,0.17
Germany,2020-02-29,55928.29,7.24,24,Saturday,0,,weekend,,
Germany,2020-03-01,51221.36,6.57,24,Sunday,0,,weekend,,
Germany,2020-03-02,61602.99,5.82,24,Monday,0,,ordinary weekday,59031.88,4.36
Germany,2020-03-03,62646.09,4.18,24,Tuesday,0,,ordinary weekday,60817.10,3.01
Germany,2020-03-04,62944.75,3.14,24,Wednesday,0,,ordinary weekday,61453.80,2.43
Germany,2020-03-05,63226.83,4.22,24,Thursday,0,,ordinary weekday,60874.39,3.86
Germany,2020-03-06,63668.43,4.67,24,Friday,0,,ordinary weekday,60053.99,6.02
Germany,2020-03-07,53928.27,4.12,24,Saturday,0,,weekend,,
Germany,2020-03-08,51047.33,5.99,24,Sunday,0,,weekend,,
Germany,2020-03-09,60645.49,6.28,24,Monday,0,,ordinary weekday,59031.88,2.73
Germany,2020-03-10,66796.74,6.25,24,Tuesday,0,,ordinary weekday,60817.10,9.83
Germany,2020-03-11,64814.31,10.30,24,Wednesday,0,,ordinary weekday,61453.80,5.47
Germany,2020-03-12,65298.42,9.35,24,Thursday,0,,ordinary weekday,60874.39,7.27
Germany,2020-03-13,64131.70,5.97,24,Friday,0,,ordinary weekday,60053.99,6.79
Germany,2020-03-14,52369.58,4.40,24,Saturday,0,,weekend,,
Germany,2020-03-15,50698.69,7.06,24,Sunday,0,,weekend,,
Germany,2020-03-16,59097.06,8.81,24,Monday,0,,ordinary weekday,59031.88,0.11
Germany,2020-03-17,60306.92,8.92,24,Tuesday,0,,ordinary weekday,60817.10,-0.84
Germany,2020-03-18,60301.08,9.68,24,Wednesday,0,,ordinary weekday,61453.80,-1.88
Germany,2020-03-19,57930.09,9.96,24,Thursday,0,,ordinary weekday,60874.39,-4.84
Germany,2020-03-20,57061.07,8.24,24,Friday,0,,ordinary weekday,60053.99,-4.98
Germany,2020-03-21,52283.98,4.21,24,Saturday,0,,weekend,,
Germany,2020-03-22,48967.22,2.20,24,Sunday,0,,weekend,,
Germany,2020-03-23,57705.08,1.20,24,Monday,0,,ordinary weekday,59031.88,-2.25
Germany,2020-03-24,57997.05,1.66,24,Tuesday,0,,ordinary weekday,60817.10,-4.64
Germany,2020-03-25,57755.07,2.26,24,Wednesday,0,,ordinary weekday,61453.80,-6.02
Germany,2020-03-26,57042.22,3.62,24,Thursday,0,,ordinary weekday,60874.39,-6.30
Germany,2020-03-27,55354.76,7.13,24,Friday,0,,ordinary weekday,60053.99,-7.83
Germany,2020-03-28,48695.54,7.67,24,Saturday,0,,weekend,,
Germany,2020-03-29,49168.88,3.67,23,Sunday,0,,weekend,,
Germany,2020-03-30,56108.76,1.43,24,Monday,0,,ordinary weekday,59031.88,-4.95
Germany,2020-03-31,56338.72,1.74,24,Tuesday,0,,ordinary weekday,60817.10,-7.36
Germany,2020-04-01,58013.77,2.54,24,Wednesday,0,,ordinary weekday,54653.11,6.15
Germany,2020-04-02,57738.70,4.79,24,Thursday,0,,ordinary weekday,54112.40,6.70
Germany,2020-04-03,57161.73,5.77,24,Friday,0,,ordinary weekday,53761.86,6.32
Germany,2020-04-04,47603.06,6.49,24,Saturday,0,,weekend,,
Germany,2020-04-05,45662.71,9.13,24,Sunday,0,,weekend,,
Germany,2020-04-06,53739.62,12.01,24,Monday,0,,ordinary weekday,53083.90,1.24
Germany,2020-04-07,53643.71,12.66,24,Tuesday,0,,ordinary weekday,53685.39,-0.08
Germany,2020-04-08,52846.30,13.66,24,Wednesday,0,,ordinary weekday,54653.11,-3.31
Germany,2020-04-09,52369.47,13.06,24,Thursday,0,,ordinary weekday,54112.40,-3.22
Germany,2020-04-10,43131.43,11.39,24,Friday,1,Good Friday,weekday public holiday,53761.86,-19.77
Germany,2020-04-11,43354.91,11.20,24,Saturday,0,,weekend,,
Germany,2020-04-12,41234.09,13.60,24,Sunday,0,,weekend,,
Germany,2020-04-13,43507.68,9.07,24,Monday,1,Easter Monday,weekday public holiday,53083.90,-18.04
Germany,2020-04-14,52106.57,4.98,24,Tuesday,0,,ordinary weekday,53685.39,-2.94
Germany,2020-04-15,53611.90,7.78,24,Wednesday,0,,ordinary weekday,54653.11,-1.91
Germany,2020-04-16,53449.03,11.73,24,Thursday,0,,ordinary weekday,54112.40,-1.23
Germany,2020-04-17,51655.21,12.61,24,Friday,0,,ordinary weekday,53761.86,-3.92
Germany,2020-04-18,45470.49,13.13,24,Saturday,0,,weekend,,
Germany,2020-04-19,43783.68,11.62,24,Sunday,0,,weekend,,
Germany,2020-04-20,53751.58,10.82,24,Monday,0,,ordinary weekday,53083.90,1.26
Germany,2020-04-21,55650.07,11.91,24,Tuesday,0,,ordinary weekday,53685.39,3.66
Germany,2020-04-22,54742.91,12.94,24,Wednesday,0,,ordinary weekday,54653.11,0.16
Germany,2020-04-23,53367.35,13.62,24,Thursday,0,,ordinary weekday,54112.40,-1.38
Germany,2020-04-24,52468.64,13.73,24,Friday,0,,ordinary weekday,53761.86,-2.41
Germany,2020-04-25,46145.00,11.13,24,Saturday,0,,weekend,,
Germany,2020-04-26,42720.98,11.34,24,Sunday,0,,weekend,,
Germany,2020-04-27,51760.49,13.56,24,Monday,0,,ordinary weekday,53083.90,-2.49
Germany,2020-04-28,53341.20,13.09,24,Tuesday,0,,ordinary weekday,53685.39,-0.64
Germany,2020-04-29,54050.68,12.28,24,Wednesday,0,,ordinary weekday,54653.11,-1.10
Germany,2020-04-30,53637.47,11.91,24,Thursday,0,,ordinary weekday,54112.40,-0.88
Germany,2020-05-01,43826.72,10.95,24,Friday,1,Labour Day,weekday public holiday,51478.04,-14.86
Germany,2020-05-02,44663.67,9.62,24,Saturday,0,,weekend,,
Germany,2020-05-03,42446.24,10.19,24,Sunday,0,,weekend,,
Germany,2020-05-04,52849.51,10.94,24,Monday,0,,ordinary weekday,54012.67,-2.15
Germany,2020-05-05,54614.61,9.22,24,Tuesday,0,,ordinary weekday,54532.82,0.15
Germany,2020-05-06,54472.93,9.61,24,Wednesday,0,,ordinary weekday,53816.02,1.22
Germany,2020-05-07,53770.50,11.77,24,Thursday,0,,ordinary weekday,54153.06,-0.71
Germany,2020-05-08,51857.77,14.66,24,Friday,0,,ordinary weekday,51478.04,0.74
Germany,2020-05-09,44728.61,16.01,24,Saturday,0,,weekend,,
Germany,2020-05-10,42386.56,15.87,24,Sunday,0,,weekend,,
Germany,2020-05-11,55827.41,8.65,24,Monday,0,,ordinary weekday,54012.67,3.36
Germany,2020-05-12,55649.46,6.94,24,Tuesday,0,,ordinary weekday,54532.82,2.05
Germany,2020-05-13,54675.38,8.47,24,Wednesday,0,,ordinary weekday,53816.02,1.60
Germany,2020-05-14,54709.71,8.98,24,Thursday,0,,ordinary weekday,54153.06,1.03
Germany,2020-05-15,54338.58,9.78,24,Friday,0,,ordinary weekday,51478.04,5.56
Germany,2020-05-16,46978.54,11.13,24,Saturday,0,,weekend,,
Germany,2020-05-17,43763.66,12.41,24,Sunday,0,,weekend,,
Germany,2020-05-18,53466.57,14.77,24,Monday,0,,ordinary weekday,54012.67,-1.01
Germany,2020-05-19,54537.26,15.68,24,Tuesday,0,,ordinary weekday,54532.82,0.01
Germany,2020-05-20,52070.38,15.39,24,Wednesday,0,,ordinary weekday,53816.02,-3.24
Germany,2020-05-21,42484.78,16.50,24,Thursday,1,Ascension Day,weekday public holiday,54153.06,-21.55
Germany,2020-05-22,48248.67,18.12,24,Friday,0,,ordinary weekday,51478.04,-6.27
Germany,2020-05-23,46242.00,14.47,24,Saturday,0,,weekend,,
Germany,2020-05-24,43977.82,12.65,24,Sunday,0,,weekend,,
Germany,2020-05-25,53907.21,13.32,24,Monday,0,,ordinary weekday,54012.67,-0.20
Germany,2020-05-26,53329.93,13.52,24,Tuesday,0,,ordinary weekday,54532.82,-2.21
Germany,2020-05-27,54045.39,15.23,24,Wednesday,0,,ordinary weekday,53816.02,0.43
Germany,2020-05-28,53978.96,14.44,24,Thursday,0,,ordinary weekday,54153.06,-0.32
Germany,2020-05-29,51467.12,14.21,24,Friday,0,,ordinary weekday,51478.04,-0.02
Germany,2020-05-30,44857.23,14.56,24,Saturday,0,,weekend,,
Germany,2020-05-31,41572.91,14.59,24,Sunday,0,,weekend,,
Germany,2020-06-01,40996.44,16.91,24,Monday,1,Whit Monday,weekday public holiday,52900.33,-22.50
Germany,2020-06-02,52268.00,18.94,24,Tuesday,0,,ordinary weekday,54155.04,-3.48
Germany,2020-06-03,53951.67,19.16,24,Wednesday,0,,ordinary weekday,54008.23,-0.10
Germany,2020-06-04,55514.68,15.38,24,Thursday,0,,ordinary weekday,53113.08,4.52
Germany,2020-06-05,54564.32,12.25,24,Friday,0,,ordinary weekday,52487.30,3.96
Germany,2020-06-06,47725.01,12.71,24,Saturday,0,,weekend,,
Germany,2020-06-07,43218.39,13.36,24,Sunday,0,,weekend,,
Germany,2020-06-08,52407.72,13.83,24,Monday,0,,ordinary weekday,52900.33,-0.93
Germany,2020-06-09,53929.88,14.10,24,Tuesday,0,,ordinary weekday,54155.04,-0.42
Germany,2020-06-10,53773.52,14.78,24,Wednesday,0,,ordinary weekday,54008.23,-0.43
Germany,2020-06-11,47431.24,15.45,24,Thursday,0,,ordinary weekday,53113.08,-10.70
Germany,2020-06-12,49641.52,18.94,24,Friday,0,,ordinary weekday,52487.30,-5.42
Germany,2020-06-13,45880.75,20.35,24,Saturday,0,,weekend,,
Germany,2020-06-14,43571.33,17.90,24,Sunday,0,,weekend,,
Germany,2020-06-15,52696.52,17.20,24,Monday,0,,ordinary weekday,52900.33,-0.39
Germany,2020-06-16,54156.03,17.48,24,Tuesday,0,,ordinary weekday,54155.04,0.00
Germany,2020-06-17,54253.05,18.13,24,Wednesday,0,,ordinary weekday,54008.23,0.45
Germany,2020-06-18,54532.03,17.52,24,Thursday,0,,ordinary weekday,53113.08,2.67
Germany,2020-06-19,52516.71,16.66,24,Friday,0,,ordinary weekday,52487.30,0.06
Germany,2020-06-20,45713.53,16.68,24,Saturday,0,,weekend,,
Germany,2020-06-21,42071.31,17.79,24,Sunday,0,,weekend,,
Germany,2020-06-22,53211.25,18.27,24,Monday,0,,ordinary weekday,52900.33,0.59
Germany,2020-06-23,54370.40,18.90,24,Tuesday,0,,ordinary weekday,54155.04,0.40
Germany,2020-06-24,54054.68,19.72,24,Wednesday,0,,ordinary weekday,54008.23,0.09
Germany,2020-06-25,54974.35,20.37,24,Thursday,0,,ordinary weekday,53113.08,3.50
Germany,2020-06-26,53226.64,21.43,24,Friday,0,,ordinary weekday,52487.30,1.41
Germany,2020-06-27,45804.40,22.04,24,Saturday,0,,weekend,,
Germany,2020-06-28,42677.38,19.95,24,Sunday,0,,weekend,,
Germany,2020-06-29,53285.83,17.61,24,Monday,0,,ordinary weekday,52900.33,0.73
Germany,2020-06-30,56050.90,17.44,24,Tuesday,0,,ordinary weekday,54155.04,3.50
Germany,2020-07-01,55986.31,19.20,24,Wednesday,0,,ordinary weekday,55177.00,1.47
Germany,2020-07-02,55262.23,18.60,24,Thursday,0,,ordinary weekday,54738.79,0.96
Germany,2020-07-03,53061.97,17.33,24,Friday,0,,ordinary weekday,53154.15,-0.17
Germany,2020-07-04,47779.48,18.56,24,Saturday,0,,weekend,,
Germany,2020-07-05,45478.81,20.13,24,Sunday,0,,weekend,,
Germany,2020-07-06,56234.89,16.52,24,Monday,0,,ordinary weekday,53217.71,5.67
Germany,2020-07-07,56210.40,15.12,24,Tuesday,0,,ordinary weekday,55033.39,2.14
Germany,2020-07-08,55920.65,15.20,24,Wednesday,0,,ordinary weekday,55177.00,1.35
Germany,2020-07-09,55924.38,18.02,24,Thursday,0,,ordinary weekday,54738.79,2.17
Germany,2020-07-10,54395.21,18.29,24,Friday,0,,ordinary weekday,53154.15,2.33
Germany,2020-07-11,46129.68,15.43,24,Saturday,0,,weekend,,
Germany,2020-07-12,41972.78,15.70,24,Sunday,0,,weekend,,
Germany,2020-07-13,52264.26,17.62,24,Monday,0,,ordinary weekday,53217.71,-1.79
Germany,2020-07-14,54450.12,18.54,24,Tuesday,0,,ordinary weekday,55033.39,-1.06
Germany,2020-07-15,55052.34,16.36,24,Wednesday,0,,ordinary weekday,55177.00,-0.23
Germany,2020-07-16,55213.70,15.03,24,Thursday,0,,ordinary weekday,54738.79,0.87
Germany,2020-07-17,52836.10,16.58,24,Friday,0,,ordinary weekday,53154.15,-0.60
Germany,2020-07-18,44362.00,18.84,24,Saturday,0,,weekend,,
Germany,2020-07-19,41075.70,20.87,24,Sunday,0,,weekend,,
Germany,2020-07-20,52451.16,19.20,24,Monday,0,,ordinary weekday,53217.71,-1.44
Germany,2020-07-21,53814.66,17.77,24,Tuesday,0,,ordinary weekday,55033.39,-2.21
Germany,2020-07-22,54157.96,17.44,24,Wednesday,0,,ordinary weekday,55177.00,-1.85
Germany,2020-07-23,53494.15,18.56,24,Thursday,0,,ordinary weekday,54738.79,-2.27
Germany,2020-07-24,53118.54,19.59,24,Friday,0,,ordinary weekday,53154.15,-0.07
Germany,2020-07-25,44581.27,19.68,24,Saturday,0,,weekend,,
Germany,2020-07-26,42154.34,19.29,24,Sunday,0,,weekend,,
Germany,2020-07-27,51920.54,20.19,24,Monday,0,,ordinary weekday,53217.71,-2.44
Germany,2020-07-28,55658.38,21.25,24,Tuesday,0,,ordinary weekday,55033.39,1.14
Germany,2020-07-29,54767.76,18.62,24,Wednesday,0,,ordinary weekday,55177.00,-0.74
Germany,2020-07-30,53799.51,19.44,24,Thursday,0,,ordinary weekday,54738.79,-1.72
Germany,2020-07-31,52358.95,22.41,24,Friday,0,,ordinary weekday,53154.15,-1.50
Germany,2020-08-01,45936.48,23.86,24,Saturday,0,,weekend,,
Germany,2020-08-02,42129.11,20.65,24,Sunday,0,,weekend,,
Germany,2020-08-03,51568.69,17.75,24,Monday,0,,ordinary weekday,53930.36,-4.38
Germany,2020-08-04,52490.40,16.90,24,Tuesday,0,,ordinary weekday,55340.43,-5.15
Germany,2020-08-05,53350.50,19.27,24,Wednesday,0,,ordinary weekday,56146.68,-4.98
Germany,2020-08-06,53377.57,21.99,24,Thursday,0,,ordinary weekday,55710.40,-4.19
Germany,2020-08-07,52892.80,24.14,24,Friday,0,,ordinary weekday,54628.00,-3.18
Germany,2020-08-08,46103.53,26.04,24,Saturday,0,,weekend,,
Germany,2020-08-09,43152.17,26.21,24,Sunday,0,,weekend,,
Germany,2020-08-10,54980.28,25.24,24,Monday,0,,ordinary weekday,53930.36,1.95
Germany,2020-08-11,57636.66,25.60,24,Tuesday,0,,ordinary weekday,55340.43,4.15
Germany,2020-08-12,57063.43,25.42,24,Wednesday,0,,ordinary weekday,56146.68,1.63
Germany,2020-08-13,56766.21,24.10,24,Thursday,0,,ordinary weekday,55710.40,1.90
Germany,2020-08-14,54658.93,22.10,24,Friday,0,,ordinary weekday,54628.00,0.06
Germany,2020-08-15,45653.25,21.84,24,Saturday,0,,weekend,,
Germany,2020-08-16,43205.17,22.81,24,Sunday,0,,weekend,,
Germany,2020-08-17,54540.52,21.01,24,Monday,0,,ordinary weekday,53930.36,1.13
Germany,2020-08-18,55314.79,19.68,24,Tuesday,0,,ordinary weekday,55340.43,-0.05
Germany,2020-08-19,55044.73,19.97,24,Wednesday,0,,ordinary weekday,56146.68,-1.96
Germany,2020-08-20,56155.80,22.88,24,Thursday,0,,ordinary weekday,55710.40,0.80
Germany,2020-08-21,56269.97,24.79,24,Friday,0,,ordinary weekday,54628.00,3.01
Germany,2020-08-22,47761.32,21.45,24,Saturday,0,,weekend,,
Germany,2020-08-23,44264.79,18.89,24,Sunday,0,,weekend,,
Germany,2020-08-24,54049.43,17.21,24,Monday,0,,ordinary weekday,53930.36,0.22
Germany,2020-08-25,55919.89,17.64,24,Tuesday,0,,ordinary weekday,55340.43,1.05
Germany,2020-08-26,59128.05,18.48,24,Wednesday,0,,ordinary weekday,56146.68,5.31
Germany,2020-08-27,56542.03,17.10,24,Thursday,0,,ordinary weekday,55710.40,1.49
Germany,2020-08-28,54690.29,17.61,24,Friday,0,,ordinary weekday,54628.00,0.11
Germany,2020-08-29,46270.40,16.54,24,Saturday,0,,weekend,,
Germany,2020-08-30,42659.45,15.59,24,Sunday,0,,weekend,,
Germany,2020-08-31,54512.86,15.22,24,Monday,0,,ordinary weekday,53930.36,1.08
Germany,2020-09-01,55939.86,14.64,24,Tuesday,0,,ordinary weekday,57035.96,-1.92
Germany,2020-09-02,56187.54,14.63,24,Wednesday,0,,ordinary weekday,57438.39,-2.18
Germany,2020-09-03,56704.51,15.12,24,Thursday,0,,ordinary weekday,57291.33,-1.02
Germany,2020-09-04,55481.15,18.98,24,Friday,0,,ordinary weekday,55420.50,0.11
Germany,2020-09-05,47065.44,16.82,24,Saturday,0,,weekend,,
Germany,2020-09-06,43564.17,14.60,24,Sunday,0,,weekend,,
Germany,2020-09-07,54573.08,14.62,24,Monday,0,,ordinary weekday,55127.76,-1.01
Germany,2020-09-08,57797.64,16.34,24,Tuesday,0,,ordinary weekday,57035.96,1.34
Germany,2020-09-09,58173.40,18.26,24,Wednesday,0,,ordinary weekday,57438.39,1.28
Germany,2020-09-10,57219.34,16.25,24,Thursday,0,,ordinary weekday,57291.33,-0.13
Germany,2020-09-11,54790.60,16.57,24,Friday,0,,ordinary weekday,55420.50,-1.14
Germany,2020-09-12,48139.58,17.72,24,Saturday,0,,weekend,,
Germany,2020-09-13,44078.66,18.45,24,Sunday,0,,weekend,,
Germany,2020-09-14,55033.86,20.26,24,Monday,0,,ordinary weekday,55127.76,-0.17
Germany,2020-09-15,57105.45,21.80,24,Tuesday,0,,ordinary weekday,57035.96,0.12
Germany,2020-09-16,58160.50,20.75,24,Wednesday,0,,ordinary weekday,57438.39,1.26
Germany,2020-09-17,57514.05,16.22,24,Thursday,0,,ordinary weekday,57291.33,0.39
Germany,2020-09-18,55163.91,15.04,24,Friday,0,,ordinary weekday,55420.50,-0.46
Germany,2020-09-19,46893.59,15.60,24,Saturday,0,,weekend,,
Germany,2020-09-20,43095.51,15.95,24,Sunday,0,,weekend,,
Germany,2020-09-21,54617.88,16.61,24,Monday,0,,ordinary weekday,55127.76,-0.92
Germany,2020-09-22,56531.25,17.62,24,Tuesday,0,,ordinary weekday,57035.96,-0.88
Germany,2020-09-23,57072.19,17.64,24,Wednesday,0,,ordinary weekday,57438.39,-0.64
Germany,2020-09-24,57727.40,16.71,24,Thursday,0,,ordinary weekday,57291.33,0.76
Germany,2020-09-25,56246.35,12.51,24,Friday,0,,ordinary weekday,55420.50,1.49
Germany,2020-09-26,49496.18,9.46,24,Saturday,0,,weekend,,
Germany,2020-09-27,45412.89,10.56,24,Sunday,0,,weekend,,
Germany,2020-09-28,56286.23,11.03,24,Monday,0,,ordinary weekday,55127.76,2.10
Germany,2020-09-29,57805.62,11.89,24,Tuesday,0,,ordinary weekday,57035.96,1.35
Germany,2020-09-30,57598.33,13.62,24,Wednesday,0,,ordinary weekday,57438.39,0.28
Germany,2020-10-01,58768.88,13.36,24,Thursday,0,,ordinary weekday,61745.00,-4.82
Germany,2020-10-02,58256.49,14.02,24,Friday,0,,ordinary weekday,59310.83,-1.78
Germany,2020-10-03,48777.18,13.98,24,Saturday,1,German Unity Day,weekend public holiday,,
Germany,2020-10-04,46781.49,12.08,24,Sunday,0,,weekend,,
Germany,2020-10-05,58871.24,11.39,24,Monday,0,,ordinary weekday,58890.22,-0.03
Germany,2020-10-06,61708.78,11.61,24,Tuesday,0,,ordinary weekday,61218.29,0.80
Germany,2020-10-07,60827.86,11.27,24,Wednesday,0,,ordinary weekday,62106.76,-2.06
Germany,2020-10-08,62322.65,12.16,24,Thursday,0,,ordinary weekday,61745.00,0.94
Germany,2020-10-09,58701.78,12.97,24,Friday,0,,ordinary weekday,59310.83,-1.03
Germany,2020-10-10,50957.95,10.19,24,Saturday,0,,weekend,,
Germany,2020-10-11,47508.11,8.04,24,Sunday,0,,weekend,,
Germany,2020-10-12,58147.02,7.97,24,Monday,0,,ordinary weekday,58890.22,-1.26
Germany,2020-10-13,59386.98,7.47,24,Tuesday,0,,ordinary weekday,61218.29,-2.99
Germany,2020-10-14,62741.03,7.43,24,Wednesday,0,,ordinary weekday,62106.76,1.02
Germany,2020-10-15,62482.52,8.00,24,Thursday,0,,ordinary weekday,61745.00,1.19
Germany,2020-10-16,59161.97,8.29,24,Friday,0,,ordinary weekday,59310.83,-0.25
Germany,2020-10-17,50043.93,7.69,24,Saturday,0,,weekend,,
Germany,2020-10-18,48511.89,7.71,24,Sunday,0,,weekend,,
Germany,2020-10-19,58800.20,8.15,24,Monday,0,,ordinary weekday,58890.22,-0.15
Germany,2020-10-20,61376.00,9.46,24,Tuesday,0,,ordinary weekday,61218.29,0.26
Germany,2020-10-21,61902.73,13.22,24,Wednesday,0,,ordinary weekday,62106.76,-0.33
Germany,2020-10-22,61966.59,15.03,24,Thursday,0,,ordinary weekday,61745.00,0.36
Germany,2020-10-23,59670.43,13.29,24,Friday,0,,ordinary weekday,59310.83,0.61
Germany,2020-10-24,52043.61,12.59,24,Saturday,0,,weekend,,
Germany,2020-10-25,49023.08,12.15,25,Sunday,0,,weekend,,
Germany,2020-10-26,59742.44,9.51,24,Monday,0,,ordinary weekday,58890.22,1.45
Germany,2020-10-27,62401.41,8.66,24,Tuesday,0,,ordinary weekday,61218.29,1.93
Germany,2020-10-28,62955.40,10.24,24,Wednesday,0,,ordinary weekday,62106.76,1.37
Germany,2020-10-29,63184.38,9.66,24,Thursday,0,,ordinary weekday,61745.00,2.33
Germany,2020-10-30,60763.47,11.89,24,Friday,0,,ordinary weekday,59310.83,2.45
Germany,2020-10-31,49521.08,12.16,24,Saturday,0,,weekend,,
Germany,2020-11-01,49046.04,12.91,24,Sunday,0,,weekend,,
Germany,2020-11-02,61568.36,16.23,24,Monday,0,,ordinary weekday,62251.37,-1.10
Germany,2020-11-03,61629.50,10.96,24,Tuesday,0,,ordinary weekday,63032.66,-2.23
Germany,2020-11-04,62485.76,7.54,24,Wednesday,0,,ordinary weekday,62910.90,-0.68
Germany,2020-11-05,62694.92,6.09,24,Thursday,0,,ordinary weekday,63660.68,-1.52
Germany,2020-11-06,60348.80,6.37,24,Friday,0,,ordinary weekday,61444.78,-1.78
Germany,2020-11-07,51265.10,6.95,24,Saturday,0,,weekend,,
Germany,2020-11-08,47598.96,7.55,24,Sunday,0,,weekend,,
Germany,2020-11-09,59459.68,7.43,24,Monday,0,,ordinary weekday,62251.37,-4.48
Germany,2020-11-10,61467.35,6.74,24,Tuesday,0,,ordinary weekday,63032.66,-2.48
Germany,2020-11-11,61745.33,7.75,24,Wednesday,0,,ordinary weekday,62910.90,-1.85
Germany,2020-11-12,62351.44,8.45,24,Thursday,0,,ordinary weekday,63660.68,-2.06
Germany,2020-11-13,60585.39,8.83,24,Friday,0,,ordinary weekday,61444.78,-1.40
Germany,2020-11-14,51466.74,10.77,24,Saturday,0,,weekend,,
Germany,2020-11-15,50012.39,10.93,24,Sunday,0,,weekend,,
Germany,2020-11-16,61978.34,9.51,24,Monday,0,,ordinary weekday,62251.37,-0.44
Germany,2020-11-17,63754.59,9.28,24,Tuesday,0,,ordinary weekday,63032.66,1.15
Germany,2020-11-18,62624.51,9.34,24,Wednesday,0,,ordinary weekday,62910.90,-0.46
Germany,2020-11-19,64946.11,8.38,24,Thursday,0,,ordinary weekday,63660.68,2.02
Germany,2020-11-20,62361.46,3.61,24,Friday,0,,ordinary weekday,61444.78,1.49
Germany,2020-11-21,55772.45,3.04,24,Saturday,0,,weekend,,
Germany,2020-11-22,52417.76,5.53,24,Sunday,0,,weekend,,
Germany,2020-11-23,63525.02,5.35,24,Monday,0,,ordinary weekday,62251.37,2.05
Germany,2020-11-24,65279.18,4.55,24,Tuesday,0,,ordinary weekday,63032.66,3.56
Germany,2020-11-25,64788.00,3.77,24,Wednesday,0,,ordinary weekday,62910.90,2.98
Germany,2020-11-26,64650.24,4.42,24,Thursday,0,,ordinary weekday,63660.68,1.55
Germany,2020-11-27,62483.48,3.57,24,Friday,0,,ordinary weekday,61444.78,1.69
Germany,2020-11-28,55037.03,1.99,24,Saturday,0,,weekend,,
Germany,2020-11-29,51813.19,0.71,24,Sunday,0,,weekend,,
Germany,2020-11-30,64725.44,-0.04,24,Monday,0,,ordinary weekday,62251.37,3.97
Germany,2020-12-01,65359.59,2.19,24,Tuesday,0,,ordinary weekday,60727.34,7.63
Germany,2020-12-02,65356.65,0.90,24,Wednesday,0,,ordinary weekday,59895.73,9.12
Germany,2020-12-03,68156.94,0.80,24,Thursday,0,,ordinary weekday,58876.19,15.76
Germany,2020-12-04,66189.47,2.21,24,Friday,0,,ordinary weekday,64235.15,3.04
Germany,2020-12-05,55419.07,1.84,24,Saturday,0,,weekend,,
Germany,2020-12-06,52308.95,2.63,24,Sunday,0,,weekend,,
Germany,2020-12-07,65318.22,3.12,24,Monday,0,,ordinary weekday,59346.58,10.06
Germany,2020-12-08,64531.69,1.73,24,Tuesday,0,,ordinary weekday,60727.34,6.26
Germany,2020-12-09,65632.60,1.26,24,Wednesday,0,,ordinary weekday,59895.73,9.58
Germany,2020-12-10,65592.52,0.37,24,Thursday,0,,ordinary weekday,58876.19,11.41
Germany,2020-12-11,65772.85,1.05,24,Friday,0,,ordinary weekday,64235.15,2.39
Germany,2020-12-12,55929.84,3.29,24,Saturday,0,,weekend,,
Germany,2020-12-13,51009.08,4.41,24,Sunday,0,,weekend,,
Germany,2020-12-14,63235.98,4.84,24,Monday,0,,ordinary weekday,59346.58,6.55
Germany,2020-12-15,64228.42,5.95,24,Tuesday,0,,ordinary weekday,60727.34,5.77
Germany,2020-12-16,62755.52,6.24,24,Wednesday,0,,ordinary weekday,59895.73,4.77
Germany,2020-12-17,63229.73,6.11,24,Thursday,0,,ordinary weekday,58876.19,7.39
Germany,2020-12-18,60743.11,5.08,24,Friday,0,,ordinary weekday,64235.15,-5.44
Germany,2020-12-19,53623.67,5.11,24,Saturday,0,,weekend,,
Germany,2020-12-20,49735.51,5.33,24,Sunday,0,,weekend,,
Germany,2020-12-21,57065.72,5.39,24,Monday,0,,ordinary weekday,59346.58,-3.84
Germany,2020-12-22,57717.77,10.00,24,Tuesday,0,,ordinary weekday,60727.34,-4.96
Germany,2020-12-23,53106.32,9.15,24,Wednesday,0,,ordinary weekday,59895.73,-11.34
Germany,2020-12-24,48383.68,5.52,24,Thursday,0,,ordinary weekday,58876.19,-17.82
Germany,2020-12-25,45624.60,1.32,24,Friday,1,Christmas Day,weekday public holiday,64235.15,-28.97
Germany,2020-12-26,47354.34,0.59,24,Saturday,1,Boxing Day,weekend public holiday,,
Germany,2020-12-27,51316.72,1.53,24,Sunday,0,,weekend,,
Germany,2020-12-28,51766.39,1.96,24,Monday,0,,ordinary weekday,59346.58,-12.77
Germany,2020-12-29,51799.25,1.43,24,Tuesday,0,,ordinary weekday,60727.34,-14.70
Germany,2020-12-30,52627.54,1.61,24,Wednesday,0,,ordinary weekday,59895.73,-12.13
Germany,2020-12-31,49018.08,1.31,24,Thursday,0,,ordinary weekday,58876.19,-16.74
Germany,2021-01-01,45789.23,1.01,24,Friday,1,New Year's Day,weekday public holiday,64747.55,-29.28
Germany,2021-01-02,48823.43,0.73,24,Saturday,0,,weekend,,
Germany,2021-01-03,50513.59,0.54,24,Sunday,0,,weekend,,
Germany,2021-01-04,61514.99,0.39,24,Monday,0,,ordinary weekday,65040.63,-5.42
Germany,2021-01-05,63255.84,0.62,24,Tuesday,0,,ordinary weekday,66744.28,-5.23
Germany,2021-01-06,60547.18,0.44,24,Wednesday,0,,ordinary weekday,66066.52,-8.35
Germany,2021-01-07,63474.49,-0.11,24,Thursday,0,,ordinary weekday,66248.89,-4.19
Germany,2021-01-08,62650.68,-0.53,24,Friday,0,,ordinary weekday,64747.55,-3.24
Germany,2021-01-09,55457.16,-0.90,24,Saturday,0,,weekend,,
Germany,2021-01-10,53863.64,-1.11,24,Sunday,0,,weekend,,
Germany,2021-01-11,67925.72,-1.26,24,Monday,0,,ordinary weekday,65040.63,4.44
Germany,2021-01-12,68522.82,1.66,24,Tuesday,0,,ordinary weekday,66744.28,2.66
Germany,2021-01-13,68731.76,0.75,24,Wednesday,0,,ordinary weekday,66066.52,4.03
Germany,2021-01-14,67252.11,-0.17,24,Thursday,0,,ordinary weekday,66248.89,1.51
Germany,2021-01-15,65774.23,-2.02,24,Friday,0,,ordinary weekday,64747.55,1.59
Germany,2021-01-16,57990.71,-2.67,24,Saturday,0,,weekend,,
Germany,2021-01-17,54562.78,-1.74,24,Sunday,0,,weekend,,
Germany,2021-01-18,66163.20,0.88,24,Monday,0,,ordinary weekday,65040.63,1.73
Germany,2021-01-19,68007.71,2.65,24,Tuesday,0,,ordinary weekday,66744.28,1.89
Germany,2021-01-20,67667.67,4.85,24,Wednesday,0,,ordinary weekday,66066.52,2.42
Germany,2021-01-21,67584.59,6.36,24,Thursday,0,,ordinary weekday,66248.89,2.02
Germany,2021-01-22,65492.33,4.97,24,Friday,0,,ordinary weekday,64747.55,1.15
Germany,2021-01-23,55907.22,1.51,24,Saturday,0,,weekend,,
Germany,2021-01-24,52505.03,-0.07,24,Sunday,0,,weekend,,
Germany,2021-01-25,64558.60,-0.95,24,Monday,0,,ordinary weekday,65040.63,-0.74
Germany,2021-01-26,67190.74,0.02,24,Tuesday,0,,ordinary weekday,66744.28,0.67
Germany,2021-01-27,67319.48,0.32,24,Wednesday,0,,ordinary weekday,66066.52,1.90
Germany,2021-01-28,66684.38,3.20,24,Thursday,0,,ordinary weekday,66248.89,0.66
Germany,2021-01-29,65072.95,4.19,24,Friday,0,,ordinary weekday,64747.55,0.50
Germany,2021-01-30,56371.61,1.28,24,Saturday,0,,weekend,,
Germany,2021-01-31,54134.30,-1.30,24,Sunday,0,,weekend,,
Germany,2021-02-01,65082.76,0.68,24,Monday,0,,ordinary weekday,65194.94,-0.17
Germany,2021-02-02,65675.30,3.95,24,Tuesday,0,,ordinary weekday,65515.56,0.24
Germany,2021-02-03,66570.69,7.05,24,Wednesday,0,,ordinary weekday,65972.69,0.91
Germany,2021-02-04,64547.30,5.00,24,Thursday,0,,ordinary weekday,64952.92,-0.62
Germany,2021-02-05,63889.97,3.98,24,Friday,0,,ordinary weekday,64128.63,-0.37
Germany,2021-02-06,57659.56,2.52,24,Saturday,0,,weekend,,
Germany,2021-02-07,56405.23,-1.25,24,Sunday,0,,weekend,,
Germany,2021-02-08,66611.23,-4.67,24,Monday,0,,ordinary weekday,65194.94,2.17
Germany,2021-02-09,68285.00,-6.81,24,Tuesday,0,,ordinary weekday,65515.56,4.23
Germany,2021-02-10,68832.45,-7.40,24,Wednesday,0,,ordinary weekday,65972.69,4.33
Germany,2021-02-11,68487.32,-7.11,24,Thursday,0,,ordinary weekday,64952.92,5.44
Germany,2021-02-12,67529.70,-8.43,24,Friday,0,,ordinary weekday,64128.63,5.30
Germany,2021-02-13,59562.93,-7.92,24,Saturday,0,,weekend,,
Germany,2021-02-14,56945.77,-6.34,24,Sunday,0,,weekend,,
Germany,2021-02-15,68339.40,-1.94,24,Monday,0,,ordinary weekday,65194.94,4.82
Germany,2021-02-16,65950.27,4.08,24,Tuesday,0,,ordinary weekday,65515.56,0.66
Germany,2021-02-17,66015.46,5.75,24,Wednesday,0,,ordinary weekday,65972.69,0.06
Germany,2021-02-18,64997.46,5.33,24,Thursday,0,,ordinary weekday,64952.92,0.07
Germany,2021-02-19,63290.61,5.61,24,Friday,0,,ordinary weekday,64128.63,-1.31
Germany,2021-02-20,54005.51,7.40,24,Saturday,0,,weekend,,
Germany,2021-02-21,49429.79,8.01,24,Sunday,0,,weekend,,
Germany,2021-02-22,60746.38,7.53,24,Monday,0,,ordinary weekday,65194.94,-6.82
Germany,2021-02-23,62151.66,9.79,24,Tuesday,0,,ordinary weekday,65515.56,-5.13
Germany,2021-02-24,62472.17,10.87,24,Wednesday,0,,ordinary weekday,65972.69,-5.31
Germany,2021-02-25,61779.61,10.25,24,Thursday,0,,ordinary weekday,64952.92,-4.89
Germany,2021-02-26,61804.24,6.75,24,Friday,0,,ordinary weekday,64128.63,-3.62
Germany,2021-02-27,53043.46,4.28,24,Saturday,0,,weekend,,
Germany,2021-02-28,49841.90,4.03,24,Sunday,0,,weekend,,
Germany,2021-03-01,61365.02,4.12,24,Monday,0,,ordinary weekday,61899.30,-0.86
Germany,2021-03-02,61974.64,5.14,24,Tuesday,0,,ordinary weekday,62735.46,-1.21
Germany,2021-03-03,62646.45,6.51,24,Wednesday,0,,ordinary weekday,62196.07,0.72
Germany,2021-03-04,63055.67,5.10,24,Thursday,0,,ordinary weekday,63692.95,-1.00
Germany,2021-03-05,62626.98,2.07,24,Friday,0,,ordinary weekday,62847.21,-0.35
Germany,2021-03-06,54741.20,0.65,24,Saturday,0,,weekend,,
Germany,2021-03-07,52317.59,1.48,24,Sunday,0,,weekend,,
Germany,2021-03-08,62006.31,1.45,24,Monday,0,,ordinary weekday,61899.30,0.17
Germany,2021-03-09,64287.60,1.62,24,Tuesday,0,,ordinary weekday,62735.46,2.47
Germany,2021-03-10,64218.68,3.59,24,Wednesday,0,,ordinary weekday,62196.07,3.25
Germany,2021-03-11,67066.72,7.19,24,Thursday,0,,ordinary weekday,63692.95,5.30
Germany,2021-03-12,65094.24,5.84,24,Friday,0,,ordinary weekday,62847.21,3.58
Germany,2021-03-13,57732.05,5.75,24,Saturday,0,,weekend,,
Germany,2021-03-14,53542.52,4.02,24,Sunday,0,,weekend,,
Germany,2021-03-15,63590.11,3.73,24,Monday,0,,ordinary weekday,61899.30,2.73
Germany,2021-03-16,64428.50,3.56,24,Tuesday,0,,ordinary weekday,62735.46,2.70
Germany,2021-03-17,63549.89,2.47,24,Wednesday,0,,ordinary weekday,62196.07,2.18
Germany,2021-03-18,63438.10,1.40,24,Thursday,0,,ordinary weekday,63692.95,-0.40
Germany,2021-03-19,63710.94,1.20,24,Friday,0,,ordinary weekday,62847.21,1.37
Germany,2021-03-20,55254.62,0.25,24,Saturday,0,,weekend,,
Germany,2021-03-21,52841.52,3.24,24,Sunday,0,,weekend,,
Germany,2021-03-22,62631.26,3.41,24,Monday,0,,ordinary weekday,61899.30,1.18
Germany,2021-03-23,63296.36,4.68,24,Tuesday,0,,ordinary weekday,62735.46,0.89
Germany,2021-03-24,62360.98,6.45,24,Wednesday,0,,ordinary weekday,62196.07,0.27
Germany,2021-03-25,61211.32,7.48,24,Thursday,0,,ordinary weekday,63692.95,-3.90
Germany,2021-03-26,59956.68,8.93,24,Friday,0,,ordinary weekday,62847.21,-4.60
Germany,2021-03-27,54857.03,6.45,24,Saturday,0,,weekend,,
Germany,2021-03-28,50540.54,7.23,23,Sunday,0,,weekend,,
Germany,2021-03-29,59903.81,10.84,24,Monday,0,,ordinary weekday,61899.30,-3.22
Germany,2021-03-30,59690.21,11.94,24,Tuesday,0,,ordinary weekday,62735.46,-4.85
Germany,2021-03-31,58204.36,12.99,24,Wednesday,0,,ordinary weekday,62196.07,-6.42
Germany,2021-04-01,57500.95,11.96,24,Thursday,0,,ordinary weekday,60993.66,-5.73
Germany,2021-04-02,48695.50,6.91,24,Friday,1,Good Friday,weekday public holiday,60425.72,-19.41
Germany,2021-04-03,48752.30,5.63,24,Saturday,0,,weekend,,
Germany,2021-04-04,45759.19,4.82,24,Sunday,0,,weekend,,
Germany,2021-04-05,50302.90,3.57,24,Monday,1,Easter Monday,weekday public holiday,59603.98,-15.60
Germany,2021-04-06,62734.81,1.00,24,Tuesday,0,,ordinary weekday,61302.78,2.34
Germany,2021-04-07,65574.79,1.24,24,Wednesday,0,,ordinary weekday,61851.41,6.02
Germany,2021-04-08,63570.77,2.65,24,Thursday,0,,ordinary weekday,60993.66,4.23
Germany,2021-04-09,62082.96,6.12,24,Friday,0,,ordinary weekday,60425.72,2.74
Germany,2021-04-10,51714.46,7.23,24,Saturday,0,,weekend,,
Germany,2021-04-11,49918.24,8.26,24,Sunday,0,,weekend,,
Germany,2021-04-12,61393.80,3.71,24,Monday,0,,ordinary weekday,59603.98,3.00
Germany,2021-04-13,63347.70,3.25,24,Tuesday,0,,ordinary weekday,61302.78,3.34
Germany,2021-04-14,62581.46,3.05,24,Wednesday,0,,ordinary weekday,61851.41,1.18
Germany,2021-04-15,62799.28,2.97,24,Thursday,0,,ordinary weekday,60993.66,2.96
Germany,2021-04-16,62077.11,4.29,24,Friday,0,,ordinary weekday,60425.72,2.73
Germany,2021-04-17,52694.66,5.29,24,Saturday,0,,weekend,,
Germany,2021-04-18,48140.64,7.01,24,Sunday,0,,weekend,,
Germany,2021-04-19,59939.11,8.04,24,Monday,0,,ordinary weekday,59603.98,0.56
Germany,2021-04-20,60461.38,9.06,24,Tuesday,0,,ordinary weekday,61302.78,-1.37
Germany,2021-04-21,60508.70,9.25,24,Wednesday,0,,ordinary weekday,61851.41,-2.17
Germany,2021-04-22,61142.92,6.76,24,Thursday,0,,ordinary weekday,60993.66,0.24
Germany,2021-04-23,58885.53,6.95,24,Friday,0,,ordinary weekday,60425.72,-2.55
Germany,2021-04-24,50064.47,7.49,24,Saturday,0,,weekend,,
Germany,2021-04-25,46508.97,6.71,24,Sunday,0,,weekend,,
Germany,2021-04-26,57479.03,6.44,24,Monday,0,,ordinary weekday,59603.98,-3.57
Germany,2021-04-27,58667.24,7.60,24,Tuesday,0,,ordinary weekday,61302.78,-4.30
Germany,2021-04-28,58740.68,10.31,24,Wednesday,0,,ordinary weekday,61851.41,-5.03
Germany,2021-04-29,59954.38,10.34,24,Thursday,0,,ordinary weekday,60993.66,-1.70
Germany,2021-04-30,58657.28,7.86,24,Friday,0,,ordinary weekday,60425.72,-2.93
Germany,2021-05-01,46432.52,8.12,24,Saturday,1,Labour Day,weekend public holiday,,
Germany,2021-05-02,46876.39,7.27,24,Sunday,0,,weekend,,
Germany,2021-05-03,59040.12,7.20,24,Monday,0,,ordinary weekday,57084.98,3.42
Germany,2021-05-04,63056.77,9.48,24,Tuesday,0,,ordinary weekday,59327.14,6.29
Germany,2021-05-05,63083.18,7.37,24,Wednesday,0,,ordinary weekday,59786.91,5.51
Germany,2021-05-06,62118.79,6.70,24,Thursday,0,,ordinary weekday,59890.06,3.72
Germany,2021-05-07,59421.66,6.88,24,Friday,0,,ordinary weekday,56382.78,5.39
Germany,2021-05-08,50699.62,8.78,24,Saturday,0,,weekend,,
Germany,2021-05-09,46886.54,16.78,24,Sunday,0,,weekend,,
Germany,2021-05-10,57784.77,17.28,24,Monday,0,,ordinary weekday,57084.98,1.23
Germany,2021-05-11,58291.09,14.21,24,Tuesday,0,,ordinary weekday,59327.14,-1.75
Germany,2021-05-12,58014.55,11.85,24,Wednesday,0,,ordinary weekday,59786.91,-2.96
Germany,2021-05-13,47035.06,11.05,24,Thursday,1,Ascension Day,weekday public holiday,59890.06,-21.46
Germany,2021-05-14,50779.01,10.99,24,Friday,0,,ordinary weekday,56382.78,-9.94
Germany,2021-05-15,48075.80,10.82,24,Saturday,0,,weekend,,
Germany,2021-05-16,45538.58,11.21,24,Sunday,0,,weekend,,
Germany,2021-05-17,56739.59,10.93,24,Monday,0,,ordinary weekday,57084.98,-0.61
Germany,2021-05-18,58451.58,10.65,24,Tuesday,0,,ordinary weekday,59327.14,-1.48
Germany,2021-05-19,58105.10,10.12,24,Wednesday,0,,ordinary weekday,59786.91,-2.81
Germany,2021-05-20,58191.47,10.68,24,Thursday,0,,ordinary weekday,59890.06,-2.84
Germany,2021-05-21,58819.25,12.39,24,Friday,0,,ordinary weekday,56382.78,4.32
Germany,2021-05-22,51171.16,11.11,24,Saturday,0,,weekend,,
Germany,2021-05-23,45077.32,10.98,24,Sunday,0,,weekend,,
Germany,2021-05-24,45646.50,12.51,24,Monday,1,Whit Monday,weekday public holiday,57084.98,-20.04
Germany,2021-05-25,57509.12,10.29,24,Tuesday,0,,ordinary weekday,59327.14,-3.06
Germany,2021-05-26,59944.80,10.33,24,Wednesday,0,,ordinary weekday,59786.91,0.26
Germany,2021-05-27,59359.91,10.47,24,Thursday,0,,ordinary weekday,59890.06,-0.89
Germany,2021-05-28,56511.21,11.42,24,Friday,0,,ordinary weekday,56382.78,0.23
Germany,2021-05-29,48563.18,11.83,24,Saturday,0,,weekend,,
Germany,2021-05-30,44472.84,12.63,24,Sunday,0,,weekend,,
Germany,2021-05-31,54775.45,13.89,24,Monday,0,,ordinary weekday,57084.98,-4.05
Germany,2021-06-01,56318.76,15.58,24,Tuesday,0,,ordinary weekday,58138.06,-3.13
Germany,2021-06-02,57037.03,17.18,24,Wednesday,0,,ordinary weekday,58008.56,-1.67
Germany,2021-06-03,51473.77,19.05,24,Thursday,0,,ordinary weekday,56873.05,-9.49
Germany,2021-06-04,53239.98,19.34,24,Friday,0,,ordinary weekday,56755.40,-6.19
Germany,2021-06-05,47771.92,18.12,24,Saturday,0,,weekend,,
Germany,2021-06-06,44763.98,16.25,24,Sunday,0,,weekend,,
Germany,2021-06-07,56057.97,16.81,24,Monday,0,,ordinary weekday,57443.39,-2.41
Germany,2021-06-08,57510.65,17.66,24,Tuesday,0,,ordinary weekday,58138.06,-1.08
Germany,2021-06-09,57801.35,18.55,24,Wednesday,0,,ordinary weekday,58008.56,-0.36
Germany,2021-06-10,57796.27,19.08,24,Thursday,0,,ordinary weekday,56873.05,1.62
Germany,2021-06-11,57284.44,19.50,24,Friday,0,,ordinary weekday,56755.40,0.93
Germany,2021-06-12,50055.75,18.22,24,Saturday,0,,weekend,,
Germany,2021-06-13,45619.95,15.67,24,Sunday,0,,weekend,,
Germany,2021-06-14,56128.57,17.86,24,Monday,0,,ordinary weekday,57443.39,-2.29
Germany,2021-06-15,58294.32,19.05,24,Tuesday,0,,ordinary weekday,58138.06,0.27
Germany,2021-06-16,58825.52,21.31,24,Wednesday,0,,ordinary weekday,58008.56,1.41
Germany,2021-06-17,60995.53,24.54,24,Thursday,0,,ordinary weekday,56873.05,7.25
Germany,2021-06-18,60166.47,24.67,24,Friday,0,,ordinary weekday,56755.40,6.01
Germany,2021-06-19,51610.43,24.39,24,Saturday,0,,weekend,,
Germany,2021-06-20,47443.95,22.97,24,Sunday,0,,weekend,,
Germany,2021-06-21,58982.92,19.69,24,Monday,0,,ordinary weekday,57443.39,2.68
Germany,2021-06-22,59304.85,16.72,24,Tuesday,0,,ordinary weekday,58138.06,2.01
Germany,2021-06-23,57548.76,17.01,24,Wednesday,0,,ordinary weekday,58008.56,-0.79
Germany,2021-06-24,57226.65,17.00,24,Thursday,0,,ordinary weekday,56873.05,0.62
Germany,2021-06-25,56330.72,16.90,24,Friday,0,,ordinary weekday,56755.40,-0.75
Germany,2021-06-26,48122.47,18.51,24,Saturday,0,,weekend,,
Germany,2021-06-27,44842.86,20.31,24,Sunday,0,,weekend,,
Germany,2021-06-28,58604.09,21.61,24,Monday,0,,ordinary weekday,57443.39,2.02
Germany,2021-06-29,59261.72,19.70,24,Tuesday,0,,ordinary weekday,58138.06,1.93
Germany,2021-06-30,58830.11,16.35,24,Wednesday,0,,ordinary weekday,58008.56,1.42
Germany,2021-07-01,60065.96,14.67,24,Thursday,0,,ordinary weekday,58115.07,3.36
Germany,2021-07-02,57138.59,16.36,24,Friday,0,,ordinary weekday,56725.53,0.73
Germany,2021-07-03,48295.27,18.23,24,Saturday,0,,weekend,,
Germany,2021-07-04,45020.71,18.69,24,Sunday,0,,weekend,,
Germany,2021-07-05,56893.05,17.59,24,Monday,0,,ordinary weekday,56835.80,0.10
Germany,2021-07-06,59648.71,19.47,24,Tuesday,0,,ordinary weekday,58497.70,1.97
Germany,2021-07-07,58674.44,18.23,24,Wednesday,0,,ordinary weekday,57928.19,1.29
Germany,2021-07-08,58020.69,17.89,24,Thursday,0,,ordinary weekday,58115.07,-0.16
Germany,2021-07-09,57556.39,17.05,24,Friday,0,,ordinary weekday,56725.53,1.46
Germany,2021-07-10,48883.22,17.93,24,Saturday,0,,weekend,,
Germany,2021-07-11,45071.98,18.35,24,Sunday,0,,weekend,,
Germany,2021-07-12,57753.97,19.40,24,Monday,0,,ordinary weekday,56835.80,1.62
Germany,2021-07-13,59316.30,19.32,24,Tuesday,0,,ordinary weekday,58497.70,1.40
Germany,2021-07-14,59153.40,17.82,24,Wednesday,0,,ordinary weekday,57928.19,2.12
Germany,2021-07-15,57804.07,18.26,24,Thursday,0,,ordinary weekday,58115.07,-0.54
Germany,2021-07-16,57201.47,18.77,24,Friday,0,,ordinary weekday,56725.53,0.84
Germany,2021-07-17,49115.34,19.63,24,Saturday,0,,weekend,,
Germany,2021-07-18,45726.60,19.60,24,Sunday,0,,weekend,,
Germany,2021-07-19,56415.77,18.17,24,Monday,0,,ordinary weekday,56835.80,-0.74
Germany,2021-07-20,57722.91,17.00,24,Tuesday,0,,ordinary weekday,58497.70,-1.32
Germany,2021-07-21,56908.70,17.95,24,Wednesday,0,,ordinary weekday,57928.19,-1.76
Germany,2021-07-22,56980.60,18.53,24,Thursday,0,,ordinary weekday,58115.07,-1.95
Germany,2021-07-23,56090.71,19.04,24,Friday,0,,ordinary weekday,56725.53,-1.12
Germany,2021-07-24,48582.33,20.26,24,Saturday,0,,weekend,,
Germany,2021-07-25,45958.97,20.55,24,Sunday,0,,weekend,,
Germany,2021-07-26,56280.43,20.20,24,Monday,0,,ordinary weekday,56835.80,-0.98
Germany,2021-07-27,57302.86,19.69,24,Tuesday,0,,ordinary weekday,58497.70,-2.04
Germany,2021-07-28,56976.23,18.79,24,Wednesday,0,,ordinary weekday,57928.19,-1.64
Germany,2021-07-29,57704.01,18.23,24,Thursday,0,,ordinary weekday,58115.07,-0.71
Germany,2021-07-30,55640.48,18.89,24,Friday,0,,ordinary weekday,56725.53,-1.91
Germany,2021-07-31,49148.73,18.05,24,Saturday,0,,weekend,,
Germany,2021-08-01,44038.39,16.29,24,Sunday,0,,weekend,,
Germany,2021-08-02,54222.01,15.66,24,Monday,0,,ordinary weekday,55410.87,-2.15
Germany,2021-08-03,55183.06,15.72,24,Tuesday,0,,ordinary weekday,56455.58,-2.25
Germany,2021-08-04,54444.41,16.20,24,Wednesday,0,,ordinary weekday,55940.62,-2.67
Germany,2021-08-05,55155.27,17.00,24,Thursday,0,,ordinary weekday,56105.29,-1.69
Germany,2021-08-06,54404.50,17.32,24,Friday,0,,ordinary weekday,55164.62,-1.38
Germany,2021-08-07,46900.07,17.55,24,Saturday,0,,weekend,,
Germany,2021-08-08,44991.91,16.81,24,Sunday,0,,weekend,,
Germany,2021-08-09,53244.22,17.02,24,Monday,0,,ordinary weekday,55410.87,-3.91
Germany,2021-08-10,54336.26,17.39,24,Tuesday,0,,ordinary weekday,56455.58,-3.75
Germany,2021-08-11,54561.53,18.30,24,Wednesday,0,,ordinary weekday,55940.62,-2.47
Germany,2021-08-12,54720.82,20.29,24,Thursday,0,,ordinary weekday,56105.29,-2.47
Germany,2021-08-13,55206.11,21.31,24,Friday,0,,ordinary weekday,55164.62,0.08
Germany,2021-08-14,48134.44,20.37,24,Saturday,0,,weekend,,
Germany,2021-08-15,44807.52,20.61,24,Sunday,0,,weekend,,
Germany,2021-08-16,56390.01,17.30,24,Monday,0,,ordinary weekday,55410.87,1.77
Germany,2021-08-17,57888.09,14.03,24,Tuesday,0,,ordinary weekday,56455.58,2.54
Germany,2021-08-18,57669.23,15.60,24,Wednesday,0,,ordinary weekday,55940.62,3.09
Germany,2021-08-19,57278.68,17.09,24,Thursday,0,,ordinary weekday,56105.29,2.09
Germany,2021-08-20,55003.35,17.73,24,Friday,0,,ordinary weekday,55164.62,-0.29
Germany,2021-08-21,46669.40,18.67,24,Saturday,0,,weekend,,
Germany,2021-08-22,44325.25,17.79,24,Sunday,0,,weekend,,
Germany,2021-08-23,55918.30,16.43,24,Monday,0,,ordinary weekday,55410.87,0.92
Germany,2021-08-24,56476.18,15.38,24,Tuesday,0,,ordinary weekday,56455.58,0.04
Germany,2021-08-25,57087.33,15.56,24,Wednesday,0,,ordinary weekday,55940.62,2.05
Germany,2021-08-26,57266.40,14.69,24,Thursday,0,,ordinary weekday,56105.29,2.07
Germany,2021-08-27,56044.52,13.63,24,Friday,0,,ordinary weekday,55164.62,1.60
Germany,2021-08-28,47918.75,13.85,24,Saturday,0,,weekend,,
Germany,2021-08-29,45647.41,13.85,24,Sunday,0,,weekend,,
Germany,2021-08-30,57279.81,15.45,24,Monday,0,,ordinary weekday,55410.87,3.37
Germany,2021-08-31,58394.31,15.46,24,Tuesday,0,,ordinary weekday,56455.58,3.43
Germany,2021-09-01,57512.12,15.34,24,Wednesday,0,,ordinary weekday,58410.59,-1.54
Germany,2021-09-02,56578.53,15.89,24,Thursday,0,,ordinary weekday,58802.79,-3.78
Germany,2021-09-03,56088.18,16.52,24,Friday,0,,ordinary weekday,57304.76,-2.12
Germany,2021-09-04,47667.02,16.27,24,Saturday,0,,weekend,,
Germany,2021-09-05,44478.39,16.69,24,Sunday,0,,weekend,,
Germany,2021-09-06,55095.64,17.11,24,Monday,0,,ordinary weekday,56208.79,-1.98
Germany,2021-09-07,56674.35,17.61,24,Tuesday,0,,ordinary weekday,57495.85,-1.43
Germany,2021-09-08,57283.33,18.30,24,Wednesday,0,,ordinary weekday,58410.59,-1.93
Germany,2021-09-09,57746.39,19.20,24,Thursday,0,,ordinary weekday,58802.79,-1.80
Germany,2021-09-10,56876.64,18.93,24,Friday,0,,ordinary weekday,57304.76,-0.75
Germany,2021-09-11,48120.16,17.91,24,Saturday,0,,weekend,,
Germany,2021-09-12,45420.51,17.28,24,Sunday,0,,weekend,,
Germany,2021-09-13,55754.25,16.45,24,Monday,0,,ordinary weekday,56208.79,-0.81
Germany,2021-09-14,57411.51,17.71,24,Tuesday,0,,ordinary weekday,57495.85,-0.15
Germany,2021-09-15,59169.35,18.01,24,Wednesday,0,,ordinary weekday,58410.59,1.30
Germany,2021-09-16,59124.60,16.31,24,Thursday,0,,ordinary weekday,58802.79,0.55
Germany,2021-09-17,57044.51,14.93,24,Friday,0,,ordinary weekday,57304.76,-0.45
Germany,2021-09-18,48905.80,14.78,24,Saturday,0,,weekend,,
Germany,2021-09-19,45255.74,13.62,24,Sunday,0,,weekend,,
Germany,2021-09-20,55927.35,12.50,24,Monday,0,,ordinary weekday,56208.79,-0.50
Germany,2021-09-21,57703.35,12.31,24,Tuesday,0,,ordinary weekday,57495.85,0.36
Germany,2021-09-22,58081.32,12.93,24,Wednesday,0,,ordinary weekday,58410.59,-0.56
Germany,2021-09-23,60229.34,14.16,24,Thursday,0,,ordinary weekday,58802.79,2.43
Germany,2021-09-24,59209.70,15.33,24,Friday,0,,ordinary weekday,57304.76,3.32
Germany,2021-09-25,49756.21,16.21,24,Saturday,0,,weekend,,
Germany,2021-09-26,46298.46,17.13,24,Sunday,0,,weekend,,
Germany,2021-09-27,58057.93,16.64,24,Monday,0,,ordinary weekday,56208.79,3.29
Germany,2021-09-28,58194.18,14.16,24,Tuesday,0,,ordinary weekday,57495.85,1.21
Germany,2021-09-29,60006.79,12.78,24,Wednesday,0,,ordinary weekday,58410.59,2.73
Germany,2021-09-30,60335.07,10.78,24,Thursday,0,,ordinary weekday,58802.79,2.61
Germany,2021-10-01,59449.01,12.35,24,Friday,0,,ordinary weekday,60988.01,-2.52
Germany,2021-10-02,50531.92,14.37,24,Saturday,0,,weekend,,
Germany,2021-10-03,49633.82,16.83,24,Sunday,1,German Unity Day,weekend public holiday,,
Germany,2021-10-04,58133.03,13.09,24,Monday,0,,ordinary weekday,59919.66,-2.98
Germany,2021-10-05,60241.03,12.19,24,Tuesday,0,,ordinary weekday,62233.65,-3.20
Germany,2021-10-06,60093.43,11.14,24,Wednesday,0,,ordinary weekday,62490.87,-3.84
Germany,2021-10-07,58947.50,10.75,24,Thursday,0,,ordinary weekday,62364.46,-5.48
Germany,2021-10-08,57733.44,11.39,24,Friday,0,,ordinary weekday,60988.01,-5.34
Germany,2021-10-09,50018.40,10.01,24,Saturday,0,,weekend,,
Germany,2021-10-10,47770.89,8.24,24,Sunday,0,,weekend,,
Germany,2021-10-11,60286.45,8.87,24,Monday,0,,ordinary weekday,59919.66,0.61
Germany,2021-10-12,62591.81,8.62,24,Tuesday,0,,ordinary weekday,62233.65,0.58
Germany,2021-10-13,61846.69,7.48,24,Wednesday,0,,ordinary weekday,62490.87,-1.03
Germany,2021-10-14,63013.74,9.41,24,Thursday,0,,ordinary weekday,62364.46,1.04
Germany,2021-10-15,62431.45,9.98,24,Friday,0,,ordinary weekday,60988.01,2.37
Germany,2021-10-16,53040.48,8.55,24,Saturday,0,,weekend,,
Germany,2021-10-17,49455.91,8.70,24,Sunday,0,,weekend,,
Germany,2021-10-18,59798.98,9.67,24,Monday,0,,ordinary weekday,59919.66,-0.20
Germany,2021-10-19,62853.89,11.83,24,Tuesday,0,,ordinary weekday,62233.65,1.00
Germany,2021-10-20,64119.75,14.55,24,Wednesday,0,,ordinary weekday,62490.87,2.61
Germany,2021-10-21,64727.89,11.54,24,Thursday,0,,ordinary weekday,62364.46,3.79
Germany,2021-10-22,63574.73,7.40,24,Friday,0,,ordinary weekday,60988.01,4.24
Germany,2021-10-23,53578.41,7.36,24,Saturday,0,,weekend,,
Germany,2021-10-24,49485.90,6.89,24,Sunday,0,,weekend,,
Germany,2021-10-25,61460.17,7.55,24,Monday,0,,ordinary weekday,59919.66,2.57
Germany,2021-10-26,63247.85,9.76,24,Tuesday,0,,ordinary weekday,62233.65,1.63
Germany,2021-10-27,63903.61,10.62,24,Wednesday,0,,ordinary weekday,62490.87,2.26
Germany,2021-10-28,62768.72,8.99,24,Thursday,0,,ordinary weekday,62364.46,0.65
Germany,2021-10-29,61751.42,9.20,24,Friday,0,,ordinary weekday,60988.01,1.25
Germany,2021-10-30,53336.66,9.29,24,Saturday,0,,weekend,,
Germany,2021-10-31,48918.78,12.38,25,Sunday,0,,weekend,,
Germany,2021-11-01,54185.91,10.07,24,Monday,0,,ordinary weekday,61520.87,-11.92
Germany,2021-11-02,60271.47,7.36,24,Tuesday,0,,ordinary weekday,64367.30,-6.36
Germany,2021-11-03,61566.23,6.44,24,Wednesday,0,,ordinary weekday,63613.83,-3.22
Germany,2021-11-04,64721.28,6.01,24,Thursday,0,,ordinary weekday,64555.11,0.26
Germany,2021-11-05,64070.91,6.45,24,Friday,0,,ordinary weekday,63563.42,0.80
Germany,2021-11-06,55587.26,6.35,24,Saturday,0,,weekend,,
Germany,2021-11-07,53277.50,6.96,24,Sunday,0,,weekend,,
Germany,2021-11-08,62427.16,6.62,24,Monday,0,,ordinary weekday,61520.87,1.47
Germany,2021-11-09,64517.32,6.02,24,Tuesday,0,,ordinary weekday,64367.30,0.23
Germany,2021-11-10,65127.88,4.55,24,Wednesday,0,,ordinary weekday,63613.83,2.38
Germany,2021-11-11,62456.99,4.41,24,Thursday,0,,ordinary weekday,64555.11,-3.25
Germany,2021-11-12,61720.36,4.57,24,Friday,0,,ordinary weekday,63563.42,-2.90
Germany,2021-11-13,54923.98,6.17,24,Saturday,0,,weekend,,
Germany,2021-11-14,48922.12,7.04,24,Sunday,0,,weekend,,
Germany,2021-11-15,60835.72,5.79,24,Monday,0,,ordinary weekday,61520.87,-1.11
Germany,2021-11-16,61890.09,4.99,24,Tuesday,0,,ordinary weekday,64367.30,-3.85
Germany,2021-11-17,63328.94,5.36,24,Wednesday,0,,ordinary weekday,63613.83,-0.45
Germany,2021-11-18,64358.30,6.59,24,Thursday,0,,ordinary weekday,64555.11,-0.30
Germany,2021-11-19,62755.77,8.15,24,Friday,0,,ordinary weekday,63563.42,-1.27
Germany,2021-11-20,55996.79,7.75,24,Saturday,0,,weekend,,
Germany,2021-11-21,53014.08,5.58,24,Sunday,0,,weekend,,
Germany,2021-11-22,64209.38,3.55,24,Monday,0,,ordinary weekday,61520.87,4.37
Germany,2021-11-23,65079.06,2.99,24,Tuesday,0,,ordinary weekday,64367.30,1.11
Germany,2021-11-24,64432.27,3.45,24,Wednesday,0,,ordinary weekday,63613.83,1.29
Germany,2021-11-25,66683.89,1.79,24,Thursday,0,,ordinary weekday,64555.11,3.30
Germany,2021-11-26,65706.66,1.85,24,Friday,0,,ordinary weekday,63563.42,3.37
Germany,2021-11-27,57179.30,1.61,24,Saturday,0,,weekend,,
Germany,2021-11-28,53676.67,0.69,24,Sunday,0,,weekend,,
Germany,2021-11-29,65946.18,0.49,24,Monday,0,,ordinary weekday,61520.87,7.19
Germany,2021-11-30,70078.56,3.06,24,Tuesday,0,,ordinary weekday,64367.30,8.87
Germany,2021-12-01,69212.92,5.77,24,Wednesday,0,,ordinary weekday,63861.10,8.38
Germany,2021-12-02,69280.97,2.04,24,Thursday,0,,ordinary weekday,63114.79,9.77
Germany,2021-12-03,69459.70,0.42,24,Friday,0,,ordinary weekday,60113.94,15.55
Germany,2021-12-04,58487.43,2.93,24,Saturday,0,,weekend,,
Germany,2021-12-05,54874.10,1.93,24,Sunday,0,,weekend,,
Germany,2021-12-06,66139.69,0.28,24,Monday,0,,ordinary weekday,62057.53,6.58
Germany,2021-12-07,68400.10,1.30,24,Tuesday,0,,ordinary weekday,62960.95,8.64
Germany,2021-12-08,69035.95,1.78,24,Wednesday,0,,ordinary weekday,63861.10,8.10
Germany,2021-12-09,66820.29,0.91,24,Thursday,0,,ordinary weekday,63114.79,5.87
Germany,2021-12-10,65508.15,0.66,24,Friday,0,,ordinary weekday,60113.94,8.97
Germany,2021-12-11,57550.17,0.64,24,Saturday,0,,weekend,,
Germany,2021-12-12,55035.85,2.88,24,Sunday,0,,weekend,,
Germany,2021-12-13,64108.42,5.84,24,Monday,0,,ordinary weekday,62057.53,3.30
Germany,2021-12-14,65452.34,5.41,24,Tuesday,0,,ordinary weekday,62960.95,3.96
Germany,2021-12-15,65897.60,6.23,24,Wednesday,0,,ordinary weekday,63861.10,3.19
Germany,2021-12-16,64982.33,6.02,24,Thursday,0,,ordinary weekday,63114.79,2.96
Germany,2021-12-17,62987.60,5.01,24,Friday,0,,ordinary weekday,60113.94,4.78
Germany,2021-12-18,57127.21,4.21,24,Saturday,0,,weekend,,
Germany,2021-12-19,54510.64,3.85,24,Sunday,0,,weekend,,
Germany,2021-12-20,61949.46,1.10,24,Monday,0,,ordinary weekday,62057.53,-0.17
Germany,2021-12-21,61972.11,-1.99,24,Tuesday,0,,ordinary weekday,62960.95,-1.57
Germany,2021-12-22,62510.93,-2.58,24,Wednesday,0,,ordinary weekday,63861.10,-2.11
Germany,2021-12-23,60530.22,0.18,24,Thursday,0,,ordinary weekday,63114.79,-4.10
Germany,2021-12-24,52196.51,4.74,24,Friday,0,,ordinary weekday,60113.94,-13.17
Germany,2021-12-25,48309.70,-0.14,24,Saturday,1,Christmas Day,weekend public holiday,,
Germany,2021-12-26,49571.52,-1.20,24,Sunday,1,Boxing Day,weekend public holiday,,
Germany,2021-12-27,56032.55,2.20,24,Monday,0,,ordinary weekday,62057.53,-9.71
Germany,2021-12-28,56019.24,5.14,24,Tuesday,0,,ordinary weekday,62960.95,-11.03
Germany,2021-12-29,52648.11,6.51,24,Wednesday,0,,ordinary weekday,63861.10,-17.56
Germany,2021-12-30,53960.12,10.83,24,Thursday,0,,ordinary weekday,63114.79,-14.50
Germany,2021-12-31,50417.73,10.70,24,Friday,0,,ordinary weekday,60113.94,-16.13
Germany,2022-01-01,44750.52,9.72,24,Saturday,1,New Year's Day,weekend public holiday,,
Germany,2022-01-02,49070.35,8.90,24,Sunday,0,,weekend,,
Germany,2022-01-03,60050.09,8.36,24,Monday,0,,ordinary weekday,64730.28,-7.23
Germany,2022-01-04,61648.08,6.75,24,Tuesday,0,,ordinary weekday,64931.21,-5.06
Germany,2022-01-05,64988.57,2.40,24,Wednesday,0,,ordinary weekday,67065.42,-3.10
Germany,2022-01-06,61228.96,1.01,24,Thursday,0,,ordinary weekday,67074.08,-8.71
Germany,2022-01-07,64188.11,0.97,24,Friday,0,,ordinary weekday,66711.93,-3.78
Germany,2022-01-08,57759.32,0.76,24,Saturday,0,,weekend,,
Germany,2022-01-09,54703.71,2.17,24,Sunday,0,,weekend,,
Germany,2022-01-10,64045.92,1.02,24,Monday,0,,ordinary weekday,64730.28,-1.06
Germany,2022-01-11,65806.79,0.16,24,Tuesday,0,,ordinary weekday,64931.21,1.35
Germany,2022-01-12,66255.80,0.39,24,Wednesday,0,,ordinary weekday,67065.42,-1.21
Germany,2022-01-13,68269.84,1.38,24,Thursday,0,,ordinary weekday,67074.08,1.78
Germany,2022-01-14,66828.90,2.11,24,Friday,0,,ordinary weekday,66711.93,0.18
Germany,2022-01-15,56446.71,1.37,24,Saturday,0,,weekend,,
Germany,2022-01-16,55996.81,1.43,24,Sunday,0,,weekend,,
Germany,2022-01-17,67588.08,3.57,24,Monday,0,,ordinary weekday,64730.28,4.41
Germany,2022-01-18,65740.77,3.40,24,Tuesday,0,,ordinary weekday,64931.21,1.25
Germany,2022-01-19,68624.41,1.82,24,Wednesday,0,,ordinary weekday,67065.42,2.32
Germany,2022-01-20,69640.99,1.31,24,Thursday,0,,ordinary weekday,67074.08,3.83
Germany,2022-01-21,68551.05,0.43,24,Friday,0,,ordinary weekday,66711.93,2.76
Germany,2022-01-22,57483.82,3.03,24,Saturday,0,,weekend,,
Germany,2022-01-23,52868.61,3.34,24,Sunday,0,,weekend,,
Germany,2022-01-24,64456.09,2.25,24,Monday,0,,ordinary weekday,64730.28,-0.42
Germany,2022-01-25,66529.18,1.38,24,Tuesday,0,,ordinary weekday,64931.21,2.46
Germany,2022-01-26,68392.90,0.90,24,Wednesday,0,,ordinary weekday,67065.42,1.98
Germany,2022-01-27,69156.54,2.28,24,Thursday,0,,ordinary weekday,67074.08,3.10
Germany,2022-01-28,67279.67,2.96,24,Friday,0,,ordinary weekday,66711.93,0.85
Germany,2022-01-29,59040.48,4.69,24,Saturday,0,,weekend,,
Germany,2022-01-30,53725.97,4.19,24,Sunday,0,,weekend,,
Germany,2022-01-31,67511.23,2.09,24,Monday,0,,ordinary weekday,64730.28,4.30
Germany,2022-02-01,69393.10,2.53,24,Tuesday,0,,ordinary weekday,67529.55,2.76
Germany,2022-02-02,67145.45,4.73,24,Wednesday,0,,ordinary weekday,66283.80,1.30
Germany,2022-02-03,66367.64,5.29,24,Thursday,0,,ordinary weekday,66133.96,0.35
Germany,2022-02-04,65744.60,5.24,24,Friday,0,,ordinary weekday,65427.82,0.48
Germany,2022-02-05,58241.97,3.20,24,Saturday,0,,weekend,,
Germany,2022-02-06,56147.10,4.68,24,Sunday,0,,weekend,,
Germany,2022-02-07,66235.64,3.01,24,Monday,0,,ordinary weekday,64854.53,2.13
Germany,2022-02-08,67687.81,5.10,24,Tuesday,0,,ordinary weekday,67529.55,0.23
Germany,2022-02-09,66156.93,6.84,24,Wednesday,0,,ordinary weekday,66283.80,-0.19
Germany,2022-02-10,65347.32,5.08,24,Thursday,0,,ordinary weekday,66133.96,-1.19
Germany,2022-02-11,65947.48,2.80,24,Friday,0,,ordinary weekday,65427.82,0.79
Germany,2022-02-12,57340.05,0.80,24,Saturday,0,,weekend,,
Germany,2022-02-13,54102.60,2.91,24,Sunday,0,,weekend,,
Germany,2022-02-14,65393.55,6.20,24,Monday,0,,ordinary weekday,64854.53,0.83
Germany,2022-02-15,66636.50,5.34,24,Tuesday,0,,ordinary weekday,67529.55,-1.32
Germany,2022-02-16,67016.92,7.22,24,Wednesday,0,,ordinary weekday,66283.80,1.11
Germany,2022-02-17,66263.16,7.95,24,Thursday,0,,ordinary weekday,66133.96,0.20
Germany,2022-02-18,64105.29,7.47,24,Friday,0,,ordinary weekday,65427.82,-2.02
Germany,2022-02-19,56768.17,4.70,24,Saturday,0,,weekend,,
Germany,2022-02-20,53647.73,5.89,24,Sunday,0,,weekend,,
Germany,2022-02-21,65689.09,4.85,24,Monday,0,,ordinary weekday,64854.53,1.29
Germany,2022-02-22,66400.79,4.95,24,Tuesday,0,,ordinary weekday,67529.55,-1.67
Germany,2022-02-23,64815.90,5.86,24,Wednesday,0,,ordinary weekday,66283.80,-2.21
Germany,2022-02-24,66557.72,5.92,24,Thursday,0,,ordinary weekday,66133.96,0.64
Germany,2022-02-25,65913.92,2.87,24,Friday,0,,ordinary weekday,65427.82,0.74
Germany,2022-02-26,54322.48,2.44,24,Saturday,0,,weekend,,
Germany,2022-02-27,51757.05,1.99,24,Sunday,0,,weekend,,
Germany,2022-02-28,62099.83,1.93,24,Monday,0,,ordinary weekday,64854.53,-4.25
Germany,2022-03-01,64224.46,1.64,24,Tuesday,0,,ordinary weekday,61916.62,3.73
Germany,2022-03-02,63441.83,2.10,24,Wednesday,0,,ordinary weekday,61600.54,2.99
Germany,2022-03-03,63313.22,1.73,24,Thursday,0,,ordinary weekday,62310.10,1.61
Germany,2022-03-04,63036.06,0.98,24,Friday,0,,ordinary weekday,61431.25,2.61
Germany,2022-03-05,55047.57,0.87,24,Saturday,0,,weekend,,
Germany,2022-03-06,51646.23,0.33,24,Sunday,0,,weekend,,
Germany,2022-03-07,62312.19,0.45,24,Monday,0,,ordinary weekday,60655.53,2.73
Germany,2022-03-08,63048.22,1.82,24,Tuesday,0,,ordinary weekday,61916.62,1.83
Germany,2022-03-09,62306.65,3.10,24,Wednesday,0,,ordinary weekday,61600.54,1.15
Germany,2022-03-10,62645.88,4.20,24,Thursday,0,,ordinary weekday,62310.10,0.54
Germany,2022-03-11,63248.65,3.91,24,Friday,0,,ordinary weekday,61431.25,2.96
Germany,2022-03-12,54153.81,5.35,24,Saturday,0,,weekend,,
Germany,2022-03-13,50291.48,5.77,24,Sunday,0,,weekend,,
Germany,2022-03-14,61285.48,6.39,24,Monday,0,,ordinary weekday,60655.53,1.04
Germany,2022-03-15,62020.10,6.03,24,Tuesday,0,,ordinary weekday,61916.62,0.17
Germany,2022-03-16,62064.02,6.73,24,Wednesday,0,,ordinary weekday,61600.54,0.75
Germany,2022-03-17,63252.97,7.10,24,Thursday,0,,ordinary weekday,62310.10,1.51
Germany,2022-03-18,60806.40,6.36,24,Friday,0,,ordinary weekday,61431.25,-1.02
Germany,2022-03-19,53980.72,5.57,24,Saturday,0,,weekend,,
Germany,2022-03-20,50981.90,6.55,24,Sunday,0,,weekend,,
Germany,2022-03-21,60117.05,7.55,24,Monday,0,,ordinary weekday,60655.53,-0.89
Germany,2022-03-22,60105.51,7.77,24,Tuesday,0,,ordinary weekday,61916.62,-2.93
Germany,2022-03-23,59693.75,8.34,24,Wednesday,0,,ordinary weekday,61600.54,-3.10
Germany,2022-03-24,59378.97,8.62,24,Thursday,0,,ordinary weekday,62310.10,-4.70
Germany,2022-03-25,58633.91,8.70,24,Friday,0,,ordinary weekday,61431.25,-4.55
Germany,2022-03-26,51294.97,8.85,24,Saturday,0,,weekend,,
Germany,2022-03-27,47223.32,9.51,23,Sunday,0,,weekend,,
Germany,2022-03-28,58907.42,9.77,24,Monday,0,,ordinary weekday,60655.53,-2.88
Germany,2022-03-29,60184.82,8.36,24,Tuesday,0,,ordinary weekday,61916.62,-2.80
Germany,2022-03-30,60496.45,6.35,24,Wednesday,0,,ordinary weekday,61600.54,-1.79
Germany,2022-03-31,62959.47,4.33,24,Thursday,0,,ordinary weekday,62310.10,1.04
Germany,2022-04-01,65496.42,1.91,24,Friday,0,,ordinary weekday,60571.79,8.13
Germany,2022-04-02,55911.72,0.98,24,Saturday,0,,weekend,,
Germany,2022-04-03,50681.89,0.79,24,Sunday,0,,weekend,,
Germany,2022-04-04,63805.46,2.06,24,Monday,0,,ordinary weekday,59952.38,6.43
Germany,2022-04-05,64046.59,5.95,24,Tuesday,0,,ordinary weekday,59309.35,7.99
Germany,2022-04-06,63327.20,8.83,24,Wednesday,0,,ordinary weekday,59184.70,7.00
Germany,2022-04-07,64291.14,9.01,24,Thursday,0,,ordinary weekday,59203.49,8.59
Germany,2022-04-08,62239.54,5.95,24,Friday,0,,ordinary weekday,60571.79,2.75
Germany,2022-04-09,54552.66,4.58,24,Saturday,0,,weekend,,
Germany,2022-04-10,50486.59,4.31,24,Sunday,0,,weekend,,
Germany,2022-04-11,58622.68,6.39,24,Monday,0,,ordinary weekday,59952.38,-2.22
Germany,2022-04-12,59149.74,10.42,24,Tuesday,0,,ordinary weekday,59309.35,-0.27
Germany,2022-04-13,57947.01,13.24,24,Wednesday,0,,ordinary weekday,59184.70,-2.09
Germany,2022-04-14,56523.42,12.66,24,Thursday,0,,ordinary weekday,59203.49,-4.53
Germany,2022-04-15,46869.27,9.90,24,Friday,1,Good Friday,weekday public holiday,60571.79,-22.62
Germany,2022-04-16,46939.34,8.00,24,Saturday,0,,weekend,,
Germany,2022-04-17,43151.57,7.65,24,Sunday,0,,weekend,,
Germany,2022-04-18,43439.07,8.83,24,Monday,1,Easter Monday,weekday public holiday,59952.38,-27.54
Germany,2022-04-19,55295.99,9.03,24,Tuesday,0,,ordinary weekday,59309.35,-6.77
Germany,2022-04-20,57698.92,8.53,24,Wednesday,0,,ordinary weekday,59184.70,-2.51
Germany,2022-04-21,58568.58,8.99,24,Thursday,0,,ordinary weekday,59203.49,-1.07
Germany,2022-04-22,58199.84,10.31,24,Friday,0,,ordinary weekday,60571.79,-3.92
Germany,2022-04-23,50399.66,11.05,24,Saturday,0,,weekend,,
Germany,2022-04-24,48166.79,9.82,24,Sunday,0,,weekend,,
Germany,2022-04-25,57428.99,8.94,24,Monday,0,,ordinary weekday,59952.38,-4.21
Germany,2022-04-26,58745.08,8.97,24,Tuesday,0,,ordinary weekday,59309.35,-0.95
Germany,2022-04-27,57765.68,9.54,24,Wednesday,0,,ordinary weekday,59184.70,-2.40
Germany,2022-04-28,57430.82,10.34,24,Thursday,0,,ordinary weekday,59203.49,-2.99
Germany,2022-04-29,56351.36,10.74,24,Friday,0,,ordinary weekday,60571.79,-6.97
Germany,2022-04-30,48628.53,10.00,24,Saturday,0,,weekend,,
Germany,2022-05-01,43797.85,10.15,24,Sunday,1,Labour Day,weekend public holiday,,
Germany,2022-05-02,55437.22,11.68,24,Monday,0,,ordinary weekday,56127.74,-1.23
Germany,2022-05-03,57505.89,11.96,24,Tuesday,0,,ordinary weekday,57827.69,-0.56
Germany,2022-05-04,57185.16,11.72,24,Wednesday,0,,ordinary weekday,57556.29,-0.64
Germany,2022-05-05,57646.80,11.97,24,Thursday,0,,ordinary weekday,58249.53,-1.03
Germany,2022-05-06,56562.15,13.13,24,Friday,0,,ordinary weekday,55959.50,1.08
Germany,2022-05-07,48855.07,14.07,24,Saturday,0,,weekend,,
Germany,2022-05-08,44602.46,13.17,24,Sunday,0,,weekend,,
Germany,2022-05-09,56257.55,14.72,24,Monday,0,,ordinary weekday,56127.74,0.23
Germany,2022-05-10,59379.09,17.19,24,Tuesday,0,,ordinary weekday,57827.69,2.68
Germany,2022-05-11,58778.64,18.77,24,Wednesday,0,,ordinary weekday,57556.29,2.12
Germany,2022-05-12,58443.79,16.84,24,Thursday,0,,ordinary weekday,58249.53,0.33
Germany,2022-05-13,57919.96,14.88,24,Friday,0,,ordinary weekday,55959.50,3.50
Germany,2022-05-14,48731.29,15.35,24,Saturday,0,,weekend,,
Germany,2022-05-15,44400.65,16.43,24,Sunday,0,,weekend,,
Germany,2022-05-16,57217.57,17.37,24,Monday,0,,ordinary weekday,56127.74,1.94
Germany,2022-05-17,58344.17,17.21,24,Tuesday,0,,ordinary weekday,57827.69,0.89
Germany,2022-05-18,58761.14,19.49,24,Wednesday,0,,ordinary weekday,57556.29,2.09
Germany,2022-05-19,58657.99,20.44,24,Thursday,0,,ordinary weekday,58249.53,0.70
Germany,2022-05-20,57672.53,19.18,24,Friday,0,,ordinary weekday,55959.50,3.06
Germany,2022-05-21,49953.64,15.46,24,Saturday,0,,weekend,,
Germany,2022-05-22,43619.33,15.53,24,Sunday,0,,weekend,,
Germany,2022-05-23,56622.90,17.16,24,Monday,0,,ordinary weekday,56127.74,0.88
Germany,2022-05-24,57805.40,15.24,24,Tuesday,0,,ordinary weekday,57827.69,-0.04
Germany,2022-05-25,55500.24,14.40,24,Wednesday,0,,ordinary weekday,57556.29,-3.57
Germany,2022-05-26,47026.65,15.50,24,Thursday,1,Ascension Day,weekday public holiday,58249.53,-19.27
Germany,2022-05-27,51683.38,14.17,24,Friday,0,,ordinary weekday,55959.50,-7.64
Germany,2022-05-28,47965.40,11.95,24,Saturday,0,,weekend,,
Germany,2022-05-29,44139.28,10.69,24,Sunday,0,,weekend,,
Germany,2022-05-30,55103.45,10.93,24,Monday,0,,ordinary weekday,56127.74,-1.82
Germany,2022-05-31,56103.92,13.29,24,Tuesday,0,,ordinary weekday,57827.69,-2.98
Germany,2022-06-01,55224.54,13.65,24,Wednesday,0,,ordinary weekday,55239.99,-0.03
Germany,2022-06-02,55802.04,13.98,24,Thursday,0,,ordinary weekday,54471.96,2.44
Germany,2022-06-03,54795.39,17.02,24,Friday,0,,ordinary weekday,54208.06,1.08
Germany,2022-06-04,45883.36,18.08,24,Saturday,0,,weekend,,
Germany,2022-06-05,42079.41,18.08,24,Sunday,0,,weekend,,
Germany,2022-06-06,43872.85,17.46,24,Monday,1,Whit Monday,weekday public holiday,54874.56,-20.05
Germany,2022-06-07,54392.54,16.37,24,Tuesday,0,,ordinary weekday,55155.97,-1.38
Germany,2022-06-08,55445.29,16.30,24,Wednesday,0,,ordinary weekday,55239.99,0.37
Germany,2022-06-09,56013.31,15.64,24,Thursday,0,,ordinary weekday,54471.96,2.83
Germany,2022-06-10,54588.43,16.59,24,Friday,0,,ordinary weekday,54208.06,0.70
Germany,2022-06-11,47218.93,18.79,24,Saturday,0,,weekend,,
Germany,2022-06-12,43920.34,18.82,24,Sunday,0,,weekend,,
Germany,2022-06-13,55003.36,16.08,24,Monday,0,,ordinary weekday,54874.56,0.23
Germany,2022-06-14,55311.33,15.84,24,Tuesday,0,,ordinary weekday,55155.97,0.28
Germany,2022-06-15,54442.55,18.99,24,Wednesday,0,,ordinary weekday,55239.99,-1.44
Germany,2022-06-16,48541.06,19.28,24,Thursday,0,,ordinary weekday,54471.96,-10.89
Germany,2022-06-17,51429.91,19.64,24,Friday,0,,ordinary weekday,54208.06,-5.12
Germany,2022-06-18,47648.58,24.03,24,Saturday,0,,weekend,,
Germany,2022-06-19,45000.20,22.59,24,Sunday,0,,weekend,,
Germany,2022-06-20,54672.15,17.60,24,Monday,0,,ordinary weekday,54874.56,-0.37
Germany,2022-06-21,55915.11,17.34,24,Tuesday,0,,ordinary weekday,55155.97,1.38
Germany,2022-06-22,55499.55,19.52,24,Wednesday,0,,ordinary weekday,55239.99,0.47
Germany,2022-06-23,55545.41,22.11,24,Thursday,0,,ordinary weekday,54471.96,1.97
Germany,2022-06-24,56018.53,21.08,24,Friday,0,,ordinary weekday,54208.06,3.34
Germany,2022-06-25,46885.41,20.46,24,Saturday,0,,weekend,,
Germany,2022-06-26,43536.54,21.16,24,Sunday,0,,weekend,,
Germany,2022-06-27,54948.17,20.11,24,Monday,0,,ordinary weekday,54874.56,0.13
Germany,2022-06-28,55004.91,18.83,24,Tuesday,0,,ordinary weekday,55155.97,-0.27
Germany,2022-06-29,55588.03,20.28,24,Wednesday,0,,ordinary weekday,55239.99,0.63
Germany,2022-06-30,56457.97,21.88,24,Thursday,0,,ordinary weekday,54471.96,3.65
Germany,2022-07-01,55024.39,16.98,24,Friday,0,,ordinary weekday,54191.26,1.54
Germany,2022-07-02,46802.40,18.43,24,Saturday,0,,weekend,,
Germany,2022-07-03,44048.06,20.74,24,Sunday,0,,weekend,,
Germany,2022-07-04,54426.21,19.16,24,Monday,0,,ordinary weekday,53877.06,1.02
Germany,2022-07-05,55855.48,18.68,24,Tuesday,0,,ordinary weekday,54769.41,1.98
Germany,2022-07-06,55571.51,16.89,24,Wednesday,0,,ordinary weekday,55593.42,-0.04
Germany,2022-07-07,57547.95,15.62,24,Thursday,0,,ordinary weekday,55721.83,3.28
Germany,2022-07-08,55119.77,16.17,24,Friday,0,,ordinary weekday,54191.26,1.71
Germany,2022-07-09,47376.34,17.43,24,Saturday,0,,weekend,,
Germany,2022-07-10,44659.96,15.69,24,Sunday,0,,weekend,,
Germany,2022-07-11,53129.78,17.01,24,Monday,0,,ordinary weekday,53877.06,-1.39
Germany,2022-07-12,53953.51,19.22,24,Tuesday,0,,ordinary weekday,54769.41,-1.49
Germany,2022-07-13,56209.14,21.85,24,Wednesday,0,,ordinary weekday,55593.42,1.11
Germany,2022-07-14,55914.15,20.39,24,Thursday,0,,ordinary weekday,55721.83,0.35
Germany,2022-07-15,54438.65,17.39,24,Friday,0,,ordinary weekday,54191.26,0.46
Germany,2022-07-16,46964.06,17.72,24,Saturday,0,,weekend,,
Germany,2022-07-17,42629.50,18.44,24,Sunday,0,,weekend,,
Germany,2022-07-18,52555.90,22.38,24,Monday,0,,ordinary weekday,53877.06,-2.45
Germany,2022-07-19,54810.34,25.87,24,Tuesday,0,,ordinary weekday,54769.41,0.07
Germany,2022-07-20,57236.54,27.04,24,Wednesday,0,,ordinary weekday,55593.42,2.96
Germany,2022-07-21,55803.36,22.01,24,Thursday,0,,ordinary weekday,55721.83,0.15
Germany,2022-07-22,53290.56,20.81,24,Friday,0,,ordinary weekday,54191.26,-1.66
Germany,2022-07-23,45724.16,20.41,24,Saturday,0,,weekend,,
Germany,2022-07-24,42900.50,22.38,24,Sunday,0,,weekend,,
Germany,2022-07-25,55396.34,24.38,24,Monday,0,,ordinary weekday,53877.06,2.82
Germany,2022-07-26,54458.31,19.84,24,Tuesday,0,,ordinary weekday,54769.41,-0.57
Germany,2022-07-27,53356.48,17.83,24,Wednesday,0,,ordinary weekday,55593.42,-4.02
Germany,2022-07-28,53621.84,18.96,24,Thursday,0,,ordinary weekday,55721.83,-3.77
Germany,2022-07-29,53082.96,20.58,24,Friday,0,,ordinary weekday,54191.26,-2.05
Germany,2022-07-30,44379.89,19.86,24,Saturday,0,,weekend,,
Germany,2022-07-31,42036.21,20.57,24,Sunday,0,,weekend,,
Germany,2022-08-01,51979.34,20.46,24,Monday,0,,ordinary weekday,51482.26,0.97
Germany,2022-08-02,53038.94,20.96,24,Tuesday,0,,ordinary weekday,52785.60,0.48
Germany,2022-08-03,53758.18,24.52,24,Wednesday,0,,ordinary weekday,53300.13,0.86
Germany,2022-08-04,54134.65,26.32,24,Thursday,0,,ordinary weekday,53708.23,0.79
Germany,2022-08-05,53322.84,21.78,24,Friday,0,,ordinary weekday,52540.06,1.49
Germany,2022-08-06,45549.05,17.82,24,Saturday,0,,weekend,,
Germany,2022-08-07,41442.58,18.59,24,Sunday,0,,weekend,,
Germany,2022-08-08,51023.72,19.86,24,Monday,0,,ordinary weekday,51482.26,-0.89
Germany,2022-08-09,52406.10,20.97,24,Tuesday,0,,ordinary weekday,52785.60,-0.72
Germany,2022-08-10,52656.76,21.79,24,Wednesday,0,,ordinary weekday,53300.13,-1.21
Germany,2022-08-11,52688.05,22.68,24,Thursday,0,,ordinary weekday,53708.23,-1.90
Germany,2022-08-12,51563.10,22.59,24,Friday,0,,ordinary weekday,52540.06,-1.86
Germany,2022-08-13,44769.79,22.77,24,Saturday,0,,weekend,,
Germany,2022-08-14,43087.84,23.82,24,Sunday,0,,weekend,,
Germany,2022-08-15,51504.40,22.27,24,Monday,0,,ordinary weekday,51482.26,0.04
Germany,2022-08-16,52595.92,22.33,24,Tuesday,0,,ordinary weekday,52785.60,-0.36
Germany,2022-08-17,53293.56,22.95,24,Wednesday,0,,ordinary weekday,53300.13,-0.01
Germany,2022-08-18,53815.98,21.37,24,Thursday,0,,ordinary weekday,53708.23,0.20
Germany,2022-08-19,52197.50,20.23,24,Friday,0,,ordinary weekday,52540.06,-0.65
Germany,2022-08-20,44098.94,19.29,24,Saturday,0,,weekend,,
Germany,2022-08-21,41040.33,19.20,24,Sunday,0,,weekend,,
Germany,2022-08-22,51282.09,19.83,24,Monday,0,,ordinary weekday,51482.26,-0.39
Germany,2022-08-23,53046.97,20.93,24,Tuesday,0,,ordinary weekday,52785.60,0.50
Germany,2022-08-24,53187.09,22.29,24,Wednesday,0,,ordinary weekday,53300.13,-0.21
Germany,2022-08-25,54194.23,22.97,24,Thursday,0,,ordinary weekday,53708.23,0.90
Germany,2022-08-26,53076.80,21.82,24,Friday,0,,ordinary weekday,52540.06,1.02
Germany,2022-08-27,45129.73,18.91,24,Saturday,0,,weekend,,
Germany,2022-08-28,42399.74,18.26,24,Sunday,0,,weekend,,
Germany,2022-08-29,51621.77,17.98,24,Monday,0,,ordinary weekday,51482.26,0.27
Germany,2022-08-30,52840.06,19.07,24,Tuesday,0,,ordinary weekday,52785.60,0.10
Germany,2022-08-31,53605.05,17.89,24,Wednesday,0,,ordinary weekday,53300.13,0.57
Germany,2022-09-01,52954.32,17.59,24,Thursday,0,,ordinary weekday,54539.30,-2.91
Germany,2022-09-02,53353.81,17.81,24,Friday,0,,ordinary weekday,53899.54,-1.01
Germany,2022-09-03,46702.94,17.95,24,Saturday,0,,weekend,,
Germany,2022-09-04,43234.01,19.04,24,Sunday,0,,weekend,,
Germany,2022-09-05,54683.45,20.44,24,Monday,0,,ordinary weekday,54174.69,0.94
Germany,2022-09-06,55652.18,20.39,24,Tuesday,0,,ordinary weekday,55053.99,1.09
Germany,2022-09-07,55175.58,19.92,24,Wednesday,0,,ordinary weekday,54512.26,1.22
Germany,2022-09-08,55904.61,17.05,24,Thursday,0,,ordinary weekday,54539.30,2.50
Germany,2022-09-09,53574.29,16.36,24,Friday,0,,ordinary weekday,53899.54,-0.60
Germany,2022-09-10,45423.47,15.21,24,Saturday,0,,weekend,,
Germany,2022-09-11,41790.71,15.52,24,Sunday,0,,weekend,,
Germany,2022-09-12,51770.84,16.30,24,Monday,0,,ordinary weekday,54174.69,-4.44
Germany,2022-09-13,55046.72,17.65,24,Tuesday,0,,ordinary weekday,55053.99,-0.01
Germany,2022-09-14,54706.79,16.68,24,Wednesday,0,,ordinary weekday,54512.26,0.36
Germany,2022-09-15,55672.07,15.14,24,Thursday,0,,ordinary weekday,54539.30,2.08
Germany,2022-09-16,55866.38,12.38,24,Friday,0,,ordinary weekday,53899.54,3.65
Germany,2022-09-17,48022.60,10.74,24,Saturday,0,,weekend,,
Germany,2022-09-18,45101.70,10.02,24,Sunday,0,,weekend,,
Germany,2022-09-19,54443.17,10.64,24,Monday,0,,ordinary weekday,54174.69,0.50
Germany,2022-09-20,53970.49,10.57,24,Tuesday,0,,ordinary weekday,55053.99,-1.97
Germany,2022-09-21,53373.97,10.46,24,Wednesday,0,,ordinary weekday,54512.26,-2.09
Germany,2022-09-22,53431.35,10.90,24,Thursday,0,,ordinary weekday,54539.30,-2.03
Germany,2022-09-23,52940.53,11.78,24,Friday,0,,ordinary weekday,53899.54,-1.78
Germany,2022-09-24,46186.26,12.54,24,Saturday,0,,weekend,,
Germany,2022-09-25,42800.91,11.99,24,Sunday,0,,weekend,,
Germany,2022-09-26,55801.31,10.88,24,Monday,0,,ordinary weekday,54174.69,3.00
Germany,2022-09-27,55546.56,9.67,24,Tuesday,0,,ordinary weekday,55053.99,0.89
Germany,2022-09-28,54792.69,8.80,24,Wednesday,0,,ordinary weekday,54512.26,0.51
Germany,2022-09-29,54734.12,8.76,24,Thursday,0,,ordinary weekday,54539.30,0.36
Germany,2022-09-30,53762.67,9.65,24,Friday,0,,ordinary weekday,53899.54,-0.25
Germany,2022-10-01,49583.00,11.04,24,Saturday,0,,weekend,,
Germany,2022-10-02,45334.25,12.30,24,Sunday,0,,weekend,,
Germany,2022-10-03,44806.91,11.45,24,Monday,1,German Unity Day,weekday public holiday,53343.97,-16.00
Germany,2022-10-04,53804.55,11.67,24,Tuesday,0,,ordinary weekday,55489.90,-3.04
Germany,2022-10-05,56912.81,14.23,24,Wednesday,0,,ordinary weekday,55658.17,2.25
Germany,2022-10-06,56571.41,14.10,24,Thursday,0,,ordinary weekday,56085.13,0.87
Germany,2022-10-07,55022.26,12.08,24,Friday,0,,ordinary weekday,54774.39,0.45
Germany,2022-10-08,48151.51,12.12,24,Saturday,0,,weekend,,
Germany,2022-10-09,43813.24,10.09,24,Sunday,0,,weekend,,
Germany,2022-10-10,55844.36,12.08,24,Monday,0,,ordinary weekday,53343.97,4.69
Germany,2022-10-11,55669.27,10.95,24,Tuesday,0,,ordinary weekday,55489.90,0.32
Germany,2022-10-12,54797.86,10.42,24,Wednesday,0,,ordinary weekday,55658.17,-1.55
Germany,2022-10-13,55181.28,11.51,24,Thursday,0,,ordinary weekday,56085.13,-1.61
Germany,2022-10-14,54286.47,12.75,24,Friday,0,,ordinary weekday,54774.39,-0.89
Germany,2022-10-15,47217.54,14.30,24,Saturday,0,,weekend,,
Germany,2022-10-16,45027.76,15.17,24,Sunday,0,,weekend,,
Germany,2022-10-17,54238.51,16.28,24,Monday,0,,ordinary weekday,53343.97,1.68
Germany,2022-10-18,56377.22,14.45,24,Tuesday,0,,ordinary weekday,55489.90,1.60
Germany,2022-10-19,55500.91,11.37,24,Wednesday,0,,ordinary weekday,55658.17,-0.28
Germany,2022-10-20,57008.86,11.13,24,Thursday,0,,ordinary weekday,56085.13,1.65
Germany,2022-10-21,55066.83,13.57,24,Friday,0,,ordinary weekday,54774.39,0.53
Germany,2022-10-22,46685.97,13.94,24,Saturday,0,,weekend,,
Germany,2022-10-23,43426.03,13.93,24,Sunday,0,,weekend,,
Germany,2022-10-24,55783.56,15.25,24,Monday,0,,ordinary weekday,53343.97,4.57
Germany,2022-10-25,56108.55,13.11,24,Tuesday,0,,ordinary weekday,55489.90,1.11
Germany,2022-10-26,55421.10,13.35,24,Wednesday,0,,ordinary weekday,55658.17,-0.43
Germany,2022-10-27,55578.98,14.07,24,Thursday,0,,ordinary weekday,56085.13,-0.90
Germany,2022-10-28,54722.00,16.46,24,Friday,0,,ordinary weekday,54774.39,-0.10
Germany,2022-10-29,46665.05,15.82,24,Saturday,0,,weekend,,
Germany,2022-10-30,42177.05,15.40,25,Sunday,0,,weekend,,
Germany,2022-10-31,47509.46,13.63,24,Monday,0,,ordinary weekday,53343.97,-10.94
Germany,2022-11-01,48983.38,13.27,24,Tuesday,0,,ordinary weekday,56875.23,-13.88
Germany,2022-11-02,56794.15,10.79,24,Wednesday,0,,ordinary weekday,58550.59,-3.00
Germany,2022-11-03,58462.38,9.95,24,Thursday,0,,ordinary weekday,58876.99,-0.70
Germany,2022-11-04,56046.16,9.03,24,Friday,0,,ordinary weekday,57358.65,-2.29
Germany,2022-11-05,48731.24,7.43,24,Saturday,0,,weekend,,
Germany,2022-11-06,47196.31,7.58,24,Sunday,0,,weekend,,
Germany,2022-11-07,57860.50,10.87,24,Monday,0,,ordinary weekday,58140.93,-0.48
Germany,2022-11-08,58178.96,11.14,24,Tuesday,0,,ordinary weekday,56875.23,2.29
Germany,2022-11-09,58180.32,11.70,24,Wednesday,0,,ordinary weekday,58550.59,-0.63
Germany,2022-11-10,58496.46,10.08,24,Thursday,0,,ordinary weekday,58876.99,-0.65
Germany,2022-11-11,57504.32,8.44,24,Friday,0,,ordinary weekday,57358.65,0.25
Germany,2022-11-12,48137.77,7.21,24,Saturday,0,,weekend,,
Germany,2022-11-13,44868.66,6.99,24,Sunday,0,,weekend,,
Germany,2022-11-14,57029.17,6.81,24,Monday,0,,ordinary weekday,58140.93,-1.91
Germany,2022-11-15,57396.42,9.09,24,Tuesday,0,,ordinary weekday,56875.23,0.92
Germany,2022-11-16,59066.00,8.24,24,Wednesday,0,,ordinary weekday,58550.59,0.88
Germany,2022-11-17,59646.38,7.17,24,Thursday,0,,ordinary weekday,58876.99,1.31
Germany,2022-11-18,58269.29,4.92,24,Friday,0,,ordinary weekday,57358.65,1.59
Germany,2022-11-19,50388.27,1.53,24,Saturday,0,,weekend,,
Germany,2022-11-20,46764.18,1.66,24,Sunday,0,,weekend,,
Germany,2022-11-21,57782.32,2.78,24,Monday,0,,ordinary weekday,58140.93,-0.62
Germany,2022-11-22,60319.08,4.06,24,Tuesday,0,,ordinary weekday,56875.23,6.06
Germany,2022-11-23,59285.51,5.28,24,Wednesday,0,,ordinary weekday,58550.59,1.26
Germany,2022-11-24,58902.75,5.86,24,Thursday,0,,ordinary weekday,58876.99,0.04
Germany,2022-11-25,57614.82,5.45,24,Friday,0,,ordinary weekday,57358.65,0.45
Germany,2022-11-26,49047.72,5.40,24,Saturday,0,,weekend,,
Germany,2022-11-27,47505.94,4.29,24,Sunday,0,,weekend,,
Germany,2022-11-28,59891.75,5.05,24,Monday,0,,ordinary weekday,58140.93,3.01
Germany,2022-11-29,59498.31,5.42,24,Tuesday,0,,ordinary weekday,56875.23,4.61
Germany,2022-11-30,59426.97,4.47,24,Wednesday,0,,ordinary weekday,58550.59,1.50
Germany,2022-12-01,59864.04,2.75,24,Thursday,0,,ordinary weekday,57726.04,3.70
Germany,2022-12-02,60479.88,1.37,24,Friday,0,,ordinary weekday,56344.98,7.34
Germany,2022-12-03,52594.84,0.44,24,Saturday,0,,weekend,,
Germany,2022-12-04,49613.16,1.29,24,Sunday,0,,weekend,,
Germany,2022-12-05,60098.47,2.05,24,Monday,0,,ordinary weekday,60986.05,-1.46
Germany,2022-12-06,60194.65,2.30,24,Tuesday,0,,ordinary weekday,58214.38,3.40
Germany,2022-12-07,60913.74,1.90,24,Wednesday,0,,ordinary weekday,57836.06,5.32
Germany,2022-12-08,60718.64,1.03,24,Thursday,0,,ordinary weekday,57726.04,5.18
Germany,2022-12-09,60113.50,-0.20,24,Friday,0,,ordinary weekday,56344.98,6.69
Germany,2022-12-10,52438.51,-0.87,24,Saturday,0,,weekend,,
Germany,2022-12-11,50615.72,-2.04,24,Sunday,0,,weekend,,
Germany,2022-12-12,61247.44,-2.81,24,Monday,0,,ordinary weekday,60986.05,0.43
Germany,2022-12-13,63142.07,-4.56,24,Tuesday,0,,ordinary weekday,58214.38,8.46
Germany,2022-12-14,63567.47,-3.59,24,Wednesday,0,,ordinary weekday,57836.06,9.91
Germany,2022-12-15,63075.12,-4.06,24,Thursday,0,,ordinary weekday,57726.04,9.27
Germany,2022-12-16,61524.81,-3.95,24,Friday,0,,ordinary weekday,56344.98,9.19
Germany,2022-12-17,55279.42,-4.78,24,Saturday,0,,weekend,,
Germany,2022-12-18,52970.90,-4.83,24,Sunday,0,,weekend,,
Germany,2022-12-19,61612.24,2.35,24,Monday,0,,ordinary weekday,60986.05,1.03
Germany,2022-12-20,59770.68,5.72,24,Tuesday,0,,ordinary weekday,58214.38,2.67
Germany,2022-12-21,56446.18,6.60,24,Wednesday,0,,ordinary weekday,57836.06,-2.40
Germany,2022-12-22,55749.78,7.17,24,Thursday,0,,ordinary weekday,57726.04,-3.42
Germany,2022-12-23,51090.02,7.66,24,Friday,0,,ordinary weekday,56344.98,-9.33
Germany,2022-12-24,43721.92,7.35,24,Saturday,0,,weekend,,
Germany,2022-12-25,41814.93,7.31,24,Sunday,1,Christmas Day,weekend public holiday,,
Germany,2022-12-26,43665.07,8.16,24,Monday,1,Boxing Day,weekday public holiday,60986.05,-28.40
Germany,2022-12-27,49750.11,3.81,24,Tuesday,0,,ordinary weekday,58214.38,-14.54
Germany,2022-12-28,50416.86,5.89,24,Wednesday,0,,ordinary weekday,57836.06,-12.83
Germany,2022-12-29,49222.59,8.62,24,Thursday,0,,ordinary weekday,57726.04,-14.73
Germany,2022-12-30,48516.69,6.93,24,Friday,0,,ordinary weekday,56344.98,-13.89
Germany,2022-12-31,44474.61,12.98,24,Saturday,0,,weekend,,
Germany,2023-01-01,41136.51,12.11,24,Sunday,1,New Year's Day,weekend public holiday,,
Germany,2023-01-02,51795.55,9.94,24,Monday,0,,ordinary weekday,58439.04,-11.37
Germany,2023-01-03,53922.19,6.16,24,Tuesday,0,,ordinary weekday,59450.40,-9.30
Germany,2023-01-04,58334.81,7.64,24,Wednesday,0,,ordinary weekday,60250.19,-3.18
Germany,2023-01-05,55629.45,8.53,24,Thursday,0,,ordinary weekday,60718.88,-8.38
Germany,2023-01-06,53174.30,8.33,24,Friday,0,,ordinary weekday,58730.76,-9.46
Germany,2023-01-07,48071.35,7.64,24,Saturday,0,,weekend,,
Germany,2023-01-08,46797.88,6.85,24,Sunday,0,,weekend,,
Germany,2023-01-09,57783.86,5.37,24,Monday,0,,ordinary weekday,58439.04,-1.12
Germany,2023-01-10,59913.61,4.40,24,Tuesday,0,,ordinary weekday,59450.40,0.78
Germany,2023-01-11,60989.96,7.23,24,Wednesday,0,,ordinary weekday,60250.19,1.23
Germany,2023-01-12,62299.85,7.46,24,Thursday,0,,ordinary weekday,60718.88,2.60
Germany,2023-01-13,60580.54,7.38,24,Friday,0,,ordinary weekday,58730.76,3.15
Germany,2023-01-14,53021.34,6.73,24,Saturday,0,,weekend,,
Germany,2023-01-15,50918.74,5.73,24,Sunday,0,,weekend,,
Germany,2023-01-16,60436.19,3.39,24,Monday,0,,ordinary weekday,58439.04,3.42
Germany,2023-01-17,61724.49,1.38,24,Tuesday,0,,ordinary weekday,59450.40,3.83
Germany,2023-01-18,61114.38,-0.75,24,Wednesday,0,,ordinary weekday,60250.19,1.43
Germany,2023-01-19,62673.01,-0.68,24,Thursday,0,,ordinary weekday,60718.88,3.22
Germany,2023-01-20,60111.08,-1.04,24,Friday,0,,ordinary weekday,58730.76,2.35
Germany,2023-01-21,54090.67,-1.31,24,Saturday,0,,weekend,,
Germany,2023-01-22,50630.81,-0.21,24,Sunday,0,,weekend,,
Germany,2023-01-23,59835.20,0.24,24,Monday,0,,ordinary weekday,58439.04,2.39
Germany,2023-01-24,59743.10,0.60,24,Tuesday,0,,ordinary weekday,59450.40,0.49
Germany,2023-01-25,60561.60,-0.49,24,Wednesday,0,,ordinary weekday,60250.19,0.52
Germany,2023-01-26,62273.22,-0.76,24,Thursday,0,,ordinary weekday,60718.88,2.56
Germany,2023-01-27,61057.09,0.30,24,Friday,0,,ordinary weekday,58730.76,3.96
Germany,2023-01-28,52589.21,-0.76,24,Saturday,0,,weekend,,
Germany,2023-01-29,50870.04,-0.77,24,Sunday,0,,weekend,,
Germany,2023-01-30,62344.42,2.40,24,Monday,0,,ordinary weekday,58439.04,6.68
Germany,2023-01-31,61948.60,2.83,24,Tuesday,0,,ordinary weekday,59450.40,4.20
Germany,2023-02-01,62113.29,3.90,24,Wednesday,0,,ordinary weekday,59782.09,3.90
Germany,2023-02-02,62201.08,4.27,24,Thursday,0,,ordinary weekday,60476.87,2.85
Germany,2023-02-03,61444.30,5.94,24,Friday,0,,ordinary weekday,60089.45,2.25
Germany,2023-02-04,51539.83,3.31,24,Saturday,0,,weekend,,
Germany,2023-02-05,49253.88,1.37,24,Sunday,0,,weekend,,
Germany,2023-02-06,59095.48,0.39,24,Monday,0,,ordinary weekday,57829.51,2.19
Germany,2023-02-07,60214.09,-1.38,24,Tuesday,0,,ordinary weekday,58602.50,2.75
Germany,2023-02-08,61069.26,-1.54,24,Wednesday,0,,ordinary weekday,59782.09,2.15
Germany,2023-02-09,62571.16,-1.09,24,Thursday,0,,ordinary weekday,60476.87,3.46
Germany,2023-02-10,61264.07,1.08,24,Friday,0,,ordinary weekday,60089.45,1.95
Germany,2023-02-11,53297.67,3.78,24,Saturday,0,,weekend,,
Germany,2023-02-12,47815.91,4.97,24,Sunday,0,,weekend,,
Germany,2023-02-13,57810.97,4.40,24,Monday,0,,ordinary weekday,57829.51,-0.03
Germany,2023-02-14,58120.74,3.32,24,Tuesday,0,,ordinary weekday,58602.50,-0.82
Germany,2023-02-15,58722.72,3.15,24,Wednesday,0,,ordinary weekday,59782.09,-1.77
Germany,2023-02-16,59443.56,4.90,24,Thursday,0,,ordinary weekday,60476.87,-1.71
Germany,2023-02-17,59384.69,8.74,24,Friday,0,,ordinary weekday,60089.45,-1.17
Germany,2023-02-18,51179.45,8.44,24,Saturday,0,,weekend,,
Germany,2023-02-19,46967.61,6.70,24,Sunday,0,,weekend,,
Germany,2023-02-20,56993.93,6.97,24,Monday,0,,ordinary weekday,57829.51,-1.44
Germany,2023-02-21,57804.81,7.63,24,Tuesday,0,,ordinary weekday,58602.50,-1.36
Germany,2023-02-22,57223.10,7.18,24,Wednesday,0,,ordinary weekday,59782.09,-4.28
Germany,2023-02-23,57691.68,7.26,24,Thursday,0,,ordinary weekday,60476.87,-4.61
Germany,2023-02-24,58264.72,4.56,24,Friday,0,,ordinary weekday,60089.45,-3.04
Germany,2023-02-25,53005.03,2.15,24,Saturday,0,,weekend,,
Germany,2023-02-26,48905.43,-0.46,24,Sunday,0,,weekend,,
Germany,2023-02-27,57417.67,-0.47,24,Monday,0,,ordinary weekday,57829.51,-0.71
Germany,2023-02-28,58270.35,-0.04,24,Tuesday,0,,ordinary weekday,58602.50,-0.57
Germany,2023-03-01,58257.39,0.50,24,Wednesday,0,,ordinary weekday,57881.63,0.65
Germany,2023-03-02,58326.12,1.80,24,Thursday,0,,ordinary weekday,57555.79,1.34
Germany,2023-03-03,57699.43,1.72,24,Friday,0,,ordinary weekday,56833.38,1.52
Germany,2023-03-04,52335.00,2.30,24,Saturday,0,,weekend,,
Germany,2023-03-05,48023.72,1.96,24,Sunday,0,,weekend,,
Germany,2023-03-06,57874.47,1.65,24,Monday,0,,ordinary weekday,56792.22,1.91
Germany,2023-03-07,60399.29,2.36,24,Tuesday,0,,ordinary weekday,58294.06,3.61
Germany,2023-03-08,58418.20,2.24,24,Wednesday,0,,ordinary weekday,57881.63,0.93
Germany,2023-03-09,57037.98,5.06,24,Thursday,0,,ordinary weekday,57555.79,-0.90
Germany,2023-03-10,57682.27,5.63,24,Friday,0,,ordinary weekday,56833.38,1.49
Germany,2023-03-11,51169.30,0.84,24,Saturday,0,,weekend,,
Germany,2023-03-12,47486.46,2.98,24,Sunday,0,,weekend,,
Germany,2023-03-13,58574.52,10.65,24,Monday,0,,ordinary weekday,56792.22,3.14
Germany,2023-03-14,59245.11,7.40,24,Tuesday,0,,ordinary weekday,58294.06,1.63
Germany,2023-03-15,59180.51,2.63,24,Wednesday,0,,ordinary weekday,57881.63,2.24
Germany,2023-03-16,58205.85,3.68,24,Thursday,0,,ordinary weekday,57555.79,1.13
Germany,2023-03-17,57036.69,8.51,24,Friday,0,,ordinary weekday,56833.38,0.36
Germany,2023-03-18,47041.98,10.53,24,Saturday,0,,weekend,,
Germany,2023-03-19,43612.88,9.48,24,Sunday,0,,weekend,,
Germany,2023-03-20,54704.18,7.95,24,Monday,0,,ordinary weekday,56792.22,-3.68
Germany,2023-03-21,55966.99,9.08,24,Tuesday,0,,ordinary weekday,58294.06,-3.99
Germany,2023-03-22,56609.36,10.62,24,Wednesday,0,,ordinary weekday,57881.63,-2.20
Germany,2023-03-23,57120.41,11.73,24,Thursday,0,,ordinary weekday,57555.79,-0.76
Germany,2023-03-24,56055.91,11.35,24,Friday,0,,ordinary weekday,56833.38,-1.37
Germany,2023-03-25,48187.51,8.48,24,Saturday,0,,weekend,,
Germany,2023-03-26,45592.70,7.05,23,Sunday,0,,weekend,,
Germany,2023-03-27,56015.70,3.49,24,Monday,0,,ordinary weekday,56792.22,-1.37
Germany,2023-03-28,57564.84,3.18,24,Tuesday,0,,ordinary weekday,58294.06,-1.25
Germany,2023-03-29,56942.71,7.27,24,Wednesday,0,,ordinary weekday,57881.63,-1.62
Germany,2023-03-30,57088.57,11.44,24,Thursday,0,,ordinary weekday,57555.79,-0.81
Germany,2023-03-31,55692.62,9.81,24,Friday,0,,ordinary weekday,56833.38,-2.01
Germany,2023-04-01,49993.03,7.87,24,Saturday,0,,weekend,,
Germany,2023-04-02,46404.55,5.44,24,Sunday,0,,weekend,,
Germany,2023-04-03,54956.11,3.04,24,Monday,0,,ordinary weekday,54032.77,1.71
Germany,2023-04-04,55357.18,1.90,24,Tuesday,0,,ordinary weekday,54549.31,1.48
Germany,2023-04-05,54958.53,2.89,24,Wednesday,0,,ordinary weekday,54966.12,-0.01
Germany,2023-04-06,54219.61,4.72,24,Thursday,0,,ordinary weekday,54543.10,-0.59
Germany,2023-04-07,45337.17,5.96,24,Friday,1,Good Friday,weekday public holiday,53058.86,-14.55
Germany,2023-04-08,44036.28,6.10,24,Saturday,0,,weekend,,
Germany,2023-04-09,38759.57,7.44,24,Sunday,0,,weekend,,
Germany,2023-04-10,41303.32,9.24,24,Monday,1,Easter Monday,weekday public holiday,54032.77,-23.56
Germany,2023-04-11,52472.62,8.89,24,Tuesday,0,,ordinary weekday,54549.31,-3.81
Germany,2023-04-12,54912.61,7.68,24,Wednesday,0,,ordinary weekday,54966.12,-0.10
Germany,2023-04-13,54285.53,7.45,24,Thursday,0,,ordinary weekday,54543.10,-0.47
Germany,2023-04-14,53082.57,6.96,24,Friday,0,,ordinary weekday,53058.86,0.04
Germany,2023-04-15,47256.91,7.00,24,Saturday,0,,weekend,,
Germany,2023-04-16,43669.93,7.98,24,Sunday,0,,weekend,,
Germany,2023-04-17,53689.00,8.61,24,Monday,0,,ordinary weekday,54032.77,-0.64
Germany,2023-04-18,55030.95,8.28,24,Tuesday,0,,ordinary weekday,54549.31,0.88
Germany,2023-04-19,55272.46,8.15,24,Wednesday,0,,ordinary weekday,54966.12,0.56
Germany,2023-04-20,55749.19,7.07,24,Thursday,0,,ordinary weekday,54543.10,2.21
Germany,2023-04-21,53004.36,11.00,24,Friday,0,,ordinary weekday,53058.86,-0.10
Germany,2023-04-22,44626.14,13.46,24,Saturday,0,,weekend,,
Germany,2023-04-23,41159.35,12.86,24,Sunday,0,,weekend,,
Germany,2023-04-24,53453.19,10.00,24,Monday,0,,ordinary weekday,54032.77,-1.07
Germany,2023-04-25,55336.50,7.15,24,Tuesday,0,,ordinary weekday,54549.31,1.44
Germany,2023-04-26,54720.86,5.97,24,Wednesday,0,,ordinary weekday,54966.12,-0.45
Germany,2023-04-27,53918.08,7.72,24,Thursday,0,,ordinary weekday,54543.10,-1.15
Germany,2023-04-28,53089.64,10.43,24,Friday,0,,ordinary weekday,53058.86,0.06
Germany,2023-04-29,45770.70,11.21,24,Saturday,0,,weekend,,
Germany,2023-04-30,40680.28,10.14,24,Sunday,0,,weekend,,
Germany,2023-05-01,41176.57,11.12,24,Monday,1,Labour Day,weekday public holiday,52383.62,-21.39
Germany,2023-05-02,52803.96,9.88,24,Tuesday,0,,ordinary weekday,52921.43,-0.22
Germany,2023-05-03,53221.41,9.30,24,Wednesday,0,,ordinary weekday,53273.26,-0.10
Germany,2023-05-04,53411.51,12.03,24,Thursday,0,,ordinary weekday,53438.86,-0.05
Germany,2023-05-05,54461.74,14.13,24,Friday,0,,ordinary weekday,51199.42,6.37
Germany,2023-05-06,46455.24,13.20,24,Saturday,0,,weekend,,
Germany,2023-05-07,42934.73,13.69,24,Sunday,0,,weekend,,
Germany,2023-05-08,53342.34,13.41,24,Monday,0,,ordinary weekday,52383.62,1.83
Germany,2023-05-09,54720.70,14.16,24,Tuesday,0,,ordinary weekday,52921.43,3.40
Germany,2023-05-10,55102.20,13.13,24,Wednesday,0,,ordinary weekday,53273.26,3.43
Germany,2023-05-11,54622.71,12.19,24,Thursday,0,,ordinary weekday,53438.86,2.22
Germany,2023-05-12,53333.43,13.65,24,Friday,0,,ordinary weekday,51199.42,4.17
Germany,2023-05-13,44796.58,13.53,24,Saturday,0,,weekend,,
Germany,2023-05-14,40953.01,13.33,24,Sunday,0,,weekend,,
Germany,2023-05-15,51819.09,13.17,24,Monday,0,,ordinary weekday,52383.62,-1.08
Germany,2023-05-16,54320.47,10.91,24,Tuesday,0,,ordinary weekday,52921.43,2.64
Germany,2023-05-17,53862.53,9.34,24,Wednesday,0,,ordinary weekday,53273.26,1.11
Germany,2023-05-18,41547.58,10.16,24,Thursday,1,Ascension Day,weekday public holiday,53438.86,-22.25
Germany,2023-05-19,45842.94,12.07,24,Friday,0,,ordinary weekday,51199.42,-10.46
Germany,2023-05-20,43428.12,14.45,24,Saturday,0,,weekend,,
Germany,2023-05-21,41290.60,17.71,24,Sunday,0,,weekend,,
Germany,2023-05-22,51989.42,18.71,24,Monday,0,,ordinary weekday,52383.62,-0.75
Germany,2023-05-23,53558.50,14.63,24,Tuesday,0,,ordinary weekday,52921.43,1.20
Germany,2023-05-24,52538.04,11.37,24,Wednesday,0,,ordinary weekday,53273.26,-1.38
Germany,2023-05-25,52282.35,13.07,24,Thursday,0,,ordinary weekday,53438.86,-2.16
Germany,2023-05-26,51159.58,13.54,24,Friday,0,,ordinary weekday,51199.42,-0.08
Germany,2023-05-27,41576.72,14.51,24,Saturday,0,,weekend,,
Germany,2023-05-28,37535.71,15.88,24,Sunday,0,,weekend,,
Germany,2023-05-29,38536.25,15.37,24,Monday,1,Whit Monday,weekday public holiday,52383.62,-26.43
Germany,2023-05-30,49203.54,14.70,24,Tuesday,0,,ordinary weekday,52921.43,-7.03
Germany,2023-05-31,51642.14,16.64,24,Wednesday,0,,ordinary weekday,53273.26,-3.06
Germany,2023-06-01,52651.51,16.02,24,Thursday,0,,ordinary weekday,51321.39,2.59
Germany,2023-06-02,50952.44,14.58,24,Friday,0,,ordinary weekday,50804.72,0.29
Germany,2023-06-03,42493.41,15.46,24,Saturday,0,,weekend,,
Germany,2023-06-04,39551.23,16.27,24,Sunday,0,,weekend,,
Germany,2023-06-05,49918.16,17.38,24,Monday,0,,ordinary weekday,51749.13,-3.54
Germany,2023-06-06,51588.12,17.46,24,Tuesday,0,,ordinary weekday,53054.89,-2.76
Germany,2023-06-07,51262.60,17.92,24,Wednesday,0,,ordinary weekday,52863.33,-3.03
Germany,2023-06-08,44698.29,18.91,24,Thursday,0,,ordinary weekday,51321.39,-12.91
Germany,2023-06-09,47591.64,20.15,24,Friday,0,,ordinary weekday,50804.72,-6.32
Germany,2023-06-10,44281.06,20.68,24,Saturday,0,,weekend,,
Germany,2023-06-11,41667.72,21.32,24,Sunday,0,,weekend,,
Germany,2023-06-12,52528.70,20.70,24,Monday,0,,ordinary weekday,51749.13,1.51
Germany,2023-06-13,53220.01,19.40,24,Tuesday,0,,ordinary weekday,53054.89,0.31
Germany,2023-06-14,52647.08,18.28,24,Wednesday,0,,ordinary weekday,52863.33,-0.41
Germany,2023-06-15,52382.12,18.63,24,Thursday,0,,ordinary weekday,51321.39,2.07
Germany,2023-06-16,51714.08,18.48,24,Friday,0,,ordinary weekday,50804.72,1.79
Germany,2023-06-17,43771.64,19.51,24,Saturday,0,,weekend,,
Germany,2023-06-18,41202.75,21.43,24,Sunday,0,,weekend,,
Germany,2023-06-19,52081.61,22.58,24,Monday,0,,ordinary weekday,51749.13,0.64
Germany,2023-06-20,54064.40,22.95,24,Tuesday,0,,ordinary weekday,53054.89,1.90
Germany,2023-06-21,54658.33,22.72,24,Wednesday,0,,ordinary weekday,52863.33,3.40
Germany,2023-06-22,53786.92,22.63,24,Thursday,0,,ordinary weekday,51321.39,4.80
Germany,2023-06-23,51974.76,18.83,24,Friday,0,,ordinary weekday,50804.72,2.30
Germany,2023-06-24,43361.14,19.88,24,Saturday,0,,weekend,,
Germany,2023-06-25,40502.35,22.02,24,Sunday,0,,weekend,,
Germany,2023-06-26,52468.04,21.60,24,Monday,0,,ordinary weekday,51749.13,1.39
Germany,2023-06-27,53347.03,17.94,24,Tuesday,0,,ordinary weekday,53054.89,0.55
Germany,2023-06-28,52885.30,17.75,24,Wednesday,0,,ordinary weekday,52863.33,0.04
Germany,2023-06-29,53088.08,20.02,24,Thursday,0,,ordinary weekday,51321.39,3.44
Germany,2023-06-30,51790.67,18.37,24,Friday,0,,ordinary weekday,50804.72,1.94
Germany,2023-07-01,44248.74,17.65,24,Saturday,0,,weekend,,
Germany,2023-07-02,41987.07,17.54,24,Sunday,0,,weekend,,
Germany,2023-07-03,52642.18,17.28,24,Monday,0,,ordinary weekday,51515.28,2.19
Germany,2023-07-04,53739.33,18.09,24,Tuesday,0,,ordinary weekday,52522.93,2.32
Germany,2023-07-05,53759.02,17.43,24,Wednesday,0,,ordinary weekday,52371.68,2.65
Germany,2023-07-06,52212.51,17.59,24,Thursday,0,,ordinary weekday,51850.04,0.70
Germany,2023-07-07,50853.30,20.40,24,Friday,0,,ordinary weekday,50498.70,0.70
Germany,2023-07-08,43789.57,23.36,24,Saturday,0,,weekend,,
Germany,2023-07-09,41808.40,25.18,24,Sunday,0,,weekend,,
Germany,2023-07-10,52431.72,22.90,24,Monday,0,,ordinary weekday,51515.28,1.78
Germany,2023-07-11,53224.83,24.22,24,Tuesday,0,,ordinary weekday,52522.93,1.34
Germany,2023-07-12,53549.25,21.85,24,Wednesday,0,,ordinary weekday,52371.68,2.25
Germany,2023-07-13,52515.56,19.26,24,Thursday,0,,ordinary weekday,51850.04,1.28
Germany,2023-07-14,51036.70,20.52,24,Friday,0,,ordinary weekday,50498.70,1.07
Germany,2023-07-15,45320.90,24.30,24,Saturday,0,,weekend,,
Germany,2023-07-16,41188.07,21.13,24,Sunday,0,,weekend,,
Germany,2023-07-17,51128.86,19.91,24,Monday,0,,ordinary weekday,51515.28,-0.75
Germany,2023-07-18,52076.05,19.73,24,Tuesday,0,,ordinary weekday,52522.93,-0.85
Germany,2023-07-19,51514.18,19.77,24,Wednesday,0,,ordinary weekday,52371.68,-1.64
Germany,2023-07-20,51528.79,18.16,24,Thursday,0,,ordinary weekday,51850.04,-0.62
Germany,2023-07-21,49888.99,17.63,24,Friday,0,,ordinary weekday,50498.70,-1.21
Germany,2023-07-22,42231.92,17.40,24,Saturday,0,,weekend,,
Germany,2023-07-23,40828.01,19.14,24,Sunday,0,,weekend,,
Germany,2023-07-24,50897.66,19.34,24,Monday,0,,ordinary weekday,51515.28,-1.20
Germany,2023-07-25,51051.52,16.04,24,Tuesday,0,,ordinary weekday,52522.93,-2.80
Germany,2023-07-26,50664.28,15.00,24,Wednesday,0,,ordinary weekday,52371.68,-3.26
Germany,2023-07-27,51143.29,15.81,24,Thursday,0,,ordinary weekday,51850.04,-1.36
Germany,2023-07-28,50215.80,18.58,24,Friday,0,,ordinary weekday,50498.70,-0.56
Germany,2023-07-29,42764.84,19.07,24,Saturday,0,,weekend,,
Germany,2023-07-30,39845.09,18.01,24,Sunday,0,,weekend,,
Germany,2023-07-31,50475.97,17.42,24,Monday,0,,ordinary weekday,51515.28,-2.02
Germany,2023-08-01,51025.22,17.24,24,Tuesday,0,,ordinary weekday,51344.80,-0.62
Germany,2023-08-02,52061.25,17.27,24,Wednesday,0,,ordinary weekday,51470.60,1.15
Germany,2023-08-03,51829.64,17.40,24,Thursday,0,,ordinary weekday,51687.82,0.27
Germany,2023-08-04,49551.84,16.72,24,Friday,0,,ordinary weekday,50499.17,-1.88
Germany,2023-08-05,41772.88,16.31,24,Saturday,0,,weekend,,
Germany,2023-08-06,40488.91,14.79,24,Sunday,0,,weekend,,
Germany,2023-08-07,50512.20,13.92,24,Monday,0,,ordinary weekday,50550.33,-0.08
Germany,2023-08-08,50880.73,15.01,24,Tuesday,0,,ordinary weekday,51344.80,-0.90
Germany,2023-08-09,51018.85,15.72,24,Wednesday,0,,ordinary weekday,51470.60,-0.88
Germany,2023-08-10,50416.62,16.38,24,Thursday,0,,ordinary weekday,51687.82,-2.46
Germany,2023-08-11,49346.43,19.79,24,Friday,0,,ordinary weekday,50499.17,-2.28
Germany,2023-08-12,43976.64,20.72,24,Saturday,0,,weekend,,
Germany,2023-08-13,40145.91,20.29,24,Sunday,0,,weekend,,
Germany,2023-08-14,49541.04,21.87,24,Monday,0,,ordinary weekday,50550.33,-2.00
Germany,2023-08-15,50389.77,22.53,24,Tuesday,0,,ordinary weekday,51344.80,-1.86
Germany,2023-08-16,50859.81,20.85,24,Wednesday,0,,ordinary weekday,51470.60,-1.19
Germany,2023-08-17,51736.47,20.50,24,Thursday,0,,ordinary weekday,51687.82,0.09
Germany,2023-08-18,50864.54,22.19,24,Friday,0,,ordinary weekday,50499.17,0.72
Germany,2023-08-19,44411.27,24.19,24,Saturday,0,,weekend,,
Germany,2023-08-20,40789.54,23.19,24,Sunday,0,,weekend,,
Germany,2023-08-21,51265.17,22.65,24,Monday,0,,ordinary weekday,50550.33,1.41
Germany,2023-08-22,52271.28,22.18,24,Tuesday,0,,ordinary weekday,51344.80,1.80
Germany,2023-08-23,51729.01,21.19,24,Wednesday,0,,ordinary weekday,51470.60,0.50
Germany,2023-08-24,52569.01,22.00,24,Thursday,0,,ordinary weekday,51687.82,1.70
Germany,2023-08-25,52233.85,21.59,24,Friday,0,,ordinary weekday,50499.17,3.44
Germany,2023-08-26,43945.77,18.88,24,Saturday,0,,weekend,,
Germany,2023-08-27,40557.70,16.58,24,Sunday,0,,weekend,,
Germany,2023-08-28,50882.92,14.94,24,Monday,0,,ordinary weekday,50550.33,0.66
Germany,2023-08-29,52156.98,14.36,24,Tuesday,0,,ordinary weekday,51344.80,1.58
Germany,2023-08-30,51684.08,14.74,24,Wednesday,0,,ordinary weekday,51470.60,0.41
Germany,2023-08-31,51887.39,14.34,24,Thursday,0,,ordinary weekday,51687.82,0.39
Germany,2023-09-01,51979.21,16.06,24,Friday,0,,ordinary weekday,52186.05,-0.40
Germany,2023-09-02,43173.71,17.63,24,Saturday,0,,weekend,,
Germany,2023-09-03,40546.74,17.49,24,Sunday,0,,weekend,,
Germany,2023-09-04,50280.92,18.12,24,Monday,0,,ordinary weekday,51917.32,-3.15
Germany,2023-09-05,52268.99,19.98,24,Tuesday,0,,ordinary weekday,53103.95,-1.57
Germany,2023-09-06,52543.10,20.19,24,Wednesday,0,,ordinary weekday,53298.61,-1.42
Germany,2023-09-07,52977.79,20.65,24,Thursday,0,,ordinary weekday,53508.47,-0.99
Germany,2023-09-08,52017.73,21.01,24,Friday,0,,ordinary weekday,52186.05,-0.32
Germany,2023-09-09,44548.86,21.35,24,Saturday,0,,weekend,,
Germany,2023-09-10,41325.57,21.71,24,Sunday,0,,weekend,,
Germany,2023-09-11,52458.44,22.19,24,Monday,0,,ordinary weekday,51917.32,1.04
Germany,2023-09-12,54530.67,21.15,24,Tuesday,0,,ordinary weekday,53103.95,2.69
Germany,2023-09-13,54726.86,18.17,24,Wednesday,0,,ordinary weekday,53298.61,2.68
Germany,2023-09-14,52921.03,15.52,24,Thursday,0,,ordinary weekday,53508.47,-1.10
Germany,2023-09-15,51594.28,16.65,24,Friday,0,,ordinary weekday,52186.05,-1.13
Germany,2023-09-16,44176.43,18.97,24,Saturday,0,,weekend,,
Germany,2023-09-17,41218.83,20.37,24,Sunday,0,,weekend,,
Germany,2023-09-18,53414.76,19.77,24,Monday,0,,ordinary weekday,51917.32,2.88
Germany,2023-09-19,52828.07,17.19,24,Tuesday,0,,ordinary weekday,53103.95,-0.52
Germany,2023-09-20,52743.76,18.37,24,Wednesday,0,,ordinary weekday,53298.61,-1.04
Germany,2023-09-21,54345.91,19.09,24,Thursday,0,,ordinary weekday,53508.47,1.57
Germany,2023-09-22,52453.51,15.42,24,Friday,0,,ordinary weekday,52186.05,0.51
Germany,2023-09-23,43992.40,13.45,24,Saturday,0,,weekend,,
Germany,2023-09-24,40187.99,13.39,24,Sunday,0,,weekend,,
Germany,2023-09-25,51515.16,14.47,24,Monday,0,,ordinary weekday,51917.32,-0.77
Germany,2023-09-26,52788.08,15.65,24,Tuesday,0,,ordinary weekday,53103.95,-0.59
Germany,2023-09-27,53180.71,17.14,24,Wednesday,0,,ordinary weekday,53298.61,-0.22
Germany,2023-09-28,53789.17,18.34,24,Thursday,0,,ordinary weekday,53508.47,0.52
Germany,2023-09-29,52885.53,18.11,24,Friday,0,,ordinary weekday,52186.05,1.34
Germany,2023-09-30,44779.09,15.30,24,Saturday,0,,weekend,,
Germany,2023-10-01,40683.50,15.71,24,Sunday,0,,weekend,,
Germany,2023-10-02,47165.88,17.91,24,Monday,0,,ordinary weekday,53212.06,-11.36
Germany,2023-10-03,44129.65,17.36,24,Tuesday,1,German Unity Day,weekday public holiday,55914.43,-21.08
Germany,2023-10-04,53120.84,13.65,24,Wednesday,0,,ordinary weekday,55804.33,-4.81
Germany,2023-10-05,54968.44,13.20,24,Thursday,0,,ordinary weekday,56986.46,-3.54
Germany,2023-10-06,53892.68,13.41,24,Friday,0,,ordinary weekday,55582.93,-3.04
Germany,2023-10-07,46256.35,15.05,24,Saturday,0,,weekend,,
Germany,2023-10-08,42044.27,14.59,24,Sunday,0,,weekend,,
Germany,2023-10-09,53393.91,14.96,24,Monday,0,,ordinary weekday,53212.06,0.34
Germany,2023-10-10,54991.41,16.14,24,Tuesday,0,,ordinary weekday,55914.43,-1.65
Germany,2023-10-11,55259.36,17.68,24,Wednesday,0,,ordinary weekday,55804.33,-0.98
Germany,2023-10-12,56371.89,16.17,24,Thursday,0,,ordinary weekday,56986.46,-1.08
Germany,2023-10-13,54557.16,18.23,24,Friday,0,,ordinary weekday,55582.93,-1.85
Germany,2023-10-14,46749.00,14.18,24,Saturday,0,,weekend,,
Germany,2023-10-15,45144.15,8.25,24,Sunday,0,,weekend,,
Germany,2023-10-16,55379.41,6.84,24,Monday,0,,ordinary weekday,53212.06,4.07
Germany,2023-10-17,56547.64,7.31,24,Tuesday,0,,ordinary weekday,55914.43,1.13
Germany,2023-10-18,57501.23,7.99,24,Wednesday,0,,ordinary weekday,55804.33,3.04
Germany,2023-10-19,58474.44,11.64,24,Thursday,0,,ordinary weekday,56986.46,2.61
Germany,2023-10-20,57151.97,11.27,24,Friday,0,,ordinary weekday,55582.93,2.82
Germany,2023-10-21,47403.56,12.63,24,Saturday,0,,weekend,,
Germany,2023-10-22,44696.34,11.88,24,Sunday,0,,weekend,,
Germany,2023-10-23,55637.46,10.77,24,Monday,0,,ordinary weekday,53212.06,4.56
Germany,2023-10-24,57861.81,11.20,24,Tuesday,0,,ordinary weekday,55914.43,3.48
Germany,2023-10-25,57335.86,10.28,24,Wednesday,0,,ordinary weekday,55804.33,2.74
Germany,2023-10-26,58131.07,10.41,24,Thursday,0,,ordinary weekday,56986.46,2.01
Germany,2023-10-27,56729.91,9.78,24,Friday,0,,ordinary weekday,55582.93,2.06
Germany,2023-10-28,47694.93,10.14,24,Saturday,0,,weekend,,
Germany,2023-10-29,46501.05,12.26,25,Sunday,0,,weekend,,
Germany,2023-10-30,54483.64,12.44,24,Monday,0,,ordinary weekday,53212.06,2.39
Germany,2023-10-31,54256.88,10.39,24,Tuesday,0,,ordinary weekday,55914.43,-2.96
Germany,2023-11-01,49802.97,10.84,24,Wednesday,0,,ordinary weekday,59135.18,-15.78
Germany,2023-11-02,57562.44,10.33,24,Thursday,0,,ordinary weekday,60830.67,-5.37
Germany,2023-11-03,56570.29,8.10,24,Friday,0,,ordinary weekday,58967.47,-4.07
Germany,2023-11-04,50045.15,7.81,24,Saturday,0,,weekend,,
Germany,2023-11-05,46681.86,9.33,24,Sunday,0,,weekend,,
Germany,2023-11-06,58455.82,9.44,24,Monday,0,,ordinary weekday,59138.66,-1.15
Germany,2023-11-07,59680.43,8.17,24,Tuesday,0,,ordinary weekday,61064.95,-2.27
Germany,2023-11-08,60416.92,7.89,24,Wednesday,0,,ordinary weekday,59135.18,2.17
Germany,2023-11-09,60489.31,8.11,24,Thursday,0,,ordinary weekday,60830.67,-0.56
Germany,2023-11-10,58826.52,7.19,24,Friday,0,,ordinary weekday,58967.47,-0.24
Germany,2023-11-11,49778.70,5.70,24,Saturday,0,,weekend,,
Germany,2023-11-12,47161.04,5.20,24,Sunday,0,,weekend,,
Germany,2023-11-13,58810.49,8.38,24,Monday,0,,ordinary weekday,59138.66,-0.55
Germany,2023-11-14,60078.20,10.34,24,Tuesday,0,,ordinary weekday,61064.95,-1.62
Germany,2023-11-15,60029.22,8.28,24,Wednesday,0,,ordinary weekday,59135.18,1.51
Germany,2023-11-16,60730.42,6.58,24,Thursday,0,,ordinary weekday,60830.67,-0.16
Germany,2023-11-17,59560.78,4.38,24,Friday,0,,ordinary weekday,58967.47,1.01
Germany,2023-11-18,51053.25,4.69,24,Saturday,0,,weekend,,
Germany,2023-11-19,48406.79,9.64,24,Sunday,0,,weekend,,
Germany,2023-11-20,57853.67,8.98,24,Monday,0,,ordinary weekday,59138.66,-2.17
Germany,2023-11-21,60410.99,5.97,24,Tuesday,0,,ordinary weekday,61064.95,-1.07
Germany,2023-11-22,61088.56,1.70,24,Wednesday,0,,ordinary weekday,59135.18,3.30
Germany,2023-11-23,61833.84,5.91,24,Thursday,0,,ordinary weekday,60830.67,1.65
Germany,2023-11-24,60912.27,4.47,24,Friday,0,,ordinary weekday,58967.47,3.30
Germany,2023-11-25,53116.32,1.87,24,Saturday,0,,weekend,,
Germany,2023-11-26,49358.94,1.35,24,Sunday,0,,weekend,,
Germany,2023-11-27,61434.66,1.87,24,Monday,0,,ordinary weekday,59138.66,3.88
Germany,2023-11-28,64090.17,-0.23,24,Tuesday,0,,ordinary weekday,61064.95,4.95
Germany,2023-11-29,64338.25,-0.83,24,Wednesday,0,,ordinary weekday,59135.18,8.80
Germany,2023-11-30,63537.32,-1.08,24,Thursday,0,,ordinary weekday,60830.67,4.45
Germany,2023-12-01,62751.48,-1.61,24,Friday,0,,ordinary weekday,57780.70,8.60
Germany,2023-12-02,54798.15,-2.73,24,Saturday,0,,weekend,,
Germany,2023-12-03,52165.29,-3.19,24,Sunday,0,,weekend,,
Germany,2023-12-04,64280.19,-2.59,24,Monday,0,,ordinary weekday,61313.28,4.84
Germany,2023-12-05,65226.42,1.17,24,Tuesday,0,,ordinary weekday,62068.24,5.09
Germany,2023-12-06,64351.79,1.13,24,Wednesday,0,,ordinary weekday,58175.23,10.62
Germany,2023-12-07,63035.84,-0.12,24,Thursday,0,,ordinary weekday,57695.48,9.26
Germany,2023-12-08,62128.68,1.30,24,Friday,0,,ordinary weekday,57780.70,7.52
Germany,2023-12-09,52665.91,4.53,24,Saturday,0,,weekend,,
Germany,2023-12-10,49699.07,6.58,24,Sunday,0,,weekend,,
Germany,2023-12-11,59366.97,7.82,24,Monday,0,,ordinary weekday,61313.28,-3.17
Germany,2023-12-12,60160.98,6.87,24,Tuesday,0,,ordinary weekday,62068.24,-3.07
Germany,2023-12-13,61157.39,6.13,24,Wednesday,0,,ordinary weekday,58175.23,5.13
Germany,2023-12-14,59802.00,3.85,24,Thursday,0,,ordinary weekday,57695.48,3.65
Germany,2023-12-15,58814.00,4.12,24,Friday,0,,ordinary weekday,57780.70,1.79
Germany,2023-12-16,52296.12,4.56,24,Saturday,0,,weekend,,
Germany,2023-12-17,49662.66,4.94,24,Sunday,0,,weekend,,
Germany,2023-12-18,60292.70,3.91,24,Monday,0,,ordinary weekday,61313.28,-1.66
Germany,2023-12-19,60817.32,4.04,24,Tuesday,0,,ordinary weekday,62068.24,-2.02
Germany,2023-12-20,58980.82,4.73,24,Wednesday,0,,ordinary weekday,58175.23,1.38
Germany,2023-12-21,57737.15,6.61,24,Thursday,0,,ordinary weekday,57695.48,0.07
Germany,2023-12-22,55772.20,4.89,24,Friday,0,,ordinary weekday,57780.70,-3.48
Germany,2023-12-23,50012.98,5.27,24,Saturday,0,,weekend,,
Germany,2023-12-24,45606.15,8.16,24,Sunday,0,,weekend,,
Germany,2023-12-25,44133.21,8.97,24,Monday,1,Christmas Day,weekday public holiday,61313.28,-28.02
Germany,2023-12-26,44883.01,7.63,24,Tuesday,1,Boxing Day,weekday public holiday,62068.24,-27.69
Germany,2023-12-27,48210.94,5.65,24,Wednesday,0,,ordinary weekday,58175.23,-17.13
Germany,2023-12-28,50206.93,8.06,24,Thursday,0,,ordinary weekday,57695.48,-12.98
Germany,2023-12-29,49437.15,8.35,24,Friday,0,,ordinary weekday,57780.70,-14.44
Germany,2023-12-30,46013.74,6.80,24,Saturday,0,,weekend,,
Germany,2023-12-31,43828.75,5.94,24,Sunday,0,,weekend,,
Germany,2024-01-01,42545.00,5.56,24,Monday,1,New Year's Day,weekday public holiday,62568.25,-32.00
Germany,2024-01-02,52963.64,6.47,24,Tuesday,0,,ordinary weekday,61236.13,-13.51
Germany,2024-01-03,56418.77,8.33,24,Wednesday,0,,ordinary weekday,62553.86,-9.81
Germany,2024-01-04,57579.31,5.39,24,Thursday,0,,ordinary weekday,62192.18,-7.42
Germany,2024-01-05,56948.26,4.31,24,Friday,0,,ordinary weekday,61969.01,-8.10
Germany,2024-01-06,52011.33,2.67,24,Saturday,0,,weekend,,
Germany,2024-01-07,51215.31,-0.66,24,Sunday,0,,weekend,,
Germany,2024-01-08,62529.91,-3.70,24,Monday,0,,ordinary weekday,62568.25,-0.06
Germany,2024-01-09,63989.71,-5.20,24,Tuesday,0,,ordinary weekday,61236.13,4.50
Germany,2024-01-10,64078.08,-4.39,24,Wednesday,0,,ordinary weekday,62553.86,2.44
Germany,2024-01-11,64730.73,-3.52,24,Thursday,0,,ordinary weekday,62192.18,4.08
Germany,2024-01-12,64077.99,-1.65,24,Friday,0,,ordinary weekday,61969.01,3.40
Germany,2024-01-13,57755.47,-0.26,24,Saturday,0,,weekend,,
Germany,2024-01-14,54323.60,-0.45,24,Sunday,0,,weekend,,
Germany,2024-01-15,65431.54,-0.68,24,Monday,0,,ordinary weekday,62568.25,4.58
Germany,2024-01-16,64812.10,-1.86,24,Tuesday,0,,ordinary weekday,61236.13,5.84
Germany,2024-01-17,66448.81,-1.23,24,Wednesday,0,,ordinary weekday,62553.86,6.23
Germany,2024-01-18,65209.01,-1.02,24,Thursday,0,,ordinary weekday,62192.18,4.85
Germany,2024-01-19,66248.27,-2.65,24,Friday,0,,ordinary weekday,61969.01,6.91
Germany,2024-01-20,57938.82,-3.14,24,Saturday,0,,weekend,,
Germany,2024-01-21,54906.68,-0.54,24,Sunday,0,,weekend,,
Germany,2024-01-22,64086.70,6.08,24,Monday,0,,ordinary weekday,62568.25,2.43
Germany,2024-01-23,64167.27,5.24,24,Tuesday,0,,ordinary weekday,61236.13,4.79
Germany,2024-01-24,62699.21,8.63,24,Wednesday,0,,ordinary weekday,62553.86,0.23
Germany,2024-01-25,61249.67,5.83,24,Thursday,0,,ordinary weekday,62192.18,-1.52
Germany,2024-01-26,60601.53,6.53,24,Friday,0,,ordinary weekday,61969.01,-2.21
Germany,2024-01-27,53324.36,2.57,24,Saturday,0,,weekend,,
Germany,2024-01-28,47424.10,2.10,24,Sunday,0,,weekend,,
Germany,2024-01-29,58224.85,4.14,24,Monday,0,,ordinary weekday,62568.25,-6.94
Germany,2024-01-30,60247.93,5.35,24,Tuesday,0,,ordinary weekday,61236.13,-1.61
Germany,2024-01-31,63124.45,5.21,24,Wednesday,0,,ordinary weekday,62553.86,0.91
Germany,2024-02-01,62815.41,5.53,24,Thursday,0,,ordinary weekday,60696.09,3.49
Germany,2024-02-02,61838.22,4.99,24,Friday,0,,ordinary weekday,60237.06,2.66
Germany,2024-02-03,53942.23,7.46,24,Saturday,0,,weekend,,
Germany,2024-02-04,51153.10,7.51,24,Sunday,0,,weekend,,
Germany,2024-02-05,60238.58,7.99,24,Monday,0,,ordinary weekday,58700.62,2.62
Germany,2024-02-06,62220.76,7.43,24,Tuesday,0,,ordinary weekday,60419.19,2.98
Germany,2024-02-07,62339.51,5.42,24,Wednesday,0,,ordinary weekday,60591.61,2.88
Germany,2024-02-08,61115.44,4.80,24,Thursday,0,,ordinary weekday,60696.09,0.69
Germany,2024-02-09,60425.40,8.15,24,Friday,0,,ordinary weekday,60237.06,0.31
Germany,2024-02-10,50908.96,8.62,24,Saturday,0,,weekend,,
Germany,2024-02-11,48404.45,6.97,24,Sunday,0,,weekend,,
Germany,2024-02-12,57304.22,6.00,24,Monday,0,,ordinary weekday,58700.62,-2.38
Germany,2024-02-13,59890.74,4.54,24,Tuesday,0,,ordinary weekday,60419.19,-0.87
Germany,2024-02-14,59408.85,7.20,24,Wednesday,0,,ordinary weekday,60591.61,-1.95
Germany,2024-02-15,58304.22,10.17,24,Thursday,0,,ordinary weekday,60696.09,-3.94
Germany,2024-02-16,58468.59,10.29,24,Friday,0,,ordinary weekday,60237.06,-2.94
Germany,2024-02-17,50294.96,8.61,24,Saturday,0,,weekend,,
Germany,2024-02-18,47749.75,7.34,24,Sunday,0,,weekend,,
Germany,2024-02-19,58952.09,7.50,24,Monday,0,,ordinary weekday,58700.62,0.43
Germany,2024-02-20,60021.70,6.82,24,Tuesday,0,,ordinary weekday,60419.19,-0.66
Germany,2024-02-21,60770.97,7.60,24,Wednesday,0,,ordinary weekday,60591.61,0.30
Germany,2024-02-22,60687.79,8.82,24,Thursday,0,,ordinary weekday,60696.09,-0.01
Germany,2024-02-23,60216.03,5.88,24,Friday,0,,ordinary weekday,60237.06,-0.03
Germany,2024-02-24,50857.81,4.29,24,Saturday,0,,weekend,,
Germany,2024-02-25,48285.66,4.81,24,Sunday,0,,weekend,,
Germany,2024-02-26,58307.58,5.12,24,Monday,0,,ordinary weekday,58700.62,-0.67
Germany,2024-02-27,59543.57,4.74,24,Tuesday,0,,ordinary weekday,60419.19,-1.45
Germany,2024-02-28,59847.09,4.21,24,Wednesday,0,,ordinary weekday,60591.61,-1.23
Germany,2024-02-29,60557.60,5.38,24,Thursday,0,,ordinary weekday,60696.09,-0.23
Germany,2024-03-01,58306.40,6.41,24,Friday,0,,ordinary weekday,57605.29,1.22
Germany,2024-03-02,49375.02,7.92,24,Saturday,0,,weekend,,
Germany,2024-03-03,46363.48,8.74,24,Sunday,0,,weekend,,
Germany,2024-03-04,58809.30,7.30,24,Monday,0,,ordinary weekday,57385.34,2.48
Germany,2024-03-05,61022.56,6.34,24,Tuesday,0,,ordinary weekday,58767.41,3.84
Germany,2024-03-06,59661.57,5.13,24,Wednesday,0,,ordinary weekday,58121.45,2.65
Germany,2024-03-07,59319.92,4.43,24,Thursday,0,,ordinary weekday,57739.91,2.74
Germany,2024-03-08,57469.55,4.15,24,Friday,0,,ordinary weekday,57605.29,-0.24
Germany,2024-03-09,50879.89,6.04,24,Saturday,0,,weekend,,
Germany,2024-03-10,48797.64,7.86,24,Sunday,0,,weekend,,
Germany,2024-03-11,58558.06,7.77,24,Monday,0,,ordinary weekday,57385.34,2.04
Germany,2024-03-12,58854.72,6.87,24,Tuesday,0,,ordinary weekday,58767.41,0.15
Germany,2024-03-13,59332.92,7.90,24,Wednesday,0,,ordinary weekday,58121.45,2.08
Germany,2024-03-14,58262.02,10.65,24,Thursday,0,,ordinary weekday,57739.91,0.90
Germany,2024-03-15,57612.61,11.09,24,Friday,0,,ordinary weekday,57605.29,0.01
Germany,2024-03-16,50715.07,8.77,24,Saturday,0,,weekend,,
Germany,2024-03-17,45945.86,6.88,24,Sunday,0,,weekend,,
Germany,2024-03-18,57053.95,7.23,24,Monday,0,,ordinary weekday,57385.34,-0.58
Germany,2024-03-19,57825.86,8.05,24,Tuesday,0,,ordinary weekday,58767.41,-1.60
Germany,2024-03-20,56482.89,10.25,24,Wednesday,0,,ordinary weekday,58121.45,-2.82
Germany,2024-03-21,57035.79,9.51,24,Thursday,0,,ordinary weekday,57739.91,-1.22
Germany,2024-03-22,57032.61,9.88,24,Friday,0,,ordinary weekday,57605.29,-0.99
Germany,2024-03-23,49303.55,6.48,24,Saturday,0,,weekend,,
Germany,2024-03-24,47371.29,4.62,24,Sunday,0,,weekend,,
Germany,2024-03-25,55120.03,5.74,24,Monday,0,,ordinary weekday,57385.34,-3.95
Germany,2024-03-26,57366.49,7.66,24,Tuesday,0,,ordinary weekday,58767.41,-2.38
Germany,2024-03-27,57008.44,8.94,24,Wednesday,0,,ordinary weekday,58121.45,-1.91
Germany,2024-03-28,56341.92,7.43,24,Thursday,0,,ordinary weekday,57739.91,-2.42
Germany,2024-03-29,46751.18,9.53,24,Friday,1,Good Friday,weekday public holiday,57605.29,-18.84
Germany,2024-03-30,44681.23,12.61,24,Saturday,0,,weekend,,
Germany,2024-03-31,37596.43,11.55,23,Sunday,0,,weekend,,
Germany,2024-04-01,43395.29,9.61,24,Monday,1,Easter Monday,weekday public holiday,53476.49,-18.85
Germany,2024-04-02,55277.85,9.25,24,Tuesday,0,,ordinary weekday,55533.05,-0.46
Germany,2024-04-03,56225.53,9.13,24,Wednesday,0,,ordinary weekday,56462.45,-0.42
Germany,2024-04-04,56497.92,10.88,24,Thursday,0,,ordinary weekday,56535.19,-0.07
Germany,2024-04-05,55058.75,13.67,24,Friday,0,,ordinary weekday,55473.59,-0.75
Germany,2024-04-06,46384.69,16.70,24,Saturday,0,,weekend,,
Germany,2024-04-07,43458.96,17.19,24,Sunday,0,,weekend,,
Germany,2024-04-08,52713.85,17.42,24,Monday,0,,ordinary weekday,53476.49,-1.43
Germany,2024-04-09,55831.23,13.63,24,Tuesday,0,,ordinary weekday,55533.05,0.54
Germany,2024-04-10,56220.65,9.67,24,Wednesday,0,,ordinary weekday,56462.45,-0.43
Germany,2024-04-11,56662.86,10.79,24,Thursday,0,,ordinary weekday,56535.19,0.23
Germany,2024-04-12,55007.88,13.73,24,Friday,0,,ordinary weekday,55473.59,-0.84
Germany,2024-04-13,46069.54,15.65,24,Saturday,0,,weekend,,
Germany,2024-04-14,44026.00,14.55,24,Sunday,0,,weekend,,
Germany,2024-04-15,53704.41,10.26,24,Monday,0,,ordinary weekday,53476.49,0.43
Germany,2024-04-16,57019.40,6.64,24,Tuesday,0,,ordinary weekday,55533.05,2.68
Germany,2024-04-17,56127.81,5.79,24,Wednesday,0,,ordinary weekday,56462.45,-0.59
Germany,2024-04-18,56338.06,5.76,24,Thursday,0,,ordinary weekday,56535.19,-0.35
Germany,2024-04-19,56932.95,5.74,24,Friday,0,,ordinary weekday,55473.59,2.63
Germany,2024-04-20,47944.84,5.67,24,Saturday,0,,weekend,,
Germany,2024-04-21,45424.95,4.46,24,Sunday,0,,weekend,,
Germany,2024-04-22,55414.03,3.95,24,Monday,0,,ordinary weekday,53476.49,3.62
Germany,2024-04-23,56789.11,4.32,24,Tuesday,0,,ordinary weekday,55533.05,2.26
Germany,2024-04-24,57275.82,4.87,24,Wednesday,0,,ordinary weekday,56462.45,1.44
Germany,2024-04-25,56641.91,5.32,24,Thursday,0,,ordinary weekday,56535.19,0.19
Germany,2024-04-26,54894.79,7.85,24,Friday,0,,ordinary weekday,55473.59,-1.04
Germany,2024-04-27,46002.88,11.17,24,Saturday,0,,weekend,,
Germany,2024-04-28,43959.86,13.94,24,Sunday,0,,weekend,,
Germany,2024-04-29,52073.68,13.82,24,Monday,0,,ordinary weekday,53476.49,-2.62
Germany,2024-04-30,52747.65,16.74,24,Tuesday,0,,ordinary weekday,55533.05,-5.02
Germany,2024-05-01,40735.35,17.88,24,Wednesday,1,Labour Day,weekday public holiday,53671.75,-24.10
Germany,2024-05-02,52012.05,17.02,24,Thursday,0,,ordinary weekday,50955.32,2.07
Germany,2024-05-03,53648.09,12.99,24,Friday,0,,ordinary weekday,50371.31,6.51
Germany,2024-05-04,44975.23,12.85,24,Saturday,0,,weekend,,
Germany,2024-05-05,42980.53,13.30,24,Sunday,0,,weekend,,
Germany,2024-05-06,53732.68,12.84,24,Monday,0,,ordinary weekday,52214.85,2.91
Germany,2024-05-07,54870.41,12.34,24,Tuesday,0,,ordinary weekday,52925.79,3.67
Germany,2024-05-08,53281.01,12.13,24,Wednesday,0,,ordinary weekday,53671.75,-0.73
Germany,2024-05-09,42365.15,13.24,24,Thursday,1,Ascension Day,weekday public holiday,50955.32,-16.86
Germany,2024-05-10,45739.90,14.68,24,Friday,0,,ordinary weekday,50371.31,-9.19
Germany,2024-05-11,42370.28,15.36,24,Saturday,0,,weekend,,
Germany,2024-05-12,40546.97,16.13,24,Sunday,0,,weekend,,
Germany,2024-05-13,52501.15,17.16,24,Monday,0,,ordinary weekday,52214.85,0.55
Germany,2024-05-14,53902.14,17.97,24,Tuesday,0,,ordinary weekday,52925.79,1.84
Germany,2024-05-15,53626.91,17.26,24,Wednesday,0,,ordinary weekday,53671.75,-0.08
Germany,2024-05-16,54587.00,16.76,24,Thursday,0,,ordinary weekday,50955.32,7.13
Germany,2024-05-17,53275.31,15.24,24,Friday,0,,ordinary weekday,50371.31,5.77
Germany,2024-05-18,44740.06,15.08,24,Saturday,0,,weekend,,
Germany,2024-05-19,39828.10,14.83,24,Sunday,0,,weekend,,
Germany,2024-05-20,40182.85,15.73,24,Monday,1,Whit Monday,weekday public holiday,52214.85,-23.04
Germany,2024-05-21,52565.09,16.39,24,Tuesday,0,,ordinary weekday,52925.79,-0.68
Germany,2024-05-22,54465.57,15.67,24,Wednesday,0,,ordinary weekday,53671.75,1.48
Germany,2024-05-23,51495.72,15.40,24,Thursday,0,,ordinary weekday,50955.32,1.06
Germany,2024-05-24,50540.03,15.00,24,Friday,0,,ordinary weekday,50371.31,0.33
Germany,2024-05-25,41341.36,15.40,24,Saturday,0,,weekend,,
Germany,2024-05-26,40534.59,16.91,24,Sunday,0,,weekend,,
Germany,2024-05-27,50410.74,16.67,24,Monday,0,,ordinary weekday,52214.85,-3.46
Germany,2024-05-28,50365.52,14.29,24,Tuesday,0,,ordinary weekday,52925.79,-4.84
Germany,2024-05-29,53313.50,14.68,24,Wednesday,0,,ordinary weekday,53671.75,-0.67
Germany,2024-05-30,45726.50,14.82,24,Thursday,0,,ordinary weekday,50955.32,-10.26
Germany,2024-05-31,48653.23,14.37,24,Friday,0,,ordinary weekday,50371.31,-3.41
Germany,2024-06-01,44699.36,15.68,24,Saturday,0,,weekend,,
Germany,2024-06-02,43244.09,15.80,24,Sunday,0,,weekend,,
Germany,2024-06-03,52564.23,14.20,24,Monday,0,,ordinary weekday,51756.57,1.56
Germany,2024-06-04,52215.04,15.45,24,Tuesday,0,,ordinary weekday,52918.92,-1.33
Germany,2024-06-05,53771.42,15.49,24,Wednesday,0,,ordinary weekday,53770.23,0.00
Germany,2024-06-06,52275.31,14.99,24,Thursday,0,,ordinary weekday,53209.67,-1.76
Germany,2024-06-07,50987.29,15.41,24,Friday,0,,ordinary weekday,52218.78,-2.36
Germany,2024-06-08,43399.74,16.43,24,Saturday,0,,weekend,,
Germany,2024-06-09,41003.66,15.21,24,Sunday,0,,weekend,,
Germany,2024-06-10,51615.43,13.60,24,Monday,0,,ordinary weekday,51756.57,-0.27
Germany,2024-06-11,53696.75,12.08,24,Tuesday,0,,ordinary weekday,52918.92,1.47
Germany,2024-06-12,54049.09,12.23,24,Wednesday,0,,ordinary weekday,53770.23,0.52
Germany,2024-06-13,52724.97,12.81,24,Thursday,0,,ordinary weekday,53209.67,-0.91
Germany,2024-06-14,52450.74,14.71,24,Friday,0,,ordinary weekday,52218.78,0.44
Germany,2024-06-15,43745.39,15.59,24,Saturday,0,,weekend,,
Germany,2024-06-16,41641.00,15.72,24,Sunday,0,,weekend,,
Germany,2024-06-17,52029.08,17.21,24,Monday,0,,ordinary weekday,51756.57,0.53
Germany,2024-06-18,53349.93,18.60,24,Tuesday,0,,ordinary weekday,52918.92,0.81
Germany,2024-06-19,53880.57,17.57,24,Wednesday,0,,ordinary weekday,53770.23,0.21
Germany,2024-06-20,53281.09,17.60,24,Thursday,0,,ordinary weekday,53209.67,0.13
Germany,2024-06-21,52549.38,19.34,24,Friday,0,,ordinary weekday,52218.78,0.63
Germany,2024-06-22,45024.24,16.99,24,Saturday,0,,weekend,,
Germany,2024-06-23,41504.26,17.24,24,Sunday,0,,weekend,,
Germany,2024-06-24,50817.53,19.08,24,Monday,0,,ordinary weekday,51756.57,-1.81
Germany,2024-06-25,52413.95,20.55,24,Tuesday,0,,ordinary weekday,52918.92,-0.95
Germany,2024-06-26,53379.84,21.96,24,Wednesday,0,,ordinary weekday,53770.23,-0.73
Germany,2024-06-27,54557.32,22.69,24,Thursday,0,,ordinary weekday,53209.67,2.53
Germany,2024-06-28,52887.73,20.75,24,Friday,0,,ordinary weekday,52218.78,1.28
Germany,2024-06-29,44188.43,21.77,24,Saturday,0,,weekend,,
Germany,2024-06-30,43746.52,19.60,24,Sunday,0,,weekend,,
Germany,2024-07-01,52301.61,16.37,24,Monday,0,,ordinary weekday,50606.61,3.35
Germany,2024-07-02,54385.95,14.45,24,Tuesday,0,,ordinary weekday,52289.04,4.01
Germany,2024-07-03,54237.49,13.81,24,Wednesday,0,,ordinary weekday,52955.50,2.42
Germany,2024-07-04,54827.98,14.90,24,Thursday,0,,ordinary weekday,52900.45,3.64
Germany,2024-07-05,52484.46,15.99,24,Friday,0,,ordinary weekday,51807.95,1.31
Germany,2024-07-06,45263.80,18.87,24,Saturday,0,,weekend,,
Germany,2024-07-07,40960.80,16.18,24,Sunday,0,,weekend,,
Germany,2024-07-08,50549.26,18.04,24,Monday,0,,ordinary weekday,50606.61,-0.11
Germany,2024-07-09,53094.92,22.23,24,Tuesday,0,,ordinary weekday,52289.04,1.54
Germany,2024-07-10,55131.54,21.91,24,Wednesday,0,,ordinary weekday,52955.50,4.11
Germany,2024-07-11,53159.95,20.39,24,Thursday,0,,ordinary weekday,52900.45,0.49
Germany,2024-07-12,52472.02,19.34,24,Friday,0,,ordinary weekday,51807.95,1.28
Germany,2024-07-13,44463.80,16.76,24,Saturday,0,,weekend,,
Germany,2024-07-14,41217.95,18.07,24,Sunday,0,,weekend,,
Germany,2024-07-15,50693.24,20.84,24,Monday,0,,ordinary weekday,50606.61,0.17
Germany,2024-07-16,52847.48,20.22,24,Tuesday,0,,ordinary weekday,52289.04,1.07
Germany,2024-07-17,53107.25,18.95,24,Wednesday,0,,ordinary weekday,52955.50,0.29
Germany,2024-07-18,52689.73,20.13,24,Thursday,0,,ordinary weekday,52900.45,-0.40
Germany,2024-07-19,51187.47,22.13,24,Friday,0,,ordinary weekday,51807.95,-1.20
Germany,2024-07-20,44378.01,23.32,24,Saturday,0,,weekend,,
Germany,2024-07-21,41900.90,22.96,24,Sunday,0,,weekend,,
Germany,2024-07-22,52058.97,20.24,24,Monday,0,,ordinary weekday,50606.61,2.87
Germany,2024-07-23,52086.79,19.45,24,Tuesday,0,,ordinary weekday,52289.04,-0.39
Germany,2024-07-24,51657.67,18.03,24,Wednesday,0,,ordinary weekday,52955.50,-2.45
Germany,2024-07-25,50924.14,18.53,24,Thursday,0,,ordinary weekday,52900.45,-3.74
Germany,2024-07-26,51087.83,19.81,24,Friday,0,,ordinary weekday,51807.95,-1.39
Germany,2024-07-27,43651.32,20.15,24,Saturday,0,,weekend,,
Germany,2024-07-28,40645.47,18.96,24,Sunday,0,,weekend,,
Germany,2024-07-29,47429.96,18.97,24,Monday,0,,ordinary weekday,50606.61,-6.28
Germany,2024-07-30,49030.07,21.50,24,Tuesday,0,,ordinary weekday,52289.04,-6.23
Germany,2024-07-31,50643.54,22.95,24,Wednesday,0,,ordinary weekday,52955.50,-4.37
Germany,2024-08-01,53381.40,21.43,24,Thursday,0,,ordinary weekday,52769.94,1.16
Germany,2024-08-02,50931.16,19.88,24,Friday,0,,ordinary weekday,52106.57,-2.26
Germany,2024-08-03,43409.45,19.86,24,Saturday,0,,weekend,,
Germany,2024-08-04,41799.64,18.79,24,Sunday,0,,weekend,,
Germany,2024-08-05,50425.28,18.78,24,Monday,0,,ordinary weekday,50750.45,-0.64
Germany,2024-08-06,51289.62,21.04,24,Tuesday,0,,ordinary weekday,52402.49,-2.12
Germany,2024-08-07,52739.17,20.89,24,Wednesday,0,,ordinary weekday,53410.97,-1.26
Germany,2024-08-08,52044.47,19.17,24,Thursday,0,,ordinary weekday,52769.94,-1.37
Germany,2024-08-09,52093.33,20.18,24,Friday,0,,ordinary weekday,52106.57,-0.03
Germany,2024-08-10,44171.29,20.64,24,Saturday,0,,weekend,,
Germany,2024-08-11,41362.09,21.57,24,Sunday,0,,weekend,,
Germany,2024-08-12,51420.10,22.88,24,Monday,0,,ordinary weekday,50750.45,1.32
Germany,2024-08-13,54183.11,24.90,24,Tuesday,0,,ordinary weekday,52402.49,3.40
Germany,2024-08-14,53980.45,23.16,24,Wednesday,0,,ordinary weekday,53410.97,1.07
Germany,2024-08-15,51739.95,22.10,24,Thursday,0,,ordinary weekday,52769.94,-1.95
Germany,2024-08-16,51280.54,22.05,24,Friday,0,,ordinary weekday,52106.57,-1.59
Germany,2024-08-17,44118.18,20.90,24,Saturday,0,,weekend,,
Germany,2024-08-18,41676.98,18.89,24,Sunday,0,,weekend,,
Germany,2024-08-19,50061.26,17.78,24,Monday,0,,ordinary weekday,50750.45,-1.36
Germany,2024-08-20,52147.56,19.60,24,Tuesday,0,,ordinary weekday,52402.49,-0.49
Germany,2024-08-21,53119.81,17.97,24,Wednesday,0,,ordinary weekday,53410.97,-0.55
Germany,2024-08-22,51916.65,17.80,24,Thursday,0,,ordinary weekday,52769.94,-1.62
Germany,2024-08-23,52862.74,20.35,24,Friday,0,,ordinary weekday,52106.57,1.45
Germany,2024-08-24,45249.50,23.05,24,Saturday,0,,weekend,,
Germany,2024-08-25,41867.00,18.58,24,Sunday,0,,weekend,,
Germany,2024-08-26,51095.17,17.27,24,Monday,0,,ordinary weekday,50750.45,0.68
Germany,2024-08-27,51989.67,18.92,24,Tuesday,0,,ordinary weekday,52402.49,-0.79
Germany,2024-08-28,53804.47,21.73,24,Wednesday,0,,ordinary weekday,53410.97,0.74
Germany,2024-08-29,54767.26,23.82,24,Thursday,0,,ordinary weekday,52769.94,3.78
Germany,2024-08-30,53365.08,21.10,24,Friday,0,,ordinary weekday,52106.57,2.42
Germany,2024-08-31,44117.79,20.29,24,Saturday,0,,weekend,,
Germany,2024-09-01,42143.70,21.57,24,Sunday,0,,weekend,,
Germany,2024-09-02,53175.23,21.53,24,Monday,0,,ordinary weekday,53311.89,-0.26
Germany,2024-09-03,55265.84,22.16,24,Tuesday,0,,ordinary weekday,54406.34,1.58
Germany,2024-09-04,56544.04,21.10,24,Wednesday,0,,ordinary weekday,54640.39,3.48
Germany,2024-09-05,55666.10,22.87,24,Thursday,0,,ordinary weekday,54362.42,2.40
Germany,2024-09-06,54720.32,21.57,24,Friday,0,,ordinary weekday,53509.77,2.26
Germany,2024-09-07,45795.79,21.53,24,Saturday,0,,weekend,,
Germany,2024-09-08,43362.49,20.81,24,Sunday,0,,weekend,,
Germany,2024-09-09,54034.39,16.86,24,Monday,0,,ordinary weekday,53311.89,1.36
Germany,2024-09-10,55509.08,15.33,24,Tuesday,0,,ordinary weekday,54406.34,2.03
Germany,2024-09-11,55054.51,13.22,24,Wednesday,0,,ordinary weekday,54640.39,0.76
Germany,2024-09-12,53516.95,10.62,24,Thursday,0,,ordinary weekday,54362.42,-1.56
Germany,2024-09-13,53221.85,10.33,24,Friday,0,,ordinary weekday,53509.77,-0.54
Germany,2024-09-14,45475.52,11.05,24,Saturday,0,,weekend,,
Germany,2024-09-15,42570.23,11.58,24,Sunday,0,,weekend,,
Germany,2024-09-16,53814.26,13.26,24,Monday,0,,ordinary weekday,53311.89,0.94
Germany,2024-09-17,54315.43,15.34,24,Tuesday,0,,ordinary weekday,54406.34,-0.17
Germany,2024-09-18,53061.04,16.83,24,Wednesday,0,,ordinary weekday,54640.39,-2.89
Germany,2024-09-19,53209.65,17.01,24,Thursday,0,,ordinary weekday,54362.42,-2.12
Germany,2024-09-20,50369.45,16.69,24,Friday,0,,ordinary weekday,53509.77,-5.87
Germany,2024-09-21,42862.55,16.50,24,Saturday,0,,weekend,,
Germany,2024-09-22,39405.49,16.50,24,Sunday,0,,weekend,,
Germany,2024-09-23,50262.25,16.16,24,Monday,0,,ordinary weekday,53311.89,-5.72
Germany,2024-09-24,52535.01,14.69,24,Tuesday,0,,ordinary weekday,54406.34,-3.44
Germany,2024-09-25,53901.95,14.71,24,Wednesday,0,,ordinary weekday,54640.39,-1.35
Germany,2024-09-26,55056.97,15.44,24,Thursday,0,,ordinary weekday,54362.42,1.28
Germany,2024-09-27,55727.45,14.09,24,Friday,0,,ordinary weekday,53509.77,4.14
Germany,2024-09-28,47765.45,11.02,24,Saturday,0,,weekend,,
Germany,2024-09-29,43307.04,9.60,24,Sunday,0,,weekend,,
Germany,2024-09-30,55273.32,11.24,24,Monday,0,,ordinary weekday,53311.89,3.68
Germany,2024-10-01,55819.32,12.47,24,Tuesday,0,,ordinary weekday,55040.21,1.42
Germany,2024-10-02,54956.23,10.91,24,Wednesday,0,,ordinary weekday,55456.60,-0.90
Germany,2024-10-03,45652.90,10.01,24,Thursday,1,German Unity Day,weekday public holiday,55011.58,-17.01
Germany,2024-10-04,48205.76,9.93,24,Friday,0,,ordinary weekday,52508.15,-8.19
Germany,2024-10-05,44427.86,9.33,24,Saturday,0,,weekend,,
Germany,2024-10-06,42399.93,9.60,24,Sunday,0,,weekend,,
Germany,2024-10-07,53651.36,13.36,24,Monday,0,,ordinary weekday,54181.57,-0.98
Germany,2024-10-08,54519.69,14.71,24,Tuesday,0,,ordinary weekday,55040.21,-0.95
Germany,2024-10-09,54643.23,14.24,24,Wednesday,0,,ordinary weekday,55456.60,-1.47
Germany,2024-10-10,56194.95,13.37,24,Thursday,0,,ordinary weekday,55011.58,2.15
Germany,2024-10-11,54847.44,9.46,24,Friday,0,,ordinary weekday,52508.15,4.46
Germany,2024-10-12,47148.74,8.68,24,Saturday,0,,weekend,,
Germany,2024-10-13,45101.59,10.38,24,Sunday,0,,weekend,,
Germany,2024-10-14,54650.32,9.07,24,Monday,0,,ordinary weekday,54181.57,0.87
Germany,2024-10-15,54807.20,9.29,24,Tuesday,0,,ordinary weekday,55040.21,-0.42
Germany,2024-10-16,56345.50,12.16,24,Wednesday,0,,ordinary weekday,55456.60,1.60
Germany,2024-10-17,55997.40,14.19,24,Thursday,0,,ordinary weekday,55011.58,1.79
Germany,2024-10-18,53530.94,13.53,24,Friday,0,,ordinary weekday,52508.15,1.95
Germany,2024-10-19,46954.27,13.47,24,Saturday,0,,weekend,,
Germany,2024-10-20,43827.33,13.45,24,Sunday,0,,weekend,,
Germany,2024-10-21,54254.41,14.64,24,Monday,0,,ordinary weekday,54181.57,0.13
Germany,2024-10-22,55487.73,12.91,24,Tuesday,0,,ordinary weekday,55040.21,0.81
Germany,2024-10-23,55354.57,10.50,24,Wednesday,0,,ordinary weekday,55456.60,-0.18
Germany,2024-10-24,55015.16,10.87,24,Thursday,0,,ordinary weekday,55011.58,0.01
Germany,2024-10-25,53448.45,12.42,24,Friday,0,,ordinary weekday,52508.15,1.79
Germany,2024-10-26,45253.67,11.88,24,Saturday,0,,weekend,,
Germany,2024-10-27,43842.08,11.84,25,Sunday,0,,weekend,,
Germany,2024-10-28,54170.17,12.37,24,Monday,0,,ordinary weekday,54181.57,-0.02
Germany,2024-10-29,54567.11,12.31,24,Tuesday,0,,ordinary weekday,55040.21,-0.86
Germany,2024-10-30,55983.45,11.84,24,Wednesday,0,,ordinary weekday,55456.60,0.95
Germany,2024-10-31,52838.83,11.16,24,Thursday,0,,ordinary weekday,55011.58,-3.95
Germany,2024-11-01,50794.34,10.31,24,Friday,0,,ordinary weekday,58299.44,-12.87
Germany,2024-11-02,47553.20,8.77,24,Saturday,0,,weekend,,
Germany,2024-11-03,46939.24,7.13,24,Sunday,0,,weekend,,
Germany,2024-11-04,55663.57,6.65,24,Monday,0,,ordinary weekday,59723.36,-6.80
Germany,2024-11-05,57724.43,6.75,24,Tuesday,0,,ordinary weekday,60534.11,-4.64
Germany,2024-11-06,58949.12,6.57,24,Wednesday,0,,ordinary weekday,61210.62,-3.69
Germany,2024-11-07,59213.72,5.98,24,Thursday,0,,ordinary weekday,61878.47,-4.31
Germany,2024-11-08,58618.62,5.81,24,Friday,0,,ordinary weekday,58299.44,0.55
Germany,2024-11-09,50042.30,6.17,24,Saturday,0,,weekend,,
Germany,2024-11-10,47563.38,5.59,24,Sunday,0,,weekend,,
Germany,2024-11-11,59615.00,6.14,24,Monday,0,,ordinary weekday,59723.36,-0.18
Germany,2024-11-12,59996.53,5.86,24,Tuesday,0,,ordinary weekday,60534.11,-0.89
Germany,2024-11-13,61476.90,5.13,24,Wednesday,0,,ordinary weekday,61210.62,0.44
Germany,2024-11-14,61790.55,6.55,24,Thursday,0,,ordinary weekday,61878.47,-0.14
Germany,2024-11-15,59755.76,6.65,24,Friday,0,,ordinary weekday,58299.44,2.50
Germany,2024-11-16,54358.99,5.43,24,Saturday,0,,weekend,,
Germany,2024-11-17,51635.64,5.20,24,Sunday,0,,weekend,,
Germany,2024-11-18,62798.74,4.67,24,Monday,0,,ordinary weekday,59723.36,5.15
Germany,2024-11-19,62230.70,5.69,24,Tuesday,0,,ordinary weekday,60534.11,2.80
Germany,2024-11-20,62511.12,1.84,24,Wednesday,0,,ordinary weekday,61210.62,2.12
Germany,2024-11-21,63886.02,0.58,24,Thursday,0,,ordinary weekday,61878.47,3.24
Germany,2024-11-22,62831.09,0.33,24,Friday,0,,ordinary weekday,58299.44,7.77
Germany,2024-11-23,55485.27,2.10,24,Saturday,0,,weekend,,
Germany,2024-11-24,51600.94,9.96,24,Sunday,0,,weekend,,
Germany,2024-11-25,60816.11,11.30,24,Monday,0,,ordinary weekday,59723.36,1.83
Germany,2024-11-26,62184.77,7.83,24,Tuesday,0,,ordinary weekday,60534.11,2.73
Germany,2024-11-27,61905.35,6.71,24,Wednesday,0,,ordinary weekday,61210.62,1.13
Germany,2024-11-28,62623.58,5.90,24,Thursday,0,,ordinary weekday,61878.47,1.20
Germany,2024-11-29,59497.38,3.29,24,Friday,0,,ordinary weekday,58299.44,2.05
Germany,2024-11-30,53959.29,1.43,24,Saturday,0,,weekend,,
Germany,2024-12-01,51686.27,0.89,24,Sunday,0,,weekend,,
Germany,2024-12-02,62153.40,5.00,24,Monday,0,,ordinary weekday,58575.05,6.11
Germany,2024-12-03,62192.29,4.67,24,Tuesday,0,,ordinary weekday,56517.75,10.04
Germany,2024-12-04,63068.27,2.22,24,Wednesday,0,,ordinary weekday,61273.51,2.93
Germany,2024-12-05,64157.76,1.94,24,Thursday,0,,ordinary weekday,60894.45,5.36
Germany,2024-12-06,62040.94,5.69,24,Friday,0,,ordinary weekday,57069.03,8.71
Germany,2024-12-07,53797.41,5.03,24,Saturday,0,,weekend,,
Germany,2024-12-08,51331.43,4.25,24,Sunday,0,,weekend,,
Germany,2024-12-09,64206.12,3.22,24,Monday,0,,ordinary weekday,58575.05,9.61
Germany,2024-12-10,63245.78,2.79,24,Tuesday,0,,ordinary weekday,56517.75,11.90
Germany,2024-12-11,62349.97,1.64,24,Wednesday,0,,ordinary weekday,61273.51,1.76
Germany,2024-12-12,60910.69,1.20,24,Thursday,0,,ordinary weekday,60894.45,0.03
Germany,2024-12-13,60569.71,0.22,24,Friday,0,,ordinary weekday,57069.03,6.13
Germany,2024-12-14,55202.19,0.63,24,Saturday,0,,weekend,,
Germany,2024-12-15,52513.48,3.80,24,Sunday,0,,weekend,,
Germany,2024-12-16,60077.91,7.68,24,Monday,0,,ordinary weekday,58575.05,2.57
Germany,2024-12-17,59849.75,6.78,24,Tuesday,0,,ordinary weekday,56517.75,5.90
Germany,2024-12-18,58402.28,7.70,24,Wednesday,0,,ordinary weekday,61273.51,-4.69
Germany,2024-12-19,57614.90,8.19,24,Thursday,0,,ordinary weekday,60894.45,-5.39
Germany,2024-12-20,57534.16,3.30,24,Friday,0,,ordinary weekday,57069.03,0.82
Germany,2024-12-21,52912.56,4.46,24,Saturday,0,,weekend,,
Germany,2024-12-22,49502.11,4.11,24,Sunday,0,,weekend,,
Germany,2024-12-23,53175.93,2.28,24,Monday,0,,ordinary weekday,58575.05,-9.22
Germany,2024-12-24,47122.64,2.21,24,Tuesday,0,,ordinary weekday,56517.75,-16.62
Germany,2024-12-25,45329.89,3.59,24,Wednesday,1,Christmas Day,weekday public holiday,61273.51,-26.02
Germany,2024-12-26,44701.29,3.39,24,Thursday,1,Boxing Day,weekday public holiday,60894.45,-26.59
Germany,2024-12-27,48131.30,1.43,24,Friday,0,,ordinary weekday,57069.03,-15.66
Germany,2024-12-28,47944.16,-0.13,24,Saturday,0,,weekend,,
Germany,2024-12-29,49131.75,-0.15,24,Sunday,0,,weekend,,
Germany,2024-12-30,53261.88,0.79,24,Monday,0,,ordinary weekday,58575.05,-9.07
Germany,2024-12-31,50178.31,0.76,24,Tuesday,0,,ordinary weekday,56517.75,-11.22
Germany,2025-01-01,49187.17,4.25,24,Wednesday,1,New Year's Day,weekday public holiday,63178.16,-22.15
Germany,2025-01-02,54416.93,3.03,24,Thursday,0,,ordinary weekday,61343.29,-11.29
Germany,2025-01-03,56948.59,-0.03,24,Friday,0,,ordinary weekday,61595.77,-7.54
Germany,2025-01-04,52690.19,-0.93,24,Saturday,0,,weekend,,
Germany,2025-01-05,51065.49,2.51,24,Sunday,0,,weekend,,
Germany,2025-01-06,56107.76,7.62,24,Monday,0,,ordinary weekday,61384.81,-8.60
Germany,2025-01-07,61634.57,3.61,24,Tuesday,0,,ordinary weekday,63668.04,-3.19
Germany,2025-01-08,64115.27,2.06,24,Wednesday,0,,ordinary weekday,63178.16,1.48
Germany,2025-01-09,62390.70,3.04,24,Thursday,0,,ordinary weekday,61343.29,1.71
Germany,2025-01-10,63991.53,0.09,24,Friday,0,,ordinary weekday,61595.77,3.89
Germany,2025-01-11,56015.17,-1.02,24,Saturday,0,,weekend,,
Germany,2025-01-12,52859.79,-1.04,24,Sunday,0,,weekend,,
Germany,2025-01-13,64308.29,-3.23,24,Monday,0,,ordinary weekday,61384.81,4.76
Germany,2025-01-14,67394.90,-1.88,24,Tuesday,0,,ordinary weekday,63668.04,5.85
Germany,2025-01-15,63575.62,1.88,24,Wednesday,0,,ordinary weekday,63178.16,0.63
Germany,2025-01-16,64379.32,1.56,24,Thursday,0,,ordinary weekday,61343.29,4.95
Germany,2025-01-17,64339.67,-0.25,24,Friday,0,,ordinary weekday,61595.77,4.45
Germany,2025-01-18,55206.72,-0.75,24,Saturday,0,,weekend,,
Germany,2025-01-19,52205.95,-0.31,24,Sunday,0,,weekend,,
Germany,2025-01-20,63276.88,-0.80,24,Monday,0,,ordinary weekday,61384.81,3.08
Germany,2025-01-21,63819.08,-0.62,24,Tuesday,0,,ordinary weekday,63668.04,0.24
Germany,2025-01-22,62871.49,0.76,24,Wednesday,0,,ordinary weekday,63178.16,-0.49
Germany,2025-01-23,63589.72,2.97,24,Thursday,0,,ordinary weekday,61343.29,3.66
Germany,2025-01-24,61955.50,5.30,24,Friday,0,,ordinary weekday,61595.77,0.58
Germany,2025-01-25,53851.32,7.51,24,Saturday,0,,weekend,,
Germany,2025-01-26,49744.25,4.60,24,Sunday,0,,weekend,,
Germany,2025-01-27,61846.31,7.26,24,Monday,0,,ordinary weekday,61384.81,0.75
Germany,2025-01-28,61823.62,5.81,24,Tuesday,0,,ordinary weekday,63668.04,-2.90
Germany,2025-01-29,62150.27,5.43,24,Wednesday,0,,ordinary weekday,63178.16,-1.63
Germany,2025-01-30,61939.76,4.47,24,Thursday,0,,ordinary weekday,61343.29,0.97
Germany,2025-01-31,60743.57,2.43,24,Friday,0,,ordinary weekday,61595.77,-1.38
Germany,2025-02-01,52437.70,0.36,24,Saturday,0,,weekend,,
Germany,2025-02-02,50660.08,-0.37,24,Sunday,0,,weekend,,
Germany,2025-02-03,61569.15,-0.69,24,Monday,0,,ordinary weekday,61998.67,-0.69
Germany,2025-02-04,64039.28,-0.46,24,Tuesday,0,,ordinary weekday,63013.97,1.63
Germany,2025-02-05,64824.93,0.88,24,Wednesday,0,,ordinary weekday,63371.68,2.29
Germany,2025-02-06,63033.43,1.73,24,Thursday,0,,ordinary weekday,63116.73,-0.13
Germany,2025-02-07,63679.22,1.88,24,Friday,0,,ordinary weekday,61583.18,3.40
Germany,2025-02-08,54985.50,1.97,24,Saturday,0,,weekend,,
Germany,2025-02-09,51875.51,1.01,24,Sunday,0,,weekend,,
Germany,2025-02-10,64152.63,1.33,24,Monday,0,,ordinary weekday,61998.67,3.47
Germany,2025-02-11,65843.40,2.59,24,Tuesday,0,,ordinary weekday,63013.97,4.49
Germany,2025-02-12,65018.81,2.36,24,Wednesday,0,,ordinary weekday,63371.68,2.60
Germany,2025-02-13,65188.30,0.48,24,Thursday,0,,ordinary weekday,63116.73,3.28
Germany,2025-02-14,63524.14,-0.53,24,Friday,0,,ordinary weekday,61583.18,3.15
Germany,2025-02-15,54474.06,-0.93,24,Saturday,0,,weekend,,
Germany,2025-02-16,52371.45,-1.31,24,Sunday,0,,weekend,,
Germany,2025-02-17,62230.84,-2.46,24,Monday,0,,ordinary weekday,61998.67,0.37
Germany,2025-02-18,63653.11,-2.65,24,Tuesday,0,,ordinary weekday,63013.97,1.01
Germany,2025-02-19,63883.68,-1.28,24,Wednesday,0,,ordinary weekday,63371.68,0.81
Germany,2025-02-20,64317.52,2.53,24,Thursday,0,,ordinary weekday,63116.73,1.90
Germany,2025-02-21,59869.62,7.31,24,Friday,0,,ordinary weekday,61583.18,-2.78
Germany,2025-02-22,52784.58,7.36,24,Saturday,0,,weekend,,
Germany,2025-02-23,47545.77,7.53,24,Sunday,0,,weekend,,
Germany,2025-02-24,60042.04,7.52,24,Monday,0,,ordinary weekday,61998.67,-3.16
Germany,2025-02-25,58520.07,8.04,24,Tuesday,0,,ordinary weekday,63013.97,-7.13
Germany,2025-02-26,59759.29,5.53,24,Wednesday,0,,ordinary weekday,63371.68,-5.70
Germany,2025-02-27,59927.69,4.01,24,Thursday,0,,ordinary weekday,63116.73,-5.05
Germany,2025-02-28,59259.74,2.92,24,Friday,0,,ordinary weekday,61583.18,-3.77
Germany,2025-03-01,51845.22,3.06,24,Saturday,0,,weekend,,
Germany,2025-03-02,49281.04,2.64,24,Sunday,0,,weekend,,
Germany,2025-03-03,58572.13,3.01,24,Monday,0,,ordinary weekday,56765.52,3.18
Germany,2025-03-04,60329.30,3.81,24,Tuesday,0,,ordinary weekday,58642.98,2.88
Germany,2025-03-05,60307.04,5.33,24,Wednesday,0,,ordinary weekday,58726.02,2.69
Germany,2025-03-06,58251.92,6.75,24,Thursday,0,,ordinary weekday,57677.52,1.00
Germany,2025-03-07,55388.57,7.79,24,Friday,0,,ordinary weekday,56262.06,-1.55
Germany,2025-03-08,47790.68,7.67,24,Saturday,0,,weekend,,
Germany,2025-03-09,45825.75,7.85,24,Sunday,0,,weekend,,
Germany,2025-03-10,56000.99,7.03,24,Monday,0,,ordinary weekday,56765.52,-1.35
Germany,2025-03-11,57958.61,5.82,24,Tuesday,0,,ordinary weekday,58642.98,-1.17
Germany,2025-03-12,59089.94,4.51,24,Wednesday,0,,ordinary weekday,58726.02,0.62
Germany,2025-03-13,59643.78,3.19,24,Thursday,0,,ordinary weekday,57677.52,3.41
Germany,2025-03-14,59029.07,2.93,24,Friday,0,,ordinary weekday,56262.06,4.92
Germany,2025-03-15,50103.40,3.30,24,Saturday,0,,weekend,,
Germany,2025-03-16,48045.36,3.17,24,Sunday,0,,weekend,,
Germany,2025-03-17,58398.84,2.53,24,Monday,0,,ordinary weekday,56765.52,2.88
Germany,2025-03-18,58428.70,2.03,24,Tuesday,0,,ordinary weekday,58642.98,-0.37
Germany,2025-03-19,57208.09,4.18,24,Wednesday,0,,ordinary weekday,58726.02,-2.58
Germany,2025-03-20,56111.33,7.46,24,Thursday,0,,ordinary weekday,57677.52,-2.72
Germany,2025-03-21,56143.60,9.97,24,Friday,0,,ordinary weekday,56262.06,-0.21
Germany,2025-03-22,49397.40,10.53,24,Saturday,0,,weekend,,
Germany,2025-03-23,46917.69,9.63,24,Sunday,0,,weekend,,
Germany,2025-03-24,54944.48,9.23,24,Monday,0,,ordinary weekday,56765.52,-3.21
Germany,2025-03-25,57855.33,8.03,24,Tuesday,0,,ordinary weekday,58642.98,-1.34
Germany,2025-03-26,58299.02,7.22,24,Wednesday,0,,ordinary weekday,58726.02,-0.73
Germany,2025-03-27,56703.07,7.12,24,Thursday,0,,ordinary weekday,57677.52,-1.69
Germany,2025-03-28,54487.01,7.97,24,Friday,0,,ordinary weekday,56262.06,-3.15
Germany,2025-03-29,46944.62,8.00,24,Saturday,0,,weekend,,
Germany,2025-03-30,46890.40,6.78,23,Sunday,0,,weekend,,
Germany,2025-03-31,55911.17,6.82,24,Monday,0,,ordinary weekday,56765.52,-1.51
Germany,2025-04-01,55954.14,6.63,24,Tuesday,0,,ordinary weekday,53905.77,3.80
Germany,2025-04-02,54877.64,9.08,24,Wednesday,0,,ordinary weekday,53870.00,1.87
Germany,2025-04-03,54101.77,10.93,24,Thursday,0,,ordinary weekday,55220.65,-2.03
Germany,2025-04-04,52795.17,11.82,24,Friday,0,,ordinary weekday,53886.22,-2.02
Germany,2025-04-05,45949.68,9.80,24,Saturday,0,,weekend,,
Germany,2025-04-06,43882.70,4.90,24,Sunday,0,,weekend,,
Germany,2025-04-07,53902.55,5.43,24,Monday,0,,ordinary weekday,52687.92,2.31
Germany,2025-04-08,54211.42,7.07,24,Tuesday,0,,ordinary weekday,53905.77,0.57
Germany,2025-04-09,55290.68,7.98,24,Wednesday,0,,ordinary weekday,53870.00,2.64
Germany,2025-04-10,55999.32,8.00,24,Thursday,0,,ordinary weekday,55220.65,1.41
Germany,2025-04-11,54912.09,9.56,24,Friday,0,,ordinary weekday,53886.22,1.90
Germany,2025-04-12,45187.86,12.53,24,Saturday,0,,weekend,,
Germany,2025-04-13,44689.58,13.61,24,Sunday,0,,weekend,,
Germany,2025-04-14,52842.08,13.05,24,Monday,0,,ordinary weekday,52687.92,0.29
Germany,2025-04-15,55518.45,14.39,24,Tuesday,0,,ordinary weekday,53905.77,2.99
Germany,2025-04-16,54343.40,13.63,24,Wednesday,0,,ordinary weekday,53870.00,0.88
Germany,2025-04-17,55348.10,11.19,24,Thursday,0,,ordinary weekday,55220.65,0.23
Germany,2025-04-18,44962.75,8.58,24,Friday,1,Good Friday,weekday public holiday,53886.22,-16.56
Germany,2025-04-19,43193.50,9.74,24,Saturday,0,,weekend,,
Germany,2025-04-20,39592.08,11.74,24,Sunday,0,,weekend,,
Germany,2025-04-21,40927.46,11.58,24,Monday,1,Easter Monday,weekday public holiday,52687.92,-22.32
Germany,2025-04-22,51199.16,11.90,24,Tuesday,0,,ordinary weekday,53905.77,-5.02
Germany,2025-04-23,53533.33,12.00,24,Wednesday,0,,ordinary weekday,53870.00,-0.62
Germany,2025-04-24,55433.42,10.74,24,Thursday,0,,ordinary weekday,55220.65,0.39
Germany,2025-04-25,53951.39,10.26,24,Friday,0,,ordinary weekday,53886.22,0.12
Germany,2025-04-26,44811.45,11.15,24,Saturday,0,,weekend,,
Germany,2025-04-27,41557.80,11.89,24,Sunday,0,,weekend,,
Germany,2025-04-28,51319.14,13.19,24,Monday,0,,ordinary weekday,52687.92,-2.60
Germany,2025-04-29,52645.68,14.64,24,Tuesday,0,,ordinary weekday,53905.77,-2.34
Germany,2025-04-30,51304.94,15.92,24,Wednesday,0,,ordinary weekday,53870.00,-4.76
Germany,2025-05-01,40958.39,17.56,24,Thursday,1,Labour Day,weekday public holiday,53231.23,-23.06
Germany,2025-05-02,46624.83,18.60,24,Friday,0,,ordinary weekday,49925.67,-6.61
Germany,2025-05-03,43717.40,14.96,24,Saturday,0,,weekend,,
Germany,2025-05-04,43051.32,11.16,24,Sunday,0,,weekend,,
Germany,2025-05-05,52347.01,9.27,24,Monday,0,,ordinary weekday,51356.59,1.93
Germany,2025-05-06,53114.57,9.77,24,Tuesday,0,,ordinary weekday,52722.73,0.74
Germany,2025-05-07,53208.25,10.77,24,Wednesday,0,,ordinary weekday,53274.85,-0.13
Germany,2025-05-08,52655.02,10.75,24,Thursday,0,,ordinary weekday,53231.23,-1.08
Germany,2025-05-09,51571.52,11.28,24,Friday,0,,ordinary weekday,49925.67,3.30
Germany,2025-05-10,43521.56,12.37,24,Saturday,0,,weekend,,
Germany,2025-05-11,40151.07,14.21,24,Sunday,0,,weekend,,
Germany,2025-05-12,50653.61,13.98,24,Monday,0,,ordinary weekday,51356.59,-1.37
Germany,2025-05-13,51940.65,13.98,24,Tuesday,0,,ordinary weekday,52722.73,-1.48
Germany,2025-05-14,52608.61,14.83,24,Wednesday,0,,ordinary weekday,53274.85,-1.25
Germany,2025-05-15,52619.96,12.90,24,Thursday,0,,ordinary weekday,53231.23,-1.15
Germany,2025-05-16,51963.83,11.86,24,Friday,0,,ordinary weekday,49925.67,4.08
Germany,2025-05-17,44955.03,12.42,24,Saturday,0,,weekend,,
Germany,2025-05-18,42108.95,12.27,24,Sunday,0,,weekend,,
Germany,2025-05-19,50709.21,13.87,24,Monday,0,,ordinary weekday,51356.59,-1.26
Germany,2025-05-20,52690.17,15.73,24,Tuesday,0,,ordinary weekday,52722.73,-0.06
Germany,2025-05-21,53995.49,14.89,24,Wednesday,0,,ordinary weekday,53274.85,1.35
Germany,2025-05-22,54418.70,11.65,24,Thursday,0,,ordinary weekday,53231.23,2.23
Germany,2025-05-23,52666.24,10.06,24,Friday,0,,ordinary weekday,49925.67,5.49
Germany,2025-05-24,44530.72,11.29,24,Saturday,0,,weekend,,
Germany,2025-05-25,43769.74,13.42,24,Sunday,0,,weekend,,
Germany,2025-05-26,51716.55,14.31,24,Monday,0,,ordinary weekday,51356.59,0.70
Germany,2025-05-27,53145.55,14.29,24,Tuesday,0,,ordinary weekday,52722.73,0.80
Germany,2025-05-28,53287.06,14.42,24,Wednesday,0,,ordinary weekday,53274.85,0.02
Germany,2025-05-29,43037.47,13.93,24,Thursday,1,Ascension Day,weekday public holiday,53231.23,-19.15
Germany,2025-05-30,46801.93,18.45,24,Friday,0,,ordinary weekday,49925.67,-6.26
Germany,2025-05-31,42489.95,19.93,24,Saturday,0,,weekend,,
Germany,2025-06-01,41313.51,19.27,24,Sunday,0,,weekend,,
Germany,2025-06-02,52472.64,16.61,24,Monday,0,,ordinary weekday,52727.09,-0.48
Germany,2025-06-03,52592.35,17.02,24,Tuesday,0,,ordinary weekday,52347.54,0.47
Germany,2025-06-04,54552.58,17.95,24,Wednesday,0,,ordinary weekday,53202.23,2.54
Germany,2025-06-05,53015.86,16.63,24,Thursday,0,,ordinary weekday,51352.84,3.24
Germany,2025-06-06,53039.24,16.84,24,Friday,0,,ordinary weekday,51350.00,3.29
Germany,2025-06-07,43635.90,15.94,24,Saturday,0,,weekend,,
Germany,2025-06-08,40339.39,14.05,24,Sunday,0,,weekend,,
Germany,2025-06-09,40715.67,13.82,24,Monday,1,Whit Monday,weekday public holiday,52727.09,-22.78
Germany,2025-06-10,50679.20,15.51,24,Tuesday,0,,ordinary weekday,52347.54,-3.19
Germany,2025-06-11,51930.61,15.48,24,Wednesday,0,,ordinary weekday,53202.23,-2.39
Germany,2025-06-12,51305.69,17.82,24,Thursday,0,,ordinary weekday,51352.84,-0.09
Germany,2025-06-13,51215.73,20.89,24,Friday,0,,ordinary weekday,51350.00,-0.26
Germany,2025-06-14,44994.45,22.92,24,Saturday,0,,weekend,,
Germany,2025-06-15,42272.40,20.11,24,Sunday,0,,weekend,,
Germany,2025-06-16,52333.88,17.54,24,Monday,0,,ordinary weekday,52727.09,-0.75
Germany,2025-06-17,52304.96,19.11,24,Tuesday,0,,ordinary weekday,52347.54,-0.08
Germany,2025-06-18,52277.55,20.46,24,Wednesday,0,,ordinary weekday,53202.23,-1.74
Germany,2025-06-19,46533.89,19.15,24,Thursday,0,,ordinary weekday,51352.84,-9.38
Germany,2025-06-20,47008.49,18.25,24,Friday,0,,ordinary weekday,51350.00,-8.45
Germany,2025-06-21,42672.81,20.76,24,Saturday,0,,weekend,,
Germany,2025-06-22,41168.30,23.73,24,Sunday,0,,weekend,,
Germany,2025-06-23,53808.17,20.92,24,Monday,0,,ordinary weekday,52727.09,2.05
Germany,2025-06-24,53813.64,19.31,24,Tuesday,0,,ordinary weekday,52347.54,2.80
Germany,2025-06-25,54048.19,22.53,24,Wednesday,0,,ordinary weekday,53202.23,1.59
Germany,2025-06-26,54555.94,21.62,24,Thursday,0,,ordinary weekday,51352.84,6.24
Germany,2025-06-27,54136.55,19.50,24,Friday,0,,ordinary weekday,51350.00,5.43
Germany,2025-06-28,45551.29,21.84,24,Saturday,0,,weekend,,
Germany,2025-06-29,43348.35,23.11,24,Sunday,0,,weekend,,
Germany,2025-06-30,52293.68,22.76,24,Monday,0,,ordinary weekday,52727.09,-0.82
Germany,2025-07-01,54458.48,25.27,24,Tuesday,0,,ordinary weekday,52540.39,3.65
Germany,2025-07-02,55615.55,27.21,24,Wednesday,0,,ordinary weekday,52807.58,5.32
Germany,2025-07-03,55728.76,20.99,24,Thursday,0,,ordinary weekday,52436.12,6.28
Germany,2025-07-04,52668.17,19.65,24,Friday,0,,ordinary weekday,51303.79,2.66
Germany,2025-07-05,45214.12,20.94,24,Saturday,0,,weekend,,
Germany,2025-07-06,42893.99,19.47,24,Sunday,0,,weekend,,
Germany,2025-07-07,53001.03,17.01,24,Monday,0,,ordinary weekday,51562.82,2.79
Germany,2025-07-08,53025.53,15.21,24,Tuesday,0,,ordinary weekday,52540.39,0.92
Germany,2025-07-09,52349.33,16.22,24,Wednesday,0,,ordinary weekday,52807.58,-0.87
Germany,2025-07-10,51600.01,17.63,24,Thursday,0,,ordinary weekday,52436.12,-1.59
Germany,2025-07-11,52168.69,18.10,24,Friday,0,,ordinary weekday,51303.79,1.69
Germany,2025-07-12,44840.27,18.22,24,Saturday,0,,weekend,,
Germany,2025-07-13,41615.64,19.53,24,Sunday,0,,weekend,,
Germany,2025-07-14,50938.21,20.11,24,Monday,0,,ordinary weekday,51562.82,-1.21
Germany,2025-07-15,51256.43,19.00,24,Tuesday,0,,ordinary weekday,52540.39,-2.44
Germany,2025-07-16,52399.26,16.96,24,Wednesday,0,,ordinary weekday,52807.58,-0.77
Germany,2025-07-17,51843.93,17.13,24,Thursday,0,,ordinary weekday,52436.12,-1.13
Germany,2025-07-18,49580.80,19.46,24,Friday,0,,ordinary weekday,51303.79,-3.36
Germany,2025-07-19,43169.83,21.78,24,Saturday,0,,weekend,,
Germany,2025-07-20,41118.59,22.51,24,Sunday,0,,weekend,,
Germany,2025-07-21,51954.53,19.55,24,Monday,0,,ordinary weekday,51562.82,0.76
Germany,2025-07-22,51933.55,17.99,24,Tuesday,0,,ordinary weekday,52540.39,-1.16
Germany,2025-07-23,52268.35,18.76,24,Wednesday,0,,ordinary weekday,52807.58,-1.02
Germany,2025-07-24,51856.50,18.85,24,Thursday,0,,ordinary weekday,52436.12,-1.11
Germany,2025-07-25,50797.51,18.94,24,Friday,0,,ordinary weekday,51303.79,-0.99
Germany,2025-07-26,43401.37,18.85,24,Saturday,0,,weekend,,
Germany,2025-07-27,40516.75,17.99,24,Sunday,0,,weekend,,
Germany,2025-07-28,50357.53,16.73,24,Monday,0,,ordinary weekday,51562.82,-2.34
Germany,2025-07-29,52027.99,16.45,24,Tuesday,0,,ordinary weekday,52540.39,-0.98
Germany,2025-07-30,51405.42,16.28,24,Wednesday,0,,ordinary weekday,52807.58,-2.66
Germany,2025-07-31,51151.38,16.70,24,Thursday,0,,ordinary weekday,52436.12,-2.45
Germany,2025-08-01,49501.16,16.90,24,Friday,0,,ordinary weekday,50086.21,-1.17
Germany,2025-08-02,42515.80,16.06,24,Saturday,0,,weekend,,
Germany,2025-08-03,40384.39,15.93,24,Sunday,0,,weekend,,
Germany,2025-08-04,49427.77,17.58,24,Monday,0,,ordinary weekday,48617.34,1.67
Germany,2025-08-05,51095.01,18.17,24,Tuesday,0,,ordinary weekday,50265.16,1.65
Germany,2025-08-06,50373.10,16.59,24,Wednesday,0,,ordinary weekday,51147.24,-1.51
Germany,2025-08-07,49633.57,18.40,24,Thursday,0,,ordinary weekday,51571.95,-3.76
Germany,2025-08-08,49068.80,20.72,24,Friday,0,,ordinary weekday,50086.21,-2.03
Germany,2025-08-09,42196.15,21.74,24,Saturday,0,,weekend,,
Germany,2025-08-10,39689.75,19.94,24,Sunday,0,,weekend,,
Germany,2025-08-11,47603.91,20.04,24,Monday,0,,ordinary weekday,48617.34,-2.08
Germany,2025-08-12,49711.27,22.17,24,Tuesday,0,,ordinary weekday,50265.16,-1.10
Germany,2025-08-13,51389.86,24.93,24,Wednesday,0,,ordinary weekday,51147.24,0.47
Germany,2025-08-14,52501.73,25.84,24,Thursday,0,,ordinary weekday,51571.95,1.80
Germany,2025-08-15,50647.47,24.53,24,Friday,0,,ordinary weekday,50086.21,1.12
Germany,2025-08-16,44830.39,20.79,24,Saturday,0,,weekend,,
Germany,2025-08-17,40115.49,17.80,24,Sunday,0,,weekend,,
Germany,2025-08-18,48262.42,19.00,24,Monday,0,,ordinary weekday,48617.34,-0.73
Germany,2025-08-19,50124.67,20.37,24,Tuesday,0,,ordinary weekday,50265.16,-0.28
Germany,2025-08-20,51015.72,19.53,24,Wednesday,0,,ordinary weekday,51147.24,-0.26
Germany,2025-08-21,51348.87,18.29,24,Thursday,0,,ordinary weekday,51571.95,-0.43
Germany,2025-08-22,50772.85,15.82,24,Friday,0,,ordinary weekday,50086.21,1.37
Germany,2025-08-23,43821.04,14.66,24,Saturday,0,,weekend,,
Germany,2025-08-24,40302.93,14.83,24,Sunday,0,,weekend,,
Germany,2025-08-25,49175.25,15.85,24,Monday,0,,ordinary weekday,48617.34,1.15
Germany,2025-08-26,50129.70,18.51,24,Tuesday,0,,ordinary weekday,50265.16,-0.27
Germany,2025-08-27,51810.28,20.60,24,Wednesday,0,,ordinary weekday,51147.24,1.30
Germany,2025-08-28,52803.64,19.04,24,Thursday,0,,ordinary weekday,51571.95,2.39
Germany,2025-08-29,50440.78,17.96,24,Friday,0,,ordinary weekday,50086.21,0.71
Germany,2025-08-30,42811.30,17.30,24,Saturday,0,,weekend,,
Germany,2025-08-31,40388.09,18.17,24,Sunday,0,,weekend,,
Germany,2025-09-01,51340.41,18.12,24,Monday,0,,ordinary weekday,52463.72,-2.14
Germany,2025-09-02,52026.04,17.10,24,Tuesday,0,,ordinary weekday,53466.15,-2.69
Germany,2025-09-03,53277.78,18.41,24,Wednesday,0,,ordinary weekday,53895.89,-1.15
Germany,2025-09-04,53170.77,19.73,24,Thursday,0,,ordinary weekday,54304.40,-2.09
Germany,2025-09-05,51484.83,16.36,24,Friday,0,,ordinary weekday,53101.26,-3.04
Germany,2025-09-06,42362.20,16.07,24,Saturday,0,,weekend,,
Germany,2025-09-07,39902.12,17.68,24,Sunday,0,,weekend,,
Germany,2025-09-08,51643.57,17.31,24,Monday,0,,ordinary weekday,52463.72,-1.56
Germany,2025-09-09,53417.38,16.27,24,Tuesday,0,,ordinary weekday,53466.15,-0.09
Germany,2025-09-10,53459.07,15.25,24,Wednesday,0,,ordinary weekday,53895.89,-0.81
Germany,2025-09-11,52791.32,15.49,24,Thursday,0,,ordinary weekday,54304.40,-2.79
Germany,2025-09-12,52077.32,14.85,24,Friday,0,,ordinary weekday,53101.26,-1.93
Germany,2025-09-13,44318.39,14.92,24,Saturday,0,,weekend,,
Germany,2025-09-14,41031.30,14.73,24,Sunday,0,,weekend,,
Germany,2025-09-15,52892.96,17.36,24,Monday,0,,ordinary weekday,52463.72,0.82
Germany,2025-09-16,54381.52,14.64,24,Tuesday,0,,ordinary weekday,53466.15,1.71
Germany,2025-09-17,54212.53,13.95,24,Wednesday,0,,ordinary weekday,53895.89,0.59
Germany,2025-09-18,54265.48,17.10,24,Thursday,0,,ordinary weekday,54304.40,-0.07
Germany,2025-09-19,52617.18,18.54,24,Friday,0,,ordinary weekday,53101.26,-0.91
Germany,2025-09-20,44178.94,20.22,24,Saturday,0,,weekend,,
Germany,2025-09-21,43366.59,17.48,24,Sunday,0,,weekend,,
Germany,2025-09-22,53230.75,12.04,24,Monday,0,,ordinary weekday,52463.72,1.46
Germany,2025-09-23,53236.52,11.42,24,Tuesday,0,,ordinary weekday,53466.15,-0.43
Germany,2025-09-24,54634.17,11.04,24,Wednesday,0,,ordinary weekday,53895.89,1.37
Germany,2025-09-25,56990.04,10.24,24,Thursday,0,,ordinary weekday,54304.40,4.95
Germany,2025-09-26,56225.71,11.40,24,Friday,0,,ordinary weekday,53101.26,5.88
Germany,2025-09-27,46599.91,12.75,24,Saturday,0,,weekend,,
Germany,2025-09-28,43041.17,12.92,24,Sunday,0,,weekend,,
Germany,2025-09-29,53210.94,12.70,24,Monday,0,,ordinary weekday,52463.72,1.42
Germany,2025-09-30,54269.30,11.46,24,Tuesday,0,,ordinary weekday,53466.15,1.50
Germany,2025-10-01,53638.27,9.55,24,Wednesday,0,,ordinary weekday,56433.29,-4.95
Germany,2025-10-02,53284.12,9.21,24,Thursday,0,,ordinary weekday,56902.77,-6.36
Germany,2025-10-03,45680.87,9.18,24,Friday,1,German Unity Day,weekday public holiday,56789.13,-19.56
Germany,2025-10-04,48725.32,11.34,24,Saturday,0,,weekend,,
Germany,2025-10-05,47080.43,10.07,24,Sunday,0,,weekend,,
Germany,2025-10-06,56978.64,10.46,24,Monday,0,,ordinary weekday,57364.21,-0.67
Germany,2025-10-07,55847.76,12.29,24,Tuesday,0,,ordinary weekday,57630.47,-3.09
Germany,2025-10-08,55609.65,13.04,24,Wednesday,0,,ordinary weekday,56433.29,-1.46
Germany,2025-10-09,56878.24,12.51,24,Thursday,0,,ordinary weekday,56902.77,-0.04
Germany,2025-10-10,57691.87,12.34,24,Friday,0,,ordinary weekday,56789.13,1.59
Germany,2025-10-11,49168.94,12.62,24,Saturday,0,,weekend,,
Germany,2025-10-12,45180.48,12.03,24,Sunday,0,,weekend,,
Germany,2025-10-13,54694.77,11.87,24,Monday,0,,ordinary weekday,57364.21,-4.65
Germany,2025-10-14,55719.07,11.13,24,Tuesday,0,,ordinary weekday,57630.47,-3.32
Germany,2025-10-15,56578.93,11.35,24,Wednesday,0,,ordinary weekday,56433.29,0.26
Germany,2025-10-16,57603.39,10.79,24,Thursday,0,,ordinary weekday,56902.77,1.23
Germany,2025-10-17,56923.57,10.31,24,Friday,0,,ordinary weekday,56789.13,0.24
Germany,2025-10-18,48161.78,8.15,24,Saturday,0,,weekend,,
Germany,2025-10-19,46036.79,7.80,24,Sunday,0,,weekend,,
Germany,2025-10-20,58135.98,10.82,24,Monday,0,,ordinary weekday,57364.21,1.35
Germany,2025-10-21,58703.77,12.24,24,Tuesday,0,,ordinary weekday,57630.47,1.86
Germany,2025-10-22,57298.42,12.03,24,Wednesday,0,,ordinary weekday,56433.29,1.53
Germany,2025-10-23,58486.71,11.96,24,Thursday,0,,ordinary weekday,56902.77,2.78
Germany,2025-10-24,58585.06,8.53,24,Friday,0,,ordinary weekday,56789.13,3.16
Germany,2025-10-25,51789.17,8.39,24,Saturday,0,,weekend,,
Germany,2025-10-26,48807.30,6.87,25,Sunday,0,,weekend,,
Germany,2025-10-27,59647.45,7.14,24,Monday,0,,ordinary weekday,57364.21,3.98
Germany,2025-10-28,60251.27,8.96,24,Tuesday,0,,ordinary weekday,57630.47,4.55
Germany,2025-10-29,59041.19,10.83,24,Wednesday,0,,ordinary weekday,56433.29,4.62
Germany,2025-10-30,58261.41,9.97,24,Thursday,0,,ordinary weekday,56902.77,2.39
Germany,2025-10-31,53956.01,8.55,24,Friday,0,,ordinary weekday,56789.13,-4.99
Germany,2025-11-01,48105.60,11.41,24,Saturday,0,,weekend,,
Germany,2025-11-02,46309.35,10.31,24,Sunday,0,,weekend,,
Germany,2025-11-03,57589.47,8.73,24,Monday,0,,ordinary weekday,59984.83,-3.99
Germany,2025-11-04,58719.31,10.22,24,Tuesday,0,,ordinary weekday,60937.82,-3.64
Germany,2025-11-05,58587.78,9.22,24,Wednesday,0,,ordinary weekday,61129.77,-4.16
Germany,2025-11-06,58838.42,7.16,24,Thursday,0,,ordinary weekday,62080.62,-5.22
Germany,2025-11-07,58752.95,5.83,24,Friday,0,,ordinary weekday,60685.85,-3.19
Germany,2025-11-08,50809.09,5.90,24,Saturday,0,,weekend,,
Germany,2025-11-09,47611.21,7.67,24,Sunday,0,,weekend,,
Germany,2025-11-10,57536.14,7.41,24,Monday,0,,ordinary weekday,59984.83,-4.08
Germany,2025-11-11,59155.88,8.37,24,Tuesday,0,,ordinary weekday,60937.82,-2.92
Germany,2025-11-12,59829.50,8.53,24,Wednesday,0,,ordinary weekday,61129.77,-2.13
Germany,2025-11-13,60606.01,11.13,24,Thursday,0,,ordinary weekday,62080.62,-2.38
Germany,2025-11-14,57956.87,10.74,24,Friday,0,,ordinary weekday,60685.85,-4.50
Germany,2025-11-15,51373.19,9.00,24,Saturday,0,,weekend,,
Germany,2025-11-16,47949.34,7.80,24,Sunday,0,,weekend,,
Germany,2025-11-17,61273.01,4.15,24,Monday,0,,ordinary weekday,59984.83,2.15
Germany,2025-11-18,63564.14,1.97,24,Tuesday,0,,ordinary weekday,60937.82,4.31
Germany,2025-11-19,62900.50,2.02,24,Wednesday,0,,ordinary weekday,61129.77,2.90
Germany,2025-11-20,63317.57,1.20,24,Thursday,0,,ordinary weekday,62080.62,1.99
Germany,2025-11-21,62347.02,-1.21,24,Friday,0,,ordinary weekday,60685.85,2.74
Germany,2025-11-22,56135.32,-2.04,24,Saturday,0,,weekend,,
Germany,2025-11-23,54818.99,-1.91,24,Sunday,0,,weekend,,
Germany,2025-11-24,63540.71,2.22,24,Monday,0,,ordinary weekday,59984.83,5.93
Germany,2025-11-25,62311.94,2.66,24,Tuesday,0,,ordinary weekday,60937.82,2.25
Germany,2025-11-26,63201.28,1.91,24,Wednesday,0,,ordinary weekday,61129.77,3.39
Germany,2025-11-27,65560.47,1.72,24,Thursday,0,,ordinary weekday,62080.62,5.61
Germany,2025-11-28,63686.54,4.23,24,Friday,0,,ordinary weekday,60685.85,4.94
Germany,2025-11-29,53634.49,5.86,24,Saturday,0,,weekend,,
Germany,2025-11-30,51907.55,5.65,24,Sunday,0,,weekend,,
Germany,2025-12-01,63303.04,3.30,24,Monday,0,,ordinary weekday,59433.24,6.51
Germany,2025-12-02,65325.12,3.18,24,Tuesday,0,,ordinary weekday,59639.95,9.53
Germany,2025-12-03,63962.92,3.10,24,Wednesday,0,,ordinary weekday,58118.27,10.06
Germany,2025-12-04,64399.27,2.14,24,Thursday,0,,ordinary weekday,62748.40,2.63
Germany,2025-12-05,62712.50,2.35,24,Friday,0,,ordinary weekday,60287.57,4.02
Germany,2025-12-06,54965.84,4.16,24,Saturday,0,,weekend,,
Germany,2025-12-07,49605.93,7.57,24,Sunday,0,,weekend,,
Germany,2025-12-08,61743.19,10.96,24,Monday,0,,ordinary weekday,59433.24,3.89
Germany,2025-12-09,61183.59,9.67,24,Tuesday,0,,ordinary weekday,59639.95,2.59
Germany,2025-12-10,62773.18,9.03,24,Wednesday,0,,ordinary weekday,58118.27,8.01
Germany,2025-12-11,63538.13,7.28,24,Thursday,0,,ordinary weekday,62748.40,1.26
Germany,2025-12-12,59850.77,5.66,24,Friday,0,,ordinary weekday,60287.57,-0.72
Germany,2025-12-13,54302.95,5.51,24,Saturday,0,,weekend,,
Germany,2025-12-14,53075.65,5.03,24,Sunday,0,,weekend,,
Germany,2025-12-15,61759.96,4.26,24,Monday,0,,ordinary weekday,59433.24,3.91
Germany,2025-12-16,61344.10,3.52,24,Tuesday,0,,ordinary weekday,59639.95,2.86
Germany,2025-12-17,60659.26,3.80,24,Wednesday,0,,ordinary weekday,58118.27,4.37
Germany,2025-12-18,60307.79,6.00,24,Thursday,0,,ordinary weekday,62748.40,-3.89
Germany,2025-12-19,58299.44,7.04,24,Friday,0,,ordinary weekday,60287.57,-3.30
Germany,2025-12-20,49856.88,5.18,24,Saturday,0,,weekend,,
Germany,2025-12-21,47989.13,4.50,24,Sunday,0,,weekend,,
Germany,2025-12-22,55396.98,2.87,24,Monday,0,,ordinary weekday,59433.24,-6.79
Germany,2025-12-23,55751.92,1.88,24,Tuesday,0,,ordinary weekday,59639.95,-6.52
Germany,2025-12-24,50892.61,-0.44,24,Wednesday,0,,ordinary weekday,58118.27,-12.43
Germany,2025-12-25,48102.42,-2.64,24,Thursday,1,Christmas Day,weekday public holiday,62748.40,-23.34
Germany,2025-12-26,48148.18,-2.05,24,Friday,1,Boxing Day,weekday public holiday,60287.57,-20.14
Germany,2025-12-27,51602.14,-0.42,24,Saturday,0,,weekend,,
Germany,2025-12-28,49972.31,-0.98,24,Sunday,0,,weekend,,
Germany,2025-12-29,54963.03,-0.23,24,Monday,0,,ordinary weekday,59433.24,-7.52
Germany,2025-12-30,54595.00,-1.24,24,Tuesday,0,,ordinary weekday,59639.95,-8.46
Germany,2025-12-31,52303.41,-0.91,24,Wednesday,0,,ordinary weekday,58118.27,-10.01
Austria,2020-01-01,6325.17,-0.71,24,Wednesday,1,New Year's Day,weekday public holiday,8716.40,-27.43
Austria,2020-01-02,7256.26,-1.48,24,Thursday,0,,ordinary weekday,8312.86,-12.71
Austria,2020-01-03,7538.51,-0.88,24,Friday,0,,ordinary weekday,8270.42,-8.85
Austria,2020-01-04,7089.27,2.22,24,Saturday,0,,weekend,,
Austria,2020-01-05,6684.70,-0.03,24,Sunday,0,,weekend,,
Austria,2020-01-06,6801.18,-1.66,24,Monday,1,Epiphany,weekday public holiday,8608.32,-20.99
Austria,2020-01-07,8363.36,-0.88,24,Tuesday,0,,ordinary weekday,8680.06,-3.65
Austria,2020-01-08,8495.98,0.39,24,Wednesday,0,,ordinary weekday,8716.40,-2.53
Austria,2020-01-09,8406.44,2.15,24,Thursday,0,,ordinary weekday,8312.86,1.13
Austria,2020-01-10,8358.07,1.02,24,Friday,0,,ordinary weekday,8270.42,1.06
Austria,2020-01-11,7373.74,2.23,24,Saturday,0,,weekend,,
Austria,2020-01-12,6993.00,-1.04,24,Sunday,0,,weekend,,
Austria,2020-01-13,8556.05,-0.80,24,Monday,0,,ordinary weekday,8608.32,-0.61
Austria,2020-01-14,8837.91,-1.62,24,Tuesday,0,,ordinary weekday,8680.06,1.82
Austria,2020-01-15,8874.84,-0.79,24,Wednesday,0,,ordinary weekday,8716.40,1.82
Austria,2020-01-16,8724.75,0.57,24,Thursday,0,,ordinary weekday,8312.86,4.95
Austria,2020-01-17,8668.85,-0.00,24,Friday,0,,ordinary weekday,8270.42,4.82
Austria,2020-01-18,7743.58,-0.19,24,Saturday,0,,weekend,,
Austria,2020-01-19,7225.45,-0.64,24,Sunday,0,,weekend,,
Austria,2020-01-20,8790.68,-1.02,24,Monday,0,,ordinary weekday,8608.32,2.12
Austria,2020-01-21,8868.16,-2.00,24,Tuesday,0,,ordinary weekday,8680.06,2.17
Austria,2020-01-22,8805.27,-0.89,24,Wednesday,0,,ordinary weekday,8716.40,1.02
Austria,2020-01-23,8680.44,-1.14,24,Thursday,0,,ordinary weekday,8312.86,4.42
Austria,2020-01-24,8657.33,-1.16,24,Friday,0,,ordinary weekday,8270.42,4.68
Austria,2020-01-25,7582.99,-0.88,24,Saturday,0,,weekend,,
Austria,2020-01-26,7063.71,-0.30,24,Sunday,0,,weekend,,
Austria,2020-01-27,8478.23,0.45,24,Monday,0,,ordinary weekday,8608.32,-1.51
Austria,2020-01-28,8650.82,1.23,24,Tuesday,0,,ordinary weekday,8680.06,-0.34
Austria,2020-01-29,8689.50,0.57,24,Wednesday,0,,ordinary weekday,8716.40,-0.31
Austria,2020-01-30,8496.42,1.66,24,Thursday,0,,ordinary weekday,8312.86,2.21
Austria,2020-01-31,8129.33,5.68,24,Friday,0,,ordinary weekday,8270.42,-1.71
Austria,2020-02-01,6840.81,6.38,24,Saturday,0,,weekend,,
Austria,2020-02-02,6458.06,7.28,24,Sunday,0,,weekend,,
Austria,2020-02-03,8103.67,6.07,24,Monday,0,,ordinary weekday,8052.94,0.63
Austria,2020-02-04,8405.72,3.03,24,Tuesday,0,,ordinary weekday,8223.59,2.21
Austria,2020-02-05,8576.70,0.25,24,Wednesday,0,,ordinary weekday,8462.69,1.35
Austria,2020-02-06,8562.05,-0.72,24,Thursday,0,,ordinary weekday,8391.17,2.04
Austria,2020-02-07,8350.77,0.01,24,Friday,0,,ordinary weekday,8240.25,1.34
Austria,2020-02-08,7273.14,0.02,24,Saturday,0,,weekend,,
Austria,2020-02-09,6724.69,0.22,24,Sunday,0,,weekend,,
Austria,2020-02-10,8179.45,3.92,24,Monday,0,,ordinary weekday,8052.94,1.57
Austria,2020-02-11,8370.70,3.07,24,Tuesday,0,,ordinary weekday,8223.59,1.79
Austria,2020-02-12,8467.98,1.37,24,Wednesday,0,,ordinary weekday,8462.69,0.06
Austria,2020-02-13,8409.77,1.82,24,Thursday,0,,ordinary weekday,8391.17,0.22
Austria,2020-02-14,8193.94,3.50,24,Friday,0,,ordinary weekday,8240.25,-0.56
Austria,2020-02-15,6990.52,3.56,24,Saturday,0,,weekend,,
Austria,2020-02-16,6615.56,4.29,24,Sunday,0,,weekend,,
Austria,2020-02-17,7953.31,5.78,24,Monday,0,,ordinary weekday,8052.94,-1.24
Austria,2020-02-18,8068.92,5.18,24,Tuesday,0,,ordinary weekday,8223.59,-1.88
Austria,2020-02-19,8394.14,2.31,24,Wednesday,0,,ordinary weekday,8462.69,-0.81
Austria,2020-02-20,8299.43,2.13,24,Thursday,0,,ordinary weekday,8391.17,-1.09
Austria,2020-02-21,8128.94,2.50,24,Friday,0,,ordinary weekday,8240.25,-1.35
Austria,2020-02-22,6926.34,4.12,24,Saturday,0,,weekend,,
Austria,2020-02-23,6528.31,8.33,24,Sunday,0,,weekend,,
Austria,2020-02-24,7975.34,6.00,24,Monday,0,,ordinary weekday,8052.94,-0.96
Austria,2020-02-25,8049.04,6.39,24,Tuesday,0,,ordinary weekday,8223.59,-2.12
Austria,2020-02-26,8411.96,3.24,24,Wednesday,0,,ordinary weekday,8462.69,-0.60
Austria,2020-02-27,8293.45,1.70,24,Thursday,0,,ordinary weekday,8391.17,-1.16
Austria,2020-02-28,8287.36,1.12,24,Friday,0,,ordinary weekday,8240.25,0.57
Austria,2020-02-29,7214.54,2.24,24,Saturday,0,,weekend,,
Austria,2020-03-01,6592.78,4.78,24,Sunday,0,,weekend,,
Austria,2020-03-02,7923.32,6.39,24,Monday,0,,ordinary weekday,7456.98,6.25
Austria,2020-03-03,8245.80,4.57,24,Tuesday,0,,ordinary weekday,7590.94,8.63
Austria,2020-03-04,8196.90,2.50,24,Wednesday,0,,ordinary weekday,7614.02,7.66
Austria,2020-03-05,8145.89,2.51,24,Thursday,0,,ordinary weekday,7508.29,8.49
Austria,2020-03-06,8128.94,3.92,24,Friday,0,,ordinary weekday,7291.43,11.49
Austria,2020-03-07,7057.93,3.33,24,Saturday,0,,weekend,,
Austria,2020-03-08,6412.65,2.76,24,Sunday,0,,weekend,,
Austria,2020-03-09,8077.52,3.24,24,Monday,0,,ordinary weekday,7456.98,8.32
Austria,2020-03-10,8190.31,4.58,24,Tuesday,0,,ordinary weekday,7590.94,7.90
Austria,2020-03-11,8011.64,9.80,24,Wednesday,0,,ordinary weekday,7614.02,5.22
Austria,2020-03-12,7755.79,10.46,24,Thursday,0,,ordinary weekday,7508.29,3.30
Austria,2020-03-13,7763.41,6.71,24,Friday,0,,ordinary weekday,7291.43,6.47
Austria,2020-03-14,6674.48,4.01,24,Saturday,0,,weekend,,
Austria,2020-03-15,6100.02,2.53,24,Sunday,0,,weekend,,
Austria,2020-03-16,7198.43,4.97,24,Monday,0,,ordinary weekday,7456.98,-3.47
Austria,2020-03-17,7212.01,7.13,24,Tuesday,0,,ordinary weekday,7590.94,-4.99
Austria,2020-03-18,6939.17,8.94,24,Wednesday,0,,ordinary weekday,7614.02,-8.86
Austria,2020-03-19,6814.40,9.82,24,Thursday,0,,ordinary weekday,7508.29,-9.24
Austria,2020-03-20,6549.78,10.08,24,Friday,0,,ordinary weekday,7291.43,-10.17
Austria,2020-03-21,6299.44,4.86,24,Saturday,0,,weekend,,
Austria,2020-03-22,5953.24,0.69,24,Sunday,0,,weekend,,
Austria,2020-03-23,7096.28,-1.36,24,Monday,0,,ordinary weekday,7456.98,-4.84
Austria,2020-03-24,7211.54,-0.68,24,Tuesday,0,,ordinary weekday,7590.94,-5.00
Austria,2020-03-25,7308.38,-0.81,24,Wednesday,0,,ordinary weekday,7614.02,-4.01
Austria,2020-03-26,7317.10,1.68,24,Thursday,0,,ordinary weekday,7508.29,-2.55
Austria,2020-03-27,6723.59,6.42,24,Friday,0,,ordinary weekday,7291.43,-7.79
Austria,2020-03-28,5837.77,7.76,24,Saturday,0,,weekend,,
Austria,2020-03-29,5695.13,6.60,23,Sunday,0,,weekend,,
Austria,2020-03-30,6989.35,1.44,24,Monday,0,,ordinary weekday,7456.98,-6.27
Austria,2020-03-31,7095.02,0.11,24,Tuesday,0,,ordinary weekday,7590.94,-6.53
Austria,2020-04-01,6956.11,0.65,24,Wednesday,0,,ordinary weekday,6547.80,6.24
Austria,2020-04-02,6806.52,3.32,24,Thursday,0,,ordinary weekday,6425.61,5.93
Austria,2020-04-03,6610.50,5.10,24,Friday,0,,ordinary weekday,6201.20,6.60
Austria,2020-04-04,5798.18,6.14,24,Saturday,0,,weekend,,
Austria,2020-04-05,5397.38,7.32,24,Sunday,0,,weekend,,
Austria,2020-04-06,6386.03,9.40,24,Monday,0,,ordinary weekday,6334.20,0.82
Austria,2020-04-07,6372.68,10.26,24,Tuesday,0,,ordinary weekday,6370.15,0.04
Austria,2020-04-08,6294.08,10.31,24,Wednesday,0,,ordinary weekday,6547.80,-3.87
Austria,2020-04-09,6231.68,11.67,24,Thursday,0,,ordinary weekday,6425.61,-3.02
Austria,2020-04-10,5861.75,12.05,24,Friday,0,,ordinary weekday,6201.20,-5.47
Austria,2020-04-11,5137.64,12.08,24,Saturday,0,,weekend,,
Austria,2020-04-12,4728.81,12.85,24,Sunday,0,,weekend,,
Austria,2020-04-13,4998.50,11.99,24,Monday,1,Easter Monday,weekday public holiday,6334.20,-21.09
Austria,2020-04-14,6324.30,5.23,24,Tuesday,0,,ordinary weekday,6370.15,-0.72
Austria,2020-04-15,6443.82,6.50,24,Wednesday,0,,ordinary weekday,6547.80,-1.59
Austria,2020-04-16,6366.78,11.20,24,Thursday,0,,ordinary weekday,6425.61,-0.92
Austria,2020-04-17,6124.98,14.41,24,Friday,0,,ordinary weekday,6201.20,-1.23
Austria,2020-04-18,5337.99,14.19,24,Saturday,0,,weekend,,
Austria,2020-04-19,5208.49,11.71,24,Sunday,0,,weekend,,
Austria,2020-04-20,6323.24,9.69,24,Monday,0,,ordinary weekday,6334.20,-0.17
Austria,2020-04-21,6424.54,10.01,24,Tuesday,0,,ordinary weekday,6370.15,0.85
Austria,2020-04-22,6411.80,10.37,24,Wednesday,0,,ordinary weekday,6547.80,-2.08
Austria,2020-04-23,6389.73,11.51,24,Thursday,0,,ordinary weekday,6425.61,-0.56
Austria,2020-04-24,6207.55,12.94,24,Friday,0,,ordinary weekday,6201.20,0.10
Austria,2020-04-25,5379.94,13.09,24,Saturday,0,,weekend,,
Austria,2020-04-26,5024.99,11.03,24,Sunday,0,,weekend,,
Austria,2020-04-27,6293.32,12.21,24,Monday,0,,ordinary weekday,6334.20,-0.65
Austria,2020-04-28,6359.07,13.61,24,Tuesday,0,,ordinary weekday,6370.15,-0.17
Austria,2020-04-29,6633.16,11.15,24,Wednesday,0,,ordinary weekday,6547.80,1.30
Austria,2020-04-30,6333.34,12.55,24,Thursday,0,,ordinary weekday,6425.61,-1.44
Austria,2020-05-01,5270.73,11.96,24,Friday,1,Labour Day,weekday public holiday,6388.16,-17.49
Austria,2020-05-02,5369.43,11.03,24,Saturday,0,,weekend,,
Austria,2020-05-03,5058.38,9.47,24,Sunday,0,,weekend,,
Austria,2020-05-04,6397.53,11.08,24,Monday,0,,ordinary weekday,6493.40,-1.48
Austria,2020-05-05,6769.95,10.16,24,Tuesday,0,,ordinary weekday,6748.08,0.32
Austria,2020-05-06,6524.81,8.87,24,Wednesday,0,,ordinary weekday,6647.05,-1.84
Austria,2020-05-07,6386.24,11.90,24,Thursday,0,,ordinary weekday,6671.07,-4.27
Austria,2020-05-08,6181.44,14.59,24,Friday,0,,ordinary weekday,6388.16,-3.24
Austria,2020-05-09,5381.40,16.61,24,Saturday,0,,weekend,,
Austria,2020-05-10,5039.55,15.73,24,Sunday,0,,weekend,,
Austria,2020-05-11,6519.46,14.31,24,Monday,0,,ordinary weekday,6493.40,0.40
Austria,2020-05-12,6663.57,6.97,24,Tuesday,0,,ordinary weekday,6748.08,-1.25
Austria,2020-05-13,6686.84,10.28,24,Wednesday,0,,ordinary weekday,6647.05,0.60
Austria,2020-05-14,6755.38,10.70,24,Thursday,0,,ordinary weekday,6671.07,1.26
Austria,2020-05-15,6863.05,8.18,24,Friday,0,,ordinary weekday,6388.16,7.43
Austria,2020-05-16,5644.50,10.35,24,Saturday,0,,weekend,,
Austria,2020-05-17,5131.18,13.44,24,Sunday,0,,weekend,,
Austria,2020-05-18,6386.00,15.27,24,Monday,0,,ordinary weekday,6493.40,-1.65
Austria,2020-05-19,6702.09,16.17,24,Tuesday,0,,ordinary weekday,6748.08,-0.68
Austria,2020-05-20,6703.12,15.00,24,Wednesday,0,,ordinary weekday,6647.05,0.84
Austria,2020-05-21,5361.93,14.12,24,Thursday,1,Ascension Day,weekday public holiday,6671.07,-19.62
Austria,2020-05-22,5917.80,14.92,24,Friday,0,,ordinary weekday,6388.16,-7.36
Austria,2020-05-23,5504.44,15.47,24,Saturday,0,,weekend,,
Austria,2020-05-24,5035.10,12.04,24,Sunday,0,,weekend,,
Austria,2020-05-25,6670.60,11.43,24,Monday,0,,ordinary weekday,6493.40,2.73
Austria,2020-05-26,6856.70,11.03,24,Tuesday,0,,ordinary weekday,6748.08,1.61
Austria,2020-05-27,6673.43,12.32,24,Wednesday,0,,ordinary weekday,6647.05,0.40
Austria,2020-05-28,6871.59,11.26,24,Thursday,0,,ordinary weekday,6671.07,3.01
Austria,2020-05-29,6590.33,11.00,24,Friday,0,,ordinary weekday,6388.16,3.16
Austria,2020-05-30,5727.82,10.42,24,Saturday,0,,weekend,,
Austria,2020-05-31,5379.27,9.75,24,Sunday,0,,weekend,,
Austria,2020-06-01,5114.05,14.18,24,Monday,1,Whit Monday,weekday public holiday,6767.39,-24.43
Austria,2020-06-02,6449.29,14.58,24,Tuesday,0,,ordinary weekday,6732.24,-4.20
Austria,2020-06-03,6645.57,15.46,24,Wednesday,0,,ordinary weekday,6768.68,-1.82
Austria,2020-06-04,6741.08,15.39,24,Thursday,0,,ordinary weekday,6795.91,-0.81
Austria,2020-06-05,6622.94,13.54,24,Friday,0,,ordinary weekday,6416.92,3.21
Austria,2020-06-06,5559.60,15.57,24,Saturday,0,,weekend,,
Austria,2020-06-07,5191.89,15.84,24,Sunday,0,,weekend,,
Austria,2020-06-08,6669.78,12.46,24,Monday,0,,ordinary weekday,6767.39,-1.44
Austria,2020-06-09,6857.86,13.44,24,Tuesday,0,,ordinary weekday,6732.24,1.87
Austria,2020-06-10,6908.40,13.07,24,Wednesday,0,,ordinary weekday,6768.68,2.06
Austria,2020-06-11,5316.26,15.11,24,Thursday,1,Corpus Christi,weekday public holiday,6795.91,-21.77
Austria,2020-06-12,5836.34,17.55,24,Friday,0,,ordinary weekday,6416.92,-9.05
Austria,2020-06-13,5361.36,19.69,24,Saturday,0,,weekend,,
Austria,2020-06-14,5159.05,16.64,24,Sunday,0,,weekend,,
Austria,2020-06-15,6760.74,14.97,24,Monday,0,,ordinary weekday,6767.39,-0.10
Austria,2020-06-16,6787.88,15.90,24,Tuesday,0,,ordinary weekday,6732.24,0.83
Austria,2020-06-17,6781.26,16.65,24,Wednesday,0,,ordinary weekday,6768.68,0.19
Austria,2020-06-18,6764.44,15.82,24,Thursday,0,,ordinary weekday,6795.91,-0.46
Austria,2020-06-19,6597.98,15.48,24,Friday,0,,ordinary weekday,6416.92,2.82
Austria,2020-06-20,5740.07,14.14,24,Saturday,0,,weekend,,
Austria,2020-06-21,5387.28,14.40,24,Sunday,0,,weekend,,
Austria,2020-06-22,6692.71,17.60,24,Monday,0,,ordinary weekday,6767.39,-1.10
Austria,2020-06-23,6714.69,17.96,24,Tuesday,0,,ordinary weekday,6732.24,-0.26
Austria,2020-06-24,6739.50,16.74,24,Wednesday,0,,ordinary weekday,6768.68,-0.43
Austria,2020-06-25,6882.21,16.02,24,Thursday,0,,ordinary weekday,6795.91,1.27
Austria,2020-06-26,6610.42,18.20,24,Friday,0,,ordinary weekday,6416.92,3.02
Austria,2020-06-27,5717.58,20.86,24,Saturday,0,,weekend,,
Austria,2020-06-28,5331.14,21.67,24,Sunday,0,,weekend,,
Austria,2020-06-29,6946.32,17.51,24,Monday,0,,ordinary weekday,6767.39,2.64
Austria,2020-06-30,6851.50,18.30,24,Tuesday,0,,ordinary weekday,6732.24,1.77
Austria,2020-07-01,7051.99,20.36,24,Wednesday,0,,ordinary weekday,6867.15,2.69
Austria,2020-07-02,7021.57,20.27,24,Thursday,0,,ordinary weekday,6856.44,2.41
Austria,2020-07-03,6762.94,17.73,24,Friday,0,,ordinary weekday,6675.07,1.32
Austria,2020-07-04,5716.41,18.22,24,Saturday,0,,weekend,,
Austria,2020-07-05,5282.54,20.30,24,Sunday,0,,weekend,,
Austria,2020-07-06,6942.76,19.35,24,Monday,0,,ordinary weekday,6661.18,4.23
Austria,2020-07-07,6708.99,15.15,24,Tuesday,0,,ordinary weekday,6755.32,-0.69
Austria,2020-07-08,6758.92,17.49,24,Wednesday,0,,ordinary weekday,6867.15,-1.58
Austria,2020-07-09,6824.94,19.98,24,Thursday,0,,ordinary weekday,6856.44,-0.46
Austria,2020-07-10,6755.23,22.22,24,Friday,0,,ordinary weekday,6675.07,1.20
Austria,2020-07-11,5937.22,16.14,24,Saturday,0,,weekend,,
Austria,2020-07-12,5197.98,15.11,24,Sunday,0,,weekend,,
Austria,2020-07-13,6531.47,15.88,24,Monday,0,,ordinary weekday,6661.18,-1.95
Austria,2020-07-14,6643.11,16.60,24,Tuesday,0,,ordinary weekday,6755.32,-1.66
Austria,2020-07-15,6841.74,17.47,24,Wednesday,0,,ordinary weekday,6867.15,-0.37
Austria,2020-07-16,6902.54,15.44,24,Thursday,0,,ordinary weekday,6856.44,0.67
Austria,2020-07-17,6635.19,14.68,24,Friday,0,,ordinary weekday,6675.07,-0.60
Austria,2020-07-18,5791.05,13.48,24,Saturday,0,,weekend,,
Austria,2020-07-19,5298.82,16.73,24,Sunday,0,,weekend,,
Austria,2020-07-20,6716.65,19.48,24,Monday,0,,ordinary weekday,6661.18,0.83
Austria,2020-07-21,6932.31,19.89,24,Tuesday,0,,ordinary weekday,6755.32,2.62
Austria,2020-07-22,6938.01,19.20,24,Wednesday,0,,ordinary weekday,6867.15,1.03
Austria,2020-07-23,6888.26,19.36,24,Thursday,0,,ordinary weekday,6856.44,0.46
Austria,2020-07-24,6725.66,18.45,24,Friday,0,,ordinary weekday,6675.07,0.76
Austria,2020-07-25,5720.57,18.67,24,Saturday,0,,weekend,,
Austria,2020-07-26,5292.70,18.58,24,Sunday,0,,weekend,,
Austria,2020-07-27,6453.86,19.99,24,Monday,0,,ordinary weekday,6661.18,-3.11
Austria,2020-07-28,6736.85,23.01,24,Tuesday,0,,ordinary weekday,6755.32,-0.27
Austria,2020-07-29,6745.09,21.07,24,Wednesday,0,,ordinary weekday,6867.15,-1.78
Austria,2020-07-30,6644.89,21.81,24,Thursday,0,,ordinary weekday,6856.44,-3.09
Austria,2020-07-31,6496.33,22.82,24,Friday,0,,ordinary weekday,6675.07,-2.68
Austria,2020-08-01,5663.54,22.36,24,Saturday,0,,weekend,,
Austria,2020-08-02,5322.74,20.45,24,Sunday,0,,weekend,,
Austria,2020-08-03,6601.03,17.52,24,Monday,0,,ordinary weekday,6784.79,-2.71
Austria,2020-08-04,6641.29,14.73,24,Tuesday,0,,ordinary weekday,6834.03,-2.82
Austria,2020-08-05,6523.27,14.87,24,Wednesday,0,,ordinary weekday,6783.02,-3.83
Austria,2020-08-06,6407.95,18.35,24,Thursday,0,,ordinary weekday,6797.43,-5.73
Austria,2020-08-07,6318.04,20.96,24,Friday,0,,ordinary weekday,6649.78,-4.99
Austria,2020-08-08,5582.69,22.10,24,Saturday,0,,weekend,,
Austria,2020-08-09,5207.25,22.24,24,Sunday,0,,weekend,,
Austria,2020-08-10,6624.19,22.40,24,Monday,0,,ordinary weekday,6784.79,-2.37
Austria,2020-08-11,6783.60,21.15,24,Tuesday,0,,ordinary weekday,6834.03,-0.74
Austria,2020-08-12,6756.11,21.46,24,Wednesday,0,,ordinary weekday,6783.02,-0.40
Austria,2020-08-13,6857.49,21.10,24,Thursday,0,,ordinary weekday,6797.43,0.88
Austria,2020-08-14,6595.09,19.69,24,Friday,0,,ordinary weekday,6649.78,-0.82
Austria,2020-08-15,5443.23,19.16,24,Saturday,1,Assumption Day,weekend public holiday,,
Austria,2020-08-16,5290.72,19.09,24,Sunday,0,,weekend,,
Austria,2020-08-17,6821.44,18.98,24,Monday,0,,ordinary weekday,6784.79,0.54
Austria,2020-08-18,6965.19,17.74,24,Tuesday,0,,ordinary weekday,6834.03,1.92
Austria,2020-08-19,6799.07,18.35,24,Wednesday,0,,ordinary weekday,6783.02,0.24
Austria,2020-08-20,6895.43,19.68,24,Thursday,0,,ordinary weekday,6797.43,1.44
Austria,2020-08-21,6843.65,22.13,24,Friday,0,,ordinary weekday,6649.78,2.92
Austria,2020-08-22,6077.60,21.28,24,Saturday,0,,weekend,,
Austria,2020-08-23,5493.52,19.05,24,Sunday,0,,weekend,,
Austria,2020-08-24,6938.77,17.46,24,Monday,0,,ordinary weekday,6784.79,2.27
Austria,2020-08-25,6946.04,17.48,24,Tuesday,0,,ordinary weekday,6834.03,1.64
Austria,2020-08-26,7053.62,19.72,24,Wednesday,0,,ordinary weekday,6783.02,3.99
Austria,2020-08-27,7028.84,18.33,24,Thursday,0,,ordinary weekday,6797.43,3.40
Austria,2020-08-28,6842.35,18.79,24,Friday,0,,ordinary weekday,6649.78,2.90
Austria,2020-08-29,5984.44,18.11,24,Saturday,0,,weekend,,
Austria,2020-08-30,5533.52,17.96,24,Sunday,0,,weekend,,
Austria,2020-08-31,6938.53,14.83,24,Monday,0,,ordinary weekday,6784.79,2.27
Austria,2020-09-01,7160.91,12.96,24,Tuesday,0,,ordinary weekday,7168.01,-0.10
Austria,2020-09-02,7032.35,13.03,24,Wednesday,0,,ordinary weekday,7183.98,-2.11
Austria,2020-09-03,6924.69,14.11,24,Thursday,0,,ordinary weekday,7133.30,-2.92
Austria,2020-09-04,6729.20,17.02,24,Friday,0,,ordinary weekday,6938.94,-3.02
Austria,2020-09-05,5799.83,18.85,24,Saturday,0,,weekend,,
Austria,2020-09-06,5573.85,16.31,24,Sunday,0,,weekend,,
Austria,2020-09-07,7054.01,14.65,24,Monday,0,,ordinary weekday,7099.74,-0.64
Austria,2020-09-08,6994.20,15.36,24,Tuesday,0,,ordinary weekday,7168.01,-2.42
Austria,2020-09-09,7034.46,16.69,24,Wednesday,0,,ordinary weekday,7183.98,-2.08
Austria,2020-09-10,7126.19,17.52,24,Thursday,0,,ordinary weekday,7133.30,-0.10
Austria,2020-09-11,6905.82,17.32,24,Friday,0,,ordinary weekday,6938.94,-0.48
Austria,2020-09-12,5918.28,18.41,24,Saturday,0,,weekend,,
Austria,2020-09-13,5465.61,19.32,24,Sunday,0,,weekend,,
Austria,2020-09-14,7027.49,19.26,24,Monday,0,,ordinary weekday,7099.74,-1.02
Austria,2020-09-15,7122.54,19.91,24,Tuesday,0,,ordinary weekday,7168.01,-0.63
Austria,2020-09-16,7198.47,19.71,24,Wednesday,0,,ordinary weekday,7183.98,0.20
Austria,2020-09-17,7269.68,17.29,24,Thursday,0,,ordinary weekday,7133.30,1.91
Austria,2020-09-18,6803.89,13.94,24,Friday,0,,ordinary weekday,6938.94,-1.95
Austria,2020-09-19,5866.31,14.14,24,Saturday,0,,weekend,,
Austria,2020-09-20,5374.86,14.79,24,Sunday,0,,weekend,,
Austria,2020-09-21,6927.60,15.78,24,Monday,0,,ordinary weekday,7099.74,-2.42
Austria,2020-09-22,7141.51,16.89,24,Tuesday,0,,ordinary weekday,7168.01,-0.37
Austria,2020-09-23,7309.48,15.62,24,Wednesday,0,,ordinary weekday,7183.98,1.75
Austria,2020-09-24,7212.66,15.97,24,Thursday,0,,ordinary weekday,7133.30,1.11
Austria,2020-09-25,7316.86,12.58,24,Friday,0,,ordinary weekday,6938.94,5.45
Austria,2020-09-26,6290.04,6.81,24,Saturday,0,,weekend,,
Austria,2020-09-27,5534.74,8.60,24,Sunday,0,,weekend,,
Austria,2020-09-28,7389.88,8.27,24,Monday,0,,ordinary weekday,7099.74,4.09
Austria,2020-09-29,7420.91,9.90,24,Tuesday,0,,ordinary weekday,7168.01,3.53
Austria,2020-09-30,7345.16,11.68,24,Wednesday,0,,ordinary weekday,7183.98,2.24
Austria,2020-10-01,7296.80,11.58,24,Thursday,0,,ordinary weekday,7664.52,-4.80
Austria,2020-10-02,7223.61,12.54,24,Friday,0,,ordinary weekday,7474.69,-3.36
Austria,2020-10-03,6217.09,15.73,24,Saturday,0,,weekend,,
Austria,2020-10-04,5641.08,13.43,24,Sunday,0,,weekend,,
Austria,2020-10-05,7323.10,11.26,24,Monday,0,,ordinary weekday,7583.19,-3.43
Austria,2020-10-06,7314.12,11.02,24,Tuesday,0,,ordinary weekday,7708.15,-5.11
Austria,2020-10-07,7526.31,10.24,24,Wednesday,0,,ordinary weekday,7733.24,-2.68
Austria,2020-10-08,7364.83,10.67,24,Thursday,0,,ordinary weekday,7664.52,-3.91
Austria,2020-10-09,7139.07,12.20,24,Friday,0,,ordinary weekday,7474.69,-4.49
Austria,2020-10-10,6282.75,11.44,24,Saturday,0,,weekend,,
Austria,2020-10-11,6085.29,7.21,24,Sunday,0,,weekend,,
Austria,2020-10-12,7722.18,5.71,24,Monday,0,,ordinary weekday,7583.19,1.83
Austria,2020-10-13,7948.48,5.29,24,Tuesday,0,,ordinary weekday,7708.15,3.12
Austria,2020-10-14,7923.82,5.67,24,Wednesday,0,,ordinary weekday,7733.24,2.46
Austria,2020-10-15,7992.50,5.90,24,Thursday,0,,ordinary weekday,7664.52,4.28
Austria,2020-10-16,7820.52,5.82,24,Friday,0,,ordinary weekday,7474.69,4.63
Austria,2020-10-17,6672.73,6.08,24,Saturday,0,,weekend,,
Austria,2020-10-18,6129.68,6.60,24,Sunday,0,,weekend,,
Austria,2020-10-19,7704.28,6.54,24,Monday,0,,ordinary weekday,7583.19,1.60
Austria,2020-10-20,7810.90,7.23,24,Tuesday,0,,ordinary weekday,7708.15,1.33
Austria,2020-10-21,7751.90,8.86,24,Wednesday,0,,ordinary weekday,7733.24,0.24
Austria,2020-10-22,7779.11,9.25,24,Thursday,0,,ordinary weekday,7664.52,1.50
Austria,2020-10-23,7549.57,9.68,24,Friday,0,,ordinary weekday,7474.69,1.00
Austria,2020-10-24,6556.49,10.72,24,Saturday,0,,weekend,,
Austria,2020-10-25,5850.75,9.63,25,Sunday,0,,weekend,,
Austria,2020-10-26,6140.03,10.21,24,Monday,1,Austrian National Day,weekday public holiday,7583.19,-19.03
Austria,2020-10-27,7759.08,6.40,24,Tuesday,0,,ordinary weekday,7708.15,0.66
Austria,2020-10-28,7730.92,6.98,24,Wednesday,0,,ordinary weekday,7733.24,-0.03
Austria,2020-10-29,7889.33,7.56,24,Thursday,0,,ordinary weekday,7664.52,2.93
Austria,2020-10-30,7640.65,9.03,24,Friday,0,,ordinary weekday,7474.69,2.22
Austria,2020-10-31,6462.95,10.33,24,Saturday,0,,weekend,,
Austria,2020-11-01,6053.48,9.39,24,Sunday,1,All Saints' Day,weekend public holiday,,
Austria,2020-11-02,7411.92,12.69,24,Monday,0,,ordinary weekday,7974.88,-7.06
Austria,2020-11-03,7554.85,13.14,24,Tuesday,0,,ordinary weekday,7928.65,-4.71
Austria,2020-11-04,7725.71,9.02,24,Wednesday,0,,ordinary weekday,8003.29,-3.47
Austria,2020-11-05,7691.99,7.01,24,Thursday,0,,ordinary weekday,8033.62,-4.25
Austria,2020-11-06,7436.15,5.41,24,Friday,0,,ordinary weekday,7897.83,-5.85
Austria,2020-11-07,6500.62,5.68,24,Saturday,0,,weekend,,
Austria,2020-11-08,6095.78,5.49,24,Sunday,0,,weekend,,
Austria,2020-11-09,7786.48,5.19,24,Monday,0,,ordinary weekday,7974.88,-2.36
Austria,2020-11-10,8067.85,5.05,24,Tuesday,0,,ordinary weekday,7928.65,1.76
Austria,2020-11-11,8012.98,4.89,24,Wednesday,0,,ordinary weekday,8003.29,0.12
Austria,2020-11-12,7977.22,4.89,24,Thursday,0,,ordinary weekday,8033.62,-0.70
Austria,2020-11-13,7750.35,5.50,24,Friday,0,,ordinary weekday,7897.83,-1.87
Austria,2020-11-14,6687.22,5.54,24,Saturday,0,,weekend,,
Austria,2020-11-15,6323.33,5.03,24,Sunday,0,,weekend,,
Austria,2020-11-16,7877.99,5.53,24,Monday,0,,ordinary weekday,7974.88,-1.21
Austria,2020-11-17,7815.26,6.00,24,Tuesday,0,,ordinary weekday,7928.65,-1.43
Austria,2020-11-18,7793.36,5.76,24,Wednesday,0,,ordinary weekday,8003.29,-2.62
Austria,2020-11-19,8005.82,5.65,24,Thursday,0,,ordinary weekday,8033.62,-0.35
Austria,2020-11-20,8089.72,3.24,24,Friday,0,,ordinary weekday,7897.83,2.43
Austria,2020-11-21,7340.31,0.08,24,Saturday,0,,weekend,,
Austria,2020-11-22,6687.77,0.49,24,Sunday,0,,weekend,,
Austria,2020-11-23,8093.82,2.47,24,Monday,0,,ordinary weekday,7974.88,1.49
Austria,2020-11-24,8276.61,1.96,24,Tuesday,0,,ordinary weekday,7928.65,4.39
Austria,2020-11-25,8481.12,0.70,24,Wednesday,0,,ordinary weekday,8003.29,5.97
Austria,2020-11-26,8459.47,0.38,24,Thursday,0,,ordinary weekday,8033.62,5.30
Austria,2020-11-27,8315.08,-0.16,24,Friday,0,,ordinary weekday,7897.83,5.28
Austria,2020-11-28,7379.71,0.18,24,Saturday,0,,weekend,,
Austria,2020-11-29,7048.94,-0.11,24,Sunday,0,,weekend,,
Austria,2020-11-30,8704.20,-0.52,24,Monday,0,,ordinary weekday,7974.88,9.15
Austria,2020-12-01,9066.27,-1.74,24,Tuesday,0,,ordinary weekday,8127.37,11.55
Austria,2020-12-02,9257.04,-2.45,24,Wednesday,0,,ordinary weekday,8114.34,14.08
Austria,2020-12-03,9094.02,-2.26,24,Thursday,0,,ordinary weekday,7908.38,14.99
Austria,2020-12-04,8581.80,-0.51,24,Friday,0,,ordinary weekday,8491.59,1.06
Austria,2020-12-05,7215.36,3.03,24,Saturday,0,,weekend,,
Austria,2020-12-06,6651.34,4.75,24,Sunday,0,,weekend,,
Austria,2020-12-07,7777.43,3.36,24,Monday,0,,ordinary weekday,7810.10,-0.42
Austria,2020-12-08,7244.89,1.06,24,Tuesday,1,Immaculate Conception,weekday public holiday,8127.37,-10.86
Austria,2020-12-09,8536.67,0.87,24,Wednesday,0,,ordinary weekday,8114.34,5.20
Austria,2020-12-10,8813.06,0.13,24,Thursday,0,,ordinary weekday,7908.38,11.44
Austria,2020-12-11,8677.27,-0.67,24,Friday,0,,ordinary weekday,8491.59,2.19
Austria,2020-12-12,7490.09,0.56,24,Saturday,0,,weekend,,
Austria,2020-12-13,6836.96,1.19,24,Sunday,0,,weekend,,
Austria,2020-12-14,8295.54,1.02,24,Monday,0,,ordinary weekday,7810.10,6.22
Austria,2020-12-15,8572.46,0.74,24,Tuesday,0,,ordinary weekday,8127.37,5.48
Austria,2020-12-16,8445.73,0.69,24,Wednesday,0,,ordinary weekday,8114.34,4.08
Austria,2020-12-17,8452.47,0.64,24,Thursday,0,,ordinary weekday,7908.38,6.88
Austria,2020-12-18,8215.71,0.95,24,Friday,0,,ordinary weekday,8491.59,-3.25
Austria,2020-12-19,7382.56,0.32,24,Saturday,0,,weekend,,
Austria,2020-12-20,6882.47,0.43,24,Sunday,0,,weekend,,
Austria,2020-12-21,7972.03,1.14,24,Monday,0,,ordinary weekday,7810.10,2.07
Austria,2020-12-22,7790.68,4.05,24,Tuesday,0,,ordinary weekday,8127.37,-4.14
Austria,2020-12-23,7219.66,6.00,24,Wednesday,0,,ordinary weekday,8114.34,-11.03
Austria,2020-12-24,6443.50,4.58,24,Thursday,0,,ordinary weekday,7908.38,-18.52
Austria,2020-12-25,6284.50,1.33,24,Friday,1,Christmas Day,weekday public holiday,8491.59,-25.99
Austria,2020-12-26,6638.84,-2.19,24,Saturday,1,St. Stephen's Day,weekend public holiday,,
Austria,2020-12-27,6742.42,-4.25,24,Sunday,0,,weekend,,
Austria,2020-12-28,7195.41,-0.69,24,Monday,0,,ordinary weekday,7810.10,-7.87
Austria,2020-12-29,7080.08,-0.20,24,Tuesday,0,,ordinary weekday,8127.37,-12.89
Austria,2020-12-30,7112.61,-0.36,24,Wednesday,0,,ordinary weekday,8114.34,-12.35
Austria,2020-12-31,6738.85,-1.69,24,Thursday,0,,ordinary weekday,7908.38,-14.79
Austria,2021-01-01,6493.95,-2.53,24,Friday,1,New Year's Day,weekday public holiday,8178.89,-20.60
Austria,2021-01-02,6652.55,-0.39,24,Saturday,0,,weekend,,
Austria,2021-01-03,6457.25,0.62,24,Sunday,0,,weekend,,
Austria,2021-01-04,7528.38,-0.38,24,Monday,0,,ordinary weekday,8269.05,-8.96
Austria,2021-01-05,7579.01,0.09,24,Tuesday,0,,ordinary weekday,8385.04,-9.61
Austria,2021-01-06,6969.15,-0.85,24,Wednesday,1,Epiphany,weekday public holiday,8490.16,-17.91
Austria,2021-01-07,7907.30,-2.46,24,Thursday,0,,ordinary weekday,8362.51,-5.44
Austria,2021-01-08,7971.90,-3.92,24,Friday,0,,ordinary weekday,8178.89,-2.53
Austria,2021-01-09,7170.44,-4.33,24,Saturday,0,,weekend,,
Austria,2021-01-10,7013.23,-5.07,24,Sunday,0,,weekend,,
Austria,2021-01-11,8539.78,-5.85,24,Monday,0,,ordinary weekday,8269.05,3.27
Austria,2021-01-12,8739.85,-4.63,24,Tuesday,0,,ordinary weekday,8385.04,4.23
Austria,2021-01-13,8551.06,-1.68,24,Wednesday,0,,ordinary weekday,8490.16,0.72
Austria,2021-01-14,8610.05,-2.18,24,Thursday,0,,ordinary weekday,8362.51,2.96
Austria,2021-01-15,8567.21,-4.10,24,Friday,0,,ordinary weekday,8178.89,4.75
Austria,2021-01-16,7619.98,-4.86,24,Saturday,0,,weekend,,
Austria,2021-01-17,7226.44,-5.69,24,Sunday,0,,weekend,,
Austria,2021-01-18,8667.53,-3.66,24,Monday,0,,ordinary weekday,8269.05,4.82
Austria,2021-01-19,8627.89,-1.95,24,Tuesday,0,,ordinary weekday,8385.04,2.90
Austria,2021-01-20,8418.43,-0.12,24,Wednesday,0,,ordinary weekday,8490.16,-0.84
Austria,2021-01-21,8424.50,-0.02,24,Thursday,0,,ordinary weekday,8362.51,0.74
Austria,2021-01-22,8022.25,3.29,24,Friday,0,,ordinary weekday,8178.89,-1.92
Austria,2021-01-23,7175.08,2.51,24,Saturday,0,,weekend,,
Austria,2021-01-24,6795.44,-1.02,24,Sunday,0,,weekend,,
Austria,2021-01-25,8340.52,-2.80,24,Monday,0,,ordinary weekday,8269.05,0.86
Austria,2021-01-26,8593.40,-2.73,24,Tuesday,0,,ordinary weekday,8385.04,2.48
Austria,2021-01-27,8500.98,-2.75,24,Wednesday,0,,ordinary weekday,8490.16,0.13
Austria,2021-01-28,8508.19,-0.28,24,Thursday,0,,ordinary weekday,8362.51,1.74
Austria,2021-01-29,8154.22,3.19,24,Friday,0,,ordinary weekday,8178.89,-0.30
Austria,2021-01-30,7113.39,2.92,24,Saturday,0,,weekend,,
Austria,2021-01-31,6863.95,-0.97,24,Sunday,0,,weekend,,
Austria,2021-02-01,8209.67,-1.26,24,Monday,0,,ordinary weekday,8187.83,0.27
Austria,2021-02-02,8235.94,1.96,24,Tuesday,0,,ordinary weekday,8209.11,0.33
Austria,2021-02-03,8210.62,3.84,24,Wednesday,0,,ordinary weekday,8149.29,0.75
Austria,2021-02-04,7966.57,5.45,24,Thursday,0,,ordinary weekday,8084.77,-1.46
Austria,2021-02-05,7680.97,3.80,24,Friday,0,,ordinary weekday,7909.49,-2.89
Austria,2021-02-06,6983.46,2.62,24,Saturday,0,,weekend,,
Austria,2021-02-07,6692.74,2.90,24,Sunday,0,,weekend,,
Austria,2021-02-08,8195.36,0.65,24,Monday,0,,ordinary weekday,8187.83,0.09
Austria,2021-02-09,8371.33,-0.45,24,Tuesday,0,,ordinary weekday,8209.11,1.98
Austria,2021-02-10,8492.81,-1.11,24,Wednesday,0,,ordinary weekday,8149.29,4.22
Austria,2021-02-11,8742.92,-6.24,24,Thursday,0,,ordinary weekday,8084.77,8.14
Austria,2021-02-12,8642.44,-8.24,24,Friday,0,,ordinary weekday,7909.49,9.27
Austria,2021-02-13,7671.42,-8.21,24,Saturday,0,,weekend,,
Austria,2021-02-14,7136.36,-6.33,24,Sunday,0,,weekend,,
Austria,2021-02-15,8524.93,-4.84,24,Monday,0,,ordinary weekday,8187.83,4.12
Austria,2021-02-16,8515.05,-0.09,24,Tuesday,0,,ordinary weekday,8209.11,3.73
Austria,2021-02-17,8214.74,2.77,24,Wednesday,0,,ordinary weekday,8149.29,0.80
Austria,2021-02-18,8011.50,2.64,24,Thursday,0,,ordinary weekday,8084.77,-0.91
Austria,2021-02-19,7968.50,3.28,24,Friday,0,,ordinary weekday,7909.49,0.75
Austria,2021-02-20,6928.93,3.07,24,Saturday,0,,weekend,,
Austria,2021-02-21,6553.51,3.77,24,Sunday,0,,weekend,,
Austria,2021-02-22,7821.35,4.46,24,Monday,0,,ordinary weekday,8187.83,-4.48
Austria,2021-02-23,7714.14,5.64,24,Tuesday,0,,ordinary weekday,8209.11,-6.03
Austria,2021-02-24,7678.99,6.82,24,Wednesday,0,,ordinary weekday,8149.29,-5.77
Austria,2021-02-25,7618.10,6.90,24,Thursday,0,,ordinary weekday,8084.77,-5.77
Austria,2021-02-26,7346.05,6.85,24,Friday,0,,ordinary weekday,7909.49,-7.12
Austria,2021-02-27,6684.86,3.95,24,Saturday,0,,weekend,,
Austria,2021-02-28,6136.66,2.23,24,Sunday,0,,weekend,,
Austria,2021-03-01,7590.57,2.65,24,Monday,0,,ordinary weekday,7752.18,-2.08
Austria,2021-03-02,7815.59,3.41,24,Tuesday,0,,ordinary weekday,7869.83,-0.69
Austria,2021-03-03,7866.48,4.32,24,Wednesday,0,,ordinary weekday,7848.13,0.23
Austria,2021-03-04,7883.03,5.20,24,Thursday,0,,ordinary weekday,7998.63,-1.45
Austria,2021-03-05,7925.86,2.58,24,Friday,0,,ordinary weekday,7781.42,1.86
Austria,2021-03-06,6793.70,-0.66,24,Saturday,0,,weekend,,
Austria,2021-03-07,6290.00,0.60,24,Sunday,0,,weekend,,
Austria,2021-03-08,7766.48,0.91,24,Monday,0,,ordinary weekday,7752.18,0.18
Austria,2021-03-09,8039.97,0.28,24,Tuesday,0,,ordinary weekday,7869.83,2.16
Austria,2021-03-10,8156.35,0.64,24,Wednesday,0,,ordinary weekday,7848.13,3.93
Austria,2021-03-11,8178.88,1.81,24,Thursday,0,,ordinary weekday,7998.63,2.25
Austria,2021-03-12,7763.61,4.94,24,Friday,0,,ordinary weekday,7781.42,-0.23
Austria,2021-03-13,6640.45,4.97,24,Saturday,0,,weekend,,
Austria,2021-03-14,6493.23,2.96,24,Sunday,0,,weekend,,
Austria,2021-03-15,7919.05,2.16,24,Monday,0,,ordinary weekday,7752.18,2.15
Austria,2021-03-16,8119.10,1.69,24,Tuesday,0,,ordinary weekday,7869.83,3.17
Austria,2021-03-17,8143.12,0.88,24,Wednesday,0,,ordinary weekday,7848.13,3.76
Austria,2021-03-18,8216.82,-0.26,24,Thursday,0,,ordinary weekday,7998.63,2.73
Austria,2021-03-19,8104.91,-1.21,24,Friday,0,,ordinary weekday,7781.42,4.16
Austria,2021-03-20,7302.19,-2.58,24,Saturday,0,,weekend,,
Austria,2021-03-21,6957.03,-2.65,24,Sunday,0,,weekend,,
Austria,2021-03-22,8181.05,0.71,24,Monday,0,,ordinary weekday,7752.18,5.53
Austria,2021-03-23,8218.86,1.68,24,Tuesday,0,,ordinary weekday,7869.83,4.44
Austria,2021-03-24,7962.29,3.69,24,Wednesday,0,,ordinary weekday,7848.13,1.45
Austria,2021-03-25,7715.78,5.44,24,Thursday,0,,ordinary weekday,7998.63,-3.54
Austria,2021-03-26,7331.29,7.22,24,Friday,0,,ordinary weekday,7781.42,-5.78
Austria,2021-03-27,6575.99,6.66,24,Saturday,0,,weekend,,
Austria,2021-03-28,5926.68,6.18,23,Sunday,0,,weekend,,
Austria,2021-03-29,7303.73,7.98,24,Monday,0,,ordinary weekday,7752.18,-5.78
Austria,2021-03-30,7155.62,10.90,24,Tuesday,0,,ordinary weekday,7869.83,-9.08
Austria,2021-03-31,7112.39,11.63,24,Wednesday,0,,ordinary weekday,7848.13,-9.37
Austria,2021-04-01,7056.35,12.51,24,Thursday,0,,ordinary weekday,7474.56,-5.60
Austria,2021-04-02,6902.10,9.45,24,Friday,0,,ordinary weekday,7161.77,-3.63
Austria,2021-04-03,6159.33,4.99,24,Saturday,0,,weekend,,
Austria,2021-04-04,5621.54,3.44,24,Sunday,0,,weekend,,
Austria,2021-04-05,5768.62,5.74,24,Monday,1,Easter Monday,weekday public holiday,7419.03,-22.25
Austria,2021-04-06,7694.75,0.63,24,Tuesday,0,,ordinary weekday,7651.33,0.57
Austria,2021-04-07,7971.26,-0.26,24,Wednesday,0,,ordinary weekday,7572.67,5.26
Austria,2021-04-08,7953.02,1.47,24,Thursday,0,,ordinary weekday,7474.56,6.40
Austria,2021-04-09,7477.26,4.02,24,Friday,0,,ordinary weekday,7161.77,4.41
Austria,2021-04-10,6198.62,7.52,24,Saturday,0,,weekend,,
Austria,2021-04-11,5750.15,8.92,24,Sunday,0,,weekend,,
Austria,2021-04-12,7616.91,5.74,24,Monday,0,,ordinary weekday,7419.03,2.67
Austria,2021-04-13,8083.10,1.26,24,Tuesday,0,,ordinary weekday,7651.33,5.64
Austria,2021-04-14,7900.73,2.05,24,Wednesday,0,,ordinary weekday,7572.67,4.33
Austria,2021-04-15,7870.90,1.96,24,Thursday,0,,ordinary weekday,7474.56,5.30
Austria,2021-04-16,7573.91,2.72,24,Friday,0,,ordinary weekday,7161.77,5.75
Austria,2021-04-17,6667.09,3.87,24,Saturday,0,,weekend,,
Austria,2021-04-18,6130.90,4.69,24,Sunday,0,,weekend,,
Austria,2021-04-19,7573.96,5.54,24,Monday,0,,ordinary weekday,7419.03,2.09
Austria,2021-04-20,7585.96,6.86,24,Tuesday,0,,ordinary weekday,7651.33,-0.85
Austria,2021-04-21,7279.49,8.12,24,Wednesday,0,,ordinary weekday,7572.67,-3.87
Austria,2021-04-22,7404.56,7.37,24,Thursday,0,,ordinary weekday,7474.56,-0.94
Austria,2021-04-23,7065.14,7.03,24,Friday,0,,ordinary weekday,7161.77,-1.35
Austria,2021-04-24,5995.07,8.28,24,Saturday,0,,weekend,,
Austria,2021-04-25,5535.77,8.25,24,Sunday,0,,weekend,,
Austria,2021-04-26,7066.24,6.32,24,Monday,0,,ordinary weekday,7419.03,-4.76
Austria,2021-04-27,7241.49,6.22,24,Tuesday,0,,ordinary weekday,7651.33,-5.36
Austria,2021-04-28,7139.21,9.09,24,Wednesday,0,,ordinary weekday,7572.67,-5.72
Austria,2021-04-29,7087.95,10.98,24,Thursday,0,,ordinary weekday,7474.56,-5.17
Austria,2021-04-30,6790.43,11.84,24,Friday,0,,ordinary weekday,7161.77,-5.19
Austria,2021-05-01,5533.61,12.20,24,Saturday,1,Labour Day,weekend public holiday,,
Austria,2021-05-02,5687.54,8.91,24,Sunday,0,,weekend,,
Austria,2021-05-03,6987.14,7.64,24,Monday,0,,ordinary weekday,6978.80,0.12
Austria,2021-05-04,6982.07,9.97,24,Tuesday,0,,ordinary weekday,7098.06,-1.63
Austria,2021-05-05,7332.22,8.72,24,Wednesday,0,,ordinary weekday,7278.61,0.74
Austria,2021-05-06,7300.20,7.36,24,Thursday,0,,ordinary weekday,7343.15,-0.58
Austria,2021-05-07,7275.84,8.02,24,Friday,0,,ordinary weekday,6965.23,4.46
Austria,2021-05-08,5951.45,8.43,24,Saturday,0,,weekend,,
Austria,2021-05-09,5297.74,13.17,24,Sunday,0,,weekend,,
Austria,2021-05-10,6784.86,16.34,24,Monday,0,,ordinary weekday,6978.80,-2.78
Austria,2021-05-11,6903.28,16.82,24,Tuesday,0,,ordinary weekday,7098.06,-2.74
Austria,2021-05-12,7179.62,11.41,24,Wednesday,0,,ordinary weekday,7278.61,-1.36
Austria,2021-05-13,6025.22,9.61,24,Thursday,1,Ascension Day,weekday public holiday,7343.15,-17.95
Austria,2021-05-14,6403.31,10.62,24,Friday,0,,ordinary weekday,6965.23,-8.07
Austria,2021-05-15,5861.32,10.81,24,Saturday,0,,weekend,,
Austria,2021-05-16,5436.40,11.81,24,Sunday,0,,weekend,,
Austria,2021-05-17,7173.34,10.26,24,Monday,0,,ordinary weekday,6978.80,2.79
Austria,2021-05-18,7115.22,10.58,24,Tuesday,0,,ordinary weekday,7098.06,0.24
Austria,2021-05-19,7426.88,9.06,24,Wednesday,0,,ordinary weekday,7278.61,2.04
Austria,2021-05-20,7318.23,9.85,24,Thursday,0,,ordinary weekday,7343.15,-0.34
Austria,2021-05-21,7110.68,11.42,24,Friday,0,,ordinary weekday,6965.23,2.09
Austria,2021-05-22,6205.90,10.61,24,Saturday,0,,weekend,,
Austria,2021-05-23,5730.05,9.39,24,Sunday,0,,weekend,,
Austria,2021-05-24,5959.07,9.47,24,Monday,1,Whit Monday,weekday public holiday,6978.80,-14.61
Austria,2021-05-25,7391.66,9.54,24,Tuesday,0,,ordinary weekday,7098.06,4.14
Austria,2021-05-26,7175.72,10.52,24,Wednesday,0,,ordinary weekday,7278.61,-1.41
Austria,2021-05-27,7411.03,10.55,24,Thursday,0,,ordinary weekday,7343.15,0.92
Austria,2021-05-28,7071.09,11.14,24,Friday,0,,ordinary weekday,6965.23,1.52
Austria,2021-05-29,6038.72,11.47,24,Saturday,0,,weekend,,
Austria,2021-05-30,5603.41,10.30,24,Sunday,0,,weekend,,
Austria,2021-05-31,6969.85,11.30,24,Monday,0,,ordinary weekday,6978.80,-0.13
Austria,2021-06-01,6991.30,12.80,24,Tuesday,0,,ordinary weekday,7216.91,-3.13
Austria,2021-06-02,6955.32,14.69,24,Wednesday,0,,ordinary weekday,7224.05,-3.72
Austria,2021-06-03,5732.28,16.12,24,Thursday,1,Corpus Christi,weekday public holiday,7307.92,-21.56
Austria,2021-06-04,6381.60,17.59,24,Friday,0,,ordinary weekday,6932.48,-7.95
Austria,2021-06-05,5862.97,17.93,24,Saturday,0,,weekend,,
Austria,2021-06-06,5585.23,15.49,24,Sunday,0,,weekend,,
Austria,2021-06-07,7016.64,17.17,24,Monday,0,,ordinary weekday,7120.19,-1.45
Austria,2021-06-08,7133.33,17.83,24,Tuesday,0,,ordinary weekday,7216.91,-1.16
Austria,2021-06-09,7208.68,18.07,24,Wednesday,0,,ordinary weekday,7224.05,-0.21
Austria,2021-06-10,7181.95,17.71,24,Thursday,0,,ordinary weekday,7307.92,-1.72
Austria,2021-06-11,7032.88,17.16,24,Friday,0,,ordinary weekday,6932.48,1.45
Austria,2021-06-12,6015.05,18.54,24,Saturday,0,,weekend,,
Austria,2021-06-13,5420.49,16.51,24,Sunday,0,,weekend,,
Austria,2021-06-14,6819.55,15.61,24,Monday,0,,ordinary weekday,7120.19,-4.22
Austria,2021-06-15,7036.60,18.31,24,Tuesday,0,,ordinary weekday,7216.91,-2.50
Austria,2021-06-16,7136.05,20.44,24,Wednesday,0,,ordinary weekday,7224.05,-1.22
Austria,2021-06-17,7219.14,21.63,24,Thursday,0,,ordinary weekday,7307.92,-1.21
Austria,2021-06-18,7123.98,22.60,24,Friday,0,,ordinary weekday,6932.48,2.76
Austria,2021-06-19,6126.03,23.25,24,Saturday,0,,weekend,,
Austria,2021-06-20,5706.38,23.71,24,Sunday,0,,weekend,,
Austria,2021-06-21,7397.51,23.51,24,Monday,0,,ordinary weekday,7120.19,3.89
Austria,2021-06-22,7490.14,21.93,24,Tuesday,0,,ordinary weekday,7216.91,3.79
Austria,2021-06-23,7545.92,21.12,24,Wednesday,0,,ordinary weekday,7224.05,4.46
Austria,2021-06-24,7522.69,21.59,24,Thursday,0,,ordinary weekday,7307.92,2.94
Austria,2021-06-25,7191.48,18.36,24,Friday,0,,ordinary weekday,6932.48,3.74
Austria,2021-06-26,5999.17,18.70,24,Saturday,0,,weekend,,
Austria,2021-06-27,5546.43,20.44,24,Sunday,0,,weekend,,
Austria,2021-06-28,7247.07,22.55,24,Monday,0,,ordinary weekday,7120.19,1.78
Austria,2021-06-29,7433.19,22.53,24,Tuesday,0,,ordinary weekday,7216.91,3.00
Austria,2021-06-30,7274.30,18.10,24,Wednesday,0,,ordinary weekday,7224.05,0.70
Austria,2021-07-01,7148.65,15.44,24,Thursday,0,,ordinary weekday,7193.27,-0.62
Austria,2021-07-02,7003.83,15.74,24,Friday,0,,ordinary weekday,6960.46,0.62
Austria,2021-07-03,5916.03,18.01,24,Saturday,0,,weekend,,
Austria,2021-07-04,5568.10,18.66,24,Sunday,0,,weekend,,
Austria,2021-07-05,7127.06,19.05,24,Monday,0,,ordinary weekday,7018.91,1.54
Austria,2021-07-06,7328.03,22.40,24,Tuesday,0,,ordinary weekday,7173.96,2.15
Austria,2021-07-07,7563.36,22.19,24,Wednesday,0,,ordinary weekday,7228.80,4.63
Austria,2021-07-08,7661.19,22.36,24,Thursday,0,,ordinary weekday,7193.27,6.50
Austria,2021-07-09,7131.70,18.76,24,Friday,0,,ordinary weekday,6960.46,2.46
Austria,2021-07-10,5929.56,19.28,24,Saturday,0,,weekend,,
Austria,2021-07-11,5588.80,18.09,24,Sunday,0,,weekend,,
Austria,2021-07-12,7036.03,19.71,24,Monday,0,,ordinary weekday,7018.91,0.24
Austria,2021-07-13,7461.90,22.68,24,Tuesday,0,,ordinary weekday,7173.96,4.01
Austria,2021-07-14,7395.89,18.85,24,Wednesday,0,,ordinary weekday,7228.80,2.31
Austria,2021-07-15,7243.85,17.78,24,Thursday,0,,ordinary weekday,7193.27,0.70
Austria,2021-07-16,7072.12,18.74,24,Friday,0,,ordinary weekday,6960.46,1.60
Austria,2021-07-17,6252.05,18.44,24,Saturday,0,,weekend,,
Austria,2021-07-18,5736.10,19.16,24,Sunday,0,,weekend,,
Austria,2021-07-19,6997.96,19.58,24,Monday,0,,ordinary weekday,7018.91,-0.30
Austria,2021-07-20,6907.75,18.19,24,Tuesday,0,,ordinary weekday,7173.96,-3.71
Austria,2021-07-21,6842.44,18.34,24,Wednesday,0,,ordinary weekday,7228.80,-5.34
Austria,2021-07-22,6926.76,18.70,24,Thursday,0,,ordinary weekday,7193.27,-3.70
Austria,2021-07-23,6795.44,19.64,24,Friday,0,,ordinary weekday,6960.46,-2.37
Austria,2021-07-24,5873.15,20.40,24,Saturday,0,,weekend,,
Austria,2021-07-25,5528.36,20.85,24,Sunday,0,,weekend,,
Austria,2021-07-26,6914.60,20.83,24,Monday,0,,ordinary weekday,7018.91,-1.49
Austria,2021-07-27,6998.17,21.35,24,Tuesday,0,,ordinary weekday,7173.96,-2.45
Austria,2021-07-28,7113.51,20.93,24,Wednesday,0,,ordinary weekday,7228.80,-1.59
Austria,2021-07-29,6985.90,20.42,24,Thursday,0,,ordinary weekday,7193.27,-2.88
Austria,2021-07-30,6799.20,21.70,24,Friday,0,,ordinary weekday,6960.46,-2.32
Austria,2021-07-31,5982.07,20.35,24,Saturday,0,,weekend,,
Austria,2021-08-01,6284.68,16.73,24,Sunday,0,,weekend,,
Austria,2021-08-02,7081.56,16.53,24,Monday,0,,ordinary weekday,6988.21,1.34
Austria,2021-08-03,6749.42,16.84,24,Tuesday,0,,ordinary weekday,7102.01,-4.96
Austria,2021-08-04,6709.11,16.54,24,Wednesday,0,,ordinary weekday,6967.33,-3.71
Austria,2021-08-05,6969.24,15.51,24,Thursday,0,,ordinary weekday,7015.45,-0.66
Austria,2021-08-06,7002.55,16.74,24,Friday,0,,ordinary weekday,6886.26,1.69
Austria,2021-08-07,6379.24,19.10,24,Saturday,0,,weekend,,
Austria,2021-08-08,6245.89,17.54,24,Sunday,0,,weekend,,
Austria,2021-08-09,6683.33,17.98,24,Monday,0,,ordinary weekday,6988.21,-4.36
Austria,2021-08-10,6875.70,20.21,24,Tuesday,0,,ordinary weekday,7102.01,-3.19
Austria,2021-08-11,6832.17,20.37,24,Wednesday,0,,ordinary weekday,6967.33,-1.94
Austria,2021-08-12,6789.70,21.00,24,Thursday,0,,ordinary weekday,7015.45,-3.22
Austria,2021-08-13,6814.94,22.05,24,Friday,0,,ordinary weekday,6886.26,-1.04
Austria,2021-08-14,6126.74,22.99,24,Saturday,0,,weekend,,
Austria,2021-08-15,5803.51,23.05,24,Sunday,1,Assumption Day,weekend public holiday,,
Austria,2021-08-16,7217.91,20.42,24,Monday,0,,ordinary weekday,6988.21,3.29
Austria,2021-08-17,7527.89,15.25,24,Tuesday,0,,ordinary weekday,7102.01,6.00
Austria,2021-08-18,7252.74,15.07,24,Wednesday,0,,ordinary weekday,6967.33,4.10
Austria,2021-08-19,7147.19,16.86,24,Thursday,0,,ordinary weekday,7015.45,1.88
Austria,2021-08-20,6795.89,18.09,24,Friday,0,,ordinary weekday,6886.26,-1.31
Austria,2021-08-21,5838.28,18.69,24,Saturday,0,,weekend,,
Austria,2021-08-22,6051.62,18.88,24,Sunday,0,,weekend,,
Austria,2021-08-23,6713.66,16.57,24,Monday,0,,ordinary weekday,6988.21,-3.93
Austria,2021-08-24,7047.67,14.54,24,Tuesday,0,,ordinary weekday,7102.01,-0.77
Austria,2021-08-25,7075.31,14.14,24,Wednesday,0,,ordinary weekday,6967.33,1.55
Austria,2021-08-26,7155.69,13.26,24,Thursday,0,,ordinary weekday,7015.45,2.00
Austria,2021-08-27,6931.65,12.79,24,Friday,0,,ordinary weekday,6886.26,0.66
Austria,2021-08-28,6209.72,12.39,24,Saturday,0,,weekend,,
Austria,2021-08-29,6254.17,12.14,24,Sunday,0,,weekend,,
Austria,2021-08-30,7244.59,12.52,24,Monday,0,,ordinary weekday,6988.21,3.67
Austria,2021-08-31,7309.38,13.26,24,Tuesday,0,,ordinary weekday,7102.01,2.92
Austria,2021-09-01,7006.88,14.59,24,Wednesday,0,,ordinary weekday,7246.91,-3.31
Austria,2021-09-02,6989.30,15.15,24,Thursday,0,,ordinary weekday,7214.07,-3.12
Austria,2021-09-03,6805.70,15.86,24,Friday,0,,ordinary weekday,6967.49,-2.32
Austria,2021-09-04,5840.29,15.90,24,Saturday,0,,weekend,,
Austria,2021-09-05,5449.94,15.87,24,Sunday,0,,weekend,,
Austria,2021-09-06,6851.32,15.67,24,Monday,0,,ordinary weekday,7087.25,-3.33
Austria,2021-09-07,7049.72,16.01,24,Tuesday,0,,ordinary weekday,7196.92,-2.05
Austria,2021-09-08,7065.67,16.49,24,Wednesday,0,,ordinary weekday,7246.91,-2.50
Austria,2021-09-09,7127.51,17.08,24,Thursday,0,,ordinary weekday,7214.07,-1.20
Austria,2021-09-10,6947.24,17.16,24,Friday,0,,ordinary weekday,6967.49,-0.29
Austria,2021-09-11,5963.51,16.76,24,Saturday,0,,weekend,,
Austria,2021-09-12,5585.88,17.06,24,Sunday,0,,weekend,,
Austria,2021-09-13,7033.56,17.70,24,Monday,0,,ordinary weekday,7087.25,-0.76
Austria,2021-09-14,7186.81,18.05,24,Tuesday,0,,ordinary weekday,7196.92,-0.14
Austria,2021-09-15,7242.41,18.34,24,Wednesday,0,,ordinary weekday,7246.91,-0.06
Austria,2021-09-16,7364.92,18.29,24,Thursday,0,,ordinary weekday,7214.07,2.09
Austria,2021-09-17,7054.66,15.61,24,Friday,0,,ordinary weekday,6967.49,1.25
Austria,2021-09-18,5976.24,14.05,24,Saturday,0,,weekend,,
Austria,2021-09-19,5619.12,12.74,24,Sunday,0,,weekend,,
Austria,2021-09-20,7190.32,11.07,24,Monday,0,,ordinary weekday,7087.25,1.45
Austria,2021-09-21,7253.39,11.26,24,Tuesday,0,,ordinary weekday,7196.92,0.78
Austria,2021-09-22,7462.54,10.93,24,Wednesday,0,,ordinary weekday,7246.91,2.98
Austria,2021-09-23,7250.90,12.74,24,Thursday,0,,ordinary weekday,7214.07,0.51
Austria,2021-09-24,7062.35,14.88,24,Friday,0,,ordinary weekday,6967.49,1.36
Austria,2021-09-25,5967.53,15.64,24,Saturday,0,,weekend,,
Austria,2021-09-26,5535.11,15.81,24,Sunday,0,,weekend,,
Austria,2021-09-27,7273.80,15.35,24,Monday,0,,ordinary weekday,7087.25,2.63
Austria,2021-09-28,7297.76,15.59,24,Tuesday,0,,ordinary weekday,7196.92,1.40
Austria,2021-09-29,7457.06,13.10,24,Wednesday,0,,ordinary weekday,7246.91,2.90
Austria,2021-09-30,7337.73,11.67,24,Thursday,0,,ordinary weekday,7214.07,1.71
Austria,2021-10-01,7080.11,11.69,24,Friday,0,,ordinary weekday,7422.79,-4.62
Austria,2021-10-02,6178.21,12.93,24,Saturday,0,,weekend,,
Austria,2021-10-03,5733.25,14.00,24,Sunday,0,,weekend,,
Austria,2021-10-04,7110.97,14.90,24,Monday,0,,ordinary weekday,7306.09,-2.67
Austria,2021-10-05,7379.36,15.23,24,Tuesday,0,,ordinary weekday,7623.55,-3.20
Austria,2021-10-06,7665.95,10.86,24,Wednesday,0,,ordinary weekday,7654.84,0.15
Austria,2021-10-07,7787.43,9.00,24,Thursday,0,,ordinary weekday,7765.29,0.29
Austria,2021-10-08,7418.73,9.97,24,Friday,0,,ordinary weekday,7422.79,-0.05
Austria,2021-10-09,6326.21,7.90,24,Saturday,0,,weekend,,
Austria,2021-10-10,6107.06,5.84,24,Sunday,0,,weekend,,
Austria,2021-10-11,7461.39,7.84,24,Monday,0,,ordinary weekday,7306.09,2.13
Austria,2021-10-12,7827.11,7.38,24,Tuesday,0,,ordinary weekday,7623.55,2.67
Austria,2021-10-13,7867.99,5.86,24,Wednesday,0,,ordinary weekday,7654.84,2.78
Austria,2021-10-14,7873.70,5.52,24,Thursday,0,,ordinary weekday,7765.29,1.40
Austria,2021-10-15,7495.24,8.63,24,Friday,0,,ordinary weekday,7422.79,0.98
Austria,2021-10-16,6456.35,8.23,24,Saturday,0,,weekend,,
Austria,2021-10-17,6001.36,7.47,24,Sunday,0,,weekend,,
Austria,2021-10-18,7490.11,7.53,24,Monday,0,,ordinary weekday,7306.09,2.52
Austria,2021-10-19,7664.16,8.75,24,Tuesday,0,,ordinary weekday,7623.55,0.53
Austria,2021-10-20,7595.36,12.21,24,Wednesday,0,,ordinary weekday,7654.84,-0.78
Austria,2021-10-21,7741.04,11.03,24,Thursday,0,,ordinary weekday,7765.29,-0.31
Austria,2021-10-22,7535.29,8.59,24,Friday,0,,ordinary weekday,7422.79,1.52
Austria,2021-10-23,6569.30,6.74,24,Saturday,0,,weekend,,
Austria,2021-10-24,6084.85,5.66,24,Sunday,0,,weekend,,
Austria,2021-10-25,7161.90,5.90,24,Monday,0,,ordinary weekday,7306.09,-1.97
Austria,2021-10-26,6442.72,6.24,24,Tuesday,1,Austrian National Day,weekday public holiday,7623.55,-15.49
Austria,2021-10-27,7490.04,7.21,24,Wednesday,0,,ordinary weekday,7654.84,-2.15
Austria,2021-10-28,7658.98,6.48,24,Thursday,0,,ordinary weekday,7765.29,-1.37
Austria,2021-10-29,7584.59,6.94,24,Friday,0,,ordinary weekday,7422.79,2.18
Austria,2021-10-30,6714.32,6.59,24,Saturday,0,,weekend,,
Austria,2021-10-31,6090.26,7.69,25,Sunday,0,,weekend,,
Austria,2021-11-01,6096.32,7.97,24,Monday,1,All Saints' Day,weekday public holiday,7763.55,-21.48
Austria,2021-11-02,7430.04,6.23,24,Tuesday,0,,ordinary weekday,7904.41,-6.00
Austria,2021-11-03,7479.17,5.92,24,Wednesday,0,,ordinary weekday,7830.62,-4.49
Austria,2021-11-04,7755.55,6.61,24,Thursday,0,,ordinary weekday,7932.00,-2.22
Austria,2021-11-05,7702.62,4.44,24,Friday,0,,ordinary weekday,7858.47,-1.98
Austria,2021-11-06,6755.56,3.55,24,Saturday,0,,weekend,,
Austria,2021-11-07,6160.22,4.08,24,Sunday,0,,weekend,,
Austria,2021-11-08,7487.03,4.57,24,Monday,0,,ordinary weekday,7763.55,-3.56
Austria,2021-11-09,7756.90,3.50,24,Tuesday,0,,ordinary weekday,7904.41,-1.87
Austria,2021-11-10,7760.21,5.08,24,Wednesday,0,,ordinary weekday,7830.62,-0.90
Austria,2021-11-11,7827.30,5.50,24,Thursday,0,,ordinary weekday,7932.00,-1.32
Austria,2021-11-12,7708.09,4.81,24,Friday,0,,ordinary weekday,7858.47,-1.91
Austria,2021-11-13,6745.17,4.41,24,Saturday,0,,weekend,,
Austria,2021-11-14,6300.01,4.54,24,Sunday,0,,weekend,,
Austria,2021-11-15,7556.95,5.46,24,Monday,0,,ordinary weekday,7763.55,-2.66
Austria,2021-11-16,7881.10,5.03,24,Tuesday,0,,ordinary weekday,7904.41,-0.29
Austria,2021-11-17,8008.20,4.25,24,Wednesday,0,,ordinary weekday,7830.62,2.27
Austria,2021-11-18,8000.27,4.67,24,Thursday,0,,ordinary weekday,7932.00,0.86
Austria,2021-11-19,7746.12,5.87,24,Friday,0,,ordinary weekday,7858.47,-1.43
Austria,2021-11-20,6704.02,5.47,24,Saturday,0,,weekend,,
Austria,2021-11-21,6340.30,3.49,24,Sunday,0,,weekend,,
Austria,2021-11-22,7803.58,3.18,24,Monday,0,,ordinary weekday,7763.55,0.52
Austria,2021-11-23,7970.43,1.53,24,Tuesday,0,,ordinary weekday,7904.41,0.84
Austria,2021-11-24,8074.93,0.24,24,Wednesday,0,,ordinary weekday,7830.62,3.12
Austria,2021-11-25,8144.86,0.46,24,Thursday,0,,ordinary weekday,7932.00,2.68
Austria,2021-11-26,8277.05,-0.29,24,Friday,0,,ordinary weekday,7858.47,5.33
Austria,2021-11-27,7333.61,-0.70,24,Saturday,0,,weekend,,
Austria,2021-11-28,6748.26,-1.25,24,Sunday,0,,weekend,,
Austria,2021-11-29,8206.64,-2.07,24,Monday,0,,ordinary weekday,7763.55,5.71
Austria,2021-11-30,8483.59,-1.18,24,Tuesday,0,,ordinary weekday,7904.41,7.33
Austria,2021-12-01,8520.16,2.37,24,Wednesday,0,,ordinary weekday,8353.08,2.00
Austria,2021-12-02,8513.79,2.28,24,Thursday,0,,ordinary weekday,8315.30,2.39
Austria,2021-12-03,8741.78,-1.31,24,Friday,0,,ordinary weekday,7932.84,10.20
Austria,2021-12-04,7709.52,-2.31,24,Saturday,0,,weekend,,
Austria,2021-12-05,7054.64,0.20,24,Sunday,0,,weekend,,
Austria,2021-12-06,8644.93,-1.40,24,Monday,0,,ordinary weekday,8374.70,3.23
Austria,2021-12-07,8884.99,-3.01,24,Tuesday,0,,ordinary weekday,8513.95,4.36
Austria,2021-12-08,7722.92,-3.50,24,Wednesday,1,Immaculate Conception,weekday public holiday,8353.08,-7.54
Austria,2021-12-09,8831.16,-1.74,24,Thursday,0,,ordinary weekday,8315.30,6.20
Austria,2021-12-10,8743.61,-3.53,24,Friday,0,,ordinary weekday,7932.84,10.22
Austria,2021-12-11,7741.54,-2.24,24,Saturday,0,,weekend,,
Austria,2021-12-12,7204.30,-0.70,24,Sunday,0,,weekend,,
Austria,2021-12-13,8579.61,1.87,24,Monday,0,,ordinary weekday,8374.70,2.45
Austria,2021-12-14,8590.52,3.07,24,Tuesday,0,,ordinary weekday,8513.95,0.90
Austria,2021-12-15,8599.83,2.84,24,Wednesday,0,,ordinary weekday,8353.08,2.95
Austria,2021-12-16,8675.96,1.81,24,Thursday,0,,ordinary weekday,8315.30,4.34
Austria,2021-12-17,8553.49,2.17,24,Friday,0,,ordinary weekday,7932.84,7.82
Austria,2021-12-18,7652.19,0.58,24,Saturday,0,,weekend,,
Austria,2021-12-19,7350.84,0.66,24,Sunday,0,,weekend,,
Austria,2021-12-20,8712.71,-0.29,24,Monday,0,,ordinary weekday,8374.70,4.04
Austria,2021-12-21,8922.65,-3.36,24,Tuesday,0,,ordinary weekday,8513.95,4.80
Austria,2021-12-22,8852.04,-4.88,24,Wednesday,0,,ordinary weekday,8353.08,5.97
Austria,2021-12-23,8330.67,-4.06,24,Thursday,0,,ordinary weekday,8315.30,0.18
Austria,2021-12-24,7044.31,2.70,24,Friday,0,,ordinary weekday,7932.84,-11.20
Austria,2021-12-25,6582.15,1.57,24,Saturday,1,Christmas Day,weekend public holiday,,
Austria,2021-12-26,6792.92,-1.45,24,Sunday,1,St. Stephen's Day,weekend public holiday,,
Austria,2021-12-27,7561.53,-1.19,24,Monday,0,,ordinary weekday,8374.70,-9.71
Austria,2021-12-28,7657.64,0.04,24,Tuesday,0,,ordinary weekday,8513.95,-10.06
Austria,2021-12-29,7440.27,3.07,24,Wednesday,0,,ordinary weekday,8353.08,-10.93
Austria,2021-12-30,7224.95,6.16,24,Thursday,0,,ordinary weekday,8315.30,-13.11
Austria,2021-12-31,6580.99,7.47,24,Friday,0,,ordinary weekday,7932.84,-17.04
Austria,2022-01-01,6077.97,6.63,24,Saturday,1,New Year's Day,weekend public holiday,,
Austria,2022-01-02,6257.52,4.13,24,Sunday,0,,weekend,,
Austria,2022-01-03,7283.39,6.32,24,Monday,0,,ordinary weekday,8105.92,-10.15
Austria,2022-01-04,7427.45,4.51,24,Tuesday,0,,ordinary weekday,8182.51,-9.23
Austria,2022-01-05,7553.90,2.47,24,Wednesday,0,,ordinary weekday,8206.66,-7.95
Austria,2022-01-06,6978.32,-0.47,24,Thursday,1,Epiphany,weekday public holiday,8449.31,-17.41
Austria,2022-01-07,7464.00,-3.82,24,Friday,0,,ordinary weekday,8056.40,-7.35
Austria,2022-01-08,7122.96,-3.20,24,Saturday,0,,weekend,,
Austria,2022-01-09,6806.84,-2.29,24,Sunday,0,,weekend,,
Austria,2022-01-10,8251.66,-0.86,24,Monday,0,,ordinary weekday,8105.92,1.80
Austria,2022-01-11,8461.48,-2.45,24,Tuesday,0,,ordinary weekday,8182.51,3.41
Austria,2022-01-12,8554.06,-4.16,24,Wednesday,0,,ordinary weekday,8206.66,4.23
Austria,2022-01-13,8528.93,-1.93,24,Thursday,0,,ordinary weekday,8449.31,0.94
Austria,2022-01-14,8295.88,1.34,24,Friday,0,,ordinary weekday,8056.40,2.97
Austria,2022-01-15,7258.44,0.52,24,Saturday,0,,weekend,,
Austria,2022-01-16,6872.18,-0.68,24,Sunday,0,,weekend,,
Austria,2022-01-17,8292.64,1.34,24,Monday,0,,ordinary weekday,8105.92,2.30
Austria,2022-01-18,8428.56,0.49,24,Tuesday,0,,ordinary weekday,8182.51,3.01
Austria,2022-01-19,8385.72,-1.47,24,Wednesday,0,,ordinary weekday,8206.66,2.18
Austria,2022-01-20,8415.79,-0.22,24,Thursday,0,,ordinary weekday,8449.31,-0.40
Austria,2022-01-21,8359.93,-2.63,24,Friday,0,,ordinary weekday,8056.40,3.77
Austria,2022-01-22,7277.71,-1.02,24,Saturday,0,,weekend,,
Austria,2022-01-23,6809.47,0.10,24,Sunday,0,,weekend,,
Austria,2022-01-24,8317.12,-0.82,24,Monday,0,,ordinary weekday,8105.92,2.61
Austria,2022-01-25,8412.55,-0.56,24,Tuesday,0,,ordinary weekday,8182.51,2.81
Austria,2022-01-26,8332.97,-0.68,24,Wednesday,0,,ordinary weekday,8206.66,1.54
Austria,2022-01-27,8403.22,0.31,24,Thursday,0,,ordinary weekday,8449.31,-0.55
Austria,2022-01-28,8105.79,0.97,24,Friday,0,,ordinary weekday,8056.40,0.61
Austria,2022-01-29,7268.33,0.75,24,Saturday,0,,weekend,,
Austria,2022-01-30,6808.05,3.26,24,Sunday,0,,weekend,,
Austria,2022-01-31,8384.78,0.40,24,Monday,0,,ordinary weekday,8105.92,3.44
Austria,2022-02-01,8784.30,-0.13,24,Tuesday,0,,ordinary weekday,8616.90,1.94
Austria,2022-02-02,8761.32,1.76,24,Wednesday,0,,ordinary weekday,8398.39,4.32
Austria,2022-02-03,8540.88,2.30,24,Thursday,0,,ordinary weekday,8293.02,2.99
Austria,2022-02-04,8349.10,2.08,24,Friday,0,,ordinary weekday,8217.13,1.61
Austria,2022-02-05,7407.70,1.87,24,Saturday,0,,weekend,,
Austria,2022-02-06,6950.57,0.97,24,Sunday,0,,weekend,,
Austria,2022-02-07,8524.48,1.27,24,Monday,0,,ordinary weekday,8392.37,1.57
Austria,2022-02-08,8615.22,1.73,24,Tuesday,0,,ordinary weekday,8616.90,-0.02
Austria,2022-02-09,8257.45,3.95,24,Wednesday,0,,ordinary weekday,8398.39,-1.68
Austria,2022-02-10,8250.00,2.63,24,Thursday,0,,ordinary weekday,8293.02,-0.52
Austria,2022-02-11,8319.47,2.00,24,Friday,0,,ordinary weekday,8217.13,1.25
Austria,2022-02-12,7271.24,-0.20,24,Saturday,0,,weekend,,
Austria,2022-02-13,6904.92,-1.05,24,Sunday,0,,weekend,,
Austria,2022-02-14,8346.95,-0.91,24,Monday,0,,ordinary weekday,8392.37,-0.54
Austria,2022-02-15,8664.03,1.07,24,Tuesday,0,,ordinary weekday,8616.90,0.55
Austria,2022-02-16,8382.52,3.25,24,Wednesday,0,,ordinary weekday,8398.39,-0.19
Austria,2022-02-17,8217.52,6.78,24,Thursday,0,,ordinary weekday,8293.02,-0.91
Austria,2022-02-18,7933.45,5.92,24,Friday,0,,ordinary weekday,8217.13,-3.45
Austria,2022-02-19,7076.26,4.68,24,Saturday,0,,weekend,,
Austria,2022-02-20,6629.53,3.50,24,Sunday,0,,weekend,,
Austria,2022-02-21,8274.94,3.46,24,Monday,0,,ordinary weekday,8392.37,-1.40
Austria,2022-02-22,8404.06,2.64,24,Tuesday,0,,ordinary weekday,8616.90,-2.47
Austria,2022-02-23,8192.27,4.23,24,Wednesday,0,,ordinary weekday,8398.39,-2.45
Austria,2022-02-24,8163.69,3.30,24,Thursday,0,,ordinary weekday,8293.02,-1.56
Austria,2022-02-25,8266.49,2.09,24,Friday,0,,ordinary weekday,8217.13,0.60
Austria,2022-02-26,7350.42,0.72,24,Saturday,0,,weekend,,
Austria,2022-02-27,6792.81,0.21,24,Sunday,0,,weekend,,
Austria,2022-02-28,8423.10,-1.46,24,Monday,0,,ordinary weekday,8392.37,0.37
Austria,2022-03-01,8363.42,-1.63,24,Tuesday,0,,ordinary weekday,7929.36,5.47
Austria,2022-03-02,8436.43,-0.52,24,Wednesday,0,,ordinary weekday,7940.89,6.24
Austria,2022-03-03,8426.10,0.03,24,Thursday,0,,ordinary weekday,7990.19,5.46
Austria,2022-03-04,8322.18,-0.85,24,Friday,0,,ordinary weekday,7887.99,5.50
Austria,2022-03-05,7400.73,-1.23,24,Saturday,0,,weekend,,
Austria,2022-03-06,6932.28,-1.83,24,Sunday,0,,weekend,,
Austria,2022-03-07,8395.93,-1.94,24,Monday,0,,ordinary weekday,7780.19,7.91
Austria,2022-03-08,8280.20,-0.48,24,Tuesday,0,,ordinary weekday,7929.36,4.42
Austria,2022-03-09,8201.85,1.07,24,Wednesday,0,,ordinary weekday,7940.89,3.29
Austria,2022-03-10,8197.44,0.76,24,Thursday,0,,ordinary weekday,7990.19,2.59
Austria,2022-03-11,8121.51,-1.18,24,Friday,0,,ordinary weekday,7887.99,2.96
Austria,2022-03-12,7163.26,-0.13,24,Saturday,0,,weekend,,
Austria,2022-03-13,6553.04,1.19,24,Sunday,0,,weekend,,
Austria,2022-03-14,7858.83,3.89,24,Monday,0,,ordinary weekday,7780.19,1.01
Austria,2022-03-15,7995.50,5.08,24,Tuesday,0,,ordinary weekday,7929.36,0.83
Austria,2022-03-16,8027.42,6.12,24,Wednesday,0,,ordinary weekday,7940.89,1.09
Austria,2022-03-17,7932.65,5.58,24,Thursday,0,,ordinary weekday,7990.19,-0.72
Austria,2022-03-18,7772.31,4.60,24,Friday,0,,ordinary weekday,7887.99,-1.47
Austria,2022-03-19,6789.76,3.56,24,Saturday,0,,weekend,,
Austria,2022-03-20,6291.25,3.26,24,Sunday,0,,weekend,,
Austria,2022-03-21,7658.21,3.32,24,Monday,0,,ordinary weekday,7780.19,-1.57
Austria,2022-03-22,7711.98,4.78,24,Tuesday,0,,ordinary weekday,7929.36,-2.74
Austria,2022-03-23,7571.67,7.32,24,Wednesday,0,,ordinary weekday,7940.89,-4.65
Austria,2022-03-24,7445.59,8.10,24,Thursday,0,,ordinary weekday,7990.19,-6.82
Austria,2022-03-25,7335.97,8.17,24,Friday,0,,ordinary weekday,7887.99,-7.00
Austria,2022-03-26,6312.01,8.21,24,Saturday,0,,weekend,,
Austria,2022-03-27,5846.57,8.65,23,Sunday,0,,weekend,,
Austria,2022-03-28,7207.78,9.93,24,Monday,0,,ordinary weekday,7780.19,-7.36
Austria,2022-03-29,7295.71,10.02,24,Tuesday,0,,ordinary weekday,7929.36,-7.99
Austria,2022-03-30,7467.07,8.70,24,Wednesday,0,,ordinary weekday,7940.89,-5.97
Austria,2022-03-31,7949.19,5.76,24,Thursday,0,,ordinary weekday,7990.19,-0.51
Austria,2022-04-01,8274.82,3.49,24,Friday,0,,ordinary weekday,7415.26,11.59
Austria,2022-04-02,7441.99,0.54,24,Saturday,0,,weekend,,
Austria,2022-04-03,6743.01,0.38,24,Sunday,0,,weekend,,
Austria,2022-04-04,8217.33,1.39,24,Monday,0,,ordinary weekday,7467.35,10.04
Austria,2022-04-05,8123.18,5.05,24,Tuesday,0,,ordinary weekday,7489.82,8.46
Austria,2022-04-06,8116.19,9.43,24,Wednesday,0,,ordinary weekday,7385.92,9.89
Austria,2022-04-07,8022.11,10.00,24,Thursday,0,,ordinary weekday,7298.74,9.91
Austria,2022-04-08,7624.32,8.77,24,Friday,0,,ordinary weekday,7415.26,2.82
Austria,2022-04-09,7579.77,5.62,24,Saturday,0,,weekend,,
Austria,2022-04-10,6508.22,3.63,24,Sunday,0,,weekend,,
Austria,2022-04-11,7249.99,5.24,24,Monday,0,,ordinary weekday,7467.35,-2.91
Austria,2022-04-12,7480.27,8.10,24,Tuesday,0,,ordinary weekday,7489.82,-0.13
Austria,2022-04-13,7189.95,10.94,24,Wednesday,0,,ordinary weekday,7385.92,-2.65
Austria,2022-04-14,7007.68,12.90,24,Thursday,0,,ordinary weekday,7298.74,-3.99
Austria,2022-04-15,7038.25,11.44,24,Friday,0,,ordinary weekday,7415.26,-5.08
Austria,2022-04-16,6734.85,7.03,24,Saturday,0,,weekend,,
Austria,2022-04-17,6660.36,5.28,24,Sunday,0,,weekend,,
Austria,2022-04-18,6411.70,5.51,24,Monday,1,Easter Monday,weekday public holiday,7467.35,-14.14
Austria,2022-04-19,7076.10,4.64,24,Tuesday,0,,ordinary weekday,7489.82,-5.52
Austria,2022-04-20,7023.80,5.51,24,Wednesday,0,,ordinary weekday,7385.92,-4.90
Austria,2022-04-21,7041.09,7.75,24,Thursday,0,,ordinary weekday,7298.74,-3.53
Austria,2022-04-22,7171.06,7.14,24,Friday,0,,ordinary weekday,7415.26,-3.29
Austria,2022-04-23,6727.86,8.66,24,Saturday,0,,weekend,,
Austria,2022-04-24,6467.68,10.13,24,Sunday,0,,weekend,,
Austria,2022-04-25,6934.74,9.49,24,Monday,0,,ordinary weekday,7467.35,-7.13
Austria,2022-04-26,7279.74,8.25,24,Tuesday,0,,ordinary weekday,7489.82,-2.80
Austria,2022-04-27,7213.75,7.72,24,Wednesday,0,,ordinary weekday,7385.92,-2.33
Austria,2022-04-28,7124.07,9.30,24,Thursday,0,,ordinary weekday,7298.74,-2.39
Austria,2022-04-29,6967.82,10.19,24,Friday,0,,ordinary weekday,7415.26,-6.03
Austria,2022-04-30,6444.65,10.80,24,Saturday,0,,weekend,,
Austria,2022-05-01,5742.49,10.53,24,Sunday,1,Labour Day,weekend public holiday,,
Austria,2022-05-02,6962.73,11.11,24,Monday,0,,ordinary weekday,6893.77,1.00
Austria,2022-05-03,6966.12,12.31,24,Tuesday,0,,ordinary weekday,6991.40,-0.36
Austria,2022-05-04,7026.33,12.14,24,Wednesday,0,,ordinary weekday,6971.87,0.78
Austria,2022-05-05,7052.05,13.07,24,Thursday,0,,ordinary weekday,6984.32,0.97
Austria,2022-05-06,7178.33,12.44,24,Friday,0,,ordinary weekday,6809.54,5.42
Austria,2022-05-07,6255.65,12.17,24,Saturday,0,,weekend,,
Austria,2022-05-08,5577.53,13.05,24,Sunday,0,,weekend,,
Austria,2022-05-09,6866.75,13.65,24,Monday,0,,ordinary weekday,6893.77,-0.39
Austria,2022-05-10,6904.60,14.65,24,Tuesday,0,,ordinary weekday,6991.40,-1.24
Austria,2022-05-11,6895.39,17.46,24,Wednesday,0,,ordinary weekday,6971.87,-1.10
Austria,2022-05-12,7052.40,18.55,24,Thursday,0,,ordinary weekday,6984.32,0.97
Austria,2022-05-13,6970.81,16.35,24,Friday,0,,ordinary weekday,6809.54,2.37
Austria,2022-05-14,5744.97,15.86,24,Saturday,0,,weekend,,
Austria,2022-05-15,5279.14,16.63,24,Sunday,0,,weekend,,
Austria,2022-05-16,6940.20,17.22,24,Monday,0,,ordinary weekday,6893.77,0.67
Austria,2022-05-17,7093.11,15.99,24,Tuesday,0,,ordinary weekday,6991.40,1.45
Austria,2022-05-18,6830.38,15.03,24,Wednesday,0,,ordinary weekday,6971.87,-2.03
Austria,2022-05-19,6848.52,16.29,24,Thursday,0,,ordinary weekday,6984.32,-1.94
Austria,2022-05-20,6887.34,20.19,24,Friday,0,,ordinary weekday,6809.54,1.14
Austria,2022-05-21,5929.07,18.96,24,Saturday,0,,weekend,,
Austria,2022-05-22,5282.60,16.73,24,Sunday,0,,weekend,,
Austria,2022-05-23,6867.95,16.78,24,Monday,0,,ordinary weekday,6893.77,-0.37
Austria,2022-05-24,7153.33,16.22,24,Tuesday,0,,ordinary weekday,6991.40,2.32
Austria,2022-05-25,7135.39,14.19,24,Wednesday,0,,ordinary weekday,6971.87,2.35
Austria,2022-05-26,5703.80,15.55,24,Thursday,1,Ascension Day,weekday public holiday,6984.32,-18.33
Austria,2022-05-27,6201.66,16.46,24,Friday,0,,ordinary weekday,6809.54,-8.93
Austria,2022-05-28,5779.44,12.98,24,Saturday,0,,weekend,,
Austria,2022-05-29,5562.42,10.00,24,Sunday,0,,weekend,,
Austria,2022-05-30,6831.25,10.86,24,Monday,0,,ordinary weekday,6893.77,-0.91
Austria,2022-05-31,6839.80,14.25,24,Tuesday,0,,ordinary weekday,6991.40,-2.17
Austria,2022-06-01,6943.48,16.31,24,Wednesday,0,,ordinary weekday,7019.39,-1.08
Austria,2022-06-02,6955.75,16.97,24,Thursday,0,,ordinary weekday,7135.22,-2.52
Austria,2022-06-03,6810.85,18.81,24,Friday,0,,ordinary weekday,6772.00,0.57
Austria,2022-06-04,5771.48,20.40,24,Saturday,0,,weekend,,
Austria,2022-06-05,5265.26,19.73,24,Sunday,0,,weekend,,
Austria,2022-06-06,5411.72,18.81,24,Monday,1,Whit Monday,weekday public holiday,7049.12,-23.23
Austria,2022-06-07,7085.62,16.14,24,Tuesday,0,,ordinary weekday,7050.93,0.49
Austria,2022-06-08,6950.44,16.05,24,Wednesday,0,,ordinary weekday,7019.39,-0.98
Austria,2022-06-09,7263.25,14.12,24,Thursday,0,,ordinary weekday,7135.22,1.79
Austria,2022-06-10,7096.30,14.67,24,Friday,0,,ordinary weekday,6772.00,4.79
Austria,2022-06-11,5759.17,17.12,24,Saturday,0,,weekend,,
Austria,2022-06-12,5284.12,18.62,24,Sunday,0,,weekend,,
Austria,2022-06-13,6934.12,17.42,24,Monday,0,,ordinary weekday,7049.12,-1.63
Austria,2022-06-14,6833.75,16.55,24,Tuesday,0,,ordinary weekday,7050.93,-3.08
Austria,2022-06-15,6788.05,18.03,24,Wednesday,0,,ordinary weekday,7019.39,-3.30
Austria,2022-06-16,5671.38,18.76,24,Thursday,1,Corpus Christi,weekday public holiday,7135.22,-20.52
Austria,2022-06-17,6181.58,18.52,24,Friday,0,,ordinary weekday,6772.00,-8.72
Austria,2022-06-18,5577.54,20.10,24,Saturday,0,,weekend,,
Austria,2022-06-19,5331.82,22.13,24,Sunday,0,,weekend,,
Austria,2022-06-20,7082.25,21.37,24,Monday,0,,ordinary weekday,7049.12,0.47
Austria,2022-06-21,6930.03,18.56,24,Tuesday,0,,ordinary weekday,7050.93,-1.71
Austria,2022-06-22,7033.56,18.91,24,Wednesday,0,,ordinary weekday,7019.39,0.20
Austria,2022-06-23,7054.88,20.21,24,Thursday,0,,ordinary weekday,7135.22,-1.13
Austria,2022-06-24,6999.25,20.15,24,Friday,0,,ordinary weekday,6772.00,3.36
Austria,2022-06-25,5872.18,18.76,24,Saturday,0,,weekend,,
Austria,2022-06-26,5384.45,20.88,24,Sunday,0,,weekend,,
Austria,2022-06-27,7130.98,23.31,24,Monday,0,,ordinary weekday,7049.12,1.16
Austria,2022-06-28,7354.32,21.62,24,Tuesday,0,,ordinary weekday,7050.93,4.30
Austria,2022-06-29,7381.44,21.39,24,Wednesday,0,,ordinary weekday,7019.39,5.16
Austria,2022-06-30,7267.01,21.89,24,Thursday,0,,ordinary weekday,7135.22,1.85
Austria,2022-07-01,7133.84,20.56,24,Friday,0,,ordinary weekday,6785.68,5.13
Austria,2022-07-02,5776.83,17.98,24,Saturday,0,,weekend,,
Austria,2022-07-03,5361.58,21.11,24,Sunday,0,,weekend,,
Austria,2022-07-04,7078.31,20.65,24,Monday,0,,ordinary weekday,6796.01,4.15
Austria,2022-07-05,7084.16,18.39,24,Tuesday,0,,ordinary weekday,6908.73,2.54
Austria,2022-07-06,6953.49,18.32,24,Wednesday,0,,ordinary weekday,6859.15,1.38
Austria,2022-07-07,7117.41,16.29,24,Thursday,0,,ordinary weekday,6916.59,2.90
Austria,2022-07-08,6755.44,14.81,24,Friday,0,,ordinary weekday,6785.68,-0.45
Austria,2022-07-09,5751.71,16.16,24,Saturday,0,,weekend,,
Austria,2022-07-10,5392.42,15.61,24,Sunday,0,,weekend,,
Austria,2022-07-11,6661.35,15.38,24,Monday,0,,ordinary weekday,6796.01,-1.98
Austria,2022-07-12,6785.21,16.85,24,Tuesday,0,,ordinary weekday,6908.73,-1.79
Austria,2022-07-13,6859.81,19.65,24,Wednesday,0,,ordinary weekday,6859.15,0.01
Austria,2022-07-14,6974.21,22.78,24,Thursday,0,,ordinary weekday,6916.59,0.83
Austria,2022-07-15,6737.18,19.44,24,Friday,0,,ordinary weekday,6785.68,-0.71
Austria,2022-07-16,5725.21,19.12,24,Saturday,0,,weekend,,
Austria,2022-07-17,5203.77,18.98,24,Sunday,0,,weekend,,
Austria,2022-07-18,6645.80,20.16,24,Monday,0,,ordinary weekday,6796.01,-2.21
Austria,2022-07-19,6783.42,22.23,24,Tuesday,0,,ordinary weekday,6908.73,-1.81
Austria,2022-07-20,6911.98,24.14,24,Wednesday,0,,ordinary weekday,6859.15,0.77
Austria,2022-07-21,7030.73,23.69,24,Thursday,0,,ordinary weekday,6916.59,1.65
Austria,2022-07-22,6792.59,24.37,24,Friday,0,,ordinary weekday,6785.68,0.10
Austria,2022-07-23,6022.67,23.64,24,Saturday,0,,weekend,,
Austria,2022-07-24,5417.99,22.71,24,Sunday,0,,weekend,,
Austria,2022-07-25,6798.58,24.40,24,Monday,0,,ordinary weekday,6796.01,0.04
Austria,2022-07-26,6982.15,21.18,24,Tuesday,0,,ordinary weekday,6908.73,1.06
Austria,2022-07-27,6711.33,19.30,24,Wednesday,0,,ordinary weekday,6859.15,-2.16
Austria,2022-07-28,6544.03,19.76,24,Thursday,0,,ordinary weekday,6916.59,-5.39
Austria,2022-07-29,6509.33,20.66,24,Friday,0,,ordinary weekday,6785.68,-4.07
Austria,2022-07-30,5738.99,18.31,24,Saturday,0,,weekend,,
Austria,2022-07-31,5231.41,19.25,24,Sunday,0,,weekend,,
Austria,2022-08-01,6382.17,20.73,24,Monday,0,,ordinary weekday,6606.98,-3.40
Austria,2022-08-02,6436.41,20.41,24,Tuesday,0,,ordinary weekday,6602.00,-2.51
Austria,2022-08-03,6430.51,21.91,24,Wednesday,0,,ordinary weekday,6693.28,-3.93
Austria,2022-08-04,6475.66,23.63,24,Thursday,0,,ordinary weekday,6688.23,-3.18
Austria,2022-08-05,6523.10,24.94,24,Friday,0,,ordinary weekday,6614.29,-1.38
Austria,2022-08-06,5880.94,19.91,24,Saturday,0,,weekend,,
Austria,2022-08-07,5223.43,17.54,24,Sunday,0,,weekend,,
Austria,2022-08-08,6388.72,17.34,24,Monday,0,,ordinary weekday,6606.98,-3.30
Austria,2022-08-09,6347.82,18.56,24,Tuesday,0,,ordinary weekday,6602.00,-3.85
Austria,2022-08-10,6367.86,19.00,24,Wednesday,0,,ordinary weekday,6693.28,-4.86
Austria,2022-08-11,6450.49,19.04,24,Thursday,0,,ordinary weekday,6688.23,-3.55
Austria,2022-08-12,6283.01,18.23,24,Friday,0,,ordinary weekday,6614.29,-5.01
Austria,2022-08-13,5606.09,18.65,24,Saturday,0,,weekend,,
Austria,2022-08-14,5166.25,19.82,24,Sunday,0,,weekend,,
Austria,2022-08-15,5366.98,20.70,24,Monday,1,Assumption Day,weekday public holiday,6606.98,-18.77
Austria,2022-08-16,6591.43,21.28,24,Tuesday,0,,ordinary weekday,6602.00,-0.16
Austria,2022-08-17,6802.06,23.13,24,Wednesday,0,,ordinary weekday,6693.28,1.63
Austria,2022-08-18,6876.81,23.46,24,Thursday,0,,ordinary weekday,6688.23,2.82
Austria,2022-08-19,6848.42,21.09,24,Friday,0,,ordinary weekday,6614.29,3.54
Austria,2022-08-20,5964.53,18.41,24,Saturday,0,,weekend,,
Austria,2022-08-21,5457.56,17.05,24,Sunday,0,,weekend,,
Austria,2022-08-22,6855.38,15.56,24,Monday,0,,ordinary weekday,6606.98,3.76
Austria,2022-08-23,6863.14,16.07,24,Tuesday,0,,ordinary weekday,6602.00,3.96
Austria,2022-08-24,6781.73,18.66,24,Wednesday,0,,ordinary weekday,6693.28,1.32
Austria,2022-08-25,6949.96,19.58,24,Thursday,0,,ordinary weekday,6688.23,3.91
Austria,2022-08-26,6802.65,20.29,24,Friday,0,,ordinary weekday,6614.29,2.85
Austria,2022-08-27,5889.56,19.45,24,Saturday,0,,weekend,,
Austria,2022-08-28,5510.15,17.93,24,Sunday,0,,weekend,,
Austria,2022-08-29,6801.67,18.58,24,Monday,0,,ordinary weekday,6606.98,2.95
Austria,2022-08-30,6771.20,18.42,24,Tuesday,0,,ordinary weekday,6602.00,2.56
Austria,2022-08-31,7084.22,16.32,24,Wednesday,0,,ordinary weekday,6693.28,5.84
Austria,2022-09-01,6869.90,15.50,24,Thursday,0,,ordinary weekday,7072.13,-2.86
Austria,2022-09-02,6522.05,14.75,24,Friday,0,,ordinary weekday,6881.49,-5.22
Austria,2022-09-03,5697.09,15.84,24,Saturday,0,,weekend,,
Austria,2022-09-04,5316.27,16.51,24,Sunday,0,,weekend,,
Austria,2022-09-05,6742.38,17.33,24,Monday,0,,ordinary weekday,6832.77,-1.32
Austria,2022-09-06,6990.02,17.98,24,Tuesday,0,,ordinary weekday,7023.80,-0.48
Austria,2022-09-07,6964.18,18.15,24,Wednesday,0,,ordinary weekday,7038.52,-1.06
Austria,2022-09-08,7129.80,16.98,24,Thursday,0,,ordinary weekday,7072.13,0.82
Austria,2022-09-09,7019.31,14.91,24,Friday,0,,ordinary weekday,6881.49,2.00
Austria,2022-09-10,5825.33,14.21,24,Saturday,0,,weekend,,
Austria,2022-09-11,5449.80,13.68,24,Sunday,0,,weekend,,
Austria,2022-09-12,6723.48,14.67,24,Monday,0,,ordinary weekday,6832.77,-1.60
Austria,2022-09-13,6863.33,16.02,24,Tuesday,0,,ordinary weekday,7023.80,-2.28
Austria,2022-09-14,7052.50,17.62,24,Wednesday,0,,ordinary weekday,7038.52,0.20
Austria,2022-09-15,7175.08,16.96,24,Thursday,0,,ordinary weekday,7072.13,1.46
Austria,2022-09-16,7025.43,13.26,24,Friday,0,,ordinary weekday,6881.49,2.09
Austria,2022-09-17,6069.75,9.17,24,Saturday,0,,weekend,,
Austria,2022-09-18,5542.86,9.09,24,Sunday,0,,weekend,,
Austria,2022-09-19,6912.18,8.88,24,Monday,0,,ordinary weekday,6832.77,1.16
Austria,2022-09-20,7000.60,8.66,24,Tuesday,0,,ordinary weekday,7023.80,-0.33
Austria,2022-09-21,6959.84,8.54,24,Wednesday,0,,ordinary weekday,7038.52,-1.12
Austria,2022-09-22,6961.72,8.69,24,Thursday,0,,ordinary weekday,7072.13,-1.56
Austria,2022-09-23,6764.70,9.22,24,Friday,0,,ordinary weekday,6881.49,-1.70
Austria,2022-09-24,5898.64,10.85,24,Saturday,0,,weekend,,
Austria,2022-09-25,5619.01,11.11,24,Sunday,0,,weekend,,
Austria,2022-09-26,6953.04,11.43,24,Monday,0,,ordinary weekday,6832.77,1.76
Austria,2022-09-27,7241.26,9.55,24,Tuesday,0,,ordinary weekday,7023.80,3.10
Austria,2022-09-28,7177.55,9.07,24,Wednesday,0,,ordinary weekday,7038.52,1.98
Austria,2022-09-29,7224.15,9.53,24,Thursday,0,,ordinary weekday,7072.13,2.15
Austria,2022-09-30,7075.94,10.29,24,Friday,0,,ordinary weekday,6881.49,2.83
Austria,2022-10-01,6075.80,10.91,24,Saturday,0,,weekend,,
Austria,2022-10-02,5659.49,11.40,24,Sunday,0,,weekend,,
Austria,2022-10-03,6928.33,10.94,24,Monday,0,,ordinary weekday,6865.70,0.91
Austria,2022-10-04,6967.08,10.79,24,Tuesday,0,,ordinary weekday,6988.69,-0.31
Austria,2022-10-05,6990.82,11.68,24,Wednesday,0,,ordinary weekday,7039.17,-0.69
Austria,2022-10-06,6919.74,13.58,24,Thursday,0,,ordinary weekday,7007.69,-1.26
Austria,2022-10-07,6768.06,13.49,24,Friday,0,,ordinary weekday,6905.78,-1.99
Austria,2022-10-08,5927.55,12.83,24,Saturday,0,,weekend,,
Austria,2022-10-09,5501.68,11.36,24,Sunday,0,,weekend,,
Austria,2022-10-10,6905.69,11.69,24,Monday,0,,ordinary weekday,6865.70,0.58
Austria,2022-10-11,7022.22,11.87,24,Tuesday,0,,ordinary weekday,6988.69,0.48
Austria,2022-10-12,7039.07,11.53,24,Wednesday,0,,ordinary weekday,7039.17,-0.00
Austria,2022-10-13,7173.29,11.08,24,Thursday,0,,ordinary weekday,7007.69,2.36
Austria,2022-10-14,6946.01,11.17,24,Friday,0,,ordinary weekday,6905.78,0.58
Austria,2022-10-15,6095.55,11.72,24,Saturday,0,,weekend,,
Austria,2022-10-16,5438.72,13.58,24,Sunday,0,,weekend,,
Austria,2022-10-17,6943.36,13.81,24,Monday,0,,ordinary weekday,6865.70,1.13
Austria,2022-10-18,6992.04,13.44,24,Tuesday,0,,ordinary weekday,6988.69,0.05
Austria,2022-10-19,7087.60,12.84,24,Wednesday,0,,ordinary weekday,7039.17,0.69
Austria,2022-10-20,7185.27,9.81,24,Thursday,0,,ordinary weekday,7007.69,2.53
Austria,2022-10-21,7124.95,10.66,24,Friday,0,,ordinary weekday,6905.78,3.17
Austria,2022-10-22,6189.70,10.66,24,Saturday,0,,weekend,,
Austria,2022-10-23,5544.82,11.01,24,Sunday,0,,weekend,,
Austria,2022-10-24,7127.90,12.74,24,Monday,0,,ordinary weekday,6865.70,3.82
Austria,2022-10-25,6973.43,12.05,24,Tuesday,0,,ordinary weekday,6988.69,-0.22
Austria,2022-10-26,5895.65,10.97,24,Wednesday,1,Austrian National Day,weekday public holiday,7039.17,-16.25
Austria,2022-10-27,6752.45,11.99,24,Thursday,0,,ordinary weekday,7007.69,-3.64
Austria,2022-10-28,6784.09,12.08,24,Friday,0,,ordinary weekday,6905.78,-1.76
Austria,2022-10-29,5873.82,13.03,24,Saturday,0,,weekend,,
Austria,2022-10-30,5458.49,13.04,25,Sunday,0,,weekend,,
Austria,2022-10-31,6423.24,12.24,24,Monday,0,,ordinary weekday,6865.70,-6.44
Austria,2022-11-01,5654.67,11.58,24,Tuesday,1,All Saints' Day,weekday public holiday,7831.81,-27.80
Austria,2022-11-02,6879.62,11.24,24,Wednesday,0,,ordinary weekday,7743.97,-11.16
Austria,2022-11-03,7097.17,10.30,24,Thursday,0,,ordinary weekday,7619.54,-6.86
Austria,2022-11-04,7410.64,8.14,24,Friday,0,,ordinary weekday,7581.45,-2.25
Austria,2022-11-05,6327.07,6.31,24,Saturday,0,,weekend,,
Austria,2022-11-06,5720.71,5.80,24,Sunday,0,,weekend,,
Austria,2022-11-07,7103.90,7.97,24,Monday,0,,ordinary weekday,7625.78,-6.84
Austria,2022-11-08,7335.74,6.68,24,Tuesday,0,,ordinary weekday,7831.81,-6.33
Austria,2022-11-09,7501.08,6.55,24,Wednesday,0,,ordinary weekday,7743.97,-3.14
Austria,2022-11-10,7566.99,7.40,24,Thursday,0,,ordinary weekday,7619.54,-0.69
Austria,2022-11-11,7338.72,6.59,24,Friday,0,,ordinary weekday,7581.45,-3.20
Austria,2022-11-12,6303.86,7.16,24,Saturday,0,,weekend,,
Austria,2022-11-13,5879.75,6.15,24,Sunday,0,,weekend,,
Austria,2022-11-14,7312.47,6.65,24,Monday,0,,ordinary weekday,7625.78,-4.11
Austria,2022-11-15,7493.07,6.33,24,Tuesday,0,,ordinary weekday,7831.81,-4.33
Austria,2022-11-16,7681.42,5.79,24,Wednesday,0,,ordinary weekday,7743.97,-0.81
Austria,2022-11-17,7635.07,5.42,24,Thursday,0,,ordinary weekday,7619.54,0.20
Austria,2022-11-18,7650.64,4.10,24,Friday,0,,ordinary weekday,7581.45,0.91
Austria,2022-11-19,6864.07,0.70,24,Saturday,0,,weekend,,
Austria,2022-11-20,6453.42,2.19,24,Sunday,0,,weekend,,
Austria,2022-11-21,8037.88,1.82,24,Monday,0,,ordinary weekday,7625.78,5.40
Austria,2022-11-22,8310.18,1.47,24,Tuesday,0,,ordinary weekday,7831.81,6.11
Austria,2022-11-23,8335.03,2.15,24,Wednesday,0,,ordinary weekday,7743.97,7.63
Austria,2022-11-24,8178.93,3.03,24,Thursday,0,,ordinary weekday,7619.54,7.34
Austria,2022-11-25,7925.82,2.85,24,Friday,0,,ordinary weekday,7581.45,4.54
Austria,2022-11-26,6963.35,3.66,24,Saturday,0,,weekend,,
Austria,2022-11-27,6688.24,2.16,24,Sunday,0,,weekend,,
Austria,2022-11-28,8048.88,1.58,24,Monday,0,,ordinary weekday,7625.78,5.55
Austria,2022-11-29,8188.24,1.42,24,Tuesday,0,,ordinary weekday,7831.81,4.55
Austria,2022-11-30,8322.70,1.21,24,Wednesday,0,,ordinary weekday,7743.97,7.47
Austria,2022-12-01,8366.91,0.91,24,Thursday,0,,ordinary weekday,7944.62,5.32
Austria,2022-12-02,8324.60,-0.09,24,Friday,0,,ordinary weekday,7683.19,8.35
Austria,2022-12-03,7246.95,0.86,24,Saturday,0,,weekend,,
Austria,2022-12-04,6587.04,2.31,24,Sunday,0,,weekend,,
Austria,2022-12-05,8075.00,2.41,24,Monday,0,,ordinary weekday,8480.73,-4.78
Austria,2022-12-06,8246.69,1.78,24,Tuesday,0,,ordinary weekday,8107.09,1.72
Austria,2022-12-07,8384.86,0.95,24,Wednesday,0,,ordinary weekday,8117.80,3.29
Austria,2022-12-08,7197.98,0.14,24,Thursday,1,Immaculate Conception,weekday public holiday,7944.62,-9.40
Austria,2022-12-09,7724.21,0.22,24,Friday,0,,ordinary weekday,7683.19,0.53
Austria,2022-12-10,7186.01,0.32,24,Saturday,0,,weekend,,
Austria,2022-12-11,7208.49,-2.23,24,Sunday,0,,weekend,,
Austria,2022-12-12,8757.80,-4.92,24,Monday,0,,ordinary weekday,8480.73,3.27
Austria,2022-12-13,8936.57,-6.42,24,Tuesday,0,,ordinary weekday,8107.09,10.23
Austria,2022-12-14,8686.07,-3.08,24,Wednesday,0,,ordinary weekday,8117.80,7.00
Austria,2022-12-15,8484.09,-1.04,24,Thursday,0,,ordinary weekday,7944.62,6.79
Austria,2022-12-16,8363.96,-0.19,24,Friday,0,,ordinary weekday,7683.19,8.86
Austria,2022-12-17,7733.67,-2.58,24,Saturday,0,,weekend,,
Austria,2022-12-18,7433.47,-5.51,24,Sunday,0,,weekend,,
Austria,2022-12-19,8609.39,-2.40,24,Monday,0,,ordinary weekday,8480.73,1.52
Austria,2022-12-20,8534.03,-1.46,24,Tuesday,0,,ordinary weekday,8107.09,5.27
Austria,2022-12-21,8381.04,-0.15,24,Wednesday,0,,ordinary weekday,8117.80,3.24
Austria,2022-12-22,7962.80,1.77,24,Thursday,0,,ordinary weekday,7944.62,0.23
Austria,2022-12-23,7224.15,4.10,24,Friday,0,,ordinary weekday,7683.19,-5.97
Austria,2022-12-24,6111.84,6.36,24,Saturday,0,,weekend,,
Austria,2022-12-25,5746.51,4.53,24,Sunday,1,Christmas Day,weekend public holiday,,
Austria,2022-12-26,6074.35,4.44,24,Monday,1,St. Stephen's Day,weekday public holiday,8480.73,-28.37
Austria,2022-12-27,6711.06,3.57,24,Tuesday,0,,ordinary weekday,8107.09,-17.22
Austria,2022-12-28,7019.23,0.64,24,Wednesday,0,,ordinary weekday,8117.80,-13.53
Austria,2022-12-29,6964.70,0.90,24,Thursday,0,,ordinary weekday,7944.62,-12.33
Austria,2022-12-30,6779.04,2.49,24,Friday,0,,ordinary weekday,7683.19,-11.77
Austria,2022-12-31,6146.12,5.56,24,Saturday,0,,weekend,,
Austria,2023-01-01,5726.66,4.64,24,Sunday,1,New Year's Day,weekend public holiday,,
Austria,2023-01-02,6887.75,4.02,24,Monday,0,,ordinary weekday,7945.11,-13.31
Austria,2023-01-03,7147.65,4.45,24,Tuesday,0,,ordinary weekday,8061.54,-11.34
Austria,2023-01-04,7063.01,3.81,24,Wednesday,0,,ordinary weekday,7980.04,-11.49
Austria,2023-01-05,7060.84,7.06,24,Thursday,0,,ordinary weekday,8061.96,-12.42
Austria,2023-01-06,6148.42,5.84,24,Friday,1,Epiphany,weekday public holiday,8273.99,-25.69
Austria,2023-01-07,6262.92,4.08,24,Saturday,0,,weekend,,
Austria,2023-01-08,6309.75,1.62,24,Sunday,0,,weekend,,
Austria,2023-01-09,7835.25,3.34,24,Monday,0,,ordinary weekday,7945.11,-1.38
Austria,2023-01-10,8194.31,2.43,24,Tuesday,0,,ordinary weekday,8061.54,1.65
Austria,2023-01-11,8151.73,1.88,24,Wednesday,0,,ordinary weekday,7980.04,2.15
Austria,2023-01-12,7889.32,3.88,24,Thursday,0,,ordinary weekday,8061.96,-2.14
Austria,2023-01-13,7812.66,3.09,24,Friday,0,,ordinary weekday,8273.99,-5.58
Austria,2023-01-14,6771.28,3.14,24,Saturday,0,,weekend,,
Austria,2023-01-15,6546.54,3.39,24,Sunday,0,,weekend,,
Austria,2023-01-16,8118.71,0.68,24,Monday,0,,ordinary weekday,7945.11,2.19
Austria,2023-01-17,8275.97,0.52,24,Tuesday,0,,ordinary weekday,8061.54,2.66
Austria,2023-01-18,8297.97,0.65,24,Wednesday,0,,ordinary weekday,7980.04,3.98
Austria,2023-01-19,8743.38,-1.29,24,Thursday,0,,ordinary weekday,8061.96,8.45
Austria,2023-01-20,8552.30,-3.01,24,Friday,0,,ordinary weekday,8273.99,3.36
Austria,2023-01-21,7613.34,-2.81,24,Saturday,0,,weekend,,
Austria,2023-01-22,7086.59,-3.11,24,Sunday,0,,weekend,,
Austria,2023-01-23,8509.64,-1.60,24,Monday,0,,ordinary weekday,7945.11,7.11
Austria,2023-01-24,8434.29,-0.21,24,Tuesday,0,,ordinary weekday,8061.54,4.62
Austria,2023-01-25,8407.46,-0.89,24,Wednesday,0,,ordinary weekday,7980.04,5.36
Austria,2023-01-26,8554.29,-1.80,24,Thursday,0,,ordinary weekday,8061.96,6.11
Austria,2023-01-27,8457.01,-2.67,24,Friday,0,,ordinary weekday,8273.99,2.21
Austria,2023-01-28,7451.01,-2.68,24,Saturday,0,,weekend,,
Austria,2023-01-29,6922.86,-3.22,24,Sunday,0,,weekend,,
Austria,2023-01-30,8374.19,-1.87,24,Monday,0,,ordinary weekday,7945.11,5.40
Austria,2023-01-31,8255.48,0.81,24,Tuesday,0,,ordinary weekday,8061.54,2.41
Austria,2023-02-01,8269.02,1.61,24,Wednesday,0,,ordinary weekday,8058.58,2.61
Austria,2023-02-02,8547.20,1.05,24,Thursday,0,,ordinary weekday,8147.06,4.91
Austria,2023-02-03,8201.09,2.29,24,Friday,0,,ordinary weekday,7839.04,4.62
Austria,2023-02-04,7128.19,0.67,24,Saturday,0,,weekend,,
Austria,2023-02-05,6721.04,-2.87,24,Sunday,0,,weekend,,
Austria,2023-02-06,8354.16,-4.26,24,Monday,0,,ordinary weekday,7970.46,4.81
Austria,2023-02-07,8443.74,-5.12,24,Tuesday,0,,ordinary weekday,7969.05,5.96
Austria,2023-02-08,8559.15,-5.29,24,Wednesday,0,,ordinary weekday,8058.58,6.21
Austria,2023-02-09,8416.43,-4.37,24,Thursday,0,,ordinary weekday,8147.06,3.31
Austria,2023-02-10,8147.81,-3.42,24,Friday,0,,ordinary weekday,7839.04,3.94
Austria,2023-02-11,7202.58,-0.76,24,Saturday,0,,weekend,,
Austria,2023-02-12,6492.16,2.36,24,Sunday,0,,weekend,,
Austria,2023-02-13,7919.46,1.85,24,Monday,0,,ordinary weekday,7970.46,-0.64
Austria,2023-02-14,8011.58,1.65,24,Tuesday,0,,ordinary weekday,7969.05,0.53
Austria,2023-02-15,8066.84,1.50,24,Wednesday,0,,ordinary weekday,8058.58,0.10
Austria,2023-02-16,8010.38,2.18,24,Thursday,0,,ordinary weekday,8147.06,-1.68
Austria,2023-02-17,7704.71,5.10,24,Friday,0,,ordinary weekday,7839.04,-1.71
Austria,2023-02-18,6516.20,8.62,24,Saturday,0,,weekend,,
Austria,2023-02-19,6136.16,6.60,24,Sunday,0,,weekend,,
Austria,2023-02-20,7479.51,6.34,24,Monday,0,,ordinary weekday,7970.46,-6.16
Austria,2023-02-21,7358.38,7.05,24,Tuesday,0,,ordinary weekday,7969.05,-7.66
Austria,2023-02-22,7339.31,6.63,24,Wednesday,0,,ordinary weekday,8058.58,-8.93
Austria,2023-02-23,7614.23,5.54,24,Thursday,0,,ordinary weekday,8147.06,-6.54
Austria,2023-02-24,7302.55,5.49,24,Friday,0,,ordinary weekday,7839.04,-6.84
Austria,2023-02-25,6667.26,3.00,24,Saturday,0,,weekend,,
Austria,2023-02-26,6606.60,-1.17,24,Sunday,0,,weekend,,
Austria,2023-02-27,8128.71,-2.12,24,Monday,0,,ordinary weekday,7970.46,1.99
Austria,2023-02-28,8062.51,-1.29,24,Tuesday,0,,ordinary weekday,7969.05,1.17
Austria,2023-03-01,8066.23,0.20,24,Wednesday,0,,ordinary weekday,7540.49,6.97
Austria,2023-03-02,7804.40,2.79,24,Thursday,0,,ordinary weekday,7418.52,5.20
Austria,2023-03-03,7576.66,2.62,24,Friday,0,,ordinary weekday,7239.30,4.66
Austria,2023-03-04,6500.96,2.45,24,Saturday,0,,weekend,,
Austria,2023-03-05,6223.36,1.69,24,Sunday,0,,weekend,,
Austria,2023-03-06,7563.74,1.79,24,Monday,0,,ordinary weekday,7356.98,2.81
Austria,2023-03-07,7584.20,2.59,24,Tuesday,0,,ordinary weekday,7468.91,1.54
Austria,2023-03-08,7523.92,4.63,24,Wednesday,0,,ordinary weekday,7540.49,-0.22
Austria,2023-03-09,7389.77,6.76,24,Thursday,0,,ordinary weekday,7418.52,-0.39
Austria,2023-03-10,7255.40,6.26,24,Friday,0,,ordinary weekday,7239.30,0.22
Austria,2023-03-11,6507.61,2.39,24,Saturday,0,,weekend,,
Austria,2023-03-12,6083.24,2.18,24,Sunday,0,,weekend,,
Austria,2023-03-13,7354.17,5.93,24,Monday,0,,ordinary weekday,7356.98,-0.04
Austria,2023-03-14,7599.57,6.16,24,Tuesday,0,,ordinary weekday,7468.91,1.75
Austria,2023-03-15,7572.48,3.02,24,Wednesday,0,,ordinary weekday,7540.49,0.42
Austria,2023-03-16,7387.16,2.18,24,Thursday,0,,ordinary weekday,7418.52,-0.42
Austria,2023-03-17,7170.26,4.29,24,Friday,0,,ordinary weekday,7239.30,-0.95
Austria,2023-03-18,6096.29,6.07,24,Saturday,0,,weekend,,
Austria,2023-03-19,5657.46,6.68,24,Sunday,0,,weekend,,
Austria,2023-03-20,7076.10,7.69,24,Monday,0,,ordinary weekday,7356.98,-3.82
Austria,2023-03-21,7023.46,8.82,24,Tuesday,0,,ordinary weekday,7468.91,-5.96
Austria,2023-03-22,6889.01,10.31,24,Wednesday,0,,ordinary weekday,7540.49,-8.64
Austria,2023-03-23,6965.02,11.12,24,Thursday,0,,ordinary weekday,7418.52,-6.11
Austria,2023-03-24,6953.07,10.89,24,Friday,0,,ordinary weekday,7239.30,-3.95
Austria,2023-03-25,6141.39,8.37,24,Saturday,0,,weekend,,
Austria,2023-03-26,5741.05,7.40,23,Sunday,0,,weekend,,
Austria,2023-03-27,7433.91,3.98,24,Monday,0,,ordinary weekday,7356.98,1.05
Austria,2023-03-28,7668.42,1.67,24,Tuesday,0,,ordinary weekday,7468.91,2.67
Austria,2023-03-29,7650.82,2.99,24,Wednesday,0,,ordinary weekday,7540.49,1.46
Austria,2023-03-30,7546.24,8.20,24,Thursday,0,,ordinary weekday,7418.52,1.72
Austria,2023-03-31,7241.12,8.71,24,Friday,0,,ordinary weekday,7239.30,0.03
Austria,2023-04-01,6155.09,8.03,24,Saturday,0,,weekend,,
Austria,2023-04-02,5839.45,6.27,24,Sunday,0,,weekend,,
Austria,2023-04-03,7374.29,2.51,24,Monday,0,,ordinary weekday,7028.70,4.92
Austria,2023-04-04,7273.88,0.23,24,Tuesday,0,,ordinary weekday,7087.23,2.63
Austria,2023-04-05,7222.68,0.77,24,Wednesday,0,,ordinary weekday,7059.12,2.32
Austria,2023-04-06,7157.28,2.45,24,Thursday,0,,ordinary weekday,7064.72,1.31
Austria,2023-04-07,6859.52,4.06,24,Friday,0,,ordinary weekday,6920.65,-0.88
Austria,2023-04-08,6287.05,3.12,24,Saturday,0,,weekend,,
Austria,2023-04-09,5597.90,3.92,24,Sunday,0,,weekend,,
Austria,2023-04-10,5402.58,5.61,24,Monday,1,Easter Monday,weekday public holiday,7028.70,-23.14
Austria,2023-04-11,7144.98,5.87,24,Tuesday,0,,ordinary weekday,7087.23,0.81
Austria,2023-04-12,7002.71,6.80,24,Wednesday,0,,ordinary weekday,7059.12,-0.80
Austria,2023-04-13,7434.28,5.66,24,Thursday,0,,ordinary weekday,7064.72,5.23
Austria,2023-04-14,7600.95,3.26,24,Friday,0,,ordinary weekday,6920.65,9.83
Austria,2023-04-15,6359.25,4.22,24,Saturday,0,,weekend,,
Austria,2023-04-16,5675.88,5.49,24,Sunday,0,,weekend,,
Austria,2023-04-17,6958.55,7.94,24,Monday,0,,ordinary weekday,7028.70,-1.00
Austria,2023-04-18,7104.97,8.32,24,Tuesday,0,,ordinary weekday,7087.23,0.25
Austria,2023-04-19,7207.61,7.28,24,Wednesday,0,,ordinary weekday,7059.12,2.10
Austria,2023-04-20,6914.56,7.23,24,Thursday,0,,ordinary weekday,7064.72,-2.13
Austria,2023-04-21,6440.26,10.24,24,Friday,0,,ordinary weekday,6920.65,-6.94
Austria,2023-04-22,5366.25,11.63,24,Saturday,0,,weekend,,
Austria,2023-04-23,5034.20,12.20,24,Sunday,0,,weekend,,
Austria,2023-04-24,6753.26,9.36,24,Monday,0,,ordinary weekday,7028.70,-3.92
Austria,2023-04-25,6825.09,7.83,24,Tuesday,0,,ordinary weekday,7087.23,-3.70
Austria,2023-04-26,6803.47,6.85,24,Wednesday,0,,ordinary weekday,7059.12,-3.62
Austria,2023-04-27,6752.76,8.01,24,Thursday,0,,ordinary weekday,7064.72,-4.42
Austria,2023-04-28,6781.88,9.31,24,Friday,0,,ordinary weekday,6920.65,-2.01
Austria,2023-04-29,5537.52,11.79,24,Saturday,0,,weekend,,
Austria,2023-04-30,4979.11,10.84,24,Sunday,0,,weekend,,
Austria,2023-05-01,5140.09,10.57,24,Monday,1,Labour Day,weekday public holiday,6408.50,-19.79
Austria,2023-05-02,6700.62,10.50,24,Tuesday,0,,ordinary weekday,6574.61,1.92
Austria,2023-05-03,6754.46,10.45,24,Wednesday,0,,ordinary weekday,6731.09,0.35
Austria,2023-05-04,6380.66,10.96,24,Thursday,0,,ordinary weekday,6525.35,-2.22
Austria,2023-05-05,6204.31,13.53,24,Friday,0,,ordinary weekday,6247.13,-0.69
Austria,2023-05-06,5379.99,14.06,24,Saturday,0,,weekend,,
Austria,2023-05-07,4960.34,12.42,24,Sunday,0,,weekend,,
Austria,2023-05-08,6433.94,10.18,24,Monday,0,,ordinary weekday,6408.50,0.40
Austria,2023-05-09,6366.56,10.97,24,Tuesday,0,,ordinary weekday,6574.61,-3.16
Austria,2023-05-10,6627.91,10.97,24,Wednesday,0,,ordinary weekday,6731.09,-1.53
Austria,2023-05-11,6836.91,10.07,24,Thursday,0,,ordinary weekday,6525.35,4.77
Austria,2023-05-12,6686.75,9.09,24,Friday,0,,ordinary weekday,6247.13,7.04
Austria,2023-05-13,5695.42,9.64,24,Saturday,0,,weekend,,
Austria,2023-05-14,5421.50,9.07,24,Sunday,0,,weekend,,
Austria,2023-05-15,6523.62,11.08,24,Monday,0,,ordinary weekday,6408.50,1.80
Austria,2023-05-16,7019.83,10.39,24,Tuesday,0,,ordinary weekday,6574.61,6.77
Austria,2023-05-17,7202.19,8.23,24,Wednesday,0,,ordinary weekday,6731.09,7.00
Austria,2023-05-18,5709.14,8.22,24,Thursday,1,Ascension Day,weekday public holiday,6525.35,-12.51
Austria,2023-05-19,5888.77,11.05,24,Friday,0,,ordinary weekday,6247.13,-5.74
Austria,2023-05-20,5309.91,14.30,24,Saturday,0,,weekend,,
Austria,2023-05-21,4914.43,16.36,24,Sunday,0,,weekend,,
Austria,2023-05-22,6267.93,17.32,24,Monday,0,,ordinary weekday,6408.50,-2.19
Austria,2023-05-23,6637.74,16.16,24,Tuesday,0,,ordinary weekday,6574.61,0.96
Austria,2023-05-24,6759.03,13.41,24,Wednesday,0,,ordinary weekday,6731.09,0.42
Austria,2023-05-25,6358.49,14.56,24,Thursday,0,,ordinary weekday,6525.35,-2.56
Austria,2023-05-26,6208.70,15.52,24,Friday,0,,ordinary weekday,6247.13,-0.62
Austria,2023-05-27,5105.76,14.88,24,Saturday,0,,weekend,,
Austria,2023-05-28,4676.33,14.78,24,Sunday,0,,weekend,,
Austria,2023-05-29,4813.08,15.72,24,Monday,1,Whit Monday,weekday public holiday,6408.50,-24.90
Austria,2023-05-30,6148.27,15.25,24,Tuesday,0,,ordinary weekday,6574.61,-6.48
Austria,2023-05-31,6311.88,15.60,24,Wednesday,0,,ordinary weekday,6731.09,-6.23
Austria,2023-06-01,6155.78,17.04,24,Thursday,0,,ordinary weekday,6209.35,-0.86
Austria,2023-06-02,6034.02,17.22,24,Friday,0,,ordinary weekday,6122.67,-1.45
Austria,2023-06-03,5065.68,15.19,24,Saturday,0,,weekend,,
Austria,2023-06-04,4776.93,14.58,24,Sunday,0,,weekend,,
Austria,2023-06-05,6271.93,14.32,24,Monday,0,,ordinary weekday,6251.44,0.33
Austria,2023-06-06,6335.73,15.32,24,Tuesday,0,,ordinary weekday,6307.45,0.45
Austria,2023-06-07,6318.01,16.16,24,Wednesday,0,,ordinary weekday,6306.72,0.18
Austria,2023-06-08,4924.74,15.96,24,Thursday,1,Corpus Christi,weekday public holiday,6209.35,-20.69
Austria,2023-06-09,5836.18,16.47,24,Friday,0,,ordinary weekday,6122.67,-4.68
Austria,2023-06-10,4998.96,16.60,24,Saturday,0,,weekend,,
Austria,2023-06-11,4819.98,16.74,24,Sunday,0,,weekend,,
Austria,2023-06-12,6292.96,16.00,24,Monday,0,,ordinary weekday,6251.44,0.66
Austria,2023-06-13,6121.62,14.75,24,Tuesday,0,,ordinary weekday,6307.45,-2.95
Austria,2023-06-14,6108.53,14.73,24,Wednesday,0,,ordinary weekday,6306.72,-3.14
Austria,2023-06-15,6031.60,15.33,24,Thursday,0,,ordinary weekday,6209.35,-2.86
Austria,2023-06-16,6125.72,15.97,24,Friday,0,,ordinary weekday,6122.67,0.05
Austria,2023-06-17,5054.82,16.81,24,Saturday,0,,weekend,,
Austria,2023-06-18,4658.16,18.60,24,Sunday,0,,weekend,,
Austria,2023-06-19,6209.15,20.49,24,Monday,0,,ordinary weekday,6251.44,-0.68
Austria,2023-06-20,6344.94,21.97,24,Tuesday,0,,ordinary weekday,6307.45,0.59
Austria,2023-06-21,6302.26,22.85,24,Wednesday,0,,ordinary weekday,6306.72,-0.07
Austria,2023-06-22,6307.40,23.46,24,Thursday,0,,ordinary weekday,6209.35,1.58
Austria,2023-06-23,6212.78,20.47,24,Friday,0,,ordinary weekday,6122.67,1.47
Austria,2023-06-24,5221.57,16.45,24,Saturday,0,,weekend,,
Austria,2023-06-25,4633.53,18.76,24,Sunday,0,,weekend,,
Austria,2023-06-26,6231.74,20.55,24,Monday,0,,ordinary weekday,6251.44,-0.32
Austria,2023-06-27,6427.50,18.46,24,Tuesday,0,,ordinary weekday,6307.45,1.90
Austria,2023-06-28,6498.08,16.50,24,Wednesday,0,,ordinary weekday,6306.72,3.03
Austria,2023-06-29,6342.62,18.55,24,Thursday,0,,ordinary weekday,6209.35,2.15
Austria,2023-06-30,6404.64,19.62,24,Friday,0,,ordinary weekday,6122.67,4.61
Austria,2023-07-01,5469.65,17.83,24,Saturday,0,,weekend,,
Austria,2023-07-02,4988.33,18.10,24,Sunday,0,,weekend,,
Austria,2023-07-03,6485.19,18.17,24,Monday,0,,ordinary weekday,6275.41,3.34
Austria,2023-07-04,6460.12,18.85,24,Tuesday,0,,ordinary weekday,6465.80,-0.09
Austria,2023-07-05,6576.83,18.92,24,Wednesday,0,,ordinary weekday,6513.69,0.97
Austria,2023-07-06,6415.50,18.28,24,Thursday,0,,ordinary weekday,6353.65,0.97
Austria,2023-07-07,6015.11,19.46,24,Friday,0,,ordinary weekday,6072.73,-0.95
Austria,2023-07-08,5177.49,21.04,24,Saturday,0,,weekend,,
Austria,2023-07-09,4845.43,22.98,24,Sunday,0,,weekend,,
Austria,2023-07-10,6372.57,23.65,24,Monday,0,,ordinary weekday,6275.41,1.55
Austria,2023-07-11,6454.33,23.90,24,Tuesday,0,,ordinary weekday,6465.80,-0.18
Austria,2023-07-12,6624.24,23.63,24,Wednesday,0,,ordinary weekday,6513.69,1.70
Austria,2023-07-13,6552.90,20.15,24,Thursday,0,,ordinary weekday,6353.65,3.14
Austria,2023-07-14,6098.79,20.70,24,Friday,0,,ordinary weekday,6072.73,0.43
Austria,2023-07-15,5277.12,23.76,24,Saturday,0,,weekend,,
Austria,2023-07-16,5088.04,23.91,24,Sunday,0,,weekend,,
Austria,2023-07-17,6513.29,22.85,24,Monday,0,,ordinary weekday,6275.41,3.79
Austria,2023-07-18,6531.74,23.00,24,Tuesday,0,,ordinary weekday,6465.80,1.02
Austria,2023-07-19,6645.58,22.37,24,Wednesday,0,,ordinary weekday,6513.69,2.02
Austria,2023-07-20,6481.96,20.55,24,Thursday,0,,ordinary weekday,6353.65,2.02
Austria,2023-07-21,6295.60,18.81,24,Friday,0,,ordinary weekday,6072.73,3.67
Austria,2023-07-22,5288.98,18.32,24,Saturday,0,,weekend,,
Austria,2023-07-23,4827.74,20.31,24,Sunday,0,,weekend,,
Austria,2023-07-24,6313.48,22.23,24,Monday,0,,ordinary weekday,6275.41,0.61
Austria,2023-07-25,6417.01,17.85,24,Tuesday,0,,ordinary weekday,6465.80,-0.75
Austria,2023-07-26,6208.09,14.80,24,Wednesday,0,,ordinary weekday,6513.69,-4.69
Austria,2023-07-27,5964.26,16.02,24,Thursday,0,,ordinary weekday,6353.65,-6.13
Austria,2023-07-28,5881.43,19.70,24,Friday,0,,ordinary weekday,6072.73,-3.15
Austria,2023-07-29,5155.62,20.71,24,Saturday,0,,weekend,,
Austria,2023-07-30,4842.05,19.61,24,Sunday,0,,weekend,,
Austria,2023-07-31,5692.51,19.42,24,Monday,0,,ordinary weekday,6275.41,-9.29
Austria,2023-08-01,6317.23,17.30,24,Tuesday,0,,ordinary weekday,6441.42,-1.93
Austria,2023-08-02,5907.75,18.31,24,Wednesday,0,,ordinary weekday,6424.74,-8.05
Austria,2023-08-03,6264.03,18.18,24,Thursday,0,,ordinary weekday,6368.57,-1.64
Austria,2023-08-04,6010.93,16.67,24,Friday,0,,ordinary weekday,6168.31,-2.55
Austria,2023-08-05,5469.25,15.17,24,Saturday,0,,weekend,,
Austria,2023-08-06,4950.59,14.61,24,Sunday,0,,weekend,,
Austria,2023-08-07,6036.85,12.46,24,Monday,0,,ordinary weekday,6288.72,-4.01
Austria,2023-08-08,5806.29,14.73,24,Tuesday,0,,ordinary weekday,6441.42,-9.86
Austria,2023-08-09,6244.40,14.60,24,Wednesday,0,,ordinary weekday,6424.74,-2.81
Austria,2023-08-10,5932.51,15.30,24,Thursday,0,,ordinary weekday,6368.57,-6.85
Austria,2023-08-11,5722.29,17.70,24,Friday,0,,ordinary weekday,6168.31,-7.23
Austria,2023-08-12,5123.69,19.91,24,Saturday,0,,weekend,,
Austria,2023-08-13,4887.05,21.64,24,Sunday,0,,weekend,,
Austria,2023-08-14,5690.83,22.24,24,Monday,0,,ordinary weekday,6288.72,-9.51
Austria,2023-08-15,5162.44,22.15,24,Tuesday,1,Assumption Day,weekday public holiday,6441.42,-19.86
Austria,2023-08-16,6330.28,21.53,24,Wednesday,0,,ordinary weekday,6424.74,-1.47
Austria,2023-08-17,6389.46,20.61,24,Thursday,0,,ordinary weekday,6368.57,0.33
Austria,2023-08-18,6276.54,20.97,24,Friday,0,,ordinary weekday,6168.31,1.75
Austria,2023-08-19,5396.98,22.17,24,Saturday,0,,weekend,,
Austria,2023-08-20,5047.48,23.44,24,Sunday,0,,weekend,,
Austria,2023-08-21,6601.29,24.44,24,Monday,0,,ordinary weekday,6288.72,4.97
Austria,2023-08-22,6798.50,24.95,24,Tuesday,0,,ordinary weekday,6441.42,5.54
Austria,2023-08-23,6999.39,23.44,24,Wednesday,0,,ordinary weekday,6424.74,8.94
Austria,2023-08-24,6791.43,23.69,24,Thursday,0,,ordinary weekday,6368.57,6.64
Austria,2023-08-25,6663.47,24.49,24,Friday,0,,ordinary weekday,6168.31,8.03
Austria,2023-08-26,5673.98,22.83,24,Saturday,0,,weekend,,
Austria,2023-08-27,5256.39,20.18,24,Sunday,0,,weekend,,
Austria,2023-08-28,6825.91,17.56,24,Monday,0,,ordinary weekday,6288.72,8.54
Austria,2023-08-29,6843.68,13.96,24,Tuesday,0,,ordinary weekday,6441.42,6.24
Austria,2023-08-30,6641.88,14.31,24,Wednesday,0,,ordinary weekday,6424.74,3.38
Austria,2023-08-31,6465.42,15.20,24,Thursday,0,,ordinary weekday,6368.57,1.52
Austria,2023-09-01,6288.07,17.12,24,Friday,0,,ordinary weekday,6393.20,-1.64
Austria,2023-09-02,5346.70,18.74,24,Saturday,0,,weekend,,
Austria,2023-09-03,5088.34,17.81,24,Sunday,0,,weekend,,
Austria,2023-09-04,6269.06,17.42,24,Monday,0,,ordinary weekday,6438.84,-2.64
Austria,2023-09-05,6345.83,17.01,24,Tuesday,0,,ordinary weekday,6533.44,-2.87
Austria,2023-09-06,6449.93,18.14,24,Wednesday,0,,ordinary weekday,6567.89,-1.80
Austria,2023-09-07,6523.48,18.87,24,Thursday,0,,ordinary weekday,6631.47,-1.63
Austria,2023-09-08,6328.10,19.07,24,Friday,0,,ordinary weekday,6393.20,-1.02
Austria,2023-09-09,5332.46,19.47,24,Saturday,0,,weekend,,
Austria,2023-09-10,4962.54,20.31,24,Sunday,0,,weekend,,
Austria,2023-09-11,6410.68,21.01,24,Monday,0,,ordinary weekday,6438.84,-0.44
Austria,2023-09-12,6629.32,21.27,24,Tuesday,0,,ordinary weekday,6533.44,1.47
Austria,2023-09-13,6820.57,19.64,24,Wednesday,0,,ordinary weekday,6567.89,3.85
Austria,2023-09-14,6832.18,17.42,24,Thursday,0,,ordinary weekday,6631.47,3.03
Austria,2023-09-15,6338.97,16.85,24,Friday,0,,ordinary weekday,6393.20,-0.85
Austria,2023-09-16,5359.55,17.86,24,Saturday,0,,weekend,,
Austria,2023-09-17,4964.62,18.73,24,Sunday,0,,weekend,,
Austria,2023-09-18,6600.52,18.84,24,Monday,0,,ordinary weekday,6438.84,2.51
Austria,2023-09-19,6657.78,17.63,24,Tuesday,0,,ordinary weekday,6533.44,1.90
Austria,2023-09-20,6491.47,17.34,24,Wednesday,0,,ordinary weekday,6567.89,-1.16
Austria,2023-09-21,6620.03,18.60,24,Thursday,0,,ordinary weekday,6631.47,-0.17
Austria,2023-09-22,6679.28,17.11,24,Friday,0,,ordinary weekday,6393.20,4.47
Austria,2023-09-23,5722.29,13.33,24,Saturday,0,,weekend,,
Austria,2023-09-24,5242.32,12.52,24,Sunday,0,,weekend,,
Austria,2023-09-25,6475.10,14.19,24,Monday,0,,ordinary weekday,6438.84,0.56
Austria,2023-09-26,6500.83,16.62,24,Tuesday,0,,ordinary weekday,6533.44,-0.50
Austria,2023-09-27,6509.57,16.95,24,Wednesday,0,,ordinary weekday,6567.89,-0.89
Austria,2023-09-28,6550.18,16.98,24,Thursday,0,,ordinary weekday,6631.47,-1.23
Austria,2023-09-29,6331.59,16.86,24,Friday,0,,ordinary weekday,6393.20,-0.96
Austria,2023-09-30,5563.84,15.90,24,Saturday,0,,weekend,,
Austria,2023-10-01,4967.58,15.31,24,Sunday,0,,weekend,,
Austria,2023-10-02,6372.71,16.71,24,Monday,0,,ordinary weekday,6701.37,-4.90
Austria,2023-10-03,6584.25,17.80,24,Tuesday,0,,ordinary weekday,6985.56,-5.74
Austria,2023-10-04,6678.84,14.85,24,Wednesday,0,,ordinary weekday,6875.84,-2.87
Austria,2023-10-05,6577.84,13.51,24,Thursday,0,,ordinary weekday,6832.12,-3.72
Austria,2023-10-06,6383.28,13.52,24,Friday,0,,ordinary weekday,6586.51,-3.09
Austria,2023-10-07,5573.49,14.95,24,Saturday,0,,weekend,,
Austria,2023-10-08,5391.27,15.02,24,Sunday,0,,weekend,,
Austria,2023-10-09,6662.48,14.66,24,Monday,0,,ordinary weekday,6701.37,-0.58
Austria,2023-10-10,6866.89,15.61,24,Tuesday,0,,ordinary weekday,6985.56,-1.70
Austria,2023-10-11,6707.66,15.63,24,Wednesday,0,,ordinary weekday,6875.84,-2.45
Austria,2023-10-12,6740.95,16.24,24,Thursday,0,,ordinary weekday,6832.12,-1.33
Austria,2023-10-13,6577.16,17.25,24,Friday,0,,ordinary weekday,6586.51,-0.14
Austria,2023-10-14,5682.17,15.71,24,Saturday,0,,weekend,,
Austria,2023-10-15,5562.49,9.31,24,Sunday,0,,weekend,,
Austria,2023-10-16,6779.97,6.29,24,Monday,0,,ordinary weekday,6701.37,1.17
Austria,2023-10-17,7031.30,6.33,24,Tuesday,0,,ordinary weekday,6985.56,0.65
Austria,2023-10-18,7146.79,7.21,24,Wednesday,0,,ordinary weekday,6875.84,3.94
Austria,2023-10-19,7177.57,10.66,24,Thursday,0,,ordinary weekday,6832.12,5.06
Austria,2023-10-20,7007.80,14.97,24,Friday,0,,ordinary weekday,6586.51,6.40
Austria,2023-10-21,5759.64,15.08,24,Saturday,0,,weekend,,
Austria,2023-10-22,5409.49,12.70,24,Sunday,0,,weekend,,
Austria,2023-10-23,6778.82,11.18,24,Monday,0,,ordinary weekday,6701.37,1.16
Austria,2023-10-24,7194.07,11.19,24,Tuesday,0,,ordinary weekday,6985.56,2.98
Austria,2023-10-25,6970.06,11.83,24,Wednesday,0,,ordinary weekday,6875.84,1.37
Austria,2023-10-26,5694.85,11.39,24,Thursday,1,Austrian National Day,weekday public holiday,6832.12,-16.65
Austria,2023-10-27,6377.81,10.23,24,Friday,0,,ordinary weekday,6586.51,-3.17
Austria,2023-10-28,5638.90,9.33,24,Saturday,0,,weekend,,
Austria,2023-10-29,5394.71,9.89,25,Sunday,0,,weekend,,
Austria,2023-10-30,6912.86,12.13,24,Monday,0,,ordinary weekday,6701.37,3.16
Austria,2023-10-31,7251.31,10.13,24,Tuesday,0,,ordinary weekday,6985.56,3.80
Austria,2023-11-01,5718.54,8.76,24,Wednesday,1,All Saints' Day,weekday public holiday,7770.58,-26.41
Austria,2023-11-02,6958.29,9.62,24,Thursday,0,,ordinary weekday,7661.99,-9.18
Austria,2023-11-03,7267.96,6.36,24,Friday,0,,ordinary weekday,7489.60,-2.96
Austria,2023-11-04,5986.17,5.19,24,Saturday,0,,weekend,,
Austria,2023-11-05,5523.67,7.69,24,Sunday,0,,weekend,,
Austria,2023-11-06,6974.64,7.96,24,Monday,0,,ordinary weekday,7487.66,-6.85
Austria,2023-11-07,7323.44,6.31,24,Tuesday,0,,ordinary weekday,7653.49,-4.31
Austria,2023-11-08,7304.53,5.31,24,Wednesday,0,,ordinary weekday,7770.58,-6.00
Austria,2023-11-09,7483.67,3.91,24,Thursday,0,,ordinary weekday,7661.99,-2.33
Austria,2023-11-10,7354.05,5.23,24,Friday,0,,ordinary weekday,7489.60,-1.81
Austria,2023-11-11,6526.84,4.24,24,Saturday,0,,weekend,,
Austria,2023-11-12,6092.74,3.26,24,Sunday,0,,weekend,,
Austria,2023-11-13,7526.33,5.11,24,Monday,0,,ordinary weekday,7487.66,0.52
Austria,2023-11-14,7393.96,9.36,24,Tuesday,0,,ordinary weekday,7653.49,-3.39
Austria,2023-11-15,7278.39,7.38,24,Wednesday,0,,ordinary weekday,7770.58,-6.33
Austria,2023-11-16,7312.78,6.08,24,Thursday,0,,ordinary weekday,7661.99,-4.56
Austria,2023-11-17,7540.74,4.17,24,Friday,0,,ordinary weekday,7489.60,0.68
Austria,2023-11-18,6633.93,2.85,24,Saturday,0,,weekend,,
Austria,2023-11-19,6048.58,4.90,24,Sunday,0,,weekend,,
Austria,2023-11-20,7244.01,7.21,24,Monday,0,,ordinary weekday,7487.66,-3.25
Austria,2023-11-21,7549.12,4.93,24,Tuesday,0,,ordinary weekday,7653.49,-1.36
Austria,2023-11-22,7798.55,2.22,24,Wednesday,0,,ordinary weekday,7770.58,0.36
Austria,2023-11-23,7914.36,2.63,24,Thursday,0,,ordinary weekday,7661.99,3.29
Austria,2023-11-24,7795.65,3.32,24,Friday,0,,ordinary weekday,7489.60,4.09
Austria,2023-11-25,7316.60,-0.71,24,Saturday,0,,weekend,,
Austria,2023-11-26,6965.61,-1.08,24,Sunday,0,,weekend,,
Austria,2023-11-27,8205.68,0.34,24,Monday,0,,ordinary weekday,7487.66,9.59
Austria,2023-11-28,8347.44,0.80,24,Tuesday,0,,ordinary weekday,7653.49,9.07
Austria,2023-11-29,8700.84,-2.18,24,Wednesday,0,,ordinary weekday,7770.58,11.97
Austria,2023-11-30,8640.83,-1.83,24,Thursday,0,,ordinary weekday,7661.99,12.78
Austria,2023-12-01,8283.18,0.09,24,Friday,0,,ordinary weekday,7564.40,9.50
Austria,2023-12-02,7483.21,-1.67,24,Saturday,0,,weekend,,
Austria,2023-12-03,7370.59,-5.93,24,Sunday,0,,weekend,,
Austria,2023-12-04,9019.84,-7.55,24,Monday,0,,ordinary weekday,8402.91,7.34
Austria,2023-12-05,8814.56,-3.02,24,Tuesday,0,,ordinary weekday,8323.58,5.90
Austria,2023-12-06,8687.97,-1.00,24,Wednesday,0,,ordinary weekday,7847.43,10.71
Austria,2023-12-07,8578.68,-1.74,24,Thursday,0,,ordinary weekday,7794.23,10.06
Austria,2023-12-08,7522.46,-3.83,24,Friday,1,Immaculate Conception,weekday public holiday,7564.40,-0.55
Austria,2023-12-09,7275.15,-0.61,24,Saturday,0,,weekend,,
Austria,2023-12-10,6810.65,1.31,24,Sunday,0,,weekend,,
Austria,2023-12-11,8254.73,1.75,24,Monday,0,,ordinary weekday,8402.91,-1.76
Austria,2023-12-12,8162.95,3.44,24,Tuesday,0,,ordinary weekday,8323.58,-1.93
Austria,2023-12-13,8209.07,4.13,24,Wednesday,0,,ordinary weekday,7847.43,4.61
Austria,2023-12-14,8163.29,3.26,24,Thursday,0,,ordinary weekday,7794.23,4.74
Austria,2023-12-15,8070.19,1.66,24,Friday,0,,ordinary weekday,7564.40,6.69
Austria,2023-12-16,7069.48,1.75,24,Saturday,0,,weekend,,
Austria,2023-12-17,6624.12,1.52,24,Sunday,0,,weekend,,
Austria,2023-12-18,7934.15,1.90,24,Monday,0,,ordinary weekday,8402.91,-5.58
Austria,2023-12-19,7993.23,1.36,24,Tuesday,0,,ordinary weekday,8323.58,-3.97
Austria,2023-12-20,8098.61,1.47,24,Wednesday,0,,ordinary weekday,7847.43,3.20
Austria,2023-12-21,7808.84,3.10,24,Thursday,0,,ordinary weekday,7794.23,0.19
Austria,2023-12-22,7358.34,2.86,24,Friday,0,,ordinary weekday,7564.40,-2.72
Austria,2023-12-23,6561.36,3.59,24,Saturday,0,,weekend,,
Austria,2023-12-24,5890.61,5.36,24,Sunday,0,,weekend,,
Austria,2023-12-25,5654.84,7.83,24,Monday,1,Christmas Day,weekday public holiday,8402.91,-32.70
Austria,2023-12-26,5839.29,5.52,24,Tuesday,1,St. Stephen's Day,weekday public holiday,8323.58,-29.85
Austria,2023-12-27,6394.06,3.85,24,Wednesday,0,,ordinary weekday,7847.43,-18.52
Austria,2023-12-28,6626.10,2.19,24,Thursday,0,,ordinary weekday,7794.23,-14.99
Austria,2023-12-29,6545.88,3.56,24,Friday,0,,ordinary weekday,7564.40,-13.46
Austria,2023-12-30,6229.57,3.55,24,Saturday,0,,weekend,,
Austria,2023-12-31,6148.10,0.99,24,Sunday,0,,weekend,,
Austria,2024-01-01,6013.16,2.53,24,Monday,1,New Year's Day,weekday public holiday,8430.43,-28.67
Austria,2024-01-02,7157.02,1.22,24,Tuesday,0,,ordinary weekday,8190.39,-12.62
Austria,2024-01-03,7002.15,4.36,24,Wednesday,0,,ordinary weekday,8131.43,-13.89
Austria,2024-01-04,7145.46,4.08,24,Thursday,0,,ordinary weekday,8034.06,-11.06
Austria,2024-01-05,7185.32,2.28,24,Friday,0,,ordinary weekday,8028.98,-10.51
Austria,2024-01-06,6640.80,1.96,24,Saturday,1,Epiphany,weekend public holiday,,
Austria,2024-01-07,6875.84,-1.20,24,Sunday,0,,weekend,,
Austria,2024-01-08,8689.66,-5.46,24,Monday,0,,ordinary weekday,8430.43,3.07
Austria,2024-01-09,8796.35,-6.39,24,Tuesday,0,,ordinary weekday,8190.39,7.40
Austria,2024-01-10,8653.86,-5.02,24,Wednesday,0,,ordinary weekday,8131.43,6.42
Austria,2024-01-11,8665.92,-4.67,24,Thursday,0,,ordinary weekday,8034.06,7.86
Austria,2024-01-12,8463.82,-3.33,24,Friday,0,,ordinary weekday,8028.98,5.42
Austria,2024-01-13,7535.83,-3.70,24,Saturday,0,,weekend,,
Austria,2024-01-14,7115.02,-3.32,24,Sunday,0,,weekend,,
Austria,2024-01-15,8503.52,-2.04,24,Monday,0,,ordinary weekday,8430.43,0.87
Austria,2024-01-16,8481.03,-2.47,24,Tuesday,0,,ordinary weekday,8190.39,3.55
Austria,2024-01-17,8676.34,-2.19,24,Wednesday,0,,ordinary weekday,8131.43,6.70
Austria,2024-01-18,8291.65,2.26,24,Thursday,0,,ordinary weekday,8034.06,3.21
Austria,2024-01-19,8567.88,-2.54,24,Friday,0,,ordinary weekday,8028.98,6.71
Austria,2024-01-20,7501.07,-4.72,24,Saturday,0,,weekend,,
Austria,2024-01-21,7085.51,-3.81,24,Sunday,0,,weekend,,
Austria,2024-01-22,8555.03,-1.92,24,Monday,0,,ordinary weekday,8430.43,1.48
Austria,2024-01-23,8378.27,1.98,24,Tuesday,0,,ordinary weekday,8190.39,2.29
Austria,2024-01-24,8173.40,4.99,24,Wednesday,0,,ordinary weekday,8131.43,0.52
Austria,2024-01-25,8033.22,4.82,24,Thursday,0,,ordinary weekday,8034.06,-0.01
Austria,2024-01-26,7898.92,4.02,24,Friday,0,,ordinary weekday,8028.98,-1.62
Austria,2024-01-27,6815.24,2.57,24,Saturday,0,,weekend,,
Austria,2024-01-28,6459.89,0.51,24,Sunday,0,,weekend,,
Austria,2024-01-29,7973.51,-0.09,24,Monday,0,,ordinary weekday,8430.43,-5.42
Austria,2024-01-30,8139.27,0.60,24,Tuesday,0,,ordinary weekday,8190.39,-0.62
Austria,2024-01-31,8151.41,1.78,24,Wednesday,0,,ordinary weekday,8131.43,0.25
Austria,2024-02-01,8278.29,2.68,24,Thursday,0,,ordinary weekday,7680.76,7.78
Austria,2024-02-02,7859.00,3.44,24,Friday,0,,ordinary weekday,7585.75,3.60
Austria,2024-02-03,6600.55,5.56,24,Saturday,0,,weekend,,
Austria,2024-02-04,6224.27,6.08,24,Sunday,0,,weekend,,
Austria,2024-02-05,7394.26,7.37,24,Monday,0,,ordinary weekday,7493.71,-1.33
Austria,2024-02-06,7525.98,6.08,24,Tuesday,0,,ordinary weekday,7577.43,-0.68
Austria,2024-02-07,7654.09,5.89,24,Wednesday,0,,ordinary weekday,7608.47,0.60
Austria,2024-02-08,7583.66,6.34,24,Thursday,0,,ordinary weekday,7680.76,-1.26
Austria,2024-02-09,7419.17,6.54,24,Friday,0,,ordinary weekday,7585.75,-2.20
Austria,2024-02-10,6349.00,7.57,24,Saturday,0,,weekend,,
Austria,2024-02-11,6274.28,6.02,24,Sunday,0,,weekend,,
Austria,2024-02-12,7540.83,4.88,24,Monday,0,,ordinary weekday,7493.71,0.63
Austria,2024-02-13,7574.14,3.61,24,Tuesday,0,,ordinary weekday,7577.43,-0.04
Austria,2024-02-14,7678.93,3.75,24,Wednesday,0,,ordinary weekday,7608.47,0.93
Austria,2024-02-15,7470.27,6.33,24,Thursday,0,,ordinary weekday,7680.76,-2.74
Austria,2024-02-16,7279.51,6.42,24,Friday,0,,ordinary weekday,7585.75,-4.04
Austria,2024-02-17,6566.48,6.29,24,Saturday,0,,weekend,,
Austria,2024-02-18,5872.79,6.29,24,Sunday,0,,weekend,,
Austria,2024-02-19,7546.11,5.95,24,Monday,0,,ordinary weekday,7493.71,0.70
Austria,2024-02-20,7564.43,4.91,24,Tuesday,0,,ordinary weekday,7577.43,-0.17
Austria,2024-02-21,7497.14,5.41,24,Wednesday,0,,ordinary weekday,7608.47,-1.46
Austria,2024-02-22,7666.93,5.14,24,Thursday,0,,ordinary weekday,7680.76,-0.18
Austria,2024-02-23,7785.31,4.81,24,Friday,0,,ordinary weekday,7585.75,2.63
Austria,2024-02-24,6529.81,4.14,24,Saturday,0,,weekend,,
Austria,2024-02-25,6060.73,3.95,24,Sunday,0,,weekend,,
Austria,2024-02-26,7493.62,4.65,24,Monday,0,,ordinary weekday,7493.71,-0.00
Austria,2024-02-27,7645.19,5.88,24,Tuesday,0,,ordinary weekday,7577.43,0.89
Austria,2024-02-28,7603.73,6.24,24,Wednesday,0,,ordinary weekday,7608.47,-0.06
Austria,2024-02-29,7404.65,7.38,24,Thursday,0,,ordinary weekday,7680.76,-3.59
Austria,2024-03-01,7215.27,6.57,24,Friday,0,,ordinary weekday,6953.81,3.76
Austria,2024-03-02,6130.49,6.35,24,Saturday,0,,weekend,,
Austria,2024-03-03,5550.43,7.49,24,Sunday,0,,weekend,,
Austria,2024-03-04,7041.25,7.16,24,Monday,0,,ordinary weekday,6984.47,0.81
Austria,2024-03-05,7102.49,6.36,24,Tuesday,0,,ordinary weekday,7018.45,1.20
Austria,2024-03-06,7154.31,4.87,24,Wednesday,0,,ordinary weekday,6989.78,2.35
Austria,2024-03-07,7154.35,3.24,24,Thursday,0,,ordinary weekday,7085.57,0.97
Austria,2024-03-08,7191.73,2.82,24,Friday,0,,ordinary weekday,6953.81,3.42
Austria,2024-03-09,6131.34,4.95,24,Saturday,0,,weekend,,
Austria,2024-03-10,5632.28,7.66,24,Sunday,0,,weekend,,
Austria,2024-03-11,7106.78,6.80,24,Monday,0,,ordinary weekday,6984.47,1.75
Austria,2024-03-12,7264.05,5.85,24,Tuesday,0,,ordinary weekday,7018.45,3.50
Austria,2024-03-13,7192.35,6.66,24,Wednesday,0,,ordinary weekday,6989.78,2.90
Austria,2024-03-14,7233.27,7.37,24,Thursday,0,,ordinary weekday,7085.57,2.08
Austria,2024-03-15,6941.94,8.41,24,Friday,0,,ordinary weekday,6953.81,-0.17
Austria,2024-03-16,5779.67,8.90,24,Saturday,0,,weekend,,
Austria,2024-03-17,5396.11,7.44,24,Sunday,0,,weekend,,
Austria,2024-03-18,6988.23,6.07,24,Monday,0,,ordinary weekday,6984.47,0.05
Austria,2024-03-19,6862.95,4.37,24,Tuesday,0,,ordinary weekday,7018.45,-2.22
Austria,2024-03-20,6787.32,6.28,24,Wednesday,0,,ordinary weekday,6989.78,-2.90
Austria,2024-03-21,7094.12,7.70,24,Thursday,0,,ordinary weekday,7085.57,0.12
Austria,2024-03-22,6837.29,10.00,24,Friday,0,,ordinary weekday,6953.81,-1.68
Austria,2024-03-23,5967.20,7.87,24,Saturday,0,,weekend,,
Austria,2024-03-24,5658.16,3.76,24,Sunday,0,,weekend,,
Austria,2024-03-25,6801.61,4.46,24,Monday,0,,ordinary weekday,6984.47,-2.62
Austria,2024-03-26,6844.29,6.55,24,Tuesday,0,,ordinary weekday,7018.45,-2.48
Austria,2024-03-27,6825.12,9.25,24,Wednesday,0,,ordinary weekday,6989.78,-2.36
Austria,2024-03-28,6860.51,7.91,24,Thursday,0,,ordinary weekday,7085.57,-3.18
Austria,2024-03-29,6582.84,9.53,24,Friday,0,,ordinary weekday,6953.81,-5.33
Austria,2024-03-30,5710.97,12.53,24,Saturday,0,,weekend,,
Austria,2024-03-31,5175.10,12.46,23,Sunday,0,,weekend,,
Austria,2024-04-01,5389.35,11.88,24,Monday,1,Easter Monday,weekday public holiday,6496.36,-17.04
Austria,2024-04-02,6676.31,8.63,24,Tuesday,0,,ordinary weekday,6773.91,-1.44
Austria,2024-04-03,6883.73,8.70,24,Wednesday,0,,ordinary weekday,6997.79,-1.63
Austria,2024-04-04,6780.90,11.00,24,Thursday,0,,ordinary weekday,6782.39,-0.02
Austria,2024-04-05,6444.60,13.10,24,Friday,0,,ordinary weekday,6485.62,-0.63
Austria,2024-04-06,5419.15,15.70,24,Saturday,0,,weekend,,
Austria,2024-04-07,5011.04,16.25,24,Sunday,0,,weekend,,
Austria,2024-04-08,6378.12,16.97,24,Monday,0,,ordinary weekday,6496.36,-1.82
Austria,2024-04-09,6531.44,15.48,24,Tuesday,0,,ordinary weekday,6773.91,-3.58
Austria,2024-04-10,6926.42,8.52,24,Wednesday,0,,ordinary weekday,6997.79,-1.02
Austria,2024-04-11,6460.99,10.73,24,Thursday,0,,ordinary weekday,6782.39,-4.74
Austria,2024-04-12,6193.20,12.67,24,Friday,0,,ordinary weekday,6485.62,-4.51
Austria,2024-04-13,5233.02,14.99,24,Saturday,0,,weekend,,
Austria,2024-04-14,4827.58,16.75,24,Sunday,0,,weekend,,
Austria,2024-04-15,6503.54,14.02,24,Monday,0,,ordinary weekday,6496.36,0.11
Austria,2024-04-16,6943.97,6.81,24,Tuesday,0,,ordinary weekday,6773.91,2.51
Austria,2024-04-17,6773.74,5.42,24,Wednesday,0,,ordinary weekday,6997.79,-3.20
Austria,2024-04-18,6886.93,4.28,24,Thursday,0,,ordinary weekday,6782.39,1.54
Austria,2024-04-19,6786.60,4.57,24,Friday,0,,ordinary weekday,6485.62,4.64
Austria,2024-04-20,5833.84,4.57,24,Saturday,0,,weekend,,
Austria,2024-04-21,5433.01,3.47,24,Sunday,0,,weekend,,
Austria,2024-04-22,6957.60,3.37,24,Monday,0,,ordinary weekday,6496.36,7.10
Austria,2024-04-23,7524.58,3.34,24,Tuesday,0,,ordinary weekday,6773.91,11.08
Austria,2024-04-24,7407.29,4.21,24,Wednesday,0,,ordinary weekday,6997.79,5.85
Austria,2024-04-25,7000.76,4.92,24,Thursday,0,,ordinary weekday,6782.39,3.22
Austria,2024-04-26,6518.06,6.79,24,Friday,0,,ordinary weekday,6485.62,0.50
Austria,2024-04-27,5374.61,9.51,24,Saturday,0,,weekend,,
Austria,2024-04-28,5016.56,12.81,24,Sunday,0,,weekend,,
Austria,2024-04-29,6146.19,14.94,24,Monday,0,,ordinary weekday,6496.36,-5.39
Austria,2024-04-30,6193.26,15.91,24,Tuesday,0,,ordinary weekday,6773.91,-8.57
Austria,2024-05-01,5242.51,14.11,24,Wednesday,1,Labour Day,weekday public holiday,6484.87,-19.16
Austria,2024-05-02,6234.54,13.98,24,Thursday,0,,ordinary weekday,6473.15,-3.69
Austria,2024-05-03,6607.52,10.50,24,Friday,0,,ordinary weekday,6191.36,6.72
Austria,2024-05-04,5195.96,13.10,24,Saturday,0,,weekend,,
Austria,2024-05-05,4800.16,14.26,24,Sunday,0,,weekend,,
Austria,2024-05-06,6225.94,14.70,24,Monday,0,,ordinary weekday,6272.08,-0.74
Austria,2024-05-07,6590.11,12.78,24,Tuesday,0,,ordinary weekday,6568.69,0.33
Austria,2024-05-08,6831.14,11.07,24,Wednesday,0,,ordinary weekday,6484.87,5.34
Austria,2024-05-09,5143.00,12.38,24,Thursday,1,Ascension Day,weekday public holiday,6473.15,-20.55
Austria,2024-05-10,5523.85,12.91,24,Friday,0,,ordinary weekday,6191.36,-10.78
Austria,2024-05-11,5052.40,13.94,24,Saturday,0,,weekend,,
Austria,2024-05-12,4795.15,14.34,24,Sunday,0,,weekend,,
Austria,2024-05-13,6388.08,13.61,24,Monday,0,,ordinary weekday,6272.08,1.85
Austria,2024-05-14,6412.18,13.89,24,Tuesday,0,,ordinary weekday,6568.69,-2.38
Austria,2024-05-15,6435.92,14.21,24,Wednesday,0,,ordinary weekday,6484.87,-0.75
Austria,2024-05-16,6704.03,13.91,24,Thursday,0,,ordinary weekday,6473.15,3.57
Austria,2024-05-17,6476.10,12.43,24,Friday,0,,ordinary weekday,6191.36,4.60
Austria,2024-05-18,5263.18,13.60,24,Saturday,0,,weekend,,
Austria,2024-05-19,4744.25,14.92,24,Sunday,0,,weekend,,
Austria,2024-05-20,4938.75,16.18,24,Monday,1,Whit Monday,weekday public holiday,6272.08,-21.26
Austria,2024-05-21,6652.79,15.45,24,Tuesday,0,,ordinary weekday,6568.69,1.28
Austria,2024-05-22,6478.68,14.71,24,Wednesday,0,,ordinary weekday,6484.87,-0.10
Austria,2024-05-23,6480.86,14.65,24,Thursday,0,,ordinary weekday,6473.15,0.12
Austria,2024-05-24,6296.01,14.14,24,Friday,0,,ordinary weekday,6191.36,1.69
Austria,2024-05-25,5338.21,14.34,24,Saturday,0,,weekend,,
Austria,2024-05-26,4917.02,14.54,24,Sunday,0,,weekend,,
Austria,2024-05-27,6202.22,16.14,24,Monday,0,,ordinary weekday,6272.08,-1.11
Austria,2024-05-28,6619.69,14.13,24,Tuesday,0,,ordinary weekday,6568.69,0.78
Austria,2024-05-29,6193.75,14.54,24,Wednesday,0,,ordinary weekday,6484.87,-4.49
Austria,2024-05-30,5262.55,14.94,24,Thursday,1,Corpus Christi,weekday public holiday,6473.15,-18.70
Austria,2024-05-31,6053.29,12.46,24,Friday,0,,ordinary weekday,6191.36,-2.23
Austria,2024-06-01,5545.18,12.47,24,Saturday,0,,weekend,,
Austria,2024-06-02,4962.46,14.81,24,Sunday,0,,weekend,,
Austria,2024-06-03,6648.99,14.63,24,Monday,0,,ordinary weekday,6477.91,2.64
Austria,2024-06-04,6432.73,15.10,24,Tuesday,0,,ordinary weekday,6519.29,-1.33
Austria,2024-06-05,6364.58,16.96,24,Wednesday,0,,ordinary weekday,6559.91,-2.98
Austria,2024-06-06,6422.45,18.27,24,Thursday,0,,ordinary weekday,6620.97,-3.00
Austria,2024-06-07,6349.86,18.52,24,Friday,0,,ordinary weekday,6437.62,-1.36
Austria,2024-06-08,5418.77,19.00,24,Saturday,0,,weekend,,
Austria,2024-06-09,5126.23,18.78,24,Sunday,0,,weekend,,
Austria,2024-06-10,6696.55,16.46,24,Monday,0,,ordinary weekday,6477.91,3.38
Austria,2024-06-11,6725.34,14.22,24,Tuesday,0,,ordinary weekday,6519.29,3.16
Austria,2024-06-12,6601.88,11.85,24,Wednesday,0,,ordinary weekday,6559.91,0.64
Austria,2024-06-13,6556.73,12.56,24,Thursday,0,,ordinary weekday,6620.97,-0.97
Austria,2024-06-14,6201.41,14.16,24,Friday,0,,ordinary weekday,6437.62,-3.67
Austria,2024-06-15,5443.04,16.18,24,Saturday,0,,weekend,,
Austria,2024-06-16,5017.32,16.63,24,Sunday,0,,weekend,,
Austria,2024-06-17,6261.15,18.66,24,Monday,0,,ordinary weekday,6477.91,-3.35
Austria,2024-06-18,6402.30,20.90,24,Tuesday,0,,ordinary weekday,6519.29,-1.79
Austria,2024-06-19,6613.82,22.62,24,Wednesday,0,,ordinary weekday,6559.91,0.82
Austria,2024-06-20,6742.15,20.93,24,Thursday,0,,ordinary weekday,6620.97,1.83
Austria,2024-06-21,6710.23,22.56,24,Friday,0,,ordinary weekday,6437.62,4.23
Austria,2024-06-22,5594.56,19.03,24,Saturday,0,,weekend,,
Austria,2024-06-23,5095.95,17.90,24,Sunday,0,,weekend,,
Austria,2024-06-24,6304.94,18.92,24,Monday,0,,ordinary weekday,6477.91,-2.67
Austria,2024-06-25,6516.77,19.44,24,Tuesday,0,,ordinary weekday,6519.29,-0.04
Austria,2024-06-26,6659.36,20.20,24,Wednesday,0,,ordinary weekday,6559.91,1.52
Austria,2024-06-27,6762.57,19.82,24,Thursday,0,,ordinary weekday,6620.97,2.14
Austria,2024-06-28,6488.98,21.76,24,Friday,0,,ordinary weekday,6437.62,0.80
Austria,2024-06-29,5660.68,24.00,24,Saturday,0,,weekend,,
Austria,2024-06-30,5299.73,23.11,24,Sunday,0,,weekend,,
Austria,2024-07-01,6741.25,18.39,24,Monday,0,,ordinary weekday,6438.04,4.71
Austria,2024-07-02,6492.72,16.64,24,Tuesday,0,,ordinary weekday,6455.40,0.58
Austria,2024-07-03,6559.81,15.65,24,Wednesday,0,,ordinary weekday,6535.80,0.37
Austria,2024-07-04,6412.20,16.10,24,Thursday,0,,ordinary weekday,6466.27,-0.84
Austria,2024-07-05,6171.47,18.96,24,Friday,0,,ordinary weekday,6298.53,-2.02
Austria,2024-07-06,5414.45,21.34,24,Saturday,0,,weekend,,
Austria,2024-07-07,5276.97,18.38,24,Sunday,0,,weekend,,
Austria,2024-07-08,6482.07,19.30,24,Monday,0,,ordinary weekday,6438.04,0.68
Austria,2024-07-09,6570.23,22.63,24,Tuesday,0,,ordinary weekday,6455.40,1.78
Austria,2024-07-10,6810.10,24.08,24,Wednesday,0,,ordinary weekday,6535.80,4.20
Austria,2024-07-11,6743.72,22.95,24,Thursday,0,,ordinary weekday,6466.27,4.29
Austria,2024-07-12,6664.98,22.66,24,Friday,0,,ordinary weekday,6298.53,5.82
Austria,2024-07-13,5517.92,20.35,24,Saturday,0,,weekend,,
Austria,2024-07-14,5075.72,21.05,24,Sunday,0,,weekend,,
Austria,2024-07-15,6501.56,23.29,24,Monday,0,,ordinary weekday,6438.04,0.99
Austria,2024-07-16,6725.56,23.16,24,Tuesday,0,,ordinary weekday,6455.40,4.19
Austria,2024-07-17,6755.09,20.99,24,Wednesday,0,,ordinary weekday,6535.80,3.36
Austria,2024-07-18,6504.04,21.98,24,Thursday,0,,ordinary weekday,6466.27,0.58
Austria,2024-07-19,6393.32,22.76,24,Friday,0,,ordinary weekday,6298.53,1.51
Austria,2024-07-20,5674.86,20.61,24,Saturday,0,,weekend,,
Austria,2024-07-21,5027.24,21.80,24,Sunday,0,,weekend,,
Austria,2024-07-22,6530.50,21.15,24,Monday,0,,ordinary weekday,6438.04,1.44
Austria,2024-07-23,6486.43,20.64,24,Tuesday,0,,ordinary weekday,6455.40,0.48
Austria,2024-07-24,6392.93,19.53,24,Wednesday,0,,ordinary weekday,6535.80,-2.19
Austria,2024-07-25,6205.12,19.16,24,Thursday,0,,ordinary weekday,6466.27,-4.04
Austria,2024-07-26,5964.34,21.22,24,Friday,0,,ordinary weekday,6298.53,-5.31
Austria,2024-07-27,5329.58,23.47,24,Saturday,0,,weekend,,
Austria,2024-07-28,5202.12,21.86,24,Sunday,0,,weekend,,
Austria,2024-07-29,5934.80,20.16,24,Monday,0,,ordinary weekday,6438.04,-7.82
Austria,2024-07-30,6002.04,20.52,24,Tuesday,0,,ordinary weekday,6455.40,-7.02
Austria,2024-07-31,6161.05,23.16,24,Wednesday,0,,ordinary weekday,6535.80,-5.73
Austria,2024-08-01,6407.59,23.08,24,Thursday,0,,ordinary weekday,6511.76,-1.60
Austria,2024-08-02,6211.28,21.12,24,Friday,0,,ordinary weekday,6247.60,-0.58
Austria,2024-08-03,5271.88,19.61,24,Saturday,0,,weekend,,
Austria,2024-08-04,4939.55,19.52,24,Sunday,0,,weekend,,
Austria,2024-08-05,6060.58,18.31,24,Monday,0,,ordinary weekday,6426.17,-5.69
Austria,2024-08-06,5864.48,19.21,24,Tuesday,0,,ordinary weekday,6411.05,-8.53
Austria,2024-08-07,6150.69,21.02,24,Wednesday,0,,ordinary weekday,6513.84,-5.58
Austria,2024-08-08,6293.12,20.48,24,Thursday,0,,ordinary weekday,6511.76,-3.36
Austria,2024-08-09,6057.04,20.55,24,Friday,0,,ordinary weekday,6247.60,-3.05
Austria,2024-08-10,5392.28,22.81,24,Saturday,0,,weekend,,
Austria,2024-08-11,5086.91,23.89,24,Sunday,0,,weekend,,
Austria,2024-08-12,6371.52,24.52,24,Monday,0,,ordinary weekday,6426.17,-0.85
Austria,2024-08-13,6559.09,24.37,24,Tuesday,0,,ordinary weekday,6411.05,2.31
Austria,2024-08-14,6456.96,24.54,24,Wednesday,0,,ordinary weekday,6513.84,-0.87
Austria,2024-08-15,5397.26,24.21,24,Thursday,1,Assumption Day,weekday public holiday,6511.76,-17.12
Austria,2024-08-16,5977.60,23.97,24,Friday,0,,ordinary weekday,6247.60,-4.32
Austria,2024-08-17,5568.14,22.55,24,Saturday,0,,weekend,,
Austria,2024-08-18,5255.41,21.08,24,Sunday,0,,weekend,,
Austria,2024-08-19,6645.05,18.93,24,Monday,0,,ordinary weekday,6426.17,3.41
Austria,2024-08-20,6564.92,20.61,24,Tuesday,0,,ordinary weekday,6411.05,2.40
Austria,2024-08-21,6742.65,20.00,24,Wednesday,0,,ordinary weekday,6513.84,3.51
Austria,2024-08-22,6502.17,18.96,24,Thursday,0,,ordinary weekday,6511.76,-0.15
Austria,2024-08-23,6362.12,21.37,24,Friday,0,,ordinary weekday,6247.60,1.83
Austria,2024-08-24,5564.79,23.57,24,Saturday,0,,weekend,,
Austria,2024-08-25,5417.54,21.64,24,Sunday,0,,weekend,,
Austria,2024-08-26,6627.52,19.20,24,Monday,0,,ordinary weekday,6426.17,3.13
Austria,2024-08-27,6655.70,20.28,24,Tuesday,0,,ordinary weekday,6411.05,3.82
Austria,2024-08-28,6705.05,22.25,24,Wednesday,0,,ordinary weekday,6513.84,2.94
Austria,2024-08-29,6844.14,22.80,24,Thursday,0,,ordinary weekday,6511.76,5.10
Austria,2024-08-30,6629.93,23.08,24,Friday,0,,ordinary weekday,6247.60,6.12
Austria,2024-08-31,5781.38,23.50,24,Saturday,0,,weekend,,
Austria,2024-09-01,5403.26,22.60,24,Sunday,0,,weekend,,
Austria,2024-09-02,6730.80,22.41,24,Monday,0,,ordinary weekday,6792.55,-0.91
Austria,2024-09-03,6789.77,23.01,24,Tuesday,0,,ordinary weekday,6743.79,0.68
Austria,2024-09-04,6869.33,22.75,24,Wednesday,0,,ordinary weekday,6662.70,3.10
Austria,2024-09-05,6965.98,22.10,24,Thursday,0,,ordinary weekday,6848.12,1.72
Austria,2024-09-06,6697.02,20.07,24,Friday,0,,ordinary weekday,6749.39,-0.78
Austria,2024-09-07,5631.61,20.51,24,Saturday,0,,weekend,,
Austria,2024-09-08,5375.14,21.55,24,Sunday,0,,weekend,,
Austria,2024-09-09,7055.41,16.48,24,Monday,0,,ordinary weekday,6792.55,3.87
Austria,2024-09-10,6734.61,15.30,24,Tuesday,0,,ordinary weekday,6743.79,-0.14
Austria,2024-09-11,6611.66,15.41,24,Wednesday,0,,ordinary weekday,6662.70,-0.77
Austria,2024-09-12,7131.25,9.41,24,Thursday,0,,ordinary weekday,6848.12,4.13
Austria,2024-09-13,7126.61,6.09,24,Friday,0,,ordinary weekday,6749.39,5.59
Austria,2024-09-14,6304.24,6.64,24,Saturday,0,,weekend,,
Austria,2024-09-15,5724.71,7.43,24,Sunday,0,,weekend,,
Austria,2024-09-16,7184.40,8.21,24,Monday,0,,ordinary weekday,6792.55,5.77
Austria,2024-09-17,6697.88,11.02,24,Tuesday,0,,ordinary weekday,6743.79,-0.68
Austria,2024-09-18,6591.81,13.68,24,Wednesday,0,,ordinary weekday,6662.70,-1.06
Austria,2024-09-19,6588.01,13.48,24,Thursday,0,,ordinary weekday,6848.12,-3.80
Austria,2024-09-20,6389.03,13.82,24,Friday,0,,ordinary weekday,6749.39,-5.34
Austria,2024-09-21,5436.75,14.17,24,Saturday,0,,weekend,,
Austria,2024-09-22,5021.20,14.41,24,Sunday,0,,weekend,,
Austria,2024-09-23,6356.90,14.74,24,Monday,0,,ordinary weekday,6792.55,-6.41
Austria,2024-09-24,6752.89,14.00,24,Tuesday,0,,ordinary weekday,6743.79,0.13
Austria,2024-09-25,6578.01,14.05,24,Wednesday,0,,ordinary weekday,6662.70,-1.27
Austria,2024-09-26,6707.23,15.67,24,Thursday,0,,ordinary weekday,6848.12,-2.06
Austria,2024-09-27,6784.88,14.63,24,Friday,0,,ordinary weekday,6749.39,0.53
Austria,2024-09-28,5813.80,11.60,24,Saturday,0,,weekend,,
Austria,2024-09-29,5245.55,9.27,24,Sunday,0,,weekend,,
Austria,2024-09-30,6635.23,9.03,24,Monday,0,,ordinary weekday,6792.55,-2.32
Austria,2024-10-01,6930.36,11.00,24,Tuesday,0,,ordinary weekday,7016.82,-1.23
Austria,2024-10-02,7285.67,10.47,24,Wednesday,0,,ordinary weekday,7132.53,2.15
Austria,2024-10-03,7306.51,9.13,24,Thursday,0,,ordinary weekday,7185.69,1.68
Austria,2024-10-04,7307.05,7.79,24,Friday,0,,ordinary weekday,7025.97,4.00
Austria,2024-10-05,6121.81,8.52,24,Saturday,0,,weekend,,
Austria,2024-10-06,5491.70,8.98,24,Sunday,0,,weekend,,
Austria,2024-10-07,6778.59,10.72,24,Monday,0,,ordinary weekday,6903.20,-1.80
Austria,2024-10-08,7053.81,13.57,24,Tuesday,0,,ordinary weekday,7016.82,0.53
Austria,2024-10-09,6910.69,14.60,24,Wednesday,0,,ordinary weekday,7132.53,-3.11
Austria,2024-10-10,7313.76,12.71,24,Thursday,0,,ordinary weekday,7185.69,1.78
Austria,2024-10-11,6900.03,10.66,24,Friday,0,,ordinary weekday,7025.97,-1.79
Austria,2024-10-12,5902.44,9.20,24,Saturday,0,,weekend,,
Austria,2024-10-13,5740.47,10.81,24,Sunday,0,,weekend,,
Austria,2024-10-14,7022.85,9.92,24,Monday,0,,ordinary weekday,6903.20,1.73
Austria,2024-10-15,7176.62,11.01,24,Tuesday,0,,ordinary weekday,7016.82,2.28
Austria,2024-10-16,7183.98,10.31,24,Wednesday,0,,ordinary weekday,7132.53,0.72
Austria,2024-10-17,7186.25,11.01,24,Thursday,0,,ordinary weekday,7185.69,0.01
Austria,2024-10-18,7004.10,11.44,24,Friday,0,,ordinary weekday,7025.97,-0.31
Austria,2024-10-19,5967.99,11.21,24,Saturday,0,,weekend,,
Austria,2024-10-20,5450.36,10.82,24,Sunday,0,,weekend,,
Austria,2024-10-21,6918.56,11.12,24,Monday,0,,ordinary weekday,6903.20,0.22
Austria,2024-10-22,7067.18,11.68,24,Tuesday,0,,ordinary weekday,7016.82,0.72
Austria,2024-10-23,7423.99,10.93,24,Wednesday,0,,ordinary weekday,7132.53,4.09
Austria,2024-10-24,7235.56,11.18,24,Thursday,0,,ordinary weekday,7185.69,0.69
Austria,2024-10-25,6892.70,11.21,24,Friday,0,,ordinary weekday,7025.97,-1.90
Austria,2024-10-26,5775.90,11.87,24,Saturday,1,Austrian National Day,weekend public holiday,,
Austria,2024-10-27,5441.94,12.54,25,Sunday,0,,weekend,,
Austria,2024-10-28,6892.77,11.42,24,Monday,0,,ordinary weekday,6903.20,-0.15
Austria,2024-10-29,6856.11,11.17,24,Tuesday,0,,ordinary weekday,7016.82,-2.29
Austria,2024-10-30,6858.32,10.94,24,Wednesday,0,,ordinary weekday,7132.53,-3.84
Austria,2024-10-31,6886.35,10.40,24,Thursday,0,,ordinary weekday,7185.69,-4.17
Austria,2024-11-01,5637.67,9.61,24,Friday,1,All Saints' Day,weekday public holiday,8106.58,-30.46
Austria,2024-11-02,5807.69,8.40,24,Saturday,0,,weekend,,
Austria,2024-11-03,5625.99,6.17,24,Sunday,0,,weekend,,
Austria,2024-11-04,7031.45,5.64,24,Monday,0,,ordinary weekday,7647.07,-8.05
Austria,2024-11-05,7290.31,5.74,24,Tuesday,0,,ordinary weekday,7852.28,-7.16
Austria,2024-11-06,7363.44,6.20,24,Wednesday,0,,ordinary weekday,8079.46,-8.86
Austria,2024-11-07,7510.23,5.44,24,Thursday,0,,ordinary weekday,8227.52,-8.72
Austria,2024-11-08,7334.76,4.87,24,Friday,0,,ordinary weekday,8106.58,-9.52
Austria,2024-11-09,6336.84,4.58,24,Saturday,0,,weekend,,
Austria,2024-11-10,6179.23,3.22,24,Sunday,0,,weekend,,
Austria,2024-11-11,7870.16,2.39,24,Monday,0,,ordinary weekday,7647.07,2.92
Austria,2024-11-12,8110.75,2.02,24,Tuesday,0,,ordinary weekday,7852.28,3.29
Austria,2024-11-13,8376.90,1.35,24,Wednesday,0,,ordinary weekday,8079.46,3.68
Austria,2024-11-14,8205.86,2.29,24,Thursday,0,,ordinary weekday,8227.52,-0.26
Austria,2024-11-15,7761.48,3.97,24,Friday,0,,ordinary weekday,8106.58,-4.26
Austria,2024-11-16,6691.71,2.85,24,Saturday,0,,weekend,,
Austria,2024-11-17,6439.56,2.55,24,Sunday,0,,weekend,,
Austria,2024-11-18,7777.06,4.77,24,Monday,0,,ordinary weekday,7647.07,1.70
Austria,2024-11-19,7878.01,4.24,24,Tuesday,0,,ordinary weekday,7852.28,0.33
Austria,2024-11-20,8441.85,2.29,24,Wednesday,0,,ordinary weekday,8079.46,4.49
Austria,2024-11-21,8744.86,0.06,24,Thursday,0,,ordinary weekday,8227.52,6.29
Austria,2024-11-22,8796.72,-0.90,24,Friday,0,,ordinary weekday,8106.58,8.51
Austria,2024-11-23,7595.53,-0.52,24,Saturday,0,,weekend,,
Austria,2024-11-24,6730.96,1.61,24,Sunday,0,,weekend,,
Austria,2024-11-25,7909.59,2.64,24,Monday,0,,ordinary weekday,7647.07,3.43
Austria,2024-11-26,8130.05,3.69,24,Tuesday,0,,ordinary weekday,7852.28,3.54
Austria,2024-11-27,8135.64,3.14,24,Wednesday,0,,ordinary weekday,8079.46,0.70
Austria,2024-11-28,8449.11,3.50,24,Thursday,0,,ordinary weekday,8227.52,2.69
Austria,2024-11-29,8533.36,2.37,24,Friday,0,,ordinary weekday,8106.58,5.26
Austria,2024-11-30,7384.62,1.34,24,Saturday,0,,weekend,,
Austria,2024-12-01,6972.41,0.54,24,Sunday,0,,weekend,,
Austria,2024-12-02,8251.97,1.09,24,Monday,0,,ordinary weekday,7900.03,4.45
Austria,2024-12-03,8587.76,1.46,24,Tuesday,0,,ordinary weekday,7828.20,9.70
Austria,2024-12-04,8600.17,1.24,24,Wednesday,0,,ordinary weekday,8453.61,1.73
Austria,2024-12-05,8699.74,-0.87,24,Thursday,0,,ordinary weekday,8381.19,3.80
Austria,2024-12-06,8495.68,0.76,24,Friday,0,,ordinary weekday,7937.42,7.03
Austria,2024-12-07,7205.55,1.99,24,Saturday,0,,weekend,,
Austria,2024-12-08,7041.48,1.14,24,Sunday,1,Immaculate Conception,weekend public holiday,,
Austria,2024-12-09,8729.22,0.36,24,Monday,0,,ordinary weekday,7900.03,10.50
Austria,2024-12-10,8880.79,0.23,24,Tuesday,0,,ordinary weekday,7828.20,13.45
Austria,2024-12-11,8873.80,-0.57,24,Wednesday,0,,ordinary weekday,8453.61,4.97
Austria,2024-12-12,8658.69,-0.78,24,Thursday,0,,ordinary weekday,8381.19,3.31
Austria,2024-12-13,8557.81,-1.86,24,Friday,0,,ordinary weekday,7937.42,7.82
Austria,2024-12-14,7452.88,-0.18,24,Saturday,0,,weekend,,
Austria,2024-12-15,7075.74,1.50,24,Sunday,0,,weekend,,
Austria,2024-12-16,8130.54,4.65,24,Monday,0,,ordinary weekday,7900.03,2.92
Austria,2024-12-17,8046.38,4.65,24,Tuesday,0,,ordinary weekday,7828.20,2.79
Austria,2024-12-18,7886.85,3.79,24,Wednesday,0,,ordinary weekday,8453.61,-6.70
Austria,2024-12-19,7785.15,3.04,24,Thursday,0,,ordinary weekday,8381.19,-7.11
Austria,2024-12-20,7761.11,1.84,24,Friday,0,,ordinary weekday,7937.42,-2.22
Austria,2024-12-21,7158.45,-0.38,24,Saturday,0,,weekend,,
Austria,2024-12-22,6826.10,0.44,24,Sunday,0,,weekend,,
Austria,2024-12-23,7340.97,-0.33,24,Monday,0,,ordinary weekday,7900.03,-7.08
Austria,2024-12-24,6572.09,0.29,24,Tuesday,0,,ordinary weekday,7828.20,-16.05
Austria,2024-12-25,6385.24,-0.78,24,Wednesday,1,Christmas Day,weekday public holiday,8453.61,-24.47
Austria,2024-12-26,6560.68,-2.29,24,Thursday,1,St. Stephen's Day,weekday public holiday,8381.19,-21.72
Austria,2024-12-27,6935.09,-1.49,24,Friday,0,,ordinary weekday,7937.42,-12.63
Austria,2024-12-28,6665.80,-0.48,24,Saturday,0,,weekend,,
Austria,2024-12-29,6445.58,-0.68,24,Sunday,0,,weekend,,
Austria,2024-12-30,7047.44,-1.22,24,Monday,0,,ordinary weekday,7900.03,-10.79
Austria,2024-12-31,7053.98,-2.19,24,Tuesday,0,,ordinary weekday,7828.20,-9.89
Austria,2025-01-01,6719.99,-2.12,24,Wednesday,1,New Year's Day,weekday public holiday,8441.16,-20.39
Austria,2025-01-02,7434.99,-0.56,24,Thursday,0,,ordinary weekday,8183.92,-9.15
Austria,2025-01-03,7566.92,-0.87,24,Friday,0,,ordinary weekday,8075.62,-6.30
Austria,2025-01-04,7298.75,-2.89,24,Saturday,0,,weekend,,
Austria,2025-01-05,6940.89,-1.34,24,Sunday,0,,weekend,,
Austria,2025-01-06,6710.09,1.22,24,Monday,1,Epiphany,weekday public holiday,8421.33,-20.32
Austria,2025-01-07,8134.80,1.91,24,Tuesday,0,,ordinary weekday,8466.95,-3.92
Austria,2025-01-08,8134.62,1.61,24,Wednesday,0,,ordinary weekday,8441.16,-3.63
Austria,2025-01-09,8098.47,3.50,24,Thursday,0,,ordinary weekday,8183.92,-1.04
Austria,2025-01-10,8186.93,-0.24,24,Friday,0,,ordinary weekday,8075.62,1.38
Austria,2025-01-11,7579.50,-2.43,24,Saturday,0,,weekend,,
Austria,2025-01-12,7374.77,-2.44,24,Sunday,0,,weekend,,
Austria,2025-01-13,8811.17,-3.73,24,Monday,0,,ordinary weekday,8421.33,4.63
Austria,2025-01-14,8822.55,-3.51,24,Tuesday,0,,ordinary weekday,8466.95,4.20
Austria,2025-01-15,8808.62,-1.34,24,Wednesday,0,,ordinary weekday,8441.16,4.35
Austria,2025-01-16,8653.34,-0.06,24,Thursday,0,,ordinary weekday,8183.92,5.74
Austria,2025-01-17,8463.55,-1.16,24,Friday,0,,ordinary weekday,8075.62,4.80
Austria,2025-01-18,7433.75,-1.73,24,Saturday,0,,weekend,,
Austria,2025-01-19,7152.83,-1.23,24,Sunday,0,,weekend,,
Austria,2025-01-20,8593.22,-1.41,24,Monday,0,,ordinary weekday,8421.33,2.04
Austria,2025-01-21,8717.20,-1.28,24,Tuesday,0,,ordinary weekday,8466.95,2.96
Austria,2025-01-22,8836.90,-1.66,24,Wednesday,0,,ordinary weekday,8441.16,4.69
Austria,2025-01-23,8700.46,0.42,24,Thursday,0,,ordinary weekday,8183.92,6.31
Austria,2025-01-24,8172.35,1.33,24,Friday,0,,ordinary weekday,8075.62,1.20
Austria,2025-01-25,7193.43,2.05,24,Saturday,0,,weekend,,
Austria,2025-01-26,6755.60,3.18,24,Sunday,0,,weekend,,
Austria,2025-01-27,7859.61,3.61,24,Monday,0,,ordinary weekday,8421.33,-6.67
Austria,2025-01-28,8193.26,4.22,24,Tuesday,0,,ordinary weekday,8466.95,-3.23
Austria,2025-01-29,7984.49,3.06,24,Wednesday,0,,ordinary weekday,8441.16,-5.41
Austria,2025-01-30,8032.33,1.75,24,Thursday,0,,ordinary weekday,8183.92,-1.85
Austria,2025-01-31,7988.38,1.19,24,Friday,0,,ordinary weekday,8075.62,-1.08
Austria,2025-02-01,7110.28,0.18,24,Saturday,0,,weekend,,
Austria,2025-02-02,6846.26,0.12,24,Sunday,0,,weekend,,
Austria,2025-02-03,8180.82,-0.82,24,Monday,0,,ordinary weekday,8059.67,1.50
Austria,2025-02-04,8286.67,-0.84,24,Tuesday,0,,ordinary weekday,8201.45,1.04
Austria,2025-02-05,8319.73,0.04,24,Wednesday,0,,ordinary weekday,8286.70,0.40
Austria,2025-02-06,8427.84,0.12,24,Thursday,0,,ordinary weekday,8245.49,2.21
Austria,2025-02-07,8127.74,-0.11,24,Friday,0,,ordinary weekday,7996.47,1.64
Austria,2025-02-08,7089.60,0.13,24,Saturday,0,,weekend,,
Austria,2025-02-09,6656.53,1.03,24,Sunday,0,,weekend,,
Austria,2025-02-10,8060.19,0.82,24,Monday,0,,ordinary weekday,8059.67,0.01
Austria,2025-02-11,8208.69,0.76,24,Tuesday,0,,ordinary weekday,8201.45,0.09
Austria,2025-02-12,8399.99,0.68,24,Wednesday,0,,ordinary weekday,8286.70,1.37
Austria,2025-02-13,8337.05,1.33,24,Thursday,0,,ordinary weekday,8245.49,1.11
Austria,2025-02-14,8344.77,-0.61,24,Friday,0,,ordinary weekday,7996.47,4.36
Austria,2025-02-15,7428.30,-2.80,24,Saturday,0,,weekend,,
Austria,2025-02-16,7112.39,-2.85,24,Sunday,0,,weekend,,
Austria,2025-02-17,8419.06,-3.10,24,Monday,0,,ordinary weekday,8059.67,4.46
Austria,2025-02-18,8474.65,-2.95,24,Tuesday,0,,ordinary weekday,8201.45,3.33
Austria,2025-02-19,8408.66,-2.97,24,Wednesday,0,,ordinary weekday,8286.70,1.47
Austria,2025-02-20,8315.23,-1.09,24,Thursday,0,,ordinary weekday,8245.49,0.85
Austria,2025-02-21,7937.23,1.16,24,Friday,0,,ordinary weekday,7996.47,-0.74
Austria,2025-02-22,6895.04,1.12,24,Saturday,0,,weekend,,
Austria,2025-02-23,6742.14,2.20,24,Sunday,0,,weekend,,
Austria,2025-02-24,7578.59,4.57,24,Monday,0,,ordinary weekday,8059.67,-5.97
Austria,2025-02-25,7835.78,4.01,24,Tuesday,0,,ordinary weekday,8201.45,-4.46
Austria,2025-02-26,8018.41,4.75,24,Wednesday,0,,ordinary weekday,8286.70,-3.24
Austria,2025-02-27,7901.83,3.51,24,Thursday,0,,ordinary weekday,8245.49,-4.17
Austria,2025-02-28,7576.16,2.45,24,Friday,0,,ordinary weekday,7996.47,-5.26
Austria,2025-03-01,6663.48,1.68,24,Saturday,0,,weekend,,
Austria,2025-03-02,6207.78,1.94,24,Sunday,0,,weekend,,
Austria,2025-03-03,7498.49,2.16,24,Monday,0,,ordinary weekday,7345.50,2.08
Austria,2025-03-04,7451.70,3.31,24,Tuesday,0,,ordinary weekday,7350.38,1.38
Austria,2025-03-05,7428.86,4.78,24,Wednesday,0,,ordinary weekday,7296.05,1.82
Austria,2025-03-06,7348.50,6.46,24,Thursday,0,,ordinary weekday,7341.53,0.09
Austria,2025-03-07,7079.67,6.87,24,Friday,0,,ordinary weekday,7238.84,-2.20
Austria,2025-03-08,6118.69,7.21,24,Saturday,0,,weekend,,
Austria,2025-03-09,5663.29,8.16,24,Sunday,0,,weekend,,
Austria,2025-03-10,7343.66,7.63,24,Monday,0,,ordinary weekday,7345.50,-0.03
Austria,2025-03-11,7289.26,6.94,24,Tuesday,0,,ordinary weekday,7350.38,-0.83
Austria,2025-03-12,7306.96,7.50,24,Wednesday,0,,ordinary weekday,7296.05,0.15
Austria,2025-03-13,7530.19,6.32,24,Thursday,0,,ordinary weekday,7341.53,2.57
Austria,2025-03-14,7750.88,3.43,24,Friday,0,,ordinary weekday,7238.84,7.07
Austria,2025-03-15,6801.62,2.77,24,Saturday,0,,weekend,,
Austria,2025-03-16,6406.16,2.38,24,Sunday,0,,weekend,,
Austria,2025-03-17,7774.49,1.49,24,Monday,0,,ordinary weekday,7345.50,5.84
Austria,2025-03-18,7576.53,-0.37,24,Tuesday,0,,ordinary weekday,7350.38,3.08
Austria,2025-03-19,7329.32,1.95,24,Wednesday,0,,ordinary weekday,7296.05,0.46
Austria,2025-03-20,7229.07,4.22,24,Thursday,0,,ordinary weekday,7341.53,-1.53
Austria,2025-03-21,6994.30,6.21,24,Friday,0,,ordinary weekday,7238.84,-3.38
Austria,2025-03-22,6075.54,6.96,24,Saturday,0,,weekend,,
Austria,2025-03-23,5682.70,8.75,24,Sunday,0,,weekend,,
Austria,2025-03-24,6924.39,7.90,24,Monday,0,,ordinary weekday,7345.50,-5.73
Austria,2025-03-25,7084.01,7.57,24,Tuesday,0,,ordinary weekday,7350.38,-3.62
Austria,2025-03-26,7119.04,7.49,24,Wednesday,0,,ordinary weekday,7296.05,-2.43
Austria,2025-03-27,7258.34,6.91,24,Thursday,0,,ordinary weekday,7341.53,-1.13
Austria,2025-03-28,7130.53,6.40,24,Friday,0,,ordinary weekday,7238.84,-1.50
Austria,2025-03-29,6586.80,6.62,24,Saturday,0,,weekend,,
Austria,2025-03-30,6669.13,8.07,23,Sunday,0,,weekend,,
Austria,2025-03-31,7186.47,5.33,24,Monday,0,,ordinary weekday,7345.50,-2.16
Austria,2025-04-01,7465.21,5.22,24,Tuesday,0,,ordinary weekday,6748.37,10.62
Austria,2025-04-02,7081.18,7.43,24,Wednesday,0,,ordinary weekday,6596.63,7.35
Austria,2025-04-03,6757.05,9.08,24,Thursday,0,,ordinary weekday,6784.12,-0.40
Austria,2025-04-04,6523.21,9.60,24,Friday,0,,ordinary weekday,6659.82,-2.05
Austria,2025-04-05,5713.69,9.14,24,Saturday,0,,weekend,,
Austria,2025-04-06,5591.74,2.74,24,Sunday,0,,weekend,,
Austria,2025-04-07,6950.09,3.03,24,Monday,0,,ordinary weekday,6501.82,6.89
Austria,2025-04-08,7095.06,5.45,24,Tuesday,0,,ordinary weekday,6748.37,5.14
Austria,2025-04-09,6979.86,5.55,24,Wednesday,0,,ordinary weekday,6596.63,5.81
Austria,2025-04-10,6984.57,7.20,24,Thursday,0,,ordinary weekday,6784.12,2.95
Austria,2025-04-11,6582.19,9.40,24,Friday,0,,ordinary weekday,6659.82,-1.17
Austria,2025-04-12,5479.56,11.35,24,Saturday,0,,weekend,,
Austria,2025-04-13,5404.12,11.43,24,Sunday,0,,weekend,,
Austria,2025-04-14,6412.01,12.76,24,Monday,0,,ordinary weekday,6501.82,-1.38
Austria,2025-04-15,6734.86,12.80,24,Tuesday,0,,ordinary weekday,6748.37,-0.20
Austria,2025-04-16,6413.00,14.79,24,Wednesday,0,,ordinary weekday,6596.63,-2.78
Austria,2025-04-17,6647.98,15.09,24,Thursday,0,,ordinary weekday,6784.12,-2.01
Austria,2025-04-18,6675.84,9.63,24,Friday,0,,ordinary weekday,6659.82,0.24
Austria,2025-04-19,5271.86,10.66,24,Saturday,0,,weekend,,
Austria,2025-04-20,4794.12,12.72,24,Sunday,0,,weekend,,
Austria,2025-04-21,4983.64,13.00,24,Monday,1,Easter Monday,weekday public holiday,6501.82,-23.35
Austria,2025-04-22,6195.54,13.34,24,Tuesday,0,,ordinary weekday,6748.37,-8.19
Austria,2025-04-23,6318.60,13.29,24,Wednesday,0,,ordinary weekday,6596.63,-4.21
Austria,2025-04-24,6746.86,11.39,24,Thursday,0,,ordinary weekday,6784.12,-0.55
Austria,2025-04-25,6858.04,9.21,24,Friday,0,,ordinary weekday,6659.82,2.98
Austria,2025-04-26,5634.01,9.92,24,Saturday,0,,weekend,,
Austria,2025-04-27,4973.35,10.60,24,Sunday,0,,weekend,,
Austria,2025-04-28,6143.36,12.48,24,Monday,0,,ordinary weekday,6501.82,-5.51
Austria,2025-04-29,6251.16,13.96,24,Tuesday,0,,ordinary weekday,6748.37,-7.37
Austria,2025-04-30,6190.51,14.77,24,Wednesday,0,,ordinary weekday,6596.63,-6.16
Austria,2025-05-01,5020.92,15.70,24,Thursday,1,Labour Day,weekday public holiday,6876.47,-26.98
Austria,2025-05-02,5478.79,16.94,24,Friday,0,,ordinary weekday,6163.55,-11.11
Austria,2025-05-03,5163.97,17.00,24,Saturday,0,,weekend,,
Austria,2025-05-04,5086.18,14.05,24,Sunday,0,,weekend,,
Austria,2025-05-05,6960.70,8.45,24,Monday,0,,ordinary weekday,6506.73,6.98
Austria,2025-05-06,6734.48,7.61,24,Tuesday,0,,ordinary weekday,6510.71,3.44
Austria,2025-05-07,6529.18,9.18,24,Wednesday,0,,ordinary weekday,6553.05,-0.36
Austria,2025-05-08,6888.80,8.55,24,Thursday,0,,ordinary weekday,6876.47,0.18
Austria,2025-05-09,6554.28,8.38,24,Friday,0,,ordinary weekday,6163.55,6.34
Austria,2025-05-10,5289.56,9.88,24,Saturday,0,,weekend,,
Austria,2025-05-11,4925.23,10.88,24,Sunday,0,,weekend,,
Austria,2025-05-12,6298.54,10.81,24,Monday,0,,ordinary weekday,6506.73,-3.20
Austria,2025-05-13,6406.49,11.34,24,Tuesday,0,,ordinary weekday,6510.71,-1.60
Austria,2025-05-14,6321.38,12.81,24,Wednesday,0,,ordinary weekday,6553.05,-3.54
Austria,2025-05-15,6775.29,11.34,24,Thursday,0,,ordinary weekday,6876.47,-1.47
Austria,2025-05-16,6535.44,8.63,24,Friday,0,,ordinary weekday,6163.55,6.03
Austria,2025-05-17,5630.75,9.65,24,Saturday,0,,weekend,,
Austria,2025-05-18,5223.52,10.44,24,Sunday,0,,weekend,,
Austria,2025-05-19,6298.58,12.21,24,Monday,0,,ordinary weekday,6506.73,-3.20
Austria,2025-05-20,6408.71,13.01,24,Tuesday,0,,ordinary weekday,6510.71,-1.57
Austria,2025-05-21,6588.86,13.99,24,Wednesday,0,,ordinary weekday,6553.05,0.55
Austria,2025-05-22,6965.31,11.56,24,Thursday,0,,ordinary weekday,6876.47,1.29
Austria,2025-05-23,6448.34,10.16,24,Friday,0,,ordinary weekday,6163.55,4.62
Austria,2025-05-24,5367.25,10.27,24,Saturday,0,,weekend,,
Austria,2025-05-25,5251.71,10.82,24,Sunday,0,,weekend,,
Austria,2025-05-26,6469.11,13.54,24,Monday,0,,ordinary weekday,6506.73,-0.58
Austria,2025-05-27,6493.17,13.71,24,Tuesday,0,,ordinary weekday,6510.71,-0.27
Austria,2025-05-28,6772.78,13.77,24,Wednesday,0,,ordinary weekday,6553.05,3.35
Austria,2025-05-29,5434.59,13.31,24,Thursday,1,Ascension Day,weekday public holiday,6876.47,-20.97
Austria,2025-05-30,5800.89,15.05,24,Friday,0,,ordinary weekday,6163.55,-5.88
Austria,2025-05-31,5123.22,18.58,24,Saturday,0,,weekend,,
Austria,2025-06-01,4991.04,19.26,24,Sunday,0,,weekend,,
Austria,2025-06-02,6473.51,18.38,24,Monday,0,,ordinary weekday,6535.40,-0.95
Austria,2025-06-03,6519.64,17.46,24,Tuesday,0,,ordinary weekday,6312.86,3.28
Austria,2025-06-04,6452.59,19.56,24,Wednesday,0,,ordinary weekday,6395.05,0.90
Austria,2025-06-05,6527.35,19.32,24,Thursday,0,,ordinary weekday,6589.95,-0.95
Austria,2025-06-06,6285.02,19.27,24,Friday,0,,ordinary weekday,6137.41,2.41
Austria,2025-06-07,5553.69,18.38,24,Saturday,0,,weekend,,
Austria,2025-06-08,5230.92,15.25,24,Sunday,0,,weekend,,
Austria,2025-06-09,4872.59,14.97,24,Monday,1,Whit Monday,weekday public holiday,6535.40,-25.44
Austria,2025-06-10,6027.29,17.10,24,Tuesday,0,,ordinary weekday,6312.86,-4.52
Austria,2025-06-11,6335.84,17.84,24,Wednesday,0,,ordinary weekday,6395.05,-0.93
Austria,2025-06-12,6327.80,17.29,24,Thursday,0,,ordinary weekday,6589.95,-3.98
Austria,2025-06-13,6159.43,18.41,24,Friday,0,,ordinary weekday,6137.41,0.36
Austria,2025-06-14,5304.82,19.42,24,Saturday,0,,weekend,,
Austria,2025-06-15,4991.08,21.73,24,Sunday,0,,weekend,,
Austria,2025-06-16,6663.23,17.33,24,Monday,0,,ordinary weekday,6535.40,1.96
Austria,2025-06-17,6262.69,17.50,24,Tuesday,0,,ordinary weekday,6312.86,-0.79
Austria,2025-06-18,6217.49,19.25,24,Wednesday,0,,ordinary weekday,6395.05,-2.78
Austria,2025-06-19,5220.78,21.06,24,Thursday,1,Corpus Christi,weekday public holiday,6589.95,-20.78
Austria,2025-06-20,5572.26,19.20,24,Friday,0,,ordinary weekday,6137.41,-9.21
Austria,2025-06-21,5050.46,18.74,24,Saturday,0,,weekend,,
Austria,2025-06-22,4819.32,21.06,24,Sunday,0,,weekend,,
Austria,2025-06-23,6461.28,22.32,24,Monday,0,,ordinary weekday,6535.40,-1.13
Austria,2025-06-24,6441.83,21.83,24,Tuesday,0,,ordinary weekday,6312.86,2.04
Austria,2025-06-25,6574.26,23.74,24,Wednesday,0,,ordinary weekday,6395.05,2.80
Austria,2025-06-26,6914.69,23.82,24,Thursday,0,,ordinary weekday,6589.95,4.93
Austria,2025-06-27,6532.94,20.99,24,Friday,0,,ordinary weekday,6137.41,6.44
Austria,2025-06-28,5513.44,21.49,24,Saturday,0,,weekend,,
Austria,2025-06-29,5126.91,23.89,24,Sunday,0,,weekend,,
Austria,2025-06-30,6543.57,23.89,24,Monday,0,,ordinary weekday,6535.40,0.13
Austria,2025-07-01,6467.31,22.79,24,Tuesday,0,,ordinary weekday,6400.98,1.04
Austria,2025-07-02,6531.12,24.21,24,Wednesday,0,,ordinary weekday,6326.88,3.23
Austria,2025-07-03,6791.36,24.08,24,Thursday,0,,ordinary weekday,6379.28,6.46
Austria,2025-07-04,6482.06,20.59,24,Friday,0,,ordinary weekday,6226.36,4.11
Austria,2025-07-05,5310.25,21.07,24,Saturday,0,,weekend,,
Austria,2025-07-06,5074.73,21.90,24,Sunday,0,,weekend,,
Austria,2025-07-07,6359.54,17.09,24,Monday,0,,ordinary weekday,6308.32,0.81
Austria,2025-07-08,6643.51,13.47,24,Tuesday,0,,ordinary weekday,6400.98,3.79
Austria,2025-07-09,6315.90,14.19,24,Wednesday,0,,ordinary weekday,6326.88,-0.17
Austria,2025-07-10,6306.17,15.52,24,Thursday,0,,ordinary weekday,6379.28,-1.15
Austria,2025-07-11,6131.24,15.80,24,Friday,0,,ordinary weekday,6226.36,-1.53
Austria,2025-07-12,5159.77,16.94,24,Saturday,0,,weekend,,
Austria,2025-07-13,4849.95,19.28,24,Sunday,0,,weekend,,
Austria,2025-07-14,6337.62,19.65,24,Monday,0,,ordinary weekday,6308.32,0.46
Austria,2025-07-15,6418.11,19.80,24,Tuesday,0,,ordinary weekday,6400.98,0.27
Austria,2025-07-16,6479.57,17.77,24,Wednesday,0,,ordinary weekday,6326.88,2.41
Austria,2025-07-17,6280.00,16.32,24,Thursday,0,,ordinary weekday,6379.28,-1.56
Austria,2025-07-18,6056.23,17.69,24,Friday,0,,ordinary weekday,6226.36,-2.73
Austria,2025-07-19,5197.42,19.97,24,Saturday,0,,weekend,,
Austria,2025-07-20,4941.46,22.20,24,Sunday,0,,weekend,,
Austria,2025-07-21,6442.60,20.29,24,Monday,0,,ordinary weekday,6308.32,2.13
Austria,2025-07-22,6265.49,18.88,24,Tuesday,0,,ordinary weekday,6400.98,-2.12
Austria,2025-07-23,6363.70,19.50,24,Wednesday,0,,ordinary weekday,6326.88,0.58
Austria,2025-07-24,6556.50,18.99,24,Thursday,0,,ordinary weekday,6379.28,2.78
Austria,2025-07-25,6235.93,18.33,24,Friday,0,,ordinary weekday,6226.36,0.15
Austria,2025-07-26,5564.61,17.24,24,Saturday,0,,weekend,,
Austria,2025-07-27,4990.52,17.27,24,Sunday,0,,weekend,,
Austria,2025-07-28,6093.51,16.56,24,Monday,0,,ordinary weekday,6308.32,-3.41
Austria,2025-07-29,6210.47,15.79,24,Tuesday,0,,ordinary weekday,6400.98,-2.98
Austria,2025-07-30,5944.10,16.21,24,Wednesday,0,,ordinary weekday,6326.88,-6.05
Austria,2025-07-31,5962.39,16.98,24,Thursday,0,,ordinary weekday,6379.28,-6.54
Austria,2025-08-01,6472.25,17.39,24,Friday,0,,ordinary weekday,6317.88,2.44
Austria,2025-08-02,5657.78,15.79,24,Saturday,0,,weekend,,
Austria,2025-08-03,5138.18,15.42,24,Sunday,0,,weekend,,
Austria,2025-08-04,6314.60,15.48,24,Monday,0,,ordinary weekday,6255.63,0.94
Austria,2025-08-05,6379.40,18.38,24,Tuesday,0,,ordinary weekday,6255.14,1.99
Austria,2025-08-06,6153.17,17.68,24,Wednesday,0,,ordinary weekday,6355.45,-3.18
Austria,2025-08-07,6061.41,18.57,24,Thursday,0,,ordinary weekday,6445.04,-5.95
Austria,2025-08-08,6051.16,21.73,24,Friday,0,,ordinary weekday,6317.88,-4.22
Austria,2025-08-09,5129.55,23.39,24,Saturday,0,,weekend,,
Austria,2025-08-10,4856.11,23.76,24,Sunday,0,,weekend,,
Austria,2025-08-11,6160.28,21.01,24,Monday,0,,ordinary weekday,6255.63,-1.52
Austria,2025-08-12,6100.29,21.29,24,Tuesday,0,,ordinary weekday,6255.14,-2.48
Austria,2025-08-13,6305.77,23.86,24,Wednesday,0,,ordinary weekday,6355.45,-0.78
Austria,2025-08-14,6368.44,24.35,24,Thursday,0,,ordinary weekday,6445.04,-1.19
Austria,2025-08-15,5188.58,24.43,24,Friday,1,Assumption Day,weekday public holiday,6317.88,-17.87
Austria,2025-08-16,5358.61,22.35,24,Saturday,0,,weekend,,
Austria,2025-08-17,5135.85,19.90,24,Sunday,0,,weekend,,
Austria,2025-08-18,6209.24,18.85,24,Monday,0,,ordinary weekday,6255.63,-0.74
Austria,2025-08-19,6155.93,18.94,24,Tuesday,0,,ordinary weekday,6255.14,-1.59
Austria,2025-08-20,6391.40,19.71,24,Wednesday,0,,ordinary weekday,6355.45,0.57
Austria,2025-08-21,6629.85,17.87,24,Thursday,0,,ordinary weekday,6445.04,2.87
Austria,2025-08-22,6195.46,17.03,24,Friday,0,,ordinary weekday,6317.88,-1.94
Austria,2025-08-23,5512.02,14.86,24,Saturday,0,,weekend,,
Austria,2025-08-24,5092.49,14.34,24,Sunday,0,,weekend,,
Austria,2025-08-25,6338.39,16.02,24,Monday,0,,ordinary weekday,6255.63,1.32
Austria,2025-08-26,6384.95,17.62,24,Tuesday,0,,ordinary weekday,6255.14,2.08
Austria,2025-08-27,6571.45,19.46,24,Wednesday,0,,ordinary weekday,6355.45,3.40
Austria,2025-08-28,6720.48,20.90,24,Thursday,0,,ordinary weekday,6445.04,4.27
Austria,2025-08-29,6552.66,20.08,24,Friday,0,,ordinary weekday,6317.88,3.72
Austria,2025-08-30,5590.68,16.94,24,Saturday,0,,weekend,,
Austria,2025-08-31,5076.02,16.87,24,Sunday,0,,weekend,,
Austria,2025-09-01,6205.53,18.17,24,Monday,0,,ordinary weekday,6376.59,-2.68
Austria,2025-09-02,6709.38,16.79,24,Tuesday,0,,ordinary weekday,6767.97,-0.87
Austria,2025-09-03,6468.32,17.63,24,Wednesday,0,,ordinary weekday,6813.95,-5.07
Austria,2025-09-04,6427.80,18.94,24,Thursday,0,,ordinary weekday,6650.05,-3.34
Austria,2025-09-05,6581.66,16.82,24,Friday,0,,ordinary weekday,6552.93,0.44
Austria,2025-09-06,5268.77,15.00,24,Saturday,0,,weekend,,
Austria,2025-09-07,5032.72,15.85,24,Sunday,0,,weekend,,
Austria,2025-09-08,6309.05,16.82,24,Monday,0,,ordinary weekday,6376.59,-1.06
Austria,2025-09-09,6602.24,16.71,24,Tuesday,0,,ordinary weekday,6767.97,-2.45
Austria,2025-09-10,7097.38,15.45,24,Wednesday,0,,ordinary weekday,6813.95,4.16
Austria,2025-09-11,6619.76,16.34,24,Thursday,0,,ordinary weekday,6650.05,-0.46
Austria,2025-09-12,6596.61,15.52,24,Friday,0,,ordinary weekday,6552.93,0.67
Austria,2025-09-13,5505.58,15.96,24,Saturday,0,,weekend,,
Austria,2025-09-14,5162.22,15.23,24,Sunday,0,,weekend,,
Austria,2025-09-15,6286.16,16.94,24,Monday,0,,ordinary weekday,6376.59,-1.42
Austria,2025-09-16,6709.27,15.15,24,Tuesday,0,,ordinary weekday,6767.97,-0.87
Austria,2025-09-17,6464.44,13.66,24,Wednesday,0,,ordinary weekday,6813.95,-5.13
Austria,2025-09-18,6518.58,16.32,24,Thursday,0,,ordinary weekday,6650.05,-1.98
Austria,2025-09-19,6242.84,17.93,24,Friday,0,,ordinary weekday,6552.93,-4.73
Austria,2025-09-20,5341.80,18.84,24,Saturday,0,,weekend,,
Austria,2025-09-21,5049.21,19.26,24,Sunday,0,,weekend,,
Austria,2025-09-22,6581.29,17.72,24,Monday,0,,ordinary weekday,6376.59,3.21
Austria,2025-09-23,6910.60,13.24,24,Tuesday,0,,ordinary weekday,6767.97,2.11
Austria,2025-09-24,7225.66,11.05,24,Wednesday,0,,ordinary weekday,6813.95,6.04
Austria,2025-09-25,7034.05,11.20,24,Thursday,0,,ordinary weekday,6650.05,5.77
Austria,2025-09-26,6790.60,11.64,24,Friday,0,,ordinary weekday,6552.93,3.63
Austria,2025-09-27,5588.03,11.93,24,Saturday,0,,weekend,,
Austria,2025-09-28,5142.62,12.39,24,Sunday,0,,weekend,,
Austria,2025-09-29,6500.91,10.36,24,Monday,0,,ordinary weekday,6376.59,1.95
Austria,2025-09-30,6908.35,8.57,24,Tuesday,0,,ordinary weekday,6767.97,2.07
Austria,2025-10-01,7024.59,7.35,24,Wednesday,0,,ordinary weekday,7073.69,-0.69
Austria,2025-10-02,7158.92,6.90,24,Thursday,0,,ordinary weekday,7225.26,-0.92
Austria,2025-10-03,6676.00,5.85,24,Friday,0,,ordinary weekday,6908.11,-3.36
Austria,2025-10-04,5959.85,7.21,24,Saturday,0,,weekend,,
Austria,2025-10-05,5763.80,8.02,24,Sunday,0,,weekend,,
Austria,2025-10-06,7179.34,7.54,24,Monday,0,,ordinary weekday,7181.74,-0.03
Austria,2025-10-07,7147.00,9.54,24,Tuesday,0,,ordinary weekday,7141.45,0.08
Austria,2025-10-08,6890.05,11.10,24,Wednesday,0,,ordinary weekday,7073.69,-2.60
Austria,2025-10-09,7182.46,11.41,24,Thursday,0,,ordinary weekday,7225.26,-0.59
Austria,2025-10-10,6830.34,11.49,24,Friday,0,,ordinary weekday,6908.11,-1.13
Austria,2025-10-11,5722.70,11.49,24,Saturday,0,,weekend,,
Austria,2025-10-12,5376.88,10.77,24,Sunday,0,,weekend,,
Austria,2025-10-13,6864.91,10.17,24,Monday,0,,ordinary weekday,7181.74,-4.41
Austria,2025-10-14,6975.88,9.47,24,Tuesday,0,,ordinary weekday,7141.45,-2.32
Austria,2025-10-15,7050.05,9.37,24,Wednesday,0,,ordinary weekday,7073.69,-0.33
Austria,2025-10-16,7033.40,8.95,24,Thursday,0,,ordinary weekday,7225.26,-2.66
Austria,2025-10-17,7032.76,8.90,24,Friday,0,,ordinary weekday,6908.11,1.80
Austria,2025-10-18,6007.38,8.02,24,Saturday,0,,weekend,,
Austria,2025-10-19,5690.91,6.04,24,Sunday,0,,weekend,,
Austria,2025-10-20,7128.20,7.75,24,Monday,0,,ordinary weekday,7181.74,-0.75
Austria,2025-10-21,7141.36,10.17,24,Tuesday,0,,ordinary weekday,7141.45,-0.00
Austria,2025-10-22,7285.26,10.56,24,Wednesday,0,,ordinary weekday,7073.69,2.99
Austria,2025-10-23,7476.94,10.28,24,Thursday,0,,ordinary weekday,7225.26,3.48
Austria,2025-10-24,7199.29,7.46,24,Friday,0,,ordinary weekday,6908.11,4.22
Austria,2025-10-25,6211.62,6.03,24,Saturday,0,,weekend,,
Austria,2025-10-26,5906.43,5.90,25,Sunday,1,Austrian National Day,weekend public holiday,,
Austria,2025-10-27,7554.51,5.09,24,Monday,0,,ordinary weekday,7181.74,5.19
Austria,2025-10-28,7301.56,7.22,24,Tuesday,0,,ordinary weekday,7141.45,2.24
Austria,2025-10-29,7118.48,8.60,24,Wednesday,0,,ordinary weekday,7073.69,0.63
Austria,2025-10-30,7274.59,9.46,24,Thursday,0,,ordinary weekday,7225.26,0.68
Austria,2025-10-31,6802.13,9.03,24,Friday,0,,ordinary weekday,6908.11,-1.53
Austria,2025-11-01,5677.56,10.78,24,Saturday,1,All Saints' Day,weekend public holiday,,
Austria,2025-11-02,5808.50,10.21,24,Sunday,0,,weekend,,
Austria,2025-11-03,7247.64,7.54,24,Monday,0,,ordinary weekday,7773.02,-6.76
Austria,2025-11-04,7211.22,6.02,24,Tuesday,0,,ordinary weekday,7976.83,-9.60
Austria,2025-11-05,7317.32,6.10,24,Wednesday,0,,ordinary weekday,8094.29,-9.60
Austria,2025-11-06,7291.98,6.00,24,Thursday,0,,ordinary weekday,8199.53,-11.07
Austria,2025-11-07,7191.12,5.67,24,Friday,0,,ordinary weekday,8056.39,-10.74
Austria,2025-11-08,6379.26,5.29,24,Saturday,0,,weekend,,
Austria,2025-11-09,6021.84,6.18,24,Sunday,0,,weekend,,
Austria,2025-11-10,7350.84,6.41,24,Monday,0,,ordinary weekday,7773.02,-5.43
Austria,2025-11-11,7583.90,5.45,24,Tuesday,0,,ordinary weekday,7976.83,-4.93
Austria,2025-11-12,7661.95,4.99,24,Wednesday,0,,ordinary weekday,8094.29,-5.34
Austria,2025-11-13,7740.85,5.78,24,Thursday,0,,ordinary weekday,8199.53,-5.59
Austria,2025-11-14,7561.18,5.66,24,Friday,0,,ordinary weekday,8056.39,-6.15
Austria,2025-11-15,6468.51,6.31,24,Saturday,0,,weekend,,
Austria,2025-11-16,5985.22,7.41,24,Sunday,0,,weekend,,
Austria,2025-11-17,7990.51,5.61,24,Monday,0,,ordinary weekday,7773.02,2.80
Austria,2025-11-18,8357.28,1.26,24,Tuesday,0,,ordinary weekday,7976.83,4.77
Austria,2025-11-19,8681.10,-0.33,24,Wednesday,0,,ordinary weekday,8094.29,7.25
Austria,2025-11-20,8921.14,0.32,24,Thursday,0,,ordinary weekday,8199.53,8.80
Austria,2025-11-21,8855.87,-0.90,24,Friday,0,,ordinary weekday,8056.39,9.92
Austria,2025-11-22,7874.16,-2.65,24,Saturday,0,,weekend,,
Austria,2025-11-23,7391.28,-3.78,24,Sunday,0,,weekend,,
Austria,2025-11-24,8503.10,-0.78,24,Monday,0,,ordinary weekday,7773.02,9.39
Austria,2025-11-25,8754.92,0.89,24,Tuesday,0,,ordinary weekday,7976.83,9.75
Austria,2025-11-26,8716.77,0.57,24,Wednesday,0,,ordinary weekday,8094.29,7.69
Austria,2025-11-27,8844.15,-0.76,24,Thursday,0,,ordinary weekday,8199.53,7.86
Austria,2025-11-28,8617.38,-2.68,24,Friday,0,,ordinary weekday,8056.39,6.96
Austria,2025-11-29,7426.14,-0.92,24,Saturday,0,,weekend,,
Austria,2025-11-30,6875.69,0.95,24,Sunday,0,,weekend,,
Austria,2025-12-01,8266.87,1.93,24,Monday,0,,ordinary weekday,8002.64,3.30
Austria,2025-12-02,8527.05,1.20,24,Tuesday,0,,ordinary weekday,8155.31,4.56
Austria,2025-12-03,8608.16,1.15,24,Wednesday,0,,ordinary weekday,8055.68,6.86
Austria,2025-12-04,8675.19,1.53,24,Thursday,0,,ordinary weekday,8407.32,3.19
Austria,2025-12-05,8372.46,2.84,24,Friday,0,,ordinary weekday,8182.03,2.33
Austria,2025-12-06,7196.25,2.13,24,Saturday,0,,weekend,,
Austria,2025-12-07,6584.69,3.04,24,Sunday,0,,weekend,,
Austria,2025-12-08,6686.41,5.62,24,Monday,1,Immaculate Conception,weekday public holiday,8002.64,-16.45
Austria,2025-12-09,7954.83,4.37,24,Tuesday,0,,ordinary weekday,8155.31,-2.46
Austria,2025-12-10,8206.24,3.65,24,Wednesday,0,,ordinary weekday,8055.68,1.87
Austria,2025-12-11,8302.79,3.95,24,Thursday,0,,ordinary weekday,8407.32,-1.24
Austria,2025-12-12,8219.67,2.67,24,Friday,0,,ordinary weekday,8182.03,0.46
Austria,2025-12-13,7299.37,1.98,24,Saturday,0,,weekend,,
Austria,2025-12-14,7064.61,1.13,24,Sunday,0,,weekend,,
Austria,2025-12-15,8576.58,-0.18,24,Monday,0,,ordinary weekday,8002.64,7.17
Austria,2025-12-16,8679.16,0.58,24,Tuesday,0,,ordinary weekday,8155.31,6.42
Austria,2025-12-17,8517.01,1.56,24,Wednesday,0,,ordinary weekday,8055.68,5.73
Austria,2025-12-18,8243.97,1.87,24,Thursday,0,,ordinary weekday,8407.32,-1.94
Austria,2025-12-19,7953.94,2.21,24,Friday,0,,ordinary weekday,8182.03,-2.79
Austria,2025-12-20,7192.82,1.49,24,Saturday,0,,weekend,,
Austria,2025-12-21,6931.93,0.97,24,Sunday,0,,weekend,,
Austria,2025-12-22,7685.72,0.87,24,Monday,0,,ordinary weekday,8002.64,-3.96
Austria,2025-12-23,7814.00,0.77,24,Tuesday,0,,ordinary weekday,8155.31,-4.19
Austria,2025-12-24,7428.50,-0.82,24,Wednesday,0,,ordinary weekday,8055.68,-7.79
Austria,2025-12-25,6910.04,-1.52,24,Thursday,1,Christmas Day,weekday public holiday,8407.32,-17.81
Austria,2025-12-26,6863.99,-1.62,24,Friday,1,St. Stephen's Day,weekday public holiday,8182.03,-16.11
Austria,2025-12-27,6886.93,-0.66,24,Saturday,0,,weekend,,
Austria,2025-12-28,6736.18,-0.48,24,Sunday,0,,weekend,,
Austria,2025-12-29,7481.39,-1.16,24,Monday,0,,ordinary weekday,8002.64,-6.51
Austria,2025-12-30,7801.51,-2.34,24,Tuesday,0,,ordinary weekday,8155.31,-4.34
Austria,2025-12-31,7518.48,-4.03,24,Wednesday,0,,ordinary weekday,8055.68,-6.67
