training_start,training_end,country,specification_id,p,d,q,P,D,Q,seasonal_period,burn_in,state_space_loglikelihood_burn,conservative_burn_in,n_effective,acf_threshold,residual_adequacy_rejected,residual_adequacy_reason,warnings,diagnostic,lag,value,threshold,flagged
2020-01-01,2023-12-31,Germany,sarima_p0_d1_q0_P0_D0_Q0_s24,0,1,0,0,0,0,24,48,1,48,35016,0.05,True,joint Ljung-Box and residual ACF rule,[],residual_acf,1,0.8113790764949058,0.05,True
2020-01-01,2023-12-31,Germany,sarima_p0_d1_q0_P0_D0_Q0_s24,0,1,0,0,0,0,24,48,1,48,35016,0.05,True,joint Ljung-Box and residual ACF rule,[],residual_acf,2,0.5142838308100872,0.05,True
2020-01-01,2023-12-31,Germany,sarima_p0_d1_q0_P0_D0_Q0_s24,0,1,0,0,0,0,24,48,1,48,35016,0.05,True,joint Ljung-Box and residual ACF rule,[],residual_acf,3,0.25221053543196326,0.05,True
2020-01-01,2023-12-31,Germany,sarima_p0_d1_q0_P0_D0_Q0_s24,0,1,0,0,0,0,24,48,1,48,35016,0.05,True,joint Ljung-Box and residual ACF rule,[],residual_acf,4,0.052513930813605454,0.05,True
2020-01-01,2023-12-31,Germany,sarima_p0_d1_q0_P0_D0_Q0_s24,0,1,0,0,0,0,24,48,1,48,35016,0.05,True,joint Ljung-Box and residual ACF rule,[],residual_acf,5,-0.12141518468916214,0.05,True
2020-01-01,2023-12-31,Germany,sarima_p0_d1_q0_P0_D0_Q0_s24,0,1,0,0,0,0,24,48,1,48,35016,0.05,True,joint Ljung-Box and residual ACF rule,[],residual_acf,6,-0.27145838931686955,0.05,True
2020-01-01,2023-12-31,Germany,sarima_p0_d1_q0_P0_D0_Q0_s24,0,1,0,0,0,0,24,48,1,48,35016,0.05,True,joint Ljung-Box and residual ACF rule,[],residual_acf,7,-0.3595081400078443,0.05,True
2020-01-01,2023-12-31,Germany,sarima_p0_d1_q0_P0_D0_Q0_s24,0,1,0,0,0,0,24,48,1,48,35016,0.05,True,joint Ljung-Box and residual ACF rule,[],residual_acf,8,-0.3716484484815419,0.05,True
2020-01-01,2023-12-31,Germany,sarima_p0_d1_q0_P0_D0_Q0_s24,0,1,0,0,0,0,24,48,1,48,35016,0.05,True,joint Ljung-Box and residual ACF rule,[],residual_acf,9,-0.3299163296400398,0.05,True
2020-01-01,2023-12-31,Germany,sarima_p0_d1_q0_P0_D0_Q0_s24,0,1,0,0,0,0,24,48,1,48,35016,0.05,True,joint Ljung-Box and residual ACF rule,[],residual_acf,10,-0.2559105382403073,0.05,True
2020-01-01,2023-12-31,Germany,sarima_p0_d1_q0_P0_D0_Q0_s24,0,1,0,0,0,0,24,48,1,48,35016,0.05,True,joint Ljung-Box and residual ACF rule,[],residual_acf,11,-0.17662429568740504,0.05,True
2020-01-01,2023-12-31,Germany,sarima_p0_d1_q0_P0_D0_Q0_s24,0,1,0,0,0,0,24,48,1,48,35016,0.05,True,joint Ljung-Box and residual ACF rule,[],residual_acf,12,-0.15229457915307107,0.05,True
2020-01-01,2023-12-31,Germany,sarima_p0_d1_q0_P0_D0_Q0_s24,0,1,0,0,0,0,24,48,1,48,35016,0.05,True,joint Ljung-Box and residual ACF rule,[],residual_acf,13,-0.17682742118735956,0.05,True
2020-01-01,2023-12-31,Germany,sarima_p0_d1_q0_P0_D0_Q0_s24,0,1,0,0,0,0,24,48,1,48,35016,0.05,True,joint Ljung-Box and residual ACF rule,[],residual_acf,14,-0.26711993058415373,0.05,True
2020-01-01,2023-12-31,Germany,sarima_p0_d1_q0_P0_D0_Q0_s24,0,1,0,0,0,0,24,48,1,48,35016,0.05,True,joint Ljung-Box and residual ACF rule,[],residual_acf,15,-0.3520847640265956,0.05,True
2020-01-01,2023-12-31,Germany,sarima_p0_d1_q0_P0_D0_Q0_s24,0,1,0,0,0,0,24,48,1,48,35016,0.05,True,joint Ljung-Box and residual ACF rule,[],residual_acf,16,-0.397806567527836,0.05,True
2020-01-01,2023-12-31,Germany,sarima_p0_d1_q0_P0_D0_Q0_s24,0,1,0,0,0,0,24,48,1,48,35016,0.05,True,joint Ljung-Box and residual ACF rule,[],residual_acf,17,-0.379474534170904,0.05,True
2020-01-01,2023-12-31,Germany,sarima_p0_d1_q0_P0_D0_Q0_s24,0,1,0,0,0,0,24,48,1,48,35016,0.05,True,joint Ljung-Box and residual ACF rule,[],residual_acf,18,-0.28073583331987867,0.05,True
2020-01-01,2023-12-31,Germany,sarima_p0_d1_q0_P0_D0_Q0_s24,0,1,0,0,0,0,24,48,1,48,35016,0.05,True,joint Ljung-Box and residual ACF rule,[],residual_acf,19,-0.11770817045253212,0.05,True
2020-01-01,2023-12-31,Germany,sarima_p0_d1_q0_P0_D0_Q0_s24,0,1,0,0,0,0,24,48,1,48,35016,0.05,True,joint Ljung-Box and residual ACF rule,[],residual_acf,20,0.06073182347691394,0.05,True
2020-01-01,2023-12-31,Germany,sarima_p0_d1_q0_P0_D0_Q0_s24,0,1,0,0,0,0,24,48,1,48,35016,0.05,True,joint Ljung-Box and residual ACF rule,[],residual_acf,21,0.25393846121490654,0.05,True
2020-01-01,2023-12-31,Germany,sarima_p0_d1_q0_P0_D0_Q0_s24,0,1,0,0,0,0,24,48,1,48,35016,0.05,True,joint Ljung-Box and residual ACF rule,[],residual_acf,22,0.48584463089491164,0.05,True
2020-01-01,2023-12-31,Germany,sarima_p0_d1_q0_P0_D0_Q0_s24,0,1,0,0,0,0,24,48,1,48,35016,0.05,True,joint Ljung-Box and residual ACF rule,[],residual_acf,23,0.7395334225341111,0.05,True
2020-01-01,2023-12-31,Germany,sarima_p0_d1_q0_P0_D0_Q0_s24,0,1,0,0,0,0,24,48,1,48,35016,0.05,True,joint Ljung-Box and residual ACF rule,[],residual_acf,24,0.8892878086469458,0.05,True
2020-01-01,2023-12-31,Germany,sarima_p0_d1_q0_P0_D0_Q0_s24,0,1,0,0,0,0,24,48,1,48,35016,0.05,True,joint Ljung-Box and residual ACF rule,[],residual_acf,25,0.7477917739870991,0.05,True
2020-01-01,2023-12-31,Germany,sarima_p0_d1_q0_P0_D0_Q0_s24,0,1,0,0,0,0,24,48,1,48,35016,0.05,True,joint Ljung-Box and residual ACF rule,[],residual_acf,26,0.4943026106820983,0.05,True
2020-01-01,2023-12-31,Germany,sarima_p0_d1_q0_P0_D0_Q0_s24,0,1,0,0,0,0,24,48,1,48,35016,0.05,True,joint Ljung-Box and residual ACF rule,[],residual_acf,27,0.2544752136478378,0.05,True
2020-01-01,2023-12-31,Germany,sarima_p0_d1_q0_P0_D0_Q0_s24,0,1,0,0,0,0,24,48,1,48,35016,0.05,True,joint Ljung-Box and residual ACF rule,[],residual_acf,28,0.05662422980957726,0.05,True
2020-01-01,2023-12-31,Germany,sarima_p0_d1_q0_P0_D0_Q0_s24,0,1,0,0,0,0,24,48,1,48,35016,0.05,True,joint Ljung-Box and residual ACF rule,[],residual_acf,29,-0.1221619832740366,0.05,True
2020-01-01,2023-12-31,Germany,sarima_p0_d1_q0_P0_D0_Q0_s24,0,1,0,0,0,0,24,48,1,48,35016,0.05,True,joint Ljung-Box and residual ACF rule,[],residual_acf,30,-0.27527196957329975,0.05,True
2020-01-01,2023-12-31,Germany,sarima_p0_d1_q0_P0_D0_Q0_s24,0,1,0,0,0,0,24,48,1,48,35016,0.05,True,joint Ljung-Box and residual ACF rule,[],residual_acf,31,-0.3594127118696584,0.05,True
2020-01-01,2023-12-31,Germany,sarima_p0_d1_q0_P0_D0_Q0_s24,0,1,0,0,0,0,24,48,1,48,35016,0.05,True,joint Ljung-Box and residual ACF rule,[],residual_acf,32,-0.3636610389147616,0.05,True
2020-01-01,2023-12-31,Germany,sarima_p0_d1_q0_P0_D0_Q0_s24,0,1,0,0,0,0,24,48,1,48,35016,0.05,True,joint Ljung-Box and residual ACF rule,[],residual_acf,33,-0.319430652316052,0.05,True
2020-01-01,2023-12-31,Germany,sarima_p0_d1_q0_P0_D0_Q0_s24,0,1,0,0,0,0,24,48,1,48,35016,0.05,True,joint Ljung-Box and residual ACF rule,[],residual_acf,34,-0.24886584081860935,0.05,True
2020-01-01,2023-12-31,Germany,sarima_p0_d1_q0_P0_D0_Q0_s24,0,1,0,0,0,0,24,48,1,48,35016,0.05,True,joint Ljung-Box and residual ACF rule,[],residual_acf,35,-0.1753269759611563,0.05,True
2020-01-01,2023-12-31,Germany,sarima_p0_d1_q0_P0_D0_Q0_s24,0,1,0,0,0,0,24,48,1,48,35016,0.05,True,joint Ljung-Box and residual ACF rule,[],residual_acf,36,-0.15095369096697075,0.05,True
2020-01-01,2023-12-31,Germany,sarima_p0_d1_q0_P0_D0_Q0_s24,0,1,0,0,0,0,24,48,1,48,35016,0.05,True,joint Ljung-Box and residual ACF rule,[],residual_acf,37,-0.17417210622153842,0.05,True
2020-01-01,2023-12-31,Germany,sarima_p0_d1_q0_P0_D0_Q0_s24,0,1,0,0,0,0,24,48,1,48,35016,0.05,True,joint Ljung-Box and residual ACF rule,[],residual_acf,38,-0.2578294298532638,0.05,True
2020-01-01,2023-12-31,Germany,sarima_p0_d1_q0_P0_D0_Q0_s24,0,1,0,0,0,0,24,48,1,48,35016,0.05,True,joint Ljung-Box and residual ACF rule,[],residual_acf,39,-0.3390688176617133,0.05,True
2020-01-01,2023-12-31,Germany,sarima_p0_d1_q0_P0_D0_Q0_s24,0,1,0,0,0,0,24,48,1,48,35016,0.05,True,joint Ljung-Box and residual ACF rule,[],residual_acf,40,-0.38569648889822844,0.05,True
2020-01-01,2023-12-31,Germany,sarima_p0_d1_q0_P0_D0_Q0_s24,0,1,0,0,0,0,24,48,1,48,35016,0.05,True,joint Ljung-Box and residual ACF rule,[],residual_acf,41,-0.37407542102490127,0.05,True
2020-01-01,2023-12-31,Germany,sarima_p0_d1_q0_P0_D0_Q0_s24,0,1,0,0,0,0,24,48,1,48,35016,0.05,True,joint Ljung-Box and residual ACF rule,[],residual_acf,42,-0.2792220697081135,0.05,True
2020-01-01,2023-12-31,Germany,sarima_p0_d1_q0_P0_D0_Q0_s24,0,1,0,0,0,0,24,48,1,48,35016,0.05,True,joint Ljung-Box and residual ACF rule,[],residual_acf,43,-0.11495844736512209,0.05,True
2020-01-01,2023-12-31,Germany,sarima_p0_d1_q0_P0_D0_Q0_s24,0,1,0,0,0,0,24,48,1,48,35016,0.05,True,joint Ljung-Box and residual ACF rule,[],residual_acf,44,0.06823610725884668,0.05,True
2020-01-01,2023-12-31,Germany,sarima_p0_d1_q0_P0_D0_Q0_s24,0,1,0,0,0,0,24,48,1,48,35016,0.05,True,joint Ljung-Box and residual ACF rule,[],residual_acf,45,0.2616370365035797,0.05,True
2020-01-01,2023-12-31,Germany,sarima_p0_d1_q0_P0_D0_Q0_s24,0,1,0,0,0,0,24,48,1,48,35016,0.05,True,joint Ljung-Box and residual ACF rule,[],residual_acf,46,0.47452350911502905,0.05,True
2020-01-01,2023-12-31,Germany,sarima_p0_d1_q0_P0_D0_Q0_s24,0,1,0,0,0,0,24,48,1,48,35016,0.05,True,joint Ljung-Box and residual ACF rule,[],residual_acf,47,0.6918740214195458,0.05,True
2020-01-01,2023-12-31,Germany,sarima_p0_d1_q0_P0_D0_Q0_s24,0,1,0,0,0,0,24,48,1,48,35016,0.05,True,joint Ljung-Box and residual ACF rule,[],residual_acf,48,0.8166762118437615,0.05,True
2020-01-01,2023-12-31,Germany,sarima_p0_d1_q0_P0_D0_Q0_s24,0,1,0,0,0,0,24,48,1,48,35016,0.05,True,joint Ljung-Box and residual ACF rule,[],ljung_box_statistic,24,134424.70020254407,0.05,True
2020-01-01,2023-12-31,Germany,sarima_p0_d1_q0_P0_D0_Q0_s24,0,1,0,0,0,0,24,48,1,48,35016,0.05,True,joint Ljung-Box and residual ACF rule,[],ljung_box_pvalue,24,0.0,0.05,True
2020-01-01,2023-12-31,Germany,sarima_p0_d1_q0_P0_D0_Q0_s24,0,1,0,0,0,0,24,48,1,48,35016,0.05,True,joint Ljung-Box and residual ACF rule,[],ljung_box_statistic,48,256304.23753921696,0.05,True
2020-01-01,2023-12-31,Germany,sarima_p0_d1_q0_P0_D0_Q0_s24,0,1,0,0,0,0,24,48,1,48,35016,0.05,True,joint Ljung-Box and residual ACF rule,[],ljung_box_pvalue,48,0.0,0.05,True
2020-01-01,2023-12-31,Germany,sarima_p1_d1_q0_P0_D0_Q0_s24,1,1,0,0,0,0,24,48,1,48,35016,0.05,True,joint Ljung-Box and residual ACF rule,[],residual_acf,1,0.34550797773408887,0.05,True
2020-01-01,2023-12-31,Germany,sarima_p1_d1_q0_P0_D0_Q0_s24,1,1,0,0,0,0,24,48,1,48,35016,0.05,True,joint Ljung-Box and residual ACF rule,[],residual_acf,2,-0.025797640366211128,0.05,False
2020-01-01,2023-12-31,Germany,sarima_p1_d1_q0_P0_D0_Q0_s24,1,1,0,0,0,0,24,48,1,48,35016,0.05,True,joint Ljung-Box and residual ACF rule,[],residual_acf,3,-0.11925855507289986,0.05,True
2020-01-01,2023-12-31,Germany,sarima_p1_d1_q0_P0_D0_Q0_s24,1,1,0,0,0,0,24,48,1,48,35016,0.05,True,joint Ljung-Box and residual ACF rule,[],residual_acf,4,-0.054897645190061774,0.05,True
2020-01-01,2023-12-31,Germany,sarima_p1_d1_q0_P0_D0_Q0_s24,1,1,0,0,0,0,24,48,1,48,35016,0.05,True,joint Ljung-Box and residual ACF rule,[],residual_acf,5,-0.06963742761793373,0.05,True
2020-01-01,2023-12-31,Germany,sarima_p1_d1_q0_P0_D0_Q0_s24,1,1,0,0,0,0,24,48,1,48,35016,0.05,True,joint Ljung-Box and residual ACF rule,[],residual_acf,6,-0.17605402660977265,0.05,True
2020-01-01,2023-12-31,Germany,sarima_p1_d1_q0_P0_D0_Q0_s24,1,1,0,0,0,0,24,48,1,48,35016,0.05,True,joint Ljung-Box and residual ACF rule,[],residual_acf,7,-0.2187211146371137,0.05,True
2020-01-01,2023-12-31,Germany,sarima_p1_d1_q0_P0_D0_Q0_s24,1,1,0,0,0,0,24,48,1,48,35016,0.05,True,joint Ljung-Box and residual ACF rule,[],residual_acf,8,-0.16814563936234184,0.05,True
2020-01-01,2023-12-31,Germany,sarima_p1_d1_q0_P0_D0_Q0_s24,1,1,0,0,0,0,24,48,1,48,35016,0.05,True,joint Ljung-Box and residual ACF rule,[],residual_acf,9,-0.11259218656736403,0.05,True
2020-01-01,2023-12-31,Germany,sarima_p1_d1_q0_P0_D0_Q0_s24,1,1,0,0,0,0,24,48,1,48,35016,0.05,True,joint Ljung-Box and residual ACF rule,[],residual_acf,10,-0.04073759627912634,0.05,False
2020-01-01,2023-12-31,Germany,sarima_p1_d1_q0_P0_D0_Q0_s24,1,1,0,0,0,0,24,48,1,48,35016,0.05,True,joint Ljung-Box and residual ACF rule,[],residual_acf,11,0.1101577461543755,0.05,True
2020-01-01,2023-12-31,Germany,sarima_p1_d1_q0_P0_D0_Q0_s24,1,1,0,0,0,0,24,48,1,48,35016,0.05,True,joint Ljung-Box and residual ACF rule,[],residual_acf,12,0.09839213773882782,0.05,True
2020-01-01,2023-12-31,Germany,sarima_p1_d1_q0_P0_D0_Q0_s24,1,1,0,0,0,0,24,48,1,48,35016,0.05,True,joint Ljung-Box and residual ACF rule,[],residual_acf,13,0.13551563512292195,0.05,True
2020-01-01,2023-12-31,Germany,sarima_p1_d1_q0_P0_D0_Q0_s24,1,1,0,0,0,0,24,48,1,48,35016,0.05,True,joint Ljung-Box and residual ACF rule,[],residual_acf,14,-0.04205911778301856,0.05,False
2020-01-01,2023-12-31,Germany,sarima_p1_d1_q0_P0_D0_Q0_s24,1,1,0,0,0,0,24,48,1,48,35016,0.05,True,joint Ljung-Box and residual ACF rule,[],residual_acf,15,-0.13144058478188617,0.05,True
2020-01-01,2023-12-31,Germany,sarima_p1_d1_q0_P0_D0_Q0_s24,1,1,0,0,0,0,24,48,1,48,35016,0.05,True,joint Ljung-Box and residual ACF rule,[],residual_acf,16,-0.1949849596632657,0.05,True
2020-01-01,2023-12-31,Germany,sarima_p1_d1_q0_P0_D0_Q0_s24,1,1,0,0,0,0,24,48,1,48,35016,0.05,True,joint Ljung-Box and residual ACF rule,[],residual_acf,17,-0.23152521653858832,0.05,True
2020-01-01,2023-12-31,Germany,sarima_p1_d1_q0_P0_D0_Q0_s24,1,1,0,0,0,0,24,48,1,48,35016,0.05,True,joint Ljung-Box and residual ACF rule,[],residual_acf,18,-0.18271769425996756,0.05,True
2020-01-01,2023-12-31,Germany,sarima_p1_d1_q0_P0_D0_Q0_s24,1,1,0,0,0,0,24,48,1,48,35016,0.05,True,joint Ljung-Box and residual ACF rule,[],residual_acf,19,-0.049412019985980445,0.05,False
2020-01-01,2023-12-31,Germany,sarima_p1_d1_q0_P0_D0_Q0_s24,1,1,0,0,0,0,24,48,1,48,35016,0.05,True,joint Ljung-Box and residual ACF rule,[],residual_acf,20,-0.02821868120158811,0.05,False
2020-01-01,2023-12-31,Germany,sarima_p1_d1_q0_P0_D0_Q0_s24,1,1,0,0,0,0,24,48,1,48,35016,0.05,True,joint Ljung-Box and residual ACF rule,[],residual_acf,21,-0.06326903145713578,0.05,True
2020-01-01,2023-12-31,Germany,sarima_p1_d1_q0_P0_D0_Q0_s24,1,1,0,0,0,0,24,48,1,48,35016,0.05,True,joint Ljung-Box and residual ACF rule,[],residual_acf,22,0.0023170038140213956,0.05,False
2020-01-01,2023-12-31,Germany,sarima_p1_d1_q0_P0_D0_Q0_s24,1,1,0,0,0,0,24,48,1,48,35016,0.05,True,joint Ljung-Box and residual ACF rule,[],residual_acf,23,0.3267242543524964,0.05,True
2020-01-01,2023-12-31,Germany,sarima_p1_d1_q0_P0_D0_Q0_s24,1,1,0,0,0,0,24,48,1,48,35016,0.05,True,joint Ljung-Box and residual ACF rule,[],residual_acf,24,0.7851196608347462,0.05,True
2020-01-01,2023-12-31,Germany,sarima_p1_d1_q0_P0_D0_Q0_s24,1,1,0,0,0,0,24,48,1,48,35016,0.05,True,joint Ljung-Box and residual ACF rule,[],residual_acf,25,0.3467614408602504,0.05,True
2020-01-01,2023-12-31,Germany,sarima_p1_d1_q0_P0_D0_Q0_s24,1,1,0,0,0,0,24,48,1,48,35016,0.05,True,joint Ljung-Box and residual ACF rule,[],residual_acf,26,0.022396699287924288,0.05,False
2020-01-01,2023-12-31,Germany,sarima_p1_d1_q0_P0_D0_Q0_s24,1,1,0,0,0,0,24,48,1,48,35016,0.05,True,joint Ljung-Box and residual ACF rule,[],residual_acf,27,-0.07087701554326378,0.05,True
2020-01-01,2023-12-31,Germany,sarima_p1_d1_q0_P0_D0_Q0_s24,1,1,0,0,0,0,24,48,1,48,35016,0.05,True,joint Ljung-Box and residual ACF rule,[],residual_acf,28,-0.03863319437913055,0.05,False
2020-01-01,2023-12-31,Germany,sarima_p1_d1_q0_P0_D0_Q0_s24,1,1,0,0,0,0,24,48,1,48,35016,0.05,True,joint Ljung-Box and residual ACF rule,[],residual_acf,29,-0.07399487000489045,0.05,True
2020-01-01,2023-12-31,Germany,sarima_p1_d1_q0_P0_D0_Q0_s24,1,1,0,0,0,0,24,48,1,48,35016,0.05,True,joint Ljung-Box and residual ACF rule,[],residual_acf,30,-0.19303229485796622,0.05,True
2020-01-01,2023-12-31,Germany,sarima_p1_d1_q0_P0_D0_Q0_s24,1,1,0,0,0,0,24,48,1,48,35016,0.05,True,joint Ljung-Box and residual ACF rule,[],residual_acf,31,-0.22805012627486937,0.05,True
2020-01-01,2023-12-31,Germany,sarima_p1_d1_q0_P0_D0_Q0_s24,1,1,0,0,0,0,24,48,1,48,35016,0.05,True,joint Ljung-Box and residual ACF rule,[],residual_acf,32,-0.15450254553620033,0.05,True
2020-01-01,2023-12-31,Germany,sarima_p1_d1_q0_P0_D0_Q0_s24,1,1,0,0,0,0,24,48,1,48,35016,0.05,True,joint Ljung-Box and residual ACF rule,[],residual_acf,33,-0.09738199162774105,0.05,True
2020-01-01,2023-12-31,Germany,sarima_p1_d1_q0_P0_D0_Q0_s24,1,1,0,0,0,0,24,48,1,48,35016,0.05,True,joint Ljung-Box and residual ACF rule,[],residual_acf,34,-0.034488406349512175,0.05,False
2020-01-01,2023-12-31,Germany,sarima_p1_d1_q0_P0_D0_Q0_s24,1,1,0,0,0,0,24,48,1,48,35016,0.05,True,joint Ljung-Box and residual ACF rule,[],residual_acf,35,0.09659755621163846,0.05,True
2020-01-01,2023-12-31,Germany,sarima_p1_d1_q0_P0_D0_Q0_s24,1,1,0,0,0,0,24,48,1,48,35016,0.05,True,joint Ljung-Box and residual ACF rule,[],residual_acf,36,0.09558958145700767,0.05,True
2020-01-01,2023-12-31,Germany,sarima_p1_d1_q0_P0_D0_Q0_s24,1,1,0,0,0,0,24,48,1,48,35016,0.05,True,joint Ljung-Box and residual ACF rule,[],residual_acf,37,0.12323391174102535,0.05,True
2020-01-01,2023-12-31,Germany,sarima_p1_d1_q0_P0_D0_Q0_s24,1,1,0,0,0,0,24,48,1,48,35016,0.05,True,joint Ljung-Box and residual ACF rule,[],residual_acf,38,-0.03418683925761038,0.05,False
2020-01-01,2023-12-31,Germany,sarima_p1_d1_q0_P0_D0_Q0_s24,1,1,0,0,0,0,24,48,1,48,35016,0.05,True,joint Ljung-Box and residual ACF rule,[],residual_acf,39,-0.1190587619273615,0.05,True
2020-01-01,2023-12-31,Germany,sarima_p1_d1_q0_P0_D0_Q0_s24,1,1,0,0,0,0,24,48,1,48,35016,0.05,True,joint Ljung-Box and residual ACF rule,[],residual_acf,40,-0.17992851662240847,0.05,True
2020-01-01,2023-12-31,Germany,sarima_p1_d1_q0_P0_D0_Q0_s24,1,1,0,0,0,0,24,48,1,48,35016,0.05,True,joint Ljung-Box and residual ACF rule,[],residual_acf,41,-0.23759820240157023,0.05,True
2020-01-01,2023-12-31,Germany,sarima_p1_d1_q0_P0_D0_Q0_s24,1,1,0,0,0,0,24,48,1,48,35016,0.05,True,joint Ljung-Box and residual ACF rule,[],residual_acf,42,-0.1946342486854044,0.05,True
2020-01-01,2023-12-31,Germany,sarima_p1_d1_q0_P0_D0_Q0_s24,1,1,0,0,0,0,24,48,1,48,35016,0.05,True,joint Ljung-Box and residual ACF rule,[],residual_acf,43,-0.05743088431370079,0.05,True
2020-01-01,2023-12-31,Germany,sarima_p1_d1_q0_P0_D0_Q0_s24,1,1,0,0,0,0,24,48,1,48,35016,0.05,True,joint Ljung-Box and residual ACF rule,[],residual_acf,44,-0.016618924692354962,0.05,False
2020-01-01,2023-12-31,Germany,sarima_p1_d1_q0_P0_D0_Q0_s24,1,1,0,0,0,0,24,48,1,48,35016,0.05,True,joint Ljung-Box and residual ACF rule,[],residual_acf,45,-0.017059556194743003,0.05,False
2020-01-01,2023-12-31,Germany,sarima_p1_d1_q0_P0_D0_Q0_s24,1,1,0,0,0,0,24,48,1,48,35016,0.05,True,joint Ljung-Box and residual ACF rule,[],residual_acf,46,0.04187001770592405,0.05,False
2020-01-01,2023-12-31,Germany,sarima_p1_d1_q0_P0_D0_Q0_s24,1,1,0,0,0,0,24,48,1,48,35016,0.05,True,joint Ljung-Box and residual ACF rule,[],residual_acf,47,0.29461191250350977,0.05,True
2020-01-01,2023-12-31,Germany,sarima_p1_d1_q0_P0_D0_Q0_s24,1,1,0,0,0,0,24,48,1,48,35016,0.05,True,joint Ljung-Box and residual ACF rule,[],residual_acf,48,0.6730423728160967,0.05,True
2020-01-01,2023-12-31,Germany,sarima_p1_d1_q0_P0_D0_Q0_s24,1,1,0,0,0,0,24,48,1,48,35016,0.05,True,joint Ljung-Box and residual ACF rule,[],ljung_box_statistic,24,41280.03989795214,0.05,True
2020-01-01,2023-12-31,Germany,sarima_p1_d1_q0_P0_D0_Q0_s24,1,1,0,0,0,0,24,48,1,48,35016,0.05,True,joint Ljung-Box and residual ACF rule,[],ljung_box_pvalue,24,0.0,0.05,True
2020-01-01,2023-12-31,Germany,sarima_p1_d1_q0_P0_D0_Q0_s24,1,1,0,0,0,0,24,48,1,48,35016,0.05,True,joint Ljung-Box and residual ACF rule,[],ljung_box_statistic,48,75556.00015089766,0.05,True
2020-01-01,2023-12-31,Germany,sarima_p1_d1_q0_P0_D0_Q0_s24,1,1,0,0,0,0,24,48,1,48,35016,0.05,True,joint Ljung-Box and residual ACF rule,[],ljung_box_pvalue,48,0.0,0.05,True
2020-01-01,2023-12-31,Germany,sarima_p0_d1_q1_P0_D0_Q0_s24,0,1,1,0,0,0,24,48,1,48,35016,0.05,True,joint Ljung-Box and residual ACF rule,[],residual_acf,1,0.4219024201086434,0.05,True
2020-01-01,2023-12-31,Germany,sarima_p0_d1_q1_P0_D0_Q0_s24,0,1,1,0,0,0,24,48,1,48,35016,0.05,True,joint Ljung-Box and residual ACF rule,[],residual_acf,2,0.48878456416684923,0.05,True
2020-01-01,2023-12-31,Germany,sarima_p0_d1_q1_P0_D0_Q0_s24,0,1,1,0,0,0,24,48,1,48,35016,0.05,True,joint Ljung-Box and residual ACF rule,[],residual_acf,3,0.0647391281401271,0.05,True
2020-01-01,2023-12-31,Germany,sarima_p0_d1_q1_P0_D0_Q0_s24,0,1,1,0,0,0,24,48,1,48,35016,0.05,True,joint Ljung-Box and residual ACF rule,[],residual_acf,4,0.11111354859674986,0.05,True
2020-01-01,2023-12-31,Germany,sarima_p0_d1_q1_P0_D0_Q0_s24,0,1,1,0,0,0,24,48,1,48,35016,0.05,True,joint Ljung-Box and residual ACF rule,[],residual_acf,5,-0.14133330332105984,0.05,True
2020-01-01,2023-12-31,Germany,sarima_p0_d1_q1_P0_D0_Q0_s24,0,1,1,0,0,0,24,48,1,48,35016,0.05,True,joint Ljung-Box and residual ACF rule,[],residual_acf,6,-0.17237221442230055,0.05,True
2020-01-01,2023-12-31,Germany,sarima_p0_d1_q1_P0_D0_Q0_s24,0,1,1,0,0,0,24,48,1,48,35016,0.05,True,joint Ljung-Box and residual ACF rule,[],residual_acf,7,-0.29221713037624714,0.05,True
2020-01-01,2023-12-31,Germany,sarima_p0_d1_q1_P0_D0_Q0_s24,0,1,1,0,0,0,24,48,1,48,35016,0.05,True,joint Ljung-Box and residual ACF rule,[],residual_acf,8,-0.2698718641237871,0.05,True
2020-01-01,2023-12-31,Germany,sarima_p0_d1_q1_P0_D0_Q0_s24,0,1,1,0,0,0,24,48,1,48,35016,0.05,True,joint Ljung-Box and residual ACF rule,[],residual_acf,9,-0.2314826453927038,0.05,True
2020-01-01,2023-12-31,Germany,sarima_p0_d1_q1_P0_D0_Q0_s24,0,1,1,0,0,0,24,48,1,48,35016,0.05,True,joint Ljung-Box and residual ACF rule,[],residual_acf,10,-0.2117194880173868,0.05,True
2020-01-01,2023-12-31,Germany,sarima_p0_d1_q1_P0_D0_Q0_s24,0,1,1,0,0,0,24,48,1,48,35016,0.05,True,joint Ljung-Box and residual ACF rule,[],residual_acf,11,-0.07568101799314172,0.05,True
2020-01-01,2023-12-31,Germany,sarima_p0_d1_q1_P0_D0_Q0_s24,0,1,1,0,0,0,24,48,1,48,35016,0.05,True,joint Ljung-Box and residual ACF rule,[],residual_acf,12,-0.14568974419708622,0.05,True
2020-01-01,2023-12-31,Germany,sarima_p0_d1_q1_P0_D0_Q0_s24,0,1,1,0,0,0,24,48,1,48,35016,0.05,True,joint Ljung-Box and residual ACF rule,[],residual_acf,13,-0.06648584543185176,0.05,True
2020-01-01,2023-12-31,Germany,sarima_p0_d1_q1_P0_D0_Q0_s24,0,1,1,0,0,0,24,48,1,48,35016,0.05,True,joint Ljung-Box and residual ACF rule,[],residual_acf,14,-0.23138811843329352,0.05,True
2020-01-01,2023-12-31,Germany,sarima_p0_d1_q1_P0_D0_Q0_s24,0,1,1,0,0,0,24,48,1,48,35016,0.05,True,joint Ljung-Box and residual ACF rule,[],residual_acf,15,-0.23275980590052062,0.05,True
2020-01-01,2023-12-31,Germany,sarima_p0_d1_q1_P0_D0_Q0_s24,0,1,1,0,0,0,24,48,1,48,35016,0.05,True,joint Ljung-Box and residual ACF rule,[],residual_acf,16,-0.31213492691417766,0.05,True
2020-01-01,2023-12-31,Germany,sarima_p0_d1_q1_P0_D0_Q0_s24,0,1,1,0,0,0,24,48,1,48,35016,0.05,True,joint Ljung-Box and residual ACF rule,[],residual_acf,17,-0.2798357684192418,0.05,True
2020-01-01,2023-12-31,Germany,sarima_p0_d1_q1_P0_D0_Q0_s24,0,1,1,0,0,0,24,48,1,48,35016,0.05,True,joint Ljung-Box and residual ACF rule,[],residual_acf,18,-0.21378293954385125,0.05,True
2020-01-01,2023-12-31,Germany,sarima_p0_d1_q1_P0_D0_Q0_s24,0,1,1,0,0,0,24,48,1,48,35016,0.05,True,joint Ljung-Box and residual ACF rule,[],residual_acf,19,-0.09531505776275763,0.05,True
2020-01-01,2023-12-31,Germany,sarima_p0_d1_q1_P0_D0_Q0_s24,0,1,1,0,0,0,24,48,1,48,35016,0.05,True,joint Ljung-Box and residual ACF rule,[],residual_acf,20,0.06817099839498839,0.05,True
2020-01-01,2023-12-31,Germany,sarima_p0_d1_q1_P0_D0_Q0_s24,0,1,1,0,0,0,24,48,1,48,35016,0.05,True,joint Ljung-Box and residual ACF rule,[],residual_acf,21,0.13111054028538635,0.05,True
2020-01-01,2023-12-31,Germany,sarima_p0_d1_q1_P0_D0_Q0_s24,0,1,1,0,0,0,24,48,1,48,35016,0.05,True,joint Ljung-Box and residual ACF rule,[],residual_acf,22,0.39962161088278064,0.05,True
2020-01-01,2023-12-31,Germany,sarima_p0_d1_q1_P0_D0_Q0_s24,0,1,1,0,0,0,24,48,1,48,35016,0.05,True,joint Ljung-Box and residual ACF rule,[],residual_acf,23,0.4568782625854324,0.05,True
2020-01-01,2023-12-31,Germany,sarima_p0_d1_q1_P0_D0_Q0_s24,0,1,1,0,0,0,24,48,1,48,35016,0.05,True,joint Ljung-Box and residual ACF rule,[],residual_acf,24,0.8079621863066158,0.05,True
2020-01-01,2023-12-31,Germany,sarima_p0_d1_q1_P0_D0_Q0_s24,0,1,1,0,0,0,24,48,1,48,35016,0.05,True,joint Ljung-Box and residual ACF rule,[],residual_acf,25,0.46145755731231064,0.05,True
2020-01-01,2023-12-31,Germany,sarima_p0_d1_q1_P0_D0_Q0_s24,0,1,1,0,0,0,24,48,1,48,35016,0.05,True,joint Ljung-Box and residual ACF rule,[],residual_acf,26,0.4142247114611769,0.05,True
2020-01-01,2023-12-31,Germany,sarima_p0_d1_q1_P0_D0_Q0_s24,0,1,1,0,0,0,24,48,1,48,35016,0.05,True,joint Ljung-Box and residual ACF rule,[],residual_acf,27,0.12100619181594179,0.05,True
2020-01-01,2023-12-31,Germany,sarima_p0_d1_q1_P0_D0_Q0_s24,0,1,1,0,0,0,24,48,1,48,35016,0.05,True,joint Ljung-Box and residual ACF rule,[],residual_acf,28,0.07609961602042083,0.05,True
2020-01-01,2023-12-31,Germany,sarima_p0_d1_q1_P0_D0_Q0_s24,0,1,1,0,0,0,24,48,1,48,35016,0.05,True,joint Ljung-Box and residual ACF rule,[],residual_acf,29,-0.11336815753837652,0.05,True
2020-01-01,2023-12-31,Germany,sarima_p0_d1_q1_P0_D0_Q0_s24,0,1,1,0,0,0,24,48,1,48,35016,0.05,True,joint Ljung-Box and residual ACF rule,[],residual_acf,30,-0.19730741219691206,0.05,True
2020-01-01,2023-12-31,Germany,sarima_p0_d1_q1_P0_D0_Q0_s24,0,1,1,0,0,0,24,48,1,48,35016,0.05,True,joint Ljung-Box and residual ACF rule,[],residual_acf,31,-0.27989172260639383,0.05,True
2020-01-01,2023-12-31,Germany,sarima_p0_d1_q1_P0_D0_Q0_s24,0,1,1,0,0,0,24,48,1,48,35016,0.05,True,joint Ljung-Box and residual ACF rule,[],residual_acf,32,-0.2701400639099031,0.05,True
2020-01-01,2023-12-31,Germany,sarima_p0_d1_q1_P0_D0_Q0_s24,0,1,1,0,0,0,24,48,1,48,35016,0.05,True,joint Ljung-Box and residual ACF rule,[],residual_acf,33,-0.2200213137891344,0.05,True
2020-01-01,2023-12-31,Germany,sarima_p0_d1_q1_P0_D0_Q0_s24,0,1,1,0,0,0,24,48,1,48,35016,0.05,True,joint Ljung-Box and residual ACF rule,[],residual_acf,34,-0.20457506101150558,0.05,True
2020-01-01,2023-12-31,Germany,sarima_p0_d1_q1_P0_D0_Q0_s24,0,1,1,0,0,0,24,48,1,48,35016,0.05,True,joint Ljung-Box and residual ACF rule,[],residual_acf,35,-0.08134532416505981,0.05,True
2020-01-01,2023-12-31,Germany,sarima_p0_d1_q1_P0_D0_Q0_s24,0,1,1,0,0,0,24,48,1,48,35016,0.05,True,joint Ljung-Box and residual ACF rule,[],residual_acf,36,-0.13734830752100394,0.05,True
2020-01-01,2023-12-31,Germany,sarima_p0_d1_q1_P0_D0_Q0_s24,0,1,1,0,0,0,24,48,1,48,35016,0.05,True,joint Ljung-Box and residual ACF rule,[],residual_acf,37,-0.07410891684011295,0.05,True
2020-01-01,2023-12-31,Germany,sarima_p0_d1_q1_P0_D0_Q0_s24,0,1,1,0,0,0,24,48,1,48,35016,0.05,True,joint Ljung-Box and residual ACF rule,[],residual_acf,38,-0.21626789949716146,0.05,True
2020-01-01,2023-12-31,Germany,sarima_p0_d1_q1_P0_D0_Q0_s24,0,1,1,0,0,0,24,48,1,48,35016,0.05,True,joint Ljung-Box and residual ACF rule,[],residual_acf,39,-0.2293320307770424,0.05,True
2020-01-01,2023-12-31,Germany,sarima_p0_d1_q1_P0_D0_Q0_s24,0,1,1,0,0,0,24,48,1,48,35016,0.05,True,joint Ljung-Box and residual ACF rule,[],residual_acf,40,-0.2964620883694022,0.05,True
2020-01-01,2023-12-31,Germany,sarima_p0_d1_q1_P0_D0_Q0_s24,0,1,1,0,0,0,24,48,1,48,35016,0.05,True,joint Ljung-Box and residual ACF rule,[],residual_acf,41,-0.28038559249237244,0.05,True
2020-01-01,2023-12-31,Germany,sarima_p0_d1_q1_P0_D0_Q0_s24,0,1,1,0,0,0,24,48,1,48,35016,0.05,True,joint Ljung-Box and residual ACF rule,[],residual_acf,42,-0.21261031478678225,0.05,True
2020-01-01,2023-12-31,Germany,sarima_p0_d1_q1_P0_D0_Q0_s24,0,1,1,0,0,0,24,48,1,48,35016,0.05,True,joint Ljung-Box and residual ACF rule,[],residual_acf,43,-0.09277508403751902,0.05,True
2020-01-01,2023-12-31,Germany,sarima_p0_d1_q1_P0_D0_Q0_s24,0,1,1,0,0,0,24,48,1,48,35016,0.05,True,joint Ljung-Box and residual ACF rule,[],residual_acf,44,0.06974144367695768,0.05,True
2020-01-01,2023-12-31,Germany,sarima_p0_d1_q1_P0_D0_Q0_s24,0,1,1,0,0,0,24,48,1,48,35016,0.05,True,joint Ljung-Box and residual ACF rule,[],residual_acf,45,0.1471537930694505,0.05,True
2020-01-01,2023-12-31,Germany,sarima_p0_d1_q1_P0_D0_Q0_s24,0,1,1,0,0,0,24,48,1,48,35016,0.05,True,joint Ljung-Box and residual ACF rule,[],residual_acf,46,0.38733469149360367,0.05,True
2020-01-01,2023-12-31,Germany,sarima_p0_d1_q1_P0_D0_Q0_s24,0,1,1,0,0,0,24,48,1,48,35016,0.05,True,joint Ljung-Box and residual ACF rule,[],residual_acf,47,0.43326166513685715,0.05,True
2020-01-01,2023-12-31,Germany,sarima_p0_d1_q1_P0_D0_Q0_s24,0,1,1,0,0,0,24,48,1,48,35016,0.05,True,joint Ljung-Box and residual ACF rule,[],residual_acf,48,0.7303948585381864,0.05,True
2020-01-01,2023-12-31,Germany,sarima_p0_d1_q1_P0_D0_Q0_s24,0,1,1,0,0,0,24,48,1,48,35016,0.05,True,joint Ljung-Box and residual ACF rule,[],ljung_box_statistic,24,75408.17744041923,0.05,True
2020-01-01,2023-12-31,Germany,sarima_p0_d1_q1_P0_D0_Q0_s24,0,1,1,0,0,0,24,48,1,48,35016,0.05,True,joint Ljung-Box and residual ACF rule,[],ljung_box_pvalue,24,0.0,0.05,True
2020-01-01,2023-12-31,Germany,sarima_p0_d1_q1_P0_D0_Q0_s24,0,1,1,0,0,0,24,48,1,48,35016,0.05,True,joint Ljung-Box and residual ACF rule,[],ljung_box_statistic,48,143654.30866987284,0.05,True
2020-01-01,2023-12-31,Germany,sarima_p0_d1_q1_P0_D0_Q0_s24,0,1,1,0,0,0,24,48,1,48,35016,0.05,True,joint Ljung-Box and residual ACF rule,[],ljung_box_pvalue,48,0.0,0.05,True
2020-01-01,2023-12-31,Germany,sarima_p1_d1_q1_P0_D0_Q0_s24,1,1,1,0,0,0,24,48,1,48,35016,0.05,True,joint Ljung-Box and residual ACF rule,[],residual_acf,1,0.05644201446549371,0.05,True
2020-01-01,2023-12-31,Germany,sarima_p1_d1_q1_P0_D0_Q0_s24,1,1,1,0,0,0,24,48,1,48,35016,0.05,True,joint Ljung-Box and residual ACF rule,[],residual_acf,2,0.08347179784094418,0.05,True
2020-01-01,2023-12-31,Germany,sarima_p1_d1_q1_P0_D0_Q0_s24,1,1,1,0,0,0,24,48,1,48,35016,0.05,True,joint Ljung-Box and residual ACF rule,[],residual_acf,3,-0.08915552208793318,0.05,True
2020-01-01,2023-12-31,Germany,sarima_p1_d1_q1_P0_D0_Q0_s24,1,1,1,0,0,0,24,48,1,48,35016,0.05,True,joint Ljung-Box and residual ACF rule,[],residual_acf,4,0.008363600419255232,0.05,False
2020-01-01,2023-12-31,Germany,sarima_p1_d1_q1_P0_D0_Q0_s24,1,1,1,0,0,0,24,48,1,48,35016,0.05,True,joint Ljung-Box and residual ACF rule,[],residual_acf,5,-0.03882759510833638,0.05,False
2020-01-01,2023-12-31,Germany,sarima_p1_d1_q1_P0_D0_Q0_s24,1,1,1,0,0,0,24,48,1,48,35016,0.05,True,joint Ljung-Box and residual ACF rule,[],residual_acf,6,-0.12852180815973402,0.05,True
2020-01-01,2023-12-31,Germany,sarima_p1_d1_q1_P0_D0_Q0_s24,1,1,1,0,0,0,24,48,1,48,35016,0.05,True,joint Ljung-Box and residual ACF rule,[],residual_acf,7,-0.16224218246619218,0.05,True
2020-01-01,2023-12-31,Germany,sarima_p1_d1_q1_P0_D0_Q0_s24,1,1,1,0,0,0,24,48,1,48,35016,0.05,True,joint Ljung-Box and residual ACF rule,[],residual_acf,8,-0.12554507662049874,0.05,True
2020-01-01,2023-12-31,Germany,sarima_p1_d1_q1_P0_D0_Q0_s24,1,1,1,0,0,0,24,48,1,48,35016,0.05,True,joint Ljung-Box and residual ACF rule,[],residual_acf,9,-0.07936869946598914,0.05,True
2020-01-01,2023-12-31,Germany,sarima_p1_d1_q1_P0_D0_Q0_s24,1,1,1,0,0,0,24,48,1,48,35016,0.05,True,joint Ljung-Box and residual ACF rule,[],residual_acf,10,-0.0906658612556171,0.05,True
2020-01-01,2023-12-31,Germany,sarima_p1_d1_q1_P0_D0_Q0_s24,1,1,1,0,0,0,24,48,1,48,35016,0.05,True,joint Ljung-Box and residual ACF rule,[],residual_acf,11,0.10450816278739769,0.05,True
2020-01-01,2023-12-31,Germany,sarima_p1_d1_q1_P0_D0_Q0_s24,1,1,1,0,0,0,24,48,1,48,35016,0.05,True,joint Ljung-Box and residual ACF rule,[],residual_acf,12,-0.027232761483249986,0.05,False
2020-01-01,2023-12-31,Germany,sarima_p1_d1_q1_P0_D0_Q0_s24,1,1,1,0,0,0,24,48,1,48,35016,0.05,True,joint Ljung-Box and residual ACF rule,[],residual_acf,13,0.1295326648820205,0.05,True
2020-01-01,2023-12-31,Germany,sarima_p1_d1_q1_P0_D0_Q0_s24,1,1,1,0,0,0,24,48,1,48,35016,0.05,True,joint Ljung-Box and residual ACF rule,[],residual_acf,14,-0.10001351080800207,0.05,True
2020-01-01,2023-12-31,Germany,sarima_p1_d1_q1_P0_D0_Q0_s24,1,1,1,0,0,0,24,48,1,48,35016,0.05,True,joint Ljung-Box and residual ACF rule,[],residual_acf,15,-0.0872300428636822,0.05,True
2020-01-01,2023-12-31,Germany,sarima_p1_d1_q1_P0_D0_Q0_s24,1,1,1,0,0,0,24,48,1,48,35016,0.05,True,joint Ljung-Box and residual ACF rule,[],residual_acf,16,-0.15074819491083521,0.05,True
2020-01-01,2023-12-31,Germany,sarima_p1_d1_q1_P0_D0_Q0_s24,1,1,1,0,0,0,24,48,1,48,35016,0.05,True,joint Ljung-Box and residual ACF rule,[],residual_acf,17,-0.16166003954003563,0.05,True
2020-01-01,2023-12-31,Germany,sarima_p1_d1_q1_P0_D0_Q0_s24,1,1,1,0,0,0,24,48,1,48,35016,0.05,True,joint Ljung-Box and residual ACF rule,[],residual_acf,18,-0.14581612918426223,0.05,True
2020-01-01,2023-12-31,Germany,sarima_p1_d1_q1_P0_D0_Q0_s24,1,1,1,0,0,0,24,48,1,48,35016,0.05,True,joint Ljung-Box and residual ACF rule,[],residual_acf,19,-0.01199510859560608,0.05,False
2020-01-01,2023-12-31,Germany,sarima_p1_d1_q1_P0_D0_Q0_s24,1,1,1,0,0,0,24,48,1,48,35016,0.05,True,joint Ljung-Box and residual ACF rule,[],residual_acf,20,0.000906299219489057,0.05,False
2020-01-01,2023-12-31,Germany,sarima_p1_d1_q1_P0_D0_Q0_s24,1,1,1,0,0,0,24,48,1,48,35016,0.05,True,joint Ljung-Box and residual ACF rule,[],residual_acf,21,-0.027284506218798146,0.05,False
2020-01-01,2023-12-31,Germany,sarima_p1_d1_q1_P0_D0_Q0_s24,1,1,1,0,0,0,24,48,1,48,35016,0.05,True,joint Ljung-Box and residual ACF rule,[],residual_acf,22,0.053074760166998684,0.05,True
2020-01-01,2023-12-31,Germany,sarima_p1_d1_q1_P0_D0_Q0_s24,1,1,1,0,0,0,24,48,1,48,35016,0.05,True,joint Ljung-Box and residual ACF rule,[],residual_acf,23,0.1322731816880242,0.05,True
2020-01-01,2023-12-31,Germany,sarima_p1_d1_q1_P0_D0_Q0_s24,1,1,1,0,0,0,24,48,1,48,35016,0.05,True,joint Ljung-Box and residual ACF rule,[],residual_acf,24,0.7370009036088845,0.05,True
2020-01-01,2023-12-31,Germany,sarima_p1_d1_q1_P0_D0_Q0_s24,1,1,1,0,0,0,24,48,1,48,35016,0.05,True,joint Ljung-Box and residual ACF rule,[],residual_acf,25,0.14377646216538906,0.05,True
2020-01-01,2023-12-31,Germany,sarima_p1_d1_q1_P0_D0_Q0_s24,1,1,1,0,0,0,24,48,1,48,35016,0.05,True,joint Ljung-Box and residual ACF rule,[],residual_acf,26,0.07323745675577445,0.05,True
2020-01-01,2023-12-31,Germany,sarima_p1_d1_q1_P0_D0_Q0_s24,1,1,1,0,0,0,24,48,1,48,35016,0.05,True,joint Ljung-Box and residual ACF rule,[],residual_acf,27,-0.042660021956035875,0.05,False
2020-01-01,2023-12-31,Germany,sarima_p1_d1_q1_P0_D0_Q0_s24,1,1,1,0,0,0,24,48,1,48,35016,0.05,True,joint Ljung-Box and residual ACF rule,[],residual_acf,28,0.005831327696708933,0.05,False
2020-01-01,2023-12-31,Germany,sarima_p1_d1_q1_P0_D0_Q0_s24,1,1,1,0,0,0,24,48,1,48,35016,0.05,True,joint Ljung-Box and residual ACF rule,[],residual_acf,29,-0.03721033893339219,0.05,False
2020-01-01,2023-12-31,Germany,sarima_p1_d1_q1_P0_D0_Q0_s24,1,1,1,0,0,0,24,48,1,48,35016,0.05,True,joint Ljung-Box and residual ACF rule,[],residual_acf,30,-0.14137699937099862,0.05,True
2020-01-01,2023-12-31,Germany,sarima_p1_d1_q1_P0_D0_Q0_s24,1,1,1,0,0,0,24,48,1,48,35016,0.05,True,joint Ljung-Box and residual ACF rule,[],residual_acf,31,-0.17069647717582503,0.05,True
2020-01-01,2023-12-31,Germany,sarima_p1_d1_q1_P0_D0_Q0_s24,1,1,1,0,0,0,24,48,1,48,35016,0.05,True,joint Ljung-Box and residual ACF rule,[],residual_acf,32,-0.11138665881960512,0.05,True
2020-01-01,2023-12-31,Germany,sarima_p1_d1_q1_P0_D0_Q0_s24,1,1,1,0,0,0,24,48,1,48,35016,0.05,True,joint Ljung-Box and residual ACF rule,[],residual_acf,33,-0.07367643248781049,0.05,True
2020-01-01,2023-12-31,Germany,sarima_p1_d1_q1_P0_D0_Q0_s24,1,1,1,0,0,0,24,48,1,48,35016,0.05,True,joint Ljung-Box and residual ACF rule,[],residual_acf,34,-0.07889173283617629,0.05,True
2020-01-01,2023-12-31,Germany,sarima_p1_d1_q1_P0_D0_Q0_s24,1,1,1,0,0,0,24,48,1,48,35016,0.05,True,joint Ljung-Box and residual ACF rule,[],residual_acf,35,0.08456047472058002,0.05,True
2020-01-01,2023-12-31,Germany,sarima_p1_d1_q1_P0_D0_Q0_s24,1,1,1,0,0,0,24,48,1,48,35016,0.05,True,joint Ljung-Box and residual ACF rule,[],residual_acf,36,-0.015137779413716402,0.05,False
2020-01-01,2023-12-31,Germany,sarima_p1_d1_q1_P0_D0_Q0_s24,1,1,1,0,0,0,24,48,1,48,35016,0.05,True,joint Ljung-Box and residual ACF rule,[],residual_acf,37,0.10973025626006969,0.05,True
2020-01-01,2023-12-31,Germany,sarima_p1_d1_q1_P0_D0_Q0_s24,1,1,1,0,0,0,24,48,1,48,35016,0.05,True,joint Ljung-Box and residual ACF rule,[],residual_acf,38,-0.08489628039199681,0.05,True
2020-01-01,2023-12-31,Germany,sarima_p1_d1_q1_P0_D0_Q0_s24,1,1,1,0,0,0,24,48,1,48,35016,0.05,True,joint Ljung-Box and residual ACF rule,[],residual_acf,39,-0.08604909687841669,0.05,True
2020-01-01,2023-12-31,Germany,sarima_p1_d1_q1_P0_D0_Q0_s24,1,1,1,0,0,0,24,48,1,48,35016,0.05,True,joint Ljung-Box and residual ACF rule,[],residual_acf,40,-0.13285418756966116,0.05,True
2020-01-01,2023-12-31,Germany,sarima_p1_d1_q1_P0_D0_Q0_s24,1,1,1,0,0,0,24,48,1,48,35016,0.05,True,joint Ljung-Box and residual ACF rule,[],residual_acf,41,-0.17054252433754444,0.05,True
2020-01-01,2023-12-31,Germany,sarima_p1_d1_q1_P0_D0_Q0_s24,1,1,1,0,0,0,24,48,1,48,35016,0.05,True,joint Ljung-Box and residual ACF rule,[],residual_acf,42,-0.1507013513158135,0.05,True
2020-01-01,2023-12-31,Germany,sarima_p1_d1_q1_P0_D0_Q0_s24,1,1,1,0,0,0,24,48,1,48,35016,0.05,True,joint Ljung-Box and residual ACF rule,[],residual_acf,43,-0.01723890448181995,0.05,False
2020-01-01,2023-12-31,Germany,sarima_p1_d1_q1_P0_D0_Q0_s24,1,1,1,0,0,0,24,48,1,48,35016,0.05,True,joint Ljung-Box and residual ACF rule,[],residual_acf,44,0.0026089352159471,0.05,False
2020-01-01,2023-12-31,Germany,sarima_p1_d1_q1_P0_D0_Q0_s24,1,1,1,0,0,0,24,48,1,48,35016,0.05,True,joint Ljung-Box and residual ACF rule,[],residual_acf,45,0.004818725014857008,0.05,False
2020-01-01,2023-12-31,Germany,sarima_p1_d1_q1_P0_D0_Q0_s24,1,1,1,0,0,0,24,48,1,48,35016,0.05,True,joint Ljung-Box and residual ACF rule,[],residual_acf,46,0.07637275360902879,0.05,True
2020-01-01,2023-12-31,Germany,sarima_p1_d1_q1_P0_D0_Q0_s24,1,1,1,0,0,0,24,48,1,48,35016,0.05,True,joint Ljung-Box and residual ACF rule,[],residual_acf,47,0.12406014929879433,0.05,True
2020-01-01,2023-12-31,Germany,sarima_p1_d1_q1_P0_D0_Q0_s24,1,1,1,0,0,0,24,48,1,48,35016,0.05,True,joint Ljung-Box and residual ACF rule,[],residual_acf,48,0.635435402426569,0.05,True
2020-01-01,2023-12-31,Germany,sarima_p1_d1_q1_P0_D0_Q0_s24,1,1,1,0,0,0,24,48,1,48,35016,0.05,True,joint Ljung-Box and residual ACF rule,[],ljung_box_statistic,24,27097.05871270634,0.05,True
2020-01-01,2023-12-31,Germany,sarima_p1_d1_q1_P0_D0_Q0_s24,1,1,1,0,0,0,24,48,1,48,35016,0.05,True,joint Ljung-Box and residual ACF rule,[],ljung_box_pvalue,24,0.0,0.05,True
2020-01-01,2023-12-31,Germany,sarima_p1_d1_q1_P0_D0_Q0_s24,1,1,1,0,0,0,24,48,1,48,35016,0.05,True,joint Ljung-Box and residual ACF rule,[],ljung_box_statistic,48,49230.27247641809,0.05,True
2020-01-01,2023-12-31,Germany,sarima_p1_d1_q1_P0_D0_Q0_s24,1,1,1,0,0,0,24,48,1,48,35016,0.05,True,joint Ljung-Box and residual ACF rule,[],ljung_box_pvalue,48,0.0,0.05,True
2020-01-01,2023-12-31,Germany,sarima_p2_d1_q0_P0_D0_Q0_s24,2,1,0,0,0,0,24,48,1,48,35016,0.05,True,joint Ljung-Box and residual ACF rule,[],residual_acf,1,0.007297222148970771,0.05,False
2020-01-01,2023-12-31,Germany,sarima_p2_d1_q0_P0_D0_Q0_s24,2,1,0,0,0,0,24,48,1,48,35016,0.05,True,joint Ljung-Box and residual ACF rule,[],residual_acf,2,-0.03297649552434582,0.05,False
2020-01-01,2023-12-31,Germany,sarima_p2_d1_q0_P0_D0_Q0_s24,2,1,0,0,0,0,24,48,1,48,35016,0.05,True,joint Ljung-Box and residual ACF rule,[],residual_acf,3,-0.019084411804289172,0.05,False
2020-01-01,2023-12-31,Germany,sarima_p2_d1_q0_P0_D0_Q0_s24,2,1,0,0,0,0,24,48,1,48,35016,0.05,True,joint Ljung-Box and residual ACF rule,[],residual_acf,4,0.06990698094429248,0.05,True
2020-01-01,2023-12-31,Germany,sarima_p2_d1_q0_P0_D0_Q0_s24,2,1,0,0,0,0,24,48,1,48,35016,0.05,True,joint Ljung-Box and residual ACF rule,[],residual_acf,5,0.03194542259986161,0.05,False
2020-01-01,2023-12-31,Germany,sarima_p2_d1_q0_P0_D0_Q0_s24,2,1,0,0,0,0,24,48,1,48,35016,0.05,True,joint Ljung-Box and residual ACF rule,[],residual_acf,6,-0.0965498234004331,0.05,True
2020-01-01,2023-12-31,Germany,sarima_p2_d1_q0_P0_D0_Q0_s24,2,1,0,0,0,0,24,48,1,48,35016,0.05,True,joint Ljung-Box and residual ACF rule,[],residual_acf,7,-0.13495766317108202,0.05,True
2020-01-01,2023-12-31,Germany,sarima_p2_d1_q0_P0_D0_Q0_s24,2,1,0,0,0,0,24,48,1,48,35016,0.05,True,joint Ljung-Box and residual ACF rule,[],residual_acf,8,-0.0875377324233317,0.05,True
2020-01-01,2023-12-31,Germany,sarima_p2_d1_q0_P0_D0_Q0_s24,2,1,0,0,0,0,24,48,1,48,35016,0.05,True,joint Ljung-Box and residual ACF rule,[],residual_acf,9,-0.08891155361781877,0.05,True
2020-01-01,2023-12-31,Germany,sarima_p2_d1_q0_P0_D0_Q0_s24,2,1,0,0,0,0,24,48,1,48,35016,0.05,True,joint Ljung-Box and residual ACF rule,[],residual_acf,10,-0.11565344227877179,0.05,True
2020-01-01,2023-12-31,Germany,sarima_p2_d1_q0_P0_D0_Q0_s24,2,1,0,0,0,0,24,48,1,48,35016,0.05,True,joint Ljung-Box and residual ACF rule,[],residual_acf,11,0.04369470098543174,0.05,False
2020-01-01,2023-12-31,Germany,sarima_p2_d1_q0_P0_D0_Q0_s24,2,1,0,0,0,0,24,48,1,48,35016,0.05,True,joint Ljung-Box and residual ACF rule,[],residual_acf,12,-0.08234864698416955,0.05,True
2020-01-01,2023-12-31,Germany,sarima_p2_d1_q0_P0_D0_Q0_s24,2,1,0,0,0,0,24,48,1,48,35016,0.05,True,joint Ljung-Box and residual ACF rule,[],residual_acf,13,0.07395255828983076,0.05,True
2020-01-01,2023-12-31,Germany,sarima_p2_d1_q0_P0_D0_Q0_s24,2,1,0,0,0,0,24,48,1,48,35016,0.05,True,joint Ljung-Box and residual ACF rule,[],residual_acf,14,-0.12437984754505926,0.05,True
2020-01-01,2023-12-31,Germany,sarima_p2_d1_q0_P0_D0_Q0_s24,2,1,0,0,0,0,24,48,1,48,35016,0.05,True,joint Ljung-Box and residual ACF rule,[],residual_acf,15,-0.09911051030541675,0.05,True
2020-01-01,2023-12-31,Germany,sarima_p2_d1_q0_P0_D0_Q0_s24,2,1,0,0,0,0,24,48,1,48,35016,0.05,True,joint Ljung-Box and residual ACF rule,[],residual_acf,16,-0.10590441140460485,0.05,True
2020-01-01,2023-12-31,Germany,sarima_p2_d1_q0_P0_D0_Q0_s24,2,1,0,0,0,0,24,48,1,48,35016,0.05,True,joint Ljung-Box and residual ACF rule,[],residual_acf,17,-0.13412881740918822,0.05,True
2020-01-01,2023-12-31,Germany,sarima_p2_d1_q0_P0_D0_Q0_s24,2,1,0,0,0,0,24,48,1,48,35016,0.05,True,joint Ljung-Box and residual ACF rule,[],residual_acf,18,-0.11162871444664754,0.05,True
2020-01-01,2023-12-31,Germany,sarima_p2_d1_q0_P0_D0_Q0_s24,2,1,0,0,0,0,24,48,1,48,35016,0.05,True,joint Ljung-Box and residual ACF rule,[],residual_acf,19,0.043779091572705,0.05,False
2020-01-01,2023-12-31,Germany,sarima_p2_d1_q0_P0_D0_Q0_s24,2,1,0,0,0,0,24,48,1,48,35016,0.05,True,joint Ljung-Box and residual ACF rule,[],residual_acf,20,0.054922284401000304,0.05,True
2020-01-01,2023-12-31,Germany,sarima_p2_d1_q0_P0_D0_Q0_s24,2,1,0,0,0,0,24,48,1,48,35016,0.05,True,joint Ljung-Box and residual ACF rule,[],residual_acf,21,0.011896121381229629,0.05,False
2020-01-01,2023-12-31,Germany,sarima_p2_d1_q0_P0_D0_Q0_s24,2,1,0,0,0,0,24,48,1,48,35016,0.05,True,joint Ljung-Box and residual ACF rule,[],residual_acf,22,-0.03151714239067772,0.05,False
2020-01-01,2023-12-31,Germany,sarima_p2_d1_q0_P0_D0_Q0_s24,2,1,0,0,0,0,24,48,1,48,35016,0.05,True,joint Ljung-Box and residual ACF rule,[],residual_acf,23,0.08392581791086767,0.05,True
2020-01-01,2023-12-31,Germany,sarima_p2_d1_q0_P0_D0_Q0_s24,2,1,0,0,0,0,24,48,1,48,35016,0.05,True,joint Ljung-Box and residual ACF rule,[],residual_acf,24,0.7306811844543745,0.05,True
2020-01-01,2023-12-31,Germany,sarima_p2_d1_q0_P0_D0_Q0_s24,2,1,0,0,0,0,24,48,1,48,35016,0.05,True,joint Ljung-Box and residual ACF rule,[],residual_acf,25,0.09685747478812774,0.05,True
2020-01-01,2023-12-31,Germany,sarima_p2_d1_q0_P0_D0_Q0_s24,2,1,0,0,0,0,24,48,1,48,35016,0.05,True,joint Ljung-Box and residual ACF rule,[],residual_acf,26,-0.01368627867171963,0.05,False
2020-01-01,2023-12-31,Germany,sarima_p2_d1_q0_P0_D0_Q0_s24,2,1,0,0,0,0,24,48,1,48,35016,0.05,True,joint Ljung-Box and residual ACF rule,[],residual_acf,27,-0.0028954220127007926,0.05,False
2020-01-01,2023-12-31,Germany,sarima_p2_d1_q0_P0_D0_Q0_s24,2,1,0,0,0,0,24,48,1,48,35016,0.05,True,joint Ljung-Box and residual ACF rule,[],residual_acf,28,0.062117748094103524,0.05,True
2020-01-01,2023-12-31,Germany,sarima_p2_d1_q0_P0_D0_Q0_s24,2,1,0,0,0,0,24,48,1,48,35016,0.05,True,joint Ljung-Box and residual ACF rule,[],residual_acf,29,0.027092118668134435,0.05,False
2020-01-01,2023-12-31,Germany,sarima_p2_d1_q0_P0_D0_Q0_s24,2,1,0,0,0,0,24,48,1,48,35016,0.05,True,joint Ljung-Box and residual ACF rule,[],residual_acf,30,-0.10875549222651419,0.05,True
2020-01-01,2023-12-31,Germany,sarima_p2_d1_q0_P0_D0_Q0_s24,2,1,0,0,0,0,24,48,1,48,35016,0.05,True,joint Ljung-Box and residual ACF rule,[],residual_acf,31,-0.1436748239964839,0.05,True
2020-01-01,2023-12-31,Germany,sarima_p2_d1_q0_P0_D0_Q0_s24,2,1,0,0,0,0,24,48,1,48,35016,0.05,True,joint Ljung-Box and residual ACF rule,[],residual_acf,32,-0.07318625720914985,0.05,True
2020-01-01,2023-12-31,Germany,sarima_p2_d1_q0_P0_D0_Q0_s24,2,1,0,0,0,0,24,48,1,48,35016,0.05,True,joint Ljung-Box and residual ACF rule,[],residual_acf,33,-0.0809038009518305,0.05,True
2020-01-01,2023-12-31,Germany,sarima_p2_d1_q0_P0_D0_Q0_s24,2,1,0,0,0,0,24,48,1,48,35016,0.05,True,joint Ljung-Box and residual ACF rule,[],residual_acf,34,-0.1074780050756341,0.05,True
2020-01-01,2023-12-31,Germany,sarima_p2_d1_q0_P0_D0_Q0_s24,2,1,0,0,0,0,24,48,1,48,35016,0.05,True,joint Ljung-Box and residual ACF rule,[],residual_acf,35,0.026067142958322815,0.05,False
2020-01-01,2023-12-31,Germany,sarima_p2_d1_q0_P0_D0_Q0_s24,2,1,0,0,0,0,24,48,1,48,35016,0.05,True,joint Ljung-Box and residual ACF rule,[],residual_acf,36,-0.06887318588522193,0.05,True
2020-01-01,2023-12-31,Germany,sarima_p2_d1_q0_P0_D0_Q0_s24,2,1,0,0,0,0,24,48,1,48,35016,0.05,True,joint Ljung-Box and residual ACF rule,[],residual_acf,37,0.05715962118794816,0.05,True
2020-01-01,2023-12-31,Germany,sarima_p2_d1_q0_P0_D0_Q0_s24,2,1,0,0,0,0,24,48,1,48,35016,0.05,True,joint Ljung-Box and residual ACF rule,[],residual_acf,38,-0.11274619899563208,0.05,True
2020-01-01,2023-12-31,Germany,sarima_p2_d1_q0_P0_D0_Q0_s24,2,1,0,0,0,0,24,48,1,48,35016,0.05,True,joint Ljung-Box and residual ACF rule,[],residual_acf,39,-0.09563825443476762,0.05,True
2020-01-01,2023-12-31,Germany,sarima_p2_d1_q0_P0_D0_Q0_s24,2,1,0,0,0,0,24,48,1,48,35016,0.05,True,joint Ljung-Box and residual ACF rule,[],residual_acf,40,-0.08904829294989415,0.05,True
2020-01-01,2023-12-31,Germany,sarima_p2_d1_q0_P0_D0_Q0_s24,2,1,0,0,0,0,24,48,1,48,35016,0.05,True,joint Ljung-Box and residual ACF rule,[],residual_acf,41,-0.14171577477361452,0.05,True
2020-01-01,2023-12-31,Germany,sarima_p2_d1_q0_P0_D0_Q0_s24,2,1,0,0,0,0,24,48,1,48,35016,0.05,True,joint Ljung-Box and residual ACF rule,[],residual_acf,42,-0.11617910600112848,0.05,True
2020-01-01,2023-12-31,Germany,sarima_p2_d1_q0_P0_D0_Q0_s24,2,1,0,0,0,0,24,48,1,48,35016,0.05,True,joint Ljung-Box and residual ACF rule,[],residual_acf,43,0.03538215898209845,0.05,False
2020-01-01,2023-12-31,Germany,sarima_p2_d1_q0_P0_D0_Q0_s24,2,1,0,0,0,0,24,48,1,48,35016,0.05,True,joint Ljung-Box and residual ACF rule,[],residual_acf,44,0.04632292526719409,0.05,False
2020-01-01,2023-12-31,Germany,sarima_p2_d1_q0_P0_D0_Q0_s24,2,1,0,0,0,0,24,48,1,48,35016,0.05,True,joint Ljung-Box and residual ACF rule,[],residual_acf,45,0.03546643168728102,0.05,False
2020-01-01,2023-12-31,Germany,sarima_p2_d1_q0_P0_D0_Q0_s24,2,1,0,0,0,0,24,48,1,48,35016,0.05,True,joint Ljung-Box and residual ACF rule,[],residual_acf,46,0.002523190668460931,0.05,False
2020-01-01,2023-12-31,Germany,sarima_p2_d1_q0_P0_D0_Q0_s24,2,1,0,0,0,0,24,48,1,48,35016,0.05,True,joint Ljung-Box and residual ACF rule,[],residual_acf,47,0.07941878313295765,0.05,True
2020-01-01,2023-12-31,Germany,sarima_p2_d1_q0_P0_D0_Q0_s24,2,1,0,0,0,0,24,48,1,48,35016,0.05,True,joint Ljung-Box and residual ACF rule,[],residual_acf,48,0.6277798040815781,0.05,True
2020-01-01,2023-12-31,Germany,sarima_p2_d1_q0_P0_D0_Q0_s24,2,1,0,0,0,0,24,48,1,48,35016,0.05,True,joint Ljung-Box and residual ACF rule,[],ljung_box_statistic,24,24247.923275348574,0.05,True
2020-01-01,2023-12-31,Germany,sarima_p2_d1_q0_P0_D0_Q0_s24,2,1,0,0,0,0,24,48,1,48,35016,0.05,True,joint Ljung-Box and residual ACF rule,[],ljung_box_pvalue,24,0.0,0.05,True
2020-01-01,2023-12-31,Germany,sarima_p2_d1_q0_P0_D0_Q0_s24,2,1,0,0,0,0,24,48,1,48,35016,0.05,True,joint Ljung-Box and residual ACF rule,[],ljung_box_statistic,48,43435.24624271934,0.05,True
2020-01-01,2023-12-31,Germany,sarima_p2_d1_q0_P0_D0_Q0_s24,2,1,0,0,0,0,24,48,1,48,35016,0.05,True,joint Ljung-Box and residual ACF rule,[],ljung_box_pvalue,48,0.0,0.05,True
2020-01-01,2023-12-31,Germany,sarima_p0_d1_q2_P0_D0_Q0_s24,0,1,2,0,0,0,24,48,1,48,35016,0.05,True,joint Ljung-Box and residual ACF rule,[],residual_acf,1,0.17338166911789513,0.05,True
2020-01-01,2023-12-31,Germany,sarima_p0_d1_q2_P0_D0_Q0_s24,0,1,2,0,0,0,24,48,1,48,35016,0.05,True,joint Ljung-Box and residual ACF rule,[],residual_acf,2,0.2555799208261426,0.05,True
2020-01-01,2023-12-31,Germany,sarima_p0_d1_q2_P0_D0_Q0_s24,0,1,2,0,0,0,24,48,1,48,35016,0.05,True,joint Ljung-Box and residual ACF rule,[],residual_acf,3,0.1790096077646677,0.05,True
2020-01-01,2023-12-31,Germany,sarima_p0_d1_q2_P0_D0_Q0_s24,0,1,2,0,0,0,24,48,1,48,35016,0.05,True,joint Ljung-Box and residual ACF rule,[],residual_acf,4,-0.07756774675338739,0.05,True
2020-01-01,2023-12-31,Germany,sarima_p0_d1_q2_P0_D0_Q0_s24,0,1,2,0,0,0,24,48,1,48,35016,0.05,True,joint Ljung-Box and residual ACF rule,[],residual_acf,5,0.01435243309485215,0.05,False
2020-01-01,2023-12-31,Germany,sarima_p0_d1_q2_P0_D0_Q0_s24,0,1,2,0,0,0,24,48,1,48,35016,0.05,True,joint Ljung-Box and residual ACF rule,[],residual_acf,6,-0.16827776855263296,0.05,True
2020-01-01,2023-12-31,Germany,sarima_p0_d1_q2_P0_D0_Q0_s24,0,1,2,0,0,0,24,48,1,48,35016,0.05,True,joint Ljung-Box and residual ACF rule,[],residual_acf,7,-0.23826502229861407,0.05,True
2020-01-01,2023-12-31,Germany,sarima_p0_d1_q2_P0_D0_Q0_s24,0,1,2,0,0,0,24,48,1,48,35016,0.05,True,joint Ljung-Box and residual ACF rule,[],residual_acf,8,-0.13655909862760374,0.05,True
2020-01-01,2023-12-31,Germany,sarima_p0_d1_q2_P0_D0_Q0_s24,0,1,2,0,0,0,24,48,1,48,35016,0.05,True,joint Ljung-Box and residual ACF rule,[],residual_acf,9,-0.2012771706232662,0.05,True
2020-01-01,2023-12-31,Germany,sarima_p0_d1_q2_P0_D0_Q0_s24,0,1,2,0,0,0,24,48,1,48,35016,0.05,True,joint Ljung-Box and residual ACF rule,[],residual_acf,10,-0.14820602135800406,0.05,True
2020-01-01,2023-12-31,Germany,sarima_p0_d1_q2_P0_D0_Q0_s24,0,1,2,0,0,0,24,48,1,48,35016,0.05,True,joint Ljung-Box and residual ACF rule,[],residual_acf,11,0.0015528005875106523,0.05,False
2020-01-01,2023-12-31,Germany,sarima_p0_d1_q2_P0_D0_Q0_s24,0,1,2,0,0,0,24,48,1,48,35016,0.05,True,joint Ljung-Box and residual ACF rule,[],residual_acf,12,-0.1492952664751758,0.05,True
2020-01-01,2023-12-31,Germany,sarima_p0_d1_q2_P0_D0_Q0_s24,0,1,2,0,0,0,24,48,1,48,35016,0.05,True,joint Ljung-Box and residual ACF rule,[],residual_acf,13,0.01759263746735092,0.05,False
2020-01-01,2023-12-31,Germany,sarima_p0_d1_q2_P0_D0_Q0_s24,0,1,2,0,0,0,24,48,1,48,35016,0.05,True,joint Ljung-Box and residual ACF rule,[],residual_acf,14,-0.166628652733458,0.05,True
2020-01-01,2023-12-31,Germany,sarima_p0_d1_q2_P0_D0_Q0_s24,0,1,2,0,0,0,24,48,1,48,35016,0.05,True,joint Ljung-Box and residual ACF rule,[],residual_acf,15,-0.20421382794202106,0.05,True
2020-01-01,2023-12-31,Germany,sarima_p0_d1_q2_P0_D0_Q0_s24,0,1,2,0,0,0,24,48,1,48,35016,0.05,True,joint Ljung-Box and residual ACF rule,[],residual_acf,16,-0.16198917458920425,0.05,True
2020-01-01,2023-12-31,Germany,sarima_p0_d1_q2_P0_D0_Q0_s24,0,1,2,0,0,0,24,48,1,48,35016,0.05,True,joint Ljung-Box and residual ACF rule,[],residual_acf,17,-0.243106017954963,0.05,True
2020-01-01,2023-12-31,Germany,sarima_p0_d1_q2_P0_D0_Q0_s24,0,1,2,0,0,0,24,48,1,48,35016,0.05,True,joint Ljung-Box and residual ACF rule,[],residual_acf,18,-0.1709120144517501,0.05,True
2020-01-01,2023-12-31,Germany,sarima_p0_d1_q2_P0_D0_Q0_s24,0,1,2,0,0,0,24,48,1,48,35016,0.05,True,joint Ljung-Box and residual ACF rule,[],residual_acf,19,0.0020922819671670206,0.05,False
2020-01-01,2023-12-31,Germany,sarima_p0_d1_q2_P0_D0_Q0_s24,0,1,2,0,0,0,24,48,1,48,35016,0.05,True,joint Ljung-Box and residual ACF rule,[],residual_acf,20,-0.04548644436405482,0.05,False
2020-01-01,2023-12-31,Germany,sarima_p0_d1_q2_P0_D0_Q0_s24,0,1,2,0,0,0,24,48,1,48,35016,0.05,True,joint Ljung-Box and residual ACF rule,[],residual_acf,21,0.17147319055198884,0.05,True
2020-01-01,2023-12-31,Germany,sarima_p0_d1_q2_P0_D0_Q0_s24,0,1,2,0,0,0,24,48,1,48,35016,0.05,True,joint Ljung-Box and residual ACF rule,[],residual_acf,22,0.2210162317511088,0.05,True
2020-01-01,2023-12-31,Germany,sarima_p0_d1_q2_P0_D0_Q0_s24,0,1,2,0,0,0,24,48,1,48,35016,0.05,True,joint Ljung-Box and residual ACF rule,[],residual_acf,23,0.23839727984567016,0.05,True
2020-01-01,2023-12-31,Germany,sarima_p0_d1_q2_P0_D0_Q0_s24,0,1,2,0,0,0,24,48,1,48,35016,0.05,True,joint Ljung-Box and residual ACF rule,[],residual_acf,24,0.7728239783433857,0.05,True
2020-01-01,2023-12-31,Germany,sarima_p0_d1_q2_P0_D0_Q0_s24,0,1,2,0,0,0,24,48,1,48,35016,0.05,True,joint Ljung-Box and residual ACF rule,[],residual_acf,25,0.24357248714980073,0.05,True
2020-01-01,2023-12-31,Germany,sarima_p0_d1_q2_P0_D0_Q0_s24,0,1,2,0,0,0,24,48,1,48,35016,0.05,True,joint Ljung-Box and residual ACF rule,[],residual_acf,26,0.2353062317383346,0.05,True
2020-01-01,2023-12-31,Germany,sarima_p0_d1_q2_P0_D0_Q0_s24,0,1,2,0,0,0,24,48,1,48,35016,0.05,True,joint Ljung-Box and residual ACF rule,[],residual_acf,27,0.160030884471199,0.05,True
2020-01-01,2023-12-31,Germany,sarima_p0_d1_q2_P0_D0_Q0_s24,0,1,2,0,0,0,24,48,1,48,35016,0.05,True,joint Ljung-Box and residual ACF rule,[],residual_acf,28,-0.03936728631658376,0.05,False
2020-01-01,2023-12-31,Germany,sarima_p0_d1_q2_P0_D0_Q0_s24,0,1,2,0,0,0,24,48,1,48,35016,0.05,True,joint Ljung-Box and residual ACF rule,[],residual_acf,29,-0.0093361924250926,0.05,False
2020-01-01,2023-12-31,Germany,sarima_p0_d1_q2_P0_D0_Q0_s24,0,1,2,0,0,0,24,48,1,48,35016,0.05,True,joint Ljung-Box and residual ACF rule,[],residual_acf,30,-0.1673269298244603,0.05,True
2020-01-01,2023-12-31,Germany,sarima_p0_d1_q2_P0_D0_Q0_s24,0,1,2,0,0,0,24,48,1,48,35016,0.05,True,joint Ljung-Box and residual ACF rule,[],residual_acf,31,-0.23583519991702132,0.05,True
2020-01-01,2023-12-31,Germany,sarima_p0_d1_q2_P0_D0_Q0_s24,0,1,2,0,0,0,24,48,1,48,35016,0.05,True,joint Ljung-Box and residual ACF rule,[],residual_acf,32,-0.13748580954696948,0.05,True
2020-01-01,2023-12-31,Germany,sarima_p0_d1_q2_P0_D0_Q0_s24,0,1,2,0,0,0,24,48,1,48,35016,0.05,True,joint Ljung-Box and residual ACF rule,[],residual_acf,33,-0.1884964472231186,0.05,True
2020-01-01,2023-12-31,Germany,sarima_p0_d1_q2_P0_D0_Q0_s24,0,1,2,0,0,0,24,48,1,48,35016,0.05,True,joint Ljung-Box and residual ACF rule,[],residual_acf,34,-0.14224384362214293,0.05,True
2020-01-01,2023-12-31,Germany,sarima_p0_d1_q2_P0_D0_Q0_s24,0,1,2,0,0,0,24,48,1,48,35016,0.05,True,joint Ljung-Box and residual ACF rule,[],residual_acf,35,-0.010231361183000926,0.05,False
2020-01-01,2023-12-31,Germany,sarima_p0_d1_q2_P0_D0_Q0_s24,0,1,2,0,0,0,24,48,1,48,35016,0.05,True,joint Ljung-Box and residual ACF rule,[],residual_acf,36,-0.1350029236771912,0.05,True
2020-01-01,2023-12-31,Germany,sarima_p0_d1_q2_P0_D0_Q0_s24,0,1,2,0,0,0,24,48,1,48,35016,0.05,True,joint Ljung-Box and residual ACF rule,[],residual_acf,37,0.004864871844781954,0.05,False
2020-01-01,2023-12-31,Germany,sarima_p0_d1_q2_P0_D0_Q0_s24,0,1,2,0,0,0,24,48,1,48,35016,0.05,True,joint Ljung-Box and residual ACF rule,[],residual_acf,38,-0.1543594319857826,0.05,True
2020-01-01,2023-12-31,Germany,sarima_p0_d1_q2_P0_D0_Q0_s24,0,1,2,0,0,0,24,48,1,48,35016,0.05,True,joint Ljung-Box and residual ACF rule,[],residual_acf,39,-0.1992160091424236,0.05,True
2020-01-01,2023-12-31,Germany,sarima_p0_d1_q2_P0_D0_Q0_s24,0,1,2,0,0,0,24,48,1,48,35016,0.05,True,joint Ljung-Box and residual ACF rule,[],residual_acf,40,-0.15139226636377273,0.05,True
2020-01-01,2023-12-31,Germany,sarima_p0_d1_q2_P0_D0_Q0_s24,0,1,2,0,0,0,24,48,1,48,35016,0.05,True,joint Ljung-Box and residual ACF rule,[],residual_acf,41,-0.24335700235592939,0.05,True
2020-01-01,2023-12-31,Germany,sarima_p0_d1_q2_P0_D0_Q0_s24,0,1,2,0,0,0,24,48,1,48,35016,0.05,True,joint Ljung-Box and residual ACF rule,[],residual_acf,42,-0.17156913380702152,0.05,True
2020-01-01,2023-12-31,Germany,sarima_p0_d1_q2_P0_D0_Q0_s24,0,1,2,0,0,0,24,48,1,48,35016,0.05,True,joint Ljung-Box and residual ACF rule,[],residual_acf,43,0.0010868910262570996,0.05,False
2020-01-01,2023-12-31,Germany,sarima_p0_d1_q2_P0_D0_Q0_s24,0,1,2,0,0,0,24,48,1,48,35016,0.05,True,joint Ljung-Box and residual ACF rule,[],residual_acf,44,-0.03972643033626335,0.05,False
2020-01-01,2023-12-31,Germany,sarima_p0_d1_q2_P0_D0_Q0_s24,0,1,2,0,0,0,24,48,1,48,35016,0.05,True,joint Ljung-Box and residual ACF rule,[],residual_acf,45,0.17763520910255676,0.05,True
2020-01-01,2023-12-31,Germany,sarima_p0_d1_q2_P0_D0_Q0_s24,0,1,2,0,0,0,24,48,1,48,35016,0.05,True,joint Ljung-Box and residual ACF rule,[],residual_acf,46,0.2257071522082842,0.05,True
2020-01-01,2023-12-31,Germany,sarima_p0_d1_q2_P0_D0_Q0_s24,0,1,2,0,0,0,24,48,1,48,35016,0.05,True,joint Ljung-Box and residual ACF rule,[],residual_acf,47,0.22640965254411027,0.05,True
2020-01-01,2023-12-31,Germany,sarima_p0_d1_q2_P0_D0_Q0_s24,0,1,2,0,0,0,24,48,1,48,35016,0.05,True,joint Ljung-Box and residual ACF rule,[],residual_acf,48,0.6929134979529896,0.05,True
2020-01-01,2023-12-31,Germany,sarima_p0_d1_q2_P0_D0_Q0_s24,0,1,2,0,0,0,24,48,1,48,35016,0.05,True,joint Ljung-Box and residual ACF rule,[],ljung_box_statistic,24,43476.01478141347,0.05,True
2020-01-01,2023-12-31,Germany,sarima_p0_d1_q2_P0_D0_Q0_s24,0,1,2,0,0,0,24,48,1,48,35016,0.05,True,joint Ljung-Box and residual ACF rule,[],ljung_box_pvalue,24,0.0,0.05,True
2020-01-01,2023-12-31,Germany,sarima_p0_d1_q2_P0_D0_Q0_s24,0,1,2,0,0,0,24,48,1,48,35016,0.05,True,joint Ljung-Box and residual ACF rule,[],ljung_box_statistic,48,82361.6295254644,0.05,True
2020-01-01,2023-12-31,Germany,sarima_p0_d1_q2_P0_D0_Q0_s24,0,1,2,0,0,0,24,48,1,48,35016,0.05,True,joint Ljung-Box and residual ACF rule,[],ljung_box_pvalue,48,0.0,0.05,True
2020-01-01,2023-12-31,Germany,sarima_p0_d1_q0_P1_D0_Q0_s24,0,1,0,1,0,0,24,48,1,48,35016,0.05,True,joint Ljung-Box and residual ACF rule,[],residual_acf,1,0.6240391756256098,0.05,True
2020-01-01,2023-12-31,Germany,sarima_p0_d1_q0_P1_D0_Q0_s24,0,1,0,1,0,0,24,48,1,48,35016,0.05,True,joint Ljung-Box and residual ACF rule,[],residual_acf,2,0.2369568289081502,0.05,True
2020-01-01,2023-12-31,Germany,sarima_p0_d1_q0_P1_D0_Q0_s24,0,1,0,1,0,0,24,48,1,48,35016,0.05,True,joint Ljung-Box and residual ACF rule,[],residual_acf,3,-0.0011672366277075315,0.05,False
2020-01-01,2023-12-31,Germany,sarima_p0_d1_q0_P1_D0_Q0_s24,0,1,0,1,0,0,24,48,1,48,35016,0.05,True,joint Ljung-Box and residual ACF rule,[],residual_acf,4,-0.04876589144951622,0.05,False
2020-01-01,2023-12-31,Germany,sarima_p0_d1_q0_P1_D0_Q0_s24,0,1,0,1,0,0,24,48,1,48,35016,0.05,True,joint Ljung-Box and residual ACF rule,[],residual_acf,5,-0.02016729316200993,0.05,False
2020-01-01,2023-12-31,Germany,sarima_p0_d1_q0_P1_D0_Q0_s24,0,1,0,1,0,0,24,48,1,48,35016,0.05,True,joint Ljung-Box and residual ACF rule,[],residual_acf,6,0.03828158080211147,0.05,False
2020-01-01,2023-12-31,Germany,sarima_p0_d1_q0_P1_D0_Q0_s24,0,1,0,1,0,0,24,48,1,48,35016,0.05,True,joint Ljung-Box and residual ACF rule,[],residual_acf,7,0.061004380447877864,0.05,True
2020-01-01,2023-12-31,Germany,sarima_p0_d1_q0_P1_D0_Q0_s24,0,1,0,1,0,0,24,48,1,48,35016,0.05,True,joint Ljung-Box and residual ACF rule,[],residual_acf,8,0.05294827938671111,0.05,True
2020-01-01,2023-12-31,Germany,sarima_p0_d1_q0_P1_D0_Q0_s24,0,1,0,1,0,0,24,48,1,48,35016,0.05,True,joint Ljung-Box and residual ACF rule,[],residual_acf,9,0.028152088197242298,0.05,False
2020-01-01,2023-12-31,Germany,sarima_p0_d1_q0_P1_D0_Q0_s24,0,1,0,1,0,0,24,48,1,48,35016,0.05,True,joint Ljung-Box and residual ACF rule,[],residual_acf,10,0.0012500991030978859,0.05,False
2020-01-01,2023-12-31,Germany,sarima_p0_d1_q0_P1_D0_Q0_s24,0,1,0,1,0,0,24,48,1,48,35016,0.05,True,joint Ljung-Box and residual ACF rule,[],residual_acf,11,-0.015341556238062054,0.05,False
2020-01-01,2023-12-31,Germany,sarima_p0_d1_q0_P1_D0_Q0_s24,0,1,0,1,0,0,24,48,1,48,35016,0.05,True,joint Ljung-Box and residual ACF rule,[],residual_acf,12,-0.014422433082034544,0.05,False
2020-01-01,2023-12-31,Germany,sarima_p0_d1_q0_P1_D0_Q0_s24,0,1,0,1,0,0,24,48,1,48,35016,0.05,True,joint Ljung-Box and residual ACF rule,[],residual_acf,13,-0.022131655592817916,0.05,False
2020-01-01,2023-12-31,Germany,sarima_p0_d1_q0_P1_D0_Q0_s24,0,1,0,1,0,0,24,48,1,48,35016,0.05,True,joint Ljung-Box and residual ACF rule,[],residual_acf,14,-0.10282597567643562,0.05,True
2020-01-01,2023-12-31,Germany,sarima_p0_d1_q0_P1_D0_Q0_s24,0,1,0,1,0,0,24,48,1,48,35016,0.05,True,joint Ljung-Box and residual ACF rule,[],residual_acf,15,-0.17091094876054116,0.05,True
2020-01-01,2023-12-31,Germany,sarima_p0_d1_q0_P1_D0_Q0_s24,0,1,0,1,0,0,24,48,1,48,35016,0.05,True,joint Ljung-Box and residual ACF rule,[],residual_acf,16,-0.18728605957131916,0.05,True
2020-01-01,2023-12-31,Germany,sarima_p0_d1_q0_P1_D0_Q0_s24,0,1,0,1,0,0,24,48,1,48,35016,0.05,True,joint Ljung-Box and residual ACF rule,[],residual_acf,17,-0.13171875858650278,0.05,True
2020-01-01,2023-12-31,Germany,sarima_p0_d1_q0_P1_D0_Q0_s24,0,1,0,1,0,0,24,48,1,48,35016,0.05,True,joint Ljung-Box and residual ACF rule,[],residual_acf,18,-0.0638841407671214,0.05,True
2020-01-01,2023-12-31,Germany,sarima_p0_d1_q0_P1_D0_Q0_s24,0,1,0,1,0,0,24,48,1,48,35016,0.05,True,joint Ljung-Box and residual ACF rule,[],residual_acf,19,-0.0036321731343585493,0.05,False
2020-01-01,2023-12-31,Germany,sarima_p0_d1_q0_P1_D0_Q0_s24,0,1,0,1,0,0,24,48,1,48,35016,0.05,True,joint Ljung-Box and residual ACF rule,[],residual_acf,20,0.006799010511112688,0.05,False
2020-01-01,2023-12-31,Germany,sarima_p0_d1_q0_P1_D0_Q0_s24,0,1,0,1,0,0,24,48,1,48,35016,0.05,True,joint Ljung-Box and residual ACF rule,[],residual_acf,21,-0.008796412030997024,0.05,False
2020-01-01,2023-12-31,Germany,sarima_p0_d1_q0_P1_D0_Q0_s24,0,1,0,1,0,0,24,48,1,48,35016,0.05,True,joint Ljung-Box and residual ACF rule,[],residual_acf,22,-0.04064448870294198,0.05,False
2020-01-01,2023-12-31,Germany,sarima_p0_d1_q0_P1_D0_Q0_s24,0,1,0,1,0,0,24,48,1,48,35016,0.05,True,joint Ljung-Box and residual ACF rule,[],residual_acf,23,-0.05399561420330754,0.05,True
2020-01-01,2023-12-31,Germany,sarima_p0_d1_q0_P1_D0_Q0_s24,0,1,0,1,0,0,24,48,1,48,35016,0.05,True,joint Ljung-Box and residual ACF rule,[],residual_acf,24,-0.10297490473402415,0.05,True
2020-01-01,2023-12-31,Germany,sarima_p0_d1_q0_P1_D0_Q0_s24,0,1,0,1,0,0,24,48,1,48,35016,0.05,True,joint Ljung-Box and residual ACF rule,[],residual_acf,25,0.006060533382068211,0.05,False
2020-01-01,2023-12-31,Germany,sarima_p0_d1_q0_P1_D0_Q0_s24,0,1,0,1,0,0,24,48,1,48,35016,0.05,True,joint Ljung-Box and residual ACF rule,[],residual_acf,26,0.026505326420485937,0.05,False
2020-01-01,2023-12-31,Germany,sarima_p0_d1_q0_P1_D0_Q0_s24,0,1,0,1,0,0,24,48,1,48,35016,0.05,True,joint Ljung-Box and residual ACF rule,[],residual_acf,27,0.004376512169709332,0.05,False
2020-01-01,2023-12-31,Germany,sarima_p0_d1_q0_P1_D0_Q0_s24,0,1,0,1,0,0,24,48,1,48,35016,0.05,True,joint Ljung-Box and residual ACF rule,[],residual_acf,28,-0.0224556020559274,0.05,False
2020-01-01,2023-12-31,Germany,sarima_p0_d1_q0_P1_D0_Q0_s24,0,1,0,1,0,0,24,48,1,48,35016,0.05,True,joint Ljung-Box and residual ACF rule,[],residual_acf,29,-0.041322238873015844,0.05,False
2020-01-01,2023-12-31,Germany,sarima_p0_d1_q0_P1_D0_Q0_s24,0,1,0,1,0,0,24,48,1,48,35016,0.05,True,joint Ljung-Box and residual ACF rule,[],residual_acf,30,-0.034486238002737306,0.05,False
2020-01-01,2023-12-31,Germany,sarima_p0_d1_q0_P1_D0_Q0_s24,0,1,0,1,0,0,24,48,1,48,35016,0.05,True,joint Ljung-Box and residual ACF rule,[],residual_acf,31,-0.0038278343692034113,0.05,False
2020-01-01,2023-12-31,Germany,sarima_p0_d1_q0_P1_D0_Q0_s24,0,1,0,1,0,0,24,48,1,48,35016,0.05,True,joint Ljung-Box and residual ACF rule,[],residual_acf,32,0.023848450342255172,0.05,False
2020-01-01,2023-12-31,Germany,sarima_p0_d1_q0_P1_D0_Q0_s24,0,1,0,1,0,0,24,48,1,48,35016,0.05,True,joint Ljung-Box and residual ACF rule,[],residual_acf,33,0.026159669750277996,0.05,False
2020-01-01,2023-12-31,Germany,sarima_p0_d1_q0_P1_D0_Q0_s24,0,1,0,1,0,0,24,48,1,48,35016,0.05,True,joint Ljung-Box and residual ACF rule,[],residual_acf,34,0.0058925841731654405,0.05,False
2020-01-01,2023-12-31,Germany,sarima_p0_d1_q0_P1_D0_Q0_s24,0,1,0,1,0,0,24,48,1,48,35016,0.05,True,joint Ljung-Box and residual ACF rule,[],residual_acf,35,-0.012281289241647892,0.05,False
2020-01-01,2023-12-31,Germany,sarima_p0_d1_q0_P1_D0_Q0_s24,0,1,0,1,0,0,24,48,1,48,35016,0.05,True,joint Ljung-Box and residual ACF rule,[],residual_acf,36,-0.0033963232008430064,0.05,False
2020-01-01,2023-12-31,Germany,sarima_p0_d1_q0_P1_D0_Q0_s24,0,1,0,1,0,0,24,48,1,48,35016,0.05,True,joint Ljung-Box and residual ACF rule,[],residual_acf,37,-0.0037862073116691807,0.05,False
2020-01-01,2023-12-31,Germany,sarima_p0_d1_q0_P1_D0_Q0_s24,0,1,0,1,0,0,24,48,1,48,35016,0.05,True,joint Ljung-Box and residual ACF rule,[],residual_acf,38,-0.02118524868112401,0.05,False
2020-01-01,2023-12-31,Germany,sarima_p0_d1_q0_P1_D0_Q0_s24,0,1,0,1,0,0,24,48,1,48,35016,0.05,True,joint Ljung-Box and residual ACF rule,[],residual_acf,39,-0.04118528081606554,0.05,False
2020-01-01,2023-12-31,Germany,sarima_p0_d1_q0_P1_D0_Q0_s24,0,1,0,1,0,0,24,48,1,48,35016,0.05,True,joint Ljung-Box and residual ACF rule,[],residual_acf,40,-0.047487885978685404,0.05,False
2020-01-01,2023-12-31,Germany,sarima_p0_d1_q0_P1_D0_Q0_s24,0,1,0,1,0,0,24,48,1,48,35016,0.05,True,joint Ljung-Box and residual ACF rule,[],residual_acf,41,-0.04484434408152813,0.05,False
2020-01-01,2023-12-31,Germany,sarima_p0_d1_q0_P1_D0_Q0_s24,0,1,0,1,0,0,24,48,1,48,35016,0.05,True,joint Ljung-Box and residual ACF rule,[],residual_acf,42,-0.03620311411546544,0.05,False
2020-01-01,2023-12-31,Germany,sarima_p0_d1_q0_P1_D0_Q0_s24,0,1,0,1,0,0,24,48,1,48,35016,0.05,True,joint Ljung-Box and residual ACF rule,[],residual_acf,43,-0.0089372825225316,0.05,False
2020-01-01,2023-12-31,Germany,sarima_p0_d1_q0_P1_D0_Q0_s24,0,1,0,1,0,0,24,48,1,48,35016,0.05,True,joint Ljung-Box and residual ACF rule,[],residual_acf,44,0.02143310263201189,0.05,False
2020-01-01,2023-12-31,Germany,sarima_p0_d1_q0_P1_D0_Q0_s24,0,1,0,1,0,0,24,48,1,48,35016,0.05,True,joint Ljung-Box and residual ACF rule,[],residual_acf,45,0.03319327102377397,0.05,False
2020-01-01,2023-12-31,Germany,sarima_p0_d1_q0_P1_D0_Q0_s24,0,1,0,1,0,0,24,48,1,48,35016,0.05,True,joint Ljung-Box and residual ACF rule,[],residual_acf,46,-0.0275505502188253,0.05,False
2020-01-01,2023-12-31,Germany,sarima_p0_d1_q0_P1_D0_Q0_s24,0,1,0,1,0,0,24,48,1,48,35016,0.05,True,joint Ljung-Box and residual ACF rule,[],residual_acf,47,-0.15323843634823445,0.05,True
2020-01-01,2023-12-31,Germany,sarima_p0_d1_q0_P1_D0_Q0_s24,0,1,0,1,0,0,24,48,1,48,35016,0.05,True,joint Ljung-Box and residual ACF rule,[],residual_acf,48,-0.23782796491953184,0.05,True
2020-01-01,2023-12-31,Germany,sarima_p0_d1_q0_P1_D0_Q0_s24,0,1,0,1,0,0,24,48,1,48,35016,0.05,True,joint Ljung-Box and residual ACF rule,[],ljung_box_statistic,24,19951.39448454285,0.05,True
2020-01-01,2023-12-31,Germany,sarima_p0_d1_q0_P1_D0_Q0_s24,0,1,0,1,0,0,24,48,1,48,35016,0.05,True,joint Ljung-Box and residual ACF rule,[],ljung_box_pvalue,24,0.0,0.05,True
2020-01-01,2023-12-31,Germany,sarima_p0_d1_q0_P1_D0_Q0_s24,0,1,0,1,0,0,24,48,1,48,35016,0.05,True,joint Ljung-Box and residual ACF rule,[],ljung_box_statistic,48,23310.69530644265,0.05,True
2020-01-01,2023-12-31,Germany,sarima_p0_d1_q0_P1_D0_Q0_s24,0,1,0,1,0,0,24,48,1,48,35016,0.05,True,joint Ljung-Box and residual ACF rule,[],ljung_box_pvalue,48,0.0,0.05,True
2020-01-01,2023-12-31,Germany,sarima_p0_d1_q0_P0_D0_Q1_s24,0,1,0,0,0,1,24,48,1,48,35016,0.05,True,joint Ljung-Box and residual ACF rule,[],residual_acf,1,0.7200163673190287,0.05,True
2020-01-01,2023-12-31,Germany,sarima_p0_d1_q0_P0_D0_Q1_s24,0,1,0,0,0,1,24,48,1,48,35016,0.05,True,joint Ljung-Box and residual ACF rule,[],residual_acf,2,0.4205059630766497,0.05,True
2020-01-01,2023-12-31,Germany,sarima_p0_d1_q0_P0_D0_Q1_s24,0,1,0,0,0,1,24,48,1,48,35016,0.05,True,joint Ljung-Box and residual ACF rule,[],residual_acf,3,0.1832089738653899,0.05,True
2020-01-01,2023-12-31,Germany,sarima_p0_d1_q0_P0_D0_Q1_s24,0,1,0,0,0,1,24,48,1,48,35016,0.05,True,joint Ljung-Box and residual ACF rule,[],residual_acf,4,0.0316426418621904,0.05,False
2020-01-01,2023-12-31,Germany,sarima_p0_d1_q0_P0_D0_Q1_s24,0,1,0,0,0,1,24,48,1,48,35016,0.05,True,joint Ljung-Box and residual ACF rule,[],residual_acf,5,-0.08403876858371463,0.05,True
2020-01-01,2023-12-31,Germany,sarima_p0_d1_q0_P0_D0_Q1_s24,0,1,0,0,0,1,24,48,1,48,35016,0.05,True,joint Ljung-Box and residual ACF rule,[],residual_acf,6,-0.1742246934901691,0.05,True
2020-01-01,2023-12-31,Germany,sarima_p0_d1_q0_P0_D0_Q1_s24,0,1,0,0,0,1,24,48,1,48,35016,0.05,True,joint Ljung-Box and residual ACF rule,[],residual_acf,7,-0.2292901595866626,0.05,True
2020-01-01,2023-12-31,Germany,sarima_p0_d1_q0_P0_D0_Q1_s24,0,1,0,0,0,1,24,48,1,48,35016,0.05,True,joint Ljung-Box and residual ACF rule,[],residual_acf,8,-0.23455464319907185,0.05,True
2020-01-01,2023-12-31,Germany,sarima_p0_d1_q0_P0_D0_Q1_s24,0,1,0,0,0,1,24,48,1,48,35016,0.05,True,joint Ljung-Box and residual ACF rule,[],residual_acf,9,-0.2109693440355202,0.05,True
2020-01-01,2023-12-31,Germany,sarima_p0_d1_q0_P0_D0_Q1_s24,0,1,0,0,0,1,24,48,1,48,35016,0.05,True,joint Ljung-Box and residual ACF rule,[],residual_acf,10,-0.16763351188875247,0.05,True
2020-01-01,2023-12-31,Germany,sarima_p0_d1_q0_P0_D0_Q1_s24,0,1,0,0,0,1,24,48,1,48,35016,0.05,True,joint Ljung-Box and residual ACF rule,[],residual_acf,11,-0.12442569392386342,0.05,True
2020-01-01,2023-12-31,Germany,sarima_p0_d1_q0_P0_D0_Q1_s24,0,1,0,0,0,1,24,48,1,48,35016,0.05,True,joint Ljung-Box and residual ACF rule,[],residual_acf,12,-0.11065938622241024,0.05,True
2020-01-01,2023-12-31,Germany,sarima_p0_d1_q0_P0_D0_Q1_s24,0,1,0,0,0,1,24,48,1,48,35016,0.05,True,joint Ljung-Box and residual ACF rule,[],residual_acf,13,-0.13156540525721416,0.05,True
2020-01-01,2023-12-31,Germany,sarima_p0_d1_q0_P0_D0_Q1_s24,0,1,0,0,0,1,24,48,1,48,35016,0.05,True,joint Ljung-Box and residual ACF rule,[],residual_acf,14,-0.21376857079079037,0.05,True
2020-01-01,2023-12-31,Germany,sarima_p0_d1_q0_P0_D0_Q1_s24,0,1,0,0,0,1,24,48,1,48,35016,0.05,True,joint Ljung-Box and residual ACF rule,[],residual_acf,15,-0.2870697917454402,0.05,True
2020-01-01,2023-12-31,Germany,sarima_p0_d1_q0_P0_D0_Q1_s24,0,1,0,0,0,1,24,48,1,48,35016,0.05,True,joint Ljung-Box and residual ACF rule,[],residual_acf,16,-0.3257088478750955,0.05,True
2020-01-01,2023-12-31,Germany,sarima_p0_d1_q0_P0_D0_Q1_s24,0,1,0,0,0,1,24,48,1,48,35016,0.05,True,joint Ljung-Box and residual ACF rule,[],residual_acf,17,-0.30466518819906413,0.05,True
2020-01-01,2023-12-31,Germany,sarima_p0_d1_q0_P0_D0_Q1_s24,0,1,0,0,0,1,24,48,1,48,35016,0.05,True,joint Ljung-Box and residual ACF rule,[],residual_acf,18,-0.22047023607569458,0.05,True
2020-01-01,2023-12-31,Germany,sarima_p0_d1_q0_P0_D0_Q1_s24,0,1,0,0,0,1,24,48,1,48,35016,0.05,True,joint Ljung-Box and residual ACF rule,[],residual_acf,19,-0.08610724303916387,0.05,True
2020-01-01,2023-12-31,Germany,sarima_p0_d1_q0_P0_D0_Q1_s24,0,1,0,0,0,1,24,48,1,48,35016,0.05,True,joint Ljung-Box and residual ACF rule,[],residual_acf,20,0.046967962264283424,0.05,False
2020-01-01,2023-12-31,Germany,sarima_p0_d1_q0_P0_D0_Q1_s24,0,1,0,0,0,1,24,48,1,48,35016,0.05,True,joint Ljung-Box and residual ACF rule,[],residual_acf,21,0.1758565746227309,0.05,True
2020-01-01,2023-12-31,Germany,sarima_p0_d1_q0_P0_D0_Q1_s24,0,1,0,0,0,1,24,48,1,48,35016,0.05,True,joint Ljung-Box and residual ACF rule,[],residual_acf,22,0.3070586730331455,0.05,True
2020-01-01,2023-12-31,Germany,sarima_p0_d1_q0_P0_D0_Q1_s24,0,1,0,0,0,1,24,48,1,48,35016,0.05,True,joint Ljung-Box and residual ACF rule,[],residual_acf,23,0.43423526067081736,0.05,True
2020-01-01,2023-12-31,Germany,sarima_p0_d1_q0_P0_D0_Q1_s24,0,1,0,0,0,1,24,48,1,48,35016,0.05,True,joint Ljung-Box and residual ACF rule,[],residual_acf,24,0.4308692957261494,0.05,True
2020-01-01,2023-12-31,Germany,sarima_p0_d1_q0_P0_D0_Q1_s24,0,1,0,0,0,1,24,48,1,48,35016,0.05,True,joint Ljung-Box and residual ACF rule,[],residual_acf,25,0.45163042564917144,0.05,True
2020-01-01,2023-12-31,Germany,sarima_p0_d1_q0_P0_D0_Q1_s24,0,1,0,0,0,1,24,48,1,48,35016,0.05,True,joint Ljung-Box and residual ACF rule,[],residual_acf,26,0.3280021941730717,0.05,True
2020-01-01,2023-12-31,Germany,sarima_p0_d1_q0_P0_D0_Q1_s24,0,1,0,0,0,1,24,48,1,48,35016,0.05,True,joint Ljung-Box and residual ACF rule,[],residual_acf,27,0.18279392181084406,0.05,True
2020-01-01,2023-12-31,Germany,sarima_p0_d1_q0_P0_D0_Q1_s24,0,1,0,0,0,1,24,48,1,48,35016,0.05,True,joint Ljung-Box and residual ACF rule,[],residual_acf,28,0.04118922448244927,0.05,False
2020-01-01,2023-12-31,Germany,sarima_p0_d1_q0_P0_D0_Q1_s24,0,1,0,0,0,1,24,48,1,48,35016,0.05,True,joint Ljung-Box and residual ACF rule,[],residual_acf,29,-0.09492559476149426,0.05,True
2020-01-01,2023-12-31,Germany,sarima_p0_d1_q0_P0_D0_Q1_s24,0,1,0,0,0,1,24,48,1,48,35016,0.05,True,joint Ljung-Box and residual ACF rule,[],residual_acf,30,-0.21260073674948882,0.05,True
2020-01-01,2023-12-31,Germany,sarima_p0_d1_q0_P0_D0_Q1_s24,0,1,0,0,0,1,24,48,1,48,35016,0.05,True,joint Ljung-Box and residual ACF rule,[],residual_acf,31,-0.2720560910613324,0.05,True
2020-01-01,2023-12-31,Germany,sarima_p0_d1_q0_P0_D0_Q1_s24,0,1,0,0,0,1,24,48,1,48,35016,0.05,True,joint Ljung-Box and residual ACF rule,[],residual_acf,32,-0.27578097457277084,0.05,True
2020-01-01,2023-12-31,Germany,sarima_p0_d1_q0_P0_D0_Q1_s24,0,1,0,0,0,1,24,48,1,48,35016,0.05,True,joint Ljung-Box and residual ACF rule,[],residual_acf,33,-0.2413722079165177,0.05,True
2020-01-01,2023-12-31,Germany,sarima_p0_d1_q0_P0_D0_Q1_s24,0,1,0,0,0,1,24,48,1,48,35016,0.05,True,joint Ljung-Box and residual ACF rule,[],residual_acf,34,-0.18801717003398855,0.05,True
2020-01-01,2023-12-31,Germany,sarima_p0_d1_q0_P0_D0_Q1_s24,0,1,0,0,0,1,24,48,1,48,35016,0.05,True,joint Ljung-Box and residual ACF rule,[],residual_acf,35,-0.12762930896309632,0.05,True
2020-01-01,2023-12-31,Germany,sarima_p0_d1_q0_P0_D0_Q1_s24,0,1,0,0,0,1,24,48,1,48,35016,0.05,True,joint Ljung-Box and residual ACF rule,[],residual_acf,36,-0.10590827838789399,0.05,True
2020-01-01,2023-12-31,Germany,sarima_p0_d1_q0_P0_D0_Q1_s24,0,1,0,0,0,1,24,48,1,48,35016,0.05,True,joint Ljung-Box and residual ACF rule,[],residual_acf,37,-0.12074903975001347,0.05,True
2020-01-01,2023-12-31,Germany,sarima_p0_d1_q0_P0_D0_Q1_s24,0,1,0,0,0,1,24,48,1,48,35016,0.05,True,joint Ljung-Box and residual ACF rule,[],residual_acf,38,-0.1719485996768779,0.05,True
2020-01-01,2023-12-31,Germany,sarima_p0_d1_q0_P0_D0_Q1_s24,0,1,0,0,0,1,24,48,1,48,35016,0.05,True,joint Ljung-Box and residual ACF rule,[],residual_acf,39,-0.22570278582137118,0.05,True
2020-01-01,2023-12-31,Germany,sarima_p0_d1_q0_P0_D0_Q1_s24,0,1,0,0,0,1,24,48,1,48,35016,0.05,True,joint Ljung-Box and residual ACF rule,[],residual_acf,40,-0.25586885937626563,0.05,True
2020-01-01,2023-12-31,Germany,sarima_p0_d1_q0_P0_D0_Q1_s24,0,1,0,0,0,1,24,48,1,48,35016,0.05,True,joint Ljung-Box and residual ACF rule,[],residual_acf,41,-0.2507507759644797,0.05,True
2020-01-01,2023-12-31,Germany,sarima_p0_d1_q0_P0_D0_Q1_s24,0,1,0,0,0,1,24,48,1,48,35016,0.05,True,joint Ljung-Box and residual ACF rule,[],residual_acf,42,-0.19109389525281045,0.05,True
2020-01-01,2023-12-31,Germany,sarima_p0_d1_q0_P0_D0_Q1_s24,0,1,0,0,0,1,24,48,1,48,35016,0.05,True,joint Ljung-Box and residual ACF rule,[],residual_acf,43,-0.08219549789066455,0.05,True
2020-01-01,2023-12-31,Germany,sarima_p0_d1_q0_P0_D0_Q1_s24,0,1,0,0,0,1,24,48,1,48,35016,0.05,True,joint Ljung-Box and residual ACF rule,[],residual_acf,44,0.04880784966660183,0.05,False
2020-01-01,2023-12-31,Germany,sarima_p0_d1_q0_P0_D0_Q1_s24,0,1,0,0,0,1,24,48,1,48,35016,0.05,True,joint Ljung-Box and residual ACF rule,[],residual_acf,45,0.19573072199668692,0.05,True
2020-01-01,2023-12-31,Germany,sarima_p0_d1_q0_P0_D0_Q1_s24,0,1,0,0,0,1,24,48,1,48,35016,0.05,True,joint Ljung-Box and residual ACF rule,[],residual_acf,46,0.36516047697072385,0.05,True
2020-01-01,2023-12-31,Germany,sarima_p0_d1_q0_P0_D0_Q1_s24,0,1,0,0,0,1,24,48,1,48,35016,0.05,True,joint Ljung-Box and residual ACF rule,[],residual_acf,47,0.5437741089153264,0.05,True
2020-01-01,2023-12-31,Germany,sarima_p0_d1_q0_P0_D0_Q1_s24,0,1,0,0,0,1,24,48,1,48,35016,0.05,True,joint Ljung-Box and residual ACF rule,[],residual_acf,48,0.7070822863215837,0.05,True
2020-01-01,2023-12-31,Germany,sarima_p0_d1_q0_P0_D0_Q1_s24,0,1,0,0,0,1,24,48,1,48,35016,0.05,True,joint Ljung-Box and residual ACF rule,[],ljung_box_statistic,24,65754.2322790325,0.05,True
2020-01-01,2023-12-31,Germany,sarima_p0_d1_q0_P0_D0_Q1_s24,0,1,0,0,0,1,24,48,1,48,35016,0.05,True,joint Ljung-Box and residual ACF rule,[],ljung_box_pvalue,24,0.0,0.05,True
2020-01-01,2023-12-31,Germany,sarima_p0_d1_q0_P0_D0_Q1_s24,0,1,0,0,0,1,24,48,1,48,35016,0.05,True,joint Ljung-Box and residual ACF rule,[],ljung_box_statistic,48,132660.55604245886,0.05,True
2020-01-01,2023-12-31,Germany,sarima_p0_d1_q0_P0_D0_Q1_s24,0,1,0,0,0,1,24,48,1,48,35016,0.05,True,joint Ljung-Box and residual ACF rule,[],ljung_box_pvalue,48,0.0,0.05,True
2020-01-01,2023-12-31,Germany,sarima_p1_d1_q0_P1_D0_Q0_s24,1,1,0,1,0,0,24,48,1,48,35016,0.05,True,joint Ljung-Box and residual ACF rule,[],residual_acf,1,0.16808646700802587,0.05,True
2020-01-01,2023-12-31,Germany,sarima_p1_d1_q0_P1_D0_Q0_s24,1,1,0,1,0,0,24,48,1,48,35016,0.05,True,joint Ljung-Box and residual ACF rule,[],residual_acf,2,-0.08930907029460751,0.05,True
2020-01-01,2023-12-31,Germany,sarima_p1_d1_q0_P1_D0_Q0_s24,1,1,0,1,0,0,24,48,1,48,35016,0.05,True,joint Ljung-Box and residual ACF rule,[],residual_acf,3,-0.1865861059857713,0.05,True
2020-01-01,2023-12-31,Germany,sarima_p1_d1_q0_P1_D0_Q0_s24,1,1,0,1,0,0,24,48,1,48,35016,0.05,True,joint Ljung-Box and residual ACF rule,[],residual_acf,4,-0.08545114854312501,0.05,True
2020-01-01,2023-12-31,Germany,sarima_p1_d1_q0_P1_D0_Q0_s24,1,1,0,1,0,0,24,48,1,48,35016,0.05,True,joint Ljung-Box and residual ACF rule,[],residual_acf,5,-0.0391405014756194,0.05,False
2020-01-01,2023-12-31,Germany,sarima_p1_d1_q0_P1_D0_Q0_s24,1,1,0,1,0,0,24,48,1,48,35016,0.05,True,joint Ljung-Box and residual ACF rule,[],residual_acf,6,0.02709915252197174,0.05,False
2020-01-01,2023-12-31,Germany,sarima_p1_d1_q0_P1_D0_Q0_s24,1,1,0,1,0,0,24,48,1,48,35016,0.05,True,joint Ljung-Box and residual ACF rule,[],residual_acf,7,0.02266848677337138,0.05,False
2020-01-01,2023-12-31,Germany,sarima_p1_d1_q0_P1_D0_Q0_s24,1,1,0,1,0,0,24,48,1,48,35016,0.05,True,joint Ljung-Box and residual ACF rule,[],residual_acf,8,0.009990219955021746,0.05,False
2020-01-01,2023-12-31,Germany,sarima_p1_d1_q0_P1_D0_Q0_s24,1,1,0,1,0,0,24,48,1,48,35016,0.05,True,joint Ljung-Box and residual ACF rule,[],residual_acf,9,-0.005223022588088062,0.05,False
2020-01-01,2023-12-31,Germany,sarima_p1_d1_q0_P1_D0_Q0_s24,1,1,0,1,0,0,24,48,1,48,35016,0.05,True,joint Ljung-Box and residual ACF rule,[],residual_acf,10,-0.017110759737763107,0.05,False
2020-01-01,2023-12-31,Germany,sarima_p1_d1_q0_P1_D0_Q0_s24,1,1,0,1,0,0,24,48,1,48,35016,0.05,True,joint Ljung-Box and residual ACF rule,[],residual_acf,11,-0.01750529488356836,0.05,False
2020-01-01,2023-12-31,Germany,sarima_p1_d1_q0_P1_D0_Q0_s24,1,1,0,1,0,0,24,48,1,48,35016,0.05,True,joint Ljung-Box and residual ACF rule,[],residual_acf,12,0.007894346017440802,0.05,False
2020-01-01,2023-12-31,Germany,sarima_p1_d1_q0_P1_D0_Q0_s24,1,1,0,1,0,0,24,48,1,48,35016,0.05,True,joint Ljung-Box and residual ACF rule,[],residual_acf,13,0.07035156188087512,0.05,True
2020-01-01,2023-12-31,Germany,sarima_p1_d1_q0_P1_D0_Q0_s24,1,1,0,1,0,0,24,48,1,48,35016,0.05,True,joint Ljung-Box and residual ACF rule,[],residual_acf,14,-0.040009377270439336,0.05,False
2020-01-01,2023-12-31,Germany,sarima_p1_d1_q0_P1_D0_Q0_s24,1,1,0,1,0,0,24,48,1,48,35016,0.05,True,joint Ljung-Box and residual ACF rule,[],residual_acf,15,-0.09785852168147875,0.05,True
2020-01-01,2023-12-31,Germany,sarima_p1_d1_q0_P1_D0_Q0_s24,1,1,0,1,0,0,24,48,1,48,35016,0.05,True,joint Ljung-Box and residual ACF rule,[],residual_acf,16,-0.12507085931582798,0.05,True
2020-01-01,2023-12-31,Germany,sarima_p1_d1_q0_P1_D0_Q0_s24,1,1,0,1,0,0,24,48,1,48,35016,0.05,True,joint Ljung-Box and residual ACF rule,[],residual_acf,17,-0.05793928828306007,0.05,True
2020-01-01,2023-12-31,Germany,sarima_p1_d1_q0_P1_D0_Q0_s24,1,1,0,1,0,0,24,48,1,48,35016,0.05,True,joint Ljung-Box and residual ACF rule,[],residual_acf,18,-0.020736798622036406,0.05,False
2020-01-01,2023-12-31,Germany,sarima_p1_d1_q0_P1_D0_Q0_s24,1,1,0,1,0,0,24,48,1,48,35016,0.05,True,joint Ljung-Box and residual ACF rule,[],residual_acf,19,0.04255699348761101,0.05,False
2020-01-01,2023-12-31,Germany,sarima_p1_d1_q0_P1_D0_Q0_s24,1,1,0,1,0,0,24,48,1,48,35016,0.05,True,joint Ljung-Box and residual ACF rule,[],residual_acf,20,0.026261696341212865,0.05,False
2020-01-01,2023-12-31,Germany,sarima_p1_d1_q0_P1_D0_Q0_s24,1,1,0,1,0,0,24,48,1,48,35016,0.05,True,joint Ljung-Box and residual ACF rule,[],residual_acf,21,0.015658018721049737,0.05,False
2020-01-01,2023-12-31,Germany,sarima_p1_d1_q0_P1_D0_Q0_s24,1,1,0,1,0,0,24,48,1,48,35016,0.05,True,joint Ljung-Box and residual ACF rule,[],residual_acf,22,-0.01608934475367637,0.05,False
2020-01-01,2023-12-31,Germany,sarima_p1_d1_q0_P1_D0_Q0_s24,1,1,0,1,0,0,24,48,1,48,35016,0.05,True,joint Ljung-Box and residual ACF rule,[],residual_acf,23,0.05667475509908167,0.05,True
2020-01-01,2023-12-31,Germany,sarima_p1_d1_q0_P1_D0_Q0_s24,1,1,0,1,0,0,24,48,1,48,35016,0.05,True,joint Ljung-Box and residual ACF rule,[],residual_acf,24,-0.1127557573804249,0.05,True
2020-01-01,2023-12-31,Germany,sarima_p1_d1_q0_P1_D0_Q0_s24,1,1,0,1,0,0,24,48,1,48,35016,0.05,True,joint Ljung-Box and residual ACF rule,[],residual_acf,25,0.12103968193788221,0.05,True
2020-01-01,2023-12-31,Germany,sarima_p1_d1_q0_P1_D0_Q0_s24,1,1,0,1,0,0,24,48,1,48,35016,0.05,True,joint Ljung-Box and residual ACF rule,[],residual_acf,26,0.0576066425987055,0.05,True
2020-01-01,2023-12-31,Germany,sarima_p1_d1_q0_P1_D0_Q0_s24,1,1,0,1,0,0,24,48,1,48,35016,0.05,True,joint Ljung-Box and residual ACF rule,[],residual_acf,27,0.0065989270782022625,0.05,False
2020-01-01,2023-12-31,Germany,sarima_p1_d1_q0_P1_D0_Q0_s24,1,1,0,1,0,0,24,48,1,48,35016,0.05,True,joint Ljung-Box and residual ACF rule,[],residual_acf,28,-0.013113047977407984,0.05,False
2020-01-01,2023-12-31,Germany,sarima_p1_d1_q0_P1_D0_Q0_s24,1,1,0,1,0,0,24,48,1,48,35016,0.05,True,joint Ljung-Box and residual ACF rule,[],residual_acf,29,-0.03957004429176914,0.05,False
2020-01-01,2023-12-31,Germany,sarima_p1_d1_q0_P1_D0_Q0_s24,1,1,0,1,0,0,24,48,1,48,35016,0.05,True,joint Ljung-Box and residual ACF rule,[],residual_acf,30,-0.04595806184040779,0.05,False
2020-01-01,2023-12-31,Germany,sarima_p1_d1_q0_P1_D0_Q0_s24,1,1,0,1,0,0,24,48,1,48,35016,0.05,True,joint Ljung-Box and residual ACF rule,[],residual_acf,31,-0.01746474904338899,0.05,False
2020-01-01,2023-12-31,Germany,sarima_p1_d1_q0_P1_D0_Q0_s24,1,1,0,1,0,0,24,48,1,48,35016,0.05,True,joint Ljung-Box and residual ACF rule,[],residual_acf,32,0.013621959168126594,0.05,False
2020-01-01,2023-12-31,Germany,sarima_p1_d1_q0_P1_D0_Q0_s24,1,1,0,1,0,0,24,48,1,48,35016,0.05,True,joint Ljung-Box and residual ACF rule,[],residual_acf,33,0.015344458518415883,0.05,False
2020-01-01,2023-12-31,Germany,sarima_p1_d1_q0_P1_D0_Q0_s24,1,1,0,1,0,0,24,48,1,48,35016,0.05,True,joint Ljung-Box and residual ACF rule,[],residual_acf,34,-0.00775487895227204,0.05,False
2020-01-01,2023-12-31,Germany,sarima_p1_d1_q0_P1_D0_Q0_s24,1,1,0,1,0,0,24,48,1,48,35016,0.05,True,joint Ljung-Box and residual ACF rule,[],residual_acf,35,-0.02691178711940246,0.05,False
2020-01-01,2023-12-31,Germany,sarima_p1_d1_q0_P1_D0_Q0_s24,1,1,0,1,0,0,24,48,1,48,35016,0.05,True,joint Ljung-Box and residual ACF rule,[],residual_acf,36,0.010530755979036693,0.05,False
2020-01-01,2023-12-31,Germany,sarima_p1_d1_q0_P1_D0_Q0_s24,1,1,0,1,0,0,24,48,1,48,35016,0.05,True,joint Ljung-Box and residual ACF rule,[],residual_acf,37,0.019046690297239537,0.05,False
2020-01-01,2023-12-31,Germany,sarima_p1_d1_q0_P1_D0_Q0_s24,1,1,0,1,0,0,24,48,1,48,35016,0.05,True,joint Ljung-Box and residual ACF rule,[],residual_acf,38,-0.008617246077745827,0.05,False
2020-01-01,2023-12-31,Germany,sarima_p1_d1_q0_P1_D0_Q0_s24,1,1,0,1,0,0,24,48,1,48,35016,0.05,True,joint Ljung-Box and residual ACF rule,[],residual_acf,39,-0.03461587166456838,0.05,False
2020-01-01,2023-12-31,Germany,sarima_p1_d1_q0_P1_D0_Q0_s24,1,1,0,1,0,0,24,48,1,48,35016,0.05,True,joint Ljung-Box and residual ACF rule,[],residual_acf,40,-0.03555492345127023,0.05,False
2020-01-01,2023-12-31,Germany,sarima_p1_d1_q0_P1_D0_Q0_s24,1,1,0,1,0,0,24,48,1,48,35016,0.05,True,joint Ljung-Box and residual ACF rule,[],residual_acf,41,-0.03504206607346779,0.05,False
2020-01-01,2023-12-31,Germany,sarima_p1_d1_q0_P1_D0_Q0_s24,1,1,0,1,0,0,24,48,1,48,35016,0.05,True,joint Ljung-Box and residual ACF rule,[],residual_acf,42,-0.041422001060893374,0.05,False
2020-01-01,2023-12-31,Germany,sarima_p1_d1_q0_P1_D0_Q0_s24,1,1,0,1,0,0,24,48,1,48,35016,0.05,True,joint Ljung-Box and residual ACF rule,[],residual_acf,43,-0.010255394574084562,0.05,False
2020-01-01,2023-12-31,Germany,sarima_p1_d1_q0_P1_D0_Q0_s24,1,1,0,1,0,0,24,48,1,48,35016,0.05,True,joint Ljung-Box and residual ACF rule,[],residual_acf,44,0.022710051113988338,0.05,False
2020-01-01,2023-12-31,Germany,sarima_p1_d1_q0_P1_D0_Q0_s24,1,1,0,1,0,0,24,48,1,48,35016,0.05,True,joint Ljung-Box and residual ACF rule,[],residual_acf,45,0.08116454821131613,0.05,True
2020-01-01,2023-12-31,Germany,sarima_p1_d1_q0_P1_D0_Q0_s24,1,1,0,1,0,0,24,48,1,48,35016,0.05,True,joint Ljung-Box and residual ACF rule,[],residual_acf,46,0.06941326692379915,0.05,True
2020-01-01,2023-12-31,Germany,sarima_p1_d1_q0_P1_D0_Q0_s24,1,1,0,1,0,0,24,48,1,48,35016,0.05,True,joint Ljung-Box and residual ACF rule,[],residual_acf,47,-0.03991161424273473,0.05,False
2020-01-01,2023-12-31,Germany,sarima_p1_d1_q0_P1_D0_Q0_s24,1,1,0,1,0,0,24,48,1,48,35016,0.05,True,joint Ljung-Box and residual ACF rule,[],residual_acf,48,-0.1353923074509636,0.05,True
2020-01-01,2023-12-31,Germany,sarima_p1_d1_q0_P1_D0_Q0_s24,1,1,0,1,0,0,24,48,1,48,35016,0.05,True,joint Ljung-Box and residual ACF rule,[],ljung_box_statistic,24,4777.677680015135,0.05,True
2020-01-01,2023-12-31,Germany,sarima_p1_d1_q0_P1_D0_Q0_s24,1,1,0,1,0,0,24,48,1,48,35016,0.05,True,joint Ljung-Box and residual ACF rule,[],ljung_box_pvalue,24,0.0,0.05,True
2020-01-01,2023-12-31,Germany,sarima_p1_d1_q0_P1_D0_Q0_s24,1,1,0,1,0,0,24,48,1,48,35016,0.05,True,joint Ljung-Box and residual ACF rule,[],ljung_box_statistic,48,6925.866493671289,0.05,True
2020-01-01,2023-12-31,Germany,sarima_p1_d1_q0_P1_D0_Q0_s24,1,1,0,1,0,0,24,48,1,48,35016,0.05,True,joint Ljung-Box and residual ACF rule,[],ljung_box_pvalue,48,0.0,0.05,True
2020-01-01,2023-12-31,Germany,sarima_p0_d1_q1_P0_D0_Q1_s24,0,1,1,0,0,1,24,48,1,48,35016,0.05,True,joint Ljung-Box and residual ACF rule,[],residual_acf,1,0.3192121159332679,0.05,True
2020-01-01,2023-12-31,Germany,sarima_p0_d1_q1_P0_D0_Q1_s24,0,1,1,0,0,1,24,48,1,48,35016,0.05,True,joint Ljung-Box and residual ACF rule,[],residual_acf,2,0.4235179518450455,0.05,True
2020-01-01,2023-12-31,Germany,sarima_p0_d1_q1_P0_D0_Q1_s24,0,1,1,0,0,1,24,48,1,48,35016,0.05,True,joint Ljung-Box and residual ACF rule,[],residual_acf,3,0.025715996219538063,0.05,False
2020-01-01,2023-12-31,Germany,sarima_p0_d1_q1_P0_D0_Q1_s24,0,1,1,0,0,1,24,48,1,48,35016,0.05,True,joint Ljung-Box and residual ACF rule,[],residual_acf,4,0.08598307340105969,0.05,True
2020-01-01,2023-12-31,Germany,sarima_p0_d1_q1_P0_D0_Q1_s24,0,1,1,0,0,1,24,48,1,48,35016,0.05,True,joint Ljung-Box and residual ACF rule,[],residual_acf,5,-0.1111988996871655,0.05,True
2020-01-01,2023-12-31,Germany,sarima_p0_d1_q1_P0_D0_Q1_s24,0,1,1,0,0,1,24,48,1,48,35016,0.05,True,joint Ljung-Box and residual ACF rule,[],residual_acf,6,-0.11111632581162852,0.05,True
2020-01-01,2023-12-31,Germany,sarima_p0_d1_q1_P0_D0_Q1_s24,0,1,1,0,0,1,24,48,1,48,35016,0.05,True,joint Ljung-Box and residual ACF rule,[],residual_acf,7,-0.20719864925981746,0.05,True
2020-01-01,2023-12-31,Germany,sarima_p0_d1_q1_P0_D0_Q1_s24,0,1,1,0,0,1,24,48,1,48,35016,0.05,True,joint Ljung-Box and residual ACF rule,[],residual_acf,8,-0.17603026218312506,0.05,True
2020-01-01,2023-12-31,Germany,sarima_p0_d1_q1_P0_D0_Q1_s24,0,1,1,0,0,1,24,48,1,48,35016,0.05,True,joint Ljung-Box and residual ACF rule,[],residual_acf,9,-0.16840354739760416,0.05,True
2020-01-01,2023-12-31,Germany,sarima_p0_d1_q1_P0_D0_Q1_s24,0,1,1,0,0,1,24,48,1,48,35016,0.05,True,joint Ljung-Box and residual ACF rule,[],residual_acf,10,-0.1391218215418498,0.05,True
2020-01-01,2023-12-31,Germany,sarima_p0_d1_q1_P0_D0_Q1_s24,0,1,1,0,0,1,24,48,1,48,35016,0.05,True,joint Ljung-Box and residual ACF rule,[],residual_acf,11,-0.06916792135039158,0.05,True
2020-01-01,2023-12-31,Germany,sarima_p0_d1_q1_P0_D0_Q1_s24,0,1,1,0,0,1,24,48,1,48,35016,0.05,True,joint Ljung-Box and residual ACF rule,[],residual_acf,12,-0.10037945104054694,0.05,True
2020-01-01,2023-12-31,Germany,sarima_p0_d1_q1_P0_D0_Q1_s24,0,1,1,0,0,1,24,48,1,48,35016,0.05,True,joint Ljung-Box and residual ACF rule,[],residual_acf,13,-0.0556019685360048,0.05,True
2020-01-01,2023-12-31,Germany,sarima_p0_d1_q1_P0_D0_Q1_s24,0,1,1,0,0,1,24,48,1,48,35016,0.05,True,joint Ljung-Box and residual ACF rule,[],residual_acf,14,-0.18250181011643368,0.05,True
2020-01-01,2023-12-31,Germany,sarima_p0_d1_q1_P0_D0_Q1_s24,0,1,1,0,0,1,24,48,1,48,35016,0.05,True,joint Ljung-Box and residual ACF rule,[],residual_acf,15,-0.19113549328181806,0.05,True
2020-01-01,2023-12-31,Germany,sarima_p0_d1_q1_P0_D0_Q1_s24,0,1,1,0,0,1,24,48,1,48,35016,0.05,True,joint Ljung-Box and residual ACF rule,[],residual_acf,16,-0.2656488359105854,0.05,True
2020-01-01,2023-12-31,Germany,sarima_p0_d1_q1_P0_D0_Q1_s24,0,1,1,0,0,1,24,48,1,48,35016,0.05,True,joint Ljung-Box and residual ACF rule,[],residual_acf,17,-0.21155758455433027,0.05,True
2020-01-01,2023-12-31,Germany,sarima_p0_d1_q1_P0_D0_Q1_s24,0,1,1,0,0,1,24,48,1,48,35016,0.05,True,joint Ljung-Box and residual ACF rule,[],residual_acf,18,-0.19400258958899336,0.05,True
2020-01-01,2023-12-31,Germany,sarima_p0_d1_q1_P0_D0_Q1_s24,0,1,1,0,0,1,24,48,1,48,35016,0.05,True,joint Ljung-Box and residual ACF rule,[],residual_acf,19,-0.033776198070592935,0.05,False
2020-01-01,2023-12-31,Germany,sarima_p0_d1_q1_P0_D0_Q1_s24,0,1,1,0,0,1,24,48,1,48,35016,0.05,True,joint Ljung-Box and residual ACF rule,[],residual_acf,20,0.004348464465172443,0.05,False
2020-01-01,2023-12-31,Germany,sarima_p0_d1_q1_P0_D0_Q1_s24,0,1,1,0,0,1,24,48,1,48,35016,0.05,True,joint Ljung-Box and residual ACF rule,[],residual_acf,21,0.16811026761135703,0.05,True
2020-01-01,2023-12-31,Germany,sarima_p0_d1_q1_P0_D0_Q1_s24,0,1,1,0,0,1,24,48,1,48,35016,0.05,True,joint Ljung-Box and residual ACF rule,[],residual_acf,22,0.18262965111481522,0.05,True
2020-01-01,2023-12-31,Germany,sarima_p0_d1_q1_P0_D0_Q1_s24,0,1,1,0,0,1,24,48,1,48,35016,0.05,True,joint Ljung-Box and residual ACF rule,[],residual_acf,23,0.4297754801719292,0.05,True
2020-01-01,2023-12-31,Germany,sarima_p0_d1_q1_P0_D0_Q1_s24,0,1,1,0,0,1,24,48,1,48,35016,0.05,True,joint Ljung-Box and residual ACF rule,[],residual_acf,24,0.34032457988897963,0.05,True
2020-01-01,2023-12-31,Germany,sarima_p0_d1_q1_P0_D0_Q1_s24,0,1,1,0,0,1,24,48,1,48,35016,0.05,True,joint Ljung-Box and residual ACF rule,[],residual_acf,25,0.4415327234585987,0.05,True
2020-01-01,2023-12-31,Germany,sarima_p0_d1_q1_P0_D0_Q1_s24,0,1,1,0,0,1,24,48,1,48,35016,0.05,True,joint Ljung-Box and residual ACF rule,[],residual_acf,26,0.2042601450583438,0.05,True
2020-01-01,2023-12-31,Germany,sarima_p0_d1_q1_P0_D0_Q1_s24,0,1,1,0,0,1,24,48,1,48,35016,0.05,True,joint Ljung-Box and residual ACF rule,[],residual_acf,27,0.16432483490331348,0.05,True
2020-01-01,2023-12-31,Germany,sarima_p0_d1_q1_P0_D0_Q1_s24,0,1,1,0,0,1,24,48,1,48,35016,0.05,True,joint Ljung-Box and residual ACF rule,[],residual_acf,28,0.005989561339392648,0.05,False
2020-01-01,2023-12-31,Germany,sarima_p0_d1_q1_P0_D0_Q1_s24,0,1,1,0,0,1,24,48,1,48,35016,0.05,True,joint Ljung-Box and residual ACF rule,[],residual_acf,29,-0.05132871040765537,0.05,True
2020-01-01,2023-12-31,Germany,sarima_p0_d1_q1_P0_D0_Q1_s24,0,1,1,0,0,1,24,48,1,48,35016,0.05,True,joint Ljung-Box and residual ACF rule,[],residual_acf,30,-0.18254913654920474,0.05,True
2020-01-01,2023-12-31,Germany,sarima_p0_d1_q1_P0_D0_Q1_s24,0,1,1,0,0,1,24,48,1,48,35016,0.05,True,joint Ljung-Box and residual ACF rule,[],residual_acf,31,-0.1960746042506552,0.05,True
2020-01-01,2023-12-31,Germany,sarima_p0_d1_q1_P0_D0_Q1_s24,0,1,1,0,0,1,24,48,1,48,35016,0.05,True,joint Ljung-Box and residual ACF rule,[],residual_acf,32,-0.21800170280271544,0.05,True
2020-01-01,2023-12-31,Germany,sarima_p0_d1_q1_P0_D0_Q1_s24,0,1,1,0,0,1,24,48,1,48,35016,0.05,True,joint Ljung-Box and residual ACF rule,[],residual_acf,33,-0.16470702433225634,0.05,True
2020-01-01,2023-12-31,Germany,sarima_p0_d1_q1_P0_D0_Q1_s24,0,1,1,0,0,1,24,48,1,48,35016,0.05,True,joint Ljung-Box and residual ACF rule,[],residual_acf,34,-0.15386505176982707,0.05,True
2020-01-01,2023-12-31,Germany,sarima_p0_d1_q1_P0_D0_Q1_s24,0,1,1,0,0,1,24,48,1,48,35016,0.05,True,joint Ljung-Box and residual ACF rule,[],residual_acf,35,-0.06937729133811393,0.05,True
2020-01-01,2023-12-31,Germany,sarima_p0_d1_q1_P0_D0_Q1_s24,0,1,1,0,0,1,24,48,1,48,35016,0.05,True,joint Ljung-Box and residual ACF rule,[],residual_acf,36,-0.08927752746649086,0.05,True
2020-01-01,2023-12-31,Germany,sarima_p0_d1_q1_P0_D0_Q1_s24,0,1,1,0,0,1,24,48,1,48,35016,0.05,True,joint Ljung-Box and residual ACF rule,[],residual_acf,37,-0.06803772845808402,0.05,True
2020-01-01,2023-12-31,Germany,sarima_p0_d1_q1_P0_D0_Q1_s24,0,1,1,0,0,1,24,48,1,48,35016,0.05,True,joint Ljung-Box and residual ACF rule,[],residual_acf,38,-0.14193257519152094,0.05,True
2020-01-01,2023-12-31,Germany,sarima_p0_d1_q1_P0_D0_Q1_s24,0,1,1,0,0,1,24,48,1,48,35016,0.05,True,joint Ljung-Box and residual ACF rule,[],residual_acf,39,-0.17518395889302782,0.05,True
2020-01-01,2023-12-31,Germany,sarima_p0_d1_q1_P0_D0_Q1_s24,0,1,1,0,0,1,24,48,1,48,35016,0.05,True,joint Ljung-Box and residual ACF rule,[],residual_acf,40,-0.20072683501633604,0.05,True
2020-01-01,2023-12-31,Germany,sarima_p0_d1_q1_P0_D0_Q1_s24,0,1,1,0,0,1,24,48,1,48,35016,0.05,True,joint Ljung-Box and residual ACF rule,[],residual_acf,41,-0.2088592573455748,0.05,True
2020-01-01,2023-12-31,Germany,sarima_p0_d1_q1_P0_D0_Q1_s24,0,1,1,0,0,1,24,48,1,48,35016,0.05,True,joint Ljung-Box and residual ACF rule,[],residual_acf,42,-0.146667197389256,0.05,True
2020-01-01,2023-12-31,Germany,sarima_p0_d1_q1_P0_D0_Q1_s24,0,1,1,0,0,1,24,48,1,48,35016,0.05,True,joint Ljung-Box and residual ACF rule,[],residual_acf,43,-0.07980905374552129,0.05,True
2020-01-01,2023-12-31,Germany,sarima_p0_d1_q1_P0_D0_Q1_s24,0,1,1,0,0,1,24,48,1,48,35016,0.05,True,joint Ljung-Box and residual ACF rule,[],residual_acf,44,0.062263701060693094,0.05,True
2020-01-01,2023-12-31,Germany,sarima_p0_d1_q1_P0_D0_Q1_s24,0,1,1,0,0,1,24,48,1,48,35016,0.05,True,joint Ljung-Box and residual ACF rule,[],residual_acf,45,0.09744525351972934,0.05,True
2020-01-01,2023-12-31,Germany,sarima_p0_d1_q1_P0_D0_Q1_s24,0,1,1,0,0,1,24,48,1,48,35016,0.05,True,joint Ljung-Box and residual ACF rule,[],residual_acf,46,0.3262082251760284,0.05,True
2020-01-01,2023-12-31,Germany,sarima_p0_d1_q1_P0_D0_Q1_s24,0,1,1,0,0,1,24,48,1,48,35016,0.05,True,joint Ljung-Box and residual ACF rule,[],residual_acf,47,0.2930085385412568,0.05,True
2020-01-01,2023-12-31,Germany,sarima_p0_d1_q1_P0_D0_Q1_s24,0,1,1,0,0,1,24,48,1,48,35016,0.05,True,joint Ljung-Box and residual ACF rule,[],residual_acf,48,0.639688262062785,0.05,True
2020-01-01,2023-12-31,Germany,sarima_p0_d1_q1_P0_D0_Q1_s24,0,1,1,0,0,1,24,48,1,48,35016,0.05,True,joint Ljung-Box and residual ACF rule,[],ljung_box_statistic,24,36422.70142650453,0.05,True
2020-01-01,2023-12-31,Germany,sarima_p0_d1_q1_P0_D0_Q1_s24,0,1,1,0,0,1,24,48,1,48,35016,0.05,True,joint Ljung-Box and residual ACF rule,[],ljung_box_pvalue,24,0.0,0.05,True
2020-01-01,2023-12-31,Germany,sarima_p0_d1_q1_P0_D0_Q1_s24,0,1,1,0,0,1,24,48,1,48,35016,0.05,True,joint Ljung-Box and residual ACF rule,[],ljung_box_statistic,48,79589.78212680083,0.05,True
2020-01-01,2023-12-31,Germany,sarima_p0_d1_q1_P0_D0_Q1_s24,0,1,1,0,0,1,24,48,1,48,35016,0.05,True,joint Ljung-Box and residual ACF rule,[],ljung_box_pvalue,48,0.0,0.05,True
2020-01-01,2023-12-31,Germany,sarima_p1_d1_q1_P1_D0_Q0_s24,1,1,1,1,0,0,24,48,1,48,35016,0.05,True,joint Ljung-Box and residual ACF rule,[],residual_acf,1,0.025744655528258373,0.05,False
2020-01-01,2023-12-31,Germany,sarima_p1_d1_q1_P1_D0_Q0_s24,1,1,1,1,0,0,24,48,1,48,35016,0.05,True,joint Ljung-Box and residual ACF rule,[],residual_acf,2,0.03662583680900996,0.05,False
2020-01-01,2023-12-31,Germany,sarima_p1_d1_q1_P1_D0_Q0_s24,1,1,1,1,0,0,24,48,1,48,35016,0.05,True,joint Ljung-Box and residual ACF rule,[],residual_acf,3,-0.13143400510939557,0.05,True
2020-01-01,2023-12-31,Germany,sarima_p1_d1_q1_P1_D0_Q0_s24,1,1,1,1,0,0,24,48,1,48,35016,0.05,True,joint Ljung-Box and residual ACF rule,[],residual_acf,4,-0.027550210239563458,0.05,False
2020-01-01,2023-12-31,Germany,sarima_p1_d1_q1_P1_D0_Q0_s24,1,1,1,1,0,0,24,48,1,48,35016,0.05,True,joint Ljung-Box and residual ACF rule,[],residual_acf,5,-0.03804175579929103,0.05,False
2020-01-01,2023-12-31,Germany,sarima_p1_d1_q1_P1_D0_Q0_s24,1,1,1,1,0,0,24,48,1,48,35016,0.05,True,joint Ljung-Box and residual ACF rule,[],residual_acf,6,0.02541008765028399,0.05,False
2020-01-01,2023-12-31,Germany,sarima_p1_d1_q1_P1_D0_Q0_s24,1,1,1,1,0,0,24,48,1,48,35016,0.05,True,joint Ljung-Box and residual ACF rule,[],residual_acf,7,0.007842492168126972,0.05,False
2020-01-01,2023-12-31,Germany,sarima_p1_d1_q1_P1_D0_Q0_s24,1,1,1,1,0,0,24,48,1,48,35016,0.05,True,joint Ljung-Box and residual ACF rule,[],residual_acf,8,0.0042457590036792245,0.05,False
2020-01-01,2023-12-31,Germany,sarima_p1_d1_q1_P1_D0_Q0_s24,1,1,1,1,0,0,24,48,1,48,35016,0.05,True,joint Ljung-Box and residual ACF rule,[],residual_acf,9,-0.0073355425060278945,0.05,False
2020-01-01,2023-12-31,Germany,sarima_p1_d1_q1_P1_D0_Q0_s24,1,1,1,1,0,0,24,48,1,48,35016,0.05,True,joint Ljung-Box and residual ACF rule,[],residual_acf,10,-0.01666487884762244,0.05,False
2020-01-01,2023-12-31,Germany,sarima_p1_d1_q1_P1_D0_Q0_s24,1,1,1,1,0,0,24,48,1,48,35016,0.05,True,joint Ljung-Box and residual ACF rule,[],residual_acf,11,-0.014036710029372604,0.05,False
2020-01-01,2023-12-31,Germany,sarima_p1_d1_q1_P1_D0_Q0_s24,1,1,1,1,0,0,24,48,1,48,35016,0.05,True,joint Ljung-Box and residual ACF rule,[],residual_acf,12,-0.015083683230981467,0.05,False
2020-01-01,2023-12-31,Germany,sarima_p1_d1_q1_P1_D0_Q0_s24,1,1,1,1,0,0,24,48,1,48,35016,0.05,True,joint Ljung-Box and residual ACF rule,[],residual_acf,13,0.060581462099143696,0.05,True
2020-01-01,2023-12-31,Germany,sarima_p1_d1_q1_P1_D0_Q0_s24,1,1,1,1,0,0,24,48,1,48,35016,0.05,True,joint Ljung-Box and residual ACF rule,[],residual_acf,14,-0.05893550393921243,0.05,True
2020-01-01,2023-12-31,Germany,sarima_p1_d1_q1_P1_D0_Q0_s24,1,1,1,1,0,0,24,48,1,48,35016,0.05,True,joint Ljung-Box and residual ACF rule,[],residual_acf,15,-0.07881699057388025,0.05,True
2020-01-01,2023-12-31,Germany,sarima_p1_d1_q1_P1_D0_Q0_s24,1,1,1,1,0,0,24,48,1,48,35016,0.05,True,joint Ljung-Box and residual ACF rule,[],residual_acf,16,-0.11843660189684,0.05,True
2020-01-01,2023-12-31,Germany,sarima_p1_d1_q1_P1_D0_Q0_s24,1,1,1,1,0,0,24,48,1,48,35016,0.05,True,joint Ljung-Box and residual ACF rule,[],residual_acf,17,-0.04744716847470836,0.05,False
2020-01-01,2023-12-31,Germany,sarima_p1_d1_q1_P1_D0_Q0_s24,1,1,1,1,0,0,24,48,1,48,35016,0.05,True,joint Ljung-Box and residual ACF rule,[],residual_acf,18,-0.03844176936350153,0.05,False
2020-01-01,2023-12-31,Germany,sarima_p1_d1_q1_P1_D0_Q0_s24,1,1,1,1,0,0,24,48,1,48,35016,0.05,True,joint Ljung-Box and residual ACF rule,[],residual_acf,19,0.034165297476100885,0.05,False
2020-01-01,2023-12-31,Germany,sarima_p1_d1_q1_P1_D0_Q0_s24,1,1,1,1,0,0,24,48,1,48,35016,0.05,True,joint Ljung-Box and residual ACF rule,[],residual_acf,20,0.006744107738113851,0.05,False
2020-01-01,2023-12-31,Germany,sarima_p1_d1_q1_P1_D0_Q0_s24,1,1,1,1,0,0,24,48,1,48,35016,0.05,True,joint Ljung-Box and residual ACF rule,[],residual_acf,21,0.02715476565928673,0.05,False
2020-01-01,2023-12-31,Germany,sarima_p1_d1_q1_P1_D0_Q0_s24,1,1,1,1,0,0,24,48,1,48,35016,0.05,True,joint Ljung-Box and residual ACF rule,[],residual_acf,22,-0.03823629415299079,0.05,False
2020-01-01,2023-12-31,Germany,sarima_p1_d1_q1_P1_D0_Q0_s24,1,1,1,1,0,0,24,48,1,48,35016,0.05,True,joint Ljung-Box and residual ACF rule,[],residual_acf,23,0.10611667053909166,0.05,True
2020-01-01,2023-12-31,Germany,sarima_p1_d1_q1_P1_D0_Q0_s24,1,1,1,1,0,0,24,48,1,48,35016,0.05,True,joint Ljung-Box and residual ACF rule,[],residual_acf,24,-0.13653614520092136,0.05,True
2020-01-01,2023-12-31,Germany,sarima_p1_d1_q1_P1_D0_Q0_s24,1,1,1,1,0,0,24,48,1,48,35016,0.05,True,joint Ljung-Box and residual ACF rule,[],residual_acf,25,0.1512207479618279,0.05,True
2020-01-01,2023-12-31,Germany,sarima_p1_d1_q1_P1_D0_Q0_s24,1,1,1,1,0,0,24,48,1,48,35016,0.05,True,joint Ljung-Box and residual ACF rule,[],residual_acf,26,0.024531022890374666,0.05,False
2020-01-01,2023-12-31,Germany,sarima_p1_d1_q1_P1_D0_Q0_s24,1,1,1,1,0,0,24,48,1,48,35016,0.05,True,joint Ljung-Box and residual ACF rule,[],residual_acf,27,0.010569470524848884,0.05,False
2020-01-01,2023-12-31,Germany,sarima_p1_d1_q1_P1_D0_Q0_s24,1,1,1,1,0,0,24,48,1,48,35016,0.05,True,joint Ljung-Box and residual ACF rule,[],residual_acf,28,-0.007470226473673943,0.05,False
2020-01-01,2023-12-31,Germany,sarima_p1_d1_q1_P1_D0_Q0_s24,1,1,1,1,0,0,24,48,1,48,35016,0.05,True,joint Ljung-Box and residual ACF rule,[],residual_acf,29,-0.031220614927424683,0.05,False
2020-01-01,2023-12-31,Germany,sarima_p1_d1_q1_P1_D0_Q0_s24,1,1,1,1,0,0,24,48,1,48,35016,0.05,True,joint Ljung-Box and residual ACF rule,[],residual_acf,30,-0.04014777003551804,0.05,False
2020-01-01,2023-12-31,Germany,sarima_p1_d1_q1_P1_D0_Q0_s24,1,1,1,1,0,0,24,48,1,48,35016,0.05,True,joint Ljung-Box and residual ACF rule,[],residual_acf,31,-0.019425266104787713,0.05,False
2020-01-01,2023-12-31,Germany,sarima_p1_d1_q1_P1_D0_Q0_s24,1,1,1,1,0,0,24,48,1,48,35016,0.05,True,joint Ljung-Box and residual ACF rule,[],residual_acf,32,0.004422664861494529,0.05,False
2020-01-01,2023-12-31,Germany,sarima_p1_d1_q1_P1_D0_Q0_s24,1,1,1,1,0,0,24,48,1,48,35016,0.05,True,joint Ljung-Box and residual ACF rule,[],residual_acf,33,0.005512467946937989,0.05,False
2020-01-01,2023-12-31,Germany,sarima_p1_d1_q1_P1_D0_Q0_s24,1,1,1,1,0,0,24,48,1,48,35016,0.05,True,joint Ljung-Box and residual ACF rule,[],residual_acf,34,-0.00794784524373661,0.05,False
2020-01-01,2023-12-31,Germany,sarima_p1_d1_q1_P1_D0_Q0_s24,1,1,1,1,0,0,24,48,1,48,35016,0.05,True,joint Ljung-Box and residual ACF rule,[],residual_acf,35,-0.028489555809102608,0.05,False
2020-01-01,2023-12-31,Germany,sarima_p1_d1_q1_P1_D0_Q0_s24,1,1,1,1,0,0,24,48,1,48,35016,0.05,True,joint Ljung-Box and residual ACF rule,[],residual_acf,36,0.006953642614186117,0.05,False
2020-01-01,2023-12-31,Germany,sarima_p1_d1_q1_P1_D0_Q0_s24,1,1,1,1,0,0,24,48,1,48,35016,0.05,True,joint Ljung-Box and residual ACF rule,[],residual_acf,37,0.009293085779163147,0.05,False
2020-01-01,2023-12-31,Germany,sarima_p1_d1_q1_P1_D0_Q0_s24,1,1,1,1,0,0,24,48,1,48,35016,0.05,True,joint Ljung-Box and residual ACF rule,[],residual_acf,38,-0.014300786602116172,0.05,False
2020-01-01,2023-12-31,Germany,sarima_p1_d1_q1_P1_D0_Q0_s24,1,1,1,1,0,0,24,48,1,48,35016,0.05,True,joint Ljung-Box and residual ACF rule,[],residual_acf,39,-0.03559740911090554,0.05,False
2020-01-01,2023-12-31,Germany,sarima_p1_d1_q1_P1_D0_Q0_s24,1,1,1,1,0,0,24,48,1,48,35016,0.05,True,joint Ljung-Box and residual ACF rule,[],residual_acf,40,-0.03514832825555627,0.05,False
2020-01-01,2023-12-31,Germany,sarima_p1_d1_q1_P1_D0_Q0_s24,1,1,1,1,0,0,24,48,1,48,35016,0.05,True,joint Ljung-Box and residual ACF rule,[],residual_acf,41,-0.03182254760798425,0.05,False
2020-01-01,2023-12-31,Germany,sarima_p1_d1_q1_P1_D0_Q0_s24,1,1,1,1,0,0,24,48,1,48,35016,0.05,True,joint Ljung-Box and residual ACF rule,[],residual_acf,42,-0.04074654817950334,0.05,False
2020-01-01,2023-12-31,Germany,sarima_p1_d1_q1_P1_D0_Q0_s24,1,1,1,1,0,0,24,48,1,48,35016,0.05,True,joint Ljung-Box and residual ACF rule,[],residual_acf,43,-0.006130718629815559,0.05,False
2020-01-01,2023-12-31,Germany,sarima_p1_d1_q1_P1_D0_Q0_s24,1,1,1,1,0,0,24,48,1,48,35016,0.05,True,joint Ljung-Box and residual ACF rule,[],residual_acf,44,0.009678238845244316,0.05,False
2020-01-01,2023-12-31,Germany,sarima_p1_d1_q1_P1_D0_Q0_s24,1,1,1,1,0,0,24,48,1,48,35016,0.05,True,joint Ljung-Box and residual ACF rule,[],residual_acf,45,0.06069711605630641,0.05,True
2020-01-01,2023-12-31,Germany,sarima_p1_d1_q1_P1_D0_Q0_s24,1,1,1,1,0,0,24,48,1,48,35016,0.05,True,joint Ljung-Box and residual ACF rule,[],residual_acf,46,0.05311522072743803,0.05,True
2020-01-01,2023-12-31,Germany,sarima_p1_d1_q1_P1_D0_Q0_s24,1,1,1,1,0,0,24,48,1,48,35016,0.05,True,joint Ljung-Box and residual ACF rule,[],residual_acf,47,-0.022916359066996184,0.05,False
2020-01-01,2023-12-31,Germany,sarima_p1_d1_q1_P1_D0_Q0_s24,1,1,1,1,0,0,24,48,1,48,35016,0.05,True,joint Ljung-Box and residual ACF rule,[],residual_acf,48,-0.1046927852372609,0.05,True
2020-01-01,2023-12-31,Germany,sarima_p1_d1_q1_P1_D0_Q0_s24,1,1,1,1,0,0,24,48,1,48,35016,0.05,True,joint Ljung-Box and residual ACF rule,[],ljung_box_statistic,24,3061.679546739442,0.05,True
2020-01-01,2023-12-31,Germany,sarima_p1_d1_q1_P1_D0_Q0_s24,1,1,1,1,0,0,24,48,1,48,35016,0.05,True,joint Ljung-Box and residual ACF rule,[],ljung_box_pvalue,24,0.0,0.05,True
2020-01-01,2023-12-31,Germany,sarima_p1_d1_q1_P1_D0_Q0_s24,1,1,1,1,0,0,24,48,1,48,35016,0.05,True,joint Ljung-Box and residual ACF rule,[],ljung_box_statistic,48,4855.088098709829,0.05,True
2020-01-01,2023-12-31,Germany,sarima_p1_d1_q1_P1_D0_Q0_s24,1,1,1,1,0,0,24,48,1,48,35016,0.05,True,joint Ljung-Box and residual ACF rule,[],ljung_box_pvalue,48,0.0,0.05,True
2020-01-01,2023-12-31,Germany,sarima_p1_d1_q1_P0_D0_Q1_s24,1,1,1,0,0,1,24,48,1,48,35016,0.05,True,joint Ljung-Box and residual ACF rule,[],residual_acf,1,0.03566869108205725,0.05,False
2020-01-01,2023-12-31,Germany,sarima_p1_d1_q1_P0_D0_Q1_s24,1,1,1,0,0,1,24,48,1,48,35016,0.05,True,joint Ljung-Box and residual ACF rule,[],residual_acf,2,0.07017608898247372,0.05,True
2020-01-01,2023-12-31,Germany,sarima_p1_d1_q1_P0_D0_Q1_s24,1,1,1,0,0,1,24,48,1,48,35016,0.05,True,joint Ljung-Box and residual ACF rule,[],residual_acf,3,-0.0800473720527972,0.05,True
2020-01-01,2023-12-31,Germany,sarima_p1_d1_q1_P0_D0_Q1_s24,1,1,1,0,0,1,24,48,1,48,35016,0.05,True,joint Ljung-Box and residual ACF rule,[],residual_acf,4,-0.005209256756397866,0.05,False
2020-01-01,2023-12-31,Germany,sarima_p1_d1_q1_P0_D0_Q1_s24,1,1,1,0,0,1,24,48,1,48,35016,0.05,True,joint Ljung-Box and residual ACF rule,[],residual_acf,5,-0.044612480395177734,0.05,False
2020-01-01,2023-12-31,Germany,sarima_p1_d1_q1_P0_D0_Q1_s24,1,1,1,0,0,1,24,48,1,48,35016,0.05,True,joint Ljung-Box and residual ACF rule,[],residual_acf,6,-0.08456579211909812,0.05,True
2020-01-01,2023-12-31,Germany,sarima_p1_d1_q1_P0_D0_Q1_s24,1,1,1,0,0,1,24,48,1,48,35016,0.05,True,joint Ljung-Box and residual ACF rule,[],residual_acf,7,-0.12488881771154119,0.05,True
2020-01-01,2023-12-31,Germany,sarima_p1_d1_q1_P0_D0_Q1_s24,1,1,1,0,0,1,24,48,1,48,35016,0.05,True,joint Ljung-Box and residual ACF rule,[],residual_acf,8,-0.0887784616976598,0.05,True
2020-01-01,2023-12-31,Germany,sarima_p1_d1_q1_P0_D0_Q1_s24,1,1,1,0,0,1,24,48,1,48,35016,0.05,True,joint Ljung-Box and residual ACF rule,[],residual_acf,9,-0.07373025451827982,0.05,True
2020-01-01,2023-12-31,Germany,sarima_p1_d1_q1_P0_D0_Q1_s24,1,1,1,0,0,1,24,48,1,48,35016,0.05,True,joint Ljung-Box and residual ACF rule,[],residual_acf,10,-0.0567102566339418,0.05,True
2020-01-01,2023-12-31,Germany,sarima_p1_d1_q1_P0_D0_Q1_s24,1,1,1,0,0,1,24,48,1,48,35016,0.05,True,joint Ljung-Box and residual ACF rule,[],residual_acf,11,0.03647754239565964,0.05,False
2020-01-01,2023-12-31,Germany,sarima_p1_d1_q1_P0_D0_Q1_s24,1,1,1,0,0,1,24,48,1,48,35016,0.05,True,joint Ljung-Box and residual ACF rule,[],residual_acf,12,-0.008391363490825228,0.05,False
2020-01-01,2023-12-31,Germany,sarima_p1_d1_q1_P0_D0_Q1_s24,1,1,1,0,0,1,24,48,1,48,35016,0.05,True,joint Ljung-Box and residual ACF rule,[],residual_acf,13,0.0789973385722431,0.05,True
2020-01-01,2023-12-31,Germany,sarima_p1_d1_q1_P0_D0_Q1_s24,1,1,1,0,0,1,24,48,1,48,35016,0.05,True,joint Ljung-Box and residual ACF rule,[],residual_acf,14,-0.07649462043568218,0.05,True
2020-01-01,2023-12-31,Germany,sarima_p1_d1_q1_P0_D0_Q1_s24,1,1,1,0,0,1,24,48,1,48,35016,0.05,True,joint Ljung-Box and residual ACF rule,[],residual_acf,15,-0.09167960201823074,0.05,True
2020-01-01,2023-12-31,Germany,sarima_p1_d1_q1_P0_D0_Q1_s24,1,1,1,0,0,1,24,48,1,48,35016,0.05,True,joint Ljung-Box and residual ACF rule,[],residual_acf,16,-0.14078144326803732,0.05,True
2020-01-01,2023-12-31,Germany,sarima_p1_d1_q1_P0_D0_Q1_s24,1,1,1,0,0,1,24,48,1,48,35016,0.05,True,joint Ljung-Box and residual ACF rule,[],residual_acf,17,-0.13603805054276674,0.05,True
2020-01-01,2023-12-31,Germany,sarima_p1_d1_q1_P0_D0_Q1_s24,1,1,1,0,0,1,24,48,1,48,35016,0.05,True,joint Ljung-Box and residual ACF rule,[],residual_acf,18,-0.1191895211427503,0.05,True
2020-01-01,2023-12-31,Germany,sarima_p1_d1_q1_P0_D0_Q1_s24,1,1,1,0,0,1,24,48,1,48,35016,0.05,True,joint Ljung-Box and residual ACF rule,[],residual_acf,19,-0.0015020611302379056,0.05,False
2020-01-01,2023-12-31,Germany,sarima_p1_d1_q1_P0_D0_Q1_s24,1,1,1,0,0,1,24,48,1,48,35016,0.05,True,joint Ljung-Box and residual ACF rule,[],residual_acf,20,0.0037030670054149797,0.05,False
2020-01-01,2023-12-31,Germany,sarima_p1_d1_q1_P0_D0_Q1_s24,1,1,1,0,0,1,24,48,1,48,35016,0.05,True,joint Ljung-Box and residual ACF rule,[],residual_acf,21,0.02793008390174163,0.05,False
2020-01-01,2023-12-31,Germany,sarima_p1_d1_q1_P0_D0_Q1_s24,1,1,1,0,0,1,24,48,1,48,35016,0.05,True,joint Ljung-Box and residual ACF rule,[],residual_acf,22,0.017621387673323677,0.05,False
2020-01-01,2023-12-31,Germany,sarima_p1_d1_q1_P0_D0_Q1_s24,1,1,1,0,0,1,24,48,1,48,35016,0.05,True,joint Ljung-Box and residual ACF rule,[],residual_acf,23,0.24870954019321886,0.05,True
2020-01-01,2023-12-31,Germany,sarima_p1_d1_q1_P0_D0_Q1_s24,1,1,1,0,0,1,24,48,1,48,35016,0.05,True,joint Ljung-Box and residual ACF rule,[],residual_acf,24,0.26255705457964035,0.05,True
2020-01-01,2023-12-31,Germany,sarima_p1_d1_q1_P0_D0_Q1_s24,1,1,1,0,0,1,24,48,1,48,35016,0.05,True,joint Ljung-Box and residual ACF rule,[],residual_acf,25,0.26627245032314345,0.05,True
2020-01-01,2023-12-31,Germany,sarima_p1_d1_q1_P0_D0_Q1_s24,1,1,1,0,0,1,24,48,1,48,35016,0.05,True,joint Ljung-Box and residual ACF rule,[],residual_acf,26,0.045738276353461164,0.05,False
2020-01-01,2023-12-31,Germany,sarima_p1_d1_q1_P0_D0_Q1_s24,1,1,1,0,0,1,24,48,1,48,35016,0.05,True,joint Ljung-Box and residual ACF rule,[],residual_acf,27,0.017851066918088177,0.05,False
2020-01-01,2023-12-31,Germany,sarima_p1_d1_q1_P0_D0_Q1_s24,1,1,1,0,0,1,24,48,1,48,35016,0.05,True,joint Ljung-Box and residual ACF rule,[],residual_acf,28,-0.00034715201165250626,0.05,False
2020-01-01,2023-12-31,Germany,sarima_p1_d1_q1_P0_D0_Q1_s24,1,1,1,0,0,1,24,48,1,48,35016,0.05,True,joint Ljung-Box and residual ACF rule,[],residual_acf,29,-0.03106899393715365,0.05,False
2020-01-01,2023-12-31,Germany,sarima_p1_d1_q1_P0_D0_Q1_s24,1,1,1,0,0,1,24,48,1,48,35016,0.05,True,joint Ljung-Box and residual ACF rule,[],residual_acf,30,-0.12234100628993638,0.05,True
2020-01-01,2023-12-31,Germany,sarima_p1_d1_q1_P0_D0_Q1_s24,1,1,1,0,0,1,24,48,1,48,35016,0.05,True,joint Ljung-Box and residual ACF rule,[],residual_acf,31,-0.12955737588877766,0.05,True
2020-01-01,2023-12-31,Germany,sarima_p1_d1_q1_P0_D0_Q1_s24,1,1,1,0,0,1,24,48,1,48,35016,0.05,True,joint Ljung-Box and residual ACF rule,[],residual_acf,32,-0.09845232766846429,0.05,True
2020-01-01,2023-12-31,Germany,sarima_p1_d1_q1_P0_D0_Q1_s24,1,1,1,0,0,1,24,48,1,48,35016,0.05,True,joint Ljung-Box and residual ACF rule,[],residual_acf,33,-0.06775635545447037,0.05,True
2020-01-01,2023-12-31,Germany,sarima_p1_d1_q1_P0_D0_Q1_s24,1,1,1,0,0,1,24,48,1,48,35016,0.05,True,joint Ljung-Box and residual ACF rule,[],residual_acf,34,-0.059048531404853326,0.05,True
2020-01-01,2023-12-31,Germany,sarima_p1_d1_q1_P0_D0_Q1_s24,1,1,1,0,0,1,24,48,1,48,35016,0.05,True,joint Ljung-Box and residual ACF rule,[],residual_acf,35,0.034825999506417335,0.05,False
2020-01-01,2023-12-31,Germany,sarima_p1_d1_q1_P0_D0_Q1_s24,1,1,1,0,0,1,24,48,1,48,35016,0.05,True,joint Ljung-Box and residual ACF rule,[],residual_acf,36,0.0031616662993923733,0.05,False
2020-01-01,2023-12-31,Germany,sarima_p1_d1_q1_P0_D0_Q1_s24,1,1,1,0,0,1,24,48,1,48,35016,0.05,True,joint Ljung-Box and residual ACF rule,[],residual_acf,37,0.04569139339239515,0.05,False
2020-01-01,2023-12-31,Germany,sarima_p1_d1_q1_P0_D0_Q1_s24,1,1,1,0,0,1,24,48,1,48,35016,0.05,True,joint Ljung-Box and residual ACF rule,[],residual_acf,38,-0.053569693364424874,0.05,True
2020-01-01,2023-12-31,Germany,sarima_p1_d1_q1_P0_D0_Q1_s24,1,1,1,0,0,1,24,48,1,48,35016,0.05,True,joint Ljung-Box and residual ACF rule,[],residual_acf,39,-0.08133448118153805,0.05,True
2020-01-01,2023-12-31,Germany,sarima_p1_d1_q1_P0_D0_Q1_s24,1,1,1,0,0,1,24,48,1,48,35016,0.05,True,joint Ljung-Box and residual ACF rule,[],residual_acf,40,-0.1010225056791509,0.05,True
2020-01-01,2023-12-31,Germany,sarima_p1_d1_q1_P0_D0_Q1_s24,1,1,1,0,0,1,24,48,1,48,35016,0.05,True,joint Ljung-Box and residual ACF rule,[],residual_acf,41,-0.13189642086459935,0.05,True
2020-01-01,2023-12-31,Germany,sarima_p1_d1_q1_P0_D0_Q1_s24,1,1,1,0,0,1,24,48,1,48,35016,0.05,True,joint Ljung-Box and residual ACF rule,[],residual_acf,42,-0.1126300234318759,0.05,True
2020-01-01,2023-12-31,Germany,sarima_p1_d1_q1_P0_D0_Q1_s24,1,1,1,0,0,1,24,48,1,48,35016,0.05,True,joint Ljung-Box and residual ACF rule,[],residual_acf,43,-0.029679085602252075,0.05,False
2020-01-01,2023-12-31,Germany,sarima_p1_d1_q1_P0_D0_Q1_s24,1,1,1,0,0,1,24,48,1,48,35016,0.05,True,joint Ljung-Box and residual ACF rule,[],residual_acf,44,0.0030503857082412665,0.05,False
2020-01-01,2023-12-31,Germany,sarima_p1_d1_q1_P0_D0_Q1_s24,1,1,1,0,0,1,24,48,1,48,35016,0.05,True,joint Ljung-Box and residual ACF rule,[],residual_acf,45,0.014878671192967338,0.05,False
2020-01-01,2023-12-31,Germany,sarima_p1_d1_q1_P0_D0_Q1_s24,1,1,1,0,0,1,24,48,1,48,35016,0.05,True,joint Ljung-Box and residual ACF rule,[],residual_acf,46,0.09106729544881417,0.05,True
2020-01-01,2023-12-31,Germany,sarima_p1_d1_q1_P0_D0_Q1_s24,1,1,1,0,0,1,24,48,1,48,35016,0.05,True,joint Ljung-Box and residual ACF rule,[],residual_acf,47,0.08766865938132569,0.05,True
2020-01-01,2023-12-31,Germany,sarima_p1_d1_q1_P0_D0_Q1_s24,1,1,1,0,0,1,24,48,1,48,35016,0.05,True,joint Ljung-Box and residual ACF rule,[],residual_acf,48,0.5443989067489592,0.05,True
2020-01-01,2023-12-31,Germany,sarima_p1_d1_q1_P0_D0_Q1_s24,1,1,1,0,0,1,24,48,1,48,35016,0.05,True,joint Ljung-Box and residual ACF rule,[],ljung_box_statistic,24,9117.494056942955,0.05,True
2020-01-01,2023-12-31,Germany,sarima_p1_d1_q1_P0_D0_Q1_s24,1,1,1,0,0,1,24,48,1,48,35016,0.05,True,joint Ljung-Box and residual ACF rule,[],ljung_box_pvalue,24,0.0,0.05,True
2020-01-01,2023-12-31,Germany,sarima_p1_d1_q1_P0_D0_Q1_s24,1,1,1,0,0,1,24,48,1,48,35016,0.05,True,joint Ljung-Box and residual ACF rule,[],ljung_box_statistic,48,26308.96045016462,0.05,True
2020-01-01,2023-12-31,Germany,sarima_p1_d1_q1_P0_D0_Q1_s24,1,1,1,0,0,1,24,48,1,48,35016,0.05,True,joint Ljung-Box and residual ACF rule,[],ljung_box_pvalue,48,0.0,0.05,True
2020-01-01,2023-12-31,Germany,sarima_p1_d1_q0_P0_D0_Q1_s24,1,1,0,0,0,1,24,48,1,48,35016,0.05,True,joint Ljung-Box and residual ACF rule,[],residual_acf,1,0.2242140180089615,0.05,True
2020-01-01,2023-12-31,Germany,sarima_p1_d1_q0_P0_D0_Q1_s24,1,1,0,0,0,1,24,48,1,48,35016,0.05,True,joint Ljung-Box and residual ACF rule,[],residual_acf,2,-0.03085876774766188,0.05,False
2020-01-01,2023-12-31,Germany,sarima_p1_d1_q0_P0_D0_Q1_s24,1,1,0,0,0,1,24,48,1,48,35016,0.05,True,joint Ljung-Box and residual ACF rule,[],residual_acf,3,-0.1163012671636799,0.05,True
2020-01-01,2023-12-31,Germany,sarima_p1_d1_q0_P0_D0_Q1_s24,1,1,0,0,0,1,24,48,1,48,35016,0.05,True,joint Ljung-Box and residual ACF rule,[],residual_acf,4,-0.056110816925153156,0.05,True
2020-01-01,2023-12-31,Germany,sarima_p1_d1_q0_P0_D0_Q1_s24,1,1,0,0,0,1,24,48,1,48,35016,0.05,True,joint Ljung-Box and residual ACF rule,[],residual_acf,5,-0.060634198322919705,0.05,True
2020-01-01,2023-12-31,Germany,sarima_p1_d1_q0_P0_D0_Q1_s24,1,1,0,0,0,1,24,48,1,48,35016,0.05,True,joint Ljung-Box and residual ACF rule,[],residual_acf,6,-0.10583702146687858,0.05,True
2020-01-01,2023-12-31,Germany,sarima_p1_d1_q0_P0_D0_Q1_s24,1,1,0,0,0,1,24,48,1,48,35016,0.05,True,joint Ljung-Box and residual ACF rule,[],residual_acf,7,-0.1399981774903688,0.05,True
2020-01-01,2023-12-31,Germany,sarima_p1_d1_q0_P0_D0_Q1_s24,1,1,0,0,0,1,24,48,1,48,35016,0.05,True,joint Ljung-Box and residual ACF rule,[],residual_acf,8,-0.10460166963781037,0.05,True
2020-01-01,2023-12-31,Germany,sarima_p1_d1_q0_P0_D0_Q1_s24,1,1,0,0,0,1,24,48,1,48,35016,0.05,True,joint Ljung-Box and residual ACF rule,[],residual_acf,9,-0.07782023444277614,0.05,True
2020-01-01,2023-12-31,Germany,sarima_p1_d1_q0_P0_D0_Q1_s24,1,1,0,0,0,1,24,48,1,48,35016,0.05,True,joint Ljung-Box and residual ACF rule,[],residual_acf,10,-0.034740566364086824,0.05,False
2020-01-01,2023-12-31,Germany,sarima_p1_d1_q0_P0_D0_Q1_s24,1,1,0,0,0,1,24,48,1,48,35016,0.05,True,joint Ljung-Box and residual ACF rule,[],residual_acf,11,0.04689238108065364,0.05,False
2020-01-01,2023-12-31,Germany,sarima_p1_d1_q0_P0_D0_Q1_s24,1,1,0,0,0,1,24,48,1,48,35016,0.05,True,joint Ljung-Box and residual ACF rule,[],residual_acf,12,0.05229332504449699,0.05,True
2020-01-01,2023-12-31,Germany,sarima_p1_d1_q0_P0_D0_Q1_s24,1,1,0,0,0,1,24,48,1,48,35016,0.05,True,joint Ljung-Box and residual ACF rule,[],residual_acf,13,0.09246809510288853,0.05,True
2020-01-01,2023-12-31,Germany,sarima_p1_d1_q0_P0_D0_Q1_s24,1,1,0,0,0,1,24,48,1,48,35016,0.05,True,joint Ljung-Box and residual ACF rule,[],residual_acf,14,-0.04478581838407373,0.05,False
2020-01-01,2023-12-31,Germany,sarima_p1_d1_q0_P0_D0_Q1_s24,1,1,0,0,0,1,24,48,1,48,35016,0.05,True,joint Ljung-Box and residual ACF rule,[],residual_acf,15,-0.1118526766395711,0.05,True
2020-01-01,2023-12-31,Germany,sarima_p1_d1_q0_P0_D0_Q1_s24,1,1,0,0,0,1,24,48,1,48,35016,0.05,True,joint Ljung-Box and residual ACF rule,[],residual_acf,16,-0.16345895117656983,0.05,True
2020-01-01,2023-12-31,Germany,sarima_p1_d1_q0_P0_D0_Q1_s24,1,1,0,0,0,1,24,48,1,48,35016,0.05,True,joint Ljung-Box and residual ACF rule,[],residual_acf,17,-0.17144102740366013,0.05,True
2020-01-01,2023-12-31,Germany,sarima_p1_d1_q0_P0_D0_Q1_s24,1,1,0,0,0,1,24,48,1,48,35016,0.05,True,joint Ljung-Box and residual ACF rule,[],residual_acf,18,-0.13113787040857475,0.05,True
2020-01-01,2023-12-31,Germany,sarima_p1_d1_q0_P0_D0_Q1_s24,1,1,0,0,0,1,24,48,1,48,35016,0.05,True,joint Ljung-Box and residual ACF rule,[],residual_acf,19,-0.017620152979821,0.05,False
2020-01-01,2023-12-31,Germany,sarima_p1_d1_q0_P0_D0_Q1_s24,1,1,0,0,0,1,24,48,1,48,35016,0.05,True,joint Ljung-Box and residual ACF rule,[],residual_acf,20,0.0050873254211043,0.05,False
2020-01-01,2023-12-31,Germany,sarima_p1_d1_q0_P0_D0_Q1_s24,1,1,0,0,0,1,24,48,1,48,35016,0.05,True,joint Ljung-Box and residual ACF rule,[],residual_acf,21,0.0026291707621266766,0.05,False
2020-01-01,2023-12-31,Germany,sarima_p1_d1_q0_P0_D0_Q1_s24,1,1,0,0,0,1,24,48,1,48,35016,0.05,True,joint Ljung-Box and residual ACF rule,[],residual_acf,22,0.03772471391165673,0.05,False
2020-01-01,2023-12-31,Germany,sarima_p1_d1_q0_P0_D0_Q1_s24,1,1,0,0,0,1,24,48,1,48,35016,0.05,True,joint Ljung-Box and residual ACF rule,[],residual_acf,23,0.26723917722404633,0.05,True
2020-01-01,2023-12-31,Germany,sarima_p1_d1_q0_P0_D0_Q1_s24,1,1,0,0,0,1,24,48,1,48,35016,0.05,True,joint Ljung-Box and residual ACF rule,[],residual_acf,24,0.2891354159186966,0.05,True
2020-01-01,2023-12-31,Germany,sarima_p1_d1_q0_P0_D0_Q1_s24,1,1,0,0,0,1,24,48,1,48,35016,0.05,True,joint Ljung-Box and residual ACF rule,[],residual_acf,25,0.29408616900043394,0.05,True
2020-01-01,2023-12-31,Germany,sarima_p1_d1_q0_P0_D0_Q1_s24,1,1,0,0,0,1,24,48,1,48,35016,0.05,True,joint Ljung-Box and residual ACF rule,[],residual_acf,26,0.07011936596016048,0.05,True
2020-01-01,2023-12-31,Germany,sarima_p1_d1_q0_P0_D0_Q1_s24,1,1,0,0,0,1,24,48,1,48,35016,0.05,True,joint Ljung-Box and residual ACF rule,[],residual_acf,27,-0.0012759981296431285,0.05,False
2020-01-01,2023-12-31,Germany,sarima_p1_d1_q0_P0_D0_Q1_s24,1,1,0,0,0,1,24,48,1,48,35016,0.05,True,joint Ljung-Box and residual ACF rule,[],residual_acf,28,-0.011857977042489453,0.05,False
2020-01-01,2023-12-31,Germany,sarima_p1_d1_q0_P0_D0_Q1_s24,1,1,0,0,0,1,24,48,1,48,35016,0.05,True,joint Ljung-Box and residual ACF rule,[],residual_acf,29,-0.05315141534656695,0.05,True
2020-01-01,2023-12-31,Germany,sarima_p1_d1_q0_P0_D0_Q1_s24,1,1,0,0,0,1,24,48,1,48,35016,0.05,True,joint Ljung-Box and residual ACF rule,[],residual_acf,30,-0.14421798673474429,0.05,True
2020-01-01,2023-12-31,Germany,sarima_p1_d1_q0_P0_D0_Q1_s24,1,1,0,0,0,1,24,48,1,48,35016,0.05,True,joint Ljung-Box and residual ACF rule,[],residual_acf,31,-0.15646280509894261,0.05,True
2020-01-01,2023-12-31,Germany,sarima_p1_d1_q0_P0_D0_Q1_s24,1,1,0,0,0,1,24,48,1,48,35016,0.05,True,joint Ljung-Box and residual ACF rule,[],residual_acf,32,-0.11506592953620277,0.05,True
2020-01-01,2023-12-31,Germany,sarima_p1_d1_q0_P0_D0_Q1_s24,1,1,0,0,0,1,24,48,1,48,35016,0.05,True,joint Ljung-Box and residual ACF rule,[],residual_acf,33,-0.07455345261341995,0.05,True
2020-01-01,2023-12-31,Germany,sarima_p1_d1_q0_P0_D0_Q1_s24,1,1,0,0,0,1,24,48,1,48,35016,0.05,True,joint Ljung-Box and residual ACF rule,[],residual_acf,34,-0.0368530878197595,0.05,False
2020-01-01,2023-12-31,Germany,sarima_p1_d1_q0_P0_D0_Q1_s24,1,1,0,0,0,1,24,48,1,48,35016,0.05,True,joint Ljung-Box and residual ACF rule,[],residual_acf,35,0.05065838988439972,0.05,True
2020-01-01,2023-12-31,Germany,sarima_p1_d1_q0_P0_D0_Q1_s24,1,1,0,0,0,1,24,48,1,48,35016,0.05,True,joint Ljung-Box and residual ACF rule,[],residual_acf,36,0.053911965854006566,0.05,True
2020-01-01,2023-12-31,Germany,sarima_p1_d1_q0_P0_D0_Q1_s24,1,1,0,0,0,1,24,48,1,48,35016,0.05,True,joint Ljung-Box and residual ACF rule,[],residual_acf,37,0.06141660152938735,0.05,True
2020-01-01,2023-12-31,Germany,sarima_p1_d1_q0_P0_D0_Q1_s24,1,1,0,0,0,1,24,48,1,48,35016,0.05,True,joint Ljung-Box and residual ACF rule,[],residual_acf,38,-0.03002461683159173,0.05,False
2020-01-01,2023-12-31,Germany,sarima_p1_d1_q0_P0_D0_Q1_s24,1,1,0,0,0,1,24,48,1,48,35016,0.05,True,joint Ljung-Box and residual ACF rule,[],residual_acf,39,-0.08673976295145464,0.05,True
2020-01-01,2023-12-31,Germany,sarima_p1_d1_q0_P0_D0_Q1_s24,1,1,0,0,0,1,24,48,1,48,35016,0.05,True,joint Ljung-Box and residual ACF rule,[],residual_acf,40,-0.11912984258823242,0.05,True
2020-01-01,2023-12-31,Germany,sarima_p1_d1_q0_P0_D0_Q1_s24,1,1,0,0,0,1,24,48,1,48,35016,0.05,True,joint Ljung-Box and residual ACF rule,[],residual_acf,41,-0.15573870987852484,0.05,True
2020-01-01,2023-12-31,Germany,sarima_p1_d1_q0_P0_D0_Q1_s24,1,1,0,0,0,1,24,48,1,48,35016,0.05,True,joint Ljung-Box and residual ACF rule,[],residual_acf,42,-0.13289224309519354,0.05,True
2020-01-01,2023-12-31,Germany,sarima_p1_d1_q0_P0_D0_Q1_s24,1,1,0,0,0,1,24,48,1,48,35016,0.05,True,joint Ljung-Box and residual ACF rule,[],residual_acf,43,-0.05150369390232255,0.05,True
2020-01-01,2023-12-31,Germany,sarima_p1_d1_q0_P0_D0_Q1_s24,1,1,0,0,0,1,24,48,1,48,35016,0.05,True,joint Ljung-Box and residual ACF rule,[],residual_acf,44,-0.014675936046209483,0.05,False
2020-01-01,2023-12-31,Germany,sarima_p1_d1_q0_P0_D0_Q1_s24,1,1,0,0,0,1,24,48,1,48,35016,0.05,True,joint Ljung-Box and residual ACF rule,[],residual_acf,45,0.0008941944841013027,0.05,False
2020-01-01,2023-12-31,Germany,sarima_p1_d1_q0_P0_D0_Q1_s24,1,1,0,0,0,1,24,48,1,48,35016,0.05,True,joint Ljung-Box and residual ACF rule,[],residual_acf,46,0.054980602872623775,0.05,True
2020-01-01,2023-12-31,Germany,sarima_p1_d1_q0_P0_D0_Q1_s24,1,1,0,0,0,1,24,48,1,48,35016,0.05,True,joint Ljung-Box and residual ACF rule,[],residual_acf,47,0.18026321777674628,0.05,True
2020-01-01,2023-12-31,Germany,sarima_p1_d1_q0_P0_D0_Q1_s24,1,1,0,0,0,1,24,48,1,48,35016,0.05,True,joint Ljung-Box and residual ACF rule,[],residual_acf,48,0.5630095682854735,0.05,True
2020-01-01,2023-12-31,Germany,sarima_p1_d1_q0_P0_D0_Q1_s24,1,1,0,0,0,1,24,48,1,48,35016,0.05,True,joint Ljung-Box and residual ACF rule,[],ljung_box_statistic,24,13266.114732783875,0.05,True
2020-01-01,2023-12-31,Germany,sarima_p1_d1_q0_P0_D0_Q1_s24,1,1,0,0,0,1,24,48,1,48,35016,0.05,True,joint Ljung-Box and residual ACF rule,[],ljung_box_pvalue,24,0.0,0.05,True
2020-01-01,2023-12-31,Germany,sarima_p1_d1_q0_P0_D0_Q1_s24,1,1,0,0,0,1,24,48,1,48,35016,0.05,True,joint Ljung-Box and residual ACF rule,[],ljung_box_statistic,48,33914.373521153444,0.05,True
2020-01-01,2023-12-31,Germany,sarima_p1_d1_q0_P0_D0_Q1_s24,1,1,0,0,0,1,24,48,1,48,35016,0.05,True,joint Ljung-Box and residual ACF rule,[],ljung_box_pvalue,48,0.0,0.05,True
2020-01-01,2023-12-31,Germany,sarima_p0_d1_q1_P1_D0_Q0_s24,0,1,1,1,0,0,24,48,1,48,35016,0.05,True,joint Ljung-Box and residual ACF rule,[],residual_acf,1,0.17754147938112605,0.05,True
2020-01-01,2023-12-31,Germany,sarima_p0_d1_q1_P1_D0_Q0_s24,0,1,1,1,0,0,24,48,1,48,35016,0.05,True,joint Ljung-Box and residual ACF rule,[],residual_acf,2,0.22753356583266426,0.05,True
2020-01-01,2023-12-31,Germany,sarima_p0_d1_q1_P1_D0_Q0_s24,0,1,1,1,0,0,24,48,1,48,35016,0.05,True,joint Ljung-Box and residual ACF rule,[],residual_acf,3,-0.1234285349520084,0.05,True
2020-01-01,2023-12-31,Germany,sarima_p0_d1_q1_P1_D0_Q0_s24,0,1,1,1,0,0,24,48,1,48,35016,0.05,True,joint Ljung-Box and residual ACF rule,[],residual_acf,4,0.009592257198893213,0.05,False
2020-01-01,2023-12-31,Germany,sarima_p0_d1_q1_P1_D0_Q0_s24,0,1,1,1,0,0,24,48,1,48,35016,0.05,True,joint Ljung-Box and residual ACF rule,[],residual_acf,5,-0.04901222871345526,0.05,False
2020-01-01,2023-12-31,Germany,sarima_p0_d1_q1_P1_D0_Q0_s24,0,1,1,1,0,0,24,48,1,48,35016,0.05,True,joint Ljung-Box and residual ACF rule,[],residual_acf,6,0.0694181548393166,0.05,True
2020-01-01,2023-12-31,Germany,sarima_p0_d1_q1_P1_D0_Q0_s24,0,1,1,1,0,0,24,48,1,48,35016,0.05,True,joint Ljung-Box and residual ACF rule,[],residual_acf,7,0.04802875197074568,0.05,False
2020-01-01,2023-12-31,Germany,sarima_p0_d1_q1_P1_D0_Q0_s24,0,1,1,1,0,0,24,48,1,48,35016,0.05,True,joint Ljung-Box and residual ACF rule,[],residual_acf,8,0.061375390965604,0.05,True
2020-01-01,2023-12-31,Germany,sarima_p0_d1_q1_P1_D0_Q0_s24,0,1,1,1,0,0,24,48,1,48,35016,0.05,True,joint Ljung-Box and residual ACF rule,[],residual_acf,9,0.030893791936153353,0.05,False
2020-01-01,2023-12-31,Germany,sarima_p0_d1_q1_P1_D0_Q0_s24,0,1,1,1,0,0,24,48,1,48,35016,0.05,True,joint Ljung-Box and residual ACF rule,[],residual_acf,10,0.009627932672708011,0.05,False
2020-01-01,2023-12-31,Germany,sarima_p0_d1_q1_P1_D0_Q0_s24,0,1,1,1,0,0,24,48,1,48,35016,0.05,True,joint Ljung-Box and residual ACF rule,[],residual_acf,11,-0.0014560288320629746,0.05,False
2020-01-01,2023-12-31,Germany,sarima_p0_d1_q1_P1_D0_Q0_s24,0,1,1,1,0,0,24,48,1,48,35016,0.05,True,joint Ljung-Box and residual ACF rule,[],residual_acf,12,-0.016957495003463347,0.05,False
2020-01-01,2023-12-31,Germany,sarima_p0_d1_q1_P1_D0_Q0_s24,0,1,1,1,0,0,24,48,1,48,35016,0.05,True,joint Ljung-Box and residual ACF rule,[],residual_acf,13,0.028286411433490595,0.05,False
2020-01-01,2023-12-31,Germany,sarima_p0_d1_q1_P1_D0_Q0_s24,0,1,1,1,0,0,24,48,1,48,35016,0.05,True,joint Ljung-Box and residual ACF rule,[],residual_acf,14,-0.07933072892088822,0.05,True
2020-01-01,2023-12-31,Germany,sarima_p0_d1_q1_P1_D0_Q0_s24,0,1,1,1,0,0,24,48,1,48,35016,0.05,True,joint Ljung-Box and residual ACF rule,[],residual_acf,15,-0.08866377978106224,0.05,True
2020-01-01,2023-12-31,Germany,sarima_p0_d1_q1_P1_D0_Q0_s24,0,1,1,1,0,0,24,48,1,48,35016,0.05,True,joint Ljung-Box and residual ACF rule,[],residual_acf,16,-0.13907216455105487,0.05,True
2020-01-01,2023-12-31,Germany,sarima_p0_d1_q1_P1_D0_Q0_s24,0,1,1,1,0,0,24,48,1,48,35016,0.05,True,joint Ljung-Box and residual ACF rule,[],residual_acf,17,-0.05076209752753812,0.05,True
2020-01-01,2023-12-31,Germany,sarima_p0_d1_q1_P1_D0_Q0_s24,0,1,1,1,0,0,24,48,1,48,35016,0.05,True,joint Ljung-Box and residual ACF rule,[],residual_acf,18,-0.050015942992040076,0.05,True
2020-01-01,2023-12-31,Germany,sarima_p0_d1_q1_P1_D0_Q0_s24,0,1,1,1,0,0,24,48,1,48,35016,0.05,True,joint Ljung-Box and residual ACF rule,[],residual_acf,19,0.03642466888635937,0.05,False
2020-01-01,2023-12-31,Germany,sarima_p0_d1_q1_P1_D0_Q0_s24,0,1,1,1,0,0,24,48,1,48,35016,0.05,True,joint Ljung-Box and residual ACF rule,[],residual_acf,20,-0.023266647511783096,0.05,False
2020-01-01,2023-12-31,Germany,sarima_p0_d1_q1_P1_D0_Q0_s24,0,1,1,1,0,0,24,48,1,48,35016,0.05,True,joint Ljung-Box and residual ACF rule,[],residual_acf,21,0.025966710932652813,0.05,False
2020-01-01,2023-12-31,Germany,sarima_p0_d1_q1_P1_D0_Q0_s24,0,1,1,1,0,0,24,48,1,48,35016,0.05,True,joint Ljung-Box and residual ACF rule,[],residual_acf,22,-0.11022505188157426,0.05,True
2020-01-01,2023-12-31,Germany,sarima_p0_d1_q1_P1_D0_Q0_s24,0,1,1,1,0,0,24,48,1,48,35016,0.05,True,joint Ljung-Box and residual ACF rule,[],residual_acf,23,0.02299572595773402,0.05,False
2020-01-01,2023-12-31,Germany,sarima_p0_d1_q1_P1_D0_Q0_s24,0,1,1,1,0,0,24,48,1,48,35016,0.05,True,joint Ljung-Box and residual ACF rule,[],residual_acf,24,-0.237468024097284,0.05,True
2020-01-01,2023-12-31,Germany,sarima_p0_d1_q1_P1_D0_Q0_s24,0,1,1,1,0,0,24,48,1,48,35016,0.05,True,joint Ljung-Box and residual ACF rule,[],residual_acf,25,0.0676841079891361,0.05,True
2020-01-01,2023-12-31,Germany,sarima_p0_d1_q1_P1_D0_Q0_s24,0,1,1,1,0,0,24,48,1,48,35016,0.05,True,joint Ljung-Box and residual ACF rule,[],residual_acf,26,-0.04333706174858006,0.05,False
2020-01-01,2023-12-31,Germany,sarima_p0_d1_q1_P1_D0_Q0_s24,0,1,1,1,0,0,24,48,1,48,35016,0.05,True,joint Ljung-Box and residual ACF rule,[],residual_acf,27,0.016821131064513276,0.05,False
2020-01-01,2023-12-31,Germany,sarima_p0_d1_q1_P1_D0_Q0_s24,0,1,1,1,0,0,24,48,1,48,35016,0.05,True,joint Ljung-Box and residual ACF rule,[],residual_acf,28,-0.031009092223078724,0.05,False
2020-01-01,2023-12-31,Germany,sarima_p0_d1_q1_P1_D0_Q0_s24,0,1,1,1,0,0,24,48,1,48,35016,0.05,True,joint Ljung-Box and residual ACF rule,[],residual_acf,29,-0.01967955250992982,0.05,False
2020-01-01,2023-12-31,Germany,sarima_p0_d1_q1_P1_D0_Q0_s24,0,1,1,1,0,0,24,48,1,48,35016,0.05,True,joint Ljung-Box and residual ACF rule,[],residual_acf,30,-0.01901743147356619,0.05,False
2020-01-01,2023-12-31,Germany,sarima_p0_d1_q1_P1_D0_Q0_s24,0,1,1,1,0,0,24,48,1,48,35016,0.05,True,joint Ljung-Box and residual ACF rule,[],residual_acf,31,0.016467841257159936,0.05,False
2020-01-01,2023-12-31,Germany,sarima_p0_d1_q1_P1_D0_Q0_s24,0,1,1,1,0,0,24,48,1,48,35016,0.05,True,joint Ljung-Box and residual ACF rule,[],residual_acf,32,0.03705919481117579,0.05,False
2020-01-01,2023-12-31,Germany,sarima_p0_d1_q1_P1_D0_Q0_s24,0,1,1,1,0,0,24,48,1,48,35016,0.05,True,joint Ljung-Box and residual ACF rule,[],residual_acf,33,0.03397669035860904,0.05,False
2020-01-01,2023-12-31,Germany,sarima_p0_d1_q1_P1_D0_Q0_s24,0,1,1,1,0,0,24,48,1,48,35016,0.05,True,joint Ljung-Box and residual ACF rule,[],residual_acf,34,0.019002429257808602,0.05,False
2020-01-01,2023-12-31,Germany,sarima_p0_d1_q1_P1_D0_Q0_s24,0,1,1,1,0,0,24,48,1,48,35016,0.05,True,joint Ljung-Box and residual ACF rule,[],residual_acf,35,-0.014484238493798622,0.05,False
2020-01-01,2023-12-31,Germany,sarima_p0_d1_q1_P1_D0_Q0_s24,0,1,1,1,0,0,24,48,1,48,35016,0.05,True,joint Ljung-Box and residual ACF rule,[],residual_acf,36,0.012467707644866865,0.05,False
2020-01-01,2023-12-31,Germany,sarima_p0_d1_q1_P1_D0_Q0_s24,0,1,1,1,0,0,24,48,1,48,35016,0.05,True,joint Ljung-Box and residual ACF rule,[],residual_acf,37,0.003977675322065019,0.05,False
2020-01-01,2023-12-31,Germany,sarima_p0_d1_q1_P1_D0_Q0_s24,0,1,1,1,0,0,24,48,1,48,35016,0.05,True,joint Ljung-Box and residual ACF rule,[],residual_acf,38,-9.439521485732257e-06,0.05,False
2020-01-01,2023-12-31,Germany,sarima_p0_d1_q1_P1_D0_Q0_s24,0,1,1,1,0,0,24,48,1,48,35016,0.05,True,joint Ljung-Box and residual ACF rule,[],residual_acf,39,-0.016509094041304073,0.05,False
2020-01-01,2023-12-31,Germany,sarima_p0_d1_q1_P1_D0_Q0_s24,0,1,1,1,0,0,24,48,1,48,35016,0.05,True,joint Ljung-Box and residual ACF rule,[],residual_acf,40,-0.016225997752423525,0.05,False
2020-01-01,2023-12-31,Germany,sarima_p0_d1_q1_P1_D0_Q0_s24,0,1,1,1,0,0,24,48,1,48,35016,0.05,True,joint Ljung-Box and residual ACF rule,[],residual_acf,41,-0.009701250067424658,0.05,False
2020-01-01,2023-12-31,Germany,sarima_p0_d1_q1_P1_D0_Q0_s24,0,1,1,1,0,0,24,48,1,48,35016,0.05,True,joint Ljung-Box and residual ACF rule,[],residual_acf,42,-0.01972827311278044,0.05,False
2020-01-01,2023-12-31,Germany,sarima_p0_d1_q1_P1_D0_Q0_s24,0,1,1,1,0,0,24,48,1,48,35016,0.05,True,joint Ljung-Box and residual ACF rule,[],residual_acf,43,0.004001658036863041,0.05,False
2020-01-01,2023-12-31,Germany,sarima_p0_d1_q1_P1_D0_Q0_s24,0,1,1,1,0,0,24,48,1,48,35016,0.05,True,joint Ljung-Box and residual ACF rule,[],residual_acf,44,0.006205057216620171,0.05,False
2020-01-01,2023-12-31,Germany,sarima_p0_d1_q1_P1_D0_Q0_s24,0,1,1,1,0,0,24,48,1,48,35016,0.05,True,joint Ljung-Box and residual ACF rule,[],residual_acf,45,0.03025425666545364,0.05,False
2020-01-01,2023-12-31,Germany,sarima_p0_d1_q1_P1_D0_Q0_s24,0,1,1,1,0,0,24,48,1,48,35016,0.05,True,joint Ljung-Box and residual ACF rule,[],residual_acf,46,-0.030543030667526807,0.05,False
2020-01-01,2023-12-31,Germany,sarima_p0_d1_q1_P1_D0_Q0_s24,0,1,1,1,0,0,24,48,1,48,35016,0.05,True,joint Ljung-Box and residual ACF rule,[],residual_acf,47,-0.1274263157724863,0.05,True
2020-01-01,2023-12-31,Germany,sarima_p0_d1_q1_P1_D0_Q0_s24,0,1,1,1,0,0,24,48,1,48,35016,0.05,True,joint Ljung-Box and residual ACF rule,[],residual_acf,48,-0.2428941932612824,0.05,True
2020-01-01,2023-12-31,Germany,sarima_p0_d1_q1_P1_D0_Q0_s24,0,1,1,1,0,0,24,48,1,48,35016,0.05,True,joint Ljung-Box and residual ACF rule,[],ljung_box_statistic,24,7854.901033679704,0.05,True
2020-01-01,2023-12-31,Germany,sarima_p0_d1_q1_P1_D0_Q0_s24,0,1,1,1,0,0,24,48,1,48,35016,0.05,True,joint Ljung-Box and residual ACF rule,[],ljung_box_pvalue,24,0.0,0.05,True
2020-01-01,2023-12-31,Germany,sarima_p0_d1_q1_P1_D0_Q0_s24,0,1,1,1,0,0,24,48,1,48,35016,0.05,True,joint Ljung-Box and residual ACF rule,[],ljung_box_statistic,48,11015.865133481395,0.05,True
2020-01-01,2023-12-31,Germany,sarima_p0_d1_q1_P1_D0_Q0_s24,0,1,1,1,0,0,24,48,1,48,35016,0.05,True,joint Ljung-Box and residual ACF rule,[],ljung_box_pvalue,48,0.0,0.05,True
2020-01-01,2023-12-31,Germany,sarima_p0_d0_q0_P0_D1_Q0_s24,0,0,0,0,1,0,24,48,24,48,35016,0.05,True,joint Ljung-Box and residual ACF rule,[],residual_acf,1,0.982918898956967,0.05,True
2020-01-01,2023-12-31,Germany,sarima_p0_d0_q0_P0_D1_Q0_s24,0,0,0,0,1,0,24,48,24,48,35016,0.05,True,joint Ljung-Box and residual ACF rule,[],residual_acf,2,0.9449797895835678,0.05,True
2020-01-01,2023-12-31,Germany,sarima_p0_d0_q0_P0_D1_Q0_s24,0,0,0,0,1,0,24,48,24,48,35016,0.05,True,joint Ljung-Box and residual ACF rule,[],residual_acf,3,0.8996130433670422,0.05,True
2020-01-01,2023-12-31,Germany,sarima_p0_d0_q0_P0_D1_Q0_s24,0,0,0,0,1,0,24,48,24,48,35016,0.05,True,joint Ljung-Box and residual ACF rule,[],residual_acf,4,0.8548917814344258,0.05,True
2020-01-01,2023-12-31,Germany,sarima_p0_d0_q0_P0_D1_Q0_s24,0,0,0,0,1,0,24,48,24,48,35016,0.05,True,joint Ljung-Box and residual ACF rule,[],residual_acf,5,0.8120780907794402,0.05,True
2020-01-01,2023-12-31,Germany,sarima_p0_d0_q0_P0_D1_Q0_s24,0,0,0,0,1,0,24,48,24,48,35016,0.05,True,joint Ljung-Box and residual ACF rule,[],residual_acf,6,0.7697131901891799,0.05,True
2020-01-01,2023-12-31,Germany,sarima_p0_d0_q0_P0_D1_Q0_s24,0,0,0,0,1,0,24,48,24,48,35016,0.05,True,joint Ljung-Box and residual ACF rule,[],residual_acf,7,0.7253054378485758,0.05,True
2020-01-01,2023-12-31,Germany,sarima_p0_d0_q0_P0_D1_Q0_s24,0,0,0,0,1,0,24,48,24,48,35016,0.05,True,joint Ljung-Box and residual ACF rule,[],residual_acf,8,0.677816460659819,0.05,True
2020-01-01,2023-12-31,Germany,sarima_p0_d0_q0_P0_D1_Q0_s24,0,0,0,0,1,0,24,48,24,48,35016,0.05,True,joint Ljung-Box and residual ACF rule,[],residual_acf,9,0.6275077429817233,0.05,True
2020-01-01,2023-12-31,Germany,sarima_p0_d0_q0_P0_D1_Q0_s24,0,0,0,0,1,0,24,48,24,48,35016,0.05,True,joint Ljung-Box and residual ACF rule,[],residual_acf,10,0.575382172659553,0.05,True
2020-01-01,2023-12-31,Germany,sarima_p0_d0_q0_P0_D1_Q0_s24,0,0,0,0,1,0,24,48,24,48,35016,0.05,True,joint Ljung-Box and residual ACF rule,[],residual_acf,11,0.5225985448626677,0.05,True
2020-01-01,2023-12-31,Germany,sarima_p0_d0_q0_P0_D1_Q0_s24,0,0,0,0,1,0,24,48,24,48,35016,0.05,True,joint Ljung-Box and residual ACF rule,[],residual_acf,12,0.4699498042362243,0.05,True
2020-01-01,2023-12-31,Germany,sarima_p0_d0_q0_P0_D1_Q0_s24,0,0,0,0,1,0,24,48,24,48,35016,0.05,True,joint Ljung-Box and residual ACF rule,[],residual_acf,13,0.4174650496012339,0.05,True
2020-01-01,2023-12-31,Germany,sarima_p0_d0_q0_P0_D1_Q0_s24,0,0,0,0,1,0,24,48,24,48,35016,0.05,True,joint Ljung-Box and residual ACF rule,[],residual_acf,14,0.36536822614881725,0.05,True
2020-01-01,2023-12-31,Germany,sarima_p0_d0_q0_P0_D1_Q0_s24,0,0,0,0,1,0,24,48,24,48,35016,0.05,True,joint Ljung-Box and residual ACF rule,[],residual_acf,15,0.316389817750076,0.05,True
2020-01-01,2023-12-31,Germany,sarima_p0_d0_q0_P0_D1_Q0_s24,0,0,0,0,1,0,24,48,24,48,35016,0.05,True,joint Ljung-Box and residual ACF rule,[],residual_acf,16,0.27281798623239156,0.05,True
2020-01-01,2023-12-31,Germany,sarima_p0_d0_q0_P0_D1_Q0_s24,0,0,0,0,1,0,24,48,24,48,35016,0.05,True,joint Ljung-Box and residual ACF rule,[],residual_acf,17,0.23514412488255357,0.05,True
2020-01-01,2023-12-31,Germany,sarima_p0_d0_q0_P0_D1_Q0_s24,0,0,0,0,1,0,24,48,24,48,35016,0.05,True,joint Ljung-Box and residual ACF rule,[],residual_acf,18,0.20138141182483368,0.05,True
2020-01-01,2023-12-31,Germany,sarima_p0_d0_q0_P0_D1_Q0_s24,0,0,0,0,1,0,24,48,24,48,35016,0.05,True,joint Ljung-Box and residual ACF rule,[],residual_acf,19,0.16928524483722734,0.05,True
2020-01-01,2023-12-31,Germany,sarima_p0_d0_q0_P0_D1_Q0_s24,0,0,0,0,1,0,24,48,24,48,35016,0.05,True,joint Ljung-Box and residual ACF rule,[],residual_acf,20,0.13704363138438744,0.05,True
2020-01-01,2023-12-31,Germany,sarima_p0_d0_q0_P0_D1_Q0_s24,0,0,0,0,1,0,24,48,24,48,35016,0.05,True,joint Ljung-Box and residual ACF rule,[],residual_acf,21,0.1046985029931843,0.05,True
2020-01-01,2023-12-31,Germany,sarima_p0_d0_q0_P0_D1_Q0_s24,0,0,0,0,1,0,24,48,24,48,35016,0.05,True,joint Ljung-Box and residual ACF rule,[],residual_acf,22,0.07328253790622925,0.05,True
2020-01-01,2023-12-31,Germany,sarima_p0_d0_q0_P0_D1_Q0_s24,0,0,0,0,1,0,24,48,24,48,35016,0.05,True,joint Ljung-Box and residual ACF rule,[],residual_acf,23,0.044507528767836285,0.05,False
2020-01-01,2023-12-31,Germany,sarima_p0_d0_q0_P0_D1_Q0_s24,0,0,0,0,1,0,24,48,24,48,35016,0.05,True,joint Ljung-Box and residual ACF rule,[],residual_acf,24,0.019467278355970168,0.05,False
2020-01-01,2023-12-31,Germany,sarima_p0_d0_q0_P0_D1_Q0_s24,0,0,0,0,1,0,24,48,24,48,35016,0.05,True,joint Ljung-Box and residual ACF rule,[],residual_acf,25,0.00030905570881384716,0.05,False
2020-01-01,2023-12-31,Germany,sarima_p0_d0_q0_P0_D1_Q0_s24,0,0,0,0,1,0,24,48,24,48,35016,0.05,True,joint Ljung-Box and residual ACF rule,[],residual_acf,26,-0.01728241028723968,0.05,False
2020-01-01,2023-12-31,Germany,sarima_p0_d0_q0_P0_D1_Q0_s24,0,0,0,0,1,0,24,48,24,48,35016,0.05,True,joint Ljung-Box and residual ACF rule,[],residual_acf,27,-0.0346623943940403,0.05,False
2020-01-01,2023-12-31,Germany,sarima_p0_d0_q0_P0_D1_Q0_s24,0,0,0,0,1,0,24,48,24,48,35016,0.05,True,joint Ljung-Box and residual ACF rule,[],residual_acf,28,-0.05159462457091578,0.05,True
2020-01-01,2023-12-31,Germany,sarima_p0_d0_q0_P0_D1_Q0_s24,0,0,0,0,1,0,24,48,24,48,35016,0.05,True,joint Ljung-Box and residual ACF rule,[],residual_acf,29,-0.06757118399826471,0.05,True
2020-01-01,2023-12-31,Germany,sarima_p0_d0_q0_P0_D1_Q0_s24,0,0,0,0,1,0,24,48,24,48,35016,0.05,True,joint Ljung-Box and residual ACF rule,[],residual_acf,30,-0.08232066824452569,0.05,True
2020-01-01,2023-12-31,Germany,sarima_p0_d0_q0_P0_D1_Q0_s24,0,0,0,0,1,0,24,48,24,48,35016,0.05,True,joint Ljung-Box and residual ACF rule,[],residual_acf,31,-0.09644684436042761,0.05,True
2020-01-01,2023-12-31,Germany,sarima_p0_d0_q0_P0_D1_Q0_s24,0,0,0,0,1,0,24,48,24,48,35016,0.05,True,joint Ljung-Box and residual ACF rule,[],residual_acf,32,-0.11128266917915401,0.05,True
2020-01-01,2023-12-31,Germany,sarima_p0_d0_q0_P0_D1_Q0_s24,0,0,0,0,1,0,24,48,24,48,35016,0.05,True,joint Ljung-Box and residual ACF rule,[],residual_acf,33,-0.1278572109542387,0.05,True
2020-01-01,2023-12-31,Germany,sarima_p0_d0_q0_P0_D1_Q0_s24,0,0,0,0,1,0,24,48,24,48,35016,0.05,True,joint Ljung-Box and residual ACF rule,[],residual_acf,34,-0.1461591189345096,0.05,True
2020-01-01,2023-12-31,Germany,sarima_p0_d0_q0_P0_D1_Q0_s24,0,0,0,0,1,0,24,48,24,48,35016,0.05,True,joint Ljung-Box and residual ACF rule,[],residual_acf,35,-0.16528124578078393,0.05,True
2020-01-01,2023-12-31,Germany,sarima_p0_d0_q0_P0_D1_Q0_s24,0,0,0,0,1,0,24,48,24,48,35016,0.05,True,joint Ljung-Box and residual ACF rule,[],residual_acf,36,-0.18437597445387222,0.05,True
2020-01-01,2023-12-31,Germany,sarima_p0_d0_q0_P0_D1_Q0_s24,0,0,0,0,1,0,24,48,24,48,35016,0.05,True,joint Ljung-Box and residual ACF rule,[],residual_acf,37,-0.20371126674977263,0.05,True
2020-01-01,2023-12-31,Germany,sarima_p0_d0_q0_P0_D1_Q0_s24,0,0,0,0,1,0,24,48,24,48,35016,0.05,True,joint Ljung-Box and residual ACF rule,[],residual_acf,38,-0.22332211816094008,0.05,True
2020-01-01,2023-12-31,Germany,sarima_p0_d0_q0_P0_D1_Q0_s24,0,0,0,0,1,0,24,48,24,48,35016,0.05,True,joint Ljung-Box and residual ACF rule,[],residual_acf,39,-0.24277166999470445,0.05,True
2020-01-01,2023-12-31,Germany,sarima_p0_d0_q0_P0_D1_Q0_s24,0,0,0,0,1,0,24,48,24,48,35016,0.05,True,joint Ljung-Box and residual ACF rule,[],residual_acf,40,-0.26152624580700956,0.05,True
2020-01-01,2023-12-31,Germany,sarima_p0_d0_q0_P0_D1_Q0_s24,0,0,0,0,1,0,24,48,24,48,35016,0.05,True,joint Ljung-Box and residual ACF rule,[],residual_acf,41,-0.27947061662460465,0.05,True
2020-01-01,2023-12-31,Germany,sarima_p0_d0_q0_P0_D1_Q0_s24,0,0,0,0,1,0,24,48,24,48,35016,0.05,True,joint Ljung-Box and residual ACF rule,[],residual_acf,42,-0.2966740935056099,0.05,True
2020-01-01,2023-12-31,Germany,sarima_p0_d0_q0_P0_D1_Q0_s24,0,0,0,0,1,0,24,48,24,48,35016,0.05,True,joint Ljung-Box and residual ACF rule,[],residual_acf,43,-0.313225099042236,0.05,True
2020-01-01,2023-12-31,Germany,sarima_p0_d0_q0_P0_D1_Q0_s24,0,0,0,0,1,0,24,48,24,48,35016,0.05,True,joint Ljung-Box and residual ACF rule,[],residual_acf,44,-0.3297236047643398,0.05,True
2020-01-01,2023-12-31,Germany,sarima_p0_d0_q0_P0_D1_Q0_s24,0,0,0,0,1,0,24,48,24,48,35016,0.05,True,joint Ljung-Box and residual ACF rule,[],residual_acf,45,-0.3468414717667614,0.05,True
2020-01-01,2023-12-31,Germany,sarima_p0_d0_q0_P0_D1_Q0_s24,0,0,0,0,1,0,24,48,24,48,35016,0.05,True,joint Ljung-Box and residual ACF rule,[],residual_acf,46,-0.36454957729455995,0.05,True
2020-01-01,2023-12-31,Germany,sarima_p0_d0_q0_P0_D1_Q0_s24,0,0,0,0,1,0,24,48,24,48,35016,0.05,True,joint Ljung-Box and residual ACF rule,[],residual_acf,47,-0.38011647463176185,0.05,True
2020-01-01,2023-12-31,Germany,sarima_p0_d0_q0_P0_D1_Q0_s24,0,0,0,0,1,0,24,48,24,48,35016,0.05,True,joint Ljung-Box and residual ACF rule,[],residual_acf,48,-0.38843293583596267,0.05,True
2020-01-01,2023-12-31,Germany,sarima_p0_d0_q0_P0_D1_Q0_s24,0,0,0,0,1,0,24,48,24,48,35016,0.05,True,joint Ljung-Box and residual ACF rule,[],ljung_box_statistic,24,262671.45646242885,0.05,True
2020-01-01,2023-12-31,Germany,sarima_p0_d0_q0_P0_D1_Q0_s24,0,0,0,0,1,0,24,48,24,48,35016,0.05,True,joint Ljung-Box and residual ACF rule,[],ljung_box_pvalue,24,0.0,0.05,True
2020-01-01,2023-12-31,Germany,sarima_p0_d0_q0_P0_D1_Q0_s24,0,0,0,0,1,0,24,48,24,48,35016,0.05,True,joint Ljung-Box and residual ACF rule,[],ljung_box_statistic,48,307424.0295808568,0.05,True
2020-01-01,2023-12-31,Germany,sarima_p0_d0_q0_P0_D1_Q0_s24,0,0,0,0,1,0,24,48,24,48,35016,0.05,True,joint Ljung-Box and residual ACF rule,[],ljung_box_pvalue,48,0.0,0.05,True
2020-01-01,2023-12-31,Germany,sarima_p1_d0_q0_P0_D1_Q0_s24,1,0,0,0,1,0,24,48,24,48,35016,0.05,True,joint Ljung-Box and residual ACF rule,[],residual_acf,1,0.6146337701748673,0.05,True
2020-01-01,2023-12-31,Germany,sarima_p1_d0_q0_P0_D1_Q0_s24,1,0,0,0,1,0,24,48,24,48,35016,0.05,True,joint Ljung-Box and residual ACF rule,[],residual_acf,2,0.2247826567260945,0.05,True
2020-01-01,2023-12-31,Germany,sarima_p1_d0_q0_P0_D1_Q0_s24,1,0,0,0,1,0,24,48,24,48,35016,0.05,True,joint Ljung-Box and residual ACF rule,[],residual_acf,3,-0.009787034049439718,0.05,False
2020-01-01,2023-12-31,Germany,sarima_p1_d0_q0_P0_D1_Q0_s24,1,0,0,0,1,0,24,48,24,48,35016,0.05,True,joint Ljung-Box and residual ACF rule,[],residual_acf,4,-0.046849727234204996,0.05,False
2020-01-01,2023-12-31,Germany,sarima_p1_d0_q0_P0_D1_Q0_s24,1,0,0,0,1,0,24,48,24,48,35016,0.05,True,joint Ljung-Box and residual ACF rule,[],residual_acf,5,-0.004963232091084034,0.05,False
2020-01-01,2023-12-31,Germany,sarima_p1_d0_q0_P0_D1_Q0_s24,1,0,0,0,1,0,24,48,24,48,35016,0.05,True,joint Ljung-Box and residual ACF rule,[],residual_acf,6,0.06691094047652364,0.05,True
2020-01-01,2023-12-31,Germany,sarima_p1_d0_q0_P0_D1_Q0_s24,1,0,0,0,1,0,24,48,24,48,35016,0.05,True,joint Ljung-Box and residual ACF rule,[],residual_acf,7,0.09664958260801863,0.05,True
2020-01-01,2023-12-31,Germany,sarima_p1_d0_q0_P0_D1_Q0_s24,1,0,0,0,1,0,24,48,24,48,35016,0.05,True,joint Ljung-Box and residual ACF rule,[],residual_acf,8,0.0885264864605719,0.05,True
2020-01-01,2023-12-31,Germany,sarima_p1_d0_q0_P0_D1_Q0_s24,1,0,0,0,1,0,24,48,24,48,35016,0.05,True,joint Ljung-Box and residual ACF rule,[],residual_acf,9,0.0589133636644616,0.05,True
2020-01-01,2023-12-31,Germany,sarima_p1_d0_q0_P0_D1_Q0_s24,1,0,0,0,1,0,24,48,24,48,35016,0.05,True,joint Ljung-Box and residual ACF rule,[],residual_acf,10,0.02479117546338146,0.05,False
2020-01-01,2023-12-31,Germany,sarima_p1_d0_q0_P0_D1_Q0_s24,1,0,0,0,1,0,24,48,24,48,35016,0.05,True,joint Ljung-Box and residual ACF rule,[],residual_acf,11,0.0011987784213844683,0.05,False
2020-01-01,2023-12-31,Germany,sarima_p1_d0_q0_P0_D1_Q0_s24,1,0,0,0,1,0,24,48,24,48,35016,0.05,True,joint Ljung-Box and residual ACF rule,[],residual_acf,12,-5.753837589206938e-05,0.05,False
2020-01-01,2023-12-31,Germany,sarima_p1_d0_q0_P0_D1_Q0_s24,1,0,0,0,1,0,24,48,24,48,35016,0.05,True,joint Ljung-Box and residual ACF rule,[],residual_acf,13,-0.007053979134472399,0.05,False
2020-01-01,2023-12-31,Germany,sarima_p1_d0_q0_P0_D1_Q0_s24,1,0,0,0,1,0,24,48,24,48,35016,0.05,True,joint Ljung-Box and residual ACF rule,[],residual_acf,14,-0.08681028349382756,0.05,True
2020-01-01,2023-12-31,Germany,sarima_p1_d0_q0_P0_D1_Q0_s24,1,0,0,0,1,0,24,48,24,48,35016,0.05,True,joint Ljung-Box and residual ACF rule,[],residual_acf,15,-0.15355907019275591,0.05,True
2020-01-01,2023-12-31,Germany,sarima_p1_d0_q0_P0_D1_Q0_s24,1,0,0,0,1,0,24,48,24,48,35016,0.05,True,joint Ljung-Box and residual ACF rule,[],residual_acf,16,-0.16818889208771115,0.05,True
2020-01-01,2023-12-31,Germany,sarima_p1_d0_q0_P0_D1_Q0_s24,1,0,0,0,1,0,24,48,24,48,35016,0.05,True,joint Ljung-Box and residual ACF rule,[],residual_acf,17,-0.11096665033920537,0.05,True
2020-01-01,2023-12-31,Germany,sarima_p1_d0_q0_P0_D1_Q0_s24,1,0,0,0,1,0,24,48,24,48,35016,0.05,True,joint Ljung-Box and residual ACF rule,[],residual_acf,18,-0.04627167389838876,0.05,False
2020-01-01,2023-12-31,Germany,sarima_p1_d0_q0_P0_D1_Q0_s24,1,0,0,0,1,0,24,48,24,48,35016,0.05,True,joint Ljung-Box and residual ACF rule,[],residual_acf,19,0.005969707008869829,0.05,False
2020-01-01,2023-12-31,Germany,sarima_p1_d0_q0_P0_D1_Q0_s24,1,0,0,0,1,0,24,48,24,48,35016,0.05,True,joint Ljung-Box and residual ACF rule,[],residual_acf,20,0.004358001634430985,0.05,False
2020-01-01,2023-12-31,Germany,sarima_p1_d0_q0_P0_D1_Q0_s24,1,0,0,0,1,0,24,48,24,48,35016,0.05,True,joint Ljung-Box and residual ACF rule,[],residual_acf,21,-0.025842394452032347,0.05,False
2020-01-01,2023-12-31,Germany,sarima_p1_d0_q0_P0_D1_Q0_s24,1,0,0,0,1,0,24,48,24,48,35016,0.05,True,joint Ljung-Box and residual ACF rule,[],residual_acf,22,-0.07592554273235425,0.05,True
2020-01-01,2023-12-31,Germany,sarima_p1_d0_q0_P0_D1_Q0_s24,1,0,0,0,1,0,24,48,24,48,35016,0.05,True,joint Ljung-Box and residual ACF rule,[],residual_acf,23,-0.10793474494560998,0.05,True
2020-01-01,2023-12-31,Germany,sarima_p1_d0_q0_P0_D1_Q0_s24,1,0,0,0,1,0,24,48,24,48,35016,0.05,True,joint Ljung-Box and residual ACF rule,[],residual_acf,24,-0.17043399252563263,0.05,True
2020-01-01,2023-12-31,Germany,sarima_p1_d0_q0_P0_D1_Q0_s24,1,0,0,0,1,0,24,48,24,48,35016,0.05,True,joint Ljung-Box and residual ACF rule,[],residual_acf,25,-0.04532102151652913,0.05,False
2020-01-01,2023-12-31,Germany,sarima_p1_d0_q0_P0_D1_Q0_s24,1,0,0,0,1,0,24,48,24,48,35016,0.05,True,joint Ljung-Box and residual ACF rule,[],residual_acf,26,-0.006270832368123635,0.05,False
2020-01-01,2023-12-31,Germany,sarima_p1_d0_q0_P0_D1_Q0_s24,1,0,0,0,1,0,24,48,24,48,35016,0.05,True,joint Ljung-Box and residual ACF rule,[],residual_acf,27,-0.01328406131962871,0.05,False
2020-01-01,2023-12-31,Germany,sarima_p1_d0_q0_P0_D1_Q0_s24,1,0,0,0,1,0,24,48,24,48,35016,0.05,True,joint Ljung-Box and residual ACF rule,[],residual_acf,28,-0.028206912141772306,0.05,False
2020-01-01,2023-12-31,Germany,sarima_p1_d0_q0_P0_D1_Q0_s24,1,0,0,0,1,0,24,48,24,48,35016,0.05,True,joint Ljung-Box and residual ACF rule,[],residual_acf,29,-0.036008103221902704,0.05,False
2020-01-01,2023-12-31,Germany,sarima_p1_d0_q0_P0_D1_Q0_s24,1,0,0,0,1,0,24,48,24,48,35016,0.05,True,joint Ljung-Box and residual ACF rule,[],residual_acf,30,-0.018335821332508766,0.05,False
2020-01-01,2023-12-31,Germany,sarima_p1_d0_q0_P0_D1_Q0_s24,1,0,0,0,1,0,24,48,24,48,35016,0.05,True,joint Ljung-Box and residual ACF rule,[],residual_acf,31,0.01985207949147401,0.05,False
2020-01-01,2023-12-31,Germany,sarima_p1_d0_q0_P0_D1_Q0_s24,1,0,0,0,1,0,24,48,24,48,35016,0.05,True,joint Ljung-Box and residual ACF rule,[],residual_acf,32,0.0493410970559849,0.05,False
2020-01-01,2023-12-31,Germany,sarima_p1_d0_q0_P0_D1_Q0_s24,1,0,0,0,1,0,24,48,24,48,35016,0.05,True,joint Ljung-Box and residual ACF rule,[],residual_acf,33,0.048607551703784696,0.05,False
2020-01-01,2023-12-31,Germany,sarima_p1_d0_q0_P0_D1_Q0_s24,1,0,0,0,1,0,24,48,24,48,35016,0.05,True,joint Ljung-Box and residual ACF rule,[],residual_acf,34,0.022083565790746117,0.05,False
2020-01-01,2023-12-31,Germany,sarima_p1_d0_q0_P0_D1_Q0_s24,1,0,0,0,1,0,24,48,24,48,35016,0.05,True,joint Ljung-Box and residual ACF rule,[],residual_acf,35,-0.0024713882593321076,0.05,False
2020-01-01,2023-12-31,Germany,sarima_p1_d0_q0_P0_D1_Q0_s24,1,0,0,0,1,0,24,48,24,48,35016,0.05,True,joint Ljung-Box and residual ACF rule,[],residual_acf,36,0.005033565359383439,0.05,False
2020-01-01,2023-12-31,Germany,sarima_p1_d0_q0_P0_D1_Q0_s24,1,0,0,0,1,0,24,48,24,48,35016,0.05,True,joint Ljung-Box and residual ACF rule,[],residual_acf,37,0.005989190516937085,0.05,False
2020-01-01,2023-12-31,Germany,sarima_p1_d0_q0_P0_D1_Q0_s24,1,0,0,0,1,0,24,48,24,48,35016,0.05,True,joint Ljung-Box and residual ACF rule,[],residual_acf,38,-0.00684319929513991,0.05,False
2020-01-01,2023-12-31,Germany,sarima_p1_d0_q0_P0_D1_Q0_s24,1,0,0,0,1,0,24,48,24,48,35016,0.05,True,joint Ljung-Box and residual ACF rule,[],residual_acf,39,-0.02256820484767636,0.05,False
2020-01-01,2023-12-31,Germany,sarima_p1_d0_q0_P0_D1_Q0_s24,1,0,0,0,1,0,24,48,24,48,35016,0.05,True,joint Ljung-Box and residual ACF rule,[],residual_acf,40,-0.026164579295672962,0.05,False
2020-01-01,2023-12-31,Germany,sarima_p1_d0_q0_P0_D1_Q0_s24,1,0,0,0,1,0,24,48,24,48,35016,0.05,True,joint Ljung-Box and residual ACF rule,[],residual_acf,41,-0.02434466534715675,0.05,False
2020-01-01,2023-12-31,Germany,sarima_p1_d0_q0_P0_D1_Q0_s24,1,0,0,0,1,0,24,48,24,48,35016,0.05,True,joint Ljung-Box and residual ACF rule,[],residual_acf,42,-0.021941996534248644,0.05,False
2020-01-01,2023-12-31,Germany,sarima_p1_d0_q0_P0_D1_Q0_s24,1,0,0,0,1,0,24,48,24,48,35016,0.05,True,joint Ljung-Box and residual ACF rule,[],residual_acf,43,-0.004606089896080891,0.05,False
2020-01-01,2023-12-31,Germany,sarima_p1_d0_q0_P0_D1_Q0_s24,1,0,0,0,1,0,24,48,24,48,35016,0.05,True,joint Ljung-Box and residual ACF rule,[],residual_acf,44,0.014702914376323213,0.05,False
2020-01-01,2023-12-31,Germany,sarima_p1_d0_q0_P0_D1_Q0_s24,1,0,0,0,1,0,24,48,24,48,35016,0.05,True,joint Ljung-Box and residual ACF rule,[],residual_acf,45,0.013594800178757088,0.05,False
2020-01-01,2023-12-31,Germany,sarima_p1_d0_q0_P0_D1_Q0_s24,1,0,0,0,1,0,24,48,24,48,35016,0.05,True,joint Ljung-Box and residual ACF rule,[],residual_acf,46,-0.06567471621979516,0.05,True
2020-01-01,2023-12-31,Germany,sarima_p1_d0_q0_P0_D1_Q0_s24,1,0,0,0,1,0,24,48,24,48,35016,0.05,True,joint Ljung-Box and residual ACF rule,[],residual_acf,47,-0.21402666986821703,0.05,True
2020-01-01,2023-12-31,Germany,sarima_p1_d0_q0_P0_D1_Q0_s24,1,0,0,0,1,0,24,48,24,48,35016,0.05,True,joint Ljung-Box and residual ACF rule,[],residual_acf,48,-0.3123459410548664,0.05,True
2020-01-01,2023-12-31,Germany,sarima_p1_d0_q0_P0_D1_Q0_s24,1,0,0,0,1,0,24,48,24,48,35016,0.05,True,joint Ljung-Box and residual ACF rule,[],ljung_box_statistic,24,20224.17575943664,0.05,True
2020-01-01,2023-12-31,Germany,sarima_p1_d0_q0_P0_D1_Q0_s24,1,0,0,0,1,0,24,48,24,48,35016,0.05,True,joint Ljung-Box and residual ACF rule,[],ljung_box_pvalue,24,0.0,0.05,True
2020-01-01,2023-12-31,Germany,sarima_p1_d0_q0_P0_D1_Q0_s24,1,0,0,0,1,0,24,48,24,48,35016,0.05,True,joint Ljung-Box and residual ACF rule,[],ljung_box_statistic,48,25864.718586887837,0.05,True
2020-01-01,2023-12-31,Germany,sarima_p1_d0_q0_P0_D1_Q0_s24,1,0,0,0,1,0,24,48,24,48,35016,0.05,True,joint Ljung-Box and residual ACF rule,[],ljung_box_pvalue,48,0.0,0.05,True
2020-01-01,2023-12-31,Germany,sarima_p0_d0_q1_P0_D1_Q0_s24,0,0,1,0,1,0,24,48,24,48,35016,0.05,True,joint Ljung-Box and residual ACF rule,[],residual_acf,1,0.8043236573275759,0.05,True
2020-01-01,2023-12-31,Germany,sarima_p0_d0_q1_P0_D1_Q0_s24,0,0,1,0,1,0,24,48,24,48,35016,0.05,True,joint Ljung-Box and residual ACF rule,[],residual_acf,2,0.9383531306799598,0.05,True
2020-01-01,2023-12-31,Germany,sarima_p0_d0_q1_P0_D1_Q0_s24,0,0,1,0,1,0,24,48,24,48,35016,0.05,True,joint Ljung-Box and residual ACF rule,[],residual_acf,3,0.7290536069459008,0.05,True
2020-01-01,2023-12-31,Germany,sarima_p0_d0_q1_P0_D1_Q0_s24,0,0,1,0,1,0,24,48,24,48,35016,0.05,True,joint Ljung-Box and residual ACF rule,[],residual_acf,4,0.8499051764636285,0.05,True
2020-01-01,2023-12-31,Germany,sarima_p0_d0_q1_P0_D1_Q0_s24,0,0,1,0,1,0,24,48,24,48,35016,0.05,True,joint Ljung-Box and residual ACF rule,[],residual_acf,5,0.6561130564494985,0.05,True
2020-01-01,2023-12-31,Germany,sarima_p0_d0_q1_P0_D1_Q0_s24,0,0,1,0,1,0,24,48,24,48,35016,0.05,True,joint Ljung-Box and residual ACF rule,[],residual_acf,6,0.7683470274802903,0.05,True
2020-01-01,2023-12-31,Germany,sarima_p0_d0_q1_P0_D1_Q0_s24,0,0,1,0,1,0,24,48,24,48,35016,0.05,True,joint Ljung-Box and residual ACF rule,[],residual_acf,7,0.5847965519239634,0.05,True
2020-01-01,2023-12-31,Germany,sarima_p0_d0_q1_P0_D1_Q0_s24,0,0,1,0,1,0,24,48,24,48,35016,0.05,True,joint Ljung-Box and residual ACF rule,[],residual_acf,8,0.6794256819070502,0.05,True
2020-01-01,2023-12-31,Germany,sarima_p0_d0_q1_P0_D1_Q0_s24,0,0,1,0,1,0,24,48,24,48,35016,0.05,True,joint Ljung-Box and residual ACF rule,[],residual_acf,9,0.5023504350042732,0.05,True
2020-01-01,2023-12-31,Germany,sarima_p0_d0_q1_P0_D1_Q0_s24,0,0,1,0,1,0,24,48,24,48,35016,0.05,True,joint Ljung-Box and residual ACF rule,[],residual_acf,10,0.580325178450087,0.05,True
2020-01-01,2023-12-31,Germany,sarima_p0_d0_q1_P0_D1_Q0_s24,0,0,1,0,1,0,24,48,24,48,35016,0.05,True,joint Ljung-Box and residual ACF rule,[],residual_acf,11,0.4133436381572428,0.05,True
2020-01-01,2023-12-31,Germany,sarima_p0_d0_q1_P0_D1_Q0_s24,0,0,1,0,1,0,24,48,24,48,35016,0.05,True,joint Ljung-Box and residual ACF rule,[],residual_acf,12,0.47884161167821715,0.05,True
2020-01-01,2023-12-31,Germany,sarima_p0_d0_q1_P0_D1_Q0_s24,0,0,1,0,1,0,24,48,24,48,35016,0.05,True,joint Ljung-Box and residual ACF rule,[],residual_acf,13,0.32483400557129893,0.05,True
2020-01-01,2023-12-31,Germany,sarima_p0_d0_q1_P0_D1_Q0_s24,0,0,1,0,1,0,24,48,24,48,35016,0.05,True,joint Ljung-Box and residual ACF rule,[],residual_acf,14,0.3779540128203338,0.05,True
2020-01-01,2023-12-31,Germany,sarima_p0_d0_q1_P0_D1_Q0_s24,0,0,1,0,1,0,24,48,24,48,35016,0.05,True,joint Ljung-Box and residual ACF rule,[],residual_acf,15,0.2377193930304919,0.05,True
2020-01-01,2023-12-31,Germany,sarima_p0_d0_q1_P0_D1_Q0_s24,0,0,1,0,1,0,24,48,24,48,35016,0.05,True,joint Ljung-Box and residual ACF rule,[],residual_acf,16,0.2883283071276312,0.05,True
2020-01-01,2023-12-31,Germany,sarima_p0_d0_q1_P0_D1_Q0_s24,0,0,1,0,1,0,24,48,24,48,35016,0.05,True,joint Ljung-Box and residual ACF rule,[],residual_acf,17,0.1701211183469038,0.05,True
2020-01-01,2023-12-31,Germany,sarima_p0_d0_q1_P0_D1_Q0_s24,0,0,1,0,1,0,24,48,24,48,35016,0.05,True,joint Ljung-Box and residual ACF rule,[],residual_acf,18,0.219988544225422,0.05,True
2020-01-01,2023-12-31,Germany,sarima_p0_d0_q1_P0_D1_Q0_s24,0,0,1,0,1,0,24,48,24,48,35016,0.05,True,joint Ljung-Box and residual ACF rule,[],residual_acf,19,0.11663034181665798,0.05,True
2020-01-01,2023-12-31,Germany,sarima_p0_d0_q1_P0_D1_Q0_s24,0,0,1,0,1,0,24,48,24,48,35016,0.05,True,joint Ljung-Box and residual ACF rule,[],residual_acf,20,0.15766349737272775,0.05,True
2020-01-01,2023-12-31,Germany,sarima_p0_d0_q1_P0_D1_Q0_s24,0,0,1,0,1,0,24,48,24,48,35016,0.05,True,joint Ljung-Box and residual ACF rule,[],residual_acf,21,0.06260712180484788,0.05,True
2020-01-01,2023-12-31,Germany,sarima_p0_d0_q1_P0_D1_Q0_s24,0,0,1,0,1,0,24,48,24,48,35016,0.05,True,joint Ljung-Box and residual ACF rule,[],residual_acf,22,0.09497238762690771,0.05,True
2020-01-01,2023-12-31,Germany,sarima_p0_d0_q1_P0_D1_Q0_s24,0,0,1,0,1,0,24,48,24,48,35016,0.05,True,joint Ljung-Box and residual ACF rule,[],residual_acf,23,0.011925354492354125,0.05,False
2020-01-01,2023-12-31,Germany,sarima_p0_d0_q1_P0_D1_Q0_s24,0,0,1,0,1,0,24,48,24,48,35016,0.05,True,joint Ljung-Box and residual ACF rule,[],residual_acf,24,0.04181096932498688,0.05,False
2020-01-01,2023-12-31,Germany,sarima_p0_d0_q1_P0_D1_Q0_s24,0,0,1,0,1,0,24,48,24,48,35016,0.05,True,joint Ljung-Box and residual ACF rule,[],residual_acf,25,-0.025279621322851862,0.05,False
2020-01-01,2023-12-31,Germany,sarima_p0_d0_q1_P0_D1_Q0_s24,0,0,1,0,1,0,24,48,24,48,35016,0.05,True,joint Ljung-Box and residual ACF rule,[],residual_acf,26,0.009891600525843454,0.05,False
2020-01-01,2023-12-31,Germany,sarima_p0_d0_q1_P0_D1_Q0_s24,0,0,1,0,1,0,24,48,24,48,35016,0.05,True,joint Ljung-Box and residual ACF rule,[],residual_acf,27,-0.056841737564519955,0.05,True
2020-01-01,2023-12-31,Germany,sarima_p0_d0_q1_P0_D1_Q0_s24,0,0,1,0,1,0,24,48,24,48,35016,0.05,True,joint Ljung-Box and residual ACF rule,[],residual_acf,28,-0.021263135319924322,0.05,False
2020-01-01,2023-12-31,Germany,sarima_p0_d0_q1_P0_D1_Q0_s24,0,0,1,0,1,0,24,48,24,48,35016,0.05,True,joint Ljung-Box and residual ACF rule,[],residual_acf,29,-0.0867903395228827,0.05,True
2020-01-01,2023-12-31,Germany,sarima_p0_d0_q1_P0_D1_Q0_s24,0,0,1,0,1,0,24,48,24,48,35016,0.05,True,joint Ljung-Box and residual ACF rule,[],residual_acf,30,-0.04894446597838671,0.05,False
2020-01-01,2023-12-31,Germany,sarima_p0_d0_q1_P0_D1_Q0_s24,0,0,1,0,1,0,24,48,24,48,35016,0.05,True,joint Ljung-Box and residual ACF rule,[],residual_acf,31,-0.11228075261020208,0.05,True
2020-01-01,2023-12-31,Germany,sarima_p0_d0_q1_P0_D1_Q0_s24,0,0,1,0,1,0,24,48,24,48,35016,0.05,True,joint Ljung-Box and residual ACF rule,[],residual_acf,32,-0.07441246757472353,0.05,True
2020-01-01,2023-12-31,Germany,sarima_p0_d0_q1_P0_D1_Q0_s24,0,0,1,0,1,0,24,48,24,48,35016,0.05,True,joint Ljung-Box and residual ACF rule,[],residual_acf,33,-0.1403536855698243,0.05,True
2020-01-01,2023-12-31,Germany,sarima_p0_d0_q1_P0_D1_Q0_s24,0,0,1,0,1,0,24,48,24,48,35016,0.05,True,joint Ljung-Box and residual ACF rule,[],residual_acf,34,-0.10617794153889973,0.05,True
2020-01-01,2023-12-31,Germany,sarima_p0_d0_q1_P0_D1_Q0_s24,0,0,1,0,1,0,24,48,24,48,35016,0.05,True,joint Ljung-Box and residual ACF rule,[],residual_acf,35,-0.17466140193736673,0.05,True
2020-01-01,2023-12-31,Germany,sarima_p0_d0_q1_P0_D1_Q0_s24,0,0,1,0,1,0,24,48,24,48,35016,0.05,True,joint Ljung-Box and residual ACF rule,[],residual_acf,36,-0.14088078346434427,0.05,True
2020-01-01,2023-12-31,Germany,sarima_p0_d0_q1_P0_D1_Q0_s24,0,0,1,0,1,0,24,48,24,48,35016,0.05,True,joint Ljung-Box and residual ACF rule,[],residual_acf,37,-0.20887831605661444,0.05,True
2020-01-01,2023-12-31,Germany,sarima_p0_d0_q1_P0_D1_Q0_s24,0,0,1,0,1,0,24,48,24,48,35016,0.05,True,joint Ljung-Box and residual ACF rule,[],residual_acf,38,-0.17643979613206462,0.05,True
2020-01-01,2023-12-31,Germany,sarima_p0_d0_q1_P0_D1_Q0_s24,0,0,1,0,1,0,24,48,24,48,35016,0.05,True,joint Ljung-Box and residual ACF rule,[],residual_acf,39,-0.24409072517622468,0.05,True
2020-01-01,2023-12-31,Germany,sarima_p0_d0_q1_P0_D1_Q0_s24,0,0,1,0,1,0,24,48,24,48,35016,0.05,True,joint Ljung-Box and residual ACF rule,[],residual_acf,40,-0.21142096966731166,0.05,True
2020-01-01,2023-12-31,Germany,sarima_p0_d0_q1_P0_D1_Q0_s24,0,0,1,0,1,0,24,48,24,48,35016,0.05,True,joint Ljung-Box and residual ACF rule,[],residual_acf,41,-0.2767978568563204,0.05,True
2020-01-01,2023-12-31,Germany,sarima_p0_d0_q1_P0_D1_Q0_s24,0,0,1,0,1,0,24,48,24,48,35016,0.05,True,joint Ljung-Box and residual ACF rule,[],residual_acf,42,-0.24347856786381813,0.05,True
2020-01-01,2023-12-31,Germany,sarima_p0_d0_q1_P0_D1_Q0_s24,0,0,1,0,1,0,24,48,24,48,35016,0.05,True,joint Ljung-Box and residual ACF rule,[],residual_acf,43,-0.30682759692880335,0.05,True
2020-01-01,2023-12-31,Germany,sarima_p0_d0_q1_P0_D1_Q0_s24,0,0,1,0,1,0,24,48,24,48,35016,0.05,True,joint Ljung-Box and residual ACF rule,[],residual_acf,44,-0.2731667245207368,0.05,True
2020-01-01,2023-12-31,Germany,sarima_p0_d0_q1_P0_D1_Q0_s24,0,0,1,0,1,0,24,48,24,48,35016,0.05,True,joint Ljung-Box and residual ACF rule,[],residual_acf,45,-0.3366761870451451,0.05,True
2020-01-01,2023-12-31,Germany,sarima_p0_d0_q1_P0_D1_Q0_s24,0,0,1,0,1,0,24,48,24,48,35016,0.05,True,joint Ljung-Box and residual ACF rule,[],residual_acf,46,-0.3051053334293471,0.05,True
2020-01-01,2023-12-31,Germany,sarima_p0_d0_q1_P0_D1_Q0_s24,0,0,1,0,1,0,24,48,24,48,35016,0.05,True,joint Ljung-Box and residual ACF rule,[],residual_acf,47,-0.3686463494685652,0.05,True
2020-01-01,2023-12-31,Germany,sarima_p0_d0_q1_P0_D1_Q0_s24,0,0,1,0,1,0,24,48,24,48,35016,0.05,True,joint Ljung-Box and residual ACF rule,[],residual_acf,48,-0.3293199904903148,0.05,True
2020-01-01,2023-12-31,Germany,sarima_p0_d0_q1_P0_D1_Q0_s24,0,0,1,0,1,0,24,48,24,48,35016,0.05,True,joint Ljung-Box and residual ACF rule,[],ljung_box_statistic,24,214125.12401786636,0.05,True
2020-01-01,2023-12-31,Germany,sarima_p0_d0_q1_P0_D1_Q0_s24,0,0,1,0,1,0,24,48,24,48,35016,0.05,True,joint Ljung-Box and residual ACF rule,[],ljung_box_pvalue,24,0.0,0.05,True
2020-01-01,2023-12-31,Germany,sarima_p0_d0_q1_P0_D1_Q0_s24,0,0,1,0,1,0,24,48,24,48,35016,0.05,True,joint Ljung-Box and residual ACF rule,[],ljung_box_statistic,48,250879.66316236748,0.05,True
2020-01-01,2023-12-31,Germany,sarima_p0_d0_q1_P0_D1_Q0_s24,0,0,1,0,1,0,24,48,24,48,35016,0.05,True,joint Ljung-Box and residual ACF rule,[],ljung_box_pvalue,48,0.0,0.05,True
2020-01-01,2023-12-31,Germany,sarima_p1_d0_q1_P0_D1_Q0_s24,1,0,1,0,1,0,24,48,24,48,35016,0.05,True,joint Ljung-Box and residual ACF rule,[],residual_acf,1,0.18241854627357626,0.05,True
2020-01-01,2023-12-31,Germany,sarima_p1_d0_q1_P0_D1_Q0_s24,1,0,1,0,1,0,24,48,24,48,35016,0.05,True,joint Ljung-Box and residual ACF rule,[],residual_acf,2,0.24134108771892768,0.05,True
2020-01-01,2023-12-31,Germany,sarima_p1_d0_q1_P0_D1_Q0_s24,1,0,1,0,1,0,24,48,24,48,35016,0.05,True,joint Ljung-Box and residual ACF rule,[],residual_acf,3,-0.11083074157636326,0.05,True
2020-01-01,2023-12-31,Germany,sarima_p1_d0_q1_P0_D1_Q0_s24,1,0,1,0,1,0,24,48,24,48,35016,0.05,True,joint Ljung-Box and residual ACF rule,[],residual_acf,4,0.02485197734576632,0.05,False
2020-01-01,2023-12-31,Germany,sarima_p1_d0_q1_P0_D1_Q0_s24,1,0,1,0,1,0,24,48,24,48,35016,0.05,True,joint Ljung-Box and residual ACF rule,[],residual_acf,5,-0.03761622339186561,0.05,False
2020-01-01,2023-12-31,Germany,sarima_p1_d0_q1_P0_D1_Q0_s24,1,0,1,0,1,0,24,48,24,48,35016,0.05,True,joint Ljung-Box and residual ACF rule,[],residual_acf,6,0.08080199767314009,0.05,True
2020-01-01,2023-12-31,Germany,sarima_p1_d0_q1_P0_D1_Q0_s24,1,0,1,0,1,0,24,48,24,48,35016,0.05,True,joint Ljung-Box and residual ACF rule,[],residual_acf,7,0.05704701978597181,0.05,True
2020-01-01,2023-12-31,Germany,sarima_p1_d0_q1_P0_D1_Q0_s24,1,0,1,0,1,0,24,48,24,48,35016,0.05,True,joint Ljung-Box and residual ACF rule,[],residual_acf,8,0.07073095659511373,0.05,True
2020-01-01,2023-12-31,Germany,sarima_p1_d0_q1_P0_D1_Q0_s24,1,0,1,0,1,0,24,48,24,48,35016,0.05,True,joint Ljung-Box and residual ACF rule,[],residual_acf,9,0.039421865663064166,0.05,False
2020-01-01,2023-12-31,Germany,sarima_p1_d0_q1_P0_D1_Q0_s24,1,0,1,0,1,0,24,48,24,48,35016,0.05,True,joint Ljung-Box and residual ACF rule,[],residual_acf,10,0.018079852555845516,0.05,False
2020-01-01,2023-12-31,Germany,sarima_p1_d0_q1_P0_D1_Q0_s24,1,0,1,0,1,0,24,48,24,48,35016,0.05,True,joint Ljung-Box and residual ACF rule,[],residual_acf,11,0.006627640447972245,0.05,False
2020-01-01,2023-12-31,Germany,sarima_p1_d0_q1_P0_D1_Q0_s24,1,0,1,0,1,0,24,48,24,48,35016,0.05,True,joint Ljung-Box and residual ACF rule,[],residual_acf,12,-0.009954382785694256,0.05,False
2020-01-01,2023-12-31,Germany,sarima_p1_d0_q1_P0_D1_Q0_s24,1,0,1,0,1,0,24,48,24,48,35016,0.05,True,joint Ljung-Box and residual ACF rule,[],residual_acf,13,0.03460389787232705,0.05,False
2020-01-01,2023-12-31,Germany,sarima_p1_d0_q1_P0_D1_Q0_s24,1,0,1,0,1,0,24,48,24,48,35016,0.05,True,joint Ljung-Box and residual ACF rule,[],residual_acf,14,-0.07279337045634311,0.05,True
2020-01-01,2023-12-31,Germany,sarima_p1_d0_q1_P0_D1_Q0_s24,1,0,1,0,1,0,24,48,24,48,35016,0.05,True,joint Ljung-Box and residual ACF rule,[],residual_acf,15,-0.08123502655035118,0.05,True
2020-01-01,2023-12-31,Germany,sarima_p1_d0_q1_P0_D1_Q0_s24,1,0,1,0,1,0,24,48,24,48,35016,0.05,True,joint Ljung-Box and residual ACF rule,[],residual_acf,16,-0.13275374524772768,0.05,True
2020-01-01,2023-12-31,Germany,sarima_p1_d0_q1_P0_D1_Q0_s24,1,0,1,0,1,0,24,48,24,48,35016,0.05,True,joint Ljung-Box and residual ACF rule,[],residual_acf,17,-0.0452113844121762,0.05,False
2020-01-01,2023-12-31,Germany,sarima_p1_d0_q1_P0_D1_Q0_s24,1,0,1,0,1,0,24,48,24,48,35016,0.05,True,joint Ljung-Box and residual ACF rule,[],residual_acf,18,-0.04687701812958754,0.05,False
2020-01-01,2023-12-31,Germany,sarima_p1_d0_q1_P0_D1_Q0_s24,1,0,1,0,1,0,24,48,24,48,35016,0.05,True,joint Ljung-Box and residual ACF rule,[],residual_acf,19,0.03935940200647492,0.05,False
2020-01-01,2023-12-31,Germany,sarima_p1_d0_q1_P0_D1_Q0_s24,1,0,1,0,1,0,24,48,24,48,35016,0.05,True,joint Ljung-Box and residual ACF rule,[],residual_acf,20,-0.022075858522567476,0.05,False
2020-01-01,2023-12-31,Germany,sarima_p1_d0_q1_P0_D1_Q0_s24,1,0,1,0,1,0,24,48,24,48,35016,0.05,True,joint Ljung-Box and residual ACF rule,[],residual_acf,21,0.02871058673104997,0.05,False
2020-01-01,2023-12-31,Germany,sarima_p1_d0_q1_P0_D1_Q0_s24,1,0,1,0,1,0,24,48,24,48,35016,0.05,True,joint Ljung-Box and residual ACF rule,[],residual_acf,22,-0.10885696372737058,0.05,True
2020-01-01,2023-12-31,Germany,sarima_p1_d0_q1_P0_D1_Q0_s24,1,0,1,0,1,0,24,48,24,48,35016,0.05,True,joint Ljung-Box and residual ACF rule,[],residual_acf,23,0.0257463989669676,0.05,False
2020-01-01,2023-12-31,Germany,sarima_p1_d0_q1_P0_D1_Q0_s24,1,0,1,0,1,0,24,48,24,48,35016,0.05,True,joint Ljung-Box and residual ACF rule,[],residual_acf,24,-0.23474365969835845,0.05,True
2020-01-01,2023-12-31,Germany,sarima_p1_d0_q1_P0_D1_Q0_s24,1,0,1,0,1,0,24,48,24,48,35016,0.05,True,joint Ljung-Box and residual ACF rule,[],residual_acf,25,0.06864182820870028,0.05,True
2020-01-01,2023-12-31,Germany,sarima_p1_d0_q1_P0_D1_Q0_s24,1,0,1,0,1,0,24,48,24,48,35016,0.05,True,joint Ljung-Box and residual ACF rule,[],residual_acf,26,-0.044424428281715965,0.05,False
2020-01-01,2023-12-31,Germany,sarima_p1_d0_q1_P0_D1_Q0_s24,1,0,1,0,1,0,24,48,24,48,35016,0.05,True,joint Ljung-Box and residual ACF rule,[],residual_acf,27,0.017175389796998657,0.05,False
2020-01-01,2023-12-31,Germany,sarima_p1_d0_q1_P0_D1_Q0_s24,1,0,1,0,1,0,24,48,24,48,35016,0.05,True,joint Ljung-Box and residual ACF rule,[],residual_acf,28,-0.03192540447580005,0.05,False
2020-01-01,2023-12-31,Germany,sarima_p1_d0_q1_P0_D1_Q0_s24,1,0,1,0,1,0,24,48,24,48,35016,0.05,True,joint Ljung-Box and residual ACF rule,[],residual_acf,29,-0.019746620077217978,0.05,False
2020-01-01,2023-12-31,Germany,sarima_p1_d0_q1_P0_D1_Q0_s24,1,0,1,0,1,0,24,48,24,48,35016,0.05,True,joint Ljung-Box and residual ACF rule,[],residual_acf,30,-0.02016952524532734,0.05,False
2020-01-01,2023-12-31,Germany,sarima_p1_d0_q1_P0_D1_Q0_s24,1,0,1,0,1,0,24,48,24,48,35016,0.05,True,joint Ljung-Box and residual ACF rule,[],residual_acf,31,0.014853588638983546,0.05,False
2020-01-01,2023-12-31,Germany,sarima_p1_d0_q1_P0_D1_Q0_s24,1,0,1,0,1,0,24,48,24,48,35016,0.05,True,joint Ljung-Box and residual ACF rule,[],residual_acf,32,0.034534770906283416,0.05,False
2020-01-01,2023-12-31,Germany,sarima_p1_d0_q1_P0_D1_Q0_s24,1,0,1,0,1,0,24,48,24,48,35016,0.05,True,joint Ljung-Box and residual ACF rule,[],residual_acf,33,0.03130599283756572,0.05,False
2020-01-01,2023-12-31,Germany,sarima_p1_d0_q1_P0_D1_Q0_s24,1,0,1,0,1,0,24,48,24,48,35016,0.05,True,joint Ljung-Box and residual ACF rule,[],residual_acf,34,0.016498967448725605,0.05,False
2020-01-01,2023-12-31,Germany,sarima_p1_d0_q1_P0_D1_Q0_s24,1,0,1,0,1,0,24,48,24,48,35016,0.05,True,joint Ljung-Box and residual ACF rule,[],residual_acf,35,-0.016832174780941154,0.05,False
2020-01-01,2023-12-31,Germany,sarima_p1_d0_q1_P0_D1_Q0_s24,1,0,1,0,1,0,24,48,24,48,35016,0.05,True,joint Ljung-Box and residual ACF rule,[],residual_acf,36,0.009592164655068127,0.05,False
2020-01-01,2023-12-31,Germany,sarima_p1_d0_q1_P0_D1_Q0_s24,1,0,1,0,1,0,24,48,24,48,35016,0.05,True,joint Ljung-Box and residual ACF rule,[],residual_acf,37,0.0007172031957109674,0.05,False
2020-01-01,2023-12-31,Germany,sarima_p1_d0_q1_P0_D1_Q0_s24,1,0,1,0,1,0,24,48,24,48,35016,0.05,True,joint Ljung-Box and residual ACF rule,[],residual_acf,38,-0.003289577587009902,0.05,False
2020-01-01,2023-12-31,Germany,sarima_p1_d0_q1_P0_D1_Q0_s24,1,0,1,0,1,0,24,48,24,48,35016,0.05,True,joint Ljung-Box and residual ACF rule,[],residual_acf,39,-0.019830179287847166,0.05,False
2020-01-01,2023-12-31,Germany,sarima_p1_d0_q1_P0_D1_Q0_s24,1,0,1,0,1,0,24,48,24,48,35016,0.05,True,joint Ljung-Box and residual ACF rule,[],residual_acf,40,-0.019841028311025334,0.05,False
2020-01-01,2023-12-31,Germany,sarima_p1_d0_q1_P0_D1_Q0_s24,1,0,1,0,1,0,24,48,24,48,35016,0.05,True,joint Ljung-Box and residual ACF rule,[],residual_acf,41,-0.01357934639048161,0.05,False
2020-01-01,2023-12-31,Germany,sarima_p1_d0_q1_P0_D1_Q0_s24,1,0,1,0,1,0,24,48,24,48,35016,0.05,True,joint Ljung-Box and residual ACF rule,[],residual_acf,42,-0.023932695761762726,0.05,False
2020-01-01,2023-12-31,Germany,sarima_p1_d0_q1_P0_D1_Q0_s24,1,0,1,0,1,0,24,48,24,48,35016,0.05,True,joint Ljung-Box and residual ACF rule,[],residual_acf,43,-0.0005896658720587623,0.05,False
2020-01-01,2023-12-31,Germany,sarima_p1_d0_q1_P0_D1_Q0_s24,1,0,1,0,1,0,24,48,24,48,35016,0.05,True,joint Ljung-Box and residual ACF rule,[],residual_acf,44,0.0008618834971067472,0.05,False
2020-01-01,2023-12-31,Germany,sarima_p1_d0_q1_P0_D1_Q0_s24,1,0,1,0,1,0,24,48,24,48,35016,0.05,True,joint Ljung-Box and residual ACF rule,[],residual_acf,45,0.024685124569114442,0.05,False
2020-01-01,2023-12-31,Germany,sarima_p1_d0_q1_P0_D1_Q0_s24,1,0,1,0,1,0,24,48,24,48,35016,0.05,True,joint Ljung-Box and residual ACF rule,[],residual_acf,46,-0.03561163560970864,0.05,False
2020-01-01,2023-12-31,Germany,sarima_p1_d0_q1_P0_D1_Q0_s24,1,0,1,0,1,0,24,48,24,48,35016,0.05,True,joint Ljung-Box and residual ACF rule,[],residual_acf,47,-0.12995616720937558,0.05,True
2020-01-01,2023-12-31,Germany,sarima_p1_d0_q1_P0_D1_Q0_s24,1,0,1,0,1,0,24,48,24,48,35016,0.05,True,joint Ljung-Box and residual ACF rule,[],residual_acf,48,-0.24395094710573326,0.05,True
2020-01-01,2023-12-31,Germany,sarima_p1_d0_q1_P0_D1_Q0_s24,1,0,1,0,1,0,24,48,24,48,35016,0.05,True,joint Ljung-Box and residual ACF rule,[],ljung_box_statistic,24,7989.665446468989,0.05,True
2020-01-01,2023-12-31,Germany,sarima_p1_d0_q1_P0_D1_Q0_s24,1,0,1,0,1,0,24,48,24,48,35016,0.05,True,joint Ljung-Box and residual ACF rule,[],ljung_box_pvalue,24,0.0,0.05,True
2020-01-01,2023-12-31,Germany,sarima_p1_d0_q1_P0_D1_Q0_s24,1,0,1,0,1,0,24,48,24,48,35016,0.05,True,joint Ljung-Box and residual ACF rule,[],ljung_box_statistic,48,11203.962518192166,0.05,True
2020-01-01,2023-12-31,Germany,sarima_p1_d0_q1_P0_D1_Q0_s24,1,0,1,0,1,0,24,48,24,48,35016,0.05,True,joint Ljung-Box and residual ACF rule,[],ljung_box_pvalue,48,0.0,0.05,True
2020-01-01,2023-12-31,Germany,sarima_p2_d0_q0_P0_D1_Q0_s24,2,0,0,0,1,0,24,48,24,48,35016,0.05,True,joint Ljung-Box and residual ACF rule,[],residual_acf,1,0.13834297421114886,0.05,True
2020-01-01,2023-12-31,Germany,sarima_p2_d0_q0_P0_D1_Q0_s24,2,0,0,0,1,0,24,48,24,48,35016,0.05,True,joint Ljung-Box and residual ACF rule,[],residual_acf,2,-0.09119559519435198,0.05,True
2020-01-01,2023-12-31,Germany,sarima_p2_d0_q0_P0_D1_Q0_s24,2,0,0,0,1,0,24,48,24,48,35016,0.05,True,joint Ljung-Box and residual ACF rule,[],residual_acf,3,-0.1737874721477458,0.05,True
2020-01-01,2023-12-31,Germany,sarima_p2_d0_q0_P0_D1_Q0_s24,2,0,0,0,1,0,24,48,24,48,35016,0.05,True,joint Ljung-Box and residual ACF rule,[],residual_acf,4,-0.057441639353764624,0.05,True
2020-01-01,2023-12-31,Germany,sarima_p2_d0_q0_P0_D1_Q0_s24,2,0,0,0,1,0,24,48,24,48,35016,0.05,True,joint Ljung-Box and residual ACF rule,[],residual_acf,5,-0.0013205890589211963,0.05,False
2020-01-01,2023-12-31,Germany,sarima_p2_d0_q0_P0_D1_Q0_s24,2,0,0,0,1,0,24,48,24,48,35016,0.05,True,joint Ljung-Box and residual ACF rule,[],residual_acf,6,0.08367278204374033,0.05,True
2020-01-01,2023-12-31,Germany,sarima_p2_d0_q0_P0_D1_Q0_s24,2,0,0,0,1,0,24,48,24,48,35016,0.05,True,joint Ljung-Box and residual ACF rule,[],residual_acf,7,0.08219778719131816,0.05,True
2020-01-01,2023-12-31,Germany,sarima_p2_d0_q0_P0_D1_Q0_s24,2,0,0,0,1,0,24,48,24,48,35016,0.05,True,joint Ljung-Box and residual ACF rule,[],residual_acf,8,0.06203283490276149,0.05,True
2020-01-01,2023-12-31,Germany,sarima_p2_d0_q0_P0_D1_Q0_s24,2,0,0,0,1,0,24,48,24,48,35016,0.05,True,joint Ljung-Box and residual ACF rule,[],residual_acf,9,0.0377282267838292,0.05,False
2020-01-01,2023-12-31,Germany,sarima_p2_d0_q0_P0_D1_Q0_s24,2,0,0,0,1,0,24,48,24,48,35016,0.05,True,joint Ljung-Box and residual ACF rule,[],residual_acf,10,0.0147218337453749,0.05,False
2020-01-01,2023-12-31,Germany,sarima_p2_d0_q0_P0_D1_Q0_s24,2,0,0,0,1,0,24,48,24,48,35016,0.05,True,joint Ljung-Box and residual ACF rule,[],residual_acf,11,-0.0033317226006344927,0.05,False
2020-01-01,2023-12-31,Germany,sarima_p2_d0_q0_P0_D1_Q0_s24,2,0,0,0,1,0,24,48,24,48,35016,0.05,True,joint Ljung-Box and residual ACF rule,[],residual_acf,12,0.023830561287608083,0.05,False
2020-01-01,2023-12-31,Germany,sarima_p2_d0_q0_P0_D1_Q0_s24,2,0,0,0,1,0,24,48,24,48,35016,0.05,True,joint Ljung-Box and residual ACF rule,[],residual_acf,13,0.0907401546931624,0.05,True
2020-01-01,2023-12-31,Germany,sarima_p2_d0_q0_P0_D1_Q0_s24,2,0,0,0,1,0,24,48,24,48,35016,0.05,True,joint Ljung-Box and residual ACF rule,[],residual_acf,14,-0.013356565663783999,0.05,False
2020-01-01,2023-12-31,Germany,sarima_p2_d0_q0_P0_D1_Q0_s24,2,0,0,0,1,0,24,48,24,48,35016,0.05,True,joint Ljung-Box and residual ACF rule,[],residual_acf,15,-0.06653298539924521,0.05,True
2020-01-01,2023-12-31,Germany,sarima_p2_d0_q0_P0_D1_Q0_s24,2,0,0,0,1,0,24,48,24,48,35016,0.05,True,joint Ljung-Box and residual ACF rule,[],residual_acf,16,-0.09109531125906051,0.05,True
2020-01-01,2023-12-31,Germany,sarima_p2_d0_q0_P0_D1_Q0_s24,2,0,0,0,1,0,24,48,24,48,35016,0.05,True,joint Ljung-Box and residual ACF rule,[],residual_acf,17,-0.016315753680819587,0.05,False
2020-01-01,2023-12-31,Germany,sarima_p2_d0_q0_P0_D1_Q0_s24,2,0,0,0,1,0,24,48,24,48,35016,0.05,True,joint Ljung-Box and residual ACF rule,[],residual_acf,18,0.013409463207984813,0.05,False
2020-01-01,2023-12-31,Germany,sarima_p2_d0_q0_P0_D1_Q0_s24,2,0,0,0,1,0,24,48,24,48,35016,0.05,True,joint Ljung-Box and residual ACF rule,[],residual_acf,19,0.06362108382743498,0.05,True
2020-01-01,2023-12-31,Germany,sarima_p2_d0_q0_P0_D1_Q0_s24,2,0,0,0,1,0,24,48,24,48,35016,0.05,True,joint Ljung-Box and residual ACF rule,[],residual_acf,20,0.0357608743286253,0.05,False
2020-01-01,2023-12-31,Germany,sarima_p2_d0_q0_P0_D1_Q0_s24,2,0,0,0,1,0,24,48,24,48,35016,0.05,True,joint Ljung-Box and residual ACF rule,[],residual_acf,21,0.02070132222734727,0.05,False
2020-01-01,2023-12-31,Germany,sarima_p2_d0_q0_P0_D1_Q0_s24,2,0,0,0,1,0,24,48,24,48,35016,0.05,True,joint Ljung-Box and residual ACF rule,[],residual_acf,22,-0.02803125455390467,0.05,False
2020-01-01,2023-12-31,Germany,sarima_p2_d0_q0_P0_D1_Q0_s24,2,0,0,0,1,0,24,48,24,48,35016,0.05,True,joint Ljung-Box and residual ACF rule,[],residual_acf,23,0.016631136260182693,0.05,False
2020-01-01,2023-12-31,Germany,sarima_p2_d0_q0_P0_D1_Q0_s24,2,0,0,0,1,0,24,48,24,48,35016,0.05,True,joint Ljung-Box and residual ACF rule,[],residual_acf,24,-0.22203447149059938,0.05,True
2020-01-01,2023-12-31,Germany,sarima_p2_d0_q0_P0_D1_Q0_s24,2,0,0,0,1,0,24,48,24,48,35016,0.05,True,joint Ljung-Box and residual ACF rule,[],residual_acf,25,0.08281496705746835,0.05,True
2020-01-01,2023-12-31,Germany,sarima_p2_d0_q0_P0_D1_Q0_s24,2,0,0,0,1,0,24,48,24,48,35016,0.05,True,joint Ljung-Box and residual ACF rule,[],residual_acf,26,0.04651652168601803,0.05,False
2020-01-01,2023-12-31,Germany,sarima_p2_d0_q0_P0_D1_Q0_s24,2,0,0,0,1,0,24,48,24,48,35016,0.05,True,joint Ljung-Box and residual ACF rule,[],residual_acf,27,0.004860936304597136,0.05,False
2020-01-01,2023-12-31,Germany,sarima_p2_d0_q0_P0_D1_Q0_s24,2,0,0,0,1,0,24,48,24,48,35016,0.05,True,joint Ljung-Box and residual ACF rule,[],residual_acf,28,-0.013820184633697743,0.05,False
2020-01-01,2023-12-31,Germany,sarima_p2_d0_q0_P0_D1_Q0_s24,2,0,0,0,1,0,24,48,24,48,35016,0.05,True,joint Ljung-Box and residual ACF rule,[],residual_acf,29,-0.03486342706730678,0.05,False
2020-01-01,2023-12-31,Germany,sarima_p2_d0_q0_P0_D1_Q0_s24,2,0,0,0,1,0,24,48,24,48,35016,0.05,True,joint Ljung-Box and residual ACF rule,[],residual_acf,30,-0.027443314226707368,0.05,False
2020-01-01,2023-12-31,Germany,sarima_p2_d0_q0_P0_D1_Q0_s24,2,0,0,0,1,0,24,48,24,48,35016,0.05,True,joint Ljung-Box and residual ACF rule,[],residual_acf,31,0.00858667921508801,0.05,False
2020-01-01,2023-12-31,Germany,sarima_p2_d0_q0_P0_D1_Q0_s24,2,0,0,0,1,0,24,48,24,48,35016,0.05,True,joint Ljung-Box and residual ACF rule,[],residual_acf,32,0.03514330252858413,0.05,False
2020-01-01,2023-12-31,Germany,sarima_p2_d0_q0_P0_D1_Q0_s24,2,0,0,0,1,0,24,48,24,48,35016,0.05,True,joint Ljung-Box and residual ACF rule,[],residual_acf,33,0.029747955957398105,0.05,False
2020-01-01,2023-12-31,Germany,sarima_p2_d0_q0_P0_D1_Q0_s24,2,0,0,0,1,0,24,48,24,48,35016,0.05,True,joint Ljung-Box and residual ACF rule,[],residual_acf,34,-0.004147426104723226,0.05,False
2020-01-01,2023-12-31,Germany,sarima_p2_d0_q0_P0_D1_Q0_s24,2,0,0,0,1,0,24,48,24,48,35016,0.05,True,joint Ljung-Box and residual ACF rule,[],residual_acf,35,-0.04016468728338169,0.05,False
2020-01-01,2023-12-31,Germany,sarima_p2_d0_q0_P0_D1_Q0_s24,2,0,0,0,1,0,24,48,24,48,35016,0.05,True,joint Ljung-Box and residual ACF rule,[],residual_acf,36,0.0006138434522342108,0.05,False
2020-01-01,2023-12-31,Germany,sarima_p2_d0_q0_P0_D1_Q0_s24,2,0,0,0,1,0,24,48,24,48,35016,0.05,True,joint Ljung-Box and residual ACF rule,[],residual_acf,37,0.007618497744838914,0.05,False
2020-01-01,2023-12-31,Germany,sarima_p2_d0_q0_P0_D1_Q0_s24,2,0,0,0,1,0,24,48,24,48,35016,0.05,True,joint Ljung-Box and residual ACF rule,[],residual_acf,38,-0.00649831710299272,0.05,False
2020-01-01,2023-12-31,Germany,sarima_p2_d0_q0_P0_D1_Q0_s24,2,0,0,0,1,0,24,48,24,48,35016,0.05,True,joint Ljung-Box and residual ACF rule,[],residual_acf,39,-0.02538590835125149,0.05,False
2020-01-01,2023-12-31,Germany,sarima_p2_d0_q0_P0_D1_Q0_s24,2,0,0,0,1,0,24,48,24,48,35016,0.05,True,joint Ljung-Box and residual ACF rule,[],residual_acf,40,-0.01971152927131037,0.05,False
2020-01-01,2023-12-31,Germany,sarima_p2_d0_q0_P0_D1_Q0_s24,2,0,0,0,1,0,24,48,24,48,35016,0.05,True,joint Ljung-Box and residual ACF rule,[],residual_acf,41,-0.014976200295727465,0.05,False
2020-01-01,2023-12-31,Germany,sarima_p2_d0_q0_P0_D1_Q0_s24,2,0,0,0,1,0,24,48,24,48,35016,0.05,True,joint Ljung-Box and residual ACF rule,[],residual_acf,42,-0.030343068082052838,0.05,False
2020-01-01,2023-12-31,Germany,sarima_p2_d0_q0_P0_D1_Q0_s24,2,0,0,0,1,0,24,48,24,48,35016,0.05,True,joint Ljung-Box and residual ACF rule,[],residual_acf,43,-0.014725874564534874,0.05,False
2020-01-01,2023-12-31,Germany,sarima_p2_d0_q0_P0_D1_Q0_s24,2,0,0,0,1,0,24,48,24,48,35016,0.05,True,joint Ljung-Box and residual ACF rule,[],residual_acf,44,0.011134696152948152,0.05,False
2020-01-01,2023-12-31,Germany,sarima_p2_d0_q0_P0_D1_Q0_s24,2,0,0,0,1,0,24,48,24,48,35016,0.05,True,joint Ljung-Box and residual ACF rule,[],residual_acf,45,0.07065566562445874,0.05,True
2020-01-01,2023-12-31,Germany,sarima_p2_d0_q0_P0_D1_Q0_s24,2,0,0,0,1,0,24,48,24,48,35016,0.05,True,joint Ljung-Box and residual ACF rule,[],residual_acf,46,0.04808946668346376,0.05,False
2020-01-01,2023-12-31,Germany,sarima_p2_d0_q0_P0_D1_Q0_s24,2,0,0,0,1,0,24,48,24,48,35016,0.05,True,joint Ljung-Box and residual ACF rule,[],residual_acf,47,-0.1002437084237297,0.05,True
2020-01-01,2023-12-31,Germany,sarima_p2_d0_q0_P0_D1_Q0_s24,2,0,0,0,1,0,24,48,24,48,35016,0.05,True,joint Ljung-Box and residual ACF rule,[],residual_acf,48,-0.24366261857913482,0.05,True
2020-01-01,2023-12-31,Germany,sarima_p2_d0_q0_P0_D1_Q0_s24,2,0,0,0,1,0,24,48,24,48,35016,0.05,True,joint Ljung-Box and residual ACF rule,[],ljung_box_statistic,24,5551.692110277022,0.05,True
2020-01-01,2023-12-31,Germany,sarima_p2_d0_q0_P0_D1_Q0_s24,2,0,0,0,1,0,24,48,24,48,35016,0.05,True,joint Ljung-Box and residual ACF rule,[],ljung_box_pvalue,24,0.0,0.05,True
2020-01-01,2023-12-31,Germany,sarima_p2_d0_q0_P0_D1_Q0_s24,2,0,0,0,1,0,24,48,24,48,35016,0.05,True,joint Ljung-Box and residual ACF rule,[],ljung_box_statistic,48,8860.666425242243,0.05,True
2020-01-01,2023-12-31,Germany,sarima_p2_d0_q0_P0_D1_Q0_s24,2,0,0,0,1,0,24,48,24,48,35016,0.05,True,joint Ljung-Box and residual ACF rule,[],ljung_box_pvalue,48,0.0,0.05,True
2020-01-01,2023-12-31,Germany,sarima_p0_d0_q2_P0_D1_Q0_s24,0,0,2,0,1,0,24,48,24,48,35016,0.05,True,joint Ljung-Box and residual ACF rule,[],residual_acf,1,-0.32602098743644303,0.05,True
2020-01-01,2023-12-31,Germany,sarima_p0_d0_q2_P0_D1_Q0_s24,0,0,2,0,1,0,24,48,24,48,35016,0.05,True,joint Ljung-Box and residual ACF rule,[],residual_acf,2,0.6372370411228698,0.05,True
2020-01-01,2023-12-31,Germany,sarima_p0_d0_q2_P0_D1_Q0_s24,0,0,2,0,1,0,24,48,24,48,35016,0.05,True,joint Ljung-Box and residual ACF rule,[],residual_acf,3,0.23155932069833618,0.05,True
2020-01-01,2023-12-31,Germany,sarima_p0_d0_q2_P0_D1_Q0_s24,0,0,2,0,1,0,24,48,24,48,35016,0.05,True,joint Ljung-Box and residual ACF rule,[],residual_acf,4,-0.06413778299541657,0.05,True
2020-01-01,2023-12-31,Germany,sarima_p0_d0_q2_P0_D1_Q0_s24,0,0,2,0,1,0,24,48,24,48,35016,0.05,True,joint Ljung-Box and residual ACF rule,[],residual_acf,5,0.7953791606672004,0.05,True
2020-01-01,2023-12-31,Germany,sarima_p0_d0_q2_P0_D1_Q0_s24,0,0,2,0,1,0,24,48,24,48,35016,0.05,True,joint Ljung-Box and residual ACF rule,[],residual_acf,6,-0.4409939149552839,0.05,True
2020-01-01,2023-12-31,Germany,sarima_p0_d0_q2_P0_D1_Q0_s24,0,0,2,0,1,0,24,48,24,48,35016,0.05,True,joint Ljung-Box and residual ACF rule,[],residual_acf,7,0.8023283244211653,0.05,True
2020-01-01,2023-12-31,Germany,sarima_p0_d0_q2_P0_D1_Q0_s24,0,0,2,0,1,0,24,48,24,48,35016,0.05,True,joint Ljung-Box and residual ACF rule,[],residual_acf,8,-0.17469937350648496,0.05,True
2020-01-01,2023-12-31,Germany,sarima_p0_d0_q2_P0_D1_Q0_s24,0,0,2,0,1,0,24,48,24,48,35016,0.05,True,joint Ljung-Box and residual ACF rule,[],residual_acf,9,0.23842895580875867,0.05,True
2020-01-01,2023-12-31,Germany,sarima_p0_d0_q2_P0_D1_Q0_s24,0,0,2,0,1,0,24,48,24,48,35016,0.05,True,joint Ljung-Box and residual ACF rule,[],residual_acf,10,0.43098515250877323,0.05,True
2020-01-01,2023-12-31,Germany,sarima_p0_d0_q2_P0_D1_Q0_s24,0,0,2,0,1,0,24,48,24,48,35016,0.05,True,joint Ljung-Box and residual ACF rule,[],residual_acf,11,-0.36232081346771167,0.05,True
2020-01-01,2023-12-31,Germany,sarima_p0_d0_q2_P0_D1_Q0_s24,0,0,2,0,1,0,24,48,24,48,35016,0.05,True,joint Ljung-Box and residual ACF rule,[],residual_acf,12,0.7594288347727477,0.05,True
2020-01-01,2023-12-31,Germany,sarima_p0_d0_q2_P0_D1_Q0_s24,0,0,2,0,1,0,24,48,24,48,35016,0.05,True,joint Ljung-Box and residual ACF rule,[],residual_acf,13,-0.4519725761823913,0.05,True
2020-01-01,2023-12-31,Germany,sarima_p0_d0_q2_P0_D1_Q0_s24,0,0,2,0,1,0,24,48,24,48,35016,0.05,True,joint Ljung-Box and residual ACF rule,[],residual_acf,14,0.47979643776251674,0.05,True
2020-01-01,2023-12-31,Germany,sarima_p0_d0_q2_P0_D1_Q0_s24,0,0,2,0,1,0,24,48,24,48,35016,0.05,True,joint Ljung-Box and residual ACF rule,[],residual_acf,15,0.005619797370883734,0.05,False
2020-01-01,2023-12-31,Germany,sarima_p0_d0_q2_P0_D1_Q0_s24,0,0,2,0,1,0,24,48,24,48,35016,0.05,True,joint Ljung-Box and residual ACF rule,[],residual_acf,16,-0.14501453693862826,0.05,True
2020-01-01,2023-12-31,Germany,sarima_p0_d0_q2_P0_D1_Q0_s24,0,0,2,0,1,0,24,48,24,48,35016,0.05,True,joint Ljung-Box and residual ACF rule,[],residual_acf,17,0.5345094414307949,0.05,True
2020-01-01,2023-12-31,Germany,sarima_p0_d0_q2_P0_D1_Q0_s24,0,0,2,0,1,0,24,48,24,48,35016,0.05,True,joint Ljung-Box and residual ACF rule,[],residual_acf,18,-0.530270250815548,0.05,True
2020-01-01,2023-12-31,Germany,sarima_p0_d0_q2_P0_D1_Q0_s24,0,0,2,0,1,0,24,48,24,48,35016,0.05,True,joint Ljung-Box and residual ACF rule,[],residual_acf,19,0.6052548229456612,0.05,True
2020-01-01,2023-12-31,Germany,sarima_p0_d0_q2_P0_D1_Q0_s24,0,0,2,0,1,0,24,48,24,48,35016,0.05,True,joint Ljung-Box and residual ACF rule,[],residual_acf,20,-0.34334299308794886,0.05,True
2020-01-01,2023-12-31,Germany,sarima_p0_d0_q2_P0_D1_Q0_s24,0,0,2,0,1,0,24,48,24,48,35016,0.05,True,joint Ljung-Box and residual ACF rule,[],residual_acf,21,0.1452932020917716,0.05,True
2020-01-01,2023-12-31,Germany,sarima_p0_d0_q2_P0_D1_Q0_s24,0,0,2,0,1,0,24,48,24,48,35016,0.05,True,joint Ljung-Box and residual ACF rule,[],residual_acf,22,0.19715338220565634,0.05,True
2020-01-01,2023-12-31,Germany,sarima_p0_d0_q2_P0_D1_Q0_s24,0,0,2,0,1,0,24,48,24,48,35016,0.05,True,joint Ljung-Box and residual ACF rule,[],residual_acf,23,-0.4048431355356029,0.05,True
2020-01-01,2023-12-31,Germany,sarima_p0_d0_q2_P0_D1_Q0_s24,0,0,2,0,1,0,24,48,24,48,35016,0.05,True,joint Ljung-Box and residual ACF rule,[],residual_acf,24,0.5508402069361256,0.05,True
2020-01-01,2023-12-31,Germany,sarima_p0_d0_q2_P0_D1_Q0_s24,0,0,2,0,1,0,24,48,24,48,35016,0.05,True,joint Ljung-Box and residual ACF rule,[],residual_acf,25,-0.5334992302262822,0.05,True
2020-01-01,2023-12-31,Germany,sarima_p0_d0_q2_P0_D1_Q0_s24,0,0,2,0,1,0,24,48,24,48,35016,0.05,True,joint Ljung-Box and residual ACF rule,[],residual_acf,26,0.3773326334308332,0.05,True
2020-01-01,2023-12-31,Germany,sarima_p0_d0_q2_P0_D1_Q0_s24,0,0,2,0,1,0,24,48,24,48,35016,0.05,True,joint Ljung-Box and residual ACF rule,[],residual_acf,27,-0.14176373078272497,0.05,True
2020-01-01,2023-12-31,Germany,sarima_p0_d0_q2_P0_D1_Q0_s24,0,0,2,0,1,0,24,48,24,48,35016,0.05,True,joint Ljung-Box and residual ACF rule,[],residual_acf,28,-0.1677299418045537,0.05,True
2020-01-01,2023-12-31,Germany,sarima_p0_d0_q2_P0_D1_Q0_s24,0,0,2,0,1,0,24,48,24,48,35016,0.05,True,joint Ljung-Box and residual ACF rule,[],residual_acf,29,0.3769925639445765,0.05,True
2020-01-01,2023-12-31,Germany,sarima_p0_d0_q2_P0_D1_Q0_s24,0,0,2,0,1,0,24,48,24,48,35016,0.05,True,joint Ljung-Box and residual ACF rule,[],residual_acf,30,-0.5607645172607867,0.05,True
2020-01-01,2023-12-31,Germany,sarima_p0_d0_q2_P0_D1_Q0_s24,0,0,2,0,1,0,24,48,24,48,35016,0.05,True,joint Ljung-Box and residual ACF rule,[],residual_acf,31,0.5090435196984677,0.05,True
2020-01-01,2023-12-31,Germany,sarima_p0_d0_q2_P0_D1_Q0_s24,0,0,2,0,1,0,24,48,24,48,35016,0.05,True,joint Ljung-Box and residual ACF rule,[],residual_acf,32,-0.42831152312694853,0.05,True
2020-01-01,2023-12-31,Germany,sarima_p0_d0_q2_P0_D1_Q0_s24,0,0,2,0,1,0,24,48,24,48,35016,0.05,True,joint Ljung-Box and residual ACF rule,[],residual_acf,33,0.11683056438605366,0.05,True
2020-01-01,2023-12-31,Germany,sarima_p0_d0_q2_P0_D1_Q0_s24,0,0,2,0,1,0,24,48,24,48,35016,0.05,True,joint Ljung-Box and residual ACF rule,[],residual_acf,34,0.08734705945451017,0.05,True
2020-01-01,2023-12-31,Germany,sarima_p0_d0_q2_P0_D1_Q0_s24,0,0,2,0,1,0,24,48,24,48,35016,0.05,True,joint Ljung-Box and residual ACF rule,[],residual_acf,35,-0.4255150577849829,0.05,True
2020-01-01,2023-12-31,Germany,sarima_p0_d0_q2_P0_D1_Q0_s24,0,0,2,0,1,0,24,48,24,48,35016,0.05,True,joint Ljung-Box and residual ACF rule,[],residual_acf,36,0.4738905212497223,0.05,True
2020-01-01,2023-12-31,Germany,sarima_p0_d0_q2_P0_D1_Q0_s24,0,0,2,0,1,0,24,48,24,48,35016,0.05,True,joint Ljung-Box and residual ACF rule,[],residual_acf,37,-0.5972291128901344,0.05,True
2020-01-01,2023-12-31,Germany,sarima_p0_d0_q2_P0_D1_Q0_s24,0,0,2,0,1,0,24,48,24,48,35016,0.05,True,joint Ljung-Box and residual ACF rule,[],residual_acf,38,0.3456524808304427,0.05,True
2020-01-01,2023-12-31,Germany,sarima_p0_d0_q2_P0_D1_Q0_s24,0,0,2,0,1,0,24,48,24,48,35016,0.05,True,joint Ljung-Box and residual ACF rule,[],residual_acf,39,-0.24545132241608605,0.05,True
2020-01-01,2023-12-31,Germany,sarima_p0_d0_q2_P0_D1_Q0_s24,0,0,2,0,1,0,24,48,24,48,35016,0.05,True,joint Ljung-Box and residual ACF rule,[],residual_acf,40,-0.17984020368451528,0.05,True
2020-01-01,2023-12-31,Germany,sarima_p0_d0_q2_P0_D1_Q0_s24,0,0,2,0,1,0,24,48,24,48,35016,0.05,True,joint Ljung-Box and residual ACF rule,[],residual_acf,41,0.2750934697328661,0.05,True
2020-01-01,2023-12-31,Germany,sarima_p0_d0_q2_P0_D1_Q0_s24,0,0,2,0,1,0,24,48,24,48,35016,0.05,True,joint Ljung-Box and residual ACF rule,[],residual_acf,42,-0.5994482738899608,0.05,True
2020-01-01,2023-12-31,Germany,sarima_p0_d0_q2_P0_D1_Q0_s24,0,0,2,0,1,0,24,48,24,48,35016,0.05,True,joint Ljung-Box and residual ACF rule,[],residual_acf,43,0.4471433225185388,0.05,True
2020-01-01,2023-12-31,Germany,sarima_p0_d0_q2_P0_D1_Q0_s24,0,0,2,0,1,0,24,48,24,48,35016,0.05,True,joint Ljung-Box and residual ACF rule,[],residual_acf,44,-0.5162949078118264,0.05,True
2020-01-01,2023-12-31,Germany,sarima_p0_d0_q2_P0_D1_Q0_s24,0,0,2,0,1,0,24,48,24,48,35016,0.05,True,joint Ljung-Box and residual ACF rule,[],residual_acf,45,0.09639135334614664,0.05,True
2020-01-01,2023-12-31,Germany,sarima_p0_d0_q2_P0_D1_Q0_s24,0,0,2,0,1,0,24,48,24,48,35016,0.05,True,joint Ljung-Box and residual ACF rule,[],residual_acf,46,-0.02604189769702305,0.05,False
2020-01-01,2023-12-31,Germany,sarima_p0_d0_q2_P0_D1_Q0_s24,0,0,2,0,1,0,24,48,24,48,35016,0.05,True,joint Ljung-Box and residual ACF rule,[],residual_acf,47,-0.4431638394907557,0.05,True
2020-01-01,2023-12-31,Germany,sarima_p0_d0_q2_P0_D1_Q0_s24,0,0,2,0,1,0,24,48,24,48,35016,0.05,True,joint Ljung-Box and residual ACF rule,[],residual_acf,48,0.38383455433825553,0.05,True
2020-01-01,2023-12-31,Germany,sarima_p0_d0_q2_P0_D1_Q0_s24,0,0,2,0,1,0,24,48,24,48,35016,0.05,True,joint Ljung-Box and residual ACF rule,[],ljung_box_statistic,24,177109.9329742459,0.05,True
2020-01-01,2023-12-31,Germany,sarima_p0_d0_q2_P0_D1_Q0_s24,0,0,2,0,1,0,24,48,24,48,35016,0.05,True,joint Ljung-Box and residual ACF rule,[],ljung_box_pvalue,24,0.0,0.05,True
2020-01-01,2023-12-31,Germany,sarima_p0_d0_q2_P0_D1_Q0_s24,0,0,2,0,1,0,24,48,24,48,35016,0.05,True,joint Ljung-Box and residual ACF rule,[],ljung_box_statistic,48,304190.6199303278,0.05,True
2020-01-01,2023-12-31,Germany,sarima_p0_d0_q2_P0_D1_Q0_s24,0,0,2,0,1,0,24,48,24,48,35016,0.05,True,joint Ljung-Box and residual ACF rule,[],ljung_box_pvalue,48,0.0,0.05,True
2020-01-01,2023-12-31,Germany,sarima_p0_d0_q0_P1_D1_Q0_s24,0,0,0,1,1,0,24,48,24,48,35016,0.05,True,joint Ljung-Box and residual ACF rule,[],residual_acf,1,0.9827405738638995,0.05,True
2020-01-01,2023-12-31,Germany,sarima_p0_d0_q0_P1_D1_Q0_s24,0,0,0,1,1,0,24,48,24,48,35016,0.05,True,joint Ljung-Box and residual ACF rule,[],residual_acf,2,0.9444565415580203,0.05,True
2020-01-01,2023-12-31,Germany,sarima_p0_d0_q0_P1_D1_Q0_s24,0,0,0,1,1,0,24,48,24,48,35016,0.05,True,joint Ljung-Box and residual ACF rule,[],residual_acf,3,0.8986593499682572,0.05,True
2020-01-01,2023-12-31,Germany,sarima_p0_d0_q0_P1_D1_Q0_s24,0,0,0,1,1,0,24,48,24,48,35016,0.05,True,joint Ljung-Box and residual ACF rule,[],residual_acf,4,0.8534713050904124,0.05,True
2020-01-01,2023-12-31,Germany,sarima_p0_d0_q0_P1_D1_Q0_s24,0,0,0,1,1,0,24,48,24,48,35016,0.05,True,joint Ljung-Box and residual ACF rule,[],residual_acf,5,0.8101700287182397,0.05,True
2020-01-01,2023-12-31,Germany,sarima_p0_d0_q0_P1_D1_Q0_s24,0,0,0,1,1,0,24,48,24,48,35016,0.05,True,joint Ljung-Box and residual ACF rule,[],residual_acf,6,0.7672894027994265,0.05,True
2020-01-01,2023-12-31,Germany,sarima_p0_d0_q0_P1_D1_Q0_s24,0,0,0,1,1,0,24,48,24,48,35016,0.05,True,joint Ljung-Box and residual ACF rule,[],residual_acf,7,0.7223027263380977,0.05,True
2020-01-01,2023-12-31,Germany,sarima_p0_d0_q0_P1_D1_Q0_s24,0,0,0,1,1,0,24,48,24,48,35016,0.05,True,joint Ljung-Box and residual ACF rule,[],residual_acf,8,0.6741453903136914,0.05,True
2020-01-01,2023-12-31,Germany,sarima_p0_d0_q0_P1_D1_Q0_s24,0,0,0,1,1,0,24,48,24,48,35016,0.05,True,joint Ljung-Box and residual ACF rule,[],residual_acf,9,0.623052823933594,0.05,True
2020-01-01,2023-12-31,Germany,sarima_p0_d0_q0_P1_D1_Q0_s24,0,0,0,1,1,0,24,48,24,48,35016,0.05,True,joint Ljung-Box and residual ACF rule,[],residual_acf,10,0.5700414178821381,0.05,True
2020-01-01,2023-12-31,Germany,sarima_p0_d0_q0_P1_D1_Q0_s24,0,0,0,1,1,0,24,48,24,48,35016,0.05,True,joint Ljung-Box and residual ACF rule,[],residual_acf,11,0.5163084469645809,0.05,True
2020-01-01,2023-12-31,Germany,sarima_p0_d0_q0_P1_D1_Q0_s24,0,0,0,1,1,0,24,48,24,48,35016,0.05,True,joint Ljung-Box and residual ACF rule,[],residual_acf,12,0.46269894017125124,0.05,True
2020-01-01,2023-12-31,Germany,sarima_p0_d0_q0_P1_D1_Q0_s24,0,0,0,1,1,0,24,48,24,48,35016,0.05,True,joint Ljung-Box and residual ACF rule,[],residual_acf,13,0.40925543315936186,0.05,True
2020-01-01,2023-12-31,Germany,sarima_p0_d0_q0_P1_D1_Q0_s24,0,0,0,1,1,0,24,48,24,48,35016,0.05,True,joint Ljung-Box and residual ACF rule,[],residual_acf,14,0.3562038520624494,0.05,True
2020-01-01,2023-12-31,Germany,sarima_p0_d0_q0_P1_D1_Q0_s24,0,0,0,1,1,0,24,48,24,48,35016,0.05,True,joint Ljung-Box and residual ACF rule,[],residual_acf,15,0.30628764468437253,0.05,True
2020-01-01,2023-12-31,Germany,sarima_p0_d0_q0_P1_D1_Q0_s24,0,0,0,1,1,0,24,48,24,48,35016,0.05,True,joint Ljung-Box and residual ACF rule,[],residual_acf,16,0.2618142983321298,0.05,True
2020-01-01,2023-12-31,Germany,sarima_p0_d0_q0_P1_D1_Q0_s24,0,0,0,1,1,0,24,48,24,48,35016,0.05,True,joint Ljung-Box and residual ACF rule,[],residual_acf,17,0.2232997349484266,0.05,True
2020-01-01,2023-12-31,Germany,sarima_p0_d0_q0_P1_D1_Q0_s24,0,0,0,1,1,0,24,48,24,48,35016,0.05,True,joint Ljung-Box and residual ACF rule,[],residual_acf,18,0.18876404077631131,0.05,True
2020-01-01,2023-12-31,Germany,sarima_p0_d0_q0_P1_D1_Q0_s24,0,0,0,1,1,0,24,48,24,48,35016,0.05,True,joint Ljung-Box and residual ACF rule,[],residual_acf,19,0.15593454138613008,0.05,True
2020-01-01,2023-12-31,Germany,sarima_p0_d0_q0_P1_D1_Q0_s24,0,0,0,1,1,0,24,48,24,48,35016,0.05,True,joint Ljung-Box and residual ACF rule,[],residual_acf,20,0.12294597977169217,0.05,True
2020-01-01,2023-12-31,Germany,sarima_p0_d0_q0_P1_D1_Q0_s24,0,0,0,1,1,0,24,48,24,48,35016,0.05,True,joint Ljung-Box and residual ACF rule,[],residual_acf,21,0.08981872168186775,0.05,True
2020-01-01,2023-12-31,Germany,sarima_p0_d0_q0_P1_D1_Q0_s24,0,0,0,1,1,0,24,48,24,48,35016,0.05,True,joint Ljung-Box and residual ACF rule,[],residual_acf,22,0.05761974060687663,0.05,True
2020-01-01,2023-12-31,Germany,sarima_p0_d0_q0_P1_D1_Q0_s24,0,0,0,1,1,0,24,48,24,48,35016,0.05,True,joint Ljung-Box and residual ACF rule,[],residual_acf,23,0.02820749067255845,0.05,False
2020-01-01,2023-12-31,Germany,sarima_p0_d0_q0_P1_D1_Q0_s24,0,0,0,1,1,0,24,48,24,48,35016,0.05,True,joint Ljung-Box and residual ACF rule,[],residual_acf,24,0.002902740418076473,0.05,False
2020-01-01,2023-12-31,Germany,sarima_p0_d0_q0_P1_D1_Q0_s24,0,0,0,1,1,0,24,48,24,48,35016,0.05,True,joint Ljung-Box and residual ACF rule,[],residual_acf,25,-0.015876428505832388,0.05,False
2020-01-01,2023-12-31,Germany,sarima_p0_d0_q0_P1_D1_Q0_s24,0,0,0,1,1,0,24,48,24,48,35016,0.05,True,joint Ljung-Box and residual ACF rule,[],residual_acf,26,-0.0327407676209657,0.05,False
2020-01-01,2023-12-31,Germany,sarima_p0_d0_q0_P1_D1_Q0_s24,0,0,0,1,1,0,24,48,24,48,35016,0.05,True,joint Ljung-Box and residual ACF rule,[],residual_acf,27,-0.0492836044003663,0.05,False
2020-01-01,2023-12-31,Germany,sarima_p0_d0_q0_P1_D1_Q0_s24,0,0,0,1,1,0,24,48,24,48,35016,0.05,True,joint Ljung-Box and residual ACF rule,[],residual_acf,28,-0.06539920169613486,0.05,True
2020-01-01,2023-12-31,Germany,sarima_p0_d0_q0_P1_D1_Q0_s24,0,0,0,1,1,0,24,48,24,48,35016,0.05,True,joint Ljung-Box and residual ACF rule,[],residual_acf,29,-0.08058917883271594,0.05,True
2020-01-01,2023-12-31,Germany,sarima_p0_d0_q0_P1_D1_Q0_s24,0,0,0,1,1,0,24,48,24,48,35016,0.05,True,joint Ljung-Box and residual ACF rule,[],residual_acf,30,-0.09455105320653133,0.05,True
2020-01-01,2023-12-31,Germany,sarima_p0_d0_q0_P1_D1_Q0_s24,0,0,0,1,1,0,24,48,24,48,35016,0.05,True,joint Ljung-Box and residual ACF rule,[],residual_acf,31,-0.10784856769100391,0.05,True
2020-01-01,2023-12-31,Germany,sarima_p0_d0_q0_P1_D1_Q0_s24,0,0,0,1,1,0,24,48,24,48,35016,0.05,True,joint Ljung-Box and residual ACF rule,[],residual_acf,32,-0.12180498502245965,0.05,True
2020-01-01,2023-12-31,Germany,sarima_p0_d0_q0_P1_D1_Q0_s24,0,0,0,1,1,0,24,48,24,48,35016,0.05,True,joint Ljung-Box and residual ACF rule,[],residual_acf,33,-0.13744833788386812,0.05,True
2020-01-01,2023-12-31,Germany,sarima_p0_d0_q0_P1_D1_Q0_s24,0,0,0,1,1,0,24,48,24,48,35016,0.05,True,joint Ljung-Box and residual ACF rule,[],residual_acf,34,-0.15478244683882209,0.05,True
2020-01-01,2023-12-31,Germany,sarima_p0_d0_q0_P1_D1_Q0_s24,0,0,0,1,1,0,24,48,24,48,35016,0.05,True,joint Ljung-Box and residual ACF rule,[],residual_acf,35,-0.17292103617077834,0.05,True
2020-01-01,2023-12-31,Germany,sarima_p0_d0_q0_P1_D1_Q0_s24,0,0,0,1,1,0,24,48,24,48,35016,0.05,True,joint Ljung-Box and residual ACF rule,[],residual_acf,36,-0.1910345686784678,0.05,True
2020-01-01,2023-12-31,Germany,sarima_p0_d0_q0_P1_D1_Q0_s24,0,0,0,1,1,0,24,48,24,48,35016,0.05,True,joint Ljung-Box and residual ACF rule,[],residual_acf,37,-0.20939582033944404,0.05,True
2020-01-01,2023-12-31,Germany,sarima_p0_d0_q0_P1_D1_Q0_s24,0,0,0,1,1,0,24,48,24,48,35016,0.05,True,joint Ljung-Box and residual ACF rule,[],residual_acf,38,-0.22804239799841627,0.05,True
2020-01-01,2023-12-31,Germany,sarima_p0_d0_q0_P1_D1_Q0_s24,0,0,0,1,1,0,24,48,24,48,35016,0.05,True,joint Ljung-Box and residual ACF rule,[],residual_acf,39,-0.24657843758665832,0.05,True
2020-01-01,2023-12-31,Germany,sarima_p0_d0_q0_P1_D1_Q0_s24,0,0,0,1,1,0,24,48,24,48,35016,0.05,True,joint Ljung-Box and residual ACF rule,[],residual_acf,40,-0.2645069976935529,0.05,True
2020-01-01,2023-12-31,Germany,sarima_p0_d0_q0_P1_D1_Q0_s24,0,0,0,1,1,0,24,48,24,48,35016,0.05,True,joint Ljung-Box and residual ACF rule,[],residual_acf,41,-0.28172440417005734,0.05,True
2020-01-01,2023-12-31,Germany,sarima_p0_d0_q0_P1_D1_Q0_s24,0,0,0,1,1,0,24,48,24,48,35016,0.05,True,joint Ljung-Box and residual ACF rule,[],residual_acf,42,-0.2982699206862772,0.05,True
2020-01-01,2023-12-31,Germany,sarima_p0_d0_q0_P1_D1_Q0_s24,0,0,0,1,1,0,24,48,24,48,35016,0.05,True,joint Ljung-Box and residual ACF rule,[],residual_acf,43,-0.3141877834305264,0.05,True
2020-01-01,2023-12-31,Germany,sarima_p0_d0_q0_P1_D1_Q0_s24,0,0,0,1,1,0,24,48,24,48,35016,0.05,True,joint Ljung-Box and residual ACF rule,[],residual_acf,44,-0.33004206989408763,0.05,True
2020-01-01,2023-12-31,Germany,sarima_p0_d0_q0_P1_D1_Q0_s24,0,0,0,1,1,0,24,48,24,48,35016,0.05,True,joint Ljung-Box and residual ACF rule,[],residual_acf,45,-0.3465043619853331,0.05,True
2020-01-01,2023-12-31,Germany,sarima_p0_d0_q0_P1_D1_Q0_s24,0,0,0,1,1,0,24,48,24,48,35016,0.05,True,joint Ljung-Box and residual ACF rule,[],residual_acf,46,-0.36356847473235926,0.05,True
2020-01-01,2023-12-31,Germany,sarima_p0_d0_q0_P1_D1_Q0_s24,0,0,0,1,1,0,24,48,24,48,35016,0.05,True,joint Ljung-Box and residual ACF rule,[],residual_acf,47,-0.3785490449346677,0.05,True
2020-01-01,2023-12-31,Germany,sarima_p0_d0_q0_P1_D1_Q0_s24,0,0,0,1,1,0,24,48,24,48,35016,0.05,True,joint Ljung-Box and residual ACF rule,[],residual_acf,48,-0.3863667972014367,0.05,True
2020-01-01,2023-12-31,Germany,sarima_p0_d0_q0_P1_D1_Q0_s24,0,0,0,1,1,0,24,48,24,48,35016,0.05,True,joint Ljung-Box and residual ACF rule,[],ljung_box_statistic,24,259272.3955332044,0.05,True
2020-01-01,2023-12-31,Germany,sarima_p0_d0_q0_P1_D1_Q0_s24,0,0,0,1,1,0,24,48,24,48,35016,0.05,True,joint Ljung-Box and residual ACF rule,[],ljung_box_pvalue,24,0.0,0.05,True
2020-01-01,2023-12-31,Germany,sarima_p0_d0_q0_P1_D1_Q0_s24,0,0,0,1,1,0,24,48,24,48,35016,0.05,True,joint Ljung-Box and residual ACF rule,[],ljung_box_statistic,48,305082.26220408775,0.05,True
2020-01-01,2023-12-31,Germany,sarima_p0_d0_q0_P1_D1_Q0_s24,0,0,0,1,1,0,24,48,24,48,35016,0.05,True,joint Ljung-Box and residual ACF rule,[],ljung_box_pvalue,48,0.0,0.05,True
2020-01-01,2023-12-31,Germany,sarima_p0_d0_q0_P0_D1_Q1_s24,0,0,0,0,1,1,24,48,24,48,35016,0.05,True,joint Ljung-Box and residual ACF rule,[],residual_acf,1,0.9822549454144827,0.05,True
2020-01-01,2023-12-31,Germany,sarima_p0_d0_q0_P0_D1_Q1_s24,0,0,0,0,1,1,24,48,24,48,35016,0.05,True,joint Ljung-Box and residual ACF rule,[],residual_acf,2,0.9430492855792233,0.05,True
2020-01-01,2023-12-31,Germany,sarima_p0_d0_q0_P0_D1_Q1_s24,0,0,0,0,1,1,24,48,24,48,35016,0.05,True,joint Ljung-Box and residual ACF rule,[],residual_acf,3,0.8961086419157341,0.05,True
2020-01-01,2023-12-31,Germany,sarima_p0_d0_q0_P0_D1_Q1_s24,0,0,0,0,1,1,24,48,24,48,35016,0.05,True,joint Ljung-Box and residual ACF rule,[],residual_acf,4,0.8496842148246634,0.05,True
2020-01-01,2023-12-31,Germany,sarima_p0_d0_q0_P0_D1_Q1_s24,0,0,0,0,1,1,24,48,24,48,35016,0.05,True,joint Ljung-Box and residual ACF rule,[],residual_acf,5,0.805094265754244,0.05,True
2020-01-01,2023-12-31,Germany,sarima_p0_d0_q0_P0_D1_Q1_s24,0,0,0,0,1,1,24,48,24,48,35016,0.05,True,joint Ljung-Box and residual ACF rule,[],residual_acf,6,0.7608517708032527,0.05,True
2020-01-01,2023-12-31,Germany,sarima_p0_d0_q0_P0_D1_Q1_s24,0,0,0,0,1,1,24,48,24,48,35016,0.05,True,joint Ljung-Box and residual ACF rule,[],residual_acf,7,0.7143362890333121,0.05,True
2020-01-01,2023-12-31,Germany,sarima_p0_d0_q0_P0_D1_Q1_s24,0,0,0,0,1,1,24,48,24,48,35016,0.05,True,joint Ljung-Box and residual ACF rule,[],residual_acf,8,0.6644155918786185,0.05,True
2020-01-01,2023-12-31,Germany,sarima_p0_d0_q0_P0_D1_Q1_s24,0,0,0,0,1,1,24,48,24,48,35016,0.05,True,joint Ljung-Box and residual ACF rule,[],residual_acf,9,0.6112577680171944,0.05,True
2020-01-01,2023-12-31,Germany,sarima_p0_d0_q0_P0_D1_Q1_s24,0,0,0,0,1,1,24,48,24,48,35016,0.05,True,joint Ljung-Box and residual ACF rule,[],residual_acf,10,0.5559163360445721,0.05,True
2020-01-01,2023-12-31,Germany,sarima_p0_d0_q0_P0_D1_Q1_s24,0,0,0,0,1,1,24,48,24,48,35016,0.05,True,joint Ljung-Box and residual ACF rule,[],residual_acf,11,0.49968754412228905,0.05,True
2020-01-01,2023-12-31,Germany,sarima_p0_d0_q0_P0_D1_Q1_s24,0,0,0,0,1,1,24,48,24,48,35016,0.05,True,joint Ljung-Box and residual ACF rule,[],residual_acf,12,0.4435503793803217,0.05,True
2020-01-01,2023-12-31,Germany,sarima_p0_d0_q0_P0_D1_Q1_s24,0,0,0,0,1,1,24,48,24,48,35016,0.05,True,joint Ljung-Box and residual ACF rule,[],residual_acf,13,0.38758466281205683,0.05,True
2020-01-01,2023-12-31,Germany,sarima_p0_d0_q0_P0_D1_Q1_s24,0,0,0,0,1,1,24,48,24,48,35016,0.05,True,joint Ljung-Box and residual ACF rule,[],residual_acf,14,0.33202491357052927,0.05,True
2020-01-01,2023-12-31,Germany,sarima_p0_d0_q0_P0_D1_Q1_s24,0,0,0,0,1,1,24,48,24,48,35016,0.05,True,joint Ljung-Box and residual ACF rule,[],residual_acf,15,0.2796482168234114,0.05,True
2020-01-01,2023-12-31,Germany,sarima_p0_d0_q0_P0_D1_Q1_s24,0,0,0,0,1,1,24,48,24,48,35016,0.05,True,joint Ljung-Box and residual ACF rule,[],residual_acf,16,0.23281092622244481,0.05,True
2020-01-01,2023-12-31,Germany,sarima_p0_d0_q0_P0_D1_Q1_s24,0,0,0,0,1,1,24,48,24,48,35016,0.05,True,joint Ljung-Box and residual ACF rule,[],residual_acf,17,0.19209463304512367,0.05,True
2020-01-01,2023-12-31,Germany,sarima_p0_d0_q0_P0_D1_Q1_s24,0,0,0,0,1,1,24,48,24,48,35016,0.05,True,joint Ljung-Box and residual ACF rule,[],residual_acf,18,0.15554058987981026,0.05,True
2020-01-01,2023-12-31,Germany,sarima_p0_d0_q0_P0_D1_Q1_s24,0,0,0,0,1,1,24,48,24,48,35016,0.05,True,joint Ljung-Box and residual ACF rule,[],residual_acf,19,0.1208061816579065,0.05,True
2020-01-01,2023-12-31,Germany,sarima_p0_d0_q0_P0_D1_Q1_s24,0,0,0,0,1,1,24,48,24,48,35016,0.05,True,joint Ljung-Box and residual ACF rule,[],residual_acf,20,0.08588635461830942,0.05,True
2020-01-01,2023-12-31,Germany,sarima_p0_d0_q0_P0_D1_Q1_s24,0,0,0,0,1,1,24,48,24,48,35016,0.05,True,joint Ljung-Box and residual ACF rule,[],residual_acf,21,0.05074294293036876,0.05,True
2020-01-01,2023-12-31,Germany,sarima_p0_d0_q0_P0_D1_Q1_s24,0,0,0,0,1,1,24,48,24,48,35016,0.05,True,joint Ljung-Box and residual ACF rule,[],residual_acf,22,0.0165324414117684,0.05,False
2020-01-01,2023-12-31,Germany,sarima_p0_d0_q0_P0_D1_Q1_s24,0,0,0,0,1,1,24,48,24,48,35016,0.05,True,joint Ljung-Box and residual ACF rule,[],residual_acf,23,-0.014498634533492092,0.05,False
2020-01-01,2023-12-31,Germany,sarima_p0_d0_q0_P0_D1_Q1_s24,0,0,0,0,1,1,24,48,24,48,35016,0.05,True,joint Ljung-Box and residual ACF rule,[],residual_acf,24,-0.04042230335897866,0.05,False
2020-01-01,2023-12-31,Germany,sarima_p0_d0_q0_P0_D1_Q1_s24,0,0,0,0,1,1,24,48,24,48,35016,0.05,True,joint Ljung-Box and residual ACF rule,[],residual_acf,25,-0.05805985555923986,0.05,True
2020-01-01,2023-12-31,Germany,sarima_p0_d0_q0_P0_D1_Q1_s24,0,0,0,0,1,1,24,48,24,48,35016,0.05,True,joint Ljung-Box and residual ACF rule,[],residual_acf,26,-0.072839710462587,0.05,True
2020-01-01,2023-12-31,Germany,sarima_p0_d0_q0_P0_D1_Q1_s24,0,0,0,0,1,1,24,48,24,48,35016,0.05,True,joint Ljung-Box and residual ACF rule,[],residual_acf,27,-0.08699278613844512,0.05,True
2020-01-01,2023-12-31,Germany,sarima_p0_d0_q0_P0_D1_Q1_s24,0,0,0,0,1,1,24,48,24,48,35016,0.05,True,joint Ljung-Box and residual ACF rule,[],residual_acf,28,-0.1007682569687131,0.05,True
2020-01-01,2023-12-31,Germany,sarima_p0_d0_q0_P0_D1_Q1_s24,0,0,0,0,1,1,24,48,24,48,35016,0.05,True,joint Ljung-Box and residual ACF rule,[],residual_acf,29,-0.11369836003761126,0.05,True
2020-01-01,2023-12-31,Germany,sarima_p0_d0_q0_P0_D1_Q1_s24,0,0,0,0,1,1,24,48,24,48,35016,0.05,True,joint Ljung-Box and residual ACF rule,[],residual_acf,30,-0.12539722299419706,0.05,True
2020-01-01,2023-12-31,Germany,sarima_p0_d0_q0_P0_D1_Q1_s24,0,0,0,0,1,1,24,48,24,48,35016,0.05,True,joint Ljung-Box and residual ACF rule,[],residual_acf,31,-0.13631201381240293,0.05,True
2020-01-01,2023-12-31,Germany,sarima_p0_d0_q0_P0_D1_Q1_s24,0,0,0,0,1,1,24,48,24,48,35016,0.05,True,joint Ljung-Box and residual ACF rule,[],residual_acf,32,-0.1477303269658046,0.05,True
2020-01-01,2023-12-31,Germany,sarima_p0_d0_q0_P0_D1_Q1_s24,0,0,0,0,1,1,24,48,24,48,35016,0.05,True,joint Ljung-Box and residual ACF rule,[],residual_acf,33,-0.16066516545632434,0.05,True
2020-01-01,2023-12-31,Germany,sarima_p0_d0_q0_P0_D1_Q1_s24,0,0,0,0,1,1,24,48,24,48,35016,0.05,True,joint Ljung-Box and residual ACF rule,[],residual_acf,34,-0.17516278787273434,0.05,True
2020-01-01,2023-12-31,Germany,sarima_p0_d0_q0_P0_D1_Q1_s24,0,0,0,0,1,1,24,48,24,48,35016,0.05,True,joint Ljung-Box and residual ACF rule,[],residual_acf,35,-0.1904041182277293,0.05,True
2020-01-01,2023-12-31,Germany,sarima_p0_d0_q0_P0_D1_Q1_s24,0,0,0,0,1,1,24,48,24,48,35016,0.05,True,joint Ljung-Box and residual ACF rule,[],residual_acf,36,-0.20562352244503374,0.05,True
2020-01-01,2023-12-31,Germany,sarima_p0_d0_q0_P0_D1_Q1_s24,0,0,0,0,1,1,24,48,24,48,35016,0.05,True,joint Ljung-Box and residual ACF rule,[],residual_acf,37,-0.22111074346389722,0.05,True
2020-01-01,2023-12-31,Germany,sarima_p0_d0_q0_P0_D1_Q1_s24,0,0,0,0,1,1,24,48,24,48,35016,0.05,True,joint Ljung-Box and residual ACF rule,[],residual_acf,38,-0.23691233166919073,0.05,True
2020-01-01,2023-12-31,Germany,sarima_p0_d0_q0_P0_D1_Q1_s24,0,0,0,0,1,1,24,48,24,48,35016,0.05,True,joint Ljung-Box and residual ACF rule,[],residual_acf,39,-0.2527456233091621,0.05,True
2020-01-01,2023-12-31,Germany,sarima_p0_d0_q0_P0_D1_Q1_s24,0,0,0,0,1,1,24,48,24,48,35016,0.05,True,joint Ljung-Box and residual ACF rule,[],residual_acf,40,-0.26821607321550794,0.05,True
2020-01-01,2023-12-31,Germany,sarima_p0_d0_q0_P0_D1_Q1_s24,0,0,0,0,1,1,24,48,24,48,35016,0.05,True,joint Ljung-Box and residual ACF rule,[],residual_acf,41,-0.28325730854496367,0.05,True
2020-01-01,2023-12-31,Germany,sarima_p0_d0_q0_P0_D1_Q1_s24,0,0,0,0,1,1,24,48,24,48,35016,0.05,True,joint Ljung-Box and residual ACF rule,[],residual_acf,42,-0.2978335057729881,0.05,True
2020-01-01,2023-12-31,Germany,sarima_p0_d0_q0_P0_D1_Q1_s24,0,0,0,0,1,1,24,48,24,48,35016,0.05,True,joint Ljung-Box and residual ACF rule,[],residual_acf,43,-0.31186673786258323,0.05,True
2020-01-01,2023-12-31,Germany,sarima_p0_d0_q0_P0_D1_Q1_s24,0,0,0,0,1,1,24,48,24,48,35016,0.05,True,joint Ljung-Box and residual ACF rule,[],residual_acf,44,-0.325810921369058,0.05,True
2020-01-01,2023-12-31,Germany,sarima_p0_d0_q0_P0_D1_Q1_s24,0,0,0,0,1,1,24,48,24,48,35016,0.05,True,joint Ljung-Box and residual ACF rule,[],residual_acf,45,-0.3403290266415265,0.05,True
2020-01-01,2023-12-31,Germany,sarima_p0_d0_q0_P0_D1_Q1_s24,0,0,0,0,1,1,24,48,24,48,35016,0.05,True,joint Ljung-Box and residual ACF rule,[],residual_acf,46,-0.35548680638073044,0.05,True
2020-01-01,2023-12-31,Germany,sarima_p0_d0_q0_P0_D1_Q1_s24,0,0,0,0,1,1,24,48,24,48,35016,0.05,True,joint Ljung-Box and residual ACF rule,[],residual_acf,47,-0.3687724634695175,0.05,True
2020-01-01,2023-12-31,Germany,sarima_p0_d0_q0_P0_D1_Q1_s24,0,0,0,0,1,1,24,48,24,48,35016,0.05,True,joint Ljung-Box and residual ACF rule,[],residual_acf,48,-0.3752709746596449,0.05,True
2020-01-01,2023-12-31,Germany,sarima_p0_d0_q0_P0_D1_Q1_s24,0,0,0,0,1,1,24,48,24,48,35016,0.05,True,joint Ljung-Box and residual ACF rule,[],ljung_box_statistic,24,251037.80104056123,0.05,True
2020-01-01,2023-12-31,Germany,sarima_p0_d0_q0_P0_D1_Q1_s24,0,0,0,0,1,1,24,48,24,48,35016,0.05,True,joint Ljung-Box and residual ACF rule,[],ljung_box_pvalue,24,0.0,0.05,True
2020-01-01,2023-12-31,Germany,sarima_p0_d0_q0_P0_D1_Q1_s24,0,0,0,0,1,1,24,48,24,48,35016,0.05,True,joint Ljung-Box and residual ACF rule,[],ljung_box_statistic,48,298813.51271967316,0.05,True
2020-01-01,2023-12-31,Germany,sarima_p0_d0_q0_P0_D1_Q1_s24,0,0,0,0,1,1,24,48,24,48,35016,0.05,True,joint Ljung-Box and residual ACF rule,[],ljung_box_pvalue,48,0.0,0.05,True
2020-01-01,2023-12-31,Germany,sarima_p1_d0_q0_P1_D1_Q0_s24,1,0,0,1,1,0,24,49,24,49,35015,0.05,True,joint Ljung-Box and residual ACF rule,[],residual_acf,1,0.6240560762955327,0.05,True
2020-01-01,2023-12-31,Germany,sarima_p1_d0_q0_P1_D1_Q0_s24,1,0,0,1,1,0,24,49,24,49,35015,0.05,True,joint Ljung-Box and residual ACF rule,[],residual_acf,2,0.22280377728468406,0.05,True
2020-01-01,2023-12-31,Germany,sarima_p1_d0_q0_P1_D1_Q0_s24,1,0,0,1,1,0,24,49,24,49,35015,0.05,True,joint Ljung-Box and residual ACF rule,[],residual_acf,3,-0.01851696528343728,0.05,False
2020-01-01,2023-12-31,Germany,sarima_p1_d0_q0_P1_D1_Q0_s24,1,0,0,1,1,0,24,49,24,49,35015,0.05,True,joint Ljung-Box and residual ACF rule,[],residual_acf,4,-0.0551023761754662,0.05,True
2020-01-01,2023-12-31,Germany,sarima_p1_d0_q0_P1_D1_Q0_s24,1,0,0,1,1,0,24,49,24,49,35015,0.05,True,joint Ljung-Box and residual ACF rule,[],residual_acf,5,-0.011681640890870064,0.05,False
2020-01-01,2023-12-31,Germany,sarima_p1_d0_q0_P1_D1_Q0_s24,1,0,0,1,1,0,24,49,24,49,35015,0.05,True,joint Ljung-Box and residual ACF rule,[],residual_acf,6,0.05854697267559929,0.05,True
2020-01-01,2023-12-31,Germany,sarima_p1_d0_q0_P1_D1_Q0_s24,1,0,0,1,1,0,24,49,24,49,35015,0.05,True,joint Ljung-Box and residual ACF rule,[],residual_acf,7,0.08548520036727152,0.05,True
2020-01-01,2023-12-31,Germany,sarima_p1_d0_q0_P1_D1_Q0_s24,1,0,0,1,1,0,24,49,24,49,35015,0.05,True,joint Ljung-Box and residual ACF rule,[],residual_acf,8,0.07206110483258263,0.05,True
2020-01-01,2023-12-31,Germany,sarima_p1_d0_q0_P1_D1_Q0_s24,1,0,0,1,1,0,24,49,24,49,35015,0.05,True,joint Ljung-Box and residual ACF rule,[],residual_acf,9,0.0431311255671201,0.05,False
2020-01-01,2023-12-31,Germany,sarima_p1_d0_q0_P1_D1_Q0_s24,1,0,0,1,1,0,24,49,24,49,35015,0.05,True,joint Ljung-Box and residual ACF rule,[],residual_acf,10,0.014041145905559849,0.05,False
2020-01-01,2023-12-31,Germany,sarima_p1_d0_q0_P1_D1_Q0_s24,1,0,0,1,1,0,24,49,24,49,35015,0.05,True,joint Ljung-Box and residual ACF rule,[],residual_acf,11,-0.0012225670066827988,0.05,False
2020-01-01,2023-12-31,Germany,sarima_p1_d0_q0_P1_D1_Q0_s24,1,0,0,1,1,0,24,49,24,49,35015,0.05,True,joint Ljung-Box and residual ACF rule,[],residual_acf,12,5.603786249255228e-05,0.05,False
2020-01-01,2023-12-31,Germany,sarima_p1_d0_q0_P1_D1_Q0_s24,1,0,0,1,1,0,24,49,24,49,35015,0.05,True,joint Ljung-Box and residual ACF rule,[],residual_acf,13,-0.006924592137472672,0.05,False
2020-01-01,2023-12-31,Germany,sarima_p1_d0_q0_P1_D1_Q0_s24,1,0,0,1,1,0,24,49,24,49,35015,0.05,True,joint Ljung-Box and residual ACF rule,[],residual_acf,14,-0.08959440375213933,0.05,True
2020-01-01,2023-12-31,Germany,sarima_p1_d0_q0_P1_D1_Q0_s24,1,0,0,1,1,0,24,49,24,49,35015,0.05,True,joint Ljung-Box and residual ACF rule,[],residual_acf,15,-0.15716871856122,0.05,True
2020-01-01,2023-12-31,Germany,sarima_p1_d0_q0_P1_D1_Q0_s24,1,0,0,1,1,0,24,49,24,49,35015,0.05,True,joint Ljung-Box and residual ACF rule,[],residual_acf,16,-0.16807196112174808,0.05,True
2020-01-01,2023-12-31,Germany,sarima_p1_d0_q0_P1_D1_Q0_s24,1,0,0,1,1,0,24,49,24,49,35015,0.05,True,joint Ljung-Box and residual ACF rule,[],residual_acf,17,-0.10551761535022458,0.05,True
2020-01-01,2023-12-31,Germany,sarima_p1_d0_q0_P1_D1_Q0_s24,1,0,0,1,1,0,24,49,24,49,35015,0.05,True,joint Ljung-Box and residual ACF rule,[],residual_acf,18,-0.04159061903673182,0.05,False
2020-01-01,2023-12-31,Germany,sarima_p1_d0_q0_P1_D1_Q0_s24,1,0,0,1,1,0,24,49,24,49,35015,0.05,True,joint Ljung-Box and residual ACF rule,[],residual_acf,19,0.0042961097925765575,0.05,False
2020-01-01,2023-12-31,Germany,sarima_p1_d0_q0_P1_D1_Q0_s24,1,0,0,1,1,0,24,49,24,49,35015,0.05,True,joint Ljung-Box and residual ACF rule,[],residual_acf,20,-0.0013374439554290295,0.05,False
2020-01-01,2023-12-31,Germany,sarima_p1_d0_q0_P1_D1_Q0_s24,1,0,0,1,1,0,24,49,24,49,35015,0.05,True,joint Ljung-Box and residual ACF rule,[],residual_acf,21,-0.02708164586898658,0.05,False
2020-01-01,2023-12-31,Germany,sarima_p1_d0_q0_P1_D1_Q0_s24,1,0,0,1,1,0,24,49,24,49,35015,0.05,True,joint Ljung-Box and residual ACF rule,[],residual_acf,22,-0.05290305774845962,0.05,True
2020-01-01,2023-12-31,Germany,sarima_p1_d0_q0_P1_D1_Q0_s24,1,0,0,1,1,0,24,49,24,49,35015,0.05,True,joint Ljung-Box and residual ACF rule,[],residual_acf,23,-0.044367002814464665,0.05,False
2020-01-01,2023-12-31,Germany,sarima_p1_d0_q0_P1_D1_Q0_s24,1,0,0,1,1,0,24,49,24,49,35015,0.05,True,joint Ljung-Box and residual ACF rule,[],residual_acf,24,-0.060158149285979214,0.05,True
2020-01-01,2023-12-31,Germany,sarima_p1_d0_q0_P1_D1_Q0_s24,1,0,0,1,1,0,24,49,24,49,35015,0.05,True,joint Ljung-Box and residual ACF rule,[],residual_acf,25,0.017894186966960463,0.05,False
2020-01-01,2023-12-31,Germany,sarima_p1_d0_q0_P1_D1_Q0_s24,1,0,0,1,1,0,24,49,24,49,35015,0.05,True,joint Ljung-Box and residual ACF rule,[],residual_acf,26,0.014860100447871926,0.05,False
2020-01-01,2023-12-31,Germany,sarima_p1_d0_q0_P1_D1_Q0_s24,1,0,0,1,1,0,24,49,24,49,35015,0.05,True,joint Ljung-Box and residual ACF rule,[],residual_acf,27,-0.017195464697660298,0.05,False
2020-01-01,2023-12-31,Germany,sarima_p1_d0_q0_P1_D1_Q0_s24,1,0,0,1,1,0,24,49,24,49,35015,0.05,True,joint Ljung-Box and residual ACF rule,[],residual_acf,28,-0.034943259154380873,0.05,False
2020-01-01,2023-12-31,Germany,sarima_p1_d0_q0_P1_D1_Q0_s24,1,0,0,1,1,0,24,49,24,49,35015,0.05,True,joint Ljung-Box and residual ACF rule,[],residual_acf,29,-0.037509950157118443,0.05,False
2020-01-01,2023-12-31,Germany,sarima_p1_d0_q0_P1_D1_Q0_s24,1,0,0,1,1,0,24,49,24,49,35015,0.05,True,joint Ljung-Box and residual ACF rule,[],residual_acf,30,-0.011190237781073954,0.05,False
2020-01-01,2023-12-31,Germany,sarima_p1_d0_q0_P1_D1_Q0_s24,1,0,0,1,1,0,24,49,24,49,35015,0.05,True,joint Ljung-Box and residual ACF rule,[],residual_acf,31,0.03148973956158345,0.05,False
2020-01-01,2023-12-31,Germany,sarima_p1_d0_q0_P1_D1_Q0_s24,1,0,0,1,1,0,24,49,24,49,35015,0.05,True,joint Ljung-Box and residual ACF rule,[],residual_acf,32,0.06319693572216561,0.05,True
2020-01-01,2023-12-31,Germany,sarima_p1_d0_q0_P1_D1_Q0_s24,1,0,0,1,1,0,24,49,24,49,35015,0.05,True,joint Ljung-Box and residual ACF rule,[],residual_acf,33,0.0595827908762125,0.05,True
2020-01-01,2023-12-31,Germany,sarima_p1_d0_q0_P1_D1_Q0_s24,1,0,0,1,1,0,24,49,24,49,35015,0.05,True,joint Ljung-Box and residual ACF rule,[],residual_acf,34,0.027290332912919758,0.05,False
2020-01-01,2023-12-31,Germany,sarima_p1_d0_q0_P1_D1_Q0_s24,1,0,0,1,1,0,24,49,24,49,35015,0.05,True,joint Ljung-Box and residual ACF rule,[],residual_acf,35,-0.002436561020871289,0.05,False
2020-01-01,2023-12-31,Germany,sarima_p1_d0_q0_P1_D1_Q0_s24,1,0,0,1,1,0,24,49,24,49,35015,0.05,True,joint Ljung-Box and residual ACF rule,[],residual_acf,36,0.0046793054314008126,0.05,False
2020-01-01,2023-12-31,Germany,sarima_p1_d0_q0_P1_D1_Q0_s24,1,0,0,1,1,0,24,49,24,49,35015,0.05,True,joint Ljung-Box and residual ACF rule,[],residual_acf,37,0.005154589139968907,0.05,False
2020-01-01,2023-12-31,Germany,sarima_p1_d0_q0_P1_D1_Q0_s24,1,0,0,1,1,0,24,49,24,49,35015,0.05,True,joint Ljung-Box and residual ACF rule,[],residual_acf,38,-0.01629674199494121,0.05,False
2020-01-01,2023-12-31,Germany,sarima_p1_d0_q0_P1_D1_Q0_s24,1,0,0,1,1,0,24,49,24,49,35015,0.05,True,joint Ljung-Box and residual ACF rule,[],residual_acf,39,-0.03999874840368307,0.05,False
2020-01-01,2023-12-31,Germany,sarima_p1_d0_q0_P1_D1_Q0_s24,1,0,0,1,1,0,24,49,24,49,35015,0.05,True,joint Ljung-Box and residual ACF rule,[],residual_acf,40,-0.0459935524518767,0.05,False
2020-01-01,2023-12-31,Germany,sarima_p1_d0_q0_P1_D1_Q0_s24,1,0,0,1,1,0,24,49,24,49,35015,0.05,True,joint Ljung-Box and residual ACF rule,[],residual_acf,41,-0.03842292598378421,0.05,False
2020-01-01,2023-12-31,Germany,sarima_p1_d0_q0_P1_D1_Q0_s24,1,0,0,1,1,0,24,49,24,49,35015,0.05,True,joint Ljung-Box and residual ACF rule,[],residual_acf,42,-0.027560478364612995,0.05,False
2020-01-01,2023-12-31,Germany,sarima_p1_d0_q0_P1_D1_Q0_s24,1,0,0,1,1,0,24,49,24,49,35015,0.05,True,joint Ljung-Box and residual ACF rule,[],residual_acf,43,-0.002322167642111771,0.05,False
2020-01-01,2023-12-31,Germany,sarima_p1_d0_q0_P1_D1_Q0_s24,1,0,0,1,1,0,24,49,24,49,35015,0.05,True,joint Ljung-Box and residual ACF rule,[],residual_acf,44,0.018324932517457312,0.05,False
2020-01-01,2023-12-31,Germany,sarima_p1_d0_q0_P1_D1_Q0_s24,1,0,0,1,1,0,24,49,24,49,35015,0.05,True,joint Ljung-Box and residual ACF rule,[],residual_acf,45,0.012834803953038586,0.05,False
2020-01-01,2023-12-31,Germany,sarima_p1_d0_q0_P1_D1_Q0_s24,1,0,0,1,1,0,24,49,24,49,35015,0.05,True,joint Ljung-Box and residual ACF rule,[],residual_acf,46,-0.08059507482397804,0.05,True
2020-01-01,2023-12-31,Germany,sarima_p1_d0_q0_P1_D1_Q0_s24,1,0,0,1,1,0,24,49,24,49,35015,0.05,True,joint Ljung-Box and residual ACF rule,[],residual_acf,47,-0.24474646657357899,0.05,True
2020-01-01,2023-12-31,Germany,sarima_p1_d0_q0_P1_D1_Q0_s24,1,0,0,1,1,0,24,49,24,49,35015,0.05,True,joint Ljung-Box and residual ACF rule,[],residual_acf,48,-0.36136646414709594,0.05,True
2020-01-01,2023-12-31,Germany,sarima_p1_d0_q0_P1_D1_Q0_s24,1,0,0,1,1,0,24,49,24,49,35015,0.05,True,joint Ljung-Box and residual ACF rule,[],ljung_box_statistic,24,19037.914623892495,0.05,True
2020-01-01,2023-12-31,Germany,sarima_p1_d0_q0_P1_D1_Q0_s24,1,0,0,1,1,0,24,49,24,49,35015,0.05,True,joint Ljung-Box and residual ACF rule,[],ljung_box_pvalue,24,0.0,0.05,True
2020-01-01,2023-12-31,Germany,sarima_p1_d0_q0_P1_D1_Q0_s24,1,0,0,1,1,0,24,49,24,49,35015,0.05,True,joint Ljung-Box and residual ACF rule,[],ljung_box_statistic,48,26633.702512878666,0.05,True
2020-01-01,2023-12-31,Germany,sarima_p1_d0_q0_P1_D1_Q0_s24,1,0,0,1,1,0,24,49,24,49,35015,0.05,True,joint Ljung-Box and residual ACF rule,[],ljung_box_pvalue,48,0.0,0.05,True
2020-01-01,2023-12-31,Germany,sarima_p0_d0_q1_P0_D1_Q1_s24,0,0,1,0,1,1,24,49,24,49,35015,0.05,True,joint Ljung-Box and residual ACF rule,[],residual_acf,1,0.8114055027291012,0.05,True
2020-01-01,2023-12-31,Germany,sarima_p0_d0_q1_P0_D1_Q1_s24,0,0,1,0,1,1,24,49,24,49,35015,0.05,True,joint Ljung-Box and residual ACF rule,[],residual_acf,2,0.9350359986509076,0.05,True
2020-01-01,2023-12-31,Germany,sarima_p0_d0_q1_P0_D1_Q1_s24,0,0,1,0,1,1,24,49,24,49,35015,0.05,True,joint Ljung-Box and residual ACF rule,[],residual_acf,3,0.733049631130631,0.05,True
2020-01-01,2023-12-31,Germany,sarima_p0_d0_q1_P0_D1_Q1_s24,0,0,1,0,1,1,24,49,24,49,35015,0.05,True,joint Ljung-Box and residual ACF rule,[],residual_acf,4,0.84175070131145,0.05,True
2020-01-01,2023-12-31,Germany,sarima_p0_d0_q1_P0_D1_Q1_s24,0,0,1,0,1,1,24,49,24,49,35015,0.05,True,joint Ljung-Box and residual ACF rule,[],residual_acf,5,0.65644043024232,0.05,True
2020-01-01,2023-12-31,Germany,sarima_p0_d0_q1_P0_D1_Q1_s24,0,0,1,0,1,1,24,49,24,49,35015,0.05,True,joint Ljung-Box and residual ACF rule,[],residual_acf,6,0.7550516301471254,0.05,True
2020-01-01,2023-12-31,Germany,sarima_p0_d0_q1_P0_D1_Q1_s24,0,0,1,0,1,1,24,49,24,49,35015,0.05,True,joint Ljung-Box and residual ACF rule,[],residual_acf,7,0.5810030650023021,0.05,True
2020-01-01,2023-12-31,Germany,sarima_p0_d0_q1_P0_D1_Q1_s24,0,0,1,0,1,1,24,49,24,49,35015,0.05,True,joint Ljung-Box and residual ACF rule,[],residual_acf,8,0.6598946956912806,0.05,True
2020-01-01,2023-12-31,Germany,sarima_p0_d0_q1_P0_D1_Q1_s24,0,0,1,0,1,1,24,49,24,49,35015,0.05,True,joint Ljung-Box and residual ACF rule,[],residual_acf,9,0.492892898601125,0.05,True
2020-01-01,2023-12-31,Germany,sarima_p0_d0_q1_P0_D1_Q1_s24,0,0,1,0,1,1,24,49,24,49,35015,0.05,True,joint Ljung-Box and residual ACF rule,[],residual_acf,10,0.5525873155169583,0.05,True
2020-01-01,2023-12-31,Germany,sarima_p0_d0_q1_P0_D1_Q1_s24,0,0,1,0,1,1,24,49,24,49,35015,0.05,True,joint Ljung-Box and residual ACF rule,[],residual_acf,11,0.3965046740649444,0.05,True
2020-01-01,2023-12-31,Germany,sarima_p0_d0_q1_P0_D1_Q1_s24,0,0,1,0,1,1,24,49,24,49,35015,0.05,True,joint Ljung-Box and residual ACF rule,[],residual_acf,12,0.4418300159994117,0.05,True
2020-01-01,2023-12-31,Germany,sarima_p0_d0_q1_P0_D1_Q1_s24,0,0,1,0,1,1,24,49,24,49,35015,0.05,True,joint Ljung-Box and residual ACF rule,[],residual_acf,13,0.30041549176326743,0.05,True
2020-01-01,2023-12-31,Germany,sarima_p0_d0_q1_P0_D1_Q1_s24,0,0,1,0,1,1,24,49,24,49,35015,0.05,True,joint Ljung-Box and residual ACF rule,[],residual_acf,14,0.3317064971158483,0.05,True
2020-01-01,2023-12-31,Germany,sarima_p0_d0_q1_P0_D1_Q1_s24,0,0,1,0,1,1,24,49,24,49,35015,0.05,True,joint Ljung-Box and residual ACF rule,[],residual_acf,15,0.2058196967038275,0.05,True
2020-01-01,2023-12-31,Germany,sarima_p0_d0_q1_P0_D1_Q1_s24,0,0,1,0,1,1,24,49,24,49,35015,0.05,True,joint Ljung-Box and residual ACF rule,[],residual_acf,16,0.2331904741176178,0.05,True
2020-01-01,2023-12-31,Germany,sarima_p0_d0_q1_P0_D1_Q1_s24,0,0,1,0,1,1,24,49,24,49,35015,0.05,True,joint Ljung-Box and residual ACF rule,[],residual_acf,17,0.13142890036267246,0.05,True
2020-01-01,2023-12-31,Germany,sarima_p0_d0_q1_P0_D1_Q1_s24,0,0,1,0,1,1,24,49,24,49,35015,0.05,True,joint Ljung-Box and residual ACF rule,[],residual_acf,18,0.15707470205889706,0.05,True
2020-01-01,2023-12-31,Germany,sarima_p0_d0_q1_P0_D1_Q1_s24,0,0,1,0,1,1,24,49,24,49,35015,0.05,True,joint Ljung-Box and residual ACF rule,[],residual_acf,19,0.07236872026700847,0.05,True
2020-01-01,2023-12-31,Germany,sarima_p0_d0_q1_P0_D1_Q1_s24,0,0,1,0,1,1,24,49,24,49,35015,0.05,True,joint Ljung-Box and residual ACF rule,[],residual_acf,20,0.087715990471617,0.05,True
2020-01-01,2023-12-31,Germany,sarima_p0_d0_q1_P0_D1_Q1_s24,0,0,1,0,1,1,24,49,24,49,35015,0.05,True,joint Ljung-Box and residual ACF rule,[],residual_acf,21,0.012599198882909127,0.05,False
2020-01-01,2023-12-31,Germany,sarima_p0_d0_q1_P0_D1_Q1_s24,0,0,1,0,1,1,24,49,24,49,35015,0.05,True,joint Ljung-Box and residual ACF rule,[],residual_acf,22,0.01744626189142749,0.05,False
2020-01-01,2023-12-31,Germany,sarima_p0_d0_q1_P0_D1_Q1_s24,0,0,1,0,1,1,24,49,24,49,35015,0.05,True,joint Ljung-Box and residual ACF rule,[],residual_acf,23,-0.04379023721642062,0.05,False
2020-01-01,2023-12-31,Germany,sarima_p0_d0_q1_P0_D1_Q1_s24,0,0,1,0,1,1,24,49,24,49,35015,0.05,True,joint Ljung-Box and residual ACF rule,[],residual_acf,24,-0.0407530983523754,0.05,False
2020-01-01,2023-12-31,Germany,sarima_p0_d0_q1_P0_D1_Q1_s24,0,0,1,0,1,1,24,49,24,49,35015,0.05,True,joint Ljung-Box and residual ACF rule,[],residual_acf,25,-0.08027997314659757,0.05,True
2020-01-01,2023-12-31,Germany,sarima_p0_d0_q1_P0_D1_Q1_s24,0,0,1,0,1,1,24,49,24,49,35015,0.05,True,joint Ljung-Box and residual ACF rule,[],residual_acf,26,-0.06644697261467335,0.05,True
2020-01-01,2023-12-31,Germany,sarima_p0_d0_q1_P0_D1_Q1_s24,0,0,1,0,1,1,24,49,24,49,35015,0.05,True,joint Ljung-Box and residual ACF rule,[],residual_acf,27,-0.10511051283802932,0.05,True
2020-01-01,2023-12-31,Germany,sarima_p0_d0_q1_P0_D1_Q1_s24,0,0,1,0,1,1,24,49,24,49,35015,0.05,True,joint Ljung-Box and residual ACF rule,[],residual_acf,28,-0.08943561256446907,0.05,True
2020-01-01,2023-12-31,Germany,sarima_p0_d0_q1_P0_D1_Q1_s24,0,0,1,0,1,1,24,49,24,49,35015,0.05,True,joint Ljung-Box and residual ACF rule,[],residual_acf,29,-0.12863691914166098,0.05,True
2020-01-01,2023-12-31,Germany,sarima_p0_d0_q1_P0_D1_Q1_s24,0,0,1,0,1,1,24,49,24,49,35015,0.05,True,joint Ljung-Box and residual ACF rule,[],residual_acf,30,-0.10944531999969288,0.05,True
2020-01-01,2023-12-31,Germany,sarima_p0_d0_q1_P0_D1_Q1_s24,0,0,1,0,1,1,24,49,24,49,35015,0.05,True,joint Ljung-Box and residual ACF rule,[],residual_acf,31,-0.1476715479619282,0.05,True
2020-01-01,2023-12-31,Germany,sarima_p0_d0_q1_P0_D1_Q1_s24,0,0,1,0,1,1,24,49,24,49,35015,0.05,True,joint Ljung-Box and residual ACF rule,[],residual_acf,32,-0.1264795804422309,0.05,True
2020-01-01,2023-12-31,Germany,sarima_p0_d0_q1_P0_D1_Q1_s24,0,0,1,0,1,1,24,49,24,49,35015,0.05,True,joint Ljung-Box and residual ACF rule,[],residual_acf,33,-0.16831938501198226,0.05,True
2020-01-01,2023-12-31,Germany,sarima_p0_d0_q1_P0_D1_Q1_s24,0,0,1,0,1,1,24,49,24,49,35015,0.05,True,joint Ljung-Box and residual ACF rule,[],residual_acf,34,-0.14876509774794167,0.05,True
2020-01-01,2023-12-31,Germany,sarima_p0_d0_q1_P0_D1_Q1_s24,0,0,1,0,1,1,24,49,24,49,35015,0.05,True,joint Ljung-Box and residual ACF rule,[],residual_acf,35,-0.19442200419530206,0.05,True
2020-01-01,2023-12-31,Germany,sarima_p0_d0_q1_P0_D1_Q1_s24,0,0,1,0,1,1,24,49,24,49,35015,0.05,True,joint Ljung-Box and residual ACF rule,[],residual_acf,36,-0.1736189868389077,0.05,True
2020-01-01,2023-12-31,Germany,sarima_p0_d0_q1_P0_D1_Q1_s24,0,0,1,0,1,1,24,49,24,49,35015,0.05,True,joint Ljung-Box and residual ACF rule,[],residual_acf,37,-0.2204557768755471,0.05,True
2020-01-01,2023-12-31,Germany,sarima_p0_d0_q1_P0_D1_Q1_s24,0,0,1,0,1,1,24,49,24,49,35015,0.05,True,joint Ljung-Box and residual ACF rule,[],residual_acf,38,-0.1994593750141151,0.05,True
2020-01-01,2023-12-31,Germany,sarima_p0_d0_q1_P0_D1_Q1_s24,0,0,1,0,1,1,24,49,24,49,35015,0.05,True,joint Ljung-Box and residual ACF rule,[],residual_acf,39,-0.2476735379090766,0.05,True
2020-01-01,2023-12-31,Germany,sarima_p0_d0_q1_P0_D1_Q1_s24,0,0,1,0,1,1,24,49,24,49,35015,0.05,True,joint Ljung-Box and residual ACF rule,[],residual_acf,40,-0.22562341905390462,0.05,True
2020-01-01,2023-12-31,Germany,sarima_p0_d0_q1_P0_D1_Q1_s24,0,0,1,0,1,1,24,49,24,49,35015,0.05,True,joint Ljung-Box and residual ACF rule,[],residual_acf,41,-0.27392966358010495,0.05,True
2020-01-01,2023-12-31,Germany,sarima_p0_d0_q1_P0_D1_Q1_s24,0,0,1,0,1,1,24,49,24,49,35015,0.05,True,joint Ljung-Box and residual ACF rule,[],residual_acf,42,-0.25063766374881175,0.05,True
2020-01-01,2023-12-31,Germany,sarima_p0_d0_q1_P0_D1_Q1_s24,0,0,1,0,1,1,24,49,24,49,35015,0.05,True,joint Ljung-Box and residual ACF rule,[],residual_acf,43,-0.29880452432316135,0.05,True
2020-01-01,2023-12-31,Germany,sarima_p0_d0_q1_P0_D1_Q1_s24,0,0,1,0,1,1,24,49,24,49,35015,0.05,True,joint Ljung-Box and residual ACF rule,[],residual_acf,44,-0.2738042310112063,0.05,True
2020-01-01,2023-12-31,Germany,sarima_p0_d0_q1_P0_D1_Q1_s24,0,0,1,0,1,1,24,49,24,49,35015,0.05,True,joint Ljung-Box and residual ACF rule,[],residual_acf,45,-0.323333236073452,0.05,True
2020-01-01,2023-12-31,Germany,sarima_p0_d0_q1_P0_D1_Q1_s24,0,0,1,0,1,1,24,49,24,49,35015,0.05,True,joint Ljung-Box and residual ACF rule,[],residual_acf,46,-0.29901646594386133,0.05,True
2020-01-01,2023-12-31,Germany,sarima_p0_d0_q1_P0_D1_Q1_s24,0,0,1,0,1,1,24,49,24,49,35015,0.05,True,joint Ljung-Box and residual ACF rule,[],residual_acf,47,-0.35022848036828813,0.05,True
2020-01-01,2023-12-31,Germany,sarima_p0_d0_q1_P0_D1_Q1_s24,0,0,1,0,1,1,24,49,24,49,35015,0.05,True,joint Ljung-Box and residual ACF rule,[],residual_acf,48,-0.3177964209469273,0.05,True
2020-01-01,2023-12-31,Germany,sarima_p0_d0_q1_P0_D1_Q1_s24,0,0,1,0,1,1,24,49,24,49,35015,0.05,True,joint Ljung-Box and residual ACF rule,[],ljung_box_statistic,24,203456.55420535014,0.05,True
2020-01-01,2023-12-31,Germany,sarima_p0_d0_q1_P0_D1_Q1_s24,0,0,1,0,1,1,24,49,24,49,35015,0.05,True,joint Ljung-Box and residual ACF rule,[],ljung_box_pvalue,24,0.0,0.05,True
2020-01-01,2023-12-31,Germany,sarima_p0_d0_q1_P0_D1_Q1_s24,0,0,1,0,1,1,24,49,24,49,35015,0.05,True,joint Ljung-Box and residual ACF rule,[],ljung_box_statistic,48,243247.67392802113,0.05,True
2020-01-01,2023-12-31,Germany,sarima_p0_d0_q1_P0_D1_Q1_s24,0,0,1,0,1,1,24,49,24,49,35015,0.05,True,joint Ljung-Box and residual ACF rule,[],ljung_box_pvalue,48,0.0,0.05,True
2020-01-01,2023-12-31,Germany,sarima_p1_d0_q1_P1_D1_Q0_s24,1,0,1,1,1,0,24,50,24,50,35014,0.05,True,joint Ljung-Box and residual ACF rule,[],residual_acf,1,0.19768341481438834,0.05,True
2020-01-01,2023-12-31,Germany,sarima_p1_d0_q1_P1_D1_Q0_s24,1,0,1,1,1,0,24,50,24,50,35014,0.05,True,joint Ljung-Box and residual ACF rule,[],residual_acf,2,0.24111999826954061,0.05,True
2020-01-01,2023-12-31,Germany,sarima_p1_d0_q1_P1_D1_Q0_s24,1,0,1,1,1,0,24,50,24,50,35014,0.05,True,joint Ljung-Box and residual ACF rule,[],residual_acf,3,-0.12601492833364453,0.05,True
2020-01-01,2023-12-31,Germany,sarima_p1_d0_q1_P1_D1_Q0_s24,1,0,1,1,1,0,24,50,24,50,35014,0.05,True,joint Ljung-Box and residual ACF rule,[],residual_acf,4,0.022068009066067575,0.05,False
2020-01-01,2023-12-31,Germany,sarima_p1_d0_q1_P1_D1_Q0_s24,1,0,1,1,1,0,24,50,24,50,35014,0.05,True,joint Ljung-Box and residual ACF rule,[],residual_acf,5,-0.04555344721328574,0.05,False
2020-01-01,2023-12-31,Germany,sarima_p1_d0_q1_P1_D1_Q0_s24,1,0,1,1,1,0,24,50,24,50,35014,0.05,True,joint Ljung-Box and residual ACF rule,[],residual_acf,6,0.0749535490166179,0.05,True
2020-01-01,2023-12-31,Germany,sarima_p1_d0_q1_P1_D1_Q0_s24,1,0,1,1,1,0,24,50,24,50,35014,0.05,True,joint Ljung-Box and residual ACF rule,[],residual_acf,7,0.04998209183214281,0.05,False
2020-01-01,2023-12-31,Germany,sarima_p1_d0_q1_P1_D1_Q0_s24,1,0,1,1,1,0,24,50,24,50,35014,0.05,True,joint Ljung-Box and residual ACF rule,[],residual_acf,8,0.052946849992685875,0.05,True
2020-01-01,2023-12-31,Germany,sarima_p1_d0_q1_P1_D1_Q0_s24,1,0,1,1,1,0,24,50,24,50,35014,0.05,True,joint Ljung-Box and residual ACF rule,[],residual_acf,9,0.028627069455160505,0.05,False
2020-01-01,2023-12-31,Germany,sarima_p1_d0_q1_P1_D1_Q0_s24,1,0,1,1,1,0,24,50,24,50,35014,0.05,True,joint Ljung-Box and residual ACF rule,[],residual_acf,10,0.0038331781456513118,0.05,False
2020-01-01,2023-12-31,Germany,sarima_p1_d0_q1_P1_D1_Q0_s24,1,0,1,1,1,0,24,50,24,50,35014,0.05,True,joint Ljung-Box and residual ACF rule,[],residual_acf,11,0.011665091065472697,0.05,False
2020-01-01,2023-12-31,Germany,sarima_p1_d0_q1_P1_D1_Q0_s24,1,0,1,1,1,0,24,50,24,50,35014,0.05,True,joint Ljung-Box and residual ACF rule,[],residual_acf,12,-0.01453434147109262,0.05,False
2020-01-01,2023-12-31,Germany,sarima_p1_d0_q1_P1_D1_Q0_s24,1,0,1,1,1,0,24,50,24,50,35014,0.05,True,joint Ljung-Box and residual ACF rule,[],residual_acf,13,0.04160021105963803,0.05,False
2020-01-01,2023-12-31,Germany,sarima_p1_d0_q1_P1_D1_Q0_s24,1,0,1,1,1,0,24,50,24,50,35014,0.05,True,joint Ljung-Box and residual ACF rule,[],residual_acf,14,-0.08006008802045676,0.05,True
2020-01-01,2023-12-31,Germany,sarima_p1_d0_q1_P1_D1_Q0_s24,1,0,1,1,1,0,24,50,24,50,35014,0.05,True,joint Ljung-Box and residual ACF rule,[],residual_acf,15,-0.0816410281801252,0.05,True
2020-01-01,2023-12-31,Germany,sarima_p1_d0_q1_P1_D1_Q0_s24,1,0,1,1,1,0,24,50,24,50,35014,0.05,True,joint Ljung-Box and residual ACF rule,[],residual_acf,16,-0.13681151527871982,0.05,True
2020-01-01,2023-12-31,Germany,sarima_p1_d0_q1_P1_D1_Q0_s24,1,0,1,1,1,0,24,50,24,50,35014,0.05,True,joint Ljung-Box and residual ACF rule,[],residual_acf,17,-0.035840039987394996,0.05,False
2020-01-01,2023-12-31,Germany,sarima_p1_d0_q1_P1_D1_Q0_s24,1,0,1,1,1,0,24,50,24,50,35014,0.05,True,joint Ljung-Box and residual ACF rule,[],residual_acf,18,-0.041371851855953774,0.05,False
2020-01-01,2023-12-31,Germany,sarima_p1_d0_q1_P1_D1_Q0_s24,1,0,1,1,1,0,24,50,24,50,35014,0.05,True,joint Ljung-Box and residual ACF rule,[],residual_acf,19,0.03680909224604279,0.05,False
2020-01-01,2023-12-31,Germany,sarima_p1_d0_q1_P1_D1_Q0_s24,1,0,1,1,1,0,24,50,24,50,35014,0.05,True,joint Ljung-Box and residual ACF rule,[],residual_acf,20,-0.022436264436530733,0.05,False
2020-01-01,2023-12-31,Germany,sarima_p1_d0_q1_P1_D1_Q0_s24,1,0,1,1,1,0,24,50,24,50,35014,0.05,True,joint Ljung-Box and residual ACF rule,[],residual_acf,21,0.014153125511594745,0.05,False
2020-01-01,2023-12-31,Germany,sarima_p1_d0_q1_P1_D1_Q0_s24,1,0,1,1,1,0,24,50,24,50,35014,0.05,True,joint Ljung-Box and residual ACF rule,[],residual_acf,22,-0.074047103616232,0.05,True
2020-01-01,2023-12-31,Germany,sarima_p1_d0_q1_P1_D1_Q0_s24,1,0,1,1,1,0,24,50,24,50,35014,0.05,True,joint Ljung-Box and residual ACF rule,[],residual_acf,23,0.0467818131758332,0.05,False
2020-01-01,2023-12-31,Germany,sarima_p1_d0_q1_P1_D1_Q0_s24,1,0,1,1,1,0,24,50,24,50,35014,0.05,True,joint Ljung-Box and residual ACF rule,[],residual_acf,24,-0.07577894777381547,0.05,True
2020-01-01,2023-12-31,Germany,sarima_p1_d0_q1_P1_D1_Q0_s24,1,0,1,1,1,0,24,50,24,50,35014,0.05,True,joint Ljung-Box and residual ACF rule,[],residual_acf,25,0.0891848009565363,0.05,True
2020-01-01,2023-12-31,Germany,sarima_p1_d0_q1_P1_D1_Q0_s24,1,0,1,1,1,0,24,50,24,50,35014,0.05,True,joint Ljung-Box and residual ACF rule,[],residual_acf,26,-0.008649891680079548,0.05,False
2020-01-01,2023-12-31,Germany,sarima_p1_d0_q1_P1_D1_Q0_s24,1,0,1,1,1,0,24,50,24,50,35014,0.05,True,joint Ljung-Box and residual ACF rule,[],residual_acf,27,-0.0040431245671890175,0.05,False
2020-01-01,2023-12-31,Germany,sarima_p1_d0_q1_P1_D1_Q0_s24,1,0,1,1,1,0,24,50,24,50,35014,0.05,True,joint Ljung-Box and residual ACF rule,[],residual_acf,28,-0.02830519162108146,0.05,False
2020-01-01,2023-12-31,Germany,sarima_p1_d0_q1_P1_D1_Q0_s24,1,0,1,1,1,0,24,50,24,50,35014,0.05,True,joint Ljung-Box and residual ACF rule,[],residual_acf,29,-0.028073849983622834,0.05,False
2020-01-01,2023-12-31,Germany,sarima_p1_d0_q1_P1_D1_Q0_s24,1,0,1,1,1,0,24,50,24,50,35014,0.05,True,joint Ljung-Box and residual ACF rule,[],residual_acf,30,-0.006579955674124249,0.05,False
2020-01-01,2023-12-31,Germany,sarima_p1_d0_q1_P1_D1_Q0_s24,1,0,1,1,1,0,24,50,24,50,35014,0.05,True,joint Ljung-Box and residual ACF rule,[],residual_acf,31,0.021877811557871794,0.05,False
2020-01-01,2023-12-31,Germany,sarima_p1_d0_q1_P1_D1_Q0_s24,1,0,1,1,1,0,24,50,24,50,35014,0.05,True,joint Ljung-Box and residual ACF rule,[],residual_acf,32,0.05175218312947175,0.05,True
2020-01-01,2023-12-31,Germany,sarima_p1_d0_q1_P1_D1_Q0_s24,1,0,1,1,1,0,24,50,24,50,35014,0.05,True,joint Ljung-Box and residual ACF rule,[],residual_acf,33,0.040230330630209525,0.05,False
2020-01-01,2023-12-31,Germany,sarima_p1_d0_q1_P1_D1_Q0_s24,1,0,1,1,1,0,24,50,24,50,35014,0.05,True,joint Ljung-Box and residual ACF rule,[],residual_acf,34,0.023159437153209197,0.05,False
2020-01-01,2023-12-31,Germany,sarima_p1_d0_q1_P1_D1_Q0_s24,1,0,1,1,1,0,24,50,24,50,35014,0.05,True,joint Ljung-Box and residual ACF rule,[],residual_acf,35,-0.018645181986962682,0.05,False
2020-01-01,2023-12-31,Germany,sarima_p1_d0_q1_P1_D1_Q0_s24,1,0,1,1,1,0,24,50,24,50,35014,0.05,True,joint Ljung-Box and residual ACF rule,[],residual_acf,36,0.00897015808576678,0.05,False
2020-01-01,2023-12-31,Germany,sarima_p1_d0_q1_P1_D1_Q0_s24,1,0,1,1,1,0,24,50,24,50,35014,0.05,True,joint Ljung-Box and residual ACF rule,[],residual_acf,37,0.00517351302158007,0.05,False
2020-01-01,2023-12-31,Germany,sarima_p1_d0_q1_P1_D1_Q0_s24,1,0,1,1,1,0,24,50,24,50,35014,0.05,True,joint Ljung-Box and residual ACF rule,[],residual_acf,38,-0.014001170848402507,0.05,False
2020-01-01,2023-12-31,Germany,sarima_p1_d0_q1_P1_D1_Q0_s24,1,0,1,1,1,0,24,50,24,50,35014,0.05,True,joint Ljung-Box and residual ACF rule,[],residual_acf,39,-0.033148779485554065,0.05,False
2020-01-01,2023-12-31,Germany,sarima_p1_d0_q1_P1_D1_Q0_s24,1,0,1,1,1,0,24,50,24,50,35014,0.05,True,joint Ljung-Box and residual ACF rule,[],residual_acf,40,-0.04229078614052713,0.05,False
2020-01-01,2023-12-31,Germany,sarima_p1_d0_q1_P1_D1_Q0_s24,1,0,1,1,1,0,24,50,24,50,35014,0.05,True,joint Ljung-Box and residual ACF rule,[],residual_acf,41,-0.021625020390094046,0.05,False
2020-01-01,2023-12-31,Germany,sarima_p1_d0_q1_P1_D1_Q0_s24,1,0,1,1,1,0,24,50,24,50,35014,0.05,True,joint Ljung-Box and residual ACF rule,[],residual_acf,42,-0.034355416519197525,0.05,False
2020-01-01,2023-12-31,Germany,sarima_p1_d0_q1_P1_D1_Q0_s24,1,0,1,1,1,0,24,50,24,50,35014,0.05,True,joint Ljung-Box and residual ACF rule,[],residual_acf,43,0.010515057140346007,0.05,False
2020-01-01,2023-12-31,Germany,sarima_p1_d0_q1_P1_D1_Q0_s24,1,0,1,1,1,0,24,50,24,50,35014,0.05,True,joint Ljung-Box and residual ACF rule,[],residual_acf,44,-0.004929511049547011,0.05,False
2020-01-01,2023-12-31,Germany,sarima_p1_d0_q1_P1_D1_Q0_s24,1,0,1,1,1,0,24,50,24,50,35014,0.05,True,joint Ljung-Box and residual ACF rule,[],residual_acf,45,0.04047177502197988,0.05,False
2020-01-01,2023-12-31,Germany,sarima_p1_d0_q1_P1_D1_Q0_s24,1,0,1,1,1,0,24,50,24,50,35014,0.05,True,joint Ljung-Box and residual ACF rule,[],residual_acf,46,-0.06743501787521555,0.05,True
2020-01-01,2023-12-31,Germany,sarima_p1_d0_q1_P1_D1_Q0_s24,1,0,1,1,1,0,24,50,24,50,35014,0.05,True,joint Ljung-Box and residual ACF rule,[],residual_acf,47,-0.1289567834034354,0.05,True
2020-01-01,2023-12-31,Germany,sarima_p1_d0_q1_P1_D1_Q0_s24,1,0,1,1,1,0,24,50,24,50,35014,0.05,True,joint Ljung-Box and residual ACF rule,[],residual_acf,48,-0.3308917186048362,0.05,True
2020-01-01,2023-12-31,Germany,sarima_p1_d0_q1_P1_D1_Q0_s24,1,0,1,1,1,0,24,50,24,50,35014,0.05,True,joint Ljung-Box and residual ACF rule,[],ljung_box_statistic,24,6295.415395795744,0.05,True
2020-01-01,2023-12-31,Germany,sarima_p1_d0_q1_P1_D1_Q0_s24,1,0,1,1,1,0,24,50,24,50,35014,0.05,True,joint Ljung-Box and residual ACF rule,[],ljung_box_pvalue,24,0.0,0.05,True
2020-01-01,2023-12-31,Germany,sarima_p1_d0_q1_P1_D1_Q0_s24,1,0,1,1,1,0,24,50,24,50,35014,0.05,True,joint Ljung-Box and residual ACF rule,[],ljung_box_statistic,48,11646.350273628814,0.05,True
2020-01-01,2023-12-31,Germany,sarima_p1_d0_q1_P1_D1_Q0_s24,1,0,1,1,1,0,24,50,24,50,35014,0.05,True,joint Ljung-Box and residual ACF rule,[],ljung_box_pvalue,48,0.0,0.05,True
2020-01-01,2023-12-31,Germany,sarima_p1_d0_q1_P0_D1_Q1_s24,1,0,1,0,1,1,24,50,24,50,35014,0.05,True,joint Ljung-Box and residual ACF rule,[],residual_acf,1,0.18804278031939345,0.05,True
2020-01-01,2023-12-31,Germany,sarima_p1_d0_q1_P0_D1_Q1_s24,1,0,1,0,1,1,24,50,24,50,35014,0.05,True,joint Ljung-Box and residual ACF rule,[],residual_acf,2,0.22016630429367784,0.05,True
2020-01-01,2023-12-31,Germany,sarima_p1_d0_q1_P0_D1_Q1_s24,1,0,1,0,1,1,24,50,24,50,35014,0.05,True,joint Ljung-Box and residual ACF rule,[],residual_acf,3,-0.13751633408160854,0.05,True
2020-01-01,2023-12-31,Germany,sarima_p1_d0_q1_P0_D1_Q1_s24,1,0,1,0,1,1,24,50,24,50,35014,0.05,True,joint Ljung-Box and residual ACF rule,[],residual_acf,4,0.011219810698374326,0.05,False
2020-01-01,2023-12-31,Germany,sarima_p1_d0_q1_P0_D1_Q1_s24,1,0,1,0,1,1,24,50,24,50,35014,0.05,True,joint Ljung-Box and residual ACF rule,[],residual_acf,5,-0.05151437834832129,0.05,True
2020-01-01,2023-12-31,Germany,sarima_p1_d0_q1_P0_D1_Q1_s24,1,0,1,0,1,1,24,50,24,50,35014,0.05,True,joint Ljung-Box and residual ACF rule,[],residual_acf,6,0.048190734471327296,0.05,False
2020-01-01,2023-12-31,Germany,sarima_p1_d0_q1_P0_D1_Q1_s24,1,0,1,0,1,1,24,50,24,50,35014,0.05,True,joint Ljung-Box and residual ACF rule,[],residual_acf,7,0.028306171398779105,0.05,False
2020-01-01,2023-12-31,Germany,sarima_p1_d0_q1_P0_D1_Q1_s24,1,0,1,0,1,1,24,50,24,50,35014,0.05,True,joint Ljung-Box and residual ACF rule,[],residual_acf,8,0.01072863583117311,0.05,False
2020-01-01,2023-12-31,Germany,sarima_p1_d0_q1_P0_D1_Q1_s24,1,0,1,0,1,1,24,50,24,50,35014,0.05,True,joint Ljung-Box and residual ACF rule,[],residual_acf,9,0.001841725045345203,0.05,False
2020-01-01,2023-12-31,Germany,sarima_p1_d0_q1_P0_D1_Q1_s24,1,0,1,0,1,1,24,50,24,50,35014,0.05,True,joint Ljung-Box and residual ACF rule,[],residual_acf,10,-0.02823640940742772,0.05,False
2020-01-01,2023-12-31,Germany,sarima_p1_d0_q1_P0_D1_Q1_s24,1,0,1,0,1,1,24,50,24,50,35014,0.05,True,joint Ljung-Box and residual ACF rule,[],residual_acf,11,0.022402528486721335,0.05,False
2020-01-01,2023-12-31,Germany,sarima_p1_d0_q1_P0_D1_Q1_s24,1,0,1,0,1,1,24,50,24,50,35014,0.05,True,joint Ljung-Box and residual ACF rule,[],residual_acf,12,-0.02057669008808196,0.05,False
2020-01-01,2023-12-31,Germany,sarima_p1_d0_q1_P0_D1_Q1_s24,1,0,1,0,1,1,24,50,24,50,35014,0.05,True,joint Ljung-Box and residual ACF rule,[],residual_acf,13,0.04684952181103168,0.05,False
2020-01-01,2023-12-31,Germany,sarima_p1_d0_q1_P0_D1_Q1_s24,1,0,1,0,1,1,24,50,24,50,35014,0.05,True,joint Ljung-Box and residual ACF rule,[],residual_acf,14,-0.08927221808013801,0.05,True
2020-01-01,2023-12-31,Germany,sarima_p1_d0_q1_P0_D1_Q1_s24,1,0,1,0,1,1,24,50,24,50,35014,0.05,True,joint Ljung-Box and residual ACF rule,[],residual_acf,15,-0.08279867632828718,0.05,True
2020-01-01,2023-12-31,Germany,sarima_p1_d0_q1_P0_D1_Q1_s24,1,0,1,0,1,1,24,50,24,50,35014,0.05,True,joint Ljung-Box and residual ACF rule,[],residual_acf,16,-0.13218668245629034,0.05,True
2020-01-01,2023-12-31,Germany,sarima_p1_d0_q1_P0_D1_Q1_s24,1,0,1,0,1,1,24,50,24,50,35014,0.05,True,joint Ljung-Box and residual ACF rule,[],residual_acf,17,-0.03321199159013213,0.05,False
2020-01-01,2023-12-31,Germany,sarima_p1_d0_q1_P0_D1_Q1_s24,1,0,1,0,1,1,24,50,24,50,35014,0.05,True,joint Ljung-Box and residual ACF rule,[],residual_acf,18,-0.033907043397646254,0.05,False
2020-01-01,2023-12-31,Germany,sarima_p1_d0_q1_P0_D1_Q1_s24,1,0,1,0,1,1,24,50,24,50,35014,0.05,True,joint Ljung-Box and residual ACF rule,[],residual_acf,19,0.015773942651557796,0.05,False
2020-01-01,2023-12-31,Germany,sarima_p1_d0_q1_P0_D1_Q1_s24,1,0,1,0,1,1,24,50,24,50,35014,0.05,True,joint Ljung-Box and residual ACF rule,[],residual_acf,20,-0.014532875267595998,0.05,False
2020-01-01,2023-12-31,Germany,sarima_p1_d0_q1_P0_D1_Q1_s24,1,0,1,0,1,1,24,50,24,50,35014,0.05,True,joint Ljung-Box and residual ACF rule,[],residual_acf,21,-0.026242297205846078,0.05,False
2020-01-01,2023-12-31,Germany,sarima_p1_d0_q1_P0_D1_Q1_s24,1,0,1,0,1,1,24,50,24,50,35014,0.05,True,joint Ljung-Box and residual ACF rule,[],residual_acf,22,-0.0008912286126383918,0.05,False
2020-01-01,2023-12-31,Germany,sarima_p1_d0_q1_P0_D1_Q1_s24,1,0,1,0,1,1,24,50,24,50,35014,0.05,True,joint Ljung-Box and residual ACF rule,[],residual_acf,23,0.06111536869630611,0.05,True
2020-01-01,2023-12-31,Germany,sarima_p1_d0_q1_P0_D1_Q1_s24,1,0,1,0,1,1,24,50,24,50,35014,0.05,True,joint Ljung-Box and residual ACF rule,[],residual_acf,24,0.2284694930527458,0.05,True
2020-01-01,2023-12-31,Germany,sarima_p1_d0_q1_P0_D1_Q1_s24,1,0,1,0,1,1,24,50,24,50,35014,0.05,True,joint Ljung-Box and residual ACF rule,[],residual_acf,25,0.0959622856155523,0.05,True
2020-01-01,2023-12-31,Germany,sarima_p1_d0_q1_P0_D1_Q1_s24,1,0,1,0,1,1,24,50,24,50,35014,0.05,True,joint Ljung-Box and residual ACF rule,[],residual_acf,26,0.05169934629978583,0.05,True
2020-01-01,2023-12-31,Germany,sarima_p1_d0_q1_P0_D1_Q1_s24,1,0,1,0,1,1,24,50,24,50,35014,0.05,True,joint Ljung-Box and residual ACF rule,[],residual_acf,27,-0.04779346225527818,0.05,False
2020-01-01,2023-12-31,Germany,sarima_p1_d0_q1_P0_D1_Q1_s24,1,0,1,0,1,1,24,50,24,50,35014,0.05,True,joint Ljung-Box and residual ACF rule,[],residual_acf,28,-0.014335110788854568,0.05,False
2020-01-01,2023-12-31,Germany,sarima_p1_d0_q1_P0_D1_Q1_s24,1,0,1,0,1,1,24,50,24,50,35014,0.05,True,joint Ljung-Box and residual ACF rule,[],residual_acf,29,-0.04041779718748618,0.05,False
2020-01-01,2023-12-31,Germany,sarima_p1_d0_q1_P0_D1_Q1_s24,1,0,1,0,1,1,24,50,24,50,35014,0.05,True,joint Ljung-Box and residual ACF rule,[],residual_acf,30,0.0031213827708987648,0.05,False
2020-01-01,2023-12-31,Germany,sarima_p1_d0_q1_P0_D1_Q1_s24,1,0,1,0,1,1,24,50,24,50,35014,0.05,True,joint Ljung-Box and residual ACF rule,[],residual_acf,31,0.01632436347127803,0.05,False
2020-01-01,2023-12-31,Germany,sarima_p1_d0_q1_P0_D1_Q1_s24,1,0,1,0,1,1,24,50,24,50,35014,0.05,True,joint Ljung-Box and residual ACF rule,[],residual_acf,32,0.04733499314090209,0.05,False
2020-01-01,2023-12-31,Germany,sarima_p1_d0_q1_P0_D1_Q1_s24,1,0,1,0,1,1,24,50,24,50,35014,0.05,True,joint Ljung-Box and residual ACF rule,[],residual_acf,33,0.03470364140827092,0.05,False
2020-01-01,2023-12-31,Germany,sarima_p1_d0_q1_P0_D1_Q1_s24,1,0,1,0,1,1,24,50,24,50,35014,0.05,True,joint Ljung-Box and residual ACF rule,[],residual_acf,34,0.010479857560400868,0.05,False
2020-01-01,2023-12-31,Germany,sarima_p1_d0_q1_P0_D1_Q1_s24,1,0,1,0,1,1,24,50,24,50,35014,0.05,True,joint Ljung-Box and residual ACF rule,[],residual_acf,35,-0.008455317332180523,0.05,False
2020-01-01,2023-12-31,Germany,sarima_p1_d0_q1_P0_D1_Q1_s24,1,0,1,0,1,1,24,50,24,50,35014,0.05,True,joint Ljung-Box and residual ACF rule,[],residual_acf,36,0.0023033638154956624,0.05,False
2020-01-01,2023-12-31,Germany,sarima_p1_d0_q1_P0_D1_Q1_s24,1,0,1,0,1,1,24,50,24,50,35014,0.05,True,joint Ljung-Box and residual ACF rule,[],residual_acf,37,0.019402327014362324,0.05,False
2020-01-01,2023-12-31,Germany,sarima_p1_d0_q1_P0_D1_Q1_s24,1,0,1,0,1,1,24,50,24,50,35014,0.05,True,joint Ljung-Box and residual ACF rule,[],residual_acf,38,-0.03294993638473978,0.05,False
2020-01-01,2023-12-31,Germany,sarima_p1_d0_q1_P0_D1_Q1_s24,1,0,1,0,1,1,24,50,24,50,35014,0.05,True,joint Ljung-Box and residual ACF rule,[],residual_acf,39,-0.04842502079249096,0.05,False
2020-01-01,2023-12-31,Germany,sarima_p1_d0_q1_P0_D1_Q1_s24,1,0,1,0,1,1,24,50,24,50,35014,0.05,True,joint Ljung-Box and residual ACF rule,[],residual_acf,40,-0.0664054575712568,0.05,True
2020-01-01,2023-12-31,Germany,sarima_p1_d0_q1_P0_D1_Q1_s24,1,0,1,0,1,1,24,50,24,50,35014,0.05,True,joint Ljung-Box and residual ACF rule,[],residual_acf,41,-0.030927923326857138,0.05,False
2020-01-01,2023-12-31,Germany,sarima_p1_d0_q1_P0_D1_Q1_s24,1,0,1,0,1,1,24,50,24,50,35014,0.05,True,joint Ljung-Box and residual ACF rule,[],residual_acf,42,-0.03446296594324338,0.05,False
2020-01-01,2023-12-31,Germany,sarima_p1_d0_q1_P0_D1_Q1_s24,1,0,1,0,1,1,24,50,24,50,35014,0.05,True,joint Ljung-Box and residual ACF rule,[],residual_acf,43,0.01579224192902673,0.05,False
2020-01-01,2023-12-31,Germany,sarima_p1_d0_q1_P0_D1_Q1_s24,1,0,1,0,1,1,24,50,24,50,35014,0.05,True,joint Ljung-Box and residual ACF rule,[],residual_acf,44,0.005630330047547108,0.05,False
2020-01-01,2023-12-31,Germany,sarima_p1_d0_q1_P0_D1_Q1_s24,1,0,1,0,1,1,24,50,24,50,35014,0.05,True,joint Ljung-Box and residual ACF rule,[],residual_acf,45,0.028508130362692896,0.05,False
2020-01-01,2023-12-31,Germany,sarima_p1_d0_q1_P0_D1_Q1_s24,1,0,1,0,1,1,24,50,24,50,35014,0.05,True,joint Ljung-Box and residual ACF rule,[],residual_acf,46,-0.03952884227806808,0.05,False
2020-01-01,2023-12-31,Germany,sarima_p1_d0_q1_P0_D1_Q1_s24,1,0,1,0,1,1,24,50,24,50,35014,0.05,True,joint Ljung-Box and residual ACF rule,[],residual_acf,47,-0.12219853507815849,0.05,True
2020-01-01,2023-12-31,Germany,sarima_p1_d0_q1_P0_D1_Q1_s24,1,0,1,0,1,1,24,50,24,50,35014,0.05,True,joint Ljung-Box and residual ACF rule,[],residual_acf,48,-0.15866871176585517,0.05,True
2020-01-01,2023-12-31,Germany,sarima_p1_d0_q1_P0_D1_Q1_s24,1,0,1,0,1,1,24,50,24,50,35014,0.05,True,joint Ljung-Box and residual ACF rule,[],ljung_box_statistic,24,7156.539681985128,0.05,True
2020-01-01,2023-12-31,Germany,sarima_p1_d0_q1_P0_D1_Q1_s24,1,0,1,0,1,1,24,50,24,50,35014,0.05,True,joint Ljung-Box and residual ACF rule,[],ljung_box_pvalue,24,0.0,0.05,True
2020-01-01,2023-12-31,Germany,sarima_p1_d0_q1_P0_D1_Q1_s24,1,0,1,0,1,1,24,50,24,50,35014,0.05,True,joint Ljung-Box and residual ACF rule,[],ljung_box_statistic,48,9717.037139457032,0.05,True
2020-01-01,2023-12-31,Germany,sarima_p1_d0_q1_P0_D1_Q1_s24,1,0,1,0,1,1,24,50,24,50,35014,0.05,True,joint Ljung-Box and residual ACF rule,[],ljung_box_pvalue,48,0.0,0.05,True
2020-01-01,2023-12-31,Germany,sarima_p1_d0_q0_P0_D1_Q1_s24,1,0,0,0,1,1,24,49,24,49,35015,0.05,True,joint Ljung-Box and residual ACF rule,[],residual_acf,1,0.6100883738859462,0.05,True
2020-01-01,2023-12-31,Germany,sarima_p1_d0_q0_P0_D1_Q1_s24,1,0,0,0,1,1,24,49,24,49,35015,0.05,True,joint Ljung-Box and residual ACF rule,[],residual_acf,2,0.19357551613174198,0.05,True
2020-01-01,2023-12-31,Germany,sarima_p1_d0_q0_P0_D1_Q1_s24,1,0,0,0,1,1,24,49,24,49,35015,0.05,True,joint Ljung-Box and residual ACF rule,[],residual_acf,3,-0.04202315925027763,0.05,False
2020-01-01,2023-12-31,Germany,sarima_p1_d0_q0_P0_D1_Q1_s24,1,0,0,0,1,1,24,49,24,49,35015,0.05,True,joint Ljung-Box and residual ACF rule,[],residual_acf,4,-0.07101934894397229,0.05,True
2020-01-01,2023-12-31,Germany,sarima_p1_d0_q0_P0_D1_Q1_s24,1,0,0,0,1,1,24,49,24,49,35015,0.05,True,joint Ljung-Box and residual ACF rule,[],residual_acf,5,-0.031415116416615,0.05,False
2020-01-01,2023-12-31,Germany,sarima_p1_d0_q0_P0_D1_Q1_s24,1,0,0,0,1,1,24,49,24,49,35015,0.05,True,joint Ljung-Box and residual ACF rule,[],residual_acf,6,0.020121423301902537,0.05,False
2020-01-01,2023-12-31,Germany,sarima_p1_d0_q0_P0_D1_Q1_s24,1,0,0,0,1,1,24,49,24,49,35015,0.05,True,joint Ljung-Box and residual ACF rule,[],residual_acf,7,0.03293400440822962,0.05,False
2020-01-01,2023-12-31,Germany,sarima_p1_d0_q0_P0_D1_Q1_s24,1,0,0,0,1,1,24,49,24,49,35015,0.05,True,joint Ljung-Box and residual ACF rule,[],residual_acf,8,0.008495542532372617,0.05,False
2020-01-01,2023-12-31,Germany,sarima_p1_d0_q0_P0_D1_Q1_s24,1,0,0,0,1,1,24,49,24,49,35015,0.05,True,joint Ljung-Box and residual ACF rule,[],residual_acf,9,-0.016087102905153017,0.05,False
2020-01-01,2023-12-31,Germany,sarima_p1_d0_q0_P0_D1_Q1_s24,1,0,0,0,1,1,24,49,24,49,35015,0.05,True,joint Ljung-Box and residual ACF rule,[],residual_acf,10,-0.0251987462478456,0.05,False
2020-01-01,2023-12-31,Germany,sarima_p1_d0_q0_P0_D1_Q1_s24,1,0,0,0,1,1,24,49,24,49,35015,0.05,True,joint Ljung-Box and residual ACF rule,[],residual_acf,11,-0.006964060458690244,0.05,False
2020-01-01,2023-12-31,Germany,sarima_p1_d0_q0_P0_D1_Q1_s24,1,0,0,0,1,1,24,49,24,49,35015,0.05,True,joint Ljung-Box and residual ACF rule,[],residual_acf,12,0.0010874469437447817,0.05,False
2020-01-01,2023-12-31,Germany,sarima_p1_d0_q0_P0_D1_Q1_s24,1,0,0,0,1,1,24,49,24,49,35015,0.05,True,joint Ljung-Box and residual ACF rule,[],residual_acf,13,-0.008261223009199846,0.05,False
2020-01-01,2023-12-31,Germany,sarima_p1_d0_q0_P0_D1_Q1_s24,1,0,0,0,1,1,24,49,24,49,35015,0.05,True,joint Ljung-Box and residual ACF rule,[],residual_acf,14,-0.09765848328781511,0.05,True
2020-01-01,2023-12-31,Germany,sarima_p1_d0_q0_P0_D1_Q1_s24,1,0,0,0,1,1,24,49,24,49,35015,0.05,True,joint Ljung-Box and residual ACF rule,[],residual_acf,15,-0.16146974200082584,0.05,True
2020-01-01,2023-12-31,Germany,sarima_p1_d0_q0_P0_D1_Q1_s24,1,0,0,0,1,1,24,49,24,49,35015,0.05,True,joint Ljung-Box and residual ACF rule,[],residual_acf,16,-0.16393954434291744,0.05,True
2020-01-01,2023-12-31,Germany,sarima_p1_d0_q0_P0_D1_Q1_s24,1,0,0,0,1,1,24,49,24,49,35015,0.05,True,joint Ljung-Box and residual ACF rule,[],residual_acf,17,-0.09949518822502386,0.05,True
2020-01-01,2023-12-31,Germany,sarima_p1_d0_q0_P0_D1_Q1_s24,1,0,0,0,1,1,24,49,24,49,35015,0.05,True,joint Ljung-Box and residual ACF rule,[],residual_acf,18,-0.043407037137227836,0.05,False
2020-01-01,2023-12-31,Germany,sarima_p1_d0_q0_P0_D1_Q1_s24,1,0,0,0,1,1,24,49,24,49,35015,0.05,True,joint Ljung-Box and residual ACF rule,[],residual_acf,19,-0.01062453222496374,0.05,False
2020-01-01,2023-12-31,Germany,sarima_p1_d0_q0_P0_D1_Q1_s24,1,0,0,0,1,1,24,49,24,49,35015,0.05,True,joint Ljung-Box and residual ACF rule,[],residual_acf,20,-0.021714761401687876,0.05,False
2020-01-01,2023-12-31,Germany,sarima_p1_d0_q0_P0_D1_Q1_s24,1,0,0,0,1,1,24,49,24,49,35015,0.05,True,joint Ljung-Box and residual ACF rule,[],residual_acf,21,-0.0349924126482395,0.05,False
2020-01-01,2023-12-31,Germany,sarima_p1_d0_q0_P0_D1_Q1_s24,1,0,0,0,1,1,24,49,24,49,35015,0.05,True,joint Ljung-Box and residual ACF rule,[],residual_acf,22,0.006128044991197051,0.05,False
2020-01-01,2023-12-31,Germany,sarima_p1_d0_q0_P0_D1_Q1_s24,1,0,0,0,1,1,24,49,24,49,35015,0.05,True,joint Ljung-Box and residual ACF rule,[],residual_acf,23,0.13968752964801853,0.05,True
2020-01-01,2023-12-31,Germany,sarima_p1_d0_q0_P0_D1_Q1_s24,1,0,0,0,1,1,24,49,24,49,35015,0.05,True,joint Ljung-Box and residual ACF rule,[],residual_acf,24,0.2733673502756517,0.05,True
2020-01-01,2023-12-31,Germany,sarima_p1_d0_q0_P0_D1_Q1_s24,1,0,0,0,1,1,24,49,24,49,35015,0.05,True,joint Ljung-Box and residual ACF rule,[],residual_acf,25,0.18954413611120727,0.05,True
2020-01-01,2023-12-31,Germany,sarima_p1_d0_q0_P0_D1_Q1_s24,1,0,0,0,1,1,24,49,24,49,35015,0.05,True,joint Ljung-Box and residual ACF rule,[],residual_acf,26,0.057292940916558795,0.05,True
2020-01-01,2023-12-31,Germany,sarima_p1_d0_q0_P0_D1_Q1_s24,1,0,0,0,1,1,24,49,24,49,35015,0.05,True,joint Ljung-Box and residual ACF rule,[],residual_acf,27,-0.03191966830018158,0.05,False
2020-01-01,2023-12-31,Germany,sarima_p1_d0_q0_P0_D1_Q1_s24,1,0,0,0,1,1,24,49,24,49,35015,0.05,True,joint Ljung-Box and residual ACF rule,[],residual_acf,28,-0.04887509229035059,0.05,False
2020-01-01,2023-12-31,Germany,sarima_p1_d0_q0_P0_D1_Q1_s24,1,0,0,0,1,1,24,49,24,49,35015,0.05,True,joint Ljung-Box and residual ACF rule,[],residual_acf,29,-0.042104157950847015,0.05,False
2020-01-01,2023-12-31,Germany,sarima_p1_d0_q0_P0_D1_Q1_s24,1,0,0,0,1,1,24,49,24,49,35015,0.05,True,joint Ljung-Box and residual ACF rule,[],residual_acf,30,-0.011884156136685116,0.05,False
2020-01-01,2023-12-31,Germany,sarima_p1_d0_q0_P0_D1_Q1_s24,1,0,0,0,1,1,24,49,24,49,35015,0.05,True,joint Ljung-Box and residual ACF rule,[],residual_acf,31,0.026662821732514844,0.05,False
2020-01-01,2023-12-31,Germany,sarima_p1_d0_q0_P0_D1_Q1_s24,1,0,0,0,1,1,24,49,24,49,35015,0.05,True,joint Ljung-Box and residual ACF rule,[],residual_acf,32,0.054296967517540436,0.05,True
2020-01-01,2023-12-31,Germany,sarima_p1_d0_q0_P0_D1_Q1_s24,1,0,0,0,1,1,24,49,24,49,35015,0.05,True,joint Ljung-Box and residual ACF rule,[],residual_acf,33,0.04661257992323496,0.05,False
2020-01-01,2023-12-31,Germany,sarima_p1_d0_q0_P0_D1_Q1_s24,1,0,0,0,1,1,24,49,24,49,35015,0.05,True,joint Ljung-Box and residual ACF rule,[],residual_acf,34,0.014920593537705753,0.05,False
2020-01-01,2023-12-31,Germany,sarima_p1_d0_q0_P0_D1_Q1_s24,1,0,0,0,1,1,24,49,24,49,35015,0.05,True,joint Ljung-Box and residual ACF rule,[],residual_acf,35,-0.003933809318263218,0.05,False
2020-01-01,2023-12-31,Germany,sarima_p1_d0_q0_P0_D1_Q1_s24,1,0,0,0,1,1,24,49,24,49,35015,0.05,True,joint Ljung-Box and residual ACF rule,[],residual_acf,36,0.004910796880381128,0.05,False
2020-01-01,2023-12-31,Germany,sarima_p1_d0_q0_P0_D1_Q1_s24,1,0,0,0,1,1,24,49,24,49,35015,0.05,True,joint Ljung-Box and residual ACF rule,[],residual_acf,37,0.0042382909641776505,0.05,False
2020-01-01,2023-12-31,Germany,sarima_p1_d0_q0_P0_D1_Q1_s24,1,0,0,0,1,1,24,49,24,49,35015,0.05,True,joint Ljung-Box and residual ACF rule,[],residual_acf,38,-0.04110805286866232,0.05,False
2020-01-01,2023-12-31,Germany,sarima_p1_d0_q0_P0_D1_Q1_s24,1,0,0,0,1,1,24,49,24,49,35015,0.05,True,joint Ljung-Box and residual ACF rule,[],residual_acf,39,-0.0806769292966259,0.05,True
2020-01-01,2023-12-31,Germany,sarima_p1_d0_q0_P0_D1_Q1_s24,1,0,0,0,1,1,24,49,24,49,35015,0.05,True,joint Ljung-Box and residual ACF rule,[],residual_acf,40,-0.08851796237181685,0.05,True
2020-01-01,2023-12-31,Germany,sarima_p1_d0_q0_P0_D1_Q1_s24,1,0,0,0,1,1,24,49,24,49,35015,0.05,True,joint Ljung-Box and residual ACF rule,[],residual_acf,41,-0.06719530619587026,0.05,True
2020-01-01,2023-12-31,Germany,sarima_p1_d0_q0_P0_D1_Q1_s24,1,0,0,0,1,1,24,49,24,49,35015,0.05,True,joint Ljung-Box and residual ACF rule,[],residual_acf,42,-0.03656773432419111,0.05,False
2020-01-01,2023-12-31,Germany,sarima_p1_d0_q0_P0_D1_Q1_s24,1,0,0,0,1,1,24,49,24,49,35015,0.05,True,joint Ljung-Box and residual ACF rule,[],residual_acf,43,0.0034814950605146543,0.05,False
2020-01-01,2023-12-31,Germany,sarima_p1_d0_q0_P0_D1_Q1_s24,1,0,0,0,1,1,24,49,24,49,35015,0.05,True,joint Ljung-Box and residual ACF rule,[],residual_acf,44,0.022678481826034047,0.05,False
2020-01-01,2023-12-31,Germany,sarima_p1_d0_q0_P0_D1_Q1_s24,1,0,0,0,1,1,24,49,24,49,35015,0.05,True,joint Ljung-Box and residual ACF rule,[],residual_acf,45,0.011424464495683856,0.05,False
2020-01-01,2023-12-31,Germany,sarima_p1_d0_q0_P0_D1_Q1_s24,1,0,0,0,1,1,24,49,24,49,35015,0.05,True,joint Ljung-Box and residual ACF rule,[],residual_acf,46,-0.06822115567564657,0.05,True
2020-01-01,2023-12-31,Germany,sarima_p1_d0_q0_P0_D1_Q1_s24,1,0,0,0,1,1,24,49,24,49,35015,0.05,True,joint Ljung-Box and residual ACF rule,[],residual_acf,47,-0.16885630053436138,0.05,True
2020-01-01,2023-12-31,Germany,sarima_p1_d0_q0_P0_D1_Q1_s24,1,0,0,0,1,1,24,49,24,49,35015,0.05,True,joint Ljung-Box and residual ACF rule,[],residual_acf,48,-0.19802955485536813,0.05,True
2020-01-01,2023-12-31,Germany,sarima_p1_d0_q0_P0_D1_Q1_s24,1,0,0,0,1,1,24,49,24,49,35015,0.05,True,joint Ljung-Box and residual ACF rule,[],ljung_box_statistic,24,20678.231816446165,0.05,True
2020-01-01,2023-12-31,Germany,sarima_p1_d0_q0_P0_D1_Q1_s24,1,0,0,0,1,1,24,49,24,49,35015,0.05,True,joint Ljung-Box and residual ACF rule,[],ljung_box_pvalue,24,0.0,0.05,True
2020-01-01,2023-12-31,Germany,sarima_p1_d0_q0_P0_D1_Q1_s24,1,0,0,0,1,1,24,49,24,49,35015,0.05,True,joint Ljung-Box and residual ACF rule,[],ljung_box_statistic,48,25781.29047612111,0.05,True
2020-01-01,2023-12-31,Germany,sarima_p1_d0_q0_P0_D1_Q1_s24,1,0,0,0,1,1,24,49,24,49,35015,0.05,True,joint Ljung-Box and residual ACF rule,[],ljung_box_pvalue,48,0.0,0.05,True
2020-01-01,2023-12-31,Germany,sarima_p0_d0_q1_P1_D1_Q0_s24,0,0,1,1,1,0,24,49,24,49,35015,0.05,True,joint Ljung-Box and residual ACF rule,[],residual_acf,1,0.808109423364476,0.05,True
2020-01-01,2023-12-31,Germany,sarima_p0_d0_q1_P1_D1_Q0_s24,0,0,1,1,1,0,24,49,24,49,35015,0.05,True,joint Ljung-Box and residual ACF rule,[],residual_acf,2,0.9371191392453245,0.05,True
2020-01-01,2023-12-31,Germany,sarima_p0_d0_q1_P1_D1_Q0_s24,0,0,1,1,1,0,24,49,24,49,35015,0.05,True,joint Ljung-Box and residual ACF rule,[],residual_acf,3,0.7316432894335532,0.05,True
2020-01-01,2023-12-31,Germany,sarima_p0_d0_q1_P1_D1_Q0_s24,0,0,1,1,1,0,24,49,24,49,35015,0.05,True,joint Ljung-Box and residual ACF rule,[],residual_acf,4,0.8468498566434743,0.05,True
2020-01-01,2023-12-31,Germany,sarima_p0_d0_q1_P1_D1_Q0_s24,0,0,1,1,1,0,24,49,24,49,35015,0.05,True,joint Ljung-Box and residual ACF rule,[],residual_acf,5,0.6572858481794653,0.05,True
2020-01-01,2023-12-31,Germany,sarima_p0_d0_q1_P1_D1_Q0_s24,0,0,1,1,1,0,24,49,24,49,35015,0.05,True,joint Ljung-Box and residual ACF rule,[],residual_acf,6,0.7633563117771257,0.05,True
2020-01-01,2023-12-31,Germany,sarima_p0_d0_q1_P1_D1_Q0_s24,0,0,1,1,1,0,24,49,24,49,35015,0.05,True,joint Ljung-Box and residual ACF rule,[],residual_acf,7,0.5843828558362687,0.05,True
2020-01-01,2023-12-31,Germany,sarima_p0_d0_q1_P1_D1_Q0_s24,0,0,1,1,1,0,24,49,24,49,35015,0.05,True,joint Ljung-Box and residual ACF rule,[],residual_acf,8,0.6720907880568855,0.05,True
2020-01-01,2023-12-31,Germany,sarima_p0_d0_q1_P1_D1_Q0_s24,0,0,1,1,1,0,24,49,24,49,35015,0.05,True,joint Ljung-Box and residual ACF rule,[],residual_acf,9,0.49977093173504183,0.05,True
2020-01-01,2023-12-31,Germany,sarima_p0_d0_q1_P1_D1_Q0_s24,0,0,1,1,1,0,24,49,24,49,35015,0.05,True,joint Ljung-Box and residual ACF rule,[],residual_acf,10,0.5699052974216935,0.05,True
2020-01-01,2023-12-31,Germany,sarima_p0_d0_q1_P1_D1_Q0_s24,0,0,1,1,1,0,24,49,24,49,35015,0.05,True,joint Ljung-Box and residual ACF rule,[],residual_acf,11,0.40795064915820983,0.05,True
2020-01-01,2023-12-31,Germany,sarima_p0_d0_q1_P1_D1_Q0_s24,0,0,1,1,1,0,24,49,24,49,35015,0.05,True,joint Ljung-Box and residual ACF rule,[],residual_acf,12,0.46493684391351986,0.05,True
2020-01-01,2023-12-31,Germany,sarima_p0_d0_q1_P1_D1_Q0_s24,0,0,1,1,1,0,24,49,24,49,35015,0.05,True,joint Ljung-Box and residual ACF rule,[],residual_acf,13,0.3165570639706819,0.05,True
2020-01-01,2023-12-31,Germany,sarima_p0_d0_q1_P1_D1_Q0_s24,0,0,1,1,1,0,24,49,24,49,35015,0.05,True,joint Ljung-Box and residual ACF rule,[],residual_acf,14,0.3605780576215078,0.05,True
2020-01-01,2023-12-31,Germany,sarima_p0_d0_q1_P1_D1_Q0_s24,0,0,1,1,1,0,24,49,24,49,35015,0.05,True,joint Ljung-Box and residual ACF rule,[],residual_acf,15,0.22658790977443202,0.05,True
2020-01-01,2023-12-31,Germany,sarima_p0_d0_q1_P1_D1_Q0_s24,0,0,1,1,1,0,24,49,24,49,35015,0.05,True,joint Ljung-Box and residual ACF rule,[],residual_acf,16,0.2676088093723608,0.05,True
2020-01-01,2023-12-31,Germany,sarima_p0_d0_q1_P1_D1_Q0_s24,0,0,1,1,1,0,24,49,24,49,35015,0.05,True,joint Ljung-Box and residual ACF rule,[],residual_acf,17,0.1564002641811873,0.05,True
2020-01-01,2023-12-31,Germany,sarima_p0_d0_q1_P1_D1_Q0_s24,0,0,1,1,1,0,24,49,24,49,35015,0.05,True,joint Ljung-Box and residual ACF rule,[],residual_acf,18,0.19634803744982074,0.05,True
2020-01-01,2023-12-31,Germany,sarima_p0_d0_q1_P1_D1_Q0_s24,0,0,1,1,1,0,24,49,24,49,35015,0.05,True,joint Ljung-Box and residual ACF rule,[],residual_acf,19,0.10077164140349547,0.05,True
2020-01-01,2023-12-31,Germany,sarima_p0_d0_q1_P1_D1_Q0_s24,0,0,1,1,1,0,24,49,24,49,35015,0.05,True,joint Ljung-Box and residual ACF rule,[],residual_acf,20,0.13136094998772216,0.05,True
2020-01-01,2023-12-31,Germany,sarima_p0_d0_q1_P1_D1_Q0_s24,0,0,1,1,1,0,24,49,24,49,35015,0.05,True,joint Ljung-Box and residual ACF rule,[],residual_acf,21,0.044524407174419973,0.05,False
2020-01-01,2023-12-31,Germany,sarima_p0_d0_q1_P1_D1_Q0_s24,0,0,1,1,1,0,24,49,24,49,35015,0.05,True,joint Ljung-Box and residual ACF rule,[],residual_acf,22,0.065788439517363,0.05,True
2020-01-01,2023-12-31,Germany,sarima_p0_d0_q1_P1_D1_Q0_s24,0,0,1,1,1,0,24,49,24,49,35015,0.05,True,joint Ljung-Box and residual ACF rule,[],residual_acf,23,-0.008378528163831427,0.05,False
2020-01-01,2023-12-31,Germany,sarima_p0_d0_q1_P1_D1_Q0_s24,0,0,1,1,1,0,24,49,24,49,35015,0.05,True,joint Ljung-Box and residual ACF rule,[],residual_acf,24,0.010671809775372491,0.05,False
2020-01-01,2023-12-31,Germany,sarima_p0_d0_q1_P1_D1_Q0_s24,0,0,1,1,1,0,24,49,24,49,35015,0.05,True,joint Ljung-Box and residual ACF rule,[],residual_acf,25,-0.045462076355157664,0.05,False
2020-01-01,2023-12-31,Germany,sarima_p0_d0_q1_P1_D1_Q0_s24,0,0,1,1,1,0,24,49,24,49,35015,0.05,True,joint Ljung-Box and residual ACF rule,[],residual_acf,26,-0.019159713308319164,0.05,False
2020-01-01,2023-12-31,Germany,sarima_p0_d0_q1_P1_D1_Q0_s24,0,0,1,1,1,0,24,49,24,49,35015,0.05,True,joint Ljung-Box and residual ACF rule,[],residual_acf,27,-0.07472783412520177,0.05,True
2020-01-01,2023-12-31,Germany,sarima_p0_d0_q1_P1_D1_Q0_s24,0,0,1,1,1,0,24,49,24,49,35015,0.05,True,joint Ljung-Box and residual ACF rule,[],residual_acf,28,-0.04754165293911311,0.05,False
2020-01-01,2023-12-31,Germany,sarima_p0_d0_q1_P1_D1_Q0_s24,0,0,1,1,1,0,24,49,24,49,35015,0.05,True,joint Ljung-Box and residual ACF rule,[],residual_acf,29,-0.10250449405046315,0.05,True
2020-01-01,2023-12-31,Germany,sarima_p0_d0_q1_P1_D1_Q0_s24,0,0,1,1,1,0,24,49,24,49,35015,0.05,True,joint Ljung-Box and residual ACF rule,[],residual_acf,30,-0.07263230487441878,0.05,True
2020-01-01,2023-12-31,Germany,sarima_p0_d0_q1_P1_D1_Q0_s24,0,0,1,1,1,0,24,49,24,49,35015,0.05,True,joint Ljung-Box and residual ACF rule,[],residual_acf,31,-0.12580871604135135,0.05,True
2020-01-01,2023-12-31,Germany,sarima_p0_d0_q1_P1_D1_Q0_s24,0,0,1,1,1,0,24,49,24,49,35015,0.05,True,joint Ljung-Box and residual ACF rule,[],residual_acf,32,-0.09524732456022175,0.05,True
2020-01-01,2023-12-31,Germany,sarima_p0_d0_q1_P1_D1_Q0_s24,0,0,1,1,1,0,24,49,24,49,35015,0.05,True,joint Ljung-Box and residual ACF rule,[],residual_acf,33,-0.15138284825473994,0.05,True
2020-01-01,2023-12-31,Germany,sarima_p0_d0_q1_P1_D1_Q0_s24,0,0,1,1,1,0,24,49,24,49,35015,0.05,True,joint Ljung-Box and residual ACF rule,[],residual_acf,34,-0.12384936209635165,0.05,True
2020-01-01,2023-12-31,Germany,sarima_p0_d0_q1_P1_D1_Q0_s24,0,0,1,1,1,0,24,49,24,49,35015,0.05,True,joint Ljung-Box and residual ACF rule,[],residual_acf,35,-0.18297743457318305,0.05,True
2020-01-01,2023-12-31,Germany,sarima_p0_d0_q1_P1_D1_Q0_s24,0,0,1,1,1,0,24,49,24,49,35015,0.05,True,joint Ljung-Box and residual ACF rule,[],residual_acf,36,-0.15529802199988874,0.05,True
2020-01-01,2023-12-31,Germany,sarima_p0_d0_q1_P1_D1_Q0_s24,0,0,1,1,1,0,24,49,24,49,35015,0.05,True,joint Ljung-Box and residual ACF rule,[],residual_acf,37,-0.21449590721958178,0.05,True
2020-01-01,2023-12-31,Germany,sarima_p0_d0_q1_P1_D1_Q0_s24,0,0,1,1,1,0,24,49,24,49,35015,0.05,True,joint Ljung-Box and residual ACF rule,[],residual_acf,38,-0.1876500756446651,0.05,True
2020-01-01,2023-12-31,Germany,sarima_p0_d0_q1_P1_D1_Q0_s24,0,0,1,1,1,0,24,49,24,49,35015,0.05,True,joint Ljung-Box and residual ACF rule,[],residual_acf,39,-0.24707265300042205,0.05,True
2020-01-01,2023-12-31,Germany,sarima_p0_d0_q1_P1_D1_Q0_s24,0,0,1,1,1,0,24,49,24,49,35015,0.05,True,joint Ljung-Box and residual ACF rule,[],residual_acf,40,-0.21973839631866976,0.05,True
2020-01-01,2023-12-31,Germany,sarima_p0_d0_q1_P1_D1_Q0_s24,0,0,1,1,1,0,24,49,24,49,35015,0.05,True,joint Ljung-Box and residual ACF rule,[],residual_acf,41,-0.27768228158265645,0.05,True
2020-01-01,2023-12-31,Germany,sarima_p0_d0_q1_P1_D1_Q0_s24,0,0,1,1,1,0,24,49,24,49,35015,0.05,True,joint Ljung-Box and residual ACF rule,[],residual_acf,42,-0.2495119567338873,0.05,True
2020-01-01,2023-12-31,Germany,sarima_p0_d0_q1_P1_D1_Q0_s24,0,0,1,1,1,0,24,49,24,49,35015,0.05,True,joint Ljung-Box and residual ACF rule,[],residual_acf,43,-0.30603844569833677,0.05,True
2020-01-01,2023-12-31,Germany,sarima_p0_d0_q1_P1_D1_Q0_s24,0,0,1,1,1,0,24,49,24,49,35015,0.05,True,joint Ljung-Box and residual ACF rule,[],residual_acf,44,-0.2770654799332531,0.05,True
2020-01-01,2023-12-31,Germany,sarima_p0_d0_q1_P1_D1_Q0_s24,0,0,1,1,1,0,24,49,24,49,35015,0.05,True,joint Ljung-Box and residual ACF rule,[],residual_acf,45,-0.33414304863828825,0.05,True
2020-01-01,2023-12-31,Germany,sarima_p0_d0_q1_P1_D1_Q0_s24,0,0,1,1,1,0,24,49,24,49,35015,0.05,True,joint Ljung-Box and residual ACF rule,[],residual_acf,46,-0.30680396019227674,0.05,True
2020-01-01,2023-12-31,Germany,sarima_p0_d0_q1_P1_D1_Q0_s24,0,0,1,1,1,0,24,49,24,49,35015,0.05,True,joint Ljung-Box and residual ACF rule,[],residual_acf,47,-0.36444592465880427,0.05,True
2020-01-01,2023-12-31,Germany,sarima_p0_d0_q1_P1_D1_Q0_s24,0,0,1,1,1,0,24,49,24,49,35015,0.05,True,joint Ljung-Box and residual ACF rule,[],residual_acf,48,-0.32916083320166467,0.05,True
2020-01-01,2023-12-31,Germany,sarima_p0_d0_q1_P1_D1_Q0_s24,0,0,1,1,1,0,24,49,24,49,35015,0.05,True,joint Ljung-Box and residual ACF rule,[],ljung_box_statistic,24,210098.43294502344,0.05,True
2020-01-01,2023-12-31,Germany,sarima_p0_d0_q1_P1_D1_Q0_s24,0,0,1,1,1,0,24,49,24,49,35015,0.05,True,joint Ljung-Box and residual ACF rule,[],ljung_box_pvalue,24,0.0,0.05,True
2020-01-01,2023-12-31,Germany,sarima_p0_d0_q1_P1_D1_Q0_s24,0,0,1,1,1,0,24,49,24,49,35015,0.05,True,joint Ljung-Box and residual ACF rule,[],ljung_box_statistic,48,248456.8238297481,0.05,True
2020-01-01,2023-12-31,Germany,sarima_p0_d0_q1_P1_D1_Q0_s24,0,0,1,1,1,0,24,49,24,49,35015,0.05,True,joint Ljung-Box and residual ACF rule,[],ljung_box_pvalue,48,0.0,0.05,True
2020-01-01,2023-12-31,Austria,sarima_p0_d1_q0_P0_D0_Q0_s24,0,1,0,0,0,0,24,48,1,48,35016,0.05,True,joint Ljung-Box and residual ACF rule,[],residual_acf,1,0.7603869870980366,0.05,True
2020-01-01,2023-12-31,Austria,sarima_p0_d1_q0_P0_D0_Q0_s24,0,1,0,0,0,0,24,48,1,48,35016,0.05,True,joint Ljung-Box and residual ACF rule,[],residual_acf,2,0.44167811670424784,0.05,True
2020-01-01,2023-12-31,Austria,sarima_p0_d1_q0_P0_D0_Q0_s24,0,1,0,0,0,0,24,48,1,48,35016,0.05,True,joint Ljung-Box and residual ACF rule,[],residual_acf,3,0.1431107876313467,0.05,True
2020-01-01,2023-12-31,Austria,sarima_p0_d1_q0_P0_D0_Q0_s24,0,1,0,0,0,0,24,48,1,48,35016,0.05,True,joint Ljung-Box and residual ACF rule,[],residual_acf,4,-0.037244437747463256,0.05,False
2020-01-01,2023-12-31,Austria,sarima_p0_d1_q0_P0_D0_Q0_s24,0,1,0,0,0,0,24,48,1,48,35016,0.05,True,joint Ljung-Box and residual ACF rule,[],residual_acf,5,-0.193620782355378,0.05,True
2020-01-01,2023-12-31,Austria,sarima_p0_d1_q0_P0_D0_Q0_s24,0,1,0,0,0,0,24,48,1,48,35016,0.05,True,joint Ljung-Box and residual ACF rule,[],residual_acf,6,-0.3054973759274111,0.05,True
2020-01-01,2023-12-31,Austria,sarima_p0_d1_q0_P0_D0_Q0_s24,0,1,0,0,0,0,24,48,1,48,35016,0.05,True,joint Ljung-Box and residual ACF rule,[],residual_acf,7,-0.33298323483259734,0.05,True
2020-01-01,2023-12-31,Austria,sarima_p0_d1_q0_P0_D0_Q0_s24,0,1,0,0,0,0,24,48,1,48,35016,0.05,True,joint Ljung-Box and residual ACF rule,[],residual_acf,8,-0.30603262948263804,0.05,True
2020-01-01,2023-12-31,Austria,sarima_p0_d1_q0_P0_D0_Q0_s24,0,1,0,0,0,0,24,48,1,48,35016,0.05,True,joint Ljung-Box and residual ACF rule,[],residual_acf,9,-0.2531248683709745,0.05,True
2020-01-01,2023-12-31,Austria,sarima_p0_d1_q0_P0_D0_Q0_s24,0,1,0,0,0,0,24,48,1,48,35016,0.05,True,joint Ljung-Box and residual ACF rule,[],residual_acf,10,-0.18847005577024148,0.05,True
2020-01-01,2023-12-31,Austria,sarima_p0_d1_q0_P0_D0_Q0_s24,0,1,0,0,0,0,24,48,1,48,35016,0.05,True,joint Ljung-Box and residual ACF rule,[],residual_acf,11,-0.06624425765433044,0.05,True
2020-01-01,2023-12-31,Austria,sarima_p0_d1_q0_P0_D0_Q0_s24,0,1,0,0,0,0,24,48,1,48,35016,0.05,True,joint Ljung-Box and residual ACF rule,[],residual_acf,12,-0.032166549689729526,0.05,False
2020-01-01,2023-12-31,Austria,sarima_p0_d1_q0_P0_D0_Q0_s24,0,1,0,0,0,0,24,48,1,48,35016,0.05,True,joint Ljung-Box and residual ACF rule,[],residual_acf,13,-0.0747403911778062,0.05,True
2020-01-01,2023-12-31,Austria,sarima_p0_d1_q0_P0_D0_Q0_s24,0,1,0,0,0,0,24,48,1,48,35016,0.05,True,joint Ljung-Box and residual ACF rule,[],residual_acf,14,-0.20399075319670074,0.05,True
2020-01-01,2023-12-31,Austria,sarima_p0_d1_q0_P0_D0_Q0_s24,0,1,0,0,0,0,24,48,1,48,35016,0.05,True,joint Ljung-Box and residual ACF rule,[],residual_acf,15,-0.27257990038745805,0.05,True
2020-01-01,2023-12-31,Austria,sarima_p0_d1_q0_P0_D0_Q0_s24,0,1,0,0,0,0,24,48,1,48,35016,0.05,True,joint Ljung-Box and residual ACF rule,[],residual_acf,16,-0.3239288416755153,0.05,True
2020-01-01,2023-12-31,Austria,sarima_p0_d1_q0_P0_D0_Q0_s24,0,1,0,0,0,0,24,48,1,48,35016,0.05,True,joint Ljung-Box and residual ACF rule,[],residual_acf,17,-0.34399412821223774,0.05,True
2020-01-01,2023-12-31,Austria,sarima_p0_d1_q0_P0_D0_Q0_s24,0,1,0,0,0,0,24,48,1,48,35016,0.05,True,joint Ljung-Box and residual ACF rule,[],residual_acf,18,-0.30524670833537787,0.05,True
2020-01-01,2023-12-31,Austria,sarima_p0_d1_q0_P0_D0_Q0_s24,0,1,0,0,0,0,24,48,1,48,35016,0.05,True,joint Ljung-Box and residual ACF rule,[],residual_acf,19,-0.18443475811023494,0.05,True
2020-01-01,2023-12-31,Austria,sarima_p0_d1_q0_P0_D0_Q0_s24,0,1,0,0,0,0,24,48,1,48,35016,0.05,True,joint Ljung-Box and residual ACF rule,[],residual_acf,20,-0.024763074141859274,0.05,False
2020-01-01,2023-12-31,Austria,sarima_p0_d1_q0_P0_D0_Q0_s24,0,1,0,0,0,0,24,48,1,48,35016,0.05,True,joint Ljung-Box and residual ACF rule,[],residual_acf,21,0.14485926769091337,0.05,True
2020-01-01,2023-12-31,Austria,sarima_p0_d1_q0_P0_D0_Q0_s24,0,1,0,0,0,0,24,48,1,48,35016,0.05,True,joint Ljung-Box and residual ACF rule,[],residual_acf,22,0.41185541478575066,0.05,True
2020-01-01,2023-12-31,Austria,sarima_p0_d1_q0_P0_D0_Q0_s24,0,1,0,0,0,0,24,48,1,48,35016,0.05,True,joint Ljung-Box and residual ACF rule,[],residual_acf,23,0.6870461732778068,0.05,True
2020-01-01,2023-12-31,Austria,sarima_p0_d1_q0_P0_D0_Q0_s24,0,1,0,0,0,0,24,48,1,48,35016,0.05,True,joint Ljung-Box and residual ACF rule,[],residual_acf,24,0.8808155599517584,0.05,True
2020-01-01,2023-12-31,Austria,sarima_p0_d1_q0_P0_D0_Q0_s24,0,1,0,0,0,0,24,48,1,48,35016,0.05,True,joint Ljung-Box and residual ACF rule,[],residual_acf,25,0.6891220628711406,0.05,True
2020-01-01,2023-12-31,Austria,sarima_p0_d1_q0_P0_D0_Q0_s24,0,1,0,0,0,0,24,48,1,48,35016,0.05,True,joint Ljung-Box and residual ACF rule,[],residual_acf,26,0.41449303868068815,0.05,True
2020-01-01,2023-12-31,Austria,sarima_p0_d1_q0_P0_D0_Q0_s24,0,1,0,0,0,0,24,48,1,48,35016,0.05,True,joint Ljung-Box and residual ACF rule,[],residual_acf,27,0.14344282855254495,0.05,True
2020-01-01,2023-12-31,Austria,sarima_p0_d1_q0_P0_D0_Q0_s24,0,1,0,0,0,0,24,48,1,48,35016,0.05,True,joint Ljung-Box and residual ACF rule,[],residual_acf,28,-0.02996430568469648,0.05,False
2020-01-01,2023-12-31,Austria,sarima_p0_d1_q0_P0_D0_Q0_s24,0,1,0,0,0,0,24,48,1,48,35016,0.05,True,joint Ljung-Box and residual ACF rule,[],residual_acf,29,-0.1880747707378871,0.05,True
2020-01-01,2023-12-31,Austria,sarima_p0_d1_q0_P0_D0_Q0_s24,0,1,0,0,0,0,24,48,1,48,35016,0.05,True,joint Ljung-Box and residual ACF rule,[],residual_acf,30,-0.3019197637990369,0.05,True
2020-01-01,2023-12-31,Austria,sarima_p0_d1_q0_P0_D0_Q0_s24,0,1,0,0,0,0,24,48,1,48,35016,0.05,True,joint Ljung-Box and residual ACF rule,[],residual_acf,31,-0.32935438958772084,0.05,True
2020-01-01,2023-12-31,Austria,sarima_p0_d1_q0_P0_D0_Q0_s24,0,1,0,0,0,0,24,48,1,48,35016,0.05,True,joint Ljung-Box and residual ACF rule,[],residual_acf,32,-0.29562107054054193,0.05,True
2020-01-01,2023-12-31,Austria,sarima_p0_d1_q0_P0_D0_Q0_s24,0,1,0,0,0,0,24,48,1,48,35016,0.05,True,joint Ljung-Box and residual ACF rule,[],residual_acf,33,-0.2394992366549295,0.05,True
2020-01-01,2023-12-31,Austria,sarima_p0_d1_q0_P0_D0_Q0_s24,0,1,0,0,0,0,24,48,1,48,35016,0.05,True,joint Ljung-Box and residual ACF rule,[],residual_acf,34,-0.17644381525117675,0.05,True
2020-01-01,2023-12-31,Austria,sarima_p0_d1_q0_P0_D0_Q0_s24,0,1,0,0,0,0,24,48,1,48,35016,0.05,True,joint Ljung-Box and residual ACF rule,[],residual_acf,35,-0.06265903983321848,0.05,True
2020-01-01,2023-12-31,Austria,sarima_p0_d1_q0_P0_D0_Q0_s24,0,1,0,0,0,0,24,48,1,48,35016,0.05,True,joint Ljung-Box and residual ACF rule,[],residual_acf,36,-0.03339926114283286,0.05,False
2020-01-01,2023-12-31,Austria,sarima_p0_d1_q0_P0_D0_Q0_s24,0,1,0,0,0,0,24,48,1,48,35016,0.05,True,joint Ljung-Box and residual ACF rule,[],residual_acf,37,-0.0711801923710488,0.05,True
2020-01-01,2023-12-31,Austria,sarima_p0_d1_q0_P0_D0_Q0_s24,0,1,0,0,0,0,24,48,1,48,35016,0.05,True,joint Ljung-Box and residual ACF rule,[],residual_acf,38,-0.19096889448452148,0.05,True
2020-01-01,2023-12-31,Austria,sarima_p0_d1_q0_P0_D0_Q0_s24,0,1,0,0,0,0,24,48,1,48,35016,0.05,True,joint Ljung-Box and residual ACF rule,[],residual_acf,39,-0.2541969577617996,0.05,True
2020-01-01,2023-12-31,Austria,sarima_p0_d1_q0_P0_D0_Q0_s24,0,1,0,0,0,0,24,48,1,48,35016,0.05,True,joint Ljung-Box and residual ACF rule,[],residual_acf,40,-0.3090921206045197,0.05,True
2020-01-01,2023-12-31,Austria,sarima_p0_d1_q0_P0_D0_Q0_s24,0,1,0,0,0,0,24,48,1,48,35016,0.05,True,joint Ljung-Box and residual ACF rule,[],residual_acf,41,-0.33612760931193,0.05,True
2020-01-01,2023-12-31,Austria,sarima_p0_d1_q0_P0_D0_Q0_s24,0,1,0,0,0,0,24,48,1,48,35016,0.05,True,joint Ljung-Box and residual ACF rule,[],residual_acf,42,-0.2996457518284492,0.05,True
2020-01-01,2023-12-31,Austria,sarima_p0_d1_q0_P0_D0_Q0_s24,0,1,0,0,0,0,24,48,1,48,35016,0.05,True,joint Ljung-Box and residual ACF rule,[],residual_acf,43,-0.17876378435383072,0.05,True
2020-01-01,2023-12-31,Austria,sarima_p0_d1_q0_P0_D0_Q0_s24,0,1,0,0,0,0,24,48,1,48,35016,0.05,True,joint Ljung-Box and residual ACF rule,[],residual_acf,44,-0.017162956325795734,0.05,False
2020-01-01,2023-12-31,Austria,sarima_p0_d1_q0_P0_D0_Q0_s24,0,1,0,0,0,0,24,48,1,48,35016,0.05,True,joint Ljung-Box and residual ACF rule,[],residual_acf,45,0.1481184092398521,0.05,True
2020-01-01,2023-12-31,Austria,sarima_p0_d1_q0_P0_D0_Q0_s24,0,1,0,0,0,0,24,48,1,48,35016,0.05,True,joint Ljung-Box and residual ACF rule,[],residual_acf,46,0.39739526872038666,0.05,True
2020-01-01,2023-12-31,Austria,sarima_p0_d1_q0_P0_D0_Q0_s24,0,1,0,0,0,0,24,48,1,48,35016,0.05,True,joint Ljung-Box and residual ACF rule,[],residual_acf,47,0.6424040541692057,0.05,True
2020-01-01,2023-12-31,Austria,sarima_p0_d1_q0_P0_D0_Q0_s24,0,1,0,0,0,0,24,48,1,48,35016,0.05,True,joint Ljung-Box and residual ACF rule,[],residual_acf,48,0.8175448104123065,0.05,True
2020-01-01,2023-12-31,Austria,sarima_p0_d1_q0_P0_D0_Q0_s24,0,1,0,0,0,0,24,48,1,48,35016,0.05,True,joint Ljung-Box and residual ACF rule,[],ljung_box_statistic,24,110231.5205291053,0.05,True
2020-01-01,2023-12-31,Austria,sarima_p0_d1_q0_P0_D0_Q0_s24,0,1,0,0,0,0,24,48,1,48,35016,0.05,True,joint Ljung-Box and residual ACF rule,[],ljung_box_pvalue,24,0.0,0.05,True
2020-01-01,2023-12-31,Austria,sarima_p0_d1_q0_P0_D0_Q0_s24,0,1,0,0,0,0,24,48,1,48,35016,0.05,True,joint Ljung-Box and residual ACF rule,[],ljung_box_statistic,48,207749.67317352892,0.05,True
2020-01-01,2023-12-31,Austria,sarima_p0_d1_q0_P0_D0_Q0_s24,0,1,0,0,0,0,24,48,1,48,35016,0.05,True,joint Ljung-Box and residual ACF rule,[],ljung_box_pvalue,48,0.0,0.05,True
2020-01-01,2023-12-31,Austria,sarima_p1_d1_q0_P0_D0_Q0_s24,1,1,0,0,0,0,24,48,1,48,35016,0.05,True,joint Ljung-Box and residual ACF rule,[],residual_acf,1,0.24617831245209293,0.05,True
2020-01-01,2023-12-31,Austria,sarima_p1_d1_q0_P0_D0_Q0_s24,1,1,0,0,0,0,24,48,1,48,35016,0.05,True,joint Ljung-Box and residual ACF rule,[],residual_acf,2,0.02382422191367834,0.05,False
2020-01-01,2023-12-31,Austria,sarima_p1_d1_q0_P0_D0_Q0_s24,1,1,0,0,0,0,24,48,1,48,35016,0.05,True,joint Ljung-Box and residual ACF rule,[],residual_acf,3,-0.19359444220001204,0.05,True
2020-01-01,2023-12-31,Austria,sarima_p1_d1_q0_P0_D0_Q0_s24,1,1,0,0,0,0,24,48,1,48,35016,0.05,True,joint Ljung-Box and residual ACF rule,[],residual_acf,4,-0.04824498050279602,0.05,False
2020-01-01,2023-12-31,Austria,sarima_p1_d1_q0_P0_D0_Q0_s24,1,1,0,0,0,0,24,48,1,48,35016,0.05,True,joint Ljung-Box and residual ACF rule,[],residual_acf,5,-0.106471469492034,0.05,True
2020-01-01,2023-12-31,Austria,sarima_p1_d1_q0_P0_D0_Q0_s24,1,1,0,0,0,0,24,48,1,48,35016,0.05,True,joint Ljung-Box and residual ACF rule,[],residual_acf,6,-0.19364166109047928,0.05,True
2020-01-01,2023-12-31,Austria,sarima_p1_d1_q0_P0_D0_Q0_s24,1,1,0,0,0,0,24,48,1,48,35016,0.05,True,joint Ljung-Box and residual ACF rule,[],residual_acf,7,-0.14344571171620624,0.05,True
2020-01-01,2023-12-31,Austria,sarima_p1_d1_q0_P0_D0_Q0_s24,1,1,0,0,0,0,24,48,1,48,35016,0.05,True,joint Ljung-Box and residual ACF rule,[],residual_acf,8,-0.08851676166862552,0.05,True
2020-01-01,2023-12-31,Austria,sarima_p1_d1_q0_P0_D0_Q0_s24,1,1,0,0,0,0,24,48,1,48,35016,0.05,True,joint Ljung-Box and residual ACF rule,[],residual_acf,9,-0.05568202071947571,0.05,True
2020-01-01,2023-12-31,Austria,sarima_p1_d1_q0_P0_D0_Q0_s24,1,1,0,0,0,0,24,48,1,48,35016,0.05,True,joint Ljung-Box and residual ACF rule,[],residual_acf,10,-0.12946925553111702,0.05,True
2020-01-01,2023-12-31,Austria,sarima_p1_d1_q0_P0_D0_Q0_s24,1,1,0,0,0,0,24,48,1,48,35016,0.05,True,joint Ljung-Box and residual ACF rule,[],residual_acf,11,0.14985434186396474,0.05,True
2020-01-01,2023-12-31,Austria,sarima_p1_d1_q0_P0_D0_Q0_s24,1,1,0,0,0,0,24,48,1,48,35016,0.05,True,joint Ljung-Box and residual ACF rule,[],residual_acf,12,0.13377095517492155,0.05,True
2020-01-01,2023-12-31,Austria,sarima_p1_d1_q0_P0_D0_Q0_s24,1,1,0,0,0,0,24,48,1,48,35016,0.05,True,joint Ljung-Box and residual ACF rule,[],residual_acf,13,0.14607009023920928,0.05,True
2020-01-01,2023-12-31,Austria,sarima_p1_d1_q0_P0_D0_Q0_s24,1,1,0,0,0,0,24,48,1,48,35016,0.05,True,joint Ljung-Box and residual ACF rule,[],residual_acf,14,-0.13712222848704117,0.05,True
2020-01-01,2023-12-31,Austria,sarima_p1_d1_q0_P0_D0_Q0_s24,1,1,0,0,0,0,24,48,1,48,35016,0.05,True,joint Ljung-Box and residual ACF rule,[],residual_acf,15,-0.06818714572750302,0.05,True
2020-01-01,2023-12-31,Austria,sarima_p1_d1_q0_P0_D0_Q0_s24,1,1,0,0,0,0,24,48,1,48,35016,0.05,True,joint Ljung-Box and residual ACF rule,[],residual_acf,16,-0.10046031387281827,0.05,True
2020-01-01,2023-12-31,Austria,sarima_p1_d1_q0_P0_D0_Q0_s24,1,1,0,0,0,0,24,48,1,48,35016,0.05,True,joint Ljung-Box and residual ACF rule,[],residual_acf,17,-0.15288796201401725,0.05,True
2020-01-01,2023-12-31,Austria,sarima_p1_d1_q0_P0_D0_Q0_s24,1,1,0,0,0,0,24,48,1,48,35016,0.05,True,joint Ljung-Box and residual ACF rule,[],residual_acf,18,-0.18958798887993578,0.05,True
2020-01-01,2023-12-31,Austria,sarima_p1_d1_q0_P0_D0_Q0_s24,1,1,0,0,0,0,24,48,1,48,35016,0.05,True,joint Ljung-Box and residual ACF rule,[],residual_acf,19,-0.09525385128235078,0.05,True
2020-01-01,2023-12-31,Austria,sarima_p1_d1_q0_P0_D0_Q0_s24,1,1,0,0,0,0,24,48,1,48,35016,0.05,True,joint Ljung-Box and residual ACF rule,[],residual_acf,20,-0.021365185313480008,0.05,False
2020-01-01,2023-12-31,Austria,sarima_p1_d1_q0_P0_D0_Q0_s24,1,1,0,0,0,0,24,48,1,48,35016,0.05,True,joint Ljung-Box and residual ACF rule,[],residual_acf,21,-0.1558088302432254,0.05,True
2020-01-01,2023-12-31,Austria,sarima_p1_d1_q0_P0_D0_Q0_s24,1,1,0,0,0,0,24,48,1,48,35016,0.05,True,joint Ljung-Box and residual ACF rule,[],residual_acf,22,0.04135059994939227,0.05,False
2020-01-01,2023-12-31,Austria,sarima_p1_d1_q0_P0_D0_Q0_s24,1,1,0,0,0,0,24,48,1,48,35016,0.05,True,joint Ljung-Box and residual ACF rule,[],residual_acf,23,0.24028699228539582,0.05,True
2020-01-01,2023-12-31,Austria,sarima_p1_d1_q0_P0_D0_Q0_s24,1,1,0,0,0,0,24,48,1,48,35016,0.05,True,joint Ljung-Box and residual ACF rule,[],residual_acf,24,0.8148168762103635,0.05,True
2020-01-01,2023-12-31,Austria,sarima_p1_d1_q0_P0_D0_Q0_s24,1,1,0,0,0,0,24,48,1,48,35016,0.05,True,joint Ljung-Box and residual ACF rule,[],residual_acf,25,0.24339837297874165,0.05,True
2020-01-01,2023-12-31,Austria,sarima_p1_d1_q0_P0_D0_Q0_s24,1,1,0,0,0,0,24,48,1,48,35016,0.05,True,joint Ljung-Box and residual ACF rule,[],residual_acf,26,0.04998736402737146,0.05,False
2020-01-01,2023-12-31,Austria,sarima_p1_d1_q0_P0_D0_Q0_s24,1,1,0,0,0,0,24,48,1,48,35016,0.05,True,joint Ljung-Box and residual ACF rule,[],residual_acf,27,-0.15647161055178502,0.05,True
2020-01-01,2023-12-31,Austria,sarima_p1_d1_q0_P0_D0_Q0_s24,1,1,0,0,0,0,24,48,1,48,35016,0.05,True,joint Ljung-Box and residual ACF rule,[],residual_acf,28,-0.03160448061009967,0.05,False
2020-01-01,2023-12-31,Austria,sarima_p1_d1_q0_P0_D0_Q0_s24,1,1,0,0,0,0,24,48,1,48,35016,0.05,True,joint Ljung-Box and residual ACF rule,[],residual_acf,29,-0.10534210386684113,0.05,True
2020-01-01,2023-12-31,Austria,sarima_p1_d1_q0_P0_D0_Q0_s24,1,1,0,0,0,0,24,48,1,48,35016,0.05,True,joint Ljung-Box and residual ACF rule,[],residual_acf,30,-0.19680771059831018,0.05,True
2020-01-01,2023-12-31,Austria,sarima_p1_d1_q0_P0_D0_Q0_s24,1,1,0,0,0,0,24,48,1,48,35016,0.05,True,joint Ljung-Box and residual ACF rule,[],residual_acf,31,-0.15506289800814513,0.05,True
2020-01-01,2023-12-31,Austria,sarima_p1_d1_q0_P0_D0_Q0_s24,1,1,0,0,0,0,24,48,1,48,35016,0.05,True,joint Ljung-Box and residual ACF rule,[],residual_acf,32,-0.08062286069127227,0.05,True
2020-01-01,2023-12-31,Austria,sarima_p1_d1_q0_P0_D0_Q0_s24,1,1,0,0,0,0,24,48,1,48,35016,0.05,True,joint Ljung-Box and residual ACF rule,[],residual_acf,33,-0.04516126018182221,0.05,False
2020-01-01,2023-12-31,Austria,sarima_p1_d1_q0_P0_D0_Q0_s24,1,1,0,0,0,0,24,48,1,48,35016,0.05,True,joint Ljung-Box and residual ACF rule,[],residual_acf,34,-0.11552829898047705,0.05,True
2020-01-01,2023-12-31,Austria,sarima_p1_d1_q0_P0_D0_Q0_s24,1,1,0,0,0,0,24,48,1,48,35016,0.05,True,joint Ljung-Box and residual ACF rule,[],residual_acf,35,0.14383299017670015,0.05,True
2020-01-01,2023-12-31,Austria,sarima_p1_d1_q0_P0_D0_Q0_s24,1,1,0,0,0,0,24,48,1,48,35016,0.05,True,joint Ljung-Box and residual ACF rule,[],residual_acf,36,0.11628976235117722,0.05,True
2020-01-01,2023-12-31,Austria,sarima_p1_d1_q0_P0_D0_Q0_s24,1,1,0,0,0,0,24,48,1,48,35016,0.05,True,joint Ljung-Box and residual ACF rule,[],residual_acf,37,0.13813142498160483,0.05,True
2020-01-01,2023-12-31,Austria,sarima_p1_d1_q0_P0_D0_Q0_s24,1,1,0,0,0,0,24,48,1,48,35016,0.05,True,joint Ljung-Box and residual ACF rule,[],residual_acf,38,-0.12794440951737823,0.05,True
2020-01-01,2023-12-31,Austria,sarima_p1_d1_q0_P0_D0_Q0_s24,1,1,0,0,0,0,24,48,1,48,35016,0.05,True,joint Ljung-Box and residual ACF rule,[],residual_acf,39,-0.049613349663135145,0.05,False
2020-01-01,2023-12-31,Austria,sarima_p1_d1_q0_P0_D0_Q0_s24,1,1,0,0,0,0,24,48,1,48,35016,0.05,True,joint Ljung-Box and residual ACF rule,[],residual_acf,40,-0.09229343514581577,0.05,True
2020-01-01,2023-12-31,Austria,sarima_p1_d1_q0_P0_D0_Q0_s24,1,1,0,0,0,0,24,48,1,48,35016,0.05,True,joint Ljung-Box and residual ACF rule,[],residual_acf,41,-0.16030176071487362,0.05,True
2020-01-01,2023-12-31,Austria,sarima_p1_d1_q0_P0_D0_Q0_s24,1,1,0,0,0,0,24,48,1,48,35016,0.05,True,joint Ljung-Box and residual ACF rule,[],residual_acf,42,-0.19302336422008382,0.05,True
2020-01-01,2023-12-31,Austria,sarima_p1_d1_q0_P0_D0_Q0_s24,1,1,0,0,0,0,24,48,1,48,35016,0.05,True,joint Ljung-Box and residual ACF rule,[],residual_acf,43,-0.0978323640638248,0.05,True
2020-01-01,2023-12-31,Austria,sarima_p1_d1_q0_P0_D0_Q0_s24,1,1,0,0,0,0,24,48,1,48,35016,0.05,True,joint Ljung-Box and residual ACF rule,[],residual_acf,44,-0.009001975109580538,0.05,False
2020-01-01,2023-12-31,Austria,sarima_p1_d1_q0_P0_D0_Q0_s24,1,1,0,0,0,0,24,48,1,48,35016,0.05,True,joint Ljung-Box and residual ACF rule,[],residual_acf,45,-0.13126524109164459,0.05,True
2020-01-01,2023-12-31,Austria,sarima_p1_d1_q0_P0_D0_Q0_s24,1,1,0,0,0,0,24,48,1,48,35016,0.05,True,joint Ljung-Box and residual ACF rule,[],residual_acf,46,0.06186221792213362,0.05,True
2020-01-01,2023-12-31,Austria,sarima_p1_d1_q0_P0_D0_Q0_s24,1,1,0,0,0,0,24,48,1,48,35016,0.05,True,joint Ljung-Box and residual ACF rule,[],residual_acf,47,0.21337575981268622,0.05,True
2020-01-01,2023-12-31,Austria,sarima_p1_d1_q0_P0_D0_Q0_s24,1,1,0,0,0,0,24,48,1,48,35016,0.05,True,joint Ljung-Box and residual ACF rule,[],residual_acf,48,0.7415352701909289,0.05,True
2020-01-01,2023-12-31,Austria,sarima_p1_d1_q0_P0_D0_Q0_s24,1,1,0,0,0,0,24,48,1,48,35016,0.05,True,joint Ljung-Box and residual ACF rule,[],ljung_box_statistic,24,38884.69298477933,0.05,True
2020-01-01,2023-12-31,Austria,sarima_p1_d1_q0_P0_D0_Q0_s24,1,1,0,0,0,0,24,48,1,48,35016,0.05,True,joint Ljung-Box and residual ACF rule,[],ljung_box_pvalue,24,0.0,0.05,True
2020-01-01,2023-12-31,Austria,sarima_p1_d1_q0_P0_D0_Q0_s24,1,1,0,0,0,0,24,48,1,48,35016,0.05,True,joint Ljung-Box and residual ACF rule,[],ljung_box_statistic,48,72286.86717171424,0.05,True
2020-01-01,2023-12-31,Austria,sarima_p1_d1_q0_P0_D0_Q0_s24,1,1,0,0,0,0,24,48,1,48,35016,0.05,True,joint Ljung-Box and residual ACF rule,[],ljung_box_pvalue,48,0.0,0.05,True
2020-01-01,2023-12-31,Austria,sarima_p0_d1_q1_P0_D0_Q0_s24,0,1,1,0,0,0,24,48,1,48,35016,0.05,True,joint Ljung-Box and residual ACF rule,[],residual_acf,1,0.3301242993028755,0.05,True
2020-01-01,2023-12-31,Austria,sarima_p0_d1_q1_P0_D0_Q0_s24,0,1,1,0,0,0,24,48,1,48,35016,0.05,True,joint Ljung-Box and residual ACF rule,[],residual_acf,2,0.4421723735017678,0.05,True
2020-01-01,2023-12-31,Austria,sarima_p0_d1_q1_P0_D0_Q0_s24,0,1,1,0,0,0,24,48,1,48,35016,0.05,True,joint Ljung-Box and residual ACF rule,[],residual_acf,3,-0.03961980430140499,0.05,False
2020-01-01,2023-12-31,Austria,sarima_p0_d1_q1_P0_D0_Q0_s24,0,1,1,0,0,0,24,48,1,48,35016,0.05,True,joint Ljung-Box and residual ACF rule,[],residual_acf,4,0.05162153403418392,0.05,True
2020-01-01,2023-12-31,Austria,sarima_p0_d1_q1_P0_D0_Q0_s24,0,1,1,0,0,0,24,48,1,48,35016,0.05,True,joint Ljung-Box and residual ACF rule,[],residual_acf,5,-0.17905705721402385,0.05,True
2020-01-01,2023-12-31,Austria,sarima_p0_d1_q1_P0_D0_Q0_s24,0,1,1,0,0,0,24,48,1,48,35016,0.05,True,joint Ljung-Box and residual ACF rule,[],residual_acf,6,-0.21111339500565185,0.05,True
2020-01-01,2023-12-31,Austria,sarima_p0_d1_q1_P0_D0_Q0_s24,0,1,1,0,0,0,24,48,1,48,35016,0.05,True,joint Ljung-Box and residual ACF rule,[],residual_acf,7,-0.2287041041545182,0.05,True
2020-01-01,2023-12-31,Austria,sarima_p0_d1_q1_P0_D0_Q0_s24,0,1,1,0,0,0,24,48,1,48,35016,0.05,True,joint Ljung-Box and residual ACF rule,[],residual_acf,8,-0.23646501466085812,0.05,True
2020-01-01,2023-12-31,Austria,sarima_p0_d1_q1_P0_D0_Q0_s24,0,1,1,0,0,0,24,48,1,48,35016,0.05,True,joint Ljung-Box and residual ACF rule,[],residual_acf,9,-0.12530692229124824,0.05,True
2020-01-01,2023-12-31,Austria,sarima_p0_d1_q1_P0_D0_Q0_s24,0,1,1,0,0,0,24,48,1,48,35016,0.05,True,joint Ljung-Box and residual ACF rule,[],residual_acf,10,-0.20990955983153556,0.05,True
2020-01-01,2023-12-31,Austria,sarima_p0_d1_q1_P0_D0_Q0_s24,0,1,1,0,0,0,24,48,1,48,35016,0.05,True,joint Ljung-Box and residual ACF rule,[],residual_acf,11,0.04772592680641318,0.05,False
2020-01-01,2023-12-31,Austria,sarima_p0_d1_q1_P0_D0_Q0_s24,0,1,1,0,0,0,24,48,1,48,35016,0.05,True,joint Ljung-Box and residual ACF rule,[],residual_acf,12,-0.08286431794588363,0.05,True
2020-01-01,2023-12-31,Austria,sarima_p0_d1_q1_P0_D0_Q0_s24,0,1,1,0,0,0,24,48,1,48,35016,0.05,True,joint Ljung-Box and residual ACF rule,[],residual_acf,13,0.041788901645387136,0.05,False
2020-01-01,2023-12-31,Austria,sarima_p0_d1_q1_P0_D0_Q0_s24,0,1,1,0,0,0,24,48,1,48,35016,0.05,True,joint Ljung-Box and residual ACF rule,[],residual_acf,14,-0.2211256595273503,0.05,True
2020-01-01,2023-12-31,Austria,sarima_p0_d1_q1_P0_D0_Q0_s24,0,1,1,0,0,0,24,48,1,48,35016,0.05,True,joint Ljung-Box and residual ACF rule,[],residual_acf,15,-0.13907347962053113,0.05,True
2020-01-01,2023-12-31,Austria,sarima_p0_d1_q1_P0_D0_Q0_s24,0,1,1,0,0,0,24,48,1,48,35016,0.05,True,joint Ljung-Box and residual ACF rule,[],residual_acf,16,-0.25060339478806126,0.05,True
2020-01-01,2023-12-31,Austria,sarima_p0_d1_q1_P0_D0_Q0_s24,0,1,1,0,0,0,24,48,1,48,35016,0.05,True,joint Ljung-Box and residual ACF rule,[],residual_acf,17,-0.23502266256169616,0.05,True
2020-01-01,2023-12-31,Austria,sarima_p0_d1_q1_P0_D0_Q0_s24,0,1,1,0,0,0,24,48,1,48,35016,0.05,True,joint Ljung-Box and residual ACF rule,[],residual_acf,18,-0.21464155168927618,0.05,True
2020-01-01,2023-12-31,Austria,sarima_p0_d1_q1_P0_D0_Q0_s24,0,1,1,0,0,0,24,48,1,48,35016,0.05,True,joint Ljung-Box and residual ACF rule,[],residual_acf,19,-0.16456849651092303,0.05,True
2020-01-01,2023-12-31,Austria,sarima_p0_d1_q1_P0_D0_Q0_s24,0,1,1,0,0,0,24,48,1,48,35016,0.05,True,joint Ljung-Box and residual ACF rule,[],residual_acf,20,0.049327724267106736,0.05,False
2020-01-01,2023-12-31,Austria,sarima_p0_d1_q1_P0_D0_Q0_s24,0,1,1,0,0,0,24,48,1,48,35016,0.05,True,joint Ljung-Box and residual ACF rule,[],residual_acf,21,-0.013794862186528783,0.05,False
2020-01-01,2023-12-31,Austria,sarima_p0_d1_q1_P0_D0_Q0_s24,0,1,1,0,0,0,24,48,1,48,35016,0.05,True,joint Ljung-Box and residual ACF rule,[],residual_acf,22,0.3928877182859381,0.05,True
2020-01-01,2023-12-31,Austria,sarima_p0_d1_q1_P0_D0_Q0_s24,0,1,1,0,0,0,24,48,1,48,35016,0.05,True,joint Ljung-Box and residual ACF rule,[],residual_acf,23,0.3271491357019928,0.05,True
2020-01-01,2023-12-31,Austria,sarima_p0_d1_q1_P0_D0_Q0_s24,0,1,1,0,0,0,24,48,1,48,35016,0.05,True,joint Ljung-Box and residual ACF rule,[],residual_acf,24,0.8470658807592314,0.05,True
2020-01-01,2023-12-31,Austria,sarima_p0_d1_q1_P0_D0_Q0_s24,0,1,1,0,0,0,24,48,1,48,35016,0.05,True,joint Ljung-Box and residual ACF rule,[],residual_acf,25,0.3281397348742497,0.05,True
2020-01-01,2023-12-31,Austria,sarima_p0_d1_q1_P0_D0_Q0_s24,0,1,1,0,0,0,24,48,1,48,35016,0.05,True,joint Ljung-Box and residual ACF rule,[],residual_acf,26,0.3966871849742949,0.05,True
2020-01-01,2023-12-31,Austria,sarima_p0_d1_q1_P0_D0_Q0_s24,0,1,1,0,0,0,24,48,1,48,35016,0.05,True,joint Ljung-Box and residual ACF rule,[],residual_acf,27,-0.015585507185197195,0.05,False
2020-01-01,2023-12-31,Austria,sarima_p0_d1_q1_P0_D0_Q0_s24,0,1,1,0,0,0,24,48,1,48,35016,0.05,True,joint Ljung-Box and residual ACF rule,[],residual_acf,28,0.04553083142078336,0.05,False
2020-01-01,2023-12-31,Austria,sarima_p0_d1_q1_P0_D0_Q0_s24,0,1,1,0,0,0,24,48,1,48,35016,0.05,True,joint Ljung-Box and residual ACF rule,[],residual_acf,29,-0.16908932428047746,0.05,True
2020-01-01,2023-12-31,Austria,sarima_p0_d1_q1_P0_D0_Q0_s24,0,1,1,0,0,0,24,48,1,48,35016,0.05,True,joint Ljung-Box and residual ACF rule,[],residual_acf,30,-0.21108839739927224,0.05,True
2020-01-01,2023-12-31,Austria,sarima_p0_d1_q1_P0_D0_Q0_s24,0,1,1,0,0,0,24,48,1,48,35016,0.05,True,joint Ljung-Box and residual ACF rule,[],residual_acf,31,-0.22862028187257058,0.05,True
2020-01-01,2023-12-31,Austria,sarima_p0_d1_q1_P0_D0_Q0_s24,0,1,1,0,0,0,24,48,1,48,35016,0.05,True,joint Ljung-Box and residual ACF rule,[],residual_acf,32,-0.2264046029705216,0.05,True
2020-01-01,2023-12-31,Austria,sarima_p0_d1_q1_P0_D0_Q0_s24,0,1,1,0,0,0,24,48,1,48,35016,0.05,True,joint Ljung-Box and residual ACF rule,[],residual_acf,33,-0.11776020840191997,0.05,True
2020-01-01,2023-12-31,Austria,sarima_p0_d1_q1_P0_D0_Q0_s24,0,1,1,0,0,0,24,48,1,48,35016,0.05,True,joint Ljung-Box and residual ACF rule,[],residual_acf,34,-0.19770054722510422,0.05,True
2020-01-01,2023-12-31,Austria,sarima_p0_d1_q1_P0_D0_Q0_s24,0,1,1,0,0,0,24,48,1,48,35016,0.05,True,joint Ljung-Box and residual ACF rule,[],residual_acf,35,0.04773312369388733,0.05,False
2020-01-01,2023-12-31,Austria,sarima_p0_d1_q1_P0_D0_Q0_s24,0,1,1,0,0,0,24,48,1,48,35016,0.05,True,joint Ljung-Box and residual ACF rule,[],residual_acf,36,-0.08481319299866284,0.05,True
2020-01-01,2023-12-31,Austria,sarima_p0_d1_q1_P0_D0_Q0_s24,0,1,1,0,0,0,24,48,1,48,35016,0.05,True,joint Ljung-Box and residual ACF rule,[],residual_acf,37,0.04259691251619775,0.05,False
2020-01-01,2023-12-31,Austria,sarima_p0_d1_q1_P0_D0_Q0_s24,0,1,1,0,0,0,24,48,1,48,35016,0.05,True,joint Ljung-Box and residual ACF rule,[],residual_acf,38,-0.21078307390476306,0.05,True
2020-01-01,2023-12-31,Austria,sarima_p0_d1_q1_P0_D0_Q0_s24,0,1,1,0,0,0,24,48,1,48,35016,0.05,True,joint Ljung-Box and residual ACF rule,[],residual_acf,39,-0.12540272020199184,0.05,True
2020-01-01,2023-12-31,Austria,sarima_p0_d1_q1_P0_D0_Q0_s24,0,1,1,0,0,0,24,48,1,48,35016,0.05,True,joint Ljung-Box and residual ACF rule,[],residual_acf,40,-0.23851240388063263,0.05,True
2020-01-01,2023-12-31,Austria,sarima_p0_d1_q1_P0_D0_Q0_s24,0,1,1,0,0,0,24,48,1,48,35016,0.05,True,joint Ljung-Box and residual ACF rule,[],residual_acf,41,-0.23293204001207551,0.05,True
2020-01-01,2023-12-31,Austria,sarima_p0_d1_q1_P0_D0_Q0_s24,0,1,1,0,0,0,24,48,1,48,35016,0.05,True,joint Ljung-Box and residual ACF rule,[],residual_acf,42,-0.20894849180357342,0.05,True
2020-01-01,2023-12-31,Austria,sarima_p0_d1_q1_P0_D0_Q0_s24,0,1,1,0,0,0,24,48,1,48,35016,0.05,True,joint Ljung-Box and residual ACF rule,[],residual_acf,43,-0.16318213811173987,0.05,True
2020-01-01,2023-12-31,Austria,sarima_p0_d1_q1_P0_D0_Q0_s24,0,1,1,0,0,0,24,48,1,48,35016,0.05,True,joint Ljung-Box and residual ACF rule,[],residual_acf,44,0.056732765368960325,0.05,True
2020-01-01,2023-12-31,Austria,sarima_p0_d1_q1_P0_D0_Q0_s24,0,1,1,0,0,0,24,48,1,48,35016,0.05,True,joint Ljung-Box and residual ACF rule,[],residual_acf,45,-0.009693757196575828,0.05,False
2020-01-01,2023-12-31,Austria,sarima_p0_d1_q1_P0_D0_Q0_s24,0,1,1,0,0,0,24,48,1,48,35016,0.05,True,joint Ljung-Box and residual ACF rule,[],residual_acf,46,0.385819734898468,0.05,True
2020-01-01,2023-12-31,Austria,sarima_p0_d1_q1_P0_D0_Q0_s24,0,1,1,0,0,0,24,48,1,48,35016,0.05,True,joint Ljung-Box and residual ACF rule,[],residual_acf,47,0.2973775476915397,0.05,True
2020-01-01,2023-12-31,Austria,sarima_p0_d1_q1_P0_D0_Q0_s24,0,1,1,0,0,0,24,48,1,48,35016,0.05,True,joint Ljung-Box and residual ACF rule,[],residual_acf,48,0.7921673714492004,0.05,True
2020-01-01,2023-12-31,Austria,sarima_p0_d1_q1_P0_D0_Q0_s24,0,1,1,0,0,0,24,48,1,48,35016,0.05,True,joint Ljung-Box and residual ACF rule,[],ljung_box_statistic,24,63244.371350370966,0.05,True
2020-01-01,2023-12-31,Austria,sarima_p0_d1_q1_P0_D0_Q0_s24,0,1,1,0,0,0,24,48,1,48,35016,0.05,True,joint Ljung-Box and residual ACF rule,[],ljung_box_pvalue,24,0.0,0.05,True
2020-01-01,2023-12-31,Austria,sarima_p0_d1_q1_P0_D0_Q0_s24,0,1,1,0,0,0,24,48,1,48,35016,0.05,True,joint Ljung-Box and residual ACF rule,[],ljung_box_statistic,48,119968.67942285478,0.05,True
2020-01-01,2023-12-31,Austria,sarima_p0_d1_q1_P0_D0_Q0_s24,0,1,1,0,0,0,24,48,1,48,35016,0.05,True,joint Ljung-Box and residual ACF rule,[],ljung_box_pvalue,48,0.0,0.05,True
2020-01-01,2023-12-31,Austria,sarima_p1_d1_q1_P0_D0_Q0_s24,1,1,1,0,0,0,24,48,1,48,35016,0.05,True,joint Ljung-Box and residual ACF rule,[],residual_acf,1,0.04735792366044967,0.05,False
2020-01-01,2023-12-31,Austria,sarima_p1_d1_q1_P0_D0_Q0_s24,1,1,1,0,0,0,24,48,1,48,35016,0.05,True,joint Ljung-Box and residual ACF rule,[],residual_acf,2,0.12260367702902539,0.05,True
2020-01-01,2023-12-31,Austria,sarima_p1_d1_q1_P0_D0_Q0_s24,1,1,1,0,0,0,24,48,1,48,35016,0.05,True,joint Ljung-Box and residual ACF rule,[],residual_acf,3,-0.18262959492443429,0.05,True
2020-01-01,2023-12-31,Austria,sarima_p1_d1_q1_P0_D0_Q0_s24,1,1,1,0,0,0,24,48,1,48,35016,0.05,True,joint Ljung-Box and residual ACF rule,[],residual_acf,4,0.02004373561505527,0.05,False
2020-01-01,2023-12-31,Austria,sarima_p1_d1_q1_P0_D0_Q0_s24,1,1,1,0,0,0,24,48,1,48,35016,0.05,True,joint Ljung-Box and residual ACF rule,[],residual_acf,5,-0.08553693202886947,0.05,True
2020-01-01,2023-12-31,Austria,sarima_p1_d1_q1_P0_D0_Q0_s24,1,1,1,0,0,0,24,48,1,48,35016,0.05,True,joint Ljung-Box and residual ACF rule,[],residual_acf,6,-0.16571037804956332,0.05,True
2020-01-01,2023-12-31,Austria,sarima_p1_d1_q1_P0_D0_Q0_s24,1,1,1,0,0,0,24,48,1,48,35016,0.05,True,joint Ljung-Box and residual ACF rule,[],residual_acf,7,-0.11109016520064213,0.05,True
2020-01-01,2023-12-31,Austria,sarima_p1_d1_q1_P0_D0_Q0_s24,1,1,1,0,0,0,24,48,1,48,35016,0.05,True,joint Ljung-Box and residual ACF rule,[],residual_acf,8,-0.09090997282594117,0.05,True
2020-01-01,2023-12-31,Austria,sarima_p1_d1_q1_P0_D0_Q0_s24,1,1,1,0,0,0,24,48,1,48,35016,0.05,True,joint Ljung-Box and residual ACF rule,[],residual_acf,9,-0.019844228076127228,0.05,False
2020-01-01,2023-12-31,Austria,sarima_p1_d1_q1_P0_D0_Q0_s24,1,1,1,0,0,0,24,48,1,48,35016,0.05,True,joint Ljung-Box and residual ACF rule,[],residual_acf,10,-0.17609245921566963,0.05,True
2020-01-01,2023-12-31,Austria,sarima_p1_d1_q1_P0_D0_Q0_s24,1,1,1,0,0,0,24,48,1,48,35016,0.05,True,joint Ljung-Box and residual ACF rule,[],residual_acf,11,0.15635945052718175,0.05,True
2020-01-01,2023-12-31,Austria,sarima_p1_d1_q1_P0_D0_Q0_s24,1,1,1,0,0,0,24,48,1,48,35016,0.05,True,joint Ljung-Box and residual ACF rule,[],residual_acf,12,0.03333924007225684,0.05,False
2020-01-01,2023-12-31,Austria,sarima_p1_d1_q1_P0_D0_Q0_s24,1,1,1,0,0,0,24,48,1,48,35016,0.05,True,joint Ljung-Box and residual ACF rule,[],residual_acf,13,0.15318763469856037,0.05,True
2020-01-01,2023-12-31,Austria,sarima_p1_d1_q1_P0_D0_Q0_s24,1,1,1,0,0,0,24,48,1,48,35016,0.05,True,joint Ljung-Box and residual ACF rule,[],residual_acf,14,-0.18171555368480274,0.05,True
2020-01-01,2023-12-31,Austria,sarima_p1_d1_q1_P0_D0_Q0_s24,1,1,1,0,0,0,24,48,1,48,35016,0.05,True,joint Ljung-Box and residual ACF rule,[],residual_acf,15,-0.030208503256357513,0.05,False
2020-01-01,2023-12-31,Austria,sarima_p1_d1_q1_P0_D0_Q0_s24,1,1,1,0,0,0,24,48,1,48,35016,0.05,True,joint Ljung-Box and residual ACF rule,[],residual_acf,16,-0.09916638584673784,0.05,True
2020-01-01,2023-12-31,Austria,sarima_p1_d1_q1_P0_D0_Q0_s24,1,1,1,0,0,0,24,48,1,48,35016,0.05,True,joint Ljung-Box and residual ACF rule,[],residual_acf,17,-0.12001822019254779,0.05,True
2020-01-01,2023-12-31,Austria,sarima_p1_d1_q1_P0_D0_Q0_s24,1,1,1,0,0,0,24,48,1,48,35016,0.05,True,joint Ljung-Box and residual ACF rule,[],residual_acf,18,-0.16146738022107085,0.05,True
2020-01-01,2023-12-31,Austria,sarima_p1_d1_q1_P0_D0_Q0_s24,1,1,1,0,0,0,24,48,1,48,35016,0.05,True,joint Ljung-Box and residual ACF rule,[],residual_acf,19,-0.07956852607553778,0.05,True
2020-01-01,2023-12-31,Austria,sarima_p1_d1_q1_P0_D0_Q0_s24,1,1,1,0,0,0,24,48,1,48,35016,0.05,True,joint Ljung-Box and residual ACF rule,[],residual_acf,20,0.036077112669186444,0.05,False
2020-01-01,2023-12-31,Austria,sarima_p1_d1_q1_P0_D0_Q0_s24,1,1,1,0,0,0,24,48,1,48,35016,0.05,True,joint Ljung-Box and residual ACF rule,[],residual_acf,21,-0.15205815409618947,0.05,True
2020-01-01,2023-12-31,Austria,sarima_p1_d1_q1_P0_D0_Q0_s24,1,1,1,0,0,0,24,48,1,48,35016,0.05,True,joint Ljung-Box and residual ACF rule,[],residual_acf,22,0.11675690434415617,0.05,True
2020-01-01,2023-12-31,Austria,sarima_p1_d1_q1_P0_D0_Q0_s24,1,1,1,0,0,0,24,48,1,48,35016,0.05,True,joint Ljung-Box and residual ACF rule,[],residual_acf,23,0.0823013198589656,0.05,True
2020-01-01,2023-12-31,Austria,sarima_p1_d1_q1_P0_D0_Q0_s24,1,1,1,0,0,0,24,48,1,48,35016,0.05,True,joint Ljung-Box and residual ACF rule,[],residual_acf,24,0.8025668809890715,0.05,True
2020-01-01,2023-12-31,Austria,sarima_p1_d1_q1_P0_D0_Q0_s24,1,1,1,0,0,0,24,48,1,48,35016,0.05,True,joint Ljung-Box and residual ACF rule,[],residual_acf,25,0.08338005623518875,0.05,True
2020-01-01,2023-12-31,Austria,sarima_p1_d1_q1_P0_D0_Q0_s24,1,1,1,0,0,0,24,48,1,48,35016,0.05,True,joint Ljung-Box and residual ACF rule,[],residual_acf,26,0.12459427910298428,0.05,True
2020-01-01,2023-12-31,Austria,sarima_p1_d1_q1_P0_D0_Q0_s24,1,1,1,0,0,0,24,48,1,48,35016,0.05,True,joint Ljung-Box and residual ACF rule,[],residual_acf,27,-0.15283481036428367,0.05,True
2020-01-01,2023-12-31,Austria,sarima_p1_d1_q1_P0_D0_Q0_s24,1,1,1,0,0,0,24,48,1,48,35016,0.05,True,joint Ljung-Box and residual ACF rule,[],residual_acf,28,0.028251137261612824,0.05,False
2020-01-01,2023-12-31,Austria,sarima_p1_d1_q1_P0_D0_Q0_s24,1,1,1,0,0,0,24,48,1,48,35016,0.05,True,joint Ljung-Box and residual ACF rule,[],residual_acf,29,-0.08606172314389476,0.05,True
2020-01-01,2023-12-31,Austria,sarima_p1_d1_q1_P0_D0_Q0_s24,1,1,1,0,0,0,24,48,1,48,35016,0.05,True,joint Ljung-Box and residual ACF rule,[],residual_acf,30,-0.1646561861476112,0.05,True
2020-01-01,2023-12-31,Austria,sarima_p1_d1_q1_P0_D0_Q0_s24,1,1,1,0,0,0,24,48,1,48,35016,0.05,True,joint Ljung-Box and residual ACF rule,[],residual_acf,31,-0.12352487267219006,0.05,True
2020-01-01,2023-12-31,Austria,sarima_p1_d1_q1_P0_D0_Q0_s24,1,1,1,0,0,0,24,48,1,48,35016,0.05,True,joint Ljung-Box and residual ACF rule,[],residual_acf,32,-0.08058578231206164,0.05,True
2020-01-01,2023-12-31,Austria,sarima_p1_d1_q1_P0_D0_Q0_s24,1,1,1,0,0,0,24,48,1,48,35016,0.05,True,joint Ljung-Box and residual ACF rule,[],residual_acf,33,-0.014728052065603561,0.05,False
2020-01-01,2023-12-31,Austria,sarima_p1_d1_q1_P0_D0_Q0_s24,1,1,1,0,0,0,24,48,1,48,35016,0.05,True,joint Ljung-Box and residual ACF rule,[],residual_acf,34,-0.1621623521590354,0.05,True
2020-01-01,2023-12-31,Austria,sarima_p1_d1_q1_P0_D0_Q0_s24,1,1,1,0,0,0,24,48,1,48,35016,0.05,True,joint Ljung-Box and residual ACF rule,[],residual_acf,35,0.15141818117748837,0.05,True
2020-01-01,2023-12-31,Austria,sarima_p1_d1_q1_P0_D0_Q0_s24,1,1,1,0,0,0,24,48,1,48,35016,0.05,True,joint Ljung-Box and residual ACF rule,[],residual_acf,36,0.020448981290785588,0.05,False
2020-01-01,2023-12-31,Austria,sarima_p1_d1_q1_P0_D0_Q0_s24,1,1,1,0,0,0,24,48,1,48,35016,0.05,True,joint Ljung-Box and residual ACF rule,[],residual_acf,37,0.14821145307502323,0.05,True
2020-01-01,2023-12-31,Austria,sarima_p1_d1_q1_P0_D0_Q0_s24,1,1,1,0,0,0,24,48,1,48,35016,0.05,True,joint Ljung-Box and residual ACF rule,[],residual_acf,38,-0.17431925693025563,0.05,True
2020-01-01,2023-12-31,Austria,sarima_p1_d1_q1_P0_D0_Q0_s24,1,1,1,0,0,0,24,48,1,48,35016,0.05,True,joint Ljung-Box and residual ACF rule,[],residual_acf,39,-0.014943178537382362,0.05,False
2020-01-01,2023-12-31,Austria,sarima_p1_d1_q1_P0_D0_Q0_s24,1,1,1,0,0,0,24,48,1,48,35016,0.05,True,joint Ljung-Box and residual ACF rule,[],residual_acf,40,-0.09180856886181073,0.05,True
2020-01-01,2023-12-31,Austria,sarima_p1_d1_q1_P0_D0_Q0_s24,1,1,1,0,0,0,24,48,1,48,35016,0.05,True,joint Ljung-Box and residual ACF rule,[],residual_acf,41,-0.12729948907247404,0.05,True
2020-01-01,2023-12-31,Austria,sarima_p1_d1_q1_P0_D0_Q0_s24,1,1,1,0,0,0,24,48,1,48,35016,0.05,True,joint Ljung-Box and residual ACF rule,[],residual_acf,42,-0.16079589946754033,0.05,True
2020-01-01,2023-12-31,Austria,sarima_p1_d1_q1_P0_D0_Q0_s24,1,1,1,0,0,0,24,48,1,48,35016,0.05,True,joint Ljung-Box and residual ACF rule,[],residual_acf,43,-0.08338853843570619,0.05,True
2020-01-01,2023-12-31,Austria,sarima_p1_d1_q1_P0_D0_Q0_s24,1,1,1,0,0,0,24,48,1,48,35016,0.05,True,joint Ljung-Box and residual ACF rule,[],residual_acf,44,0.0450744478916321,0.05,False
2020-01-01,2023-12-31,Austria,sarima_p1_d1_q1_P0_D0_Q0_s24,1,1,1,0,0,0,24,48,1,48,35016,0.05,True,joint Ljung-Box and residual ACF rule,[],residual_acf,45,-0.13659180701798776,0.05,True
2020-01-01,2023-12-31,Austria,sarima_p1_d1_q1_P0_D0_Q0_s24,1,1,1,0,0,0,24,48,1,48,35016,0.05,True,joint Ljung-Box and residual ACF rule,[],residual_acf,46,0.1331035455096207,0.05,True
2020-01-01,2023-12-31,Austria,sarima_p1_d1_q1_P0_D0_Q0_s24,1,1,1,0,0,0,24,48,1,48,35016,0.05,True,joint Ljung-Box and residual ACF rule,[],residual_acf,47,0.06407337259197117,0.05,True
2020-01-01,2023-12-31,Austria,sarima_p1_d1_q1_P0_D0_Q0_s24,1,1,1,0,0,0,24,48,1,48,35016,0.05,True,joint Ljung-Box and residual ACF rule,[],residual_acf,48,0.7385296573842975,0.05,True
2020-01-01,2023-12-31,Austria,sarima_p1_d1_q1_P0_D0_Q0_s24,1,1,1,0,0,0,24,48,1,48,35016,0.05,True,joint Ljung-Box and residual ACF rule,[],ljung_box_statistic,24,33859.19613891001,0.05,True
2020-01-01,2023-12-31,Austria,sarima_p1_d1_q1_P0_D0_Q0_s24,1,1,1,0,0,0,24,48,1,48,35016,0.05,True,joint Ljung-Box and residual ACF rule,[],ljung_box_pvalue,24,0.0,0.05,True
2020-01-01,2023-12-31,Austria,sarima_p1_d1_q1_P0_D0_Q0_s24,1,1,1,0,0,0,24,48,1,48,35016,0.05,True,joint Ljung-Box and residual ACF rule,[],ljung_box_statistic,48,63686.88293179428,0.05,True
2020-01-01,2023-12-31,Austria,sarima_p1_d1_q1_P0_D0_Q0_s24,1,1,1,0,0,0,24,48,1,48,35016,0.05,True,joint Ljung-Box and residual ACF rule,[],ljung_box_pvalue,48,0.0,0.05,True
2020-01-01,2023-12-31,Austria,sarima_p2_d1_q0_P0_D0_Q0_s24,2,1,0,0,0,0,24,48,1,48,35016,0.05,True,joint Ljung-Box and residual ACF rule,[],residual_acf,1,-0.04739644031849803,0.05,False
2020-01-01,2023-12-31,Austria,sarima_p2_d1_q0_P0_D0_Q0_s24,2,1,0,0,0,0,24,48,1,48,35016,0.05,True,joint Ljung-Box and residual ACF rule,[],residual_acf,2,0.11460824369413992,0.05,True
2020-01-01,2023-12-31,Austria,sarima_p2_d1_q0_P0_D0_Q0_s24,2,1,0,0,0,0,24,48,1,48,35016,0.05,True,joint Ljung-Box and residual ACF rule,[],residual_acf,3,-0.13847867897709112,0.05,True
2020-01-01,2023-12-31,Austria,sarima_p2_d1_q0_P0_D0_Q0_s24,2,1,0,0,0,0,24,48,1,48,35016,0.05,True,joint Ljung-Box and residual ACF rule,[],residual_acf,4,0.08608706836590431,0.05,True
2020-01-01,2023-12-31,Austria,sarima_p2_d1_q0_P0_D0_Q0_s24,2,1,0,0,0,0,24,48,1,48,35016,0.05,True,joint Ljung-Box and residual ACF rule,[],residual_acf,5,-0.039300917595237565,0.05,False
2020-01-01,2023-12-31,Austria,sarima_p2_d1_q0_P0_D0_Q0_s24,2,1,0,0,0,0,24,48,1,48,35016,0.05,True,joint Ljung-Box and residual ACF rule,[],residual_acf,6,-0.14958372925511607,0.05,True
2020-01-01,2023-12-31,Austria,sarima_p2_d1_q0_P0_D0_Q0_s24,2,1,0,0,0,0,24,48,1,48,35016,0.05,True,joint Ljung-Box and residual ACF rule,[],residual_acf,7,-0.09281748182676847,0.05,True
2020-01-01,2023-12-31,Austria,sarima_p2_d1_q0_P0_D0_Q0_s24,2,1,0,0,0,0,24,48,1,48,35016,0.05,True,joint Ljung-Box and residual ACF rule,[],residual_acf,8,-0.0719326954629023,0.05,True
2020-01-01,2023-12-31,Austria,sarima_p2_d1_q0_P0_D0_Q0_s24,2,1,0,0,0,0,24,48,1,48,35016,0.05,True,joint Ljung-Box and residual ACF rule,[],residual_acf,9,-0.017141548647898443,0.05,False
2020-01-01,2023-12-31,Austria,sarima_p2_d1_q0_P0_D0_Q0_s24,2,1,0,0,0,0,24,48,1,48,35016,0.05,True,joint Ljung-Box and residual ACF rule,[],residual_acf,10,-0.22013100480037026,0.05,True
2020-01-01,2023-12-31,Austria,sarima_p2_d1_q0_P0_D0_Q0_s24,2,1,0,0,0,0,24,48,1,48,35016,0.05,True,joint Ljung-Box and residual ACF rule,[],residual_acf,11,0.1258806411228521,0.05,True
2020-01-01,2023-12-31,Austria,sarima_p2_d1_q0_P0_D0_Q0_s24,2,1,0,0,0,0,24,48,1,48,35016,0.05,True,joint Ljung-Box and residual ACF rule,[],residual_acf,12,-0.01942294100007578,0.05,False
2020-01-01,2023-12-31,Austria,sarima_p2_d1_q0_P0_D0_Q0_s24,2,1,0,0,0,0,24,48,1,48,35016,0.05,True,joint Ljung-Box and residual ACF rule,[],residual_acf,13,0.1236117470747521,0.05,True
2020-01-01,2023-12-31,Austria,sarima_p2_d1_q0_P0_D0_Q0_s24,2,1,0,0,0,0,24,48,1,48,35016,0.05,True,joint Ljung-Box and residual ACF rule,[],residual_acf,14,-0.2239091976596582,0.05,True
2020-01-01,2023-12-31,Austria,sarima_p2_d1_q0_P0_D0_Q0_s24,2,1,0,0,0,0,24,48,1,48,35016,0.05,True,joint Ljung-Box and residual ACF rule,[],residual_acf,15,-0.025092320778916502,0.05,False
2020-01-01,2023-12-31,Austria,sarima_p2_d1_q0_P0_D0_Q0_s24,2,1,0,0,0,0,24,48,1,48,35016,0.05,True,joint Ljung-Box and residual ACF rule,[],residual_acf,16,-0.07778375922354756,0.05,True
2020-01-01,2023-12-31,Austria,sarima_p2_d1_q0_P0_D0_Q0_s24,2,1,0,0,0,0,24,48,1,48,35016,0.05,True,joint Ljung-Box and residual ACF rule,[],residual_acf,17,-0.10118148609390332,0.05,True
2020-01-01,2023-12-31,Austria,sarima_p2_d1_q0_P0_D0_Q0_s24,2,1,0,0,0,0,24,48,1,48,35016,0.05,True,joint Ljung-Box and residual ACF rule,[],residual_acf,18,-0.14651986406482348,0.05,True
2020-01-01,2023-12-31,Austria,sarima_p2_d1_q0_P0_D0_Q0_s24,2,1,0,0,0,0,24,48,1,48,35016,0.05,True,joint Ljung-Box and residual ACF rule,[],residual_acf,19,-0.04080553296244761,0.05,False
2020-01-01,2023-12-31,Austria,sarima_p2_d1_q0_P0_D0_Q0_s24,2,1,0,0,0,0,24,48,1,48,35016,0.05,True,joint Ljung-Box and residual ACF rule,[],residual_acf,20,0.09209247776267798,0.05,True
2020-01-01,2023-12-31,Austria,sarima_p2_d1_q0_P0_D0_Q0_s24,2,1,0,0,0,0,24,48,1,48,35016,0.05,True,joint Ljung-Box and residual ACF rule,[],residual_acf,21,-0.12248904192671933,0.05,True
2020-01-01,2023-12-31,Austria,sarima_p2_d1_q0_P0_D0_Q0_s24,2,1,0,0,0,0,24,48,1,48,35016,0.05,True,joint Ljung-Box and residual ACF rule,[],residual_acf,22,0.1086007034029466,0.05,True
2020-01-01,2023-12-31,Austria,sarima_p2_d1_q0_P0_D0_Q0_s24,2,1,0,0,0,0,24,48,1,48,35016,0.05,True,joint Ljung-Box and residual ACF rule,[],residual_acf,23,0.007220363281887539,0.05,False
2020-01-01,2023-12-31,Austria,sarima_p2_d1_q0_P0_D0_Q0_s24,2,1,0,0,0,0,24,48,1,48,35016,0.05,True,joint Ljung-Box and residual ACF rule,[],residual_acf,24,0.7929835902716965,0.05,True
2020-01-01,2023-12-31,Austria,sarima_p2_d1_q0_P0_D0_Q0_s24,2,1,0,0,0,0,24,48,1,48,35016,0.05,True,joint Ljung-Box and residual ACF rule,[],residual_acf,25,0.006732905549875586,0.05,False
2020-01-01,2023-12-31,Austria,sarima_p2_d1_q0_P0_D0_Q0_s24,2,1,0,0,0,0,24,48,1,48,35016,0.05,True,joint Ljung-Box and residual ACF rule,[],residual_acf,26,0.11649579825629779,0.05,True
2020-01-01,2023-12-31,Austria,sarima_p2_d1_q0_P0_D0_Q0_s24,2,1,0,0,0,0,24,48,1,48,35016,0.05,True,joint Ljung-Box and residual ACF rule,[],residual_acf,27,-0.1227251387607878,0.05,True
2020-01-01,2023-12-31,Austria,sarima_p2_d1_q0_P0_D0_Q0_s24,2,1,0,0,0,0,24,48,1,48,35016,0.05,True,joint Ljung-Box and residual ACF rule,[],residual_acf,28,0.0859610089568415,0.05,True
2020-01-01,2023-12-31,Austria,sarima_p2_d1_q0_P0_D0_Q0_s24,2,1,0,0,0,0,24,48,1,48,35016,0.05,True,joint Ljung-Box and residual ACF rule,[],residual_acf,29,-0.04317900303707709,0.05,False
2020-01-01,2023-12-31,Austria,sarima_p2_d1_q0_P0_D0_Q0_s24,2,1,0,0,0,0,24,48,1,48,35016,0.05,True,joint Ljung-Box and residual ACF rule,[],residual_acf,30,-0.14673711580688498,0.05,True
2020-01-01,2023-12-31,Austria,sarima_p2_d1_q0_P0_D0_Q0_s24,2,1,0,0,0,0,24,48,1,48,35016,0.05,True,joint Ljung-Box and residual ACF rule,[],residual_acf,31,-0.10538374232861912,0.05,True
2020-01-01,2023-12-31,Austria,sarima_p2_d1_q0_P0_D0_Q0_s24,2,1,0,0,0,0,24,48,1,48,35016,0.05,True,joint Ljung-Box and residual ACF rule,[],residual_acf,32,-0.060992916210456355,0.05,True
2020-01-01,2023-12-31,Austria,sarima_p2_d1_q0_P0_D0_Q0_s24,2,1,0,0,0,0,24,48,1,48,35016,0.05,True,joint Ljung-Box and residual ACF rule,[],residual_acf,33,-0.013730548331236951,0.05,False
2020-01-01,2023-12-31,Austria,sarima_p2_d1_q0_P0_D0_Q0_s24,2,1,0,0,0,0,24,48,1,48,35016,0.05,True,joint Ljung-Box and residual ACF rule,[],residual_acf,34,-0.2055807612991431,0.05,True
2020-01-01,2023-12-31,Austria,sarima_p2_d1_q0_P0_D0_Q0_s24,2,1,0,0,0,0,24,48,1,48,35016,0.05,True,joint Ljung-Box and residual ACF rule,[],residual_acf,35,0.12268442620376149,0.05,True
2020-01-01,2023-12-31,Austria,sarima_p2_d1_q0_P0_D0_Q0_s24,2,1,0,0,0,0,24,48,1,48,35016,0.05,True,joint Ljung-Box and residual ACF rule,[],residual_acf,36,-0.03005404739766,0.05,False
2020-01-01,2023-12-31,Austria,sarima_p2_d1_q0_P0_D0_Q0_s24,2,1,0,0,0,0,24,48,1,48,35016,0.05,True,joint Ljung-Box and residual ACF rule,[],residual_acf,37,0.12079623293008729,0.05,True
2020-01-01,2023-12-31,Austria,sarima_p2_d1_q0_P0_D0_Q0_s24,2,1,0,0,0,0,24,48,1,48,35016,0.05,True,joint Ljung-Box and residual ACF rule,[],residual_acf,38,-0.21661453173025513,0.05,True
2020-01-01,2023-12-31,Austria,sarima_p2_d1_q0_P0_D0_Q0_s24,2,1,0,0,0,0,24,48,1,48,35016,0.05,True,joint Ljung-Box and residual ACF rule,[],residual_acf,39,-0.01046156459519323,0.05,False
2020-01-01,2023-12-31,Austria,sarima_p2_d1_q0_P0_D0_Q0_s24,2,1,0,0,0,0,24,48,1,48,35016,0.05,True,joint Ljung-Box and residual ACF rule,[],residual_acf,40,-0.07126821976532823,0.05,True
2020-01-01,2023-12-31,Austria,sarima_p2_d1_q0_P0_D0_Q0_s24,2,1,0,0,0,0,24,48,1,48,35016,0.05,True,joint Ljung-Box and residual ACF rule,[],residual_acf,41,-0.1085553737407875,0.05,True
2020-01-01,2023-12-31,Austria,sarima_p2_d1_q0_P0_D0_Q0_s24,2,1,0,0,0,0,24,48,1,48,35016,0.05,True,joint Ljung-Box and residual ACF rule,[],residual_acf,42,-0.14362133872315996,0.05,True
2020-01-01,2023-12-31,Austria,sarima_p2_d1_q0_P0_D0_Q0_s24,2,1,0,0,0,0,24,48,1,48,35016,0.05,True,joint Ljung-Box and residual ACF rule,[],residual_acf,43,-0.046060801291304215,0.05,False
2020-01-01,2023-12-31,Austria,sarima_p2_d1_q0_P0_D0_Q0_s24,2,1,0,0,0,0,24,48,1,48,35016,0.05,True,joint Ljung-Box and residual ACF rule,[],residual_acf,44,0.09566179790466565,0.05,True
2020-01-01,2023-12-31,Austria,sarima_p2_d1_q0_P0_D0_Q0_s24,2,1,0,0,0,0,24,48,1,48,35016,0.05,True,joint Ljung-Box and residual ACF rule,[],residual_acf,45,-0.11345217696749206,0.05,True
2020-01-01,2023-12-31,Austria,sarima_p2_d1_q0_P0_D0_Q0_s24,2,1,0,0,0,0,24,48,1,48,35016,0.05,True,joint Ljung-Box and residual ACF rule,[],residual_acf,46,0.12582832647429318,0.05,True
2020-01-01,2023-12-31,Austria,sarima_p2_d1_q0_P0_D0_Q0_s24,2,1,0,0,0,0,24,48,1,48,35016,0.05,True,joint Ljung-Box and residual ACF rule,[],residual_acf,47,-0.005574564548187848,0.05,False
2020-01-01,2023-12-31,Austria,sarima_p2_d1_q0_P0_D0_Q0_s24,2,1,0,0,0,0,24,48,1,48,35016,0.05,True,joint Ljung-Box and residual ACF rule,[],residual_acf,48,0.7318509423008968,0.05,True
2020-01-01,2023-12-31,Austria,sarima_p2_d1_q0_P0_D0_Q0_s24,2,1,0,0,0,0,24,48,1,48,35016,0.05,True,joint Ljung-Box and residual ACF rule,[],ljung_box_statistic,24,32034.469567527027,0.05,True
2020-01-01,2023-12-31,Austria,sarima_p2_d1_q0_P0_D0_Q0_s24,2,1,0,0,0,0,24,48,1,48,35016,0.05,True,joint Ljung-Box and residual ACF rule,[],ljung_box_pvalue,24,0.0,0.05,True
2020-01-01,2023-12-31,Austria,sarima_p2_d1_q0_P0_D0_Q0_s24,2,1,0,0,0,0,24,48,1,48,35016,0.05,True,joint Ljung-Box and residual ACF rule,[],ljung_box_statistic,48,60344.398281675996,0.05,True
2020-01-01,2023-12-31,Austria,sarima_p2_d1_q0_P0_D0_Q0_s24,2,1,0,0,0,0,24,48,1,48,35016,0.05,True,joint Ljung-Box and residual ACF rule,[],ljung_box_pvalue,48,0.0,0.05,True
2020-01-01,2023-12-31,Austria,sarima_p0_d1_q2_P0_D0_Q0_s24,0,1,2,0,0,0,24,48,1,48,35016,0.05,True,joint Ljung-Box and residual ACF rule,[],residual_acf,1,0.13056754560679185,0.05,True
2020-01-01,2023-12-31,Austria,sarima_p0_d1_q2_P0_D0_Q0_s24,0,1,2,0,0,0,24,48,1,48,35016,0.05,True,joint Ljung-Box and residual ACF rule,[],residual_acf,2,0.13081844880186358,0.05,True
2020-01-01,2023-12-31,Austria,sarima_p0_d1_q2_P0_D0_Q0_s24,0,1,2,0,0,0,24,48,1,48,35016,0.05,True,joint Ljung-Box and residual ACF rule,[],residual_acf,3,0.12939894862875065,0.05,True
2020-01-01,2023-12-31,Austria,sarima_p0_d1_q2_P0_D0_Q0_s24,0,1,2,0,0,0,24,48,1,48,35016,0.05,True,joint Ljung-Box and residual ACF rule,[],residual_acf,4,-0.0853515247489043,0.05,True
2020-01-01,2023-12-31,Austria,sarima_p0_d1_q2_P0_D0_Q0_s24,0,1,2,0,0,0,24,48,1,48,35016,0.05,True,joint Ljung-Box and residual ACF rule,[],residual_acf,5,-0.061979638541451484,0.05,True
2020-01-01,2023-12-31,Austria,sarima_p0_d1_q2_P0_D0_Q0_s24,0,1,2,0,0,0,24,48,1,48,35016,0.05,True,joint Ljung-Box and residual ACF rule,[],residual_acf,6,-0.15000087371911958,0.05,True
2020-01-01,2023-12-31,Austria,sarima_p0_d1_q2_P0_D0_Q0_s24,0,1,2,0,0,0,24,48,1,48,35016,0.05,True,joint Ljung-Box and residual ACF rule,[],residual_acf,7,-0.21677736502460265,0.05,True
2020-01-01,2023-12-31,Austria,sarima_p0_d1_q2_P0_D0_Q0_s24,0,1,2,0,0,0,24,48,1,48,35016,0.05,True,joint Ljung-Box and residual ACF rule,[],residual_acf,8,-0.08509702465331818,0.05,True
2020-01-01,2023-12-31,Austria,sarima_p0_d1_q2_P0_D0_Q0_s24,0,1,2,0,0,0,24,48,1,48,35016,0.05,True,joint Ljung-Box and residual ACF rule,[],residual_acf,9,-0.09422438278811311,0.05,True
2020-01-01,2023-12-31,Austria,sarima_p0_d1_q2_P0_D0_Q0_s24,0,1,2,0,0,0,24,48,1,48,35016,0.05,True,joint Ljung-Box and residual ACF rule,[],residual_acf,10,-0.1852155845658021,0.05,True
2020-01-01,2023-12-31,Austria,sarima_p0_d1_q2_P0_D0_Q0_s24,0,1,2,0,0,0,24,48,1,48,35016,0.05,True,joint Ljung-Box and residual ACF rule,[],residual_acf,11,0.05962815870395448,0.05,True
2020-01-01,2023-12-31,Austria,sarima_p0_d1_q2_P0_D0_Q0_s24,0,1,2,0,0,0,24,48,1,48,35016,0.05,True,joint Ljung-Box and residual ACF rule,[],residual_acf,12,-0.011921233669341934,0.05,False
2020-01-01,2023-12-31,Austria,sarima_p0_d1_q2_P0_D0_Q0_s24,0,1,2,0,0,0,24,48,1,48,35016,0.05,True,joint Ljung-Box and residual ACF rule,[],residual_acf,13,0.04885789858826913,0.05,False
2020-01-01,2023-12-31,Austria,sarima_p0_d1_q2_P0_D0_Q0_s24,0,1,2,0,0,0,24,48,1,48,35016,0.05,True,joint Ljung-Box and residual ACF rule,[],residual_acf,14,-0.1831748058446569,0.05,True
2020-01-01,2023-12-31,Austria,sarima_p0_d1_q2_P0_D0_Q0_s24,0,1,2,0,0,0,24,48,1,48,35016,0.05,True,joint Ljung-Box and residual ACF rule,[],residual_acf,15,-0.10917318036124309,0.05,True
2020-01-01,2023-12-31,Austria,sarima_p0_d1_q2_P0_D0_Q0_s24,0,1,2,0,0,0,24,48,1,48,35016,0.05,True,joint Ljung-Box and residual ACF rule,[],residual_acf,16,-0.10144807283638538,0.05,True
2020-01-01,2023-12-31,Austria,sarima_p0_d1_q2_P0_D0_Q0_s24,0,1,2,0,0,0,24,48,1,48,35016,0.05,True,joint Ljung-Box and residual ACF rule,[],residual_acf,17,-0.20530967171763762,0.05,True
2020-01-01,2023-12-31,Austria,sarima_p0_d1_q2_P0_D0_Q0_s24,0,1,2,0,0,0,24,48,1,48,35016,0.05,True,joint Ljung-Box and residual ACF rule,[],residual_acf,18,-0.16543735473844418,0.05,True
2020-01-01,2023-12-31,Austria,sarima_p0_d1_q2_P0_D0_Q0_s24,0,1,2,0,0,0,24,48,1,48,35016,0.05,True,joint Ljung-Box and residual ACF rule,[],residual_acf,19,-0.06322569029500011,0.05,True
2020-01-01,2023-12-31,Austria,sarima_p0_d1_q2_P0_D0_Q0_s24,0,1,2,0,0,0,24,48,1,48,35016,0.05,True,joint Ljung-Box and residual ACF rule,[],residual_acf,20,-0.03648391607992921,0.05,False
2020-01-01,2023-12-31,Austria,sarima_p0_d1_q2_P0_D0_Q0_s24,0,1,2,0,0,0,24,48,1,48,35016,0.05,True,joint Ljung-Box and residual ACF rule,[],residual_acf,21,0.08237096379275032,0.05,True
2020-01-01,2023-12-31,Austria,sarima_p0_d1_q2_P0_D0_Q0_s24,0,1,2,0,0,0,24,48,1,48,35016,0.05,True,joint Ljung-Box and residual ACF rule,[],residual_acf,22,0.1395724829987478,0.05,True
2020-01-01,2023-12-31,Austria,sarima_p0_d1_q2_P0_D0_Q0_s24,0,1,2,0,0,0,24,48,1,48,35016,0.05,True,joint Ljung-Box and residual ACF rule,[],residual_acf,23,0.17337777088223083,0.05,True
2020-01-01,2023-12-31,Austria,sarima_p0_d1_q2_P0_D0_Q0_s24,0,1,2,0,0,0,24,48,1,48,35016,0.05,True,joint Ljung-Box and residual ACF rule,[],residual_acf,24,0.791590319928837,0.05,True
2020-01-01,2023-12-31,Austria,sarima_p0_d1_q2_P0_D0_Q0_s24,0,1,2,0,0,0,24,48,1,48,35016,0.05,True,joint Ljung-Box and residual ACF rule,[],residual_acf,25,0.1678926834006084,0.05,True
2020-01-01,2023-12-31,Austria,sarima_p0_d1_q2_P0_D0_Q0_s24,0,1,2,0,0,0,24,48,1,48,35016,0.05,True,joint Ljung-Box and residual ACF rule,[],residual_acf,26,0.15023310511893848,0.05,True
2020-01-01,2023-12-31,Austria,sarima_p0_d1_q2_P0_D0_Q0_s24,0,1,2,0,0,0,24,48,1,48,35016,0.05,True,joint Ljung-Box and residual ACF rule,[],residual_acf,27,0.08098150761537853,0.05,True
2020-01-01,2023-12-31,Austria,sarima_p0_d1_q2_P0_D0_Q0_s24,0,1,2,0,0,0,24,48,1,48,35016,0.05,True,joint Ljung-Box and residual ACF rule,[],residual_acf,28,-0.046921628730891854,0.05,False
2020-01-01,2023-12-31,Austria,sarima_p0_d1_q2_P0_D0_Q0_s24,0,1,2,0,0,0,24,48,1,48,35016,0.05,True,joint Ljung-Box and residual ACF rule,[],residual_acf,29,-0.05939865309029074,0.05,True
2020-01-01,2023-12-31,Austria,sarima_p0_d1_q2_P0_D0_Q0_s24,0,1,2,0,0,0,24,48,1,48,35016,0.05,True,joint Ljung-Box and residual ACF rule,[],residual_acf,30,-0.16664613685896876,0.05,True
2020-01-01,2023-12-31,Austria,sarima_p0_d1_q2_P0_D0_Q0_s24,0,1,2,0,0,0,24,48,1,48,35016,0.05,True,joint Ljung-Box and residual ACF rule,[],residual_acf,31,-0.20569518325873956,0.05,True
2020-01-01,2023-12-31,Austria,sarima_p0_d1_q2_P0_D0_Q0_s24,0,1,2,0,0,0,24,48,1,48,35016,0.05,True,joint Ljung-Box and residual ACF rule,[],residual_acf,32,-0.07885823573218659,0.05,True
2020-01-01,2023-12-31,Austria,sarima_p0_d1_q2_P0_D0_Q0_s24,0,1,2,0,0,0,24,48,1,48,35016,0.05,True,joint Ljung-Box and residual ACF rule,[],residual_acf,33,-0.09584134203573053,0.05,True
2020-01-01,2023-12-31,Austria,sarima_p0_d1_q2_P0_D0_Q0_s24,0,1,2,0,0,0,24,48,1,48,35016,0.05,True,joint Ljung-Box and residual ACF rule,[],residual_acf,34,-0.16683621979538302,0.05,True
2020-01-01,2023-12-31,Austria,sarima_p0_d1_q2_P0_D0_Q0_s24,0,1,2,0,0,0,24,48,1,48,35016,0.05,True,joint Ljung-Box and residual ACF rule,[],residual_acf,35,0.05720767896362597,0.05,True
2020-01-01,2023-12-31,Austria,sarima_p0_d1_q2_P0_D0_Q0_s24,0,1,2,0,0,0,24,48,1,48,35016,0.05,True,joint Ljung-Box and residual ACF rule,[],residual_acf,36,-0.02104852653007784,0.05,False
2020-01-01,2023-12-31,Austria,sarima_p0_d1_q2_P0_D0_Q0_s24,0,1,2,0,0,0,24,48,1,48,35016,0.05,True,joint Ljung-Box and residual ACF rule,[],residual_acf,37,0.053515017653579244,0.05,True
2020-01-01,2023-12-31,Austria,sarima_p0_d1_q2_P0_D0_Q0_s24,0,1,2,0,0,0,24,48,1,48,35016,0.05,True,joint Ljung-Box and residual ACF rule,[],residual_acf,38,-0.1787047792053715,0.05,True
2020-01-01,2023-12-31,Austria,sarima_p0_d1_q2_P0_D0_Q0_s24,0,1,2,0,0,0,24,48,1,48,35016,0.05,True,joint Ljung-Box and residual ACF rule,[],residual_acf,39,-0.0961633765719232,0.05,True
2020-01-01,2023-12-31,Austria,sarima_p0_d1_q2_P0_D0_Q0_s24,0,1,2,0,0,0,24,48,1,48,35016,0.05,True,joint Ljung-Box and residual ACF rule,[],residual_acf,40,-0.09193095981917526,0.05,True
2020-01-01,2023-12-31,Austria,sarima_p0_d1_q2_P0_D0_Q0_s24,0,1,2,0,0,0,24,48,1,48,35016,0.05,True,joint Ljung-Box and residual ACF rule,[],residual_acf,41,-0.2076177486249103,0.05,True
2020-01-01,2023-12-31,Austria,sarima_p0_d1_q2_P0_D0_Q0_s24,0,1,2,0,0,0,24,48,1,48,35016,0.05,True,joint Ljung-Box and residual ACF rule,[],residual_acf,42,-0.16304479837915556,0.05,True
2020-01-01,2023-12-31,Austria,sarima_p0_d1_q2_P0_D0_Q0_s24,0,1,2,0,0,0,24,48,1,48,35016,0.05,True,joint Ljung-Box and residual ACF rule,[],residual_acf,43,-0.06057836864430129,0.05,True
2020-01-01,2023-12-31,Austria,sarima_p0_d1_q2_P0_D0_Q0_s24,0,1,2,0,0,0,24,48,1,48,35016,0.05,True,joint Ljung-Box and residual ACF rule,[],residual_acf,44,-0.029934266031640674,0.05,False
2020-01-01,2023-12-31,Austria,sarima_p0_d1_q2_P0_D0_Q0_s24,0,1,2,0,0,0,24,48,1,48,35016,0.05,True,joint Ljung-Box and residual ACF rule,[],residual_acf,45,0.07920337029692903,0.05,True
2020-01-01,2023-12-31,Austria,sarima_p0_d1_q2_P0_D0_Q0_s24,0,1,2,0,0,0,24,48,1,48,35016,0.05,True,joint Ljung-Box and residual ACF rule,[],residual_acf,46,0.14921787425292243,0.05,True
2020-01-01,2023-12-31,Austria,sarima_p0_d1_q2_P0_D0_Q0_s24,0,1,2,0,0,0,24,48,1,48,35016,0.05,True,joint Ljung-Box and residual ACF rule,[],residual_acf,47,0.15804903308974227,0.05,True
2020-01-01,2023-12-31,Austria,sarima_p0_d1_q2_P0_D0_Q0_s24,0,1,2,0,0,0,24,48,1,48,35016,0.05,True,joint Ljung-Box and residual ACF rule,[],residual_acf,48,0.7278999828977902,0.05,True
2020-01-01,2023-12-31,Austria,sarima_p0_d1_q2_P0_D0_Q0_s24,0,1,2,0,0,0,24,48,1,48,35016,0.05,True,joint Ljung-Box and residual ACF rule,[],ljung_box_statistic,24,35093.2130893068,0.05,True
2020-01-01,2023-12-31,Austria,sarima_p0_d1_q2_P0_D0_Q0_s24,0,1,2,0,0,0,24,48,1,48,35016,0.05,True,joint Ljung-Box and residual ACF rule,[],ljung_box_pvalue,24,0.0,0.05,True
2020-01-01,2023-12-31,Austria,sarima_p0_d1_q2_P0_D0_Q0_s24,0,1,2,0,0,0,24,48,1,48,35016,0.05,True,joint Ljung-Box and residual ACF rule,[],ljung_box_statistic,48,66304.34109205942,0.05,True
2020-01-01,2023-12-31,Austria,sarima_p0_d1_q2_P0_D0_Q0_s24,0,1,2,0,0,0,24,48,1,48,35016,0.05,True,joint Ljung-Box and residual ACF rule,[],ljung_box_pvalue,48,0.0,0.05,True
2020-01-01,2023-12-31,Austria,sarima_p0_d1_q0_P1_D0_Q0_s24,0,1,0,1,0,0,24,48,1,48,35016,0.05,True,joint Ljung-Box and residual ACF rule,[],residual_acf,1,0.6157564932777426,0.05,True
2020-01-01,2023-12-31,Austria,sarima_p0_d1_q0_P1_D0_Q0_s24,0,1,0,1,0,0,24,48,1,48,35016,0.05,True,joint Ljung-Box and residual ACF rule,[],residual_acf,2,0.25106526394533724,0.05,True
2020-01-01,2023-12-31,Austria,sarima_p0_d1_q0_P1_D0_Q0_s24,0,1,0,1,0,0,24,48,1,48,35016,0.05,True,joint Ljung-Box and residual ACF rule,[],residual_acf,3,0.0002886940463827041,0.05,False
2020-01-01,2023-12-31,Austria,sarima_p0_d1_q0_P1_D0_Q0_s24,0,1,0,1,0,0,24,48,1,48,35016,0.05,True,joint Ljung-Box and residual ACF rule,[],residual_acf,4,-0.07994943574005273,0.05,True
2020-01-01,2023-12-31,Austria,sarima_p0_d1_q0_P1_D0_Q0_s24,0,1,0,1,0,0,24,48,1,48,35016,0.05,True,joint Ljung-Box and residual ACF rule,[],residual_acf,5,-0.0695829181729914,0.05,True
2020-01-01,2023-12-31,Austria,sarima_p0_d1_q0_P1_D0_Q0_s24,0,1,0,1,0,0,24,48,1,48,35016,0.05,True,joint Ljung-Box and residual ACF rule,[],residual_acf,6,-0.03369992255237862,0.05,False
2020-01-01,2023-12-31,Austria,sarima_p0_d1_q0_P1_D0_Q0_s24,0,1,0,1,0,0,24,48,1,48,35016,0.05,True,joint Ljung-Box and residual ACF rule,[],residual_acf,7,0.008469735899044045,0.05,False
2020-01-01,2023-12-31,Austria,sarima_p0_d1_q0_P1_D0_Q0_s24,0,1,0,1,0,0,24,48,1,48,35016,0.05,True,joint Ljung-Box and residual ACF rule,[],residual_acf,8,0.010031751463502225,0.05,False
2020-01-01,2023-12-31,Austria,sarima_p0_d1_q0_P1_D0_Q0_s24,0,1,0,1,0,0,24,48,1,48,35016,0.05,True,joint Ljung-Box and residual ACF rule,[],residual_acf,9,0.006528480013786476,0.05,False
2020-01-01,2023-12-31,Austria,sarima_p0_d1_q0_P1_D0_Q0_s24,0,1,0,1,0,0,24,48,1,48,35016,0.05,True,joint Ljung-Box and residual ACF rule,[],residual_acf,10,0.0014741456409360445,0.05,False
2020-01-01,2023-12-31,Austria,sarima_p0_d1_q0_P1_D0_Q0_s24,0,1,0,1,0,0,24,48,1,48,35016,0.05,True,joint Ljung-Box and residual ACF rule,[],residual_acf,11,0.015256560771006908,0.05,False
2020-01-01,2023-12-31,Austria,sarima_p0_d1_q0_P1_D0_Q0_s24,0,1,0,1,0,0,24,48,1,48,35016,0.05,True,joint Ljung-Box and residual ACF rule,[],residual_acf,12,0.003763428797298864,0.05,False
2020-01-01,2023-12-31,Austria,sarima_p0_d1_q0_P1_D0_Q0_s24,0,1,0,1,0,0,24,48,1,48,35016,0.05,True,joint Ljung-Box and residual ACF rule,[],residual_acf,13,-0.050660463471352855,0.05,True
2020-01-01,2023-12-31,Austria,sarima_p0_d1_q0_P1_D0_Q0_s24,0,1,0,1,0,0,24,48,1,48,35016,0.05,True,joint Ljung-Box and residual ACF rule,[],residual_acf,14,-0.1238299508721143,0.05,True
2020-01-01,2023-12-31,Austria,sarima_p0_d1_q0_P1_D0_Q0_s24,0,1,0,1,0,0,24,48,1,48,35016,0.05,True,joint Ljung-Box and residual ACF rule,[],residual_acf,15,-0.16525624784608722,0.05,True
2020-01-01,2023-12-31,Austria,sarima_p0_d1_q0_P1_D0_Q0_s24,0,1,0,1,0,0,24,48,1,48,35016,0.05,True,joint Ljung-Box and residual ACF rule,[],residual_acf,16,-0.14872810558117405,0.05,True
2020-01-01,2023-12-31,Austria,sarima_p0_d1_q0_P1_D0_Q0_s24,0,1,0,1,0,0,24,48,1,48,35016,0.05,True,joint Ljung-Box and residual ACF rule,[],residual_acf,17,-0.09601170955095466,0.05,True
2020-01-01,2023-12-31,Austria,sarima_p0_d1_q0_P1_D0_Q0_s24,0,1,0,1,0,0,24,48,1,48,35016,0.05,True,joint Ljung-Box and residual ACF rule,[],residual_acf,18,-0.0405677114255303,0.05,False
2020-01-01,2023-12-31,Austria,sarima_p0_d1_q0_P1_D0_Q0_s24,0,1,0,1,0,0,24,48,1,48,35016,0.05,True,joint Ljung-Box and residual ACF rule,[],residual_acf,19,0.0019318165731617139,0.05,False
2020-01-01,2023-12-31,Austria,sarima_p0_d1_q0_P1_D0_Q0_s24,0,1,0,1,0,0,24,48,1,48,35016,0.05,True,joint Ljung-Box and residual ACF rule,[],residual_acf,20,0.01744525734332886,0.05,False
2020-01-01,2023-12-31,Austria,sarima_p0_d1_q0_P1_D0_Q0_s24,0,1,0,1,0,0,24,48,1,48,35016,0.05,True,joint Ljung-Box and residual ACF rule,[],residual_acf,21,0.0033078229351578667,0.05,False
2020-01-01,2023-12-31,Austria,sarima_p0_d1_q0_P1_D0_Q0_s24,0,1,0,1,0,0,24,48,1,48,35016,0.05,True,joint Ljung-Box and residual ACF rule,[],residual_acf,22,-0.03425857101909376,0.05,False
2020-01-01,2023-12-31,Austria,sarima_p0_d1_q0_P1_D0_Q0_s24,0,1,0,1,0,0,24,48,1,48,35016,0.05,True,joint Ljung-Box and residual ACF rule,[],residual_acf,23,-0.06926434976410599,0.05,True
2020-01-01,2023-12-31,Austria,sarima_p0_d1_q0_P1_D0_Q0_s24,0,1,0,1,0,0,24,48,1,48,35016,0.05,True,joint Ljung-Box and residual ACF rule,[],residual_acf,24,-0.16426130897746374,0.05,True
2020-01-01,2023-12-31,Austria,sarima_p0_d1_q0_P1_D0_Q0_s24,0,1,0,1,0,0,24,48,1,48,35016,0.05,True,joint Ljung-Box and residual ACF rule,[],residual_acf,25,-0.0556820618689892,0.05,True
2020-01-01,2023-12-31,Austria,sarima_p0_d1_q0_P1_D0_Q0_s24,0,1,0,1,0,0,24,48,1,48,35016,0.05,True,joint Ljung-Box and residual ACF rule,[],residual_acf,26,-0.01767829013577248,0.05,False
2020-01-01,2023-12-31,Austria,sarima_p0_d1_q0_P1_D0_Q0_s24,0,1,0,1,0,0,24,48,1,48,35016,0.05,True,joint Ljung-Box and residual ACF rule,[],residual_acf,27,-0.005941272053676756,0.05,False
2020-01-01,2023-12-31,Austria,sarima_p0_d1_q0_P1_D0_Q0_s24,0,1,0,1,0,0,24,48,1,48,35016,0.05,True,joint Ljung-Box and residual ACF rule,[],residual_acf,28,-0.015560872792429273,0.05,False
2020-01-01,2023-12-31,Austria,sarima_p0_d1_q0_P1_D0_Q0_s24,0,1,0,1,0,0,24,48,1,48,35016,0.05,True,joint Ljung-Box and residual ACF rule,[],residual_acf,29,-0.02162620235507078,0.05,False
2020-01-01,2023-12-31,Austria,sarima_p0_d1_q0_P1_D0_Q0_s24,0,1,0,1,0,0,24,48,1,48,35016,0.05,True,joint Ljung-Box and residual ACF rule,[],residual_acf,30,-0.014796880565686883,0.05,False
2020-01-01,2023-12-31,Austria,sarima_p0_d1_q0_P1_D0_Q0_s24,0,1,0,1,0,0,24,48,1,48,35016,0.05,True,joint Ljung-Box and residual ACF rule,[],residual_acf,31,-0.001559869705355438,0.05,False
2020-01-01,2023-12-31,Austria,sarima_p0_d1_q0_P1_D0_Q0_s24,0,1,0,1,0,0,24,48,1,48,35016,0.05,True,joint Ljung-Box and residual ACF rule,[],residual_acf,32,0.031242977490139986,0.05,False
2020-01-01,2023-12-31,Austria,sarima_p0_d1_q0_P1_D0_Q0_s24,0,1,0,1,0,0,24,48,1,48,35016,0.05,True,joint Ljung-Box and residual ACF rule,[],residual_acf,33,0.0390881797936314,0.05,False
2020-01-01,2023-12-31,Austria,sarima_p0_d1_q0_P1_D0_Q0_s24,0,1,0,1,0,0,24,48,1,48,35016,0.05,True,joint Ljung-Box and residual ACF rule,[],residual_acf,34,0.034289273490296555,0.05,False
2020-01-01,2023-12-31,Austria,sarima_p0_d1_q0_P1_D0_Q0_s24,0,1,0,1,0,0,24,48,1,48,35016,0.05,True,joint Ljung-Box and residual ACF rule,[],residual_acf,35,0.007707121153982715,0.05,False
2020-01-01,2023-12-31,Austria,sarima_p0_d1_q0_P1_D0_Q0_s24,0,1,0,1,0,0,24,48,1,48,35016,0.05,True,joint Ljung-Box and residual ACF rule,[],residual_acf,36,-0.016153470331388677,0.05,False
2020-01-01,2023-12-31,Austria,sarima_p0_d1_q0_P1_D0_Q0_s24,0,1,0,1,0,0,24,48,1,48,35016,0.05,True,joint Ljung-Box and residual ACF rule,[],residual_acf,37,-0.017252537922461467,0.05,False
2020-01-01,2023-12-31,Austria,sarima_p0_d1_q0_P1_D0_Q0_s24,0,1,0,1,0,0,24,48,1,48,35016,0.05,True,joint Ljung-Box and residual ACF rule,[],residual_acf,38,-0.009055389069730847,0.05,False
2020-01-01,2023-12-31,Austria,sarima_p0_d1_q0_P1_D0_Q0_s24,0,1,0,1,0,0,24,48,1,48,35016,0.05,True,joint Ljung-Box and residual ACF rule,[],residual_acf,39,6.5008326366442e-05,0.05,False
2020-01-01,2023-12-31,Austria,sarima_p0_d1_q0_P1_D0_Q0_s24,0,1,0,1,0,0,24,48,1,48,35016,0.05,True,joint Ljung-Box and residual ACF rule,[],residual_acf,40,-0.011606485258851258,0.05,False
2020-01-01,2023-12-31,Austria,sarima_p0_d1_q0_P1_D0_Q0_s24,0,1,0,1,0,0,24,48,1,48,35016,0.05,True,joint Ljung-Box and residual ACF rule,[],residual_acf,41,-0.01884992797635741,0.05,False
2020-01-01,2023-12-31,Austria,sarima_p0_d1_q0_P1_D0_Q0_s24,0,1,0,1,0,0,24,48,1,48,35016,0.05,True,joint Ljung-Box and residual ACF rule,[],residual_acf,42,-0.010501511681674748,0.05,False
2020-01-01,2023-12-31,Austria,sarima_p0_d1_q0_P1_D0_Q0_s24,0,1,0,1,0,0,24,48,1,48,35016,0.05,True,joint Ljung-Box and residual ACF rule,[],residual_acf,43,0.0003989498107766491,0.05,False
2020-01-01,2023-12-31,Austria,sarima_p0_d1_q0_P1_D0_Q0_s24,0,1,0,1,0,0,24,48,1,48,35016,0.05,True,joint Ljung-Box and residual ACF rule,[],residual_acf,44,0.015270865217027363,0.05,False
2020-01-01,2023-12-31,Austria,sarima_p0_d1_q0_P1_D0_Q0_s24,0,1,0,1,0,0,24,48,1,48,35016,0.05,True,joint Ljung-Box and residual ACF rule,[],residual_acf,45,0.005786395259129043,0.05,False
2020-01-01,2023-12-31,Austria,sarima_p0_d1_q0_P1_D0_Q0_s24,0,1,0,1,0,0,24,48,1,48,35016,0.05,True,joint Ljung-Box and residual ACF rule,[],residual_acf,46,-0.03761430676561869,0.05,False
2020-01-01,2023-12-31,Austria,sarima_p0_d1_q0_P1_D0_Q0_s24,0,1,0,1,0,0,24,48,1,48,35016,0.05,True,joint Ljung-Box and residual ACF rule,[],residual_acf,47,-0.12092394856083587,0.05,True
2020-01-01,2023-12-31,Austria,sarima_p0_d1_q0_P1_D0_Q0_s24,0,1,0,1,0,0,24,48,1,48,35016,0.05,True,joint Ljung-Box and residual ACF rule,[],residual_acf,48,-0.16556334107457435,0.05,True
2020-01-01,2023-12-31,Austria,sarima_p0_d1_q0_P1_D0_Q0_s24,0,1,0,1,0,0,24,48,1,48,35016,0.05,True,joint Ljung-Box and residual ACF rule,[],ljung_box_statistic,24,19839.880412956678,0.05,True
2020-01-01,2023-12-31,Austria,sarima_p0_d1_q0_P1_D0_Q0_s24,0,1,0,1,0,0,24,48,1,48,35016,0.05,True,joint Ljung-Box and residual ACF rule,[],ljung_box_pvalue,24,0.0,0.05,True
2020-01-01,2023-12-31,Austria,sarima_p0_d1_q0_P1_D0_Q0_s24,0,1,0,1,0,0,24,48,1,48,35016,0.05,True,joint Ljung-Box and residual ACF rule,[],ljung_box_statistic,48,21700.83237635526,0.05,True
2020-01-01,2023-12-31,Austria,sarima_p0_d1_q0_P1_D0_Q0_s24,0,1,0,1,0,0,24,48,1,48,35016,0.05,True,joint Ljung-Box and residual ACF rule,[],ljung_box_pvalue,48,0.0,0.05,True
2020-01-01,2023-12-31,Austria,sarima_p0_d1_q0_P0_D0_Q1_s24,0,1,0,0,0,1,24,48,1,48,35016,0.05,True,joint Ljung-Box and residual ACF rule,[],residual_acf,1,0.6962178395206917,0.05,True
2020-01-01,2023-12-31,Austria,sarima_p0_d1_q0_P0_D0_Q1_s24,0,1,0,0,0,1,24,48,1,48,35016,0.05,True,joint Ljung-Box and residual ACF rule,[],residual_acf,2,0.3770214640630524,0.05,True
2020-01-01,2023-12-31,Austria,sarima_p0_d1_q0_P0_D0_Q1_s24,0,1,0,0,0,1,24,48,1,48,35016,0.05,True,joint Ljung-Box and residual ACF rule,[],residual_acf,3,0.10083930233612749,0.05,True
2020-01-01,2023-12-31,Austria,sarima_p0_d1_q0_P0_D0_Q1_s24,0,1,0,0,0,1,24,48,1,48,35016,0.05,True,joint Ljung-Box and residual ACF rule,[],residual_acf,4,-0.0447244559690775,0.05,False
2020-01-01,2023-12-31,Austria,sarima_p0_d1_q0_P0_D0_Q1_s24,0,1,0,0,0,1,24,48,1,48,35016,0.05,True,joint Ljung-Box and residual ACF rule,[],residual_acf,5,-0.15374812324943388,0.05,True
2020-01-01,2023-12-31,Austria,sarima_p0_d1_q0_P0_D0_Q1_s24,0,1,0,0,0,1,24,48,1,48,35016,0.05,True,joint Ljung-Box and residual ACF rule,[],residual_acf,6,-0.22533411498476097,0.05,True
2020-01-01,2023-12-31,Austria,sarima_p0_d1_q0_P0_D0_Q1_s24,0,1,0,0,0,1,24,48,1,48,35016,0.05,True,joint Ljung-Box and residual ACF rule,[],residual_acf,7,-0.2293094523380599,0.05,True
2020-01-01,2023-12-31,Austria,sarima_p0_d1_q0_P0_D0_Q1_s24,0,1,0,0,0,1,24,48,1,48,35016,0.05,True,joint Ljung-Box and residual ACF rule,[],residual_acf,8,-0.20487819908053198,0.05,True
2020-01-01,2023-12-31,Austria,sarima_p0_d1_q0_P0_D0_Q1_s24,0,1,0,0,0,1,24,48,1,48,35016,0.05,True,joint Ljung-Box and residual ACF rule,[],residual_acf,9,-0.1599064161384364,0.05,True
2020-01-01,2023-12-31,Austria,sarima_p0_d1_q0_P0_D0_Q1_s24,0,1,0,0,0,1,24,48,1,48,35016,0.05,True,joint Ljung-Box and residual ACF rule,[],residual_acf,10,-0.12307165281645652,0.05,True
2020-01-01,2023-12-31,Austria,sarima_p0_d1_q0_P0_D0_Q1_s24,0,1,0,0,0,1,24,48,1,48,35016,0.05,True,joint Ljung-Box and residual ACF rule,[],residual_acf,11,-0.04043759384558992,0.05,False
2020-01-01,2023-12-31,Austria,sarima_p0_d1_q0_P0_D0_Q1_s24,0,1,0,0,0,1,24,48,1,48,35016,0.05,True,joint Ljung-Box and residual ACF rule,[],residual_acf,12,-0.021143887479374963,0.05,False
2020-01-01,2023-12-31,Austria,sarima_p0_d1_q0_P0_D0_Q1_s24,0,1,0,0,0,1,24,48,1,48,35016,0.05,True,joint Ljung-Box and residual ACF rule,[],residual_acf,13,-0.061300363319127936,0.05,True
2020-01-01,2023-12-31,Austria,sarima_p0_d1_q0_P0_D0_Q1_s24,0,1,0,0,0,1,24,48,1,48,35016,0.05,True,joint Ljung-Box and residual ACF rule,[],residual_acf,14,-0.16709767984098506,0.05,True
2020-01-01,2023-12-31,Austria,sarima_p0_d1_q0_P0_D0_Q1_s24,0,1,0,0,0,1,24,48,1,48,35016,0.05,True,joint Ljung-Box and residual ACF rule,[],residual_acf,15,-0.22810143629086418,0.05,True
2020-01-01,2023-12-31,Austria,sarima_p0_d1_q0_P0_D0_Q1_s24,0,1,0,0,0,1,24,48,1,48,35016,0.05,True,joint Ljung-Box and residual ACF rule,[],residual_acf,16,-0.25568132470391824,0.05,True
2020-01-01,2023-12-31,Austria,sarima_p0_d1_q0_P0_D0_Q1_s24,0,1,0,0,0,1,24,48,1,48,35016,0.05,True,joint Ljung-Box and residual ACF rule,[],residual_acf,17,-0.260042088474273,0.05,True
2020-01-01,2023-12-31,Austria,sarima_p0_d1_q0_P0_D0_Q1_s24,0,1,0,0,0,1,24,48,1,48,35016,0.05,True,joint Ljung-Box and residual ACF rule,[],residual_acf,18,-0.21578568042359353,0.05,True
2020-01-01,2023-12-31,Austria,sarima_p0_d1_q0_P0_D0_Q1_s24,0,1,0,0,0,1,24,48,1,48,35016,0.05,True,joint Ljung-Box and residual ACF rule,[],residual_acf,19,-0.1204411975933067,0.05,True
2020-01-01,2023-12-31,Austria,sarima_p0_d1_q0_P0_D0_Q1_s24,0,1,0,0,0,1,24,48,1,48,35016,0.05,True,joint Ljung-Box and residual ACF rule,[],residual_acf,20,-0.002840867663018841,0.05,False
2020-01-01,2023-12-31,Austria,sarima_p0_d1_q0_P0_D0_Q1_s24,0,1,0,0,0,1,24,48,1,48,35016,0.05,True,joint Ljung-Box and residual ACF rule,[],residual_acf,21,0.10540490430843875,0.05,True
2020-01-01,2023-12-31,Austria,sarima_p0_d1_q0_P0_D0_Q1_s24,0,1,0,0,0,1,24,48,1,48,35016,0.05,True,joint Ljung-Box and residual ACF rule,[],residual_acf,22,0.24985946928470945,0.05,True
2020-01-01,2023-12-31,Austria,sarima_p0_d1_q0_P0_D0_Q1_s24,0,1,0,0,0,1,24,48,1,48,35016,0.05,True,joint Ljung-Box and residual ACF rule,[],residual_acf,23,0.3813440733559645,0.05,True
2020-01-01,2023-12-31,Austria,sarima_p0_d1_q0_P0_D0_Q1_s24,0,1,0,0,0,1,24,48,1,48,35016,0.05,True,joint Ljung-Box and residual ACF rule,[],residual_acf,24,0.414548965236241,0.05,True
2020-01-01,2023-12-31,Austria,sarima_p0_d1_q0_P0_D0_Q1_s24,0,1,0,0,0,1,24,48,1,48,35016,0.05,True,joint Ljung-Box and residual ACF rule,[],residual_acf,25,0.3839804970646806,0.05,True
2020-01-01,2023-12-31,Austria,sarima_p0_d1_q0_P0_D0_Q1_s24,0,1,0,0,0,1,24,48,1,48,35016,0.05,True,joint Ljung-Box and residual ACF rule,[],residual_acf,26,0.25224323250865743,0.05,True
2020-01-01,2023-12-31,Austria,sarima_p0_d1_q0_P0_D0_Q1_s24,0,1,0,0,0,1,24,48,1,48,35016,0.05,True,joint Ljung-Box and residual ACF rule,[],residual_acf,27,0.10216807536881216,0.05,True
2020-01-01,2023-12-31,Austria,sarima_p0_d1_q0_P0_D0_Q1_s24,0,1,0,0,0,1,24,48,1,48,35016,0.05,True,joint Ljung-Box and residual ACF rule,[],residual_acf,28,-0.01219183343574757,0.05,False
2020-01-01,2023-12-31,Austria,sarima_p0_d1_q0_P0_D0_Q1_s24,0,1,0,0,0,1,24,48,1,48,35016,0.05,True,joint Ljung-Box and residual ACF rule,[],residual_acf,29,-0.12384287564961885,0.05,True
2020-01-01,2023-12-31,Austria,sarima_p0_d1_q0_P0_D0_Q1_s24,0,1,0,0,0,1,24,48,1,48,35016,0.05,True,joint Ljung-Box and residual ACF rule,[],residual_acf,30,-0.20612528200387575,0.05,True
2020-01-01,2023-12-31,Austria,sarima_p0_d1_q0_P0_D0_Q1_s24,0,1,0,0,0,1,24,48,1,48,35016,0.05,True,joint Ljung-Box and residual ACF rule,[],residual_acf,31,-0.23429610252892813,0.05,True
2020-01-01,2023-12-31,Austria,sarima_p0_d1_q0_P0_D0_Q1_s24,0,1,0,0,0,1,24,48,1,48,35016,0.05,True,joint Ljung-Box and residual ACF rule,[],residual_acf,32,-0.2111658289157092,0.05,True
2020-01-01,2023-12-31,Austria,sarima_p0_d1_q0_P0_D0_Q1_s24,0,1,0,0,0,1,24,48,1,48,35016,0.05,True,joint Ljung-Box and residual ACF rule,[],residual_acf,33,-0.17823043845357425,0.05,True
2020-01-01,2023-12-31,Austria,sarima_p0_d1_q0_P0_D0_Q1_s24,0,1,0,0,0,1,24,48,1,48,35016,0.05,True,joint Ljung-Box and residual ACF rule,[],residual_acf,34,-0.12706211882780438,0.05,True
2020-01-01,2023-12-31,Austria,sarima_p0_d1_q0_P0_D0_Q1_s24,0,1,0,0,0,1,24,48,1,48,35016,0.05,True,joint Ljung-Box and residual ACF rule,[],residual_acf,35,-0.048024779362345636,0.05,False
2020-01-01,2023-12-31,Austria,sarima_p0_d1_q0_P0_D0_Q1_s24,0,1,0,0,0,1,24,48,1,48,35016,0.05,True,joint Ljung-Box and residual ACF rule,[],residual_acf,36,-0.028525086099169043,0.05,False
2020-01-01,2023-12-31,Austria,sarima_p0_d1_q0_P0_D0_Q1_s24,0,1,0,0,0,1,24,48,1,48,35016,0.05,True,joint Ljung-Box and residual ACF rule,[],residual_acf,37,-0.04950573470838693,0.05,False
2020-01-01,2023-12-31,Austria,sarima_p0_d1_q0_P0_D0_Q1_s24,0,1,0,0,0,1,24,48,1,48,35016,0.05,True,joint Ljung-Box and residual ACF rule,[],residual_acf,38,-0.12341313747074546,0.05,True
2020-01-01,2023-12-31,Austria,sarima_p0_d1_q0_P0_D0_Q1_s24,0,1,0,0,0,1,24,48,1,48,35016,0.05,True,joint Ljung-Box and residual ACF rule,[],residual_acf,39,-0.15957849998401039,0.05,True
2020-01-01,2023-12-31,Austria,sarima_p0_d1_q0_P0_D0_Q1_s24,0,1,0,0,0,1,24,48,1,48,35016,0.05,True,joint Ljung-Box and residual ACF rule,[],residual_acf,40,-0.2073036591848804,0.05,True
2020-01-01,2023-12-31,Austria,sarima_p0_d1_q0_P0_D0_Q1_s24,0,1,0,0,0,1,24,48,1,48,35016,0.05,True,joint Ljung-Box and residual ACF rule,[],residual_acf,41,-0.23265634877888394,0.05,True
2020-01-01,2023-12-31,Austria,sarima_p0_d1_q0_P0_D0_Q1_s24,0,1,0,0,0,1,24,48,1,48,35016,0.05,True,joint Ljung-Box and residual ACF rule,[],residual_acf,42,-0.2160614590341279,0.05,True
2020-01-01,2023-12-31,Austria,sarima_p0_d1_q0_P0_D0_Q1_s24,0,1,0,0,0,1,24,48,1,48,35016,0.05,True,joint Ljung-Box and residual ACF rule,[],residual_acf,43,-0.13377605618588417,0.05,True
2020-01-01,2023-12-31,Austria,sarima_p0_d1_q0_P0_D0_Q1_s24,0,1,0,0,0,1,24,48,1,48,35016,0.05,True,joint Ljung-Box and residual ACF rule,[],residual_acf,44,-0.02172239976465438,0.05,False
2020-01-01,2023-12-31,Austria,sarima_p0_d1_q0_P0_D0_Q1_s24,0,1,0,0,0,1,24,48,1,48,35016,0.05,True,joint Ljung-Box and residual ACF rule,[],residual_acf,45,0.10262890739180033,0.05,True
2020-01-01,2023-12-31,Austria,sarima_p0_d1_q0_P0_D0_Q1_s24,0,1,0,0,0,1,24,48,1,48,35016,0.05,True,joint Ljung-Box and residual ACF rule,[],residual_acf,46,0.3056868769988471,0.05,True
2020-01-01,2023-12-31,Austria,sarima_p0_d1_q0_P0_D0_Q1_s24,0,1,0,0,0,1,24,48,1,48,35016,0.05,True,joint Ljung-Box and residual ACF rule,[],residual_acf,47,0.517001490311999,0.05,True
2020-01-01,2023-12-31,Austria,sarima_p0_d1_q0_P0_D0_Q1_s24,0,1,0,0,0,1,24,48,1,48,35016,0.05,True,joint Ljung-Box and residual ACF rule,[],residual_acf,48,0.7116332019500351,0.05,True
2020-01-01,2023-12-31,Austria,sarima_p0_d1_q0_P0_D0_Q1_s24,0,1,0,0,0,1,24,48,1,48,35016,0.05,True,joint Ljung-Box and residual ACF rule,[],ljung_box_statistic,24,53222.313310135156,0.05,True
2020-01-01,2023-12-31,Austria,sarima_p0_d1_q0_P0_D0_Q1_s24,0,1,0,0,0,1,24,48,1,48,35016,0.05,True,joint Ljung-Box and residual ACF rule,[],ljung_box_pvalue,24,0.0,0.05,True
2020-01-01,2023-12-31,Austria,sarima_p0_d1_q0_P0_D0_Q1_s24,0,1,0,0,0,1,24,48,1,48,35016,0.05,True,joint Ljung-Box and residual ACF rule,[],ljung_box_statistic,48,106266.33407060058,0.05,True
2020-01-01,2023-12-31,Austria,sarima_p0_d1_q0_P0_D0_Q1_s24,0,1,0,0,0,1,24,48,1,48,35016,0.05,True,joint Ljung-Box and residual ACF rule,[],ljung_box_pvalue,48,0.0,0.05,True
2020-01-01,2023-12-31,Austria,sarima_p1_d1_q0_P1_D0_Q0_s24,1,1,0,1,0,0,24,48,1,48,35016,0.05,True,joint Ljung-Box and residual ACF rule,[],residual_acf,1,0.13084462355137375,0.05,True
2020-01-01,2023-12-31,Austria,sarima_p1_d1_q0_P1_D0_Q0_s24,1,1,0,1,0,0,24,48,1,48,35016,0.05,True,joint Ljung-Box and residual ACF rule,[],residual_acf,2,-0.04970371282277182,0.05,False
2020-01-01,2023-12-31,Austria,sarima_p1_d1_q0_P1_D0_Q0_s24,1,1,0,1,0,0,24,48,1,48,35016,0.05,True,joint Ljung-Box and residual ACF rule,[],residual_acf,3,-0.1694016048412475,0.05,True
2020-01-01,2023-12-31,Austria,sarima_p1_d1_q0_P1_D0_Q0_s24,1,1,0,1,0,0,24,48,1,48,35016,0.05,True,joint Ljung-Box and residual ACF rule,[],residual_acf,4,-0.10610683181657493,0.05,True
2020-01-01,2023-12-31,Austria,sarima_p1_d1_q0_P1_D0_Q0_s24,1,1,0,1,0,0,24,48,1,48,35016,0.05,True,joint Ljung-Box and residual ACF rule,[],residual_acf,5,-0.04563983400528836,0.05,False
2020-01-01,2023-12-31,Austria,sarima_p1_d1_q0_P1_D0_Q0_s24,1,1,0,1,0,0,24,48,1,48,35016,0.05,True,joint Ljung-Box and residual ACF rule,[],residual_acf,6,-0.024279124460696005,0.05,False
2020-01-01,2023-12-31,Austria,sarima_p1_d1_q0_P1_D0_Q0_s24,1,1,0,1,0,0,24,48,1,48,35016,0.05,True,joint Ljung-Box and residual ACF rule,[],residual_acf,7,0.031325844151679855,0.05,False
2020-01-01,2023-12-31,Austria,sarima_p1_d1_q0_P1_D0_Q0_s24,1,1,0,1,0,0,24,48,1,48,35016,0.05,True,joint Ljung-Box and residual ACF rule,[],residual_acf,8,0.00014129874657529878,0.05,False
2020-01-01,2023-12-31,Austria,sarima_p1_d1_q0_P1_D0_Q0_s24,1,1,0,1,0,0,24,48,1,48,35016,0.05,True,joint Ljung-Box and residual ACF rule,[],residual_acf,9,-0.002099364568571077,0.05,False
2020-01-01,2023-12-31,Austria,sarima_p1_d1_q0_P1_D0_Q0_s24,1,1,0,1,0,0,24,48,1,48,35016,0.05,True,joint Ljung-Box and residual ACF rule,[],residual_acf,10,-0.024969410841921693,0.05,False
2020-01-01,2023-12-31,Austria,sarima_p1_d1_q0_P1_D0_Q0_s24,1,1,0,1,0,0,24,48,1,48,35016,0.05,True,joint Ljung-Box and residual ACF rule,[],residual_acf,11,0.032771031266309814,0.05,False
2020-01-01,2023-12-31,Austria,sarima_p1_d1_q0_P1_D0_Q0_s24,1,1,0,1,0,0,24,48,1,48,35016,0.05,True,joint Ljung-Box and residual ACF rule,[],residual_acf,12,0.046958652465751545,0.05,False
2020-01-01,2023-12-31,Austria,sarima_p1_d1_q0_P1_D0_Q0_s24,1,1,0,1,0,0,24,48,1,48,35016,0.05,True,joint Ljung-Box and residual ACF rule,[],residual_acf,13,0.012203744399291587,0.05,False
2020-01-01,2023-12-31,Austria,sarima_p1_d1_q0_P1_D0_Q0_s24,1,1,0,1,0,0,24,48,1,48,35016,0.05,True,joint Ljung-Box and residual ACF rule,[],residual_acf,14,-0.06453165933094634,0.05,True
2020-01-01,2023-12-31,Austria,sarima_p1_d1_q0_P1_D0_Q0_s24,1,1,0,1,0,0,24,48,1,48,35016,0.05,True,joint Ljung-Box and residual ACF rule,[],residual_acf,15,-0.09642634966894285,0.05,True
2020-01-01,2023-12-31,Austria,sarima_p1_d1_q0_P1_D0_Q0_s24,1,1,0,1,0,0,24,48,1,48,35016,0.05,True,joint Ljung-Box and residual ACF rule,[],residual_acf,16,-0.07391880121654383,0.05,True
2020-01-01,2023-12-31,Austria,sarima_p1_d1_q0_P1_D0_Q0_s24,1,1,0,1,0,0,24,48,1,48,35016,0.05,True,joint Ljung-Box and residual ACF rule,[],residual_acf,17,-0.032968072605332105,0.05,False
2020-01-01,2023-12-31,Austria,sarima_p1_d1_q0_P1_D0_Q0_s24,1,1,0,1,0,0,24,48,1,48,35016,0.05,True,joint Ljung-Box and residual ACF rule,[],residual_acf,18,-0.007189663466202764,0.05,False
2020-01-01,2023-12-31,Austria,sarima_p1_d1_q0_P1_D0_Q0_s24,1,1,0,1,0,0,24,48,1,48,35016,0.05,True,joint Ljung-Box and residual ACF rule,[],residual_acf,19,0.02040424511660677,0.05,False
2020-01-01,2023-12-31,Austria,sarima_p1_d1_q0_P1_D0_Q0_s24,1,1,0,1,0,0,24,48,1,48,35016,0.05,True,joint Ljung-Box and residual ACF rule,[],residual_acf,20,0.03097809185929022,0.05,False
2020-01-01,2023-12-31,Austria,sarima_p1_d1_q0_P1_D0_Q0_s24,1,1,0,1,0,0,24,48,1,48,35016,0.05,True,joint Ljung-Box and residual ACF rule,[],residual_acf,21,0.018407179460832545,0.05,False
2020-01-01,2023-12-31,Austria,sarima_p1_d1_q0_P1_D0_Q0_s24,1,1,0,1,0,0,24,48,1,48,35016,0.05,True,joint Ljung-Box and residual ACF rule,[],residual_acf,22,-0.0036742899678193076,0.05,False
2020-01-01,2023-12-31,Austria,sarima_p1_d1_q0_P1_D0_Q0_s24,1,1,0,1,0,0,24,48,1,48,35016,0.05,True,joint Ljung-Box and residual ACF rule,[],residual_acf,23,0.05965193400036737,0.05,True
2020-01-01,2023-12-31,Austria,sarima_p1_d1_q0_P1_D0_Q0_s24,1,1,0,1,0,0,24,48,1,48,35016,0.05,True,joint Ljung-Box and residual ACF rule,[],residual_acf,24,-0.1876175740904839,0.05,True
2020-01-01,2023-12-31,Austria,sarima_p1_d1_q0_P1_D0_Q0_s24,1,1,0,1,0,0,24,48,1,48,35016,0.05,True,joint Ljung-Box and residual ACF rule,[],residual_acf,25,0.0728327986107636,0.05,True
2020-01-01,2023-12-31,Austria,sarima_p1_d1_q0_P1_D0_Q0_s24,1,1,0,1,0,0,24,48,1,48,35016,0.05,True,joint Ljung-Box and residual ACF rule,[],residual_acf,26,0.02782065171735622,0.05,False
2020-01-01,2023-12-31,Austria,sarima_p1_d1_q0_P1_D0_Q0_s24,1,1,0,1,0,0,24,48,1,48,35016,0.05,True,joint Ljung-Box and residual ACF rule,[],residual_acf,27,0.01437989716818586,0.05,False
2020-01-01,2023-12-31,Austria,sarima_p1_d1_q0_P1_D0_Q0_s24,1,1,0,1,0,0,24,48,1,48,35016,0.05,True,joint Ljung-Box and residual ACF rule,[],residual_acf,28,-0.00831904740800898,0.05,False
2020-01-01,2023-12-31,Austria,sarima_p1_d1_q0_P1_D0_Q0_s24,1,1,0,1,0,0,24,48,1,48,35016,0.05,True,joint Ljung-Box and residual ACF rule,[],residual_acf,29,-0.023247252374294047,0.05,False
2020-01-01,2023-12-31,Austria,sarima_p1_d1_q0_P1_D0_Q0_s24,1,1,0,1,0,0,24,48,1,48,35016,0.05,True,joint Ljung-Box and residual ACF rule,[],residual_acf,30,-0.020484955113743205,0.05,False
2020-01-01,2023-12-31,Austria,sarima_p1_d1_q0_P1_D0_Q0_s24,1,1,0,1,0,0,24,48,1,48,35016,0.05,True,joint Ljung-Box and residual ACF rule,[],residual_acf,31,-0.028826043191185927,0.05,False
2020-01-01,2023-12-31,Austria,sarima_p1_d1_q0_P1_D0_Q0_s24,1,1,0,1,0,0,24,48,1,48,35016,0.05,True,joint Ljung-Box and residual ACF rule,[],residual_acf,32,0.02416611433854988,0.05,False
2020-01-01,2023-12-31,Austria,sarima_p1_d1_q0_P1_D0_Q0_s24,1,1,0,1,0,0,24,48,1,48,35016,0.05,True,joint Ljung-Box and residual ACF rule,[],residual_acf,33,0.016091122604983066,0.05,False
2020-01-01,2023-12-31,Austria,sarima_p1_d1_q0_P1_D0_Q0_s24,1,1,0,1,0,0,24,48,1,48,35016,0.05,True,joint Ljung-Box and residual ACF rule,[],residual_acf,34,0.02160878283555246,0.05,False
2020-01-01,2023-12-31,Austria,sarima_p1_d1_q0_P1_D0_Q0_s24,1,1,0,1,0,0,24,48,1,48,35016,0.05,True,joint Ljung-Box and residual ACF rule,[],residual_acf,35,0.004175683938195482,0.05,False
2020-01-01,2023-12-31,Austria,sarima_p1_d1_q0_P1_D0_Q0_s24,1,1,0,1,0,0,24,48,1,48,35016,0.05,True,joint Ljung-Box and residual ACF rule,[],residual_acf,36,-0.020906045271727285,0.05,False
2020-01-01,2023-12-31,Austria,sarima_p1_d1_q0_P1_D0_Q0_s24,1,1,0,1,0,0,24,48,1,48,35016,0.05,True,joint Ljung-Box and residual ACF rule,[],residual_acf,37,-0.007757343000479562,0.05,False
2020-01-01,2023-12-31,Austria,sarima_p1_d1_q0_P1_D0_Q0_s24,1,1,0,1,0,0,24,48,1,48,35016,0.05,True,joint Ljung-Box and residual ACF rule,[],residual_acf,38,-0.010034402427842322,0.05,False
2020-01-01,2023-12-31,Austria,sarima_p1_d1_q0_P1_D0_Q0_s24,1,1,0,1,0,0,24,48,1,48,35016,0.05,True,joint Ljung-Box and residual ACF rule,[],residual_acf,39,0.015192304812988638,0.05,False
2020-01-01,2023-12-31,Austria,sarima_p1_d1_q0_P1_D0_Q0_s24,1,1,0,1,0,0,24,48,1,48,35016,0.05,True,joint Ljung-Box and residual ACF rule,[],residual_acf,40,-0.013750477074024199,0.05,False
2020-01-01,2023-12-31,Austria,sarima_p1_d1_q0_P1_D0_Q0_s24,1,1,0,1,0,0,24,48,1,48,35016,0.05,True,joint Ljung-Box and residual ACF rule,[],residual_acf,41,-0.02901075220323882,0.05,False
2020-01-01,2023-12-31,Austria,sarima_p1_d1_q0_P1_D0_Q0_s24,1,1,0,1,0,0,24,48,1,48,35016,0.05,True,joint Ljung-Box and residual ACF rule,[],residual_acf,42,-0.015700940151454696,0.05,False
2020-01-01,2023-12-31,Austria,sarima_p1_d1_q0_P1_D0_Q0_s24,1,1,0,1,0,0,24,48,1,48,35016,0.05,True,joint Ljung-Box and residual ACF rule,[],residual_acf,43,-0.009584435573702822,0.05,False
2020-01-01,2023-12-31,Austria,sarima_p1_d1_q0_P1_D0_Q0_s24,1,1,0,1,0,0,24,48,1,48,35016,0.05,True,joint Ljung-Box and residual ACF rule,[],residual_acf,44,0.02604366958365479,0.05,False
2020-01-01,2023-12-31,Austria,sarima_p1_d1_q0_P1_D0_Q0_s24,1,1,0,1,0,0,24,48,1,48,35016,0.05,True,joint Ljung-Box and residual ACF rule,[],residual_acf,45,0.029981919825169342,0.05,False
2020-01-01,2023-12-31,Austria,sarima_p1_d1_q0_P1_D0_Q0_s24,1,1,0,1,0,0,24,48,1,48,35016,0.05,True,joint Ljung-Box and residual ACF rule,[],residual_acf,46,0.03692661770312333,0.05,False
2020-01-01,2023-12-31,Austria,sarima_p1_d1_q0_P1_D0_Q0_s24,1,1,0,1,0,0,24,48,1,48,35016,0.05,True,joint Ljung-Box and residual ACF rule,[],residual_acf,47,-0.04734130538087509,0.05,False
2020-01-01,2023-12-31,Austria,sarima_p1_d1_q0_P1_D0_Q0_s24,1,1,0,1,0,0,24,48,1,48,35016,0.05,True,joint Ljung-Box and residual ACF rule,[],residual_acf,48,-0.08189365056529012,0.05,True
2020-01-01,2023-12-31,Austria,sarima_p1_d1_q0_P1_D0_Q0_s24,1,1,0,1,0,0,24,48,1,48,35016,0.05,True,joint Ljung-Box and residual ACF rule,[],ljung_box_statistic,24,4477.066314404368,0.05,True
2020-01-01,2023-12-31,Austria,sarima_p1_d1_q0_P1_D0_Q0_s24,1,1,0,1,0,0,24,48,1,48,35016,0.05,True,joint Ljung-Box and residual ACF rule,[],ljung_box_pvalue,24,0.0,0.05,True
2020-01-01,2023-12-31,Austria,sarima_p1_d1_q0_P1_D0_Q0_s24,1,1,0,1,0,0,24,48,1,48,35016,0.05,True,joint Ljung-Box and residual ACF rule,[],ljung_box_statistic,48,5302.970691929205,0.05,True
2020-01-01,2023-12-31,Austria,sarima_p1_d1_q0_P1_D0_Q0_s24,1,1,0,1,0,0,24,48,1,48,35016,0.05,True,joint Ljung-Box and residual ACF rule,[],ljung_box_pvalue,48,0.0,0.05,True
2020-01-01,2023-12-31,Austria,sarima_p0_d1_q1_P0_D0_Q1_s24,0,1,1,0,0,1,24,48,1,48,35016,0.05,True,joint Ljung-Box and residual ACF rule,[],residual_acf,1,0.2627146951991749,0.05,True
2020-01-01,2023-12-31,Austria,sarima_p0_d1_q1_P0_D0_Q1_s24,0,1,1,0,0,1,24,48,1,48,35016,0.05,True,joint Ljung-Box and residual ACF rule,[],residual_acf,2,0.3857700604616377,0.05,True
2020-01-01,2023-12-31,Austria,sarima_p0_d1_q1_P0_D0_Q1_s24,0,1,1,0,0,1,24,48,1,48,35016,0.05,True,joint Ljung-Box and residual ACF rule,[],residual_acf,3,-0.04947803827668978,0.05,False
2020-01-01,2023-12-31,Austria,sarima_p0_d1_q1_P0_D0_Q1_s24,0,1,1,0,0,1,24,48,1,48,35016,0.05,True,joint Ljung-Box and residual ACF rule,[],residual_acf,4,0.029206545983344906,0.05,False
2020-01-01,2023-12-31,Austria,sarima_p0_d1_q1_P0_D0_Q1_s24,0,1,1,0,0,1,24,48,1,48,35016,0.05,True,joint Ljung-Box and residual ACF rule,[],residual_acf,5,-0.13856548340893018,0.05,True
2020-01-01,2023-12-31,Austria,sarima_p0_d1_q1_P0_D0_Q1_s24,0,1,1,0,0,1,24,48,1,48,35016,0.05,True,joint Ljung-Box and residual ACF rule,[],residual_acf,6,-0.16192706378091173,0.05,True
2020-01-01,2023-12-31,Austria,sarima_p0_d1_q1_P0_D0_Q1_s24,0,1,1,0,0,1,24,48,1,48,35016,0.05,True,joint Ljung-Box and residual ACF rule,[],residual_acf,7,-0.15602027681833142,0.05,True
2020-01-01,2023-12-31,Austria,sarima_p0_d1_q1_P0_D0_Q1_s24,0,1,1,0,0,1,24,48,1,48,35016,0.05,True,joint Ljung-Box and residual ACF rule,[],residual_acf,8,-0.16736701743869015,0.05,True
2020-01-01,2023-12-31,Austria,sarima_p0_d1_q1_P0_D0_Q1_s24,0,1,1,0,0,1,24,48,1,48,35016,0.05,True,joint Ljung-Box and residual ACF rule,[],residual_acf,9,-0.08020864537068975,0.05,True
2020-01-01,2023-12-31,Austria,sarima_p0_d1_q1_P0_D0_Q1_s24,0,1,1,0,0,1,24,48,1,48,35016,0.05,True,joint Ljung-Box and residual ACF rule,[],residual_acf,10,-0.14212624863858658,0.05,True
2020-01-01,2023-12-31,Austria,sarima_p0_d1_q1_P0_D0_Q1_s24,0,1,1,0,0,1,24,48,1,48,35016,0.05,True,joint Ljung-Box and residual ACF rule,[],residual_acf,11,0.028287119780947022,0.05,False
2020-01-01,2023-12-31,Austria,sarima_p0_d1_q1_P0_D0_Q1_s24,0,1,1,0,0,1,24,48,1,48,35016,0.05,True,joint Ljung-Box and residual ACF rule,[],residual_acf,12,-0.04554536373652363,0.05,False
2020-01-01,2023-12-31,Austria,sarima_p0_d1_q1_P0_D0_Q1_s24,0,1,1,0,0,1,24,48,1,48,35016,0.05,True,joint Ljung-Box and residual ACF rule,[],residual_acf,13,0.011026885118854631,0.05,False
2020-01-01,2023-12-31,Austria,sarima_p0_d1_q1_P0_D0_Q1_s24,0,1,1,0,0,1,24,48,1,48,35016,0.05,True,joint Ljung-Box and residual ACF rule,[],residual_acf,14,-0.15933921408114118,0.05,True
2020-01-01,2023-12-31,Austria,sarima_p0_d1_q1_P0_D0_Q1_s24,0,1,1,0,0,1,24,48,1,48,35016,0.05,True,joint Ljung-Box and residual ACF rule,[],residual_acf,15,-0.13794293716351957,0.05,True
2020-01-01,2023-12-31,Austria,sarima_p0_d1_q1_P0_D0_Q1_s24,0,1,1,0,0,1,24,48,1,48,35016,0.05,True,joint Ljung-Box and residual ACF rule,[],residual_acf,16,-0.19000051233218163,0.05,True
2020-01-01,2023-12-31,Austria,sarima_p0_d1_q1_P0_D0_Q1_s24,0,1,1,0,0,1,24,48,1,48,35016,0.05,True,joint Ljung-Box and residual ACF rule,[],residual_acf,17,-0.18540531880973926,0.05,True
2020-01-01,2023-12-31,Austria,sarima_p0_d1_q1_P0_D0_Q1_s24,0,1,1,0,0,1,24,48,1,48,35016,0.05,True,joint Ljung-Box and residual ACF rule,[],residual_acf,18,-0.16253357906607308,0.05,True
2020-01-01,2023-12-31,Austria,sarima_p0_d1_q1_P0_D0_Q1_s24,0,1,1,0,0,1,24,48,1,48,35016,0.05,True,joint Ljung-Box and residual ACF rule,[],residual_acf,19,-0.0966855414385605,0.05,True
2020-01-01,2023-12-31,Austria,sarima_p0_d1_q1_P0_D0_Q1_s24,0,1,1,0,0,1,24,48,1,48,35016,0.05,True,joint Ljung-Box and residual ACF rule,[],residual_acf,20,0.01322120996540071,0.05,False
2020-01-01,2023-12-31,Austria,sarima_p0_d1_q1_P0_D0_Q1_s24,0,1,1,0,0,1,24,48,1,48,35016,0.05,True,joint Ljung-Box and residual ACF rule,[],residual_acf,21,0.0471306111831549,0.05,False
2020-01-01,2023-12-31,Austria,sarima_p0_d1_q1_P0_D0_Q1_s24,0,1,1,0,0,1,24,48,1,48,35016,0.05,True,joint Ljung-Box and residual ACF rule,[],residual_acf,22,0.1911323035777799,0.05,True
2020-01-01,2023-12-31,Austria,sarima_p0_d1_q1_P0_D0_Q1_s24,0,1,1,0,0,1,24,48,1,48,35016,0.05,True,joint Ljung-Box and residual ACF rule,[],residual_acf,23,0.2955459118378336,0.05,True
2020-01-01,2023-12-31,Austria,sarima_p0_d1_q1_P0_D0_Q1_s24,0,1,1,0,0,1,24,48,1,48,35016,0.05,True,joint Ljung-Box and residual ACF rule,[],residual_acf,24,0.3593527249352249,0.05,True
2020-01-01,2023-12-31,Austria,sarima_p0_d1_q1_P0_D0_Q1_s24,0,1,1,0,0,1,24,48,1,48,35016,0.05,True,joint Ljung-Box and residual ACF rule,[],residual_acf,25,0.2974370492633746,0.05,True
2020-01-01,2023-12-31,Austria,sarima_p0_d1_q1_P0_D0_Q1_s24,0,1,1,0,0,1,24,48,1,48,35016,0.05,True,joint Ljung-Box and residual ACF rule,[],residual_acf,26,0.19430831956910743,0.05,True
2020-01-01,2023-12-31,Austria,sarima_p0_d1_q1_P0_D0_Q1_s24,0,1,1,0,0,1,24,48,1,48,35016,0.05,True,joint Ljung-Box and residual ACF rule,[],residual_acf,27,0.0455537986003575,0.05,False
2020-01-01,2023-12-31,Austria,sarima_p0_d1_q1_P0_D0_Q1_s24,0,1,1,0,0,1,24,48,1,48,35016,0.05,True,joint Ljung-Box and residual ACF rule,[],residual_acf,28,0.004323103941902445,0.05,False
2020-01-01,2023-12-31,Austria,sarima_p0_d1_q1_P0_D0_Q1_s24,0,1,1,0,0,1,24,48,1,48,35016,0.05,True,joint Ljung-Box and residual ACF rule,[],residual_acf,29,-0.10137401826014059,0.05,True
2020-01-01,2023-12-31,Austria,sarima_p0_d1_q1_P0_D0_Q1_s24,0,1,1,0,0,1,24,48,1,48,35016,0.05,True,joint Ljung-Box and residual ACF rule,[],residual_acf,30,-0.15453032043885342,0.05,True
2020-01-01,2023-12-31,Austria,sarima_p0_d1_q1_P0_D0_Q1_s24,0,1,1,0,0,1,24,48,1,48,35016,0.05,True,joint Ljung-Box and residual ACF rule,[],residual_acf,31,-0.17363632739538304,0.05,True
2020-01-01,2023-12-31,Austria,sarima_p0_d1_q1_P0_D0_Q1_s24,0,1,1,0,0,1,24,48,1,48,35016,0.05,True,joint Ljung-Box and residual ACF rule,[],residual_acf,32,-0.15323436536690346,0.05,True
2020-01-01,2023-12-31,Austria,sarima_p0_d1_q1_P0_D0_Q1_s24,0,1,1,0,0,1,24,48,1,48,35016,0.05,True,joint Ljung-Box and residual ACF rule,[],residual_acf,33,-0.1065657397167509,0.05,True
2020-01-01,2023-12-31,Austria,sarima_p0_d1_q1_P0_D0_Q1_s24,0,1,1,0,0,1,24,48,1,48,35016,0.05,True,joint Ljung-Box and residual ACF rule,[],residual_acf,34,-0.12503618152109797,0.05,True
2020-01-01,2023-12-31,Austria,sarima_p0_d1_q1_P0_D0_Q1_s24,0,1,1,0,0,1,24,48,1,48,35016,0.05,True,joint Ljung-Box and residual ACF rule,[],residual_acf,35,0.01585653334860158,0.05,False
2020-01-01,2023-12-31,Austria,sarima_p0_d1_q1_P0_D0_Q1_s24,0,1,1,0,0,1,24,48,1,48,35016,0.05,True,joint Ljung-Box and residual ACF rule,[],residual_acf,36,-0.05117032209877677,0.05,True
2020-01-01,2023-12-31,Austria,sarima_p0_d1_q1_P0_D0_Q1_s24,0,1,1,0,0,1,24,48,1,48,35016,0.05,True,joint Ljung-Box and residual ACF rule,[],residual_acf,37,0.017784872837144066,0.05,False
2020-01-01,2023-12-31,Austria,sarima_p0_d1_q1_P0_D0_Q1_s24,0,1,1,0,0,1,24,48,1,48,35016,0.05,True,joint Ljung-Box and residual ACF rule,[],residual_acf,38,-0.1376125454788752,0.05,True
2020-01-01,2023-12-31,Austria,sarima_p0_d1_q1_P0_D0_Q1_s24,0,1,1,0,0,1,24,48,1,48,35016,0.05,True,joint Ljung-Box and residual ACF rule,[],residual_acf,39,-0.08244908097773065,0.05,True
2020-01-01,2023-12-31,Austria,sarima_p0_d1_q1_P0_D0_Q1_s24,0,1,1,0,0,1,24,48,1,48,35016,0.05,True,joint Ljung-Box and residual ACF rule,[],residual_acf,40,-0.16659147877584551,0.05,True
2020-01-01,2023-12-31,Austria,sarima_p0_d1_q1_P0_D0_Q1_s24,0,1,1,0,0,1,24,48,1,48,35016,0.05,True,joint Ljung-Box and residual ACF rule,[],residual_acf,41,-0.163277640522937,0.05,True
2020-01-01,2023-12-31,Austria,sarima_p0_d1_q1_P0_D0_Q1_s24,0,1,1,0,0,1,24,48,1,48,35016,0.05,True,joint Ljung-Box and residual ACF rule,[],residual_acf,42,-0.15713267596384023,0.05,True
2020-01-01,2023-12-31,Austria,sarima_p0_d1_q1_P0_D0_Q1_s24,0,1,1,0,0,1,24,48,1,48,35016,0.05,True,joint Ljung-Box and residual ACF rule,[],residual_acf,43,-0.11727913427354508,0.05,True
2020-01-01,2023-12-31,Austria,sarima_p0_d1_q1_P0_D0_Q1_s24,0,1,1,0,0,1,24,48,1,48,35016,0.05,True,joint Ljung-Box and residual ACF rule,[],residual_acf,44,0.03202284785698052,0.05,False
2020-01-01,2023-12-31,Austria,sarima_p0_d1_q1_P0_D0_Q1_s24,0,1,1,0,0,1,24,48,1,48,35016,0.05,True,joint Ljung-Box and residual ACF rule,[],residual_acf,45,-0.01042628156077426,0.05,False
2020-01-01,2023-12-31,Austria,sarima_p0_d1_q1_P0_D0_Q1_s24,0,1,1,0,0,1,24,48,1,48,35016,0.05,True,joint Ljung-Box and residual ACF rule,[],residual_acf,46,0.30018023302237484,0.05,True
2020-01-01,2023-12-31,Austria,sarima_p0_d1_q1_P0_D0_Q1_s24,0,1,1,0,0,1,24,48,1,48,35016,0.05,True,joint Ljung-Box and residual ACF rule,[],residual_acf,47,0.21605460735144066,0.05,True
2020-01-01,2023-12-31,Austria,sarima_p0_d1_q1_P0_D0_Q1_s24,0,1,1,0,0,1,24,48,1,48,35016,0.05,True,joint Ljung-Box and residual ACF rule,[],residual_acf,48,0.6811675028061188,0.05,True
2020-01-01,2023-12-31,Austria,sarima_p0_d1_q1_P0_D0_Q1_s24,0,1,1,0,0,1,24,48,1,48,35016,0.05,True,joint Ljung-Box and residual ACF rule,[],ljung_box_statistic,24,26434.68209330589,0.05,True
2020-01-01,2023-12-31,Austria,sarima_p0_d1_q1_P0_D0_Q1_s24,0,1,1,0,0,1,24,48,1,48,35016,0.05,True,joint Ljung-Box and residual ACF rule,[],ljung_box_pvalue,24,0.0,0.05,True
2020-01-01,2023-12-31,Austria,sarima_p0_d1_q1_P0_D0_Q1_s24,0,1,1,0,0,1,24,48,1,48,35016,0.05,True,joint Ljung-Box and residual ACF rule,[],ljung_box_statistic,48,60330.060083511205,0.05,True
2020-01-01,2023-12-31,Austria,sarima_p0_d1_q1_P0_D0_Q1_s24,0,1,1,0,0,1,24,48,1,48,35016,0.05,True,joint Ljung-Box and residual ACF rule,[],ljung_box_pvalue,48,0.0,0.05,True
2020-01-01,2023-12-31,Austria,sarima_p1_d1_q1_P1_D0_Q0_s24,1,1,1,1,0,0,24,48,1,48,35016,0.05,True,joint Ljung-Box and residual ACF rule,[],residual_acf,1,0.016835326694738507,0.05,False
2020-01-01,2023-12-31,Austria,sarima_p1_d1_q1_P1_D0_Q0_s24,1,1,1,1,0,0,24,48,1,48,35016,0.05,True,joint Ljung-Box and residual ACF rule,[],residual_acf,2,0.04786424011299738,0.05,False
2020-01-01,2023-12-31,Austria,sarima_p1_d1_q1_P1_D0_Q0_s24,1,1,1,1,0,0,24,48,1,48,35016,0.05,True,joint Ljung-Box and residual ACF rule,[],residual_acf,3,-0.12455332159781962,0.05,True
2020-01-01,2023-12-31,Austria,sarima_p1_d1_q1_P1_D0_Q0_s24,1,1,1,1,0,0,24,48,1,48,35016,0.05,True,joint Ljung-Box and residual ACF rule,[],residual_acf,4,-0.0650687325473577,0.05,True
2020-01-01,2023-12-31,Austria,sarima_p1_d1_q1_P1_D0_Q0_s24,1,1,1,1,0,0,24,48,1,48,35016,0.05,True,joint Ljung-Box and residual ACF rule,[],residual_acf,5,-0.032755484443299406,0.05,False
2020-01-01,2023-12-31,Austria,sarima_p1_d1_q1_P1_D0_Q0_s24,1,1,1,1,0,0,24,48,1,48,35016,0.05,True,joint Ljung-Box and residual ACF rule,[],residual_acf,6,-0.03125243981622948,0.05,False
2020-01-01,2023-12-31,Austria,sarima_p1_d1_q1_P1_D0_Q0_s24,1,1,1,1,0,0,24,48,1,48,35016,0.05,True,joint Ljung-Box and residual ACF rule,[],residual_acf,7,0.028724337859403752,0.05,False
2020-01-01,2023-12-31,Austria,sarima_p1_d1_q1_P1_D0_Q0_s24,1,1,1,1,0,0,24,48,1,48,35016,0.05,True,joint Ljung-Box and residual ACF rule,[],residual_acf,8,-0.010839544339914164,0.05,False
2020-01-01,2023-12-31,Austria,sarima_p1_d1_q1_P1_D0_Q0_s24,1,1,1,1,0,0,24,48,1,48,35016,0.05,True,joint Ljung-Box and residual ACF rule,[],residual_acf,9,0.003924375601380365,0.05,False
2020-01-01,2023-12-31,Austria,sarima_p1_d1_q1_P1_D0_Q0_s24,1,1,1,1,0,0,24,48,1,48,35016,0.05,True,joint Ljung-Box and residual ACF rule,[],residual_acf,10,-0.029758351934724977,0.05,False
2020-01-01,2023-12-31,Austria,sarima_p1_d1_q1_P1_D0_Q0_s24,1,1,1,1,0,0,24,48,1,48,35016,0.05,True,joint Ljung-Box and residual ACF rule,[],residual_acf,11,0.027760569797402795,0.05,False
2020-01-01,2023-12-31,Austria,sarima_p1_d1_q1_P1_D0_Q0_s24,1,1,1,1,0,0,24,48,1,48,35016,0.05,True,joint Ljung-Box and residual ACF rule,[],residual_acf,12,0.02957443604644328,0.05,False
2020-01-01,2023-12-31,Austria,sarima_p1_d1_q1_P1_D0_Q0_s24,1,1,1,1,0,0,24,48,1,48,35016,0.05,True,joint Ljung-Box and residual ACF rule,[],residual_acf,13,0.004787575158325795,0.05,False
2020-01-01,2023-12-31,Austria,sarima_p1_d1_q1_P1_D0_Q0_s24,1,1,1,1,0,0,24,48,1,48,35016,0.05,True,joint Ljung-Box and residual ACF rule,[],residual_acf,14,-0.06259610962822268,0.05,True
2020-01-01,2023-12-31,Austria,sarima_p1_d1_q1_P1_D0_Q0_s24,1,1,1,1,0,0,24,48,1,48,35016,0.05,True,joint Ljung-Box and residual ACF rule,[],residual_acf,15,-0.08617043036470619,0.05,True
2020-01-01,2023-12-31,Austria,sarima_p1_d1_q1_P1_D0_Q0_s24,1,1,1,1,0,0,24,48,1,48,35016,0.05,True,joint Ljung-Box and residual ACF rule,[],residual_acf,16,-0.06867745229949766,0.05,True
2020-01-01,2023-12-31,Austria,sarima_p1_d1_q1_P1_D0_Q0_s24,1,1,1,1,0,0,24,48,1,48,35016,0.05,True,joint Ljung-Box and residual ACF rule,[],residual_acf,17,-0.0343196817901713,0.05,False
2020-01-01,2023-12-31,Austria,sarima_p1_d1_q1_P1_D0_Q0_s24,1,1,1,1,0,0,24,48,1,48,35016,0.05,True,joint Ljung-Box and residual ACF rule,[],residual_acf,18,-0.01537152784447615,0.05,False
2020-01-01,2023-12-31,Austria,sarima_p1_d1_q1_P1_D0_Q0_s24,1,1,1,1,0,0,24,48,1,48,35016,0.05,True,joint Ljung-Box and residual ACF rule,[],residual_acf,19,0.011344188061995,0.05,False
2020-01-01,2023-12-31,Austria,sarima_p1_d1_q1_P1_D0_Q0_s24,1,1,1,1,0,0,24,48,1,48,35016,0.05,True,joint Ljung-Box and residual ACF rule,[],residual_acf,20,0.02045926485991189,0.05,False
2020-01-01,2023-12-31,Austria,sarima_p1_d1_q1_P1_D0_Q0_s24,1,1,1,1,0,0,24,48,1,48,35016,0.05,True,joint Ljung-Box and residual ACF rule,[],residual_acf,21,0.018788884650338823,0.05,False
2020-01-01,2023-12-31,Austria,sarima_p1_d1_q1_P1_D0_Q0_s24,1,1,1,1,0,0,24,48,1,48,35016,0.05,True,joint Ljung-Box and residual ACF rule,[],residual_acf,22,-0.027833153890538,0.05,False
2020-01-01,2023-12-31,Austria,sarima_p1_d1_q1_P1_D0_Q0_s24,1,1,1,1,0,0,24,48,1,48,35016,0.05,True,joint Ljung-Box and residual ACF rule,[],residual_acf,23,0.09592500199747953,0.05,True
2020-01-01,2023-12-31,Austria,sarima_p1_d1_q1_P1_D0_Q0_s24,1,1,1,1,0,0,24,48,1,48,35016,0.05,True,joint Ljung-Box and residual ACF rule,[],residual_acf,24,-0.20547412768885626,0.05,True
2020-01-01,2023-12-31,Austria,sarima_p1_d1_q1_P1_D0_Q0_s24,1,1,1,1,0,0,24,48,1,48,35016,0.05,True,joint Ljung-Box and residual ACF rule,[],residual_acf,25,0.10300586891103093,0.05,True
2020-01-01,2023-12-31,Austria,sarima_p1_d1_q1_P1_D0_Q0_s24,1,1,1,1,0,0,24,48,1,48,35016,0.05,True,joint Ljung-Box and residual ACF rule,[],residual_acf,26,-0.0004382527121184139,0.05,False
2020-01-01,2023-12-31,Austria,sarima_p1_d1_q1_P1_D0_Q0_s24,1,1,1,1,0,0,24,48,1,48,35016,0.05,True,joint Ljung-Box and residual ACF rule,[],residual_acf,27,0.014062232785393746,0.05,False
2020-01-01,2023-12-31,Austria,sarima_p1_d1_q1_P1_D0_Q0_s24,1,1,1,1,0,0,24,48,1,48,35016,0.05,True,joint Ljung-Box and residual ACF rule,[],residual_acf,28,-0.008775257413053072,0.05,False
2020-01-01,2023-12-31,Austria,sarima_p1_d1_q1_P1_D0_Q0_s24,1,1,1,1,0,0,24,48,1,48,35016,0.05,True,joint Ljung-Box and residual ACF rule,[],residual_acf,29,-0.02146040601185251,0.05,False
2020-01-01,2023-12-31,Austria,sarima_p1_d1_q1_P1_D0_Q0_s24,1,1,1,1,0,0,24,48,1,48,35016,0.05,True,joint Ljung-Box and residual ACF rule,[],residual_acf,30,-0.013362303955538526,0.05,False
2020-01-01,2023-12-31,Austria,sarima_p1_d1_q1_P1_D0_Q0_s24,1,1,1,1,0,0,24,48,1,48,35016,0.05,True,joint Ljung-Box and residual ACF rule,[],residual_acf,31,-0.031671431560042665,0.05,False
2020-01-01,2023-12-31,Austria,sarima_p1_d1_q1_P1_D0_Q0_s24,1,1,1,1,0,0,24,48,1,48,35016,0.05,True,joint Ljung-Box and residual ACF rule,[],residual_acf,32,0.025188596603018514,0.05,False
2020-01-01,2023-12-31,Austria,sarima_p1_d1_q1_P1_D0_Q0_s24,1,1,1,1,0,0,24,48,1,48,35016,0.05,True,joint Ljung-Box and residual ACF rule,[],residual_acf,33,0.006751844747532877,0.05,False
2020-01-01,2023-12-31,Austria,sarima_p1_d1_q1_P1_D0_Q0_s24,1,1,1,1,0,0,24,48,1,48,35016,0.05,True,joint Ljung-Box and residual ACF rule,[],residual_acf,34,0.01795425476316344,0.05,False
2020-01-01,2023-12-31,Austria,sarima_p1_d1_q1_P1_D0_Q0_s24,1,1,1,1,0,0,24,48,1,48,35016,0.05,True,joint Ljung-Box and residual ACF rule,[],residual_acf,35,0.004642585035701363,0.05,False
2020-01-01,2023-12-31,Austria,sarima_p1_d1_q1_P1_D0_Q0_s24,1,1,1,1,0,0,24,48,1,48,35016,0.05,True,joint Ljung-Box and residual ACF rule,[],residual_acf,36,-0.02034616889617554,0.05,False
2020-01-01,2023-12-31,Austria,sarima_p1_d1_q1_P1_D0_Q0_s24,1,1,1,1,0,0,24,48,1,48,35016,0.05,True,joint Ljung-Box and residual ACF rule,[],residual_acf,37,-0.0025896741876639162,0.05,False
2020-01-01,2023-12-31,Austria,sarima_p1_d1_q1_P1_D0_Q0_s24,1,1,1,1,0,0,24,48,1,48,35016,0.05,True,joint Ljung-Box and residual ACF rule,[],residual_acf,38,-0.016084745940566178,0.05,False
2020-01-01,2023-12-31,Austria,sarima_p1_d1_q1_P1_D0_Q0_s24,1,1,1,1,0,0,24,48,1,48,35016,0.05,True,joint Ljung-Box and residual ACF rule,[],residual_acf,39,0.014023285173826555,0.05,False
2020-01-01,2023-12-31,Austria,sarima_p1_d1_q1_P1_D0_Q0_s24,1,1,1,1,0,0,24,48,1,48,35016,0.05,True,joint Ljung-Box and residual ACF rule,[],residual_acf,40,-0.016213423143811637,0.05,False
2020-01-01,2023-12-31,Austria,sarima_p1_d1_q1_P1_D0_Q0_s24,1,1,1,1,0,0,24,48,1,48,35016,0.05,True,joint Ljung-Box and residual ACF rule,[],residual_acf,41,-0.026948492075245543,0.05,False
2020-01-01,2023-12-31,Austria,sarima_p1_d1_q1_P1_D0_Q0_s24,1,1,1,1,0,0,24,48,1,48,35016,0.05,True,joint Ljung-Box and residual ACF rule,[],residual_acf,42,-0.011522160231527894,0.05,False
2020-01-01,2023-12-31,Austria,sarima_p1_d1_q1_P1_D0_Q0_s24,1,1,1,1,0,0,24,48,1,48,35016,0.05,True,joint Ljung-Box and residual ACF rule,[],residual_acf,43,-0.013381038105141648,0.05,False
2020-01-01,2023-12-31,Austria,sarima_p1_d1_q1_P1_D0_Q0_s24,1,1,1,1,0,0,24,48,1,48,35016,0.05,True,joint Ljung-Box and residual ACF rule,[],residual_acf,44,0.022873833815153587,0.05,False
2020-01-01,2023-12-31,Austria,sarima_p1_d1_q1_P1_D0_Q0_s24,1,1,1,1,0,0,24,48,1,48,35016,0.05,True,joint Ljung-Box and residual ACF rule,[],residual_acf,45,0.014071829281758524,0.05,False
2020-01-01,2023-12-31,Austria,sarima_p1_d1_q1_P1_D0_Q0_s24,1,1,1,1,0,0,24,48,1,48,35016,0.05,True,joint Ljung-Box and residual ACF rule,[],residual_acf,46,0.03448277352429014,0.05,False
2020-01-01,2023-12-31,Austria,sarima_p1_d1_q1_P1_D0_Q0_s24,1,1,1,1,0,0,24,48,1,48,35016,0.05,True,joint Ljung-Box and residual ACF rule,[],residual_acf,47,-0.04400199222686232,0.05,False
2020-01-01,2023-12-31,Austria,sarima_p1_d1_q1_P1_D0_Q0_s24,1,1,1,1,0,0,24,48,1,48,35016,0.05,True,joint Ljung-Box and residual ACF rule,[],residual_acf,48,-0.062063008974565556,0.05,True
2020-01-01,2023-12-31,Austria,sarima_p1_d1_q1_P1_D0_Q0_s24,1,1,1,1,0,0,24,48,1,48,35016,0.05,True,joint Ljung-Box and residual ACF rule,[],ljung_box_statistic,24,3449.2975207820377,0.05,True
2020-01-01,2023-12-31,Austria,sarima_p1_d1_q1_P1_D0_Q0_s24,1,1,1,1,0,0,24,48,1,48,35016,0.05,True,joint Ljung-Box and residual ACF rule,[],ljung_box_pvalue,24,0.0,0.05,True
2020-01-01,2023-12-31,Austria,sarima_p1_d1_q1_P1_D0_Q0_s24,1,1,1,1,0,0,24,48,1,48,35016,0.05,True,joint Ljung-Box and residual ACF rule,[],ljung_box_statistic,48,4270.453470753234,0.05,True
2020-01-01,2023-12-31,Austria,sarima_p1_d1_q1_P1_D0_Q0_s24,1,1,1,1,0,0,24,48,1,48,35016,0.05,True,joint Ljung-Box and residual ACF rule,[],ljung_box_pvalue,48,0.0,0.05,True
2020-01-01,2023-12-31,Austria,sarima_p1_d1_q1_P0_D0_Q1_s24,1,1,1,0,0,1,24,48,1,48,35016,0.05,True,joint Ljung-Box and residual ACF rule,[],residual_acf,1,0.028686704907721246,0.05,False
2020-01-01,2023-12-31,Austria,sarima_p1_d1_q1_P0_D0_Q1_s24,1,1,1,0,0,1,24,48,1,48,35016,0.05,True,joint Ljung-Box and residual ACF rule,[],residual_acf,2,0.0966430430180692,0.05,True
2020-01-01,2023-12-31,Austria,sarima_p1_d1_q1_P0_D0_Q1_s24,1,1,1,0,0,1,24,48,1,48,35016,0.05,True,joint Ljung-Box and residual ACF rule,[],residual_acf,3,-0.14613259637572884,0.05,True
2020-01-01,2023-12-31,Austria,sarima_p1_d1_q1_P0_D0_Q1_s24,1,1,1,0,0,1,24,48,1,48,35016,0.05,True,joint Ljung-Box and residual ACF rule,[],residual_acf,4,-0.011068867021934447,0.05,False
2020-01-01,2023-12-31,Austria,sarima_p1_d1_q1_P0_D0_Q1_s24,1,1,1,0,0,1,24,48,1,48,35016,0.05,True,joint Ljung-Box and residual ACF rule,[],residual_acf,5,-0.06968441833476972,0.05,True
2020-01-01,2023-12-31,Austria,sarima_p1_d1_q1_P0_D0_Q1_s24,1,1,1,0,0,1,24,48,1,48,35016,0.05,True,joint Ljung-Box and residual ACF rule,[],residual_acf,6,-0.13134176960154767,0.05,True
2020-01-01,2023-12-31,Austria,sarima_p1_d1_q1_P0_D0_Q1_s24,1,1,1,0,0,1,24,48,1,48,35016,0.05,True,joint Ljung-Box and residual ACF rule,[],residual_acf,7,-0.0751681406679097,0.05,True
2020-01-01,2023-12-31,Austria,sarima_p1_d1_q1_P0_D0_Q1_s24,1,1,1,0,0,1,24,48,1,48,35016,0.05,True,joint Ljung-Box and residual ACF rule,[],residual_acf,8,-0.07569584349005759,0.05,True
2020-01-01,2023-12-31,Austria,sarima_p1_d1_q1_P0_D0_Q1_s24,1,1,1,0,0,1,24,48,1,48,35016,0.05,True,joint Ljung-Box and residual ACF rule,[],residual_acf,9,-0.014294190271422608,0.05,False
2020-01-01,2023-12-31,Austria,sarima_p1_d1_q1_P0_D0_Q1_s24,1,1,1,0,0,1,24,48,1,48,35016,0.05,True,joint Ljung-Box and residual ACF rule,[],residual_acf,10,-0.1207517076366194,0.05,True
2020-01-01,2023-12-31,Austria,sarima_p1_d1_q1_P0_D0_Q1_s24,1,1,1,0,0,1,24,48,1,48,35016,0.05,True,joint Ljung-Box and residual ACF rule,[],residual_acf,11,0.0941264391909051,0.05,True
2020-01-01,2023-12-31,Austria,sarima_p1_d1_q1_P0_D0_Q1_s24,1,1,1,0,0,1,24,48,1,48,35016,0.05,True,joint Ljung-Box and residual ACF rule,[],residual_acf,12,0.036293049243549244,0.05,False
2020-01-01,2023-12-31,Austria,sarima_p1_d1_q1_P0_D0_Q1_s24,1,1,1,0,0,1,24,48,1,48,35016,0.05,True,joint Ljung-Box and residual ACF rule,[],residual_acf,13,0.08818478623371814,0.05,True
2020-01-01,2023-12-31,Austria,sarima_p1_d1_q1_P0_D0_Q1_s24,1,1,1,0,0,1,24,48,1,48,35016,0.05,True,joint Ljung-Box and residual ACF rule,[],residual_acf,14,-0.12195039715129966,0.05,True
2020-01-01,2023-12-31,Austria,sarima_p1_d1_q1_P0_D0_Q1_s24,1,1,1,0,0,1,24,48,1,48,35016,0.05,True,joint Ljung-Box and residual ACF rule,[],residual_acf,15,-0.06336419246647934,0.05,True
2020-01-01,2023-12-31,Austria,sarima_p1_d1_q1_P0_D0_Q1_s24,1,1,1,0,0,1,24,48,1,48,35016,0.05,True,joint Ljung-Box and residual ACF rule,[],residual_acf,16,-0.08141297337924819,0.05,True
2020-01-01,2023-12-31,Austria,sarima_p1_d1_q1_P0_D0_Q1_s24,1,1,1,0,0,1,24,48,1,48,35016,0.05,True,joint Ljung-Box and residual ACF rule,[],residual_acf,17,-0.10862845479021749,0.05,True
2020-01-01,2023-12-31,Austria,sarima_p1_d1_q1_P0_D0_Q1_s24,1,1,1,0,0,1,24,48,1,48,35016,0.05,True,joint Ljung-Box and residual ACF rule,[],residual_acf,18,-0.1145610596566754,0.05,True
2020-01-01,2023-12-31,Austria,sarima_p1_d1_q1_P0_D0_Q1_s24,1,1,1,0,0,1,24,48,1,48,35016,0.05,True,joint Ljung-Box and residual ACF rule,[],residual_acf,19,-0.05459173335729323,0.05,True
2020-01-01,2023-12-31,Austria,sarima_p1_d1_q1_P0_D0_Q1_s24,1,1,1,0,0,1,24,48,1,48,35016,0.05,True,joint Ljung-Box and residual ACF rule,[],residual_acf,20,0.02610340652748204,0.05,False
2020-01-01,2023-12-31,Austria,sarima_p1_d1_q1_P0_D0_Q1_s24,1,1,1,0,0,1,24,48,1,48,35016,0.05,True,joint Ljung-Box and residual ACF rule,[],residual_acf,21,-0.055586304392014195,0.05,True
2020-01-01,2023-12-31,Austria,sarima_p1_d1_q1_P0_D0_Q1_s24,1,1,1,0,0,1,24,48,1,48,35016,0.05,True,joint Ljung-Box and residual ACF rule,[],residual_acf,22,0.06832476734869837,0.05,True
2020-01-01,2023-12-31,Austria,sarima_p1_d1_q1_P0_D0_Q1_s24,1,1,1,0,0,1,24,48,1,48,35016,0.05,True,joint Ljung-Box and residual ACF rule,[],residual_acf,23,0.17268010357973665,0.05,True
2020-01-01,2023-12-31,Austria,sarima_p1_d1_q1_P0_D0_Q1_s24,1,1,1,0,0,1,24,48,1,48,35016,0.05,True,joint Ljung-Box and residual ACF rule,[],residual_acf,24,0.3094630307772014,0.05,True
2020-01-01,2023-12-31,Austria,sarima_p1_d1_q1_P0_D0_Q1_s24,1,1,1,0,0,1,24,48,1,48,35016,0.05,True,joint Ljung-Box and residual ACF rule,[],residual_acf,25,0.1749548967350722,0.05,True
2020-01-01,2023-12-31,Austria,sarima_p1_d1_q1_P0_D0_Q1_s24,1,1,1,0,0,1,24,48,1,48,35016,0.05,True,joint Ljung-Box and residual ACF rule,[],residual_acf,26,0.07673727449908341,0.05,True
2020-01-01,2023-12-31,Austria,sarima_p1_d1_q1_P0_D0_Q1_s24,1,1,1,0,0,1,24,48,1,48,35016,0.05,True,joint Ljung-Box and residual ACF rule,[],residual_acf,27,-0.05532862259550176,0.05,True
2020-01-01,2023-12-31,Austria,sarima_p1_d1_q1_P0_D0_Q1_s24,1,1,1,0,0,1,24,48,1,48,35016,0.05,True,joint Ljung-Box and residual ACF rule,[],residual_acf,28,0.011272531566032293,0.05,False
2020-01-01,2023-12-31,Austria,sarima_p1_d1_q1_P0_D0_Q1_s24,1,1,1,0,0,1,24,48,1,48,35016,0.05,True,joint Ljung-Box and residual ACF rule,[],residual_acf,29,-0.06309379110147796,0.05,True
2020-01-01,2023-12-31,Austria,sarima_p1_d1_q1_P0_D0_Q1_s24,1,1,1,0,0,1,24,48,1,48,35016,0.05,True,joint Ljung-Box and residual ACF rule,[],residual_acf,30,-0.11427303474368933,0.05,True
2020-01-01,2023-12-31,Austria,sarima_p1_d1_q1_P0_D0_Q1_s24,1,1,1,0,0,1,24,48,1,48,35016,0.05,True,joint Ljung-Box and residual ACF rule,[],residual_acf,31,-0.11121770626840807,0.05,True
2020-01-01,2023-12-31,Austria,sarima_p1_d1_q1_P0_D0_Q1_s24,1,1,1,0,0,1,24,48,1,48,35016,0.05,True,joint Ljung-Box and residual ACF rule,[],residual_acf,32,-0.05429584179630213,0.05,True
2020-01-01,2023-12-31,Austria,sarima_p1_d1_q1_P0_D0_Q1_s24,1,1,1,0,0,1,24,48,1,48,35016,0.05,True,joint Ljung-Box and residual ACF rule,[],residual_acf,33,-0.039854304740524156,0.05,False
2020-01-01,2023-12-31,Austria,sarima_p1_d1_q1_P0_D0_Q1_s24,1,1,1,0,0,1,24,48,1,48,35016,0.05,True,joint Ljung-Box and residual ACF rule,[],residual_acf,34,-0.0935183029855204,0.05,True
2020-01-01,2023-12-31,Austria,sarima_p1_d1_q1_P0_D0_Q1_s24,1,1,1,0,0,1,24,48,1,48,35016,0.05,True,joint Ljung-Box and residual ACF rule,[],residual_acf,35,0.08390685254558349,0.05,True
2020-01-01,2023-12-31,Austria,sarima_p1_d1_q1_P0_D0_Q1_s24,1,1,1,0,0,1,24,48,1,48,35016,0.05,True,joint Ljung-Box and residual ACF rule,[],residual_acf,36,0.01547802131267142,0.05,False
2020-01-01,2023-12-31,Austria,sarima_p1_d1_q1_P0_D0_Q1_s24,1,1,1,0,0,1,24,48,1,48,35016,0.05,True,joint Ljung-Box and residual ACF rule,[],residual_acf,37,0.08102695867624876,0.05,True
2020-01-01,2023-12-31,Austria,sarima_p1_d1_q1_P0_D0_Q1_s24,1,1,1,0,0,1,24,48,1,48,35016,0.05,True,joint Ljung-Box and residual ACF rule,[],residual_acf,38,-0.11098214552396175,0.05,True
2020-01-01,2023-12-31,Austria,sarima_p1_d1_q1_P0_D0_Q1_s24,1,1,1,0,0,1,24,48,1,48,35016,0.05,True,joint Ljung-Box and residual ACF rule,[],residual_acf,39,-0.01143123139596713,0.05,False
2020-01-01,2023-12-31,Austria,sarima_p1_d1_q1_P0_D0_Q1_s24,1,1,1,0,0,1,24,48,1,48,35016,0.05,True,joint Ljung-Box and residual ACF rule,[],residual_acf,40,-0.07494710807279772,0.05,True
2020-01-01,2023-12-31,Austria,sarima_p1_d1_q1_P0_D0_Q1_s24,1,1,1,0,0,1,24,48,1,48,35016,0.05,True,joint Ljung-Box and residual ACF rule,[],residual_acf,41,-0.09593962686412504,0.05,True
2020-01-01,2023-12-31,Austria,sarima_p1_d1_q1_P0_D0_Q1_s24,1,1,1,0,0,1,24,48,1,48,35016,0.05,True,joint Ljung-Box and residual ACF rule,[],residual_acf,42,-0.1240621167335792,0.05,True
2020-01-01,2023-12-31,Austria,sarima_p1_d1_q1_P0_D0_Q1_s24,1,1,1,0,0,1,24,48,1,48,35016,0.05,True,joint Ljung-Box and residual ACF rule,[],residual_acf,43,-0.062281369062991886,0.05,True
2020-01-01,2023-12-31,Austria,sarima_p1_d1_q1_P0_D0_Q1_s24,1,1,1,0,0,1,24,48,1,48,35016,0.05,True,joint Ljung-Box and residual ACF rule,[],residual_acf,44,0.015441107209380944,0.05,False
2020-01-01,2023-12-31,Austria,sarima_p1_d1_q1_P0_D0_Q1_s24,1,1,1,0,0,1,24,48,1,48,35016,0.05,True,joint Ljung-Box and residual ACF rule,[],residual_acf,45,-0.08669238463148855,0.05,True
2020-01-01,2023-12-31,Austria,sarima_p1_d1_q1_P0_D0_Q1_s24,1,1,1,0,0,1,24,48,1,48,35016,0.05,True,joint Ljung-Box and residual ACF rule,[],residual_acf,46,0.10477061814988868,0.05,True
2020-01-01,2023-12-31,Austria,sarima_p1_d1_q1_P0_D0_Q1_s24,1,1,1,0,0,1,24,48,1,48,35016,0.05,True,joint Ljung-Box and residual ACF rule,[],residual_acf,47,0.04893904957247498,0.05,False
2020-01-01,2023-12-31,Austria,sarima_p1_d1_q1_P0_D0_Q1_s24,1,1,1,0,0,1,24,48,1,48,35016,0.05,True,joint Ljung-Box and residual ACF rule,[],residual_acf,48,0.6279146020691856,0.05,True
2020-01-01,2023-12-31,Austria,sarima_p1_d1_q1_P0_D0_Q1_s24,1,1,1,0,0,1,24,48,1,48,35016,0.05,True,joint Ljung-Box and residual ACF rule,[],ljung_box_statistic,24,9995.698292671226,0.05,True
2020-01-01,2023-12-31,Austria,sarima_p1_d1_q1_P0_D0_Q1_s24,1,1,1,0,0,1,24,48,1,48,35016,0.05,True,joint Ljung-Box and residual ACF rule,[],ljung_box_pvalue,24,0.0,0.05,True
2020-01-01,2023-12-31,Austria,sarima_p1_d1_q1_P0_D0_Q1_s24,1,1,1,0,0,1,24,48,1,48,35016,0.05,True,joint Ljung-Box and residual ACF rule,[],ljung_box_statistic,48,29566.145613700603,0.05,True
2020-01-01,2023-12-31,Austria,sarima_p1_d1_q1_P0_D0_Q1_s24,1,1,1,0,0,1,24,48,1,48,35016,0.05,True,joint Ljung-Box and residual ACF rule,[],ljung_box_pvalue,48,0.0,0.05,True
2020-01-01,2023-12-31,Austria,sarima_p1_d1_q0_P0_D0_Q1_s24,1,1,0,0,0,1,24,48,1,48,35016,0.05,True,joint Ljung-Box and residual ACF rule,[],residual_acf,1,0.17037492849736652,0.05,True
2020-01-01,2023-12-31,Austria,sarima_p1_d1_q0_P0_D0_Q1_s24,1,1,0,0,0,1,24,48,1,48,35016,0.05,True,joint Ljung-Box and residual ACF rule,[],residual_acf,2,0.010783683176680409,0.05,False
2020-01-01,2023-12-31,Austria,sarima_p1_d1_q0_P0_D0_Q1_s24,1,1,0,0,0,1,24,48,1,48,35016,0.05,True,joint Ljung-Box and residual ACF rule,[],residual_acf,3,-0.1688883306633927,0.05,True
2020-01-01,2023-12-31,Austria,sarima_p1_d1_q0_P0_D0_Q1_s24,1,1,0,0,0,1,24,48,1,48,35016,0.05,True,joint Ljung-Box and residual ACF rule,[],residual_acf,4,-0.058644201637898914,0.05,True
2020-01-01,2023-12-31,Austria,sarima_p1_d1_q0_P0_D0_Q1_s24,1,1,0,0,0,1,24,48,1,48,35016,0.05,True,joint Ljung-Box and residual ACF rule,[],residual_acf,5,-0.08566762316855932,0.05,True
2020-01-01,2023-12-31,Austria,sarima_p1_d1_q0_P0_D0_Q1_s24,1,1,0,0,0,1,24,48,1,48,35016,0.05,True,joint Ljung-Box and residual ACF rule,[],residual_acf,6,-0.14274873869684337,0.05,True
2020-01-01,2023-12-31,Austria,sarima_p1_d1_q0_P0_D0_Q1_s24,1,1,0,0,0,1,24,48,1,48,35016,0.05,True,joint Ljung-Box and residual ACF rule,[],residual_acf,7,-0.0905402028857502,0.05,True
2020-01-01,2023-12-31,Austria,sarima_p1_d1_q0_P0_D0_Q1_s24,1,1,0,0,0,1,24,48,1,48,35016,0.05,True,joint Ljung-Box and residual ACF rule,[],residual_acf,8,-0.06771926677474403,0.05,True
2020-01-01,2023-12-31,Austria,sarima_p1_d1_q0_P0_D0_Q1_s24,1,1,0,0,0,1,24,48,1,48,35016,0.05,True,joint Ljung-Box and residual ACF rule,[],residual_acf,9,-0.029650220203172928,0.05,False
2020-01-01,2023-12-31,Austria,sarima_p1_d1_q0_P0_D0_Q1_s24,1,1,0,0,0,1,24,48,1,48,35016,0.05,True,joint Ljung-Box and residual ACF rule,[],residual_acf,10,-0.09394552519987746,0.05,True
2020-01-01,2023-12-31,Austria,sarima_p1_d1_q0_P0_D0_Q1_s24,1,1,0,0,0,1,24,48,1,48,35016,0.05,True,joint Ljung-Box and residual ACF rule,[],residual_acf,11,0.09511650546015062,0.05,True
2020-01-01,2023-12-31,Austria,sarima_p1_d1_q0_P0_D0_Q1_s24,1,1,0,0,0,1,24,48,1,48,35016,0.05,True,joint Ljung-Box and residual ACF rule,[],residual_acf,12,0.0900444104910323,0.05,True
2020-01-01,2023-12-31,Austria,sarima_p1_d1_q0_P0_D0_Q1_s24,1,1,0,0,0,1,24,48,1,48,35016,0.05,True,joint Ljung-Box and residual ACF rule,[],residual_acf,13,0.09171460204398338,0.05,True
2020-01-01,2023-12-31,Austria,sarima_p1_d1_q0_P0_D0_Q1_s24,1,1,0,0,0,1,24,48,1,48,35016,0.05,True,joint Ljung-Box and residual ACF rule,[],residual_acf,14,-0.10175056900784253,0.05,True
2020-01-01,2023-12-31,Austria,sarima_p1_d1_q0_P0_D0_Q1_s24,1,1,0,0,0,1,24,48,1,48,35016,0.05,True,joint Ljung-Box and residual ACF rule,[],residual_acf,15,-0.08080077745794673,0.05,True
2020-01-01,2023-12-31,Austria,sarima_p1_d1_q0_P0_D0_Q1_s24,1,1,0,0,0,1,24,48,1,48,35016,0.05,True,joint Ljung-Box and residual ACF rule,[],residual_acf,16,-0.08568866802204587,0.05,True
2020-01-01,2023-12-31,Austria,sarima_p1_d1_q0_P0_D0_Q1_s24,1,1,0,0,0,1,24,48,1,48,35016,0.05,True,joint Ljung-Box and residual ACF rule,[],residual_acf,17,-0.12182537323877218,0.05,True
2020-01-01,2023-12-31,Austria,sarima_p1_d1_q0_P0_D0_Q1_s24,1,1,0,0,0,1,24,48,1,48,35016,0.05,True,joint Ljung-Box and residual ACF rule,[],residual_acf,18,-0.1269740293383339,0.05,True
2020-01-01,2023-12-31,Austria,sarima_p1_d1_q0_P0_D0_Q1_s24,1,1,0,0,0,1,24,48,1,48,35016,0.05,True,joint Ljung-Box and residual ACF rule,[],residual_acf,19,-0.0590024231862533,0.05,True
2020-01-01,2023-12-31,Austria,sarima_p1_d1_q0_P0_D0_Q1_s24,1,1,0,0,0,1,24,48,1,48,35016,0.05,True,joint Ljung-Box and residual ACF rule,[],residual_acf,20,0.006047192168242086,0.05,False
2020-01-01,2023-12-31,Austria,sarima_p1_d1_q0_P0_D0_Q1_s24,1,1,0,0,0,1,24,48,1,48,35016,0.05,True,joint Ljung-Box and residual ACF rule,[],residual_acf,21,-0.058183032970895,0.05,True
2020-01-01,2023-12-31,Austria,sarima_p1_d1_q0_P0_D0_Q1_s24,1,1,0,0,0,1,24,48,1,48,35016,0.05,True,joint Ljung-Box and residual ACF rule,[],residual_acf,22,0.055656096788108636,0.05,True
2020-01-01,2023-12-31,Austria,sarima_p1_d1_q0_P0_D0_Q1_s24,1,1,0,0,0,1,24,48,1,48,35016,0.05,True,joint Ljung-Box and residual ACF rule,[],residual_acf,23,0.20806000456783671,0.05,True
2020-01-01,2023-12-31,Austria,sarima_p1_d1_q0_P0_D0_Q1_s24,1,1,0,0,0,1,24,48,1,48,35016,0.05,True,joint Ljung-Box and residual ACF rule,[],residual_acf,24,0.32079982914075833,0.05,True
2020-01-01,2023-12-31,Austria,sarima_p1_d1_q0_P0_D0_Q1_s24,1,1,0,0,0,1,24,48,1,48,35016,0.05,True,joint Ljung-Box and residual ACF rule,[],residual_acf,25,0.21229741185804293,0.05,True
2020-01-01,2023-12-31,Austria,sarima_p1_d1_q0_P0_D0_Q1_s24,1,1,0,0,0,1,24,48,1,48,35016,0.05,True,joint Ljung-Box and residual ACF rule,[],residual_acf,26,0.06533554083574337,0.05,True
2020-01-01,2023-12-31,Austria,sarima_p1_d1_q0_P0_D0_Q1_s24,1,1,0,0,0,1,24,48,1,48,35016,0.05,True,joint Ljung-Box and residual ACF rule,[],residual_acf,27,-0.05878430904963366,0.05,True
2020-01-01,2023-12-31,Austria,sarima_p1_d1_q0_P0_D0_Q1_s24,1,1,0,0,0,1,24,48,1,48,35016,0.05,True,joint Ljung-Box and residual ACF rule,[],residual_acf,28,-0.011772045967801579,0.05,False
2020-01-01,2023-12-31,Austria,sarima_p1_d1_q0_P0_D0_Q1_s24,1,1,0,0,0,1,24,48,1,48,35016,0.05,True,joint Ljung-Box and residual ACF rule,[],residual_acf,29,-0.071450274619349,0.05,True
2020-01-01,2023-12-31,Austria,sarima_p1_d1_q0_P0_D0_Q1_s24,1,1,0,0,0,1,24,48,1,48,35016,0.05,True,joint Ljung-Box and residual ACF rule,[],residual_acf,30,-0.1307151665350958,0.05,True
2020-01-01,2023-12-31,Austria,sarima_p1_d1_q0_P0_D0_Q1_s24,1,1,0,0,0,1,24,48,1,48,35016,0.05,True,joint Ljung-Box and residual ACF rule,[],residual_acf,31,-0.12243086920424394,0.05,True
2020-01-01,2023-12-31,Austria,sarima_p1_d1_q0_P0_D0_Q1_s24,1,1,0,0,0,1,24,48,1,48,35016,0.05,True,joint Ljung-Box and residual ACF rule,[],residual_acf,32,-0.05731265807729974,0.05,True
2020-01-01,2023-12-31,Austria,sarima_p1_d1_q0_P0_D0_Q1_s24,1,1,0,0,0,1,24,48,1,48,35016,0.05,True,joint Ljung-Box and residual ACF rule,[],residual_acf,33,-0.049129440087907074,0.05,False
2020-01-01,2023-12-31,Austria,sarima_p1_d1_q0_P0_D0_Q1_s24,1,1,0,0,0,1,24,48,1,48,35016,0.05,True,joint Ljung-Box and residual ACF rule,[],residual_acf,34,-0.07121090096739233,0.05,True
2020-01-01,2023-12-31,Austria,sarima_p1_d1_q0_P0_D0_Q1_s24,1,1,0,0,0,1,24,48,1,48,35016,0.05,True,joint Ljung-Box and residual ACF rule,[],residual_acf,35,0.08585628220013887,0.05,True
2020-01-01,2023-12-31,Austria,sarima_p1_d1_q0_P0_D0_Q1_s24,1,1,0,0,0,1,24,48,1,48,35016,0.05,True,joint Ljung-Box and residual ACF rule,[],residual_acf,36,0.06245861315748821,0.05,True
2020-01-01,2023-12-31,Austria,sarima_p1_d1_q0_P0_D0_Q1_s24,1,1,0,0,0,1,24,48,1,48,35016,0.05,True,joint Ljung-Box and residual ACF rule,[],residual_acf,37,0.07869456364386616,0.05,True
2020-01-01,2023-12-31,Austria,sarima_p1_d1_q0_P0_D0_Q1_s24,1,1,0,0,0,1,24,48,1,48,35016,0.05,True,joint Ljung-Box and residual ACF rule,[],residual_acf,38,-0.08453213569132714,0.05,True
2020-01-01,2023-12-31,Austria,sarima_p1_d1_q0_P0_D0_Q1_s24,1,1,0,0,0,1,24,48,1,48,35016,0.05,True,joint Ljung-Box and residual ACF rule,[],residual_acf,39,-0.023819466460781428,0.05,False
2020-01-01,2023-12-31,Austria,sarima_p1_d1_q0_P0_D0_Q1_s24,1,1,0,0,0,1,24,48,1,48,35016,0.05,True,joint Ljung-Box and residual ACF rule,[],residual_acf,40,-0.07069259071131599,0.05,True
2020-01-01,2023-12-31,Austria,sarima_p1_d1_q0_P0_D0_Q1_s24,1,1,0,0,0,1,24,48,1,48,35016,0.05,True,joint Ljung-Box and residual ACF rule,[],residual_acf,41,-0.11176742135318221,0.05,True
2020-01-01,2023-12-31,Austria,sarima_p1_d1_q0_P0_D0_Q1_s24,1,1,0,0,0,1,24,48,1,48,35016,0.05,True,joint Ljung-Box and residual ACF rule,[],residual_acf,42,-0.1390167358128743,0.05,True
2020-01-01,2023-12-31,Austria,sarima_p1_d1_q0_P0_D0_Q1_s24,1,1,0,0,0,1,24,48,1,48,35016,0.05,True,joint Ljung-Box and residual ACF rule,[],residual_acf,43,-0.07214680559115251,0.05,True
2020-01-01,2023-12-31,Austria,sarima_p1_d1_q0_P0_D0_Q1_s24,1,1,0,0,0,1,24,48,1,48,35016,0.05,True,joint Ljung-Box and residual ACF rule,[],residual_acf,44,-0.016284506949304008,0.05,False
2020-01-01,2023-12-31,Austria,sarima_p1_d1_q0_P0_D0_Q1_s24,1,1,0,0,0,1,24,48,1,48,35016,0.05,True,joint Ljung-Box and residual ACF rule,[],residual_acf,45,-0.0919540826200501,0.05,True
2020-01-01,2023-12-31,Austria,sarima_p1_d1_q0_P0_D0_Q1_s24,1,1,0,0,0,1,24,48,1,48,35016,0.05,True,joint Ljung-Box and residual ACF rule,[],residual_acf,46,0.05232759406912708,0.05,True
2020-01-01,2023-12-31,Austria,sarima_p1_d1_q0_P0_D0_Q1_s24,1,1,0,0,0,1,24,48,1,48,35016,0.05,True,joint Ljung-Box and residual ACF rule,[],residual_acf,47,0.1376381950018336,0.05,True
2020-01-01,2023-12-31,Austria,sarima_p1_d1_q0_P0_D0_Q1_s24,1,1,0,0,0,1,24,48,1,48,35016,0.05,True,joint Ljung-Box and residual ACF rule,[],residual_acf,48,0.6304168822102874,0.05,True
2020-01-01,2023-12-31,Austria,sarima_p1_d1_q0_P0_D0_Q1_s24,1,1,0,0,0,1,24,48,1,48,35016,0.05,True,joint Ljung-Box and residual ACF rule,[],ljung_box_statistic,24,12201.01178752539,0.05,True
2020-01-01,2023-12-31,Austria,sarima_p1_d1_q0_P0_D0_Q1_s24,1,1,0,0,0,1,24,48,1,48,35016,0.05,True,joint Ljung-Box and residual ACF rule,[],ljung_box_pvalue,24,0.0,0.05,True
2020-01-01,2023-12-31,Austria,sarima_p1_d1_q0_P0_D0_Q1_s24,1,1,0,0,0,1,24,48,1,48,35016,0.05,True,joint Ljung-Box and residual ACF rule,[],ljung_box_statistic,48,33094.6137423841,0.05,True
2020-01-01,2023-12-31,Austria,sarima_p1_d1_q0_P0_D0_Q1_s24,1,1,0,0,0,1,24,48,1,48,35016,0.05,True,joint Ljung-Box and residual ACF rule,[],ljung_box_pvalue,48,0.0,0.05,True
2020-01-01,2023-12-31,Austria,sarima_p0_d1_q1_P1_D0_Q0_s24,0,1,1,1,0,0,24,48,1,48,35016,0.05,True,joint Ljung-Box and residual ACF rule,[],residual_acf,1,0.17618037653085777,0.05,True
2020-01-01,2023-12-31,Austria,sarima_p0_d1_q1_P1_D0_Q0_s24,0,1,1,1,0,0,24,48,1,48,35016,0.05,True,joint Ljung-Box and residual ACF rule,[],residual_acf,2,0.26206257427194873,0.05,True
2020-01-01,2023-12-31,Austria,sarima_p0_d1_q1_P1_D0_Q0_s24,0,1,1,1,0,0,24,48,1,48,35016,0.05,True,joint Ljung-Box and residual ACF rule,[],residual_acf,3,-0.09636703844402267,0.05,True
2020-01-01,2023-12-31,Austria,sarima_p0_d1_q1_P1_D0_Q0_s24,0,1,1,1,0,0,24,48,1,48,35016,0.05,True,joint Ljung-Box and residual ACF rule,[],residual_acf,4,-0.02214804536439546,0.05,False
2020-01-01,2023-12-31,Austria,sarima_p0_d1_q1_P1_D0_Q0_s24,0,1,1,1,0,0,24,48,1,48,35016,0.05,True,joint Ljung-Box and residual ACF rule,[],residual_acf,5,-0.06364929127650236,0.05,True
2020-01-01,2023-12-31,Austria,sarima_p0_d1_q1_P1_D0_Q0_s24,0,1,1,1,0,0,24,48,1,48,35016,0.05,True,joint Ljung-Box and residual ACF rule,[],residual_acf,6,-0.027447434476889902,0.05,False
2020-01-01,2023-12-31,Austria,sarima_p0_d1_q1_P1_D0_Q0_s24,0,1,1,1,0,0,24,48,1,48,35016,0.05,True,joint Ljung-Box and residual ACF rule,[],residual_acf,7,0.012625210120558197,0.05,False
2020-01-01,2023-12-31,Austria,sarima_p0_d1_q1_P1_D0_Q0_s24,0,1,1,1,0,0,24,48,1,48,35016,0.05,True,joint Ljung-Box and residual ACF rule,[],residual_acf,8,-0.010083058478518224,0.05,False
2020-01-01,2023-12-31,Austria,sarima_p0_d1_q1_P1_D0_Q0_s24,0,1,1,1,0,0,24,48,1,48,35016,0.05,True,joint Ljung-Box and residual ACF rule,[],residual_acf,9,0.009654562539616768,0.05,False
2020-01-01,2023-12-31,Austria,sarima_p0_d1_q1_P1_D0_Q0_s24,0,1,1,1,0,0,24,48,1,48,35016,0.05,True,joint Ljung-Box and residual ACF rule,[],residual_acf,10,-0.01837821180357992,0.05,False
2020-01-01,2023-12-31,Austria,sarima_p0_d1_q1_P1_D0_Q0_s24,0,1,1,1,0,0,24,48,1,48,35016,0.05,True,joint Ljung-Box and residual ACF rule,[],residual_acf,11,0.020350086228710693,0.05,False
2020-01-01,2023-12-31,Austria,sarima_p0_d1_q1_P1_D0_Q0_s24,0,1,1,1,0,0,24,48,1,48,35016,0.05,True,joint Ljung-Box and residual ACF rule,[],residual_acf,12,0.004450793629145127,0.05,False
2020-01-01,2023-12-31,Austria,sarima_p0_d1_q1_P1_D0_Q0_s24,0,1,1,1,0,0,24,48,1,48,35016,0.05,True,joint Ljung-Box and residual ACF rule,[],residual_acf,13,-0.023855932927001902,0.05,False
2020-01-01,2023-12-31,Austria,sarima_p0_d1_q1_P1_D0_Q0_s24,0,1,1,1,0,0,24,48,1,48,35016,0.05,True,joint Ljung-Box and residual ACF rule,[],residual_acf,14,-0.08739287173285651,0.05,True
2020-01-01,2023-12-31,Austria,sarima_p0_d1_q1_P1_D0_Q0_s24,0,1,1,1,0,0,24,48,1,48,35016,0.05,True,joint Ljung-Box and residual ACF rule,[],residual_acf,15,-0.1125515878881805,0.05,True
2020-01-01,2023-12-31,Austria,sarima_p0_d1_q1_P1_D0_Q0_s24,0,1,1,1,0,0,24,48,1,48,35016,0.05,True,joint Ljung-Box and residual ACF rule,[],residual_acf,16,-0.10427086367690604,0.05,True
2020-01-01,2023-12-31,Austria,sarima_p0_d1_q1_P1_D0_Q0_s24,0,1,1,1,0,0,24,48,1,48,35016,0.05,True,joint Ljung-Box and residual ACF rule,[],residual_acf,17,-0.06003324034788752,0.05,True
2020-01-01,2023-12-31,Austria,sarima_p0_d1_q1_P1_D0_Q0_s24,0,1,1,1,0,0,24,48,1,48,35016,0.05,True,joint Ljung-Box and residual ACF rule,[],residual_acf,18,-0.0364061442487258,0.05,False
2020-01-01,2023-12-31,Austria,sarima_p0_d1_q1_P1_D0_Q0_s24,0,1,1,1,0,0,24,48,1,48,35016,0.05,True,joint Ljung-Box and residual ACF rule,[],residual_acf,19,0.012096922295389717,0.05,False
2020-01-01,2023-12-31,Austria,sarima_p0_d1_q1_P1_D0_Q0_s24,0,1,1,1,0,0,24,48,1,48,35016,0.05,True,joint Ljung-Box and residual ACF rule,[],residual_acf,20,-0.00359980064103227,0.05,False
2020-01-01,2023-12-31,Austria,sarima_p0_d1_q1_P1_D0_Q0_s24,0,1,1,1,0,0,24,48,1,48,35016,0.05,True,joint Ljung-Box and residual ACF rule,[],residual_acf,21,0.039644869434516034,0.05,False
2020-01-01,2023-12-31,Austria,sarima_p0_d1_q1_P1_D0_Q0_s24,0,1,1,1,0,0,24,48,1,48,35016,0.05,True,joint Ljung-Box and residual ACF rule,[],residual_acf,22,-0.06779397611471283,0.05,True
2020-01-01,2023-12-31,Austria,sarima_p0_d1_q1_P1_D0_Q0_s24,0,1,1,1,0,0,24,48,1,48,35016,0.05,True,joint Ljung-Box and residual ACF rule,[],residual_acf,23,0.06722223992895118,0.05,True
2020-01-01,2023-12-31,Austria,sarima_p0_d1_q1_P1_D0_Q0_s24,0,1,1,1,0,0,24,48,1,48,35016,0.05,True,joint Ljung-Box and residual ACF rule,[],residual_acf,24,-0.2089354265039244,0.05,True
2020-01-01,2023-12-31,Austria,sarima_p0_d1_q1_P1_D0_Q0_s24,0,1,1,1,0,0,24,48,1,48,35016,0.05,True,joint Ljung-Box and residual ACF rule,[],residual_acf,25,0.07393915407917324,0.05,True
2020-01-01,2023-12-31,Austria,sarima_p0_d1_q1_P1_D0_Q0_s24,0,1,1,1,0,0,24,48,1,48,35016,0.05,True,joint Ljung-Box and residual ACF rule,[],residual_acf,26,-0.047933232133836406,0.05,False
2020-01-01,2023-12-31,Austria,sarima_p0_d1_q1_P1_D0_Q0_s24,0,1,1,1,0,0,24,48,1,48,35016,0.05,True,joint Ljung-Box and residual ACF rule,[],residual_acf,27,0.029789060433681347,0.05,False
2020-01-01,2023-12-31,Austria,sarima_p0_d1_q1_P1_D0_Q0_s24,0,1,1,1,0,0,24,48,1,48,35016,0.05,True,joint Ljung-Box and residual ACF rule,[],residual_acf,28,-0.024627501033099918,0.05,False
2020-01-01,2023-12-31,Austria,sarima_p0_d1_q1_P1_D0_Q0_s24,0,1,1,1,0,0,24,48,1,48,35016,0.05,True,joint Ljung-Box and residual ACF rule,[],residual_acf,29,-0.01530702292987338,0.05,False
2020-01-01,2023-12-31,Austria,sarima_p0_d1_q1_P1_D0_Q0_s24,0,1,1,1,0,0,24,48,1,48,35016,0.05,True,joint Ljung-Box and residual ACF rule,[],residual_acf,30,-0.01288455798310752,0.05,False
2020-01-01,2023-12-31,Austria,sarima_p0_d1_q1_P1_D0_Q0_s24,0,1,1,1,0,0,24,48,1,48,35016,0.05,True,joint Ljung-Box and residual ACF rule,[],residual_acf,31,-0.020334134713968527,0.05,False
2020-01-01,2023-12-31,Austria,sarima_p0_d1_q1_P1_D0_Q0_s24,0,1,1,1,0,0,24,48,1,48,35016,0.05,True,joint Ljung-Box and residual ACF rule,[],residual_acf,32,0.026859240383511375,0.05,False
2020-01-01,2023-12-31,Austria,sarima_p0_d1_q1_P1_D0_Q0_s24,0,1,1,1,0,0,24,48,1,48,35016,0.05,True,joint Ljung-Box and residual ACF rule,[],residual_acf,33,0.012214074217310052,0.05,False
2020-01-01,2023-12-31,Austria,sarima_p0_d1_q1_P1_D0_Q0_s24,0,1,1,1,0,0,24,48,1,48,35016,0.05,True,joint Ljung-Box and residual ACF rule,[],residual_acf,34,0.02494872540563219,0.05,False
2020-01-01,2023-12-31,Austria,sarima_p0_d1_q1_P1_D0_Q0_s24,0,1,1,1,0,0,24,48,1,48,35016,0.05,True,joint Ljung-Box and residual ACF rule,[],residual_acf,35,0.0028184400082339332,0.05,False
2020-01-01,2023-12-31,Austria,sarima_p0_d1_q1_P1_D0_Q0_s24,0,1,1,1,0,0,24,48,1,48,35016,0.05,True,joint Ljung-Box and residual ACF rule,[],residual_acf,36,-0.017058873269176652,0.05,False
2020-01-01,2023-12-31,Austria,sarima_p0_d1_q1_P1_D0_Q0_s24,0,1,1,1,0,0,24,48,1,48,35016,0.05,True,joint Ljung-Box and residual ACF rule,[],residual_acf,37,-0.007905880639178,0.05,False
2020-01-01,2023-12-31,Austria,sarima_p0_d1_q1_P1_D0_Q0_s24,0,1,1,1,0,0,24,48,1,48,35016,0.05,True,joint Ljung-Box and residual ACF rule,[],residual_acf,38,-0.015787250200036244,0.05,False
2020-01-01,2023-12-31,Austria,sarima_p0_d1_q1_P1_D0_Q0_s24,0,1,1,1,0,0,24,48,1,48,35016,0.05,True,joint Ljung-Box and residual ACF rule,[],residual_acf,39,0.00413481219491227,0.05,False
2020-01-01,2023-12-31,Austria,sarima_p0_d1_q1_P1_D0_Q0_s24,0,1,1,1,0,0,24,48,1,48,35016,0.05,True,joint Ljung-Box and residual ACF rule,[],residual_acf,40,-0.016646401913176276,0.05,False
2020-01-01,2023-12-31,Austria,sarima_p0_d1_q1_P1_D0_Q0_s24,0,1,1,1,0,0,24,48,1,48,35016,0.05,True,joint Ljung-Box and residual ACF rule,[],residual_acf,41,-0.023212452405772056,0.05,False
2020-01-01,2023-12-31,Austria,sarima_p0_d1_q1_P1_D0_Q0_s24,0,1,1,1,0,0,24,48,1,48,35016,0.05,True,joint Ljung-Box and residual ACF rule,[],residual_acf,42,-0.00837649208977251,0.05,False
2020-01-01,2023-12-31,Austria,sarima_p0_d1_q1_P1_D0_Q0_s24,0,1,1,1,0,0,24,48,1,48,35016,0.05,True,joint Ljung-Box and residual ACF rule,[],residual_acf,43,-0.011576443265710112,0.05,False
2020-01-01,2023-12-31,Austria,sarima_p0_d1_q1_P1_D0_Q0_s24,0,1,1,1,0,0,24,48,1,48,35016,0.05,True,joint Ljung-Box and residual ACF rule,[],residual_acf,44,0.020466939799263253,0.05,False
2020-01-01,2023-12-31,Austria,sarima_p0_d1_q1_P1_D0_Q0_s24,0,1,1,1,0,0,24,48,1,48,35016,0.05,True,joint Ljung-Box and residual ACF rule,[],residual_acf,45,0.0018625618029211928,0.05,False
2020-01-01,2023-12-31,Austria,sarima_p0_d1_q1_P1_D0_Q0_s24,0,1,1,1,0,0,24,48,1,48,35016,0.05,True,joint Ljung-Box and residual ACF rule,[],residual_acf,46,0.0036297722073188143,0.05,False
2020-01-01,2023-12-31,Austria,sarima_p0_d1_q1_P1_D0_Q0_s24,0,1,1,1,0,0,24,48,1,48,35016,0.05,True,joint Ljung-Box and residual ACF rule,[],residual_acf,47,-0.07270728290849307,0.05,True
2020-01-01,2023-12-31,Austria,sarima_p0_d1_q1_P1_D0_Q0_s24,0,1,1,1,0,0,24,48,1,48,35016,0.05,True,joint Ljung-Box and residual ACF rule,[],residual_acf,48,-0.09062173390252487,0.05,True
2020-01-01,2023-12-31,Austria,sarima_p0_d1_q1_P1_D0_Q0_s24,0,1,1,1,0,0,24,48,1,48,35016,0.05,True,joint Ljung-Box and residual ACF rule,[],ljung_box_statistic,24,7236.81276404399,0.05,True
2020-01-01,2023-12-31,Austria,sarima_p0_d1_q1_P1_D0_Q0_s24,0,1,1,1,0,0,24,48,1,48,35016,0.05,True,joint Ljung-Box and residual ACF rule,[],ljung_box_pvalue,24,0.0,0.05,True
2020-01-01,2023-12-31,Austria,sarima_p0_d1_q1_P1_D0_Q0_s24,0,1,1,1,0,0,24,48,1,48,35016,0.05,True,joint Ljung-Box and residual ACF rule,[],ljung_box_statistic,48,8188.499878743699,0.05,True
2020-01-01,2023-12-31,Austria,sarima_p0_d1_q1_P1_D0_Q0_s24,0,1,1,1,0,0,24,48,1,48,35016,0.05,True,joint Ljung-Box and residual ACF rule,[],ljung_box_pvalue,48,0.0,0.05,True
2020-01-01,2023-12-31,Austria,sarima_p0_d0_q0_P0_D1_Q0_s24,0,0,0,0,1,0,24,48,24,48,35016,0.05,True,joint Ljung-Box and residual ACF rule,[],residual_acf,1,0.9789443638705831,0.05,True
2020-01-01,2023-12-31,Austria,sarima_p0_d0_q0_P0_D1_Q0_s24,0,0,0,0,1,0,24,48,24,48,35016,0.05,True,joint Ljung-Box and residual ACF rule,[],residual_acf,2,0.9323769801362457,0.05,True
2020-01-01,2023-12-31,Austria,sarima_p0_d0_q0_P0_D1_Q0_s24,0,0,0,0,1,0,24,48,24,48,35016,0.05,True,joint Ljung-Box and residual ACF rule,[],residual_acf,3,0.8757836545984855,0.05,True
2020-01-01,2023-12-31,Austria,sarima_p0_d0_q0_P0_D1_Q0_s24,0,0,0,0,1,0,24,48,24,48,35016,0.05,True,joint Ljung-Box and residual ACF rule,[],residual_acf,4,0.8195871710130886,0.05,True
2020-01-01,2023-12-31,Austria,sarima_p0_d0_q0_P0_D1_Q0_s24,0,0,0,0,1,0,24,48,24,48,35016,0.05,True,joint Ljung-Box and residual ACF rule,[],residual_acf,5,0.7668818922448561,0.05,True
2020-01-01,2023-12-31,Austria,sarima_p0_d0_q0_P0_D1_Q0_s24,0,0,0,0,1,0,24,48,24,48,35016,0.05,True,joint Ljung-Box and residual ACF rule,[],residual_acf,6,0.716754555982572,0.05,True
2020-01-01,2023-12-31,Austria,sarima_p0_d0_q0_P0_D1_Q0_s24,0,0,0,0,1,0,24,48,24,48,35016,0.05,True,joint Ljung-Box and residual ACF rule,[],residual_acf,7,0.6672747003813385,0.05,True
2020-01-01,2023-12-31,Austria,sarima_p0_d0_q0_P0_D1_Q0_s24,0,0,0,0,1,0,24,48,24,48,35016,0.05,True,joint Ljung-Box and residual ACF rule,[],residual_acf,8,0.6164654492546305,0.05,True
2020-01-01,2023-12-31,Austria,sarima_p0_d0_q0_P0_D1_Q0_s24,0,0,0,0,1,0,24,48,24,48,35016,0.05,True,joint Ljung-Box and residual ACF rule,[],residual_acf,9,0.5643296782604379,0.05,True
2020-01-01,2023-12-31,Austria,sarima_p0_d0_q0_P0_D1_Q0_s24,0,0,0,0,1,0,24,48,24,48,35016,0.05,True,joint Ljung-Box and residual ACF rule,[],residual_acf,10,0.5111754717138925,0.05,True
2020-01-01,2023-12-31,Austria,sarima_p0_d0_q0_P0_D1_Q0_s24,0,0,0,0,1,0,24,48,24,48,35016,0.05,True,joint Ljung-Box and residual ACF rule,[],residual_acf,11,0.4574127972935396,0.05,True
2020-01-01,2023-12-31,Austria,sarima_p0_d0_q0_P0_D1_Q0_s24,0,0,0,0,1,0,24,48,24,48,35016,0.05,True,joint Ljung-Box and residual ACF rule,[],residual_acf,12,0.402774242623739,0.05,True
2020-01-01,2023-12-31,Austria,sarima_p0_d0_q0_P0_D1_Q0_s24,0,0,0,0,1,0,24,48,24,48,35016,0.05,True,joint Ljung-Box and residual ACF rule,[],residual_acf,13,0.34787477459335137,0.05,True
2020-01-01,2023-12-31,Austria,sarima_p0_d0_q0_P0_D1_Q0_s24,0,0,0,0,1,0,24,48,24,48,35016,0.05,True,joint Ljung-Box and residual ACF rule,[],residual_acf,14,0.29503936171060935,0.05,True
2020-01-01,2023-12-31,Austria,sarima_p0_d0_q0_P0_D1_Q0_s24,0,0,0,0,1,0,24,48,24,48,35016,0.05,True,joint Ljung-Box and residual ACF rule,[],residual_acf,15,0.24719125233800315,0.05,True
2020-01-01,2023-12-31,Austria,sarima_p0_d0_q0_P0_D1_Q0_s24,0,0,0,0,1,0,24,48,24,48,35016,0.05,True,joint Ljung-Box and residual ACF rule,[],residual_acf,16,0.2059974843700707,0.05,True
2020-01-01,2023-12-31,Austria,sarima_p0_d0_q0_P0_D1_Q0_s24,0,0,0,0,1,0,24,48,24,48,35016,0.05,True,joint Ljung-Box and residual ACF rule,[],residual_acf,17,0.17056745713434654,0.05,True
2020-01-01,2023-12-31,Austria,sarima_p0_d0_q0_P0_D1_Q0_s24,0,0,0,0,1,0,24,48,24,48,35016,0.05,True,joint Ljung-Box and residual ACF rule,[],residual_acf,18,0.13847682191124258,0.05,True
2020-01-01,2023-12-31,Austria,sarima_p0_d0_q0_P0_D1_Q0_s24,0,0,0,0,1,0,24,48,24,48,35016,0.05,True,joint Ljung-Box and residual ACF rule,[],residual_acf,19,0.10734024081433556,0.05,True
2020-01-01,2023-12-31,Austria,sarima_p0_d0_q0_P0_D1_Q0_s24,0,0,0,0,1,0,24,48,24,48,35016,0.05,True,joint Ljung-Box and residual ACF rule,[],residual_acf,20,0.07559136983951283,0.05,True
2020-01-01,2023-12-31,Austria,sarima_p0_d0_q0_P0_D1_Q0_s24,0,0,0,0,1,0,24,48,24,48,35016,0.05,True,joint Ljung-Box and residual ACF rule,[],residual_acf,21,0.042988760848808504,0.05,False
2020-01-01,2023-12-31,Austria,sarima_p0_d0_q0_P0_D1_Q0_s24,0,0,0,0,1,0,24,48,24,48,35016,0.05,True,joint Ljung-Box and residual ACF rule,[],residual_acf,22,0.010650052992154066,0.05,False
2020-01-01,2023-12-31,Austria,sarima_p0_d0_q0_P0_D1_Q0_s24,0,0,0,0,1,0,24,48,24,48,35016,0.05,True,joint Ljung-Box and residual ACF rule,[],residual_acf,23,-0.018974627353482543,0.05,False
2020-01-01,2023-12-31,Austria,sarima_p0_d0_q0_P0_D1_Q0_s24,0,0,0,0,1,0,24,48,24,48,35016,0.05,True,joint Ljung-Box and residual ACF rule,[],residual_acf,24,-0.04352882483341356,0.05,False
2020-01-01,2023-12-31,Austria,sarima_p0_d0_q0_P0_D1_Q0_s24,0,0,0,0,1,0,24,48,24,48,35016,0.05,True,joint Ljung-Box and residual ACF rule,[],residual_acf,25,-0.058189094460694125,0.05,True
2020-01-01,2023-12-31,Austria,sarima_p0_d0_q0_P0_D1_Q0_s24,0,0,0,0,1,0,24,48,24,48,35016,0.05,True,joint Ljung-Box and residual ACF rule,[],residual_acf,26,-0.06838273265127688,0.05,True
2020-01-01,2023-12-31,Austria,sarima_p0_d0_q0_P0_D1_Q0_s24,0,0,0,0,1,0,24,48,24,48,35016,0.05,True,joint Ljung-Box and residual ACF rule,[],residual_acf,27,-0.07660129481596124,0.05,True
2020-01-01,2023-12-31,Austria,sarima_p0_d0_q0_P0_D1_Q0_s24,0,0,0,0,1,0,24,48,24,48,35016,0.05,True,joint Ljung-Box and residual ACF rule,[],residual_acf,28,-0.08414367923692372,0.05,True
2020-01-01,2023-12-31,Austria,sarima_p0_d0_q0_P0_D1_Q0_s24,0,0,0,0,1,0,24,48,24,48,35016,0.05,True,joint Ljung-Box and residual ACF rule,[],residual_acf,29,-0.09107131273224693,0.05,True
2020-01-01,2023-12-31,Austria,sarima_p0_d0_q0_P0_D1_Q0_s24,0,0,0,0,1,0,24,48,24,48,35016,0.05,True,joint Ljung-Box and residual ACF rule,[],residual_acf,30,-0.09755811217087758,0.05,True
2020-01-01,2023-12-31,Austria,sarima_p0_d0_q0_P0_D1_Q0_s24,0,0,0,0,1,0,24,48,24,48,35016,0.05,True,joint Ljung-Box and residual ACF rule,[],residual_acf,31,-0.10423394982232068,0.05,True
2020-01-01,2023-12-31,Austria,sarima_p0_d0_q0_P0_D1_Q0_s24,0,0,0,0,1,0,24,48,24,48,35016,0.05,True,joint Ljung-Box and residual ACF rule,[],residual_acf,32,-0.11177554065245568,0.05,True
2020-01-01,2023-12-31,Austria,sarima_p0_d0_q0_P0_D1_Q0_s24,0,0,0,0,1,0,24,48,24,48,35016,0.05,True,joint Ljung-Box and residual ACF rule,[],residual_acf,33,-0.12156612596101848,0.05,True
2020-01-01,2023-12-31,Austria,sarima_p0_d0_q0_P0_D1_Q0_s24,0,0,0,0,1,0,24,48,24,48,35016,0.05,True,joint Ljung-Box and residual ACF rule,[],residual_acf,34,-0.13379927886171258,0.05,True
2020-01-01,2023-12-31,Austria,sarima_p0_d0_q0_P0_D1_Q0_s24,0,0,0,0,1,0,24,48,24,48,35016,0.05,True,joint Ljung-Box and residual ACF rule,[],residual_acf,35,-0.14807919175834003,0.05,True
2020-01-01,2023-12-31,Austria,sarima_p0_d0_q0_P0_D1_Q0_s24,0,0,0,0,1,0,24,48,24,48,35016,0.05,True,joint Ljung-Box and residual ACF rule,[],residual_acf,36,-0.16288771170988398,0.05,True
2020-01-01,2023-12-31,Austria,sarima_p0_d0_q0_P0_D1_Q0_s24,0,0,0,0,1,0,24,48,24,48,35016,0.05,True,joint Ljung-Box and residual ACF rule,[],residual_acf,37,-0.17706520643392898,0.05,True
2020-01-01,2023-12-31,Austria,sarima_p0_d0_q0_P0_D1_Q0_s24,0,0,0,0,1,0,24,48,24,48,35016,0.05,True,joint Ljung-Box and residual ACF rule,[],residual_acf,38,-0.19066833258666177,0.05,True
2020-01-01,2023-12-31,Austria,sarima_p0_d0_q0_P0_D1_Q0_s24,0,0,0,0,1,0,24,48,24,48,35016,0.05,True,joint Ljung-Box and residual ACF rule,[],residual_acf,39,-0.20440635367917356,0.05,True
2020-01-01,2023-12-31,Austria,sarima_p0_d0_q0_P0_D1_Q0_s24,0,0,0,0,1,0,24,48,24,48,35016,0.05,True,joint Ljung-Box and residual ACF rule,[],residual_acf,40,-0.2188710865157802,0.05,True
2020-01-01,2023-12-31,Austria,sarima_p0_d0_q0_P0_D1_Q0_s24,0,0,0,0,1,0,24,48,24,48,35016,0.05,True,joint Ljung-Box and residual ACF rule,[],residual_acf,41,-0.23369322704415535,0.05,True
2020-01-01,2023-12-31,Austria,sarima_p0_d0_q0_P0_D1_Q0_s24,0,0,0,0,1,0,24,48,24,48,35016,0.05,True,joint Ljung-Box and residual ACF rule,[],residual_acf,42,-0.24862511691470546,0.05,True
2020-01-01,2023-12-31,Austria,sarima_p0_d0_q0_P0_D1_Q0_s24,0,0,0,0,1,0,24,48,24,48,35016,0.05,True,joint Ljung-Box and residual ACF rule,[],residual_acf,43,-0.2639408895149174,0.05,True
2020-01-01,2023-12-31,Austria,sarima_p0_d0_q0_P0_D1_Q0_s24,0,0,0,0,1,0,24,48,24,48,35016,0.05,True,joint Ljung-Box and residual ACF rule,[],residual_acf,44,-0.27978677552728826,0.05,True
2020-01-01,2023-12-31,Austria,sarima_p0_d0_q0_P0_D1_Q0_s24,0,0,0,0,1,0,24,48,24,48,35016,0.05,True,joint Ljung-Box and residual ACF rule,[],residual_acf,45,-0.2963718791178918,0.05,True
2020-01-01,2023-12-31,Austria,sarima_p0_d0_q0_P0_D1_Q0_s24,0,0,0,0,1,0,24,48,24,48,35016,0.05,True,joint Ljung-Box and residual ACF rule,[],residual_acf,46,-0.3127950669929828,0.05,True
2020-01-01,2023-12-31,Austria,sarima_p0_d0_q0_P0_D1_Q0_s24,0,0,0,0,1,0,24,48,24,48,35016,0.05,True,joint Ljung-Box and residual ACF rule,[],residual_acf,47,-0.3263939388513806,0.05,True
2020-01-01,2023-12-31,Austria,sarima_p0_d0_q0_P0_D1_Q0_s24,0,0,0,0,1,0,24,48,24,48,35016,0.05,True,joint Ljung-Box and residual ACF rule,[],residual_acf,48,-0.33272410579072703,0.05,True
2020-01-01,2023-12-31,Austria,sarima_p0_d0_q0_P0_D1_Q0_s24,0,0,0,0,1,0,24,48,24,48,35016,0.05,True,joint Ljung-Box and residual ACF rule,[],ljung_box_statistic,24,228564.68477982478,0.05,True
2020-01-01,2023-12-31,Austria,sarima_p0_d0_q0_P0_D1_Q0_s24,0,0,0,0,1,0,24,48,24,48,35016,0.05,True,joint Ljung-Box and residual ACF rule,[],ljung_box_pvalue,24,0.0,0.05,True
2020-01-01,2023-12-31,Austria,sarima_p0_d0_q0_P0_D1_Q0_s24,0,0,0,0,1,0,24,48,24,48,35016,0.05,True,joint Ljung-Box and residual ACF rule,[],ljung_box_statistic,48,262502.98985579726,0.05,True
2020-01-01,2023-12-31,Austria,sarima_p0_d0_q0_P0_D1_Q0_s24,0,0,0,0,1,0,24,48,24,48,35016,0.05,True,joint Ljung-Box and residual ACF rule,[],ljung_box_pvalue,48,0.0,0.05,True
2020-01-01,2023-12-31,Austria,sarima_p1_d0_q0_P0_D1_Q0_s24,1,0,0,0,1,0,24,48,24,48,35016,0.05,True,joint Ljung-Box and residual ACF rule,[],residual_acf,1,0.6103700477123865,0.05,True
2020-01-01,2023-12-31,Austria,sarima_p1_d0_q0_P0_D1_Q0_s24,1,0,0,0,1,0,24,48,24,48,35016,0.05,True,joint Ljung-Box and residual ACF rule,[],residual_acf,2,0.246340280506982,0.05,True
2020-01-01,2023-12-31,Austria,sarima_p1_d0_q0_P0_D1_Q0_s24,1,0,0,0,1,0,24,48,24,48,35016,0.05,True,joint Ljung-Box and residual ACF rule,[],residual_acf,3,0.0010198814818983951,0.05,False
2020-01-01,2023-12-31,Austria,sarima_p1_d0_q0_P0_D1_Q0_s24,1,0,0,0,1,0,24,48,24,48,35016,0.05,True,joint Ljung-Box and residual ACF rule,[],residual_acf,4,-0.07226576152209324,0.05,True
2020-01-01,2023-12-31,Austria,sarima_p1_d0_q0_P0_D1_Q0_s24,1,0,0,0,1,0,24,48,24,48,35016,0.05,True,joint Ljung-Box and residual ACF rule,[],residual_acf,5,-0.05147499374132907,0.05,True
2020-01-01,2023-12-31,Austria,sarima_p1_d0_q0_P0_D1_Q0_s24,1,0,0,0,1,0,24,48,24,48,35016,0.05,True,joint Ljung-Box and residual ACF rule,[],residual_acf,6,-0.006716279213743275,0.05,False
2020-01-01,2023-12-31,Austria,sarima_p1_d0_q0_P0_D1_Q0_s24,1,0,0,0,1,0,24,48,24,48,35016,0.05,True,joint Ljung-Box and residual ACF rule,[],residual_acf,7,0.039068269939589485,0.05,False
2020-01-01,2023-12-31,Austria,sarima_p1_d0_q0_P0_D1_Q0_s24,1,0,0,0,1,0,24,48,24,48,35016,0.05,True,joint Ljung-Box and residual ACF rule,[],residual_acf,8,0.038352037822437894,0.05,False
2020-01-01,2023-12-31,Austria,sarima_p1_d0_q0_P0_D1_Q0_s24,1,0,0,0,1,0,24,48,24,48,35016,0.05,True,joint Ljung-Box and residual ACF rule,[],residual_acf,9,0.03051677347585536,0.05,False
2020-01-01,2023-12-31,Austria,sarima_p1_d0_q0_P0_D1_Q0_s24,1,0,0,0,1,0,24,48,24,48,35016,0.05,True,joint Ljung-Box and residual ACF rule,[],residual_acf,10,0.020239645646981847,0.05,False
2020-01-01,2023-12-31,Austria,sarima_p1_d0_q0_P0_D1_Q0_s24,1,0,0,0,1,0,24,48,24,48,35016,0.05,True,joint Ljung-Box and residual ACF rule,[],residual_acf,11,0.025936970024263272,0.05,False
2020-01-01,2023-12-31,Austria,sarima_p1_d0_q0_P0_D1_Q0_s24,1,0,0,0,1,0,24,48,24,48,35016,0.05,True,joint Ljung-Box and residual ACF rule,[],residual_acf,12,0.010854329012473282,0.05,False
2020-01-01,2023-12-31,Austria,sarima_p1_d0_q0_P0_D1_Q0_s24,1,0,0,0,1,0,24,48,24,48,35016,0.05,True,joint Ljung-Box and residual ACF rule,[],residual_acf,13,-0.04437022352003983,0.05,False
2020-01-01,2023-12-31,Austria,sarima_p1_d0_q0_P0_D1_Q0_s24,1,0,0,0,1,0,24,48,24,48,35016,0.05,True,joint Ljung-Box and residual ACF rule,[],residual_acf,14,-0.11355291112677776,0.05,True
2020-01-01,2023-12-31,Austria,sarima_p1_d0_q0_P0_D1_Q0_s24,1,0,0,0,1,0,24,48,24,48,35016,0.05,True,joint Ljung-Box and residual ACF rule,[],residual_acf,15,-0.1532324174341178,0.05,True
2020-01-01,2023-12-31,Austria,sarima_p1_d0_q0_P0_D1_Q0_s24,1,0,0,0,1,0,24,48,24,48,35016,0.05,True,joint Ljung-Box and residual ACF rule,[],residual_acf,16,-0.13283237538478718,0.05,True
2020-01-01,2023-12-31,Austria,sarima_p1_d0_q0_P0_D1_Q0_s24,1,0,0,0,1,0,24,48,24,48,35016,0.05,True,joint Ljung-Box and residual ACF rule,[],residual_acf,17,-0.07628983506747158,0.05,True
2020-01-01,2023-12-31,Austria,sarima_p1_d0_q0_P0_D1_Q0_s24,1,0,0,0,1,0,24,48,24,48,35016,0.05,True,joint Ljung-Box and residual ACF rule,[],residual_acf,18,-0.020748953017279914,0.05,False
2020-01-01,2023-12-31,Austria,sarima_p1_d0_q0_P0_D1_Q0_s24,1,0,0,0,1,0,24,48,24,48,35016,0.05,True,joint Ljung-Box and residual ACF rule,[],residual_acf,19,0.015643328406962875,0.05,False
2020-01-01,2023-12-31,Austria,sarima_p1_d0_q0_P0_D1_Q0_s24,1,0,0,0,1,0,24,48,24,48,35016,0.05,True,joint Ljung-Box and residual ACF rule,[],residual_acf,20,0.020939798919642427,0.05,False
2020-01-01,2023-12-31,Austria,sarima_p1_d0_q0_P0_D1_Q0_s24,1,0,0,0,1,0,24,48,24,48,35016,0.05,True,joint Ljung-Box and residual ACF rule,[],residual_acf,21,-0.005703577728099712,0.05,False
2020-01-01,2023-12-31,Austria,sarima_p1_d0_q0_P0_D1_Q0_s24,1,0,0,0,1,0,24,48,24,48,35016,0.05,True,joint Ljung-Box and residual ACF rule,[],residual_acf,22,-0.06357003060958587,0.05,True
2020-01-01,2023-12-31,Austria,sarima_p1_d0_q0_P0_D1_Q0_s24,1,0,0,0,1,0,24,48,24,48,35016,0.05,True,joint Ljung-Box and residual ACF rule,[],residual_acf,23,-0.11924065016867041,0.05,True
2020-01-01,2023-12-31,Austria,sarima_p1_d0_q0_P0_D1_Q0_s24,1,0,0,0,1,0,24,48,24,48,35016,0.05,True,joint Ljung-Box and residual ACF rule,[],residual_acf,24,-0.23272373298265553,0.05,True
2020-01-01,2023-12-31,Austria,sarima_p1_d0_q0_P0_D1_Q0_s24,1,0,0,0,1,0,24,48,24,48,35016,0.05,True,joint Ljung-Box and residual ACF rule,[],residual_acf,25,-0.10550367473996303,0.05,True
2020-01-01,2023-12-31,Austria,sarima_p1_d0_q0_P0_D1_Q0_s24,1,0,0,0,1,0,24,48,24,48,35016,0.05,True,joint Ljung-Box and residual ACF rule,[],residual_acf,26,-0.047153281420240084,0.05,False
2020-01-01,2023-12-31,Austria,sarima_p1_d0_q0_P0_D1_Q0_s24,1,0,0,0,1,0,24,48,24,48,35016,0.05,True,joint Ljung-Box and residual ACF rule,[],residual_acf,27,-0.01673343046496778,0.05,False
2020-01-01,2023-12-31,Austria,sarima_p1_d0_q0_P0_D1_Q0_s24,1,0,0,0,1,0,24,48,24,48,35016,0.05,True,joint Ljung-Box and residual ACF rule,[],residual_acf,28,-0.01537847601104124,0.05,False
2020-01-01,2023-12-31,Austria,sarima_p1_d0_q0_P0_D1_Q0_s24,1,0,0,0,1,0,24,48,24,48,35016,0.05,True,joint Ljung-Box and residual ACF rule,[],residual_acf,29,-0.011284766786697181,0.05,False
2020-01-01,2023-12-31,Austria,sarima_p1_d0_q0_P0_D1_Q0_s24,1,0,0,0,1,0,24,48,24,48,35016,0.05,True,joint Ljung-Box and residual ACF rule,[],residual_acf,30,0.003455212857927327,0.05,False
2020-01-01,2023-12-31,Austria,sarima_p1_d0_q0_P0_D1_Q0_s24,1,0,0,0,1,0,24,48,24,48,35016,0.05,True,joint Ljung-Box and residual ACF rule,[],residual_acf,31,0.01917645283704993,0.05,False
2020-01-01,2023-12-31,Austria,sarima_p1_d0_q0_P0_D1_Q0_s24,1,0,0,0,1,0,24,48,24,48,35016,0.05,True,joint Ljung-Box and residual ACF rule,[],residual_acf,32,0.05144284046846288,0.05,True
2020-01-01,2023-12-31,Austria,sarima_p1_d0_q0_P0_D1_Q0_s24,1,0,0,0,1,0,24,48,24,48,35016,0.05,True,joint Ljung-Box and residual ACF rule,[],residual_acf,33,0.05584759832903968,0.05,True
2020-01-01,2023-12-31,Austria,sarima_p1_d0_q0_P0_D1_Q0_s24,1,0,0,0,1,0,24,48,24,48,35016,0.05,True,joint Ljung-Box and residual ACF rule,[],residual_acf,34,0.04642875257781019,0.05,False
2020-01-01,2023-12-31,Austria,sarima_p1_d0_q0_P0_D1_Q0_s24,1,0,0,0,1,0,24,48,24,48,35016,0.05,True,joint Ljung-Box and residual ACF rule,[],residual_acf,35,0.010577040670303474,0.05,False
2020-01-01,2023-12-31,Austria,sarima_p1_d0_q0_P0_D1_Q0_s24,1,0,0,0,1,0,24,48,24,48,35016,0.05,True,joint Ljung-Box and residual ACF rule,[],residual_acf,36,-0.016768572346921667,0.05,False
2020-01-01,2023-12-31,Austria,sarima_p1_d0_q0_P0_D1_Q0_s24,1,0,0,0,1,0,24,48,24,48,35016,0.05,True,joint Ljung-Box and residual ACF rule,[],residual_acf,37,-0.015580839581834522,0.05,False
2020-01-01,2023-12-31,Austria,sarima_p1_d0_q0_P0_D1_Q0_s24,1,0,0,0,1,0,24,48,24,48,35016,0.05,True,joint Ljung-Box and residual ACF rule,[],residual_acf,38,0.00093744455366652,0.05,False
2020-01-01,2023-12-31,Austria,sarima_p1_d0_q0_P0_D1_Q0_s24,1,0,0,0,1,0,24,48,24,48,35016,0.05,True,joint Ljung-Box and residual ACF rule,[],residual_acf,39,0.014656425470036344,0.05,False
2020-01-01,2023-12-31,Austria,sarima_p1_d0_q0_P0_D1_Q0_s24,1,0,0,0,1,0,24,48,24,48,35016,0.05,True,joint Ljung-Box and residual ACF rule,[],residual_acf,40,0.005861834470913104,0.05,False
2020-01-01,2023-12-31,Austria,sarima_p1_d0_q0_P0_D1_Q0_s24,1,0,0,0,1,0,24,48,24,48,35016,0.05,True,joint Ljung-Box and residual ACF rule,[],residual_acf,41,-0.00013027667025861665,0.05,False
2020-01-01,2023-12-31,Austria,sarima_p1_d0_q0_P0_D1_Q0_s24,1,0,0,0,1,0,24,48,24,48,35016,0.05,True,joint Ljung-Box and residual ACF rule,[],residual_acf,42,0.006079648375034366,0.05,False
2020-01-01,2023-12-31,Austria,sarima_p1_d0_q0_P0_D1_Q0_s24,1,0,0,0,1,0,24,48,24,48,35016,0.05,True,joint Ljung-Box and residual ACF rule,[],residual_acf,43,0.009302359886987807,0.05,False
2020-01-01,2023-12-31,Austria,sarima_p1_d0_q0_P0_D1_Q0_s24,1,0,0,0,1,0,24,48,24,48,35016,0.05,True,joint Ljung-Box and residual ACF rule,[],residual_acf,44,0.013962882641335522,0.05,False
2020-01-01,2023-12-31,Austria,sarima_p1_d0_q0_P0_D1_Q0_s24,1,0,0,0,1,0,24,48,24,48,35016,0.05,True,joint Ljung-Box and residual ACF rule,[],residual_acf,45,-0.007327215892849559,0.05,False
2020-01-01,2023-12-31,Austria,sarima_p1_d0_q0_P0_D1_Q0_s24,1,0,0,0,1,0,24,48,24,48,35016,0.05,True,joint Ljung-Box and residual ACF rule,[],residual_acf,46,-0.07000463553574832,0.05,True
2020-01-01,2023-12-31,Austria,sarima_p1_d0_q0_P0_D1_Q0_s24,1,0,0,0,1,0,24,48,24,48,35016,0.05,True,joint Ljung-Box and residual ACF rule,[],residual_acf,47,-0.17447165652411048,0.05,True
2020-01-01,2023-12-31,Austria,sarima_p1_d0_q0_P0_D1_Q0_s24,1,0,0,0,1,0,24,48,24,48,35016,0.05,True,joint Ljung-Box and residual ACF rule,[],residual_acf,48,-0.23336767485523144,0.05,True
2020-01-01,2023-12-31,Austria,sarima_p1_d0_q0_P0_D1_Q0_s24,1,0,0,0,1,0,24,48,24,48,35016,0.05,True,joint Ljung-Box and residual ACF rule,[],ljung_box_statistic,24,20371.672124140896,0.05,True
2020-01-01,2023-12-31,Austria,sarima_p1_d0_q0_P0_D1_Q0_s24,1,0,0,0,1,0,24,48,24,48,35016,0.05,True,joint Ljung-Box and residual ACF rule,[],ljung_box_pvalue,24,0.0,0.05,True
2020-01-01,2023-12-31,Austria,sarima_p1_d0_q0_P0_D1_Q0_s24,1,0,0,0,1,0,24,48,24,48,35016,0.05,True,joint Ljung-Box and residual ACF rule,[],ljung_box_statistic,48,24346.210813654852,0.05,True
2020-01-01,2023-12-31,Austria,sarima_p1_d0_q0_P0_D1_Q0_s24,1,0,0,0,1,0,24,48,24,48,35016,0.05,True,joint Ljung-Box and residual ACF rule,[],ljung_box_pvalue,48,0.0,0.05,True
2020-01-01,2023-12-31,Austria,sarima_p0_d0_q1_P0_D1_Q0_s24,0,0,1,0,1,0,24,48,24,48,35016,0.05,True,joint Ljung-Box and residual ACF rule,[],residual_acf,1,0.5656221932034678,0.05,True
2020-01-01,2023-12-31,Austria,sarima_p0_d0_q1_P0_D1_Q0_s24,0,0,1,0,1,0,24,48,24,48,35016,0.05,True,joint Ljung-Box and residual ACF rule,[],residual_acf,2,0.9340727319705521,0.05,True
2020-01-01,2023-12-31,Austria,sarima_p0_d0_q1_P0_D1_Q0_s24,0,0,1,0,1,0,24,48,24,48,35016,0.05,True,joint Ljung-Box and residual ACF rule,[],residual_acf,3,0.4857394814551212,0.05,True
2020-01-01,2023-12-31,Austria,sarima_p0_d0_q1_P0_D1_Q0_s24,0,0,1,0,1,0,24,48,24,48,35016,0.05,True,joint Ljung-Box and residual ACF rule,[],residual_acf,4,0.8367507971787009,0.05,True
2020-01-01,2023-12-31,Austria,sarima_p0_d0_q1_P0_D1_Q0_s24,0,0,1,0,1,0,24,48,24,48,35016,0.05,True,joint Ljung-Box and residual ACF rule,[],residual_acf,5,0.4070994106189527,0.05,True
2020-01-01,2023-12-31,Austria,sarima_p0_d0_q1_P0_D1_Q0_s24,0,0,1,0,1,0,24,48,24,48,35016,0.05,True,joint Ljung-Box and residual ACF rule,[],residual_acf,6,0.7503565431605803,0.05,True
2020-01-01,2023-12-31,Austria,sarima_p0_d0_q1_P0_D1_Q0_s24,0,0,1,0,1,0,24,48,24,48,35016,0.05,True,joint Ljung-Box and residual ACF rule,[],residual_acf,7,0.33653355327516765,0.05,True
2020-01-01,2023-12-31,Austria,sarima_p0_d0_q1_P0_D1_Q0_s24,0,0,1,0,1,0,24,48,24,48,35016,0.05,True,joint Ljung-Box and residual ACF rule,[],residual_acf,8,0.6659886305228723,0.05,True
2020-01-01,2023-12-31,Austria,sarima_p0_d0_q1_P0_D1_Q0_s24,0,0,1,0,1,0,24,48,24,48,35016,0.05,True,joint Ljung-Box and residual ACF rule,[],residual_acf,9,0.261797831264627,0.05,True
2020-01-01,2023-12-31,Austria,sarima_p0_d0_q1_P0_D1_Q0_s24,0,0,1,0,1,0,24,48,24,48,35016,0.05,True,joint Ljung-Box and residual ACF rule,[],residual_acf,10,0.5774665711664068,0.05,True
2020-01-01,2023-12-31,Austria,sarima_p0_d0_q1_P0_D1_Q0_s24,0,0,1,0,1,0,24,48,24,48,35016,0.05,True,joint Ljung-Box and residual ACF rule,[],residual_acf,11,0.18386871349192843,0.05,True
2020-01-01,2023-12-31,Austria,sarima_p0_d0_q1_P0_D1_Q0_s24,0,0,1,0,1,0,24,48,24,48,35016,0.05,True,joint Ljung-Box and residual ACF rule,[],residual_acf,12,0.48704751693084586,0.05,True
2020-01-01,2023-12-31,Austria,sarima_p0_d0_q1_P0_D1_Q0_s24,0,0,1,0,1,0,24,48,24,48,35016,0.05,True,joint Ljung-Box and residual ACF rule,[],residual_acf,13,0.10320230431472162,0.05,True
2020-01-01,2023-12-31,Austria,sarima_p0_d0_q1_P0_D1_Q0_s24,0,0,1,0,1,0,24,48,24,48,35016,0.05,True,joint Ljung-Box and residual ACF rule,[],residual_acf,14,0.3958135657185846,0.05,True
2020-01-01,2023-12-31,Austria,sarima_p0_d0_q1_P0_D1_Q0_s24,0,0,1,0,1,0,24,48,24,48,35016,0.05,True,joint Ljung-Box and residual ACF rule,[],residual_acf,15,0.02899901091035828,0.05,False
2020-01-01,2023-12-31,Austria,sarima_p0_d0_q1_P0_D1_Q0_s24,0,0,1,0,1,0,24,48,24,48,35016,0.05,True,joint Ljung-Box and residual ACF rule,[],residual_acf,16,0.32020002008704934,0.05,True
2020-01-01,2023-12-31,Austria,sarima_p0_d0_q1_P0_D1_Q0_s24,0,0,1,0,1,0,24,48,24,48,35016,0.05,True,joint Ljung-Box and residual ACF rule,[],residual_acf,17,-0.024373792381531756,0.05,False
2020-01-01,2023-12-31,Austria,sarima_p0_d0_q1_P0_D1_Q0_s24,0,0,1,0,1,0,24,48,24,48,35016,0.05,True,joint Ljung-Box and residual ACF rule,[],residual_acf,18,0.2626374558330304,0.05,True
2020-01-01,2023-12-31,Austria,sarima_p0_d0_q1_P0_D1_Q0_s24,0,0,1,0,1,0,24,48,24,48,35016,0.05,True,joint Ljung-Box and residual ACF rule,[],residual_acf,19,-0.06729350360179673,0.05,True
2020-01-01,2023-12-31,Austria,sarima_p0_d0_q1_P0_D1_Q0_s24,0,0,1,0,1,0,24,48,24,48,35016,0.05,True,joint Ljung-Box and residual ACF rule,[],residual_acf,20,0.20806184080779894,0.05,True
2020-01-01,2023-12-31,Austria,sarima_p0_d0_q1_P0_D1_Q0_s24,0,0,1,0,1,0,24,48,24,48,35016,0.05,True,joint Ljung-Box and residual ACF rule,[],residual_acf,21,-0.11213043236395064,0.05,True
2020-01-01,2023-12-31,Austria,sarima_p0_d0_q1_P0_D1_Q0_s24,0,0,1,0,1,0,24,48,24,48,35016,0.05,True,joint Ljung-Box and residual ACF rule,[],residual_acf,22,0.15081452920638397,0.05,True
2020-01-01,2023-12-31,Austria,sarima_p0_d0_q1_P0_D1_Q0_s24,0,0,1,0,1,0,24,48,24,48,35016,0.05,True,joint Ljung-Box and residual ACF rule,[],residual_acf,23,-0.15613719784091754,0.05,True
2020-01-01,2023-12-31,Austria,sarima_p0_d0_q1_P0_D1_Q0_s24,0,0,1,0,1,0,24,48,24,48,35016,0.05,True,joint Ljung-Box and residual ACF rule,[],residual_acf,24,0.10206599798462246,0.05,True
2020-01-01,2023-12-31,Austria,sarima_p0_d0_q1_P0_D1_Q0_s24,0,0,1,0,1,0,24,48,24,48,35016,0.05,True,joint Ljung-Box and residual ACF rule,[],residual_acf,25,-0.18426851912005884,0.05,True
2020-01-01,2023-12-31,Austria,sarima_p0_d0_q1_P0_D1_Q0_s24,0,0,1,0,1,0,24,48,24,48,35016,0.05,True,joint Ljung-Box and residual ACF rule,[],residual_acf,26,0.08429506649945635,0.05,True
2020-01-01,2023-12-31,Austria,sarima_p0_d0_q1_P0_D1_Q0_s24,0,0,1,0,1,0,24,48,24,48,35016,0.05,True,joint Ljung-Box and residual ACF rule,[],residual_acf,27,-0.19841512154655008,0.05,True
2020-01-01,2023-12-31,Austria,sarima_p0_d0_q1_P0_D1_Q0_s24,0,0,1,0,1,0,24,48,24,48,35016,0.05,True,joint Ljung-Box and residual ACF rule,[],residual_acf,28,0.07270934577432522,0.05,True
2020-01-01,2023-12-31,Austria,sarima_p0_d0_q1_P0_D1_Q0_s24,0,0,1,0,1,0,24,48,24,48,35016,0.05,True,joint Ljung-Box and residual ACF rule,[],residual_acf,29,-0.21044413882229898,0.05,True
2020-01-01,2023-12-31,Austria,sarima_p0_d0_q1_P0_D1_Q0_s24,0,0,1,0,1,0,24,48,24,48,35016,0.05,True,joint Ljung-Box and residual ACF rule,[],residual_acf,30,0.06305819751437962,0.05,True
2020-01-01,2023-12-31,Austria,sarima_p0_d0_q1_P0_D1_Q0_s24,0,0,1,0,1,0,24,48,24,48,35016,0.05,True,joint Ljung-Box and residual ACF rule,[],residual_acf,31,-0.22109057469011617,0.05,True
2020-01-01,2023-12-31,Austria,sarima_p0_d0_q1_P0_D1_Q0_s24,0,0,1,0,1,0,24,48,24,48,35016,0.05,True,joint Ljung-Box and residual ACF rule,[],residual_acf,32,0.052806772674941556,0.05,True
2020-01-01,2023-12-31,Austria,sarima_p0_d0_q1_P0_D1_Q0_s24,0,0,1,0,1,0,24,48,24,48,35016,0.05,True,joint Ljung-Box and residual ACF rule,[],residual_acf,33,-0.2344571913966666,0.05,True
2020-01-01,2023-12-31,Austria,sarima_p0_d0_q1_P0_D1_Q0_s24,0,0,1,0,1,0,24,48,24,48,35016,0.05,True,joint Ljung-Box and residual ACF rule,[],residual_acf,34,0.03551282722756179,0.05,False
2020-01-01,2023-12-31,Austria,sarima_p0_d0_q1_P0_D1_Q0_s24,0,0,1,0,1,0,24,48,24,48,35016,0.05,True,joint Ljung-Box and residual ACF rule,[],residual_acf,35,-0.2554689167013137,0.05,True
2020-01-01,2023-12-31,Austria,sarima_p0_d0_q1_P0_D1_Q0_s24,0,0,1,0,1,0,24,48,24,48,35016,0.05,True,joint Ljung-Box and residual ACF rule,[],residual_acf,36,0.011801212190694192,0.05,False
2020-01-01,2023-12-31,Austria,sarima_p0_d0_q1_P0_D1_Q0_s24,0,0,1,0,1,0,24,48,24,48,35016,0.05,True,joint Ljung-Box and residual ACF rule,[],residual_acf,37,-0.2781345212661048,0.05,True
2020-01-01,2023-12-31,Austria,sarima_p0_d0_q1_P0_D1_Q0_s24,0,0,1,0,1,0,24,48,24,48,35016,0.05,True,joint Ljung-Box and residual ACF rule,[],residual_acf,38,-0.009933087711372801,0.05,False
2020-01-01,2023-12-31,Austria,sarima_p0_d0_q1_P0_D1_Q0_s24,0,0,1,0,1,0,24,48,24,48,35016,0.05,True,joint Ljung-Box and residual ACF rule,[],residual_acf,39,-0.29899528802297065,0.05,True
2020-01-01,2023-12-31,Austria,sarima_p0_d0_q1_P0_D1_Q0_s24,0,0,1,0,1,0,24,48,24,48,35016,0.05,True,joint Ljung-Box and residual ACF rule,[],residual_acf,40,-0.032094354242917345,0.05,False
2020-01-01,2023-12-31,Austria,sarima_p0_d0_q1_P0_D1_Q0_s24,0,0,1,0,1,0,24,48,24,48,35016,0.05,True,joint Ljung-Box and residual ACF rule,[],residual_acf,41,-0.32212343511886377,0.05,True
2020-01-01,2023-12-31,Austria,sarima_p0_d0_q1_P0_D1_Q0_s24,0,0,1,0,1,0,24,48,24,48,35016,0.05,True,joint Ljung-Box and residual ACF rule,[],residual_acf,42,-0.055375342674612915,0.05,True
2020-01-01,2023-12-31,Austria,sarima_p0_d0_q1_P0_D1_Q0_s24,0,0,1,0,1,0,24,48,24,48,35016,0.05,True,joint Ljung-Box and residual ACF rule,[],residual_acf,43,-0.34560273614401055,0.05,True
2020-01-01,2023-12-31,Austria,sarima_p0_d0_q1_P0_D1_Q0_s24,0,0,1,0,1,0,24,48,24,48,35016,0.05,True,joint Ljung-Box and residual ACF rule,[],residual_acf,44,-0.07986500085695301,0.05,True
2020-01-01,2023-12-31,Austria,sarima_p0_d0_q1_P0_D1_Q0_s24,0,0,1,0,1,0,24,48,24,48,35016,0.05,True,joint Ljung-Box and residual ACF rule,[],residual_acf,45,-0.370743965954364,0.05,True
2020-01-01,2023-12-31,Austria,sarima_p0_d0_q1_P0_D1_Q0_s24,0,0,1,0,1,0,24,48,24,48,35016,0.05,True,joint Ljung-Box and residual ACF rule,[],residual_acf,46,-0.10666232503681401,0.05,True
2020-01-01,2023-12-31,Austria,sarima_p0_d0_q1_P0_D1_Q0_s24,0,0,1,0,1,0,24,48,24,48,35016,0.05,True,joint Ljung-Box and residual ACF rule,[],residual_acf,47,-0.39537786286149273,0.05,True
2020-01-01,2023-12-31,Austria,sarima_p0_d0_q1_P0_D1_Q0_s24,0,0,1,0,1,0,24,48,24,48,35016,0.05,True,joint Ljung-Box and residual ACF rule,[],residual_acf,48,-0.12461082431473026,0.05,True
2020-01-01,2023-12-31,Austria,sarima_p0_d0_q1_P0_D1_Q0_s24,0,0,1,0,1,0,24,48,24,48,35016,0.05,True,joint Ljung-Box and residual ACF rule,[],ljung_box_statistic,24,159196.29847709902,0.05,True
2020-01-01,2023-12-31,Austria,sarima_p0_d0_q1_P0_D1_Q0_s24,0,0,1,0,1,0,24,48,24,48,35016,0.05,True,joint Ljung-Box and residual ACF rule,[],ljung_box_pvalue,24,0.0,0.05,True
2020-01-01,2023-12-31,Austria,sarima_p0_d0_q1_P0_D1_Q0_s24,0,0,1,0,1,0,24,48,24,48,35016,0.05,True,joint Ljung-Box and residual ACF rule,[],ljung_box_statistic,48,195252.68959694254,0.05,True
2020-01-01,2023-12-31,Austria,sarima_p0_d0_q1_P0_D1_Q0_s24,0,0,1,0,1,0,24,48,24,48,35016,0.05,True,joint Ljung-Box and residual ACF rule,[],ljung_box_pvalue,48,0.0,0.05,True
2020-01-01,2023-12-31,Austria,sarima_p1_d0_q1_P0_D1_Q0_s24,1,0,1,0,1,0,24,48,24,48,35016,0.05,True,joint Ljung-Box and residual ACF rule,[],residual_acf,1,0.1710738676047673,0.05,True
2020-01-01,2023-12-31,Austria,sarima_p1_d0_q1_P0_D1_Q0_s24,1,0,1,0,1,0,24,48,24,48,35016,0.05,True,joint Ljung-Box and residual ACF rule,[],residual_acf,2,0.2602704881753362,0.05,True
2020-01-01,2023-12-31,Austria,sarima_p1_d0_q1_P0_D1_Q0_s24,1,0,1,0,1,0,24,48,24,48,35016,0.05,True,joint Ljung-Box and residual ACF rule,[],residual_acf,3,-0.08709476699370601,0.05,True
2020-01-01,2023-12-31,Austria,sarima_p1_d0_q1_P0_D1_Q0_s24,1,0,1,0,1,0,24,48,24,48,35016,0.05,True,joint Ljung-Box and residual ACF rule,[],residual_acf,4,-0.011109847753213978,0.05,False
2020-01-01,2023-12-31,Austria,sarima_p1_d0_q1_P0_D1_Q0_s24,1,0,1,0,1,0,24,48,24,48,35016,0.05,True,joint Ljung-Box and residual ACF rule,[],residual_acf,5,-0.039365224454001264,0.05,False
2020-01-01,2023-12-31,Austria,sarima_p1_d0_q1_P0_D1_Q0_s24,1,0,1,0,1,0,24,48,24,48,35016,0.05,True,joint Ljung-Box and residual ACF rule,[],residual_acf,6,0.003728890541261263,0.05,False
2020-01-01,2023-12-31,Austria,sarima_p1_d0_q1_P0_D1_Q0_s24,1,0,1,0,1,0,24,48,24,48,35016,0.05,True,joint Ljung-Box and residual ACF rule,[],residual_acf,7,0.04672388993233403,0.05,False
2020-01-01,2023-12-31,Austria,sarima_p1_d0_q1_P0_D1_Q0_s24,1,0,1,0,1,0,24,48,24,48,35016,0.05,True,joint Ljung-Box and residual ACF rule,[],residual_acf,8,0.021337413798344907,0.05,False
2020-01-01,2023-12-31,Austria,sarima_p1_d0_q1_P0_D1_Q0_s24,1,0,1,0,1,0,24,48,24,48,35016,0.05,True,joint Ljung-Box and residual ACF rule,[],residual_acf,9,0.03379487747176139,0.05,False
2020-01-01,2023-12-31,Austria,sarima_p1_d0_q1_P0_D1_Q0_s24,1,0,1,0,1,0,24,48,24,48,35016,0.05,True,joint Ljung-Box and residual ACF rule,[],residual_acf,10,0.006629386236965622,0.05,False
2020-01-01,2023-12-31,Austria,sarima_p1_d0_q1_P0_D1_Q0_s24,1,0,1,0,1,0,24,48,24,48,35016,0.05,True,joint Ljung-Box and residual ACF rule,[],residual_acf,11,0.02841331168695611,0.05,False
2020-01-01,2023-12-31,Austria,sarima_p1_d0_q1_P0_D1_Q0_s24,1,0,1,0,1,0,24,48,24,48,35016,0.05,True,joint Ljung-Box and residual ACF rule,[],residual_acf,12,0.01687232796358741,0.05,False
2020-01-01,2023-12-31,Austria,sarima_p1_d0_q1_P0_D1_Q0_s24,1,0,1,0,1,0,24,48,24,48,35016,0.05,True,joint Ljung-Box and residual ACF rule,[],residual_acf,13,-0.020272426132322323,0.05,False
2020-01-01,2023-12-31,Austria,sarima_p1_d0_q1_P0_D1_Q0_s24,1,0,1,0,1,0,24,48,24,48,35016,0.05,True,joint Ljung-Box and residual ACF rule,[],residual_acf,14,-0.07018977773972883,0.05,True
2020-01-01,2023-12-31,Austria,sarima_p1_d0_q1_P0_D1_Q0_s24,1,0,1,0,1,0,24,48,24,48,35016,0.05,True,joint Ljung-Box and residual ACF rule,[],residual_acf,15,-0.101286324047632,0.05,True
2020-01-01,2023-12-31,Austria,sarima_p1_d0_q1_P0_D1_Q0_s24,1,0,1,0,1,0,24,48,24,48,35016,0.05,True,joint Ljung-Box and residual ACF rule,[],residual_acf,16,-0.08556732832956022,0.05,True
2020-01-01,2023-12-31,Austria,sarima_p1_d0_q1_P0_D1_Q0_s24,1,0,1,0,1,0,24,48,24,48,35016,0.05,True,joint Ljung-Box and residual ACF rule,[],residual_acf,17,-0.0393931344699392,0.05,False
2020-01-01,2023-12-31,Austria,sarima_p1_d0_q1_P0_D1_Q0_s24,1,0,1,0,1,0,24,48,24,48,35016,0.05,True,joint Ljung-Box and residual ACF rule,[],residual_acf,18,-0.015719666874999257,0.05,False
2020-01-01,2023-12-31,Austria,sarima_p1_d0_q1_P0_D1_Q0_s24,1,0,1,0,1,0,24,48,24,48,35016,0.05,True,joint Ljung-Box and residual ACF rule,[],residual_acf,19,0.027977524216972135,0.05,False
2020-01-01,2023-12-31,Austria,sarima_p1_d0_q1_P0_D1_Q0_s24,1,0,1,0,1,0,24,48,24,48,35016,0.05,True,joint Ljung-Box and residual ACF rule,[],residual_acf,20,-0.0036380370229417295,0.05,False
2020-01-01,2023-12-31,Austria,sarima_p1_d0_q1_P0_D1_Q0_s24,1,0,1,0,1,0,24,48,24,48,35016,0.05,True,joint Ljung-Box and residual ACF rule,[],residual_acf,21,0.039620572347781415,0.05,False
2020-01-01,2023-12-31,Austria,sarima_p1_d0_q1_P0_D1_Q0_s24,1,0,1,0,1,0,24,48,24,48,35016,0.05,True,joint Ljung-Box and residual ACF rule,[],residual_acf,22,-0.10267819234392261,0.05,True
2020-01-01,2023-12-31,Austria,sarima_p1_d0_q1_P0_D1_Q0_s24,1,0,1,0,1,0,24,48,24,48,35016,0.05,True,joint Ljung-Box and residual ACF rule,[],residual_acf,23,0.034201232013329405,0.05,False
2020-01-01,2023-12-31,Austria,sarima_p1_d0_q1_P0_D1_Q0_s24,1,0,1,0,1,0,24,48,24,48,35016,0.05,True,joint Ljung-Box and residual ACF rule,[],residual_acf,24,-0.2945367088286922,0.05,True
2020-01-01,2023-12-31,Austria,sarima_p1_d0_q1_P0_D1_Q0_s24,1,0,1,0,1,0,24,48,24,48,35016,0.05,True,joint Ljung-Box and residual ACF rule,[],residual_acf,25,0.04061039060042921,0.05,False
2020-01-01,2023-12-31,Austria,sarima_p1_d0_q1_P0_D1_Q0_s24,1,0,1,0,1,0,24,48,24,48,35016,0.05,True,joint Ljung-Box and residual ACF rule,[],residual_acf,26,-0.08323562399436885,0.05,True
2020-01-01,2023-12-31,Austria,sarima_p1_d0_q1_P0_D1_Q0_s24,1,0,1,0,1,0,24,48,24,48,35016,0.05,True,joint Ljung-Box and residual ACF rule,[],residual_acf,27,0.027175840358863106,0.05,False
2020-01-01,2023-12-31,Austria,sarima_p1_d0_q1_P0_D1_Q0_s24,1,0,1,0,1,0,24,48,24,48,35016,0.05,True,joint Ljung-Box and residual ACF rule,[],residual_acf,28,-0.028676248912375184,0.05,False
2020-01-01,2023-12-31,Austria,sarima_p1_d0_q1_P0_D1_Q0_s24,1,0,1,0,1,0,24,48,24,48,35016,0.05,True,joint Ljung-Box and residual ACF rule,[],residual_acf,29,-0.004383389636462162,0.05,False
2020-01-01,2023-12-31,Austria,sarima_p1_d0_q1_P0_D1_Q0_s24,1,0,1,0,1,0,24,48,24,48,35016,0.05,True,joint Ljung-Box and residual ACF rule,[],residual_acf,30,0.0047807097011817335,0.05,False
2020-01-01,2023-12-31,Austria,sarima_p1_d0_q1_P0_D1_Q0_s24,1,0,1,0,1,0,24,48,24,48,35016,0.05,True,joint Ljung-Box and residual ACF rule,[],residual_acf,31,-0.0023631911013331907,0.05,False
2020-01-01,2023-12-31,Austria,sarima_p1_d0_q1_P0_D1_Q0_s24,1,0,1,0,1,0,24,48,24,48,35016,0.05,True,joint Ljung-Box and residual ACF rule,[],residual_acf,32,0.046634511199722894,0.05,False
2020-01-01,2023-12-31,Austria,sarima_p1_d0_q1_P0_D1_Q0_s24,1,0,1,0,1,0,24,48,24,48,35016,0.05,True,joint Ljung-Box and residual ACF rule,[],residual_acf,33,0.023590964507020938,0.05,False
2020-01-01,2023-12-31,Austria,sarima_p1_d0_q1_P0_D1_Q0_s24,1,0,1,0,1,0,24,48,24,48,35016,0.05,True,joint Ljung-Box and residual ACF rule,[],residual_acf,34,0.04004517254632034,0.05,False
2020-01-01,2023-12-31,Austria,sarima_p1_d0_q1_P0_D1_Q0_s24,1,0,1,0,1,0,24,48,24,48,35016,0.05,True,joint Ljung-Box and residual ACF rule,[],residual_acf,35,-0.0012042444852797371,0.05,False
2020-01-01,2023-12-31,Austria,sarima_p1_d0_q1_P0_D1_Q0_s24,1,0,1,0,1,0,24,48,24,48,35016,0.05,True,joint Ljung-Box and residual ACF rule,[],residual_acf,36,-0.01620300421084164,0.05,False
2020-01-01,2023-12-31,Austria,sarima_p1_d0_q1_P0_D1_Q0_s24,1,0,1,0,1,0,24,48,24,48,35016,0.05,True,joint Ljung-Box and residual ACF rule,[],residual_acf,37,-0.012784074806299539,0.05,False
2020-01-01,2023-12-31,Austria,sarima_p1_d0_q1_P0_D1_Q0_s24,1,0,1,0,1,0,24,48,24,48,35016,0.05,True,joint Ljung-Box and residual ACF rule,[],residual_acf,38,-0.0033397011872234607,0.05,False
2020-01-01,2023-12-31,Austria,sarima_p1_d0_q1_P0_D1_Q0_s24,1,0,1,0,1,0,24,48,24,48,35016,0.05,True,joint Ljung-Box and residual ACF rule,[],residual_acf,39,0.014092499571492273,0.05,False
2020-01-01,2023-12-31,Austria,sarima_p1_d0_q1_P0_D1_Q0_s24,1,0,1,0,1,0,24,48,24,48,35016,0.05,True,joint Ljung-Box and residual ACF rule,[],residual_acf,40,-0.0006681180350291455,0.05,False
2020-01-01,2023-12-31,Austria,sarima_p1_d0_q1_P0_D1_Q0_s24,1,0,1,0,1,0,24,48,24,48,35016,0.05,True,joint Ljung-Box and residual ACF rule,[],residual_acf,41,-0.0073547142777244555,0.05,False
2020-01-01,2023-12-31,Austria,sarima_p1_d0_q1_P0_D1_Q0_s24,1,0,1,0,1,0,24,48,24,48,35016,0.05,True,joint Ljung-Box and residual ACF rule,[],residual_acf,42,0.006543721331575324,0.05,False
2020-01-01,2023-12-31,Austria,sarima_p1_d0_q1_P0_D1_Q0_s24,1,0,1,0,1,0,24,48,24,48,35016,0.05,True,joint Ljung-Box and residual ACF rule,[],residual_acf,43,-0.003756535544611339,0.05,False
2020-01-01,2023-12-31,Austria,sarima_p1_d0_q1_P0_D1_Q0_s24,1,0,1,0,1,0,24,48,24,48,35016,0.05,True,joint Ljung-Box and residual ACF rule,[],residual_acf,44,0.01442717985023322,0.05,False
2020-01-01,2023-12-31,Austria,sarima_p1_d0_q1_P0_D1_Q0_s24,1,0,1,0,1,0,24,48,24,48,35016,0.05,True,joint Ljung-Box and residual ACF rule,[],residual_acf,45,-0.006451052823371686,0.05,False
2020-01-01,2023-12-31,Austria,sarima_p1_d0_q1_P0_D1_Q0_s24,1,0,1,0,1,0,24,48,24,48,35016,0.05,True,joint Ljung-Box and residual ACF rule,[],residual_acf,46,-0.032679918801127014,0.05,False
2020-01-01,2023-12-31,Austria,sarima_p1_d0_q1_P0_D1_Q0_s24,1,0,1,0,1,0,24,48,24,48,35016,0.05,True,joint Ljung-Box and residual ACF rule,[],residual_acf,47,-0.11682966667321222,0.05,True
2020-01-01,2023-12-31,Austria,sarima_p1_d0_q1_P0_D1_Q0_s24,1,0,1,0,1,0,24,48,24,48,35016,0.05,True,joint Ljung-Box and residual ACF rule,[],residual_acf,48,-0.16987297176969643,0.05,True
2020-01-01,2023-12-31,Austria,sarima_p1_d0_q1_P0_D1_Q0_s24,1,0,1,0,1,0,24,48,24,48,35016,0.05,True,joint Ljung-Box and residual ACF rule,[],ljung_box_statistic,24,8293.28020811101,0.05,True
2020-01-01,2023-12-31,Austria,sarima_p1_d0_q1_P0_D1_Q0_s24,1,0,1,0,1,0,24,48,24,48,35016,0.05,True,joint Ljung-Box and residual ACF rule,[],ljung_box_pvalue,24,0.0,0.05,True
2020-01-01,2023-12-31,Austria,sarima_p1_d0_q1_P0_D1_Q0_s24,1,0,1,0,1,0,24,48,24,48,35016,0.05,True,joint Ljung-Box and residual ACF rule,[],ljung_box_statistic,48,10365.132059261516,0.05,True
2020-01-01,2023-12-31,Austria,sarima_p1_d0_q1_P0_D1_Q0_s24,1,0,1,0,1,0,24,48,24,48,35016,0.05,True,joint Ljung-Box and residual ACF rule,[],ljung_box_pvalue,48,0.0,0.05,True
2020-01-01,2023-12-31,Austria,sarima_p2_d0_q0_P0_D1_Q0_s24,2,0,0,0,1,0,24,48,24,48,35016,0.05,True,joint Ljung-Box and residual ACF rule,[],residual_acf,1,0.10384883897987984,0.05,True
2020-01-01,2023-12-31,Austria,sarima_p2_d0_q0_P0_D1_Q0_s24,2,0,0,0,1,0,24,48,24,48,35016,0.05,True,joint Ljung-Box and residual ACF rule,[],residual_acf,2,-0.046727933396757154,0.05,False
2020-01-01,2023-12-31,Austria,sarima_p2_d0_q0_P0_D1_Q0_s24,2,0,0,0,1,0,24,48,24,48,35016,0.05,True,joint Ljung-Box and residual ACF rule,[],residual_acf,3,-0.13951088175375426,0.05,True
2020-01-01,2023-12-31,Austria,sarima_p2_d0_q0_P0_D1_Q0_s24,2,0,0,0,1,0,24,48,24,48,35016,0.05,True,joint Ljung-Box and residual ACF rule,[],residual_acf,4,-0.0710060235410414,0.05,True
2020-01-01,2023-12-31,Austria,sarima_p2_d0_q0_P0_D1_Q0_s24,2,0,0,0,1,0,24,48,24,48,35016,0.05,True,joint Ljung-Box and residual ACF rule,[],residual_acf,5,0.0027161804363727737,0.05,False
2020-01-01,2023-12-31,Austria,sarima_p2_d0_q0_P0_D1_Q0_s24,2,0,0,0,1,0,24,48,24,48,35016,0.05,True,joint Ljung-Box and residual ACF rule,[],residual_acf,6,0.0306945850145721,0.05,False
2020-01-01,2023-12-31,Austria,sarima_p2_d0_q0_P0_D1_Q0_s24,2,0,0,0,1,0,24,48,24,48,35016,0.05,True,joint Ljung-Box and residual ACF rule,[],residual_acf,7,0.08449730045291956,0.05,True
2020-01-01,2023-12-31,Austria,sarima_p2_d0_q0_P0_D1_Q0_s24,2,0,0,0,1,0,24,48,24,48,35016,0.05,True,joint Ljung-Box and residual ACF rule,[],residual_acf,8,0.040960010336289196,0.05,False
2020-01-01,2023-12-31,Austria,sarima_p2_d0_q0_P0_D1_Q0_s24,2,0,0,0,1,0,24,48,24,48,35016,0.05,True,joint Ljung-Box and residual ACF rule,[],residual_acf,9,0.03256282531908432,0.05,False
2020-01-01,2023-12-31,Austria,sarima_p2_d0_q0_P0_D1_Q0_s24,2,0,0,0,1,0,24,48,24,48,35016,0.05,True,joint Ljung-Box and residual ACF rule,[],residual_acf,10,0.009477710802861994,0.05,False
2020-01-01,2023-12-31,Austria,sarima_p2_d0_q0_P0_D1_Q0_s24,2,0,0,0,1,0,24,48,24,48,35016,0.05,True,joint Ljung-Box and residual ACF rule,[],residual_acf,11,0.04621887896645353,0.05,False
2020-01-01,2023-12-31,Austria,sarima_p2_d0_q0_P0_D1_Q0_s24,2,0,0,0,1,0,24,48,24,48,35016,0.05,True,joint Ljung-Box and residual ACF rule,[],residual_acf,12,0.06184501102853172,0.05,True
2020-01-01,2023-12-31,Austria,sarima_p2_d0_q0_P0_D1_Q0_s24,2,0,0,0,1,0,24,48,24,48,35016,0.05,True,joint Ljung-Box and residual ACF rule,[],residual_acf,13,0.024197130010657056,0.05,False
2020-01-01,2023-12-31,Austria,sarima_p2_d0_q0_P0_D1_Q0_s24,2,0,0,0,1,0,24,48,24,48,35016,0.05,True,joint Ljung-Box and residual ACF rule,[],residual_acf,14,-0.03330638152673288,0.05,False
2020-01-01,2023-12-31,Austria,sarima_p2_d0_q0_P0_D1_Q0_s24,2,0,0,0,1,0,24,48,24,48,35016,0.05,True,joint Ljung-Box and residual ACF rule,[],residual_acf,15,-0.07302090857353864,0.05,True
2020-01-01,2023-12-31,Austria,sarima_p2_d0_q0_P0_D1_Q0_s24,2,0,0,0,1,0,24,48,24,48,35016,0.05,True,joint Ljung-Box and residual ACF rule,[],residual_acf,16,-0.04704306315437072,0.05,False
2020-01-01,2023-12-31,Austria,sarima_p2_d0_q0_P0_D1_Q0_s24,2,0,0,0,1,0,24,48,24,48,35016,0.05,True,joint Ljung-Box and residual ACF rule,[],residual_acf,17,-0.0019167434859908175,0.05,False
2020-01-01,2023-12-31,Austria,sarima_p2_d0_q0_P0_D1_Q0_s24,2,0,0,0,1,0,24,48,24,48,35016,0.05,True,joint Ljung-Box and residual ACF rule,[],residual_acf,18,0.02339586115538995,0.05,False
2020-01-01,2023-12-31,Austria,sarima_p2_d0_q0_P0_D1_Q0_s24,2,0,0,0,1,0,24,48,24,48,35016,0.05,True,joint Ljung-Box and residual ACF rule,[],residual_acf,19,0.03955096327198945,0.05,False
2020-01-01,2023-12-31,Austria,sarima_p2_d0_q0_P0_D1_Q0_s24,2,0,0,0,1,0,24,48,24,48,35016,0.05,True,joint Ljung-Box and residual ACF rule,[],residual_acf,20,0.03974045099314181,0.05,False
2020-01-01,2023-12-31,Austria,sarima_p2_d0_q0_P0_D1_Q0_s24,2,0,0,0,1,0,24,48,24,48,35016,0.05,True,joint Ljung-Box and residual ACF rule,[],residual_acf,21,0.033762512384675224,0.05,False
2020-01-01,2023-12-31,Austria,sarima_p2_d0_q0_P0_D1_Q0_s24,2,0,0,0,1,0,24,48,24,48,35016,0.05,True,joint Ljung-Box and residual ACF rule,[],residual_acf,22,-0.010743885178254557,0.05,False
2020-01-01,2023-12-31,Austria,sarima_p2_d0_q0_P0_D1_Q0_s24,2,0,0,0,1,0,24,48,24,48,35016,0.05,True,joint Ljung-Box and residual ACF rule,[],residual_acf,23,0.0427129710069095,0.05,False
2020-01-01,2023-12-31,Austria,sarima_p2_d0_q0_P0_D1_Q0_s24,2,0,0,0,1,0,24,48,24,48,35016,0.05,True,joint Ljung-Box and residual ACF rule,[],residual_acf,24,-0.28607171881987664,0.05,True
2020-01-01,2023-12-31,Austria,sarima_p2_d0_q0_P0_D1_Q0_s24,2,0,0,0,1,0,24,48,24,48,35016,0.05,True,joint Ljung-Box and residual ACF rule,[],residual_acf,25,0.05440471895869472,0.05,True
2020-01-01,2023-12-31,Austria,sarima_p2_d0_q0_P0_D1_Q0_s24,2,0,0,0,1,0,24,48,24,48,35016,0.05,True,joint Ljung-Box and residual ACF rule,[],residual_acf,26,0.019402874065938908,0.05,False
2020-01-01,2023-12-31,Austria,sarima_p2_d0_q0_P0_D1_Q0_s24,2,0,0,0,1,0,24,48,24,48,35016,0.05,True,joint Ljung-Box and residual ACF rule,[],residual_acf,27,0.02448774991322466,0.05,False
2020-01-01,2023-12-31,Austria,sarima_p2_d0_q0_P0_D1_Q0_s24,2,0,0,0,1,0,24,48,24,48,35016,0.05,True,joint Ljung-Box and residual ACF rule,[],residual_acf,28,-0.008854280083734739,0.05,False
2020-01-01,2023-12-31,Austria,sarima_p2_d0_q0_P0_D1_Q0_s24,2,0,0,0,1,0,24,48,24,48,35016,0.05,True,joint Ljung-Box and residual ACF rule,[],residual_acf,29,-0.016862103343275092,0.05,False
2020-01-01,2023-12-31,Austria,sarima_p2_d0_q0_P0_D1_Q0_s24,2,0,0,0,1,0,24,48,24,48,35016,0.05,True,joint Ljung-Box and residual ACF rule,[],residual_acf,30,-0.00499715292763445,0.05,False
2020-01-01,2023-12-31,Austria,sarima_p2_d0_q0_P0_D1_Q0_s24,2,0,0,0,1,0,24,48,24,48,35016,0.05,True,joint Ljung-Box and residual ACF rule,[],residual_acf,31,-0.019328161897017932,0.05,False
2020-01-01,2023-12-31,Austria,sarima_p2_d0_q0_P0_D1_Q0_s24,2,0,0,0,1,0,24,48,24,48,35016,0.05,True,joint Ljung-Box and residual ACF rule,[],residual_acf,32,0.031248524536920425,0.05,False
2020-01-01,2023-12-31,Austria,sarima_p2_d0_q0_P0_D1_Q0_s24,2,0,0,0,1,0,24,48,24,48,35016,0.05,True,joint Ljung-Box and residual ACF rule,[],residual_acf,33,0.016781318696669465,0.05,False
2020-01-01,2023-12-31,Austria,sarima_p2_d0_q0_P0_D1_Q0_s24,2,0,0,0,1,0,24,48,24,48,35016,0.05,True,joint Ljung-Box and residual ACF rule,[],residual_acf,34,0.028031870761796366,0.05,False
2020-01-01,2023-12-31,Austria,sarima_p2_d0_q0_P0_D1_Q0_s24,2,0,0,0,1,0,24,48,24,48,35016,0.05,True,joint Ljung-Box and residual ACF rule,[],residual_acf,35,-0.014151746484180886,0.05,False
2020-01-01,2023-12-31,Austria,sarima_p2_d0_q0_P0_D1_Q0_s24,2,0,0,0,1,0,24,48,24,48,35016,0.05,True,joint Ljung-Box and residual ACF rule,[],residual_acf,36,-0.03960759489575046,0.05,False
2020-01-01,2023-12-31,Austria,sarima_p2_d0_q0_P0_D1_Q0_s24,2,0,0,0,1,0,24,48,24,48,35016,0.05,True,joint Ljung-Box and residual ACF rule,[],residual_acf,37,-0.026266970831300255,0.05,False
2020-01-01,2023-12-31,Austria,sarima_p2_d0_q0_P0_D1_Q0_s24,2,0,0,0,1,0,24,48,24,48,35016,0.05,True,joint Ljung-Box and residual ACF rule,[],residual_acf,38,-0.005668584582654008,0.05,False
2020-01-01,2023-12-31,Austria,sarima_p2_d0_q0_P0_D1_Q0_s24,2,0,0,0,1,0,24,48,24,48,35016,0.05,True,joint Ljung-Box and residual ACF rule,[],residual_acf,39,0.016256843652432303,0.05,False
2020-01-01,2023-12-31,Austria,sarima_p2_d0_q0_P0_D1_Q0_s24,2,0,0,0,1,0,24,48,24,48,35016,0.05,True,joint Ljung-Box and residual ACF rule,[],residual_acf,40,-0.01207395007030955,0.05,False
2020-01-01,2023-12-31,Austria,sarima_p2_d0_q0_P0_D1_Q0_s24,2,0,0,0,1,0,24,48,24,48,35016,0.05,True,joint Ljung-Box and residual ACF rule,[],residual_acf,41,-0.023416151118546762,0.05,False
2020-01-01,2023-12-31,Austria,sarima_p2_d0_q0_P0_D1_Q0_s24,2,0,0,0,1,0,24,48,24,48,35016,0.05,True,joint Ljung-Box and residual ACF rule,[],residual_acf,42,-0.00739276658255909,0.05,False
2020-01-01,2023-12-31,Austria,sarima_p2_d0_q0_P0_D1_Q0_s24,2,0,0,0,1,0,24,48,24,48,35016,0.05,True,joint Ljung-Box and residual ACF rule,[],residual_acf,43,-0.012246512696874703,0.05,False
2020-01-01,2023-12-31,Austria,sarima_p2_d0_q0_P0_D1_Q0_s24,2,0,0,0,1,0,24,48,24,48,35016,0.05,True,joint Ljung-Box and residual ACF rule,[],residual_acf,44,0.01630239508387801,0.05,False
2020-01-01,2023-12-31,Austria,sarima_p2_d0_q0_P0_D1_Q0_s24,2,0,0,0,1,0,24,48,24,48,35016,0.05,True,joint Ljung-Box and residual ACF rule,[],residual_acf,45,0.02864036160308276,0.05,False
2020-01-01,2023-12-31,Austria,sarima_p2_d0_q0_P0_D1_Q0_s24,2,0,0,0,1,0,24,48,24,48,35016,0.05,True,joint Ljung-Box and residual ACF rule,[],residual_acf,46,0.019516611403633453,0.05,False
2020-01-01,2023-12-31,Austria,sarima_p2_d0_q0_P0_D1_Q0_s24,2,0,0,0,1,0,24,48,24,48,35016,0.05,True,joint Ljung-Box and residual ACF rule,[],residual_acf,47,-0.08703522792476691,0.05,True
2020-01-01,2023-12-31,Austria,sarima_p2_d0_q0_P0_D1_Q0_s24,2,0,0,0,1,0,24,48,24,48,35016,0.05,True,joint Ljung-Box and residual ACF rule,[],residual_acf,48,-0.17070141058728167,0.05,True
2020-01-01,2023-12-31,Austria,sarima_p2_d0_q0_P0_D1_Q0_s24,2,0,0,0,1,0,24,48,24,48,35016,0.05,True,joint Ljung-Box and residual ACF rule,[],ljung_box_statistic,24,5332.3219604325905,0.05,True
2020-01-01,2023-12-31,Austria,sarima_p2_d0_q0_P0_D1_Q0_s24,2,0,0,0,1,0,24,48,24,48,35016,0.05,True,joint Ljung-Box and residual ACF rule,[],ljung_box_pvalue,24,0.0,0.05,True
2020-01-01,2023-12-31,Austria,sarima_p2_d0_q0_P0_D1_Q0_s24,2,0,0,0,1,0,24,48,24,48,35016,0.05,True,joint Ljung-Box and residual ACF rule,[],ljung_box_statistic,48,7035.518606219595,0.05,True
2020-01-01,2023-12-31,Austria,sarima_p2_d0_q0_P0_D1_Q0_s24,2,0,0,0,1,0,24,48,24,48,35016,0.05,True,joint Ljung-Box and residual ACF rule,[],ljung_box_pvalue,48,0.0,0.05,True
2020-01-01,2023-12-31,Austria,sarima_p0_d0_q2_P0_D1_Q0_s24,0,0,2,0,1,0,24,48,24,48,35016,0.05,True,joint Ljung-Box and residual ACF rule,[],residual_acf,1,0.5883406814266922,0.05,True
2020-01-01,2023-12-31,Austria,sarima_p0_d0_q2_P0_D1_Q0_s24,0,0,2,0,1,0,24,48,24,48,35016,0.05,True,joint Ljung-Box and residual ACF rule,[],residual_acf,2,0.8178932099305527,0.05,True
2020-01-01,2023-12-31,Austria,sarima_p0_d0_q2_P0_D1_Q0_s24,0,0,2,0,1,0,24,48,24,48,35016,0.05,True,joint Ljung-Box and residual ACF rule,[],residual_acf,3,0.6631230596123925,0.05,True
2020-01-01,2023-12-31,Austria,sarima_p0_d0_q2_P0_D1_Q0_s24,0,0,2,0,1,0,24,48,24,48,35016,0.05,True,joint Ljung-Box and residual ACF rule,[],residual_acf,4,0.562725013335426,0.05,True
2020-01-01,2023-12-31,Austria,sarima_p0_d0_q2_P0_D1_Q0_s24,0,0,2,0,1,0,24,48,24,48,35016,0.05,True,joint Ljung-Box and residual ACF rule,[],residual_acf,5,0.6966079384186573,0.05,True
2020-01-01,2023-12-31,Austria,sarima_p0_d0_q2_P0_D1_Q0_s24,0,0,2,0,1,0,24,48,24,48,35016,0.05,True,joint Ljung-Box and residual ACF rule,[],residual_acf,6,0.43885555663254516,0.05,True
2020-01-01,2023-12-31,Austria,sarima_p0_d0_q2_P0_D1_Q0_s24,0,0,2,0,1,0,24,48,24,48,35016,0.05,True,joint Ljung-Box and residual ACF rule,[],residual_acf,7,0.5990915558101853,0.05,True
2020-01-01,2023-12-31,Austria,sarima_p0_d0_q2_P0_D1_Q0_s24,0,0,2,0,1,0,24,48,24,48,35016,0.05,True,joint Ljung-Box and residual ACF rule,[],residual_acf,8,0.4346017329079194,0.05,True
2020-01-01,2023-12-31,Austria,sarima_p0_d0_q2_P0_D1_Q0_s24,0,0,2,0,1,0,24,48,24,48,35016,0.05,True,joint Ljung-Box and residual ACF rule,[],residual_acf,9,0.4297674671288503,0.05,True
2020-01-01,2023-12-31,Austria,sarima_p0_d0_q2_P0_D1_Q0_s24,0,0,2,0,1,0,24,48,24,48,35016,0.05,True,joint Ljung-Box and residual ACF rule,[],residual_acf,10,0.429300962515544,0.05,True
2020-01-01,2023-12-31,Austria,sarima_p0_d0_q2_P0_D1_Q0_s24,0,0,2,0,1,0,24,48,24,48,35016,0.05,True,joint Ljung-Box and residual ACF rule,[],residual_acf,11,0.3048998022414385,0.05,True
2020-01-01,2023-12-31,Austria,sarima_p0_d0_q2_P0_D1_Q0_s24,0,0,2,0,1,0,24,48,24,48,35016,0.05,True,joint Ljung-Box and residual ACF rule,[],residual_acf,12,0.35025905341970026,0.05,True
2020-01-01,2023-12-31,Austria,sarima_p0_d0_q2_P0_D1_Q0_s24,0,0,2,0,1,0,24,48,24,48,35016,0.05,True,joint Ljung-Box and residual ACF rule,[],residual_acf,13,0.24600437453970478,0.05,True
2020-01-01,2023-12-31,Austria,sarima_p0_d0_q2_P0_D1_Q0_s24,0,0,2,0,1,0,24,48,24,48,35016,0.05,True,joint Ljung-Box and residual ACF rule,[],residual_acf,14,0.2256090303071197,0.05,True
2020-01-01,2023-12-31,Austria,sarima_p0_d0_q2_P0_D1_Q0_s24,0,0,2,0,1,0,24,48,24,48,35016,0.05,True,joint Ljung-Box and residual ACF rule,[],residual_acf,15,0.19740228455675038,0.05,True
2020-01-01,2023-12-31,Austria,sarima_p0_d0_q2_P0_D1_Q0_s24,0,0,2,0,1,0,24,48,24,48,35016,0.05,True,joint Ljung-Box and residual ACF rule,[],residual_acf,16,0.14604483232707083,0.05,True
2020-01-01,2023-12-31,Austria,sarima_p0_d0_q2_P0_D1_Q0_s24,0,0,2,0,1,0,24,48,24,48,35016,0.05,True,joint Ljung-Box and residual ACF rule,[],residual_acf,17,0.12775798015792278,0.05,True
2020-01-01,2023-12-31,Austria,sarima_p0_d0_q2_P0_D1_Q0_s24,0,0,2,0,1,0,24,48,24,48,35016,0.05,True,joint Ljung-Box and residual ACF rule,[],residual_acf,18,0.12432063598188135,0.05,True
2020-01-01,2023-12-31,Austria,sarima_p0_d0_q2_P0_D1_Q0_s24,0,0,2,0,1,0,24,48,24,48,35016,0.05,True,joint Ljung-Box and residual ACF rule,[],residual_acf,19,0.054653432842592935,0.05,True
2020-01-01,2023-12-31,Austria,sarima_p0_d0_q2_P0_D1_Q0_s24,0,0,2,0,1,0,24,48,24,48,35016,0.05,True,joint Ljung-Box and residual ACF rule,[],residual_acf,20,0.08378622259118945,0.05,True
2020-01-01,2023-12-31,Austria,sarima_p0_d0_q2_P0_D1_Q0_s24,0,0,2,0,1,0,24,48,24,48,35016,0.05,True,joint Ljung-Box and residual ACF rule,[],residual_acf,21,0.02816264540305259,0.05,False
2020-01-01,2023-12-31,Austria,sarima_p0_d0_q2_P0_D1_Q0_s24,0,0,2,0,1,0,24,48,24,48,35016,0.05,True,joint Ljung-Box and residual ACF rule,[],residual_acf,22,-0.020224720914023133,0.05,False
2020-01-01,2023-12-31,Austria,sarima_p0_d0_q2_P0_D1_Q0_s24,0,0,2,0,1,0,24,48,24,48,35016,0.05,True,joint Ljung-Box and residual ACF rule,[],residual_acf,23,0.04456929828597834,0.05,False
2020-01-01,2023-12-31,Austria,sarima_p0_d0_q2_P0_D1_Q0_s24,0,0,2,0,1,0,24,48,24,48,35016,0.05,True,joint Ljung-Box and residual ACF rule,[],residual_acf,24,-0.11995660132228893,0.05,True
2020-01-01,2023-12-31,Austria,sarima_p0_d0_q2_P0_D1_Q0_s24,0,0,2,0,1,0,24,48,24,48,35016,0.05,True,joint Ljung-Box and residual ACF rule,[],residual_acf,25,0.03032327208452642,0.05,False
2020-01-01,2023-12-31,Austria,sarima_p0_d0_q2_P0_D1_Q0_s24,0,0,2,0,1,0,24,48,24,48,35016,0.05,True,joint Ljung-Box and residual ACF rule,[],residual_acf,26,-0.10505567341360167,0.05,True
2020-01-01,2023-12-31,Austria,sarima_p0_d0_q2_P0_D1_Q0_s24,0,0,2,0,1,0,24,48,24,48,35016,0.05,True,joint Ljung-Box and residual ACF rule,[],residual_acf,27,-0.04116759759816805,0.05,False
2020-01-01,2023-12-31,Austria,sarima_p0_d0_q2_P0_D1_Q0_s24,0,0,2,0,1,0,24,48,24,48,35016,0.05,True,joint Ljung-Box and residual ACF rule,[],residual_acf,28,-0.04907712708229158,0.05,False
2020-01-01,2023-12-31,Austria,sarima_p0_d0_q2_P0_D1_Q0_s24,0,0,2,0,1,0,24,48,24,48,35016,0.05,True,joint Ljung-Box and residual ACF rule,[],residual_acf,29,-0.11158391294402918,0.05,True
2020-01-01,2023-12-31,Austria,sarima_p0_d0_q2_P0_D1_Q0_s24,0,0,2,0,1,0,24,48,24,48,35016,0.05,True,joint Ljung-Box and residual ACF rule,[],residual_acf,30,-0.021886860078482846,0.05,False
2020-01-01,2023-12-31,Austria,sarima_p0_d0_q2_P0_D1_Q0_s24,0,0,2,0,1,0,24,48,24,48,35016,0.05,True,joint Ljung-Box and residual ACF rule,[],residual_acf,31,-0.13031276953154108,0.05,True
2020-01-01,2023-12-31,Austria,sarima_p0_d0_q2_P0_D1_Q0_s24,0,0,2,0,1,0,24,48,24,48,35016,0.05,True,joint Ljung-Box and residual ACF rule,[],residual_acf,32,-0.04919653688391579,0.05,False
2020-01-01,2023-12-31,Austria,sarima_p0_d0_q2_P0_D1_Q0_s24,0,0,2,0,1,0,24,48,24,48,35016,0.05,True,joint Ljung-Box and residual ACF rule,[],residual_acf,33,-0.10652041374663757,0.05,True
2020-01-01,2023-12-31,Austria,sarima_p0_d0_q2_P0_D1_Q0_s24,0,0,2,0,1,0,24,48,24,48,35016,0.05,True,joint Ljung-Box and residual ACF rule,[],residual_acf,34,-0.10956127488596196,0.05,True
2020-01-01,2023-12-31,Austria,sarima_p0_d0_q2_P0_D1_Q0_s24,0,0,2,0,1,0,24,48,24,48,35016,0.05,True,joint Ljung-Box and residual ACF rule,[],residual_acf,35,-0.0890902032871753,0.05,True
2020-01-01,2023-12-31,Austria,sarima_p0_d0_q2_P0_D1_Q0_s24,0,0,2,0,1,0,24,48,24,48,35016,0.05,True,joint Ljung-Box and residual ACF rule,[],residual_acf,36,-0.15874386584423092,0.05,True
2020-01-01,2023-12-31,Austria,sarima_p0_d0_q2_P0_D1_Q0_s24,0,0,2,0,1,0,24,48,24,48,35016,0.05,True,joint Ljung-Box and residual ACF rule,[],residual_acf,37,-0.10520215673926618,0.05,True
2020-01-01,2023-12-31,Austria,sarima_p0_d0_q2_P0_D1_Q0_s24,0,0,2,0,1,0,24,48,24,48,35016,0.05,True,joint Ljung-Box and residual ACF rule,[],residual_acf,38,-0.16840689122146862,0.05,True
2020-01-01,2023-12-31,Austria,sarima_p0_d0_q2_P0_D1_Q0_s24,0,0,2,0,1,0,24,48,24,48,35016,0.05,True,joint Ljung-Box and residual ACF rule,[],residual_acf,39,-0.14895660192189278,0.05,True
2020-01-01,2023-12-31,Austria,sarima_p0_d0_q2_P0_D1_Q0_s24,0,0,2,0,1,0,24,48,24,48,35016,0.05,True,joint Ljung-Box and residual ACF rule,[],residual_acf,40,-0.16116989400928872,0.05,True
2020-01-01,2023-12-31,Austria,sarima_p0_d0_q2_P0_D1_Q0_s24,0,0,2,0,1,0,24,48,24,48,35016,0.05,True,joint Ljung-Box and residual ACF rule,[],residual_acf,41,-0.1983103457668189,0.05,True
2020-01-01,2023-12-31,Austria,sarima_p0_d0_q2_P0_D1_Q0_s24,0,0,2,0,1,0,24,48,24,48,35016,0.05,True,joint Ljung-Box and residual ACF rule,[],residual_acf,42,-0.1676120007478969,0.05,True
2020-01-01,2023-12-31,Austria,sarima_p0_d0_q2_P0_D1_Q0_s24,0,0,2,0,1,0,24,48,24,48,35016,0.05,True,joint Ljung-Box and residual ACF rule,[],residual_acf,43,-0.22400096996055818,0.05,True
2020-01-01,2023-12-31,Austria,sarima_p0_d0_q2_P0_D1_Q0_s24,0,0,2,0,1,0,24,48,24,48,35016,0.05,True,joint Ljung-Box and residual ACF rule,[],residual_acf,44,-0.20164602482886274,0.05,True
2020-01-01,2023-12-31,Austria,sarima_p0_d0_q2_P0_D1_Q0_s24,0,0,2,0,1,0,24,48,24,48,35016,0.05,True,joint Ljung-Box and residual ACF rule,[],residual_acf,45,-0.2299277148914349,0.05,True
2020-01-01,2023-12-31,Austria,sarima_p0_d0_q2_P0_D1_Q0_s24,0,0,2,0,1,0,24,48,24,48,35016,0.05,True,joint Ljung-Box and residual ACF rule,[],residual_acf,46,-0.24927679188008542,0.05,True
2020-01-01,2023-12-31,Austria,sarima_p0_d0_q2_P0_D1_Q0_s24,0,0,2,0,1,0,24,48,24,48,35016,0.05,True,joint Ljung-Box and residual ACF rule,[],residual_acf,47,-0.23934211324972354,0.05,True
2020-01-01,2023-12-31,Austria,sarima_p0_d0_q2_P0_D1_Q0_s24,0,0,2,0,1,0,24,48,24,48,35016,0.05,True,joint Ljung-Box and residual ACF rule,[],residual_acf,48,-0.27743183583909137,0.05,True
2020-01-01,2023-12-31,Austria,sarima_p0_d0_q2_P0_D1_Q0_s24,0,0,2,0,1,0,24,48,24,48,35016,0.05,True,joint Ljung-Box and residual ACF rule,[],ljung_box_statistic,24,133539.9952676493,0.05,True
2020-01-01,2023-12-31,Austria,sarima_p0_d0_q2_P0_D1_Q0_s24,0,0,2,0,1,0,24,48,24,48,35016,0.05,True,joint Ljung-Box and residual ACF rule,[],ljung_box_pvalue,24,0.0,0.05,True
2020-01-01,2023-12-31,Austria,sarima_p0_d0_q2_P0_D1_Q0_s24,0,0,2,0,1,0,24,48,24,48,35016,0.05,True,joint Ljung-Box and residual ACF rule,[],ljung_box_statistic,48,154575.5128908805,0.05,True
2020-01-01,2023-12-31,Austria,sarima_p0_d0_q2_P0_D1_Q0_s24,0,0,2,0,1,0,24,48,24,48,35016,0.05,True,joint Ljung-Box and residual ACF rule,[],ljung_box_pvalue,48,0.0,0.05,True
2020-01-01,2023-12-31,Austria,sarima_p0_d0_q0_P1_D1_Q0_s24,0,0,0,1,1,0,24,48,24,48,35016,0.05,True,joint Ljung-Box and residual ACF rule,[],residual_acf,1,0.9792718263952132,0.05,True
2020-01-01,2023-12-31,Austria,sarima_p0_d0_q0_P1_D1_Q0_s24,0,0,0,1,1,0,24,48,24,48,35016,0.05,True,joint Ljung-Box and residual ACF rule,[],residual_acf,2,0.9333291285737281,0.05,True
2020-01-01,2023-12-31,Austria,sarima_p0_d0_q0_P1_D1_Q0_s24,0,0,0,1,1,0,24,48,24,48,35016,0.05,True,joint Ljung-Box and residual ACF rule,[],residual_acf,3,0.8775152485127743,0.05,True
2020-01-01,2023-12-31,Austria,sarima_p0_d0_q0_P1_D1_Q0_s24,0,0,0,1,1,0,24,48,24,48,35016,0.05,True,joint Ljung-Box and residual ACF rule,[],residual_acf,4,0.8221372870515614,0.05,True
2020-01-01,2023-12-31,Austria,sarima_p0_d0_q0_P1_D1_Q0_s24,0,0,0,1,1,0,24,48,24,48,35016,0.05,True,joint Ljung-Box and residual ACF rule,[],residual_acf,5,0.7702523634607236,0.05,True
2020-01-01,2023-12-31,Austria,sarima_p0_d0_q0_P1_D1_Q0_s24,0,0,0,1,1,0,24,48,24,48,35016,0.05,True,joint Ljung-Box and residual ACF rule,[],residual_acf,6,0.7209464159188694,0.05,True
2020-01-01,2023-12-31,Austria,sarima_p0_d0_q0_P1_D1_Q0_s24,0,0,0,1,1,0,24,48,24,48,35016,0.05,True,joint Ljung-Box and residual ACF rule,[],residual_acf,7,0.6723197691861613,0.05,True
2020-01-01,2023-12-31,Austria,sarima_p0_d0_q0_P1_D1_Q0_s24,0,0,0,1,1,0,24,48,24,48,35016,0.05,True,joint Ljung-Box and residual ACF rule,[],residual_acf,8,0.6224582509902424,0.05,True
2020-01-01,2023-12-31,Austria,sarima_p0_d0_q0_P1_D1_Q0_s24,0,0,0,1,1,0,24,48,24,48,35016,0.05,True,joint Ljung-Box and residual ACF rule,[],residual_acf,9,0.5714078312055125,0.05,True
2020-01-01,2023-12-31,Austria,sarima_p0_d0_q0_P1_D1_Q0_s24,0,0,0,1,1,0,24,48,24,48,35016,0.05,True,joint Ljung-Box and residual ACF rule,[],residual_acf,10,0.519506239245071,0.05,True
2020-01-01,2023-12-31,Austria,sarima_p0_d0_q0_P1_D1_Q0_s24,0,0,0,1,1,0,24,48,24,48,35016,0.05,True,joint Ljung-Box and residual ACF rule,[],residual_acf,11,0.46711364034384034,0.05,True
2020-01-01,2023-12-31,Austria,sarima_p0_d0_q0_P1_D1_Q0_s24,0,0,0,1,1,0,24,48,24,48,35016,0.05,True,joint Ljung-Box and residual ACF rule,[],residual_acf,12,0.41390486583804975,0.05,True
2020-01-01,2023-12-31,Austria,sarima_p0_d0_q0_P1_D1_Q0_s24,0,0,0,1,1,0,24,48,24,48,35016,0.05,True,joint Ljung-Box and residual ACF rule,[],residual_acf,13,0.36044973481727444,0.05,True
2020-01-01,2023-12-31,Austria,sarima_p0_d0_q0_P1_D1_Q0_s24,0,0,0,1,1,0,24,48,24,48,35016,0.05,True,joint Ljung-Box and residual ACF rule,[],residual_acf,14,0.30905417163685767,0.05,True
2020-01-01,2023-12-31,Austria,sarima_p0_d0_q0_P1_D1_Q0_s24,0,0,0,1,1,0,24,48,24,48,35016,0.05,True,joint Ljung-Box and residual ACF rule,[],residual_acf,15,0.26263366419556217,0.05,True
2020-01-01,2023-12-31,Austria,sarima_p0_d0_q0_P1_D1_Q0_s24,0,0,0,1,1,0,24,48,24,48,35016,0.05,True,joint Ljung-Box and residual ACF rule,[],residual_acf,16,0.22282034276260967,0.05,True
2020-01-01,2023-12-31,Austria,sarima_p0_d0_q0_P1_D1_Q0_s24,0,0,0,1,1,0,24,48,24,48,35016,0.05,True,joint Ljung-Box and residual ACF rule,[],residual_acf,17,0.18872282618576044,0.05,True
2020-01-01,2023-12-31,Austria,sarima_p0_d0_q0_P1_D1_Q0_s24,0,0,0,1,1,0,24,48,24,48,35016,0.05,True,joint Ljung-Box and residual ACF rule,[],residual_acf,18,0.1579177070148742,0.05,True
2020-01-01,2023-12-31,Austria,sarima_p0_d0_q0_P1_D1_Q0_s24,0,0,0,1,1,0,24,48,24,48,35016,0.05,True,joint Ljung-Box and residual ACF rule,[],residual_acf,19,0.12808030534304785,0.05,True
2020-01-01,2023-12-31,Austria,sarima_p0_d0_q0_P1_D1_Q0_s24,0,0,0,1,1,0,24,48,24,48,35016,0.05,True,joint Ljung-Box and residual ACF rule,[],residual_acf,20,0.09771116962718977,0.05,True
2020-01-01,2023-12-31,Austria,sarima_p0_d0_q0_P1_D1_Q0_s24,0,0,0,1,1,0,24,48,24,48,35016,0.05,True,joint Ljung-Box and residual ACF rule,[],residual_acf,21,0.06659662540495263,0.05,True
2020-01-01,2023-12-31,Austria,sarima_p0_d0_q0_P1_D1_Q0_s24,0,0,0,1,1,0,24,48,24,48,35016,0.05,True,joint Ljung-Box and residual ACF rule,[],residual_acf,22,0.03576968005375059,0.05,False
2020-01-01,2023-12-31,Austria,sarima_p0_d0_q0_P1_D1_Q0_s24,0,0,0,1,1,0,24,48,24,48,35016,0.05,True,joint Ljung-Box and residual ACF rule,[],residual_acf,23,0.007375067598240124,0.05,False
2020-01-01,2023-12-31,Austria,sarima_p0_d0_q0_P1_D1_Q0_s24,0,0,0,1,1,0,24,48,24,48,35016,0.05,True,joint Ljung-Box and residual ACF rule,[],residual_acf,24,-0.01666915497331082,0.05,False
2020-01-01,2023-12-31,Austria,sarima_p0_d0_q0_P1_D1_Q0_s24,0,0,0,1,1,0,24,48,24,48,35016,0.05,True,joint Ljung-Box and residual ACF rule,[],residual_acf,25,-0.03209301734054268,0.05,False
2020-01-01,2023-12-31,Austria,sarima_p0_d0_q0_P1_D1_Q0_s24,0,0,0,1,1,0,24,48,24,48,35016,0.05,True,joint Ljung-Box and residual ACF rule,[],residual_acf,26,-0.04377223054129225,0.05,False
2020-01-01,2023-12-31,Austria,sarima_p0_d0_q0_P1_D1_Q0_s24,0,0,0,1,1,0,24,48,24,48,35016,0.05,True,joint Ljung-Box and residual ACF rule,[],residual_acf,27,-0.053763193363601136,0.05,True
2020-01-01,2023-12-31,Austria,sarima_p0_d0_q0_P1_D1_Q0_s24,0,0,0,1,1,0,24,48,24,48,35016,0.05,True,joint Ljung-Box and residual ACF rule,[],residual_acf,28,-0.06306594749750254,0.05,True
2020-01-01,2023-12-31,Austria,sarima_p0_d0_q0_P1_D1_Q0_s24,0,0,0,1,1,0,24,48,24,48,35016,0.05,True,joint Ljung-Box and residual ACF rule,[],residual_acf,29,-0.07166301238864883,0.05,True
2020-01-01,2023-12-31,Austria,sarima_p0_d0_q0_P1_D1_Q0_s24,0,0,0,1,1,0,24,48,24,48,35016,0.05,True,joint Ljung-Box and residual ACF rule,[],residual_acf,30,-0.07973851411615623,0.05,True
2020-01-01,2023-12-31,Austria,sarima_p0_d0_q0_P1_D1_Q0_s24,0,0,0,1,1,0,24,48,24,48,35016,0.05,True,joint Ljung-Box and residual ACF rule,[],residual_acf,31,-0.08796510837679986,0.05,True
2020-01-01,2023-12-31,Austria,sarima_p0_d0_q0_P1_D1_Q0_s24,0,0,0,1,1,0,24,48,24,48,35016,0.05,True,joint Ljung-Box and residual ACF rule,[],residual_acf,32,-0.09708477893334941,0.05,True
2020-01-01,2023-12-31,Austria,sarima_p0_d0_q0_P1_D1_Q0_s24,0,0,0,1,1,0,24,48,24,48,35016,0.05,True,joint Ljung-Box and residual ACF rule,[],residual_acf,33,-0.10848142127222882,0.05,True
2020-01-01,2023-12-31,Austria,sarima_p0_d0_q0_P1_D1_Q0_s24,0,0,0,1,1,0,24,48,24,48,35016,0.05,True,joint Ljung-Box and residual ACF rule,[],residual_acf,34,-0.12235458481097042,0.05,True
2020-01-01,2023-12-31,Austria,sarima_p0_d0_q0_P1_D1_Q0_s24,0,0,0,1,1,0,24,48,24,48,35016,0.05,True,joint Ljung-Box and residual ACF rule,[],residual_acf,35,-0.1382900578970415,0.05,True
2020-01-01,2023-12-31,Austria,sarima_p0_d0_q0_P1_D1_Q0_s24,0,0,0,1,1,0,24,48,24,48,35016,0.05,True,joint Ljung-Box and residual ACF rule,[],residual_acf,36,-0.15478626537078388,0.05,True
2020-01-01,2023-12-31,Austria,sarima_p0_d0_q0_P1_D1_Q0_s24,0,0,0,1,1,0,24,48,24,48,35016,0.05,True,joint Ljung-Box and residual ACF rule,[],residual_acf,37,-0.17067684388282334,0.05,True
2020-01-01,2023-12-31,Austria,sarima_p0_d0_q0_P1_D1_Q0_s24,0,0,0,1,1,0,24,48,24,48,35016,0.05,True,joint Ljung-Box and residual ACF rule,[],residual_acf,38,-0.1859547855383744,0.05,True
2020-01-01,2023-12-31,Austria,sarima_p0_d0_q0_P1_D1_Q0_s24,0,0,0,1,1,0,24,48,24,48,35016,0.05,True,joint Ljung-Box and residual ACF rule,[],residual_acf,39,-0.20124020977894286,0.05,True
2020-01-01,2023-12-31,Austria,sarima_p0_d0_q0_P1_D1_Q0_s24,0,0,0,1,1,0,24,48,24,48,35016,0.05,True,joint Ljung-Box and residual ACF rule,[],residual_acf,40,-0.21707845696863487,0.05,True
2020-01-01,2023-12-31,Austria,sarima_p0_d0_q0_P1_D1_Q0_s24,0,0,0,1,1,0,24,48,24,48,35016,0.05,True,joint Ljung-Box and residual ACF rule,[],residual_acf,41,-0.2331210774646689,0.05,True
2020-01-01,2023-12-31,Austria,sarima_p0_d0_q0_P1_D1_Q0_s24,0,0,0,1,1,0,24,48,24,48,35016,0.05,True,joint Ljung-Box and residual ACF rule,[],residual_acf,42,-0.24917943715866775,0.05,True
2020-01-01,2023-12-31,Austria,sarima_p0_d0_q0_P1_D1_Q0_s24,0,0,0,1,1,0,24,48,24,48,35016,0.05,True,joint Ljung-Box and residual ACF rule,[],residual_acf,43,-0.2655986993714432,0.05,True
2020-01-01,2023-12-31,Austria,sarima_p0_d0_q0_P1_D1_Q0_s24,0,0,0,1,1,0,24,48,24,48,35016,0.05,True,joint Ljung-Box and residual ACF rule,[],residual_acf,44,-0.2825851105002412,0.05,True
2020-01-01,2023-12-31,Austria,sarima_p0_d0_q0_P1_D1_Q0_s24,0,0,0,1,1,0,24,48,24,48,35016,0.05,True,joint Ljung-Box and residual ACF rule,[],residual_acf,45,-0.30037657861793576,0.05,True
2020-01-01,2023-12-31,Austria,sarima_p0_d0_q0_P1_D1_Q0_s24,0,0,0,1,1,0,24,48,24,48,35016,0.05,True,joint Ljung-Box and residual ACF rule,[],residual_acf,46,-0.31803311820117763,0.05,True
2020-01-01,2023-12-31,Austria,sarima_p0_d0_q0_P1_D1_Q0_s24,0,0,0,1,1,0,24,48,24,48,35016,0.05,True,joint Ljung-Box and residual ACF rule,[],residual_acf,47,-0.33276758581766513,0.05,True
2020-01-01,2023-12-31,Austria,sarima_p0_d0_q0_P1_D1_Q0_s24,0,0,0,1,1,0,24,48,24,48,35016,0.05,True,joint Ljung-Box and residual ACF rule,[],residual_acf,48,-0.3399874006170432,0.05,True
2020-01-01,2023-12-31,Austria,sarima_p0_d0_q0_P1_D1_Q0_s24,0,0,0,1,1,0,24,48,24,48,35016,0.05,True,joint Ljung-Box and residual ACF rule,[],ljung_box_statistic,24,232943.63127470066,0.05,True
2020-01-01,2023-12-31,Austria,sarima_p0_d0_q0_P1_D1_Q0_s24,0,0,0,1,1,0,24,48,24,48,35016,0.05,True,joint Ljung-Box and residual ACF rule,[],ljung_box_pvalue,24,0.0,0.05,True
2020-01-01,2023-12-31,Austria,sarima_p0_d0_q0_P1_D1_Q0_s24,0,0,0,1,1,0,24,48,24,48,35016,0.05,True,joint Ljung-Box and residual ACF rule,[],ljung_box_statistic,48,266046.3072228536,0.05,True
2020-01-01,2023-12-31,Austria,sarima_p0_d0_q0_P1_D1_Q0_s24,0,0,0,1,1,0,24,48,24,48,35016,0.05,True,joint Ljung-Box and residual ACF rule,[],ljung_box_pvalue,48,0.0,0.05,True
2020-01-01,2023-12-31,Austria,sarima_p0_d0_q0_P0_D1_Q1_s24,0,0,0,0,1,1,24,48,24,48,35016,0.05,True,joint Ljung-Box and residual ACF rule,[],residual_acf,1,0.9830960825737025,0.05,True
2020-01-01,2023-12-31,Austria,sarima_p0_d0_q0_P0_D1_Q1_s24,0,0,0,0,1,1,24,48,24,48,35016,0.05,True,joint Ljung-Box and residual ACF rule,[],residual_acf,2,0.9454972402223408,0.05,True
2020-01-01,2023-12-31,Austria,sarima_p0_d0_q0_P0_D1_Q1_s24,0,0,0,0,1,1,24,48,24,48,35016,0.05,True,joint Ljung-Box and residual ACF rule,[],residual_acf,3,0.9003657001685861,0.05,True
2020-01-01,2023-12-31,Austria,sarima_p0_d0_q0_P0_D1_Q1_s24,0,0,0,0,1,1,24,48,24,48,35016,0.05,True,joint Ljung-Box and residual ACF rule,[],residual_acf,4,0.8563788801717832,0.05,True
2020-01-01,2023-12-31,Austria,sarima_p0_d0_q0_P0_D1_Q1_s24,0,0,0,0,1,1,24,48,24,48,35016,0.05,True,joint Ljung-Box and residual ACF rule,[],residual_acf,5,0.8157821456230785,0.05,True
2020-01-01,2023-12-31,Austria,sarima_p0_d0_q0_P0_D1_Q1_s24,0,0,0,0,1,1,24,48,24,48,35016,0.05,True,joint Ljung-Box and residual ACF rule,[],residual_acf,6,0.7779953389559764,0.05,True
2020-01-01,2023-12-31,Austria,sarima_p0_d0_q0_P0_D1_Q1_s24,0,0,0,0,1,1,24,48,24,48,35016,0.05,True,joint Ljung-Box and residual ACF rule,[],residual_acf,7,0.7418420729625909,0.05,True
2020-01-01,2023-12-31,Austria,sarima_p0_d0_q0_P0_D1_Q1_s24,0,0,0,0,1,1,24,48,24,48,35016,0.05,True,joint Ljung-Box and residual ACF rule,[],residual_acf,8,0.7061843853724611,0.05,True
2020-01-01,2023-12-31,Austria,sarima_p0_d0_q0_P0_D1_Q1_s24,0,0,0,0,1,1,24,48,24,48,35016,0.05,True,joint Ljung-Box and residual ACF rule,[],residual_acf,9,0.6714879126723291,0.05,True
2020-01-01,2023-12-31,Austria,sarima_p0_d0_q0_P0_D1_Q1_s24,0,0,0,0,1,1,24,48,24,48,35016,0.05,True,joint Ljung-Box and residual ACF rule,[],residual_acf,10,0.6382615103433315,0.05,True
2020-01-01,2023-12-31,Austria,sarima_p0_d0_q0_P0_D1_Q1_s24,0,0,0,0,1,1,24,48,24,48,35016,0.05,True,joint Ljung-Box and residual ACF rule,[],residual_acf,11,0.6064210403109521,0.05,True
2020-01-01,2023-12-31,Austria,sarima_p0_d0_q0_P0_D1_Q1_s24,0,0,0,0,1,1,24,48,24,48,35016,0.05,True,joint Ljung-Box and residual ACF rule,[],residual_acf,12,0.5744997034212989,0.05,True
2020-01-01,2023-12-31,Austria,sarima_p0_d0_q0_P0_D1_Q1_s24,0,0,0,0,1,1,24,48,24,48,35016,0.05,True,joint Ljung-Box and residual ACF rule,[],residual_acf,13,0.5423748328990768,0.05,True
2020-01-01,2023-12-31,Austria,sarima_p0_d0_q0_P0_D1_Q1_s24,0,0,0,0,1,1,24,48,24,48,35016,0.05,True,joint Ljung-Box and residual ACF rule,[],residual_acf,14,0.511918087645779,0.05,True
2020-01-01,2023-12-31,Austria,sarima_p0_d0_q0_P0_D1_Q1_s24,0,0,0,0,1,1,24,48,24,48,35016,0.05,True,joint Ljung-Box and residual ACF rule,[],residual_acf,15,0.48612072822466573,0.05,True
2020-01-01,2023-12-31,Austria,sarima_p0_d0_q0_P0_D1_Q1_s24,0,0,0,0,1,1,24,48,24,48,35016,0.05,True,joint Ljung-Box and residual ACF rule,[],residual_acf,16,0.46602209312141357,0.05,True
2020-01-01,2023-12-31,Austria,sarima_p0_d0_q0_P0_D1_Q1_s24,0,0,0,0,1,1,24,48,24,48,35016,0.05,True,joint Ljung-Box and residual ACF rule,[],residual_acf,17,0.4508455880356543,0.05,True
2020-01-01,2023-12-31,Austria,sarima_p0_d0_q0_P0_D1_Q1_s24,0,0,0,0,1,1,24,48,24,48,35016,0.05,True,joint Ljung-Box and residual ACF rule,[],residual_acf,18,0.43864221845806584,0.05,True
2020-01-01,2023-12-31,Austria,sarima_p0_d0_q0_P0_D1_Q1_s24,0,0,0,0,1,1,24,48,24,48,35016,0.05,True,joint Ljung-Box and residual ACF rule,[],residual_acf,19,0.42809439368729185,0.05,True
2020-01-01,2023-12-31,Austria,sarima_p0_d0_q0_P0_D1_Q1_s24,0,0,0,0,1,1,24,48,24,48,35016,0.05,True,joint Ljung-Box and residual ACF rule,[],residual_acf,20,0.4183946399555438,0.05,True
2020-01-01,2023-12-31,Austria,sarima_p0_d0_q0_P0_D1_Q1_s24,0,0,0,0,1,1,24,48,24,48,35016,0.05,True,joint Ljung-Box and residual ACF rule,[],residual_acf,21,0.4094004336792115,0.05,True
2020-01-01,2023-12-31,Austria,sarima_p0_d0_q0_P0_D1_Q1_s24,0,0,0,0,1,1,24,48,24,48,35016,0.05,True,joint Ljung-Box and residual ACF rule,[],residual_acf,22,0.40114865473846156,0.05,True
2020-01-01,2023-12-31,Austria,sarima_p0_d0_q0_P0_D1_Q1_s24,0,0,0,0,1,1,24,48,24,48,35016,0.05,True,joint Ljung-Box and residual ACF rule,[],residual_acf,23,0.3918619279077801,0.05,True
2020-01-01,2023-12-31,Austria,sarima_p0_d0_q0_P0_D1_Q1_s24,0,0,0,0,1,1,24,48,24,48,35016,0.05,True,joint Ljung-Box and residual ACF rule,[],residual_acf,24,0.3779667427581899,0.05,True
2020-01-01,2023-12-31,Austria,sarima_p0_d0_q0_P0_D1_Q1_s24,0,0,0,0,1,1,24,48,24,48,35016,0.05,True,joint Ljung-Box and residual ACF rule,[],residual_acf,25,0.3565792610473145,0.05,True
2020-01-01,2023-12-31,Austria,sarima_p0_d0_q0_P0_D1_Q1_s24,0,0,0,0,1,1,24,48,24,48,35016,0.05,True,joint Ljung-Box and residual ACF rule,[],residual_acf,26,0.33019795722706147,0.05,True
2020-01-01,2023-12-31,Austria,sarima_p0_d0_q0_P0_D1_Q1_s24,0,0,0,0,1,1,24,48,24,48,35016,0.05,True,joint Ljung-Box and residual ACF rule,[],residual_acf,27,0.30230464080576186,0.05,True
2020-01-01,2023-12-31,Austria,sarima_p0_d0_q0_P0_D1_Q1_s24,0,0,0,0,1,1,24,48,24,48,35016,0.05,True,joint Ljung-Box and residual ACF rule,[],residual_acf,28,0.27551380841269185,0.05,True
2020-01-01,2023-12-31,Austria,sarima_p0_d0_q0_P0_D1_Q1_s24,0,0,0,0,1,1,24,48,24,48,35016,0.05,True,joint Ljung-Box and residual ACF rule,[],residual_acf,29,0.25049524913008214,0.05,True
2020-01-01,2023-12-31,Austria,sarima_p0_d0_q0_P0_D1_Q1_s24,0,0,0,0,1,1,24,48,24,48,35016,0.05,True,joint Ljung-Box and residual ACF rule,[],residual_acf,30,0.22711503852293344,0.05,True
2020-01-01,2023-12-31,Austria,sarima_p0_d0_q0_P0_D1_Q1_s24,0,0,0,0,1,1,24,48,24,48,35016,0.05,True,joint Ljung-Box and residual ACF rule,[],residual_acf,31,0.20463916493200068,0.05,True
2020-01-01,2023-12-31,Austria,sarima_p0_d0_q0_P0_D1_Q1_s24,0,0,0,0,1,1,24,48,24,48,35016,0.05,True,joint Ljung-Box and residual ACF rule,[],residual_acf,32,0.1819254145901651,0.05,True
2020-01-01,2023-12-31,Austria,sarima_p0_d0_q0_P0_D1_Q1_s24,0,0,0,0,1,1,24,48,24,48,35016,0.05,True,joint Ljung-Box and residual ACF rule,[],residual_acf,33,0.15792951292541604,0.05,True
2020-01-01,2023-12-31,Austria,sarima_p0_d0_q0_P0_D1_Q1_s24,0,0,0,0,1,1,24,48,24,48,35016,0.05,True,joint Ljung-Box and residual ACF rule,[],residual_acf,34,0.13250414770764257,0.05,True
2020-01-01,2023-12-31,Austria,sarima_p0_d0_q0_P0_D1_Q1_s24,0,0,0,0,1,1,24,48,24,48,35016,0.05,True,joint Ljung-Box and residual ACF rule,[],residual_acf,35,0.10599287990084852,0.05,True
2020-01-01,2023-12-31,Austria,sarima_p0_d0_q0_P0_D1_Q1_s24,0,0,0,0,1,1,24,48,24,48,35016,0.05,True,joint Ljung-Box and residual ACF rule,[],residual_acf,36,0.07873929024112422,0.05,True
2020-01-01,2023-12-31,Austria,sarima_p0_d0_q0_P0_D1_Q1_s24,0,0,0,0,1,1,24,48,24,48,35016,0.05,True,joint Ljung-Box and residual ACF rule,[],residual_acf,37,0.05158806224148842,0.05,True
2020-01-01,2023-12-31,Austria,sarima_p0_d0_q0_P0_D1_Q1_s24,0,0,0,0,1,1,24,48,24,48,35016,0.05,True,joint Ljung-Box and residual ACF rule,[],residual_acf,38,0.025261738502919392,0.05,False
2020-01-01,2023-12-31,Austria,sarima_p0_d0_q0_P0_D1_Q1_s24,0,0,0,0,1,1,24,48,24,48,35016,0.05,True,joint Ljung-Box and residual ACF rule,[],residual_acf,39,0.0006583652114616784,0.05,False
2020-01-01,2023-12-31,Austria,sarima_p0_d0_q0_P0_D1_Q1_s24,0,0,0,0,1,1,24,48,24,48,35016,0.05,True,joint Ljung-Box and residual ACF rule,[],residual_acf,40,-0.02231757680668941,0.05,False
2020-01-01,2023-12-31,Austria,sarima_p0_d0_q0_P0_D1_Q1_s24,0,0,0,0,1,1,24,48,24,48,35016,0.05,True,joint Ljung-Box and residual ACF rule,[],residual_acf,41,-0.043594964940623704,0.05,False
2020-01-01,2023-12-31,Austria,sarima_p0_d0_q0_P0_D1_Q1_s24,0,0,0,0,1,1,24,48,24,48,35016,0.05,True,joint Ljung-Box and residual ACF rule,[],residual_acf,42,-0.06358426387450176,0.05,True
2020-01-01,2023-12-31,Austria,sarima_p0_d0_q0_P0_D1_Q1_s24,0,0,0,0,1,1,24,48,24,48,35016,0.05,True,joint Ljung-Box and residual ACF rule,[],residual_acf,43,-0.08308246748612644,0.05,True
2020-01-01,2023-12-31,Austria,sarima_p0_d0_q0_P0_D1_Q1_s24,0,0,0,0,1,1,24,48,24,48,35016,0.05,True,joint Ljung-Box and residual ACF rule,[],residual_acf,44,-0.10292238745619851,0.05,True
2020-01-01,2023-12-31,Austria,sarima_p0_d0_q0_P0_D1_Q1_s24,0,0,0,0,1,1,24,48,24,48,35016,0.05,True,joint Ljung-Box and residual ACF rule,[],residual_acf,45,-0.12366541013867387,0.05,True
2020-01-01,2023-12-31,Austria,sarima_p0_d0_q0_P0_D1_Q1_s24,0,0,0,0,1,1,24,48,24,48,35016,0.05,True,joint Ljung-Box and residual ACF rule,[],residual_acf,46,-0.14440352435595794,0.05,True
2020-01-01,2023-12-31,Austria,sarima_p0_d0_q0_P0_D1_Q1_s24,0,0,0,0,1,1,24,48,24,48,35016,0.05,True,joint Ljung-Box and residual ACF rule,[],residual_acf,47,-0.1631669269262136,0.05,True
2020-01-01,2023-12-31,Austria,sarima_p0_d0_q0_P0_D1_Q1_s24,0,0,0,0,1,1,24,48,24,48,35016,0.05,True,joint Ljung-Box and residual ACF rule,[],residual_acf,48,-0.17703497115300076,0.05,True
2020-01-01,2023-12-31,Austria,sarima_p0_d0_q0_P0_D1_Q1_s24,0,0,0,0,1,1,24,48,24,48,35016,0.05,True,joint Ljung-Box and residual ACF rule,[],ljung_box_statistic,24,338670.9678027783,0.05,True
2020-01-01,2023-12-31,Austria,sarima_p0_d0_q0_P0_D1_Q1_s24,0,0,0,0,1,1,24,48,24,48,35016,0.05,True,joint Ljung-Box and residual ACF rule,[],ljung_box_pvalue,24,0.0,0.05,True
2020-01-01,2023-12-31,Austria,sarima_p0_d0_q0_P0_D1_Q1_s24,0,0,0,0,1,1,24,48,24,48,35016,0.05,True,joint Ljung-Box and residual ACF rule,[],ljung_box_statistic,48,365800.9319979519,0.05,True
2020-01-01,2023-12-31,Austria,sarima_p0_d0_q0_P0_D1_Q1_s24,0,0,0,0,1,1,24,48,24,48,35016,0.05,True,joint Ljung-Box and residual ACF rule,[],ljung_box_pvalue,48,0.0,0.05,True
2020-01-01,2023-12-31,Austria,sarima_p1_d0_q0_P1_D1_Q0_s24,1,0,0,1,1,0,24,49,24,49,35015,0.05,True,joint Ljung-Box and residual ACF rule,[],residual_acf,1,0.6244192956136666,0.05,True
2020-01-01,2023-12-31,Austria,sarima_p1_d0_q0_P1_D1_Q0_s24,1,0,0,1,1,0,24,49,24,49,35015,0.05,True,joint Ljung-Box and residual ACF rule,[],residual_acf,2,0.24610285652940608,0.05,True
2020-01-01,2023-12-31,Austria,sarima_p1_d0_q0_P1_D1_Q0_s24,1,0,0,1,1,0,24,49,24,49,35015,0.05,True,joint Ljung-Box and residual ACF rule,[],residual_acf,3,-0.0059640763366113,0.05,False
2020-01-01,2023-12-31,Austria,sarima_p1_d0_q0_P1_D1_Q0_s24,1,0,0,1,1,0,24,49,24,49,35015,0.05,True,joint Ljung-Box and residual ACF rule,[],residual_acf,4,-0.08077990974939755,0.05,True
2020-01-01,2023-12-31,Austria,sarima_p1_d0_q0_P1_D1_Q0_s24,1,0,0,1,1,0,24,49,24,49,35015,0.05,True,joint Ljung-Box and residual ACF rule,[],residual_acf,5,-0.05776618606662884,0.05,True
2020-01-01,2023-12-31,Austria,sarima_p1_d0_q0_P1_D1_Q0_s24,1,0,0,1,1,0,24,49,24,49,35015,0.05,True,joint Ljung-Box and residual ACF rule,[],residual_acf,6,-0.013039086035398374,0.05,False
2020-01-01,2023-12-31,Austria,sarima_p1_d0_q0_P1_D1_Q0_s24,1,0,0,1,1,0,24,49,24,49,35015,0.05,True,joint Ljung-Box and residual ACF rule,[],residual_acf,7,0.028314916215826803,0.05,False
2020-01-01,2023-12-31,Austria,sarima_p1_d0_q0_P1_D1_Q0_s24,1,0,0,1,1,0,24,49,24,49,35015,0.05,True,joint Ljung-Box and residual ACF rule,[],residual_acf,8,0.02154663146401634,0.05,False
2020-01-01,2023-12-31,Austria,sarima_p1_d0_q0_P1_D1_Q0_s24,1,0,0,1,1,0,24,49,24,49,35015,0.05,True,joint Ljung-Box and residual ACF rule,[],residual_acf,9,0.008890423065988135,0.05,False
2020-01-01,2023-12-31,Austria,sarima_p1_d0_q0_P1_D1_Q0_s24,1,0,0,1,1,0,24,49,24,49,35015,0.05,True,joint Ljung-Box and residual ACF rule,[],residual_acf,10,0.004961412837096213,0.05,False
2020-01-01,2023-12-31,Austria,sarima_p1_d0_q0_P1_D1_Q0_s24,1,0,0,1,1,0,24,49,24,49,35015,0.05,True,joint Ljung-Box and residual ACF rule,[],residual_acf,11,0.019638600569896372,0.05,False
2020-01-01,2023-12-31,Austria,sarima_p1_d0_q0_P1_D1_Q0_s24,1,0,0,1,1,0,24,49,24,49,35015,0.05,True,joint Ljung-Box and residual ACF rule,[],residual_acf,12,0.009769206870658393,0.05,False
2020-01-01,2023-12-31,Austria,sarima_p1_d0_q0_P1_D1_Q0_s24,1,0,0,1,1,0,24,49,24,49,35015,0.05,True,joint Ljung-Box and residual ACF rule,[],residual_acf,13,-0.04782937537431266,0.05,False
2020-01-01,2023-12-31,Austria,sarima_p1_d0_q0_P1_D1_Q0_s24,1,0,0,1,1,0,24,49,24,49,35015,0.05,True,joint Ljung-Box and residual ACF rule,[],residual_acf,14,-0.12234510227959411,0.05,True
2020-01-01,2023-12-31,Austria,sarima_p1_d0_q0_P1_D1_Q0_s24,1,0,0,1,1,0,24,49,24,49,35015,0.05,True,joint Ljung-Box and residual ACF rule,[],residual_acf,15,-0.1606303343101096,0.05,True
2020-01-01,2023-12-31,Austria,sarima_p1_d0_q0_P1_D1_Q0_s24,1,0,0,1,1,0,24,49,24,49,35015,0.05,True,joint Ljung-Box and residual ACF rule,[],residual_acf,16,-0.13799552517120062,0.05,True
2020-01-01,2023-12-31,Austria,sarima_p1_d0_q0_P1_D1_Q0_s24,1,0,0,1,1,0,24,49,24,49,35015,0.05,True,joint Ljung-Box and residual ACF rule,[],residual_acf,17,-0.07604265279697636,0.05,True
2020-01-01,2023-12-31,Austria,sarima_p1_d0_q0_P1_D1_Q0_s24,1,0,0,1,1,0,24,49,24,49,35015,0.05,True,joint Ljung-Box and residual ACF rule,[],residual_acf,18,-0.02373006531226985,0.05,False
2020-01-01,2023-12-31,Austria,sarima_p1_d0_q0_P1_D1_Q0_s24,1,0,0,1,1,0,24,49,24,49,35015,0.05,True,joint Ljung-Box and residual ACF rule,[],residual_acf,19,0.006702090263292345,0.05,False
2020-01-01,2023-12-31,Austria,sarima_p1_d0_q0_P1_D1_Q0_s24,1,0,0,1,1,0,24,49,24,49,35015,0.05,True,joint Ljung-Box and residual ACF rule,[],residual_acf,20,0.008658816553414415,0.05,False
2020-01-01,2023-12-31,Austria,sarima_p1_d0_q0_P1_D1_Q0_s24,1,0,0,1,1,0,24,49,24,49,35015,0.05,True,joint Ljung-Box and residual ACF rule,[],residual_acf,21,-0.008245096414354525,0.05,False
2020-01-01,2023-12-31,Austria,sarima_p1_d0_q0_P1_D1_Q0_s24,1,0,0,1,1,0,24,49,24,49,35015,0.05,True,joint Ljung-Box and residual ACF rule,[],residual_acf,22,-0.027712901809140794,0.05,False
2020-01-01,2023-12-31,Austria,sarima_p1_d0_q0_P1_D1_Q0_s24,1,0,0,1,1,0,24,49,24,49,35015,0.05,True,joint Ljung-Box and residual ACF rule,[],residual_acf,23,-0.0257086108013733,0.05,False
2020-01-01,2023-12-31,Austria,sarima_p1_d0_q0_P1_D1_Q0_s24,1,0,0,1,1,0,24,49,24,49,35015,0.05,True,joint Ljung-Box and residual ACF rule,[],residual_acf,24,-0.07061051606505245,0.05,True
2020-01-01,2023-12-31,Austria,sarima_p1_d0_q0_P1_D1_Q0_s24,1,0,0,1,1,0,24,49,24,49,35015,0.05,True,joint Ljung-Box and residual ACF rule,[],residual_acf,25,-0.010342942860879563,0.05,False
2020-01-01,2023-12-31,Austria,sarima_p1_d0_q0_P1_D1_Q0_s24,1,0,0,1,1,0,24,49,24,49,35015,0.05,True,joint Ljung-Box and residual ACF rule,[],residual_acf,26,-0.008884023342516865,0.05,False
2020-01-01,2023-12-31,Austria,sarima_p1_d0_q0_P1_D1_Q0_s24,1,0,0,1,1,0,24,49,24,49,35015,0.05,True,joint Ljung-Box and residual ACF rule,[],residual_acf,27,-0.018504527480908535,0.05,False
2020-01-01,2023-12-31,Austria,sarima_p1_d0_q0_P1_D1_Q0_s24,1,0,0,1,1,0,24,49,24,49,35015,0.05,True,joint Ljung-Box and residual ACF rule,[],residual_acf,28,-0.02841845131302765,0.05,False
2020-01-01,2023-12-31,Austria,sarima_p1_d0_q0_P1_D1_Q0_s24,1,0,0,1,1,0,24,49,24,49,35015,0.05,True,joint Ljung-Box and residual ACF rule,[],residual_acf,29,-0.022561461363404964,0.05,False
2020-01-01,2023-12-31,Austria,sarima_p1_d0_q0_P1_D1_Q0_s24,1,0,0,1,1,0,24,49,24,49,35015,0.05,True,joint Ljung-Box and residual ACF rule,[],residual_acf,30,-0.00035094404166523924,0.05,False
2020-01-01,2023-12-31,Austria,sarima_p1_d0_q0_P1_D1_Q0_s24,1,0,0,1,1,0,24,49,24,49,35015,0.05,True,joint Ljung-Box and residual ACF rule,[],residual_acf,31,0.026140417795726973,0.05,False
2020-01-01,2023-12-31,Austria,sarima_p1_d0_q0_P1_D1_Q0_s24,1,0,0,1,1,0,24,49,24,49,35015,0.05,True,joint Ljung-Box and residual ACF rule,[],residual_acf,32,0.06147917840616241,0.05,True
2020-01-01,2023-12-31,Austria,sarima_p1_d0_q0_P1_D1_Q0_s24,1,0,0,1,1,0,24,49,24,49,35015,0.05,True,joint Ljung-Box and residual ACF rule,[],residual_acf,33,0.06707300680743286,0.05,True
2020-01-01,2023-12-31,Austria,sarima_p1_d0_q0_P1_D1_Q0_s24,1,0,0,1,1,0,24,49,24,49,35015,0.05,True,joint Ljung-Box and residual ACF rule,[],residual_acf,34,0.05402507851660222,0.05,True
2020-01-01,2023-12-31,Austria,sarima_p1_d0_q0_P1_D1_Q0_s24,1,0,0,1,1,0,24,49,24,49,35015,0.05,True,joint Ljung-Box and residual ACF rule,[],residual_acf,35,0.01705418848281434,0.05,False
2020-01-01,2023-12-31,Austria,sarima_p1_d0_q0_P1_D1_Q0_s24,1,0,0,1,1,0,24,49,24,49,35015,0.05,True,joint Ljung-Box and residual ACF rule,[],residual_acf,36,-0.01395390830568764,0.05,False
2020-01-01,2023-12-31,Austria,sarima_p1_d0_q0_P1_D1_Q0_s24,1,0,0,1,1,0,24,49,24,49,35015,0.05,True,joint Ljung-Box and residual ACF rule,[],residual_acf,37,-0.02186340661332085,0.05,False
2020-01-01,2023-12-31,Austria,sarima_p1_d0_q0_P1_D1_Q0_s24,1,0,0,1,1,0,24,49,24,49,35015,0.05,True,joint Ljung-Box and residual ACF rule,[],residual_acf,38,-0.016609315390197468,0.05,False
2020-01-01,2023-12-31,Austria,sarima_p1_d0_q0_P1_D1_Q0_s24,1,0,0,1,1,0,24,49,24,49,35015,0.05,True,joint Ljung-Box and residual ACF rule,[],residual_acf,39,-0.008304642161376965,0.05,False
2020-01-01,2023-12-31,Austria,sarima_p1_d0_q0_P1_D1_Q0_s24,1,0,0,1,1,0,24,49,24,49,35015,0.05,True,joint Ljung-Box and residual ACF rule,[],residual_acf,40,-0.015013843999015224,0.05,False
2020-01-01,2023-12-31,Austria,sarima_p1_d0_q0_P1_D1_Q0_s24,1,0,0,1,1,0,24,49,24,49,35015,0.05,True,joint Ljung-Box and residual ACF rule,[],residual_acf,41,-0.013144383443398508,0.05,False
2020-01-01,2023-12-31,Austria,sarima_p1_d0_q0_P1_D1_Q0_s24,1,0,0,1,1,0,24,49,24,49,35015,0.05,True,joint Ljung-Box and residual ACF rule,[],residual_acf,42,0.0037911148622644278,0.05,False
2020-01-01,2023-12-31,Austria,sarima_p1_d0_q0_P1_D1_Q0_s24,1,0,0,1,1,0,24,49,24,49,35015,0.05,True,joint Ljung-Box and residual ACF rule,[],residual_acf,43,0.015888856987253622,0.05,False
2020-01-01,2023-12-31,Austria,sarima_p1_d0_q0_P1_D1_Q0_s24,1,0,0,1,1,0,24,49,24,49,35015,0.05,True,joint Ljung-Box and residual ACF rule,[],residual_acf,44,0.02508000577387939,0.05,False
2020-01-01,2023-12-31,Austria,sarima_p1_d0_q0_P1_D1_Q0_s24,1,0,0,1,1,0,24,49,24,49,35015,0.05,True,joint Ljung-Box and residual ACF rule,[],residual_acf,45,-0.003876726119195917,0.05,False
2020-01-01,2023-12-31,Austria,sarima_p1_d0_q0_P1_D1_Q0_s24,1,0,0,1,1,0,24,49,24,49,35015,0.05,True,joint Ljung-Box and residual ACF rule,[],residual_acf,46,-0.09049286540167391,0.05,True
2020-01-01,2023-12-31,Austria,sarima_p1_d0_q0_P1_D1_Q0_s24,1,0,0,1,1,0,24,49,24,49,35015,0.05,True,joint Ljung-Box and residual ACF rule,[],residual_acf,47,-0.22625829981154025,0.05,True
2020-01-01,2023-12-31,Austria,sarima_p1_d0_q0_P1_D1_Q0_s24,1,0,0,1,1,0,24,49,24,49,35015,0.05,True,joint Ljung-Box and residual ACF rule,[],residual_acf,48,-0.32391692236992625,0.05,True
2020-01-01,2023-12-31,Austria,sarima_p1_d0_q0_P1_D1_Q0_s24,1,0,0,1,1,0,24,49,24,49,35015,0.05,True,joint Ljung-Box and residual ACF rule,[],ljung_box_statistic,24,18821.087300857453,0.05,True
2020-01-01,2023-12-31,Austria,sarima_p1_d0_q0_P1_D1_Q0_s24,1,0,0,1,1,0,24,49,24,49,35015,0.05,True,joint Ljung-Box and residual ACF rule,[],ljung_box_pvalue,24,0.0,0.05,True
2020-01-01,2023-12-31,Austria,sarima_p1_d0_q0_P1_D1_Q0_s24,1,0,0,1,1,0,24,49,24,49,35015,0.05,True,joint Ljung-Box and residual ACF rule,[],ljung_box_statistic,48,25155.17857597012,0.05,True
2020-01-01,2023-12-31,Austria,sarima_p1_d0_q0_P1_D1_Q0_s24,1,0,0,1,1,0,24,49,24,49,35015,0.05,True,joint Ljung-Box and residual ACF rule,[],ljung_box_pvalue,48,0.0,0.05,True
2020-01-01,2023-12-31,Austria,sarima_p0_d0_q1_P0_D1_Q1_s24,0,0,1,0,1,1,24,49,24,49,35015,0.05,True,joint Ljung-Box and residual ACF rule,[],residual_acf,1,0.6202894777538474,0.05,True
2020-01-01,2023-12-31,Austria,sarima_p0_d0_q1_P0_D1_Q1_s24,0,0,1,0,1,1,24,49,24,49,35015,0.05,True,joint Ljung-Box and residual ACF rule,[],residual_acf,2,0.9277504387729002,0.05,True
2020-01-01,2023-12-31,Austria,sarima_p0_d0_q1_P0_D1_Q1_s24,0,0,1,0,1,1,24,49,24,49,35015,0.05,True,joint Ljung-Box and residual ACF rule,[],residual_acf,3,0.5340696041537939,0.05,True
2020-01-01,2023-12-31,Austria,sarima_p0_d0_q1_P0_D1_Q1_s24,0,0,1,0,1,1,24,49,24,49,35015,0.05,True,joint Ljung-Box and residual ACF rule,[],residual_acf,4,0.8211798087687364,0.05,True
2020-01-01,2023-12-31,Austria,sarima_p0_d0_q1_P0_D1_Q1_s24,0,0,1,0,1,1,24,49,24,49,35015,0.05,True,joint Ljung-Box and residual ACF rule,[],residual_acf,5,0.44871477579422403,0.05,True
2020-01-01,2023-12-31,Austria,sarima_p0_d0_q1_P0_D1_Q1_s24,0,0,1,0,1,1,24,49,24,49,35015,0.05,True,joint Ljung-Box and residual ACF rule,[],residual_acf,6,0.7259234377277606,0.05,True
2020-01-01,2023-12-31,Austria,sarima_p0_d0_q1_P0_D1_Q1_s24,0,0,1,0,1,1,24,49,24,49,35015,0.05,True,joint Ljung-Box and residual ACF rule,[],residual_acf,7,0.37174801507585414,0.05,True
2020-01-01,2023-12-31,Austria,sarima_p0_d0_q1_P0_D1_Q1_s24,0,0,1,0,1,1,24,49,24,49,35015,0.05,True,joint Ljung-Box and residual ACF rule,[],residual_acf,8,0.6324205747462026,0.05,True
2020-01-01,2023-12-31,Austria,sarima_p0_d0_q1_P0_D1_Q1_s24,0,0,1,0,1,1,24,49,24,49,35015,0.05,True,joint Ljung-Box and residual ACF rule,[],residual_acf,9,0.2893679378403846,0.05,True
2020-01-01,2023-12-31,Austria,sarima_p0_d0_q1_P0_D1_Q1_s24,0,0,1,0,1,1,24,49,24,49,35015,0.05,True,joint Ljung-Box and residual ACF rule,[],residual_acf,10,0.5330259111465838,0.05,True
2020-01-01,2023-12-31,Austria,sarima_p0_d0_q1_P0_D1_Q1_s24,0,0,1,0,1,1,24,49,24,49,35015,0.05,True,joint Ljung-Box and residual ACF rule,[],residual_acf,11,0.20171151668456633,0.05,True
2020-01-01,2023-12-31,Austria,sarima_p0_d0_q1_P0_D1_Q1_s24,0,0,1,0,1,1,24,49,24,49,35015,0.05,True,joint Ljung-Box and residual ACF rule,[],residual_acf,12,0.43033370037866014,0.05,True
2020-01-01,2023-12-31,Austria,sarima_p0_d0_q1_P0_D1_Q1_s24,0,0,1,0,1,1,24,49,24,49,35015,0.05,True,joint Ljung-Box and residual ACF rule,[],residual_acf,13,0.11056099741137665,0.05,True
2020-01-01,2023-12-31,Austria,sarima_p0_d0_q1_P0_D1_Q1_s24,0,0,1,0,1,1,24,49,24,49,35015,0.05,True,joint Ljung-Box and residual ACF rule,[],residual_acf,14,0.3266484970604484,0.05,True
2020-01-01,2023-12-31,Austria,sarima_p0_d0_q1_P0_D1_Q1_s24,0,0,1,0,1,1,24,49,24,49,35015,0.05,True,joint Ljung-Box and residual ACF rule,[],residual_acf,15,0.02613733843552882,0.05,False
2020-01-01,2023-12-31,Austria,sarima_p0_d0_q1_P0_D1_Q1_s24,0,0,1,0,1,1,24,49,24,49,35015,0.05,True,joint Ljung-Box and residual ACF rule,[],residual_acf,16,0.2392297595691271,0.05,True
2020-01-01,2023-12-31,Austria,sarima_p0_d0_q1_P0_D1_Q1_s24,0,0,1,0,1,1,24,49,24,49,35015,0.05,True,joint Ljung-Box and residual ACF rule,[],residual_acf,17,-0.036212873297432946,0.05,False
2020-01-01,2023-12-31,Austria,sarima_p0_d0_q1_P0_D1_Q1_s24,0,0,1,0,1,1,24,49,24,49,35015,0.05,True,joint Ljung-Box and residual ACF rule,[],residual_acf,18,0.1710044316093132,0.05,True
2020-01-01,2023-12-31,Austria,sarima_p0_d0_q1_P0_D1_Q1_s24,0,0,1,0,1,1,24,49,24,49,35015,0.05,True,joint Ljung-Box and residual ACF rule,[],residual_acf,19,-0.08719952106441535,0.05,True
2020-01-01,2023-12-31,Austria,sarima_p0_d0_q1_P0_D1_Q1_s24,0,0,1,0,1,1,24,49,24,49,35015,0.05,True,joint Ljung-Box and residual ACF rule,[],residual_acf,20,0.10571349246964361,0.05,True
2020-01-01,2023-12-31,Austria,sarima_p0_d0_q1_P0_D1_Q1_s24,0,0,1,0,1,1,24,49,24,49,35015,0.05,True,joint Ljung-Box and residual ACF rule,[],residual_acf,21,-0.14110183542242177,0.05,True
2020-01-01,2023-12-31,Austria,sarima_p0_d0_q1_P0_D1_Q1_s24,0,0,1,0,1,1,24,49,24,49,35015,0.05,True,joint Ljung-Box and residual ACF rule,[],residual_acf,22,0.03638164397101971,0.05,False
2020-01-01,2023-12-31,Austria,sarima_p0_d0_q1_P0_D1_Q1_s24,0,0,1,0,1,1,24,49,24,49,35015,0.05,True,joint Ljung-Box and residual ACF rule,[],residual_acf,23,-0.19441637033201078,0.05,True
2020-01-01,2023-12-31,Austria,sarima_p0_d0_q1_P0_D1_Q1_s24,0,0,1,0,1,1,24,49,24,49,35015,0.05,True,joint Ljung-Box and residual ACF rule,[],residual_acf,24,-0.020720709558758498,0.05,False
2020-01-01,2023-12-31,Austria,sarima_p0_d0_q1_P0_D1_Q1_s24,0,0,1,0,1,1,24,49,24,49,35015,0.05,True,joint Ljung-Box and residual ACF rule,[],residual_acf,25,-0.22253328614945064,0.05,True
2020-01-01,2023-12-31,Austria,sarima_p0_d0_q1_P0_D1_Q1_s24,0,0,1,0,1,1,24,49,24,49,35015,0.05,True,joint Ljung-Box and residual ACF rule,[],residual_acf,26,-0.0300440890300496,0.05,False
2020-01-01,2023-12-31,Austria,sarima_p0_d0_q1_P0_D1_Q1_s24,0,0,1,0,1,1,24,49,24,49,35015,0.05,True,joint Ljung-Box and residual ACF rule,[],residual_acf,27,-0.2273386308221018,0.05,True
2020-01-01,2023-12-31,Austria,sarima_p0_d0_q1_P0_D1_Q1_s24,0,0,1,0,1,1,24,49,24,49,35015,0.05,True,joint Ljung-Box and residual ACF rule,[],residual_acf,28,-0.02940027494342736,0.05,False
2020-01-01,2023-12-31,Austria,sarima_p0_d0_q1_P0_D1_Q1_s24,0,0,1,0,1,1,24,49,24,49,35015,0.05,True,joint Ljung-Box and residual ACF rule,[],residual_acf,29,-0.23005871410858386,0.05,True
2020-01-01,2023-12-31,Austria,sarima_p0_d0_q1_P0_D1_Q1_s24,0,0,1,0,1,1,24,49,24,49,35015,0.05,True,joint Ljung-Box and residual ACF rule,[],residual_acf,30,-0.027842972698244112,0.05,False
2020-01-01,2023-12-31,Austria,sarima_p0_d0_q1_P0_D1_Q1_s24,0,0,1,0,1,1,24,49,24,49,35015,0.05,True,joint Ljung-Box and residual ACF rule,[],residual_acf,31,-0.23235459605711992,0.05,True
2020-01-01,2023-12-31,Austria,sarima_p0_d0_q1_P0_D1_Q1_s24,0,0,1,0,1,1,24,49,24,49,35015,0.05,True,joint Ljung-Box and residual ACF rule,[],residual_acf,32,-0.02736962334909907,0.05,False
2020-01-01,2023-12-31,Austria,sarima_p0_d0_q1_P0_D1_Q1_s24,0,0,1,0,1,1,24,49,24,49,35015,0.05,True,joint Ljung-Box and residual ACF rule,[],residual_acf,33,-0.23701719044787448,0.05,True
2020-01-01,2023-12-31,Austria,sarima_p0_d0_q1_P0_D1_Q1_s24,0,0,1,0,1,1,24,49,24,49,35015,0.05,True,joint Ljung-Box and residual ACF rule,[],residual_acf,34,-0.033602530705860875,0.05,False
2020-01-01,2023-12-31,Austria,sarima_p0_d0_q1_P0_D1_Q1_s24,0,0,1,0,1,1,24,49,24,49,35015,0.05,True,joint Ljung-Box and residual ACF rule,[],residual_acf,35,-0.248861994759848,0.05,True
2020-01-01,2023-12-31,Austria,sarima_p0_d0_q1_P0_D1_Q1_s24,0,0,1,0,1,1,24,49,24,49,35015,0.05,True,joint Ljung-Box and residual ACF rule,[],residual_acf,36,-0.04608250153430985,0.05,False
2020-01-01,2023-12-31,Austria,sarima_p0_d0_q1_P0_D1_Q1_s24,0,0,1,0,1,1,24,49,24,49,35015,0.05,True,joint Ljung-Box and residual ACF rule,[],residual_acf,37,-0.2619568362474054,0.05,True
2020-01-01,2023-12-31,Austria,sarima_p0_d0_q1_P0_D1_Q1_s24,0,0,1,0,1,1,24,49,24,49,35015,0.05,True,joint Ljung-Box and residual ACF rule,[],residual_acf,38,-0.05623675228614132,0.05,True
2020-01-01,2023-12-31,Austria,sarima_p0_d0_q1_P0_D1_Q1_s24,0,0,1,0,1,1,24,49,24,49,35015,0.05,True,joint Ljung-Box and residual ACF rule,[],residual_acf,39,-0.27367750147948444,0.05,True
2020-01-01,2023-12-31,Austria,sarima_p0_d0_q1_P0_D1_Q1_s24,0,0,1,0,1,1,24,49,24,49,35015,0.05,True,joint Ljung-Box and residual ACF rule,[],residual_acf,40,-0.06837446281032614,0.05,True
2020-01-01,2023-12-31,Austria,sarima_p0_d0_q1_P0_D1_Q1_s24,0,0,1,0,1,1,24,49,24,49,35015,0.05,True,joint Ljung-Box and residual ACF rule,[],residual_acf,41,-0.2898628928620163,0.05,True
2020-01-01,2023-12-31,Austria,sarima_p0_d0_q1_P0_D1_Q1_s24,0,0,1,0,1,1,24,49,24,49,35015,0.05,True,joint Ljung-Box and residual ACF rule,[],residual_acf,42,-0.08355252593582818,0.05,True
2020-01-01,2023-12-31,Austria,sarima_p0_d0_q1_P0_D1_Q1_s24,0,0,1,0,1,1,24,49,24,49,35015,0.05,True,joint Ljung-Box and residual ACF rule,[],residual_acf,43,-0.307618413743052,0.05,True
2020-01-01,2023-12-31,Austria,sarima_p0_d0_q1_P0_D1_Q1_s24,0,0,1,0,1,1,24,49,24,49,35015,0.05,True,joint Ljung-Box and residual ACF rule,[],residual_acf,44,-0.10025329723598865,0.05,True
2020-01-01,2023-12-31,Austria,sarima_p0_d0_q1_P0_D1_Q1_s24,0,0,1,0,1,1,24,49,24,49,35015,0.05,True,joint Ljung-Box and residual ACF rule,[],residual_acf,45,-0.32658170946716086,0.05,True
2020-01-01,2023-12-31,Austria,sarima_p0_d0_q1_P0_D1_Q1_s24,0,0,1,0,1,1,24,49,24,49,35015,0.05,True,joint Ljung-Box and residual ACF rule,[],residual_acf,46,-0.11840497742142926,0.05,True
2020-01-01,2023-12-31,Austria,sarima_p0_d0_q1_P0_D1_Q1_s24,0,0,1,0,1,1,24,49,24,49,35015,0.05,True,joint Ljung-Box and residual ACF rule,[],residual_acf,47,-0.344701048973783,0.05,True
2020-01-01,2023-12-31,Austria,sarima_p0_d0_q1_P0_D1_Q1_s24,0,0,1,0,1,1,24,49,24,49,35015,0.05,True,joint Ljung-Box and residual ACF rule,[],residual_acf,48,-0.12909831076214653,0.05,True
2020-01-01,2023-12-31,Austria,sarima_p0_d0_q1_P0_D1_Q1_s24,0,0,1,0,1,1,24,49,24,49,35015,0.05,True,joint Ljung-Box and residual ACF rule,[],ljung_box_statistic,24,152379.30002170557,0.05,True
2020-01-01,2023-12-31,Austria,sarima_p0_d0_q1_P0_D1_Q1_s24,0,0,1,0,1,1,24,49,24,49,35015,0.05,True,joint Ljung-Box and residual ACF rule,[],ljung_box_pvalue,24,0.0,0.05,True
2020-01-01,2023-12-31,Austria,sarima_p0_d0_q1_P0_D1_Q1_s24,0,0,1,0,1,1,24,49,24,49,35015,0.05,True,joint Ljung-Box and residual ACF rule,[],ljung_box_statistic,48,185190.24114137227,0.05,True
2020-01-01,2023-12-31,Austria,sarima_p0_d0_q1_P0_D1_Q1_s24,0,0,1,0,1,1,24,49,24,49,35015,0.05,True,joint Ljung-Box and residual ACF rule,[],ljung_box_pvalue,48,0.0,0.05,True
2020-01-01,2023-12-31,Austria,sarima_p1_d0_q1_P1_D1_Q0_s24,1,0,1,1,1,0,24,50,24,50,35014,0.05,True,joint Ljung-Box and residual ACF rule,[],residual_acf,1,0.18717610445560473,0.05,True
2020-01-01,2023-12-31,Austria,sarima_p1_d0_q1_P1_D1_Q0_s24,1,0,1,1,1,0,24,50,24,50,35014,0.05,True,joint Ljung-Box and residual ACF rule,[],residual_acf,2,0.26069365672435574,0.05,True
2020-01-01,2023-12-31,Austria,sarima_p1_d0_q1_P1_D1_Q0_s24,1,0,1,1,1,0,24,50,24,50,35014,0.05,True,joint Ljung-Box and residual ACF rule,[],residual_acf,3,-0.10005016885146864,0.05,True
2020-01-01,2023-12-31,Austria,sarima_p1_d0_q1_P1_D1_Q0_s24,1,0,1,1,1,0,24,50,24,50,35014,0.05,True,joint Ljung-Box and residual ACF rule,[],residual_acf,4,-0.015813470858016362,0.05,False
2020-01-01,2023-12-31,Austria,sarima_p1_d0_q1_P1_D1_Q0_s24,1,0,1,1,1,0,24,50,24,50,35014,0.05,True,joint Ljung-Box and residual ACF rule,[],residual_acf,5,-0.04759252829287853,0.05,False
2020-01-01,2023-12-31,Austria,sarima_p1_d0_q1_P1_D1_Q0_s24,1,0,1,1,1,0,24,50,24,50,35014,0.05,True,joint Ljung-Box and residual ACF rule,[],residual_acf,6,0.0010773927254860358,0.05,False
2020-01-01,2023-12-31,Austria,sarima_p1_d0_q1_P1_D1_Q0_s24,1,0,1,1,1,0,24,50,24,50,35014,0.05,True,joint Ljung-Box and residual ACF rule,[],residual_acf,7,0.0368605517900482,0.05,False
2020-01-01,2023-12-31,Austria,sarima_p1_d0_q1_P1_D1_Q0_s24,1,0,1,1,1,0,24,50,24,50,35014,0.05,True,joint Ljung-Box and residual ACF rule,[],residual_acf,8,0.009561843487822425,0.05,False
2020-01-01,2023-12-31,Austria,sarima_p1_d0_q1_P1_D1_Q0_s24,1,0,1,1,1,0,24,50,24,50,35014,0.05,True,joint Ljung-Box and residual ACF rule,[],residual_acf,9,0.012145136070209476,0.05,False
2020-01-01,2023-12-31,Austria,sarima_p1_d0_q1_P1_D1_Q0_s24,1,0,1,1,1,0,24,50,24,50,35014,0.05,True,joint Ljung-Box and residual ACF rule,[],residual_acf,10,-0.005174217239781912,0.05,False
2020-01-01,2023-12-31,Austria,sarima_p1_d0_q1_P1_D1_Q0_s24,1,0,1,1,1,0,24,50,24,50,35014,0.05,True,joint Ljung-Box and residual ACF rule,[],residual_acf,11,0.02457849043978016,0.05,False
2020-01-01,2023-12-31,Austria,sarima_p1_d0_q1_P1_D1_Q0_s24,1,0,1,1,1,0,24,50,24,50,35014,0.05,True,joint Ljung-Box and residual ACF rule,[],residual_acf,12,0.017232709154328885,0.05,False
2020-01-01,2023-12-31,Austria,sarima_p1_d0_q1_P1_D1_Q0_s24,1,0,1,1,1,0,24,50,24,50,35014,0.05,True,joint Ljung-Box and residual ACF rule,[],residual_acf,13,-0.01949145768024707,0.05,False
2020-01-01,2023-12-31,Austria,sarima_p1_d0_q1_P1_D1_Q0_s24,1,0,1,1,1,0,24,50,24,50,35014,0.05,True,joint Ljung-Box and residual ACF rule,[],residual_acf,14,-0.08282466285121493,0.05,True
2020-01-01,2023-12-31,Austria,sarima_p1_d0_q1_P1_D1_Q0_s24,1,0,1,1,1,0,24,50,24,50,35014,0.05,True,joint Ljung-Box and residual ACF rule,[],residual_acf,15,-0.10233992136977042,0.05,True
2020-01-01,2023-12-31,Austria,sarima_p1_d0_q1_P1_D1_Q0_s24,1,0,1,1,1,0,24,50,24,50,35014,0.05,True,joint Ljung-Box and residual ACF rule,[],residual_acf,16,-0.09529470416458642,0.05,True
2020-01-01,2023-12-31,Austria,sarima_p1_d0_q1_P1_D1_Q0_s24,1,0,1,1,1,0,24,50,24,50,35014,0.05,True,joint Ljung-Box and residual ACF rule,[],residual_acf,17,-0.03216772855570056,0.05,False
2020-01-01,2023-12-31,Austria,sarima_p1_d0_q1_P1_D1_Q0_s24,1,0,1,1,1,0,24,50,24,50,35014,0.05,True,joint Ljung-Box and residual ACF rule,[],residual_acf,18,-0.018258883213150903,0.05,False
2020-01-01,2023-12-31,Austria,sarima_p1_d0_q1_P1_D1_Q0_s24,1,0,1,1,1,0,24,50,24,50,35014,0.05,True,joint Ljung-Box and residual ACF rule,[],residual_acf,19,0.020598581165400153,0.05,False
2020-01-01,2023-12-31,Austria,sarima_p1_d0_q1_P1_D1_Q0_s24,1,0,1,1,1,0,24,50,24,50,35014,0.05,True,joint Ljung-Box and residual ACF rule,[],residual_acf,20,-0.007894438479188803,0.05,False
2020-01-01,2023-12-31,Austria,sarima_p1_d0_q1_P1_D1_Q0_s24,1,0,1,1,1,0,24,50,24,50,35014,0.05,True,joint Ljung-Box and residual ACF rule,[],residual_acf,21,0.020235217711668814,0.05,False
2020-01-01,2023-12-31,Austria,sarima_p1_d0_q1_P1_D1_Q0_s24,1,0,1,1,1,0,24,50,24,50,35014,0.05,True,joint Ljung-Box and residual ACF rule,[],residual_acf,22,-0.053619506533663853,0.05,True
2020-01-01,2023-12-31,Austria,sarima_p1_d0_q1_P1_D1_Q0_s24,1,0,1,1,1,0,24,50,24,50,35014,0.05,True,joint Ljung-Box and residual ACF rule,[],residual_acf,23,0.06447028551614169,0.05,True
2020-01-01,2023-12-31,Austria,sarima_p1_d0_q1_P1_D1_Q0_s24,1,0,1,1,1,0,24,50,24,50,35014,0.05,True,joint Ljung-Box and residual ACF rule,[],residual_acf,24,-0.08422799437623042,0.05,True
2020-01-01,2023-12-31,Austria,sarima_p1_d0_q1_P1_D1_Q0_s24,1,0,1,1,1,0,24,50,24,50,35014,0.05,True,joint Ljung-Box and residual ACF rule,[],residual_acf,25,0.07145515690881446,0.05,True
2020-01-01,2023-12-31,Austria,sarima_p1_d0_q1_P1_D1_Q0_s24,1,0,1,1,1,0,24,50,24,50,35014,0.05,True,joint Ljung-Box and residual ACF rule,[],residual_acf,26,-0.029758051955769554,0.05,False
2020-01-01,2023-12-31,Austria,sarima_p1_d0_q1_P1_D1_Q0_s24,1,0,1,1,1,0,24,50,24,50,35014,0.05,True,joint Ljung-Box and residual ACF rule,[],residual_acf,27,0.006396474416609933,0.05,False
2020-01-01,2023-12-31,Austria,sarima_p1_d0_q1_P1_D1_Q0_s24,1,0,1,1,1,0,24,50,24,50,35014,0.05,True,joint Ljung-Box and residual ACF rule,[],residual_acf,28,-0.0315346126993919,0.05,False
2020-01-01,2023-12-31,Austria,sarima_p1_d0_q1_P1_D1_Q0_s24,1,0,1,1,1,0,24,50,24,50,35014,0.05,True,joint Ljung-Box and residual ACF rule,[],residual_acf,29,-0.0161122839372016,0.05,False
2020-01-01,2023-12-31,Austria,sarima_p1_d0_q1_P1_D1_Q0_s24,1,0,1,1,1,0,24,50,24,50,35014,0.05,True,joint Ljung-Box and residual ACF rule,[],residual_acf,30,0.0024280196039438,0.05,False
2020-01-01,2023-12-31,Austria,sarima_p1_d0_q1_P1_D1_Q0_s24,1,0,1,1,1,0,24,50,24,50,35014,0.05,True,joint Ljung-Box and residual ACF rule,[],residual_acf,31,0.007740319584857004,0.05,False
2020-01-01,2023-12-31,Austria,sarima_p1_d0_q1_P1_D1_Q0_s24,1,0,1,1,1,0,24,50,24,50,35014,0.05,True,joint Ljung-Box and residual ACF rule,[],residual_acf,32,0.05398513816432108,0.05,True
2020-01-01,2023-12-31,Austria,sarima_p1_d0_q1_P1_D1_Q0_s24,1,0,1,1,1,0,24,50,24,50,35014,0.05,True,joint Ljung-Box and residual ACF rule,[],residual_acf,33,0.037035243432864434,0.05,False
2020-01-01,2023-12-31,Austria,sarima_p1_d0_q1_P1_D1_Q0_s24,1,0,1,1,1,0,24,50,24,50,35014,0.05,True,joint Ljung-Box and residual ACF rule,[],residual_acf,34,0.04432701989436409,0.05,False
2020-01-01,2023-12-31,Austria,sarima_p1_d0_q1_P1_D1_Q0_s24,1,0,1,1,1,0,24,50,24,50,35014,0.05,True,joint Ljung-Box and residual ACF rule,[],residual_acf,35,0.006600602349827475,0.05,False
2020-01-01,2023-12-31,Austria,sarima_p1_d0_q1_P1_D1_Q0_s24,1,0,1,1,1,0,24,50,24,50,35014,0.05,True,joint Ljung-Box and residual ACF rule,[],residual_acf,36,-0.013196487873365813,0.05,False
2020-01-01,2023-12-31,Austria,sarima_p1_d0_q1_P1_D1_Q0_s24,1,0,1,1,1,0,24,50,24,50,35014,0.05,True,joint Ljung-Box and residual ACF rule,[],residual_acf,37,-0.01532750679351473,0.05,False
2020-01-01,2023-12-31,Austria,sarima_p1_d0_q1_P1_D1_Q0_s24,1,0,1,1,1,0,24,50,24,50,35014,0.05,True,joint Ljung-Box and residual ACF rule,[],residual_acf,38,-0.019322555096827388,0.05,False
2020-01-01,2023-12-31,Austria,sarima_p1_d0_q1_P1_D1_Q0_s24,1,0,1,1,1,0,24,50,24,50,35014,0.05,True,joint Ljung-Box and residual ACF rule,[],residual_acf,39,-0.0038035917085462827,0.05,False
2020-01-01,2023-12-31,Austria,sarima_p1_d0_q1_P1_D1_Q0_s24,1,0,1,1,1,0,24,50,24,50,35014,0.05,True,joint Ljung-Box and residual ACF rule,[],residual_acf,40,-0.018627712571977543,0.05,False
2020-01-01,2023-12-31,Austria,sarima_p1_d0_q1_P1_D1_Q0_s24,1,0,1,1,1,0,24,50,24,50,35014,0.05,True,joint Ljung-Box and residual ACF rule,[],residual_acf,41,-0.017220761556366378,0.05,False
2020-01-01,2023-12-31,Austria,sarima_p1_d0_q1_P1_D1_Q0_s24,1,0,1,1,1,0,24,50,24,50,35014,0.05,True,joint Ljung-Box and residual ACF rule,[],residual_acf,42,0.004250866236936869,0.05,False
2020-01-01,2023-12-31,Austria,sarima_p1_d0_q1_P1_D1_Q0_s24,1,0,1,1,1,0,24,50,24,50,35014,0.05,True,joint Ljung-Box and residual ACF rule,[],residual_acf,43,0.005246972052358358,0.05,False
2020-01-01,2023-12-31,Austria,sarima_p1_d0_q1_P1_D1_Q0_s24,1,0,1,1,1,0,24,50,24,50,35014,0.05,True,joint Ljung-Box and residual ACF rule,[],residual_acf,44,0.01904152346889733,0.05,False
2020-01-01,2023-12-31,Austria,sarima_p1_d0_q1_P1_D1_Q0_s24,1,0,1,1,1,0,24,50,24,50,35014,0.05,True,joint Ljung-Box and residual ACF rule,[],residual_acf,45,0.013023724504357495,0.05,False
2020-01-01,2023-12-31,Austria,sarima_p1_d0_q1_P1_D1_Q0_s24,1,0,1,1,1,0,24,50,24,50,35014,0.05,True,joint Ljung-Box and residual ACF rule,[],residual_acf,46,-0.06978795186980885,0.05,True
2020-01-01,2023-12-31,Austria,sarima_p1_d0_q1_P1_D1_Q0_s24,1,0,1,1,1,0,24,50,24,50,35014,0.05,True,joint Ljung-Box and residual ACF rule,[],residual_acf,47,-0.12045065076337834,0.05,True
2020-01-01,2023-12-31,Austria,sarima_p1_d0_q1_P1_D1_Q0_s24,1,0,1,1,1,0,24,50,24,50,35014,0.05,True,joint Ljung-Box and residual ACF rule,[],residual_acf,48,-0.30235792534975436,0.05,True
2020-01-01,2023-12-31,Austria,sarima_p1_d0_q1_P1_D1_Q0_s24,1,0,1,1,1,0,24,50,24,50,35014,0.05,True,joint Ljung-Box and residual ACF rule,[],ljung_box_statistic,24,5646.720282590229,0.05,True
2020-01-01,2023-12-31,Austria,sarima_p1_d0_q1_P1_D1_Q0_s24,1,0,1,1,1,0,24,50,24,50,35014,0.05,True,joint Ljung-Box and residual ACF rule,[],ljung_box_pvalue,24,0.0,0.05,True
2020-01-01,2023-12-31,Austria,sarima_p1_d0_q1_P1_D1_Q0_s24,1,0,1,1,1,0,24,50,24,50,35014,0.05,True,joint Ljung-Box and residual ACF rule,[],ljung_box_statistic,48,10080.759023971224,0.05,True
2020-01-01,2023-12-31,Austria,sarima_p1_d0_q1_P1_D1_Q0_s24,1,0,1,1,1,0,24,50,24,50,35014,0.05,True,joint Ljung-Box and residual ACF rule,[],ljung_box_pvalue,48,0.0,0.05,True
2020-01-01,2023-12-31,Austria,sarima_p1_d0_q1_P0_D1_Q1_s24,1,0,1,0,1,1,24,50,24,50,35014,0.05,True,joint Ljung-Box and residual ACF rule,[],residual_acf,1,0.18233347955825757,0.05,True
2020-01-01,2023-12-31,Austria,sarima_p1_d0_q1_P0_D1_Q1_s24,1,0,1,0,1,1,24,50,24,50,35014,0.05,True,joint Ljung-Box and residual ACF rule,[],residual_acf,2,0.25035218647072466,0.05,True
2020-01-01,2023-12-31,Austria,sarima_p1_d0_q1_P0_D1_Q1_s24,1,0,1,0,1,1,24,50,24,50,35014,0.05,True,joint Ljung-Box and residual ACF rule,[],residual_acf,3,-0.11414822013977831,0.05,True
2020-01-01,2023-12-31,Austria,sarima_p1_d0_q1_P0_D1_Q1_s24,1,0,1,0,1,1,24,50,24,50,35014,0.05,True,joint Ljung-Box and residual ACF rule,[],residual_acf,4,-0.0167657684330887,0.05,False
2020-01-01,2023-12-31,Austria,sarima_p1_d0_q1_P0_D1_Q1_s24,1,0,1,0,1,1,24,50,24,50,35014,0.05,True,joint Ljung-Box and residual ACF rule,[],residual_acf,5,-0.05819167937209376,0.05,True
2020-01-01,2023-12-31,Austria,sarima_p1_d0_q1_P0_D1_Q1_s24,1,0,1,0,1,1,24,50,24,50,35014,0.05,True,joint Ljung-Box and residual ACF rule,[],residual_acf,6,-0.016332704279861242,0.05,False
2020-01-01,2023-12-31,Austria,sarima_p1_d0_q1_P0_D1_Q1_s24,1,0,1,0,1,1,24,50,24,50,35014,0.05,True,joint Ljung-Box and residual ACF rule,[],residual_acf,7,0.019060558024604376,0.05,False
2020-01-01,2023-12-31,Austria,sarima_p1_d0_q1_P0_D1_Q1_s24,1,0,1,0,1,1,24,50,24,50,35014,0.05,True,joint Ljung-Box and residual ACF rule,[],residual_acf,8,-0.01864729331388581,0.05,False
2020-01-01,2023-12-31,Austria,sarima_p1_d0_q1_P0_D1_Q1_s24,1,0,1,0,1,1,24,50,24,50,35014,0.05,True,joint Ljung-Box and residual ACF rule,[],residual_acf,9,-0.006105786123371381,0.05,False
2020-01-01,2023-12-31,Austria,sarima_p1_d0_q1_P0_D1_Q1_s24,1,0,1,0,1,1,24,50,24,50,35014,0.05,True,joint Ljung-Box and residual ACF rule,[],residual_acf,10,-0.039723589307362084,0.05,False
2020-01-01,2023-12-31,Austria,sarima_p1_d0_q1_P0_D1_Q1_s24,1,0,1,0,1,1,24,50,24,50,35014,0.05,True,joint Ljung-Box and residual ACF rule,[],residual_acf,11,0.030759783006230782,0.05,False
2020-01-01,2023-12-31,Austria,sarima_p1_d0_q1_P0_D1_Q1_s24,1,0,1,0,1,1,24,50,24,50,35014,0.05,True,joint Ljung-Box and residual ACF rule,[],residual_acf,12,0.008618111870152816,0.05,False
2020-01-01,2023-12-31,Austria,sarima_p1_d0_q1_P0_D1_Q1_s24,1,0,1,0,1,1,24,50,24,50,35014,0.05,True,joint Ljung-Box and residual ACF rule,[],residual_acf,13,-0.00345250294191059,0.05,False
2020-01-01,2023-12-31,Austria,sarima_p1_d0_q1_P0_D1_Q1_s24,1,0,1,0,1,1,24,50,24,50,35014,0.05,True,joint Ljung-Box and residual ACF rule,[],residual_acf,14,-0.10186990947815076,0.05,True
2020-01-01,2023-12-31,Austria,sarima_p1_d0_q1_P0_D1_Q1_s24,1,0,1,0,1,1,24,50,24,50,35014,0.05,True,joint Ljung-Box and residual ACF rule,[],residual_acf,15,-0.092701659702725,0.05,True
2020-01-01,2023-12-31,Austria,sarima_p1_d0_q1_P0_D1_Q1_s24,1,0,1,0,1,1,24,50,24,50,35014,0.05,True,joint Ljung-Box and residual ACF rule,[],residual_acf,16,-0.09923925740032977,0.05,True
2020-01-01,2023-12-31,Austria,sarima_p1_d0_q1_P0_D1_Q1_s24,1,0,1,0,1,1,24,50,24,50,35014,0.05,True,joint Ljung-Box and residual ACF rule,[],residual_acf,17,-0.03320765214164224,0.05,False
2020-01-01,2023-12-31,Austria,sarima_p1_d0_q1_P0_D1_Q1_s24,1,0,1,0,1,1,24,50,24,50,35014,0.05,True,joint Ljung-Box and residual ACF rule,[],residual_acf,18,-0.025982877880708355,0.05,False
2020-01-01,2023-12-31,Austria,sarima_p1_d0_q1_P0_D1_Q1_s24,1,0,1,0,1,1,24,50,24,50,35014,0.05,True,joint Ljung-Box and residual ACF rule,[],residual_acf,19,-0.004597268256376468,0.05,False
2020-01-01,2023-12-31,Austria,sarima_p1_d0_q1_P0_D1_Q1_s24,1,0,1,0,1,1,24,50,24,50,35014,0.05,True,joint Ljung-Box and residual ACF rule,[],residual_acf,20,0.0006770542867867035,0.05,False
2020-01-01,2023-12-31,Austria,sarima_p1_d0_q1_P0_D1_Q1_s24,1,0,1,0,1,1,24,50,24,50,35014,0.05,True,joint Ljung-Box and residual ACF rule,[],residual_acf,21,-0.02390635719279009,0.05,False
2020-01-01,2023-12-31,Austria,sarima_p1_d0_q1_P0_D1_Q1_s24,1,0,1,0,1,1,24,50,24,50,35014,0.05,True,joint Ljung-Box and residual ACF rule,[],residual_acf,22,0.025670940339574518,0.05,False
2020-01-01,2023-12-31,Austria,sarima_p1_d0_q1_P0_D1_Q1_s24,1,0,1,0,1,1,24,50,24,50,35014,0.05,True,joint Ljung-Box and residual ACF rule,[],residual_acf,23,0.06791227173043629,0.05,True
2020-01-01,2023-12-31,Austria,sarima_p1_d0_q1_P0_D1_Q1_s24,1,0,1,0,1,1,24,50,24,50,35014,0.05,True,joint Ljung-Box and residual ACF rule,[],residual_acf,24,0.1904058998690019,0.05,True
2020-01-01,2023-12-31,Austria,sarima_p1_d0_q1_P0_D1_Q1_s24,1,0,1,0,1,1,24,50,24,50,35014,0.05,True,joint Ljung-Box and residual ACF rule,[],residual_acf,25,0.07220033032022838,0.05,True
2020-01-01,2023-12-31,Austria,sarima_p1_d0_q1_P0_D1_Q1_s24,1,0,1,0,1,1,24,50,24,50,35014,0.05,True,joint Ljung-Box and residual ACF rule,[],residual_acf,26,0.04415537482143597,0.05,False
2020-01-01,2023-12-31,Austria,sarima_p1_d0_q1_P0_D1_Q1_s24,1,0,1,0,1,1,24,50,24,50,35014,0.05,True,joint Ljung-Box and residual ACF rule,[],residual_acf,27,-0.037536401135600445,0.05,False
2020-01-01,2023-12-31,Austria,sarima_p1_d0_q1_P0_D1_Q1_s24,1,0,1,0,1,1,24,50,24,50,35014,0.05,True,joint Ljung-Box and residual ACF rule,[],residual_acf,28,-0.02060870163886144,0.05,False
2020-01-01,2023-12-31,Austria,sarima_p1_d0_q1_P0_D1_Q1_s24,1,0,1,0,1,1,24,50,24,50,35014,0.05,True,joint Ljung-Box and residual ACF rule,[],residual_acf,29,-0.033890363519410736,0.05,False
2020-01-01,2023-12-31,Austria,sarima_p1_d0_q1_P0_D1_Q1_s24,1,0,1,0,1,1,24,50,24,50,35014,0.05,True,joint Ljung-Box and residual ACF rule,[],residual_acf,30,-0.00935128856246036,0.05,False
2020-01-01,2023-12-31,Austria,sarima_p1_d0_q1_P0_D1_Q1_s24,1,0,1,0,1,1,24,50,24,50,35014,0.05,True,joint Ljung-Box and residual ACF rule,[],residual_acf,31,0.0045233860921033205,0.05,False
2020-01-01,2023-12-31,Austria,sarima_p1_d0_q1_P0_D1_Q1_s24,1,0,1,0,1,1,24,50,24,50,35014,0.05,True,joint Ljung-Box and residual ACF rule,[],residual_acf,32,0.03354390225987491,0.05,False
2020-01-01,2023-12-31,Austria,sarima_p1_d0_q1_P0_D1_Q1_s24,1,0,1,0,1,1,24,50,24,50,35014,0.05,True,joint Ljung-Box and residual ACF rule,[],residual_acf,33,0.031120568191101875,0.05,False
2020-01-01,2023-12-31,Austria,sarima_p1_d0_q1_P0_D1_Q1_s24,1,0,1,0,1,1,24,50,24,50,35014,0.05,True,joint Ljung-Box and residual ACF rule,[],residual_acf,34,0.017288085156735605,0.05,False
2020-01-01,2023-12-31,Austria,sarima_p1_d0_q1_P0_D1_Q1_s24,1,0,1,0,1,1,24,50,24,50,35014,0.05,True,joint Ljung-Box and residual ACF rule,[],residual_acf,35,0.024719232238425756,0.05,False
2020-01-01,2023-12-31,Austria,sarima_p1_d0_q1_P0_D1_Q1_s24,1,0,1,0,1,1,24,50,24,50,35014,0.05,True,joint Ljung-Box and residual ACF rule,[],residual_acf,36,-0.012901543230773782,0.05,False
2020-01-01,2023-12-31,Austria,sarima_p1_d0_q1_P0_D1_Q1_s24,1,0,1,0,1,1,24,50,24,50,35014,0.05,True,joint Ljung-Box and residual ACF rule,[],residual_acf,37,-0.0006923514337594365,0.05,False
2020-01-01,2023-12-31,Austria,sarima_p1_d0_q1_P0_D1_Q1_s24,1,0,1,0,1,1,24,50,24,50,35014,0.05,True,joint Ljung-Box and residual ACF rule,[],residual_acf,38,-0.04899242948821545,0.05,False
2020-01-01,2023-12-31,Austria,sarima_p1_d0_q1_P0_D1_Q1_s24,1,0,1,0,1,1,24,50,24,50,35014,0.05,True,joint Ljung-Box and residual ACF rule,[],residual_acf,39,-0.015205428593819096,0.05,False
2020-01-01,2023-12-31,Austria,sarima_p1_d0_q1_P0_D1_Q1_s24,1,0,1,0,1,1,24,50,24,50,35014,0.05,True,joint Ljung-Box and residual ACF rule,[],residual_acf,40,-0.0400541146512932,0.05,False
2020-01-01,2023-12-31,Austria,sarima_p1_d0_q1_P0_D1_Q1_s24,1,0,1,0,1,1,24,50,24,50,35014,0.05,True,joint Ljung-Box and residual ACF rule,[],residual_acf,41,-0.022611503600237334,0.05,False
2020-01-01,2023-12-31,Austria,sarima_p1_d0_q1_P0_D1_Q1_s24,1,0,1,0,1,1,24,50,24,50,35014,0.05,True,joint Ljung-Box and residual ACF rule,[],residual_acf,42,-0.006073852401322477,0.05,False
2020-01-01,2023-12-31,Austria,sarima_p1_d0_q1_P0_D1_Q1_s24,1,0,1,0,1,1,24,50,24,50,35014,0.05,True,joint Ljung-Box and residual ACF rule,[],residual_acf,43,-0.00030854832353699707,0.05,False
2020-01-01,2023-12-31,Austria,sarima_p1_d0_q1_P0_D1_Q1_s24,1,0,1,0,1,1,24,50,24,50,35014,0.05,True,joint Ljung-Box and residual ACF rule,[],residual_acf,44,0.03213425850724589,0.05,False
2020-01-01,2023-12-31,Austria,sarima_p1_d0_q1_P0_D1_Q1_s24,1,0,1,0,1,1,24,50,24,50,35014,0.05,True,joint Ljung-Box and residual ACF rule,[],residual_acf,45,-0.008281969727471744,0.05,False
2020-01-01,2023-12-31,Austria,sarima_p1_d0_q1_P0_D1_Q1_s24,1,0,1,0,1,1,24,50,24,50,35014,0.05,True,joint Ljung-Box and residual ACF rule,[],residual_acf,46,-0.01717235534542377,0.05,False
2020-01-01,2023-12-31,Austria,sarima_p1_d0_q1_P0_D1_Q1_s24,1,0,1,0,1,1,24,50,24,50,35014,0.05,True,joint Ljung-Box and residual ACF rule,[],residual_acf,47,-0.11664866805178349,0.05,True
2020-01-01,2023-12-31,Austria,sarima_p1_d0_q1_P0_D1_Q1_s24,1,0,1,0,1,1,24,50,24,50,35014,0.05,True,joint Ljung-Box and residual ACF rule,[],residual_acf,48,-0.11520602721302199,0.05,True
2020-01-01,2023-12-31,Austria,sarima_p1_d0_q1_P0_D1_Q1_s24,1,0,1,0,1,1,24,50,24,50,35014,0.05,True,joint Ljung-Box and residual ACF rule,[],ljung_box_statistic,24,6618.34840086561,0.05,True
2020-01-01,2023-12-31,Austria,sarima_p1_d0_q1_P0_D1_Q1_s24,1,0,1,0,1,1,24,50,24,50,35014,0.05,True,joint Ljung-Box and residual ACF rule,[],ljung_box_pvalue,24,0.0,0.05,True
2020-01-01,2023-12-31,Austria,sarima_p1_d0_q1_P0_D1_Q1_s24,1,0,1,0,1,1,24,50,24,50,35014,0.05,True,joint Ljung-Box and residual ACF rule,[],ljung_box_statistic,48,8247.890288107907,0.05,True
2020-01-01,2023-12-31,Austria,sarima_p1_d0_q1_P0_D1_Q1_s24,1,0,1,0,1,1,24,50,24,50,35014,0.05,True,joint Ljung-Box and residual ACF rule,[],ljung_box_pvalue,48,0.0,0.05,True
2020-01-01,2023-12-31,Austria,sarima_p1_d0_q0_P0_D1_Q1_s24,1,0,0,0,1,1,24,49,24,49,35015,0.05,True,joint Ljung-Box and residual ACF rule,[],residual_acf,1,0.613210098187816,0.05,True
2020-01-01,2023-12-31,Austria,sarima_p1_d0_q0_P0_D1_Q1_s24,1,0,0,0,1,1,24,49,24,49,35015,0.05,True,joint Ljung-Box and residual ACF rule,[],residual_acf,2,0.2278832887925815,0.05,True
2020-01-01,2023-12-31,Austria,sarima_p1_d0_q0_P0_D1_Q1_s24,1,0,0,0,1,1,24,49,24,49,35015,0.05,True,joint Ljung-Box and residual ACF rule,[],residual_acf,3,-0.02640316851529803,0.05,False
2020-01-01,2023-12-31,Austria,sarima_p1_d0_q0_P0_D1_Q1_s24,1,0,0,0,1,1,24,49,24,49,35015,0.05,True,joint Ljung-Box and residual ACF rule,[],residual_acf,4,-0.09049865092379328,0.05,True
2020-01-01,2023-12-31,Austria,sarima_p1_d0_q0_P0_D1_Q1_s24,1,0,0,0,1,1,24,49,24,49,35015,0.05,True,joint Ljung-Box and residual ACF rule,[],residual_acf,5,-0.07576877942797108,0.05,True
2020-01-01,2023-12-31,Austria,sarima_p1_d0_q0_P0_D1_Q1_s24,1,0,0,0,1,1,24,49,24,49,35015,0.05,True,joint Ljung-Box and residual ACF rule,[],residual_acf,6,-0.043874357196607414,0.05,False
2020-01-01,2023-12-31,Austria,sarima_p1_d0_q0_P0_D1_Q1_s24,1,0,0,0,1,1,24,49,24,49,35015,0.05,True,joint Ljung-Box and residual ACF rule,[],residual_acf,7,-0.011132530534591222,0.05,False
2020-01-01,2023-12-31,Austria,sarima_p1_d0_q0_P0_D1_Q1_s24,1,0,0,0,1,1,24,49,24,49,35015,0.05,True,joint Ljung-Box and residual ACF rule,[],residual_acf,8,-0.02455371741633571,0.05,False
2020-01-01,2023-12-31,Austria,sarima_p1_d0_q0_P0_D1_Q1_s24,1,0,0,0,1,1,24,49,24,49,35015,0.05,True,joint Ljung-Box and residual ACF rule,[],residual_acf,9,-0.039278138984272834,0.05,False
2020-01-01,2023-12-31,Austria,sarima_p1_d0_q0_P0_D1_Q1_s24,1,0,0,0,1,1,24,49,24,49,35015,0.05,True,joint Ljung-Box and residual ACF rule,[],residual_acf,10,-0.03784036174163301,0.05,False
2020-01-01,2023-12-31,Austria,sarima_p1_d0_q0_P0_D1_Q1_s24,1,0,0,0,1,1,24,49,24,49,35015,0.05,True,joint Ljung-Box and residual ACF rule,[],residual_acf,11,0.0075377069100769885,0.05,False
2020-01-01,2023-12-31,Austria,sarima_p1_d0_q0_P0_D1_Q1_s24,1,0,0,0,1,1,24,49,24,49,35015,0.05,True,joint Ljung-Box and residual ACF rule,[],residual_acf,12,0.01086995563818425,0.05,False
2020-01-01,2023-12-31,Austria,sarima_p1_d0_q0_P0_D1_Q1_s24,1,0,0,0,1,1,24,49,24,49,35015,0.05,True,joint Ljung-Box and residual ACF rule,[],residual_acf,13,-0.04347307602404998,0.05,False
2020-01-01,2023-12-31,Austria,sarima_p1_d0_q0_P0_D1_Q1_s24,1,0,0,0,1,1,24,49,24,49,35015,0.05,True,joint Ljung-Box and residual ACF rule,[],residual_acf,14,-0.13324101262170188,0.05,True
2020-01-01,2023-12-31,Austria,sarima_p1_d0_q0_P0_D1_Q1_s24,1,0,0,0,1,1,24,49,24,49,35015,0.05,True,joint Ljung-Box and residual ACF rule,[],residual_acf,15,-0.1625387253548029,0.05,True
2020-01-01,2023-12-31,Austria,sarima_p1_d0_q0_P0_D1_Q1_s24,1,0,0,0,1,1,24,49,24,49,35015,0.05,True,joint Ljung-Box and residual ACF rule,[],residual_acf,16,-0.14044109491923545,0.05,True
2020-01-01,2023-12-31,Austria,sarima_p1_d0_q0_P0_D1_Q1_s24,1,0,0,0,1,1,24,49,24,49,35015,0.05,True,joint Ljung-Box and residual ACF rule,[],residual_acf,17,-0.08450148733827845,0.05,True
2020-01-01,2023-12-31,Austria,sarima_p1_d0_q0_P0_D1_Q1_s24,1,0,0,0,1,1,24,49,24,49,35015,0.05,True,joint Ljung-Box and residual ACF rule,[],residual_acf,18,-0.04675704471921019,0.05,False
2020-01-01,2023-12-31,Austria,sarima_p1_d0_q0_P0_D1_Q1_s24,1,0,0,0,1,1,24,49,24,49,35015,0.05,True,joint Ljung-Box and residual ACF rule,[],residual_acf,19,-0.022061673866453524,0.05,False
2020-01-01,2023-12-31,Austria,sarima_p1_d0_q0_P0_D1_Q1_s24,1,0,0,0,1,1,24,49,24,49,35015,0.05,True,joint Ljung-Box and residual ACF rule,[],residual_acf,20,-0.016763802407999514,0.05,False
2020-01-01,2023-12-31,Austria,sarima_p1_d0_q0_P0_D1_Q1_s24,1,0,0,0,1,1,24,49,24,49,35015,0.05,True,joint Ljung-Box and residual ACF rule,[],residual_acf,21,-0.018939586975330797,0.05,False
2020-01-01,2023-12-31,Austria,sarima_p1_d0_q0_P0_D1_Q1_s24,1,0,0,0,1,1,24,49,24,49,35015,0.05,True,joint Ljung-Box and residual ACF rule,[],residual_acf,22,0.03605396306132349,0.05,False
2020-01-01,2023-12-31,Austria,sarima_p1_d0_q0_P0_D1_Q1_s24,1,0,0,0,1,1,24,49,24,49,35015,0.05,True,joint Ljung-Box and residual ACF rule,[],residual_acf,23,0.14494956634286224,0.05,True
2020-01-01,2023-12-31,Austria,sarima_p1_d0_q0_P0_D1_Q1_s24,1,0,0,0,1,1,24,49,24,49,35015,0.05,True,joint Ljung-Box and residual ACF rule,[],residual_acf,24,0.23975529367431425,0.05,True
2020-01-01,2023-12-31,Austria,sarima_p1_d0_q0_P0_D1_Q1_s24,1,0,0,0,1,1,24,49,24,49,35015,0.05,True,joint Ljung-Box and residual ACF rule,[],residual_acf,25,0.15569494611557305,0.05,True
2020-01-01,2023-12-31,Austria,sarima_p1_d0_q0_P0_D1_Q1_s24,1,0,0,0,1,1,24,49,24,49,35015,0.05,True,joint Ljung-Box and residual ACF rule,[],residual_acf,26,0.04913457114965717,0.05,False
2020-01-01,2023-12-31,Austria,sarima_p1_d0_q0_P0_D1_Q1_s24,1,0,0,0,1,1,24,49,24,49,35015,0.05,True,joint Ljung-Box and residual ACF rule,[],residual_acf,27,-0.03035240795320605,0.05,False
2020-01-01,2023-12-31,Austria,sarima_p1_d0_q0_P0_D1_Q1_s24,1,0,0,0,1,1,24,49,24,49,35015,0.05,True,joint Ljung-Box and residual ACF rule,[],residual_acf,28,-0.04896526132438927,0.05,False
2020-01-01,2023-12-31,Austria,sarima_p1_d0_q0_P0_D1_Q1_s24,1,0,0,0,1,1,24,49,24,49,35015,0.05,True,joint Ljung-Box and residual ACF rule,[],residual_acf,29,-0.0463780962719553,0.05,False
2020-01-01,2023-12-31,Austria,sarima_p1_d0_q0_P0_D1_Q1_s24,1,0,0,0,1,1,24,49,24,49,35015,0.05,True,joint Ljung-Box and residual ACF rule,[],residual_acf,30,-0.026816186769440743,0.05,False
2020-01-01,2023-12-31,Austria,sarima_p1_d0_q0_P0_D1_Q1_s24,1,0,0,0,1,1,24,49,24,49,35015,0.05,True,joint Ljung-Box and residual ACF rule,[],residual_acf,31,0.005997822699977607,0.05,False
2020-01-01,2023-12-31,Austria,sarima_p1_d0_q0_P0_D1_Q1_s24,1,0,0,0,1,1,24,49,24,49,35015,0.05,True,joint Ljung-Box and residual ACF rule,[],residual_acf,32,0.035842846574767384,0.05,False
2020-01-01,2023-12-31,Austria,sarima_p1_d0_q0_P0_D1_Q1_s24,1,0,0,0,1,1,24,49,24,49,35015,0.05,True,joint Ljung-Box and residual ACF rule,[],residual_acf,33,0.040226149670984035,0.05,False
2020-01-01,2023-12-31,Austria,sarima_p1_d0_q0_P0_D1_Q1_s24,1,0,0,0,1,1,24,49,24,49,35015,0.05,True,joint Ljung-Box and residual ACF rule,[],residual_acf,34,0.02963328485973215,0.05,False
2020-01-01,2023-12-31,Austria,sarima_p1_d0_q0_P0_D1_Q1_s24,1,0,0,0,1,1,24,49,24,49,35015,0.05,True,joint Ljung-Box and residual ACF rule,[],residual_acf,35,0.02260620041194503,0.05,False
2020-01-01,2023-12-31,Austria,sarima_p1_d0_q0_P0_D1_Q1_s24,1,0,0,0,1,1,24,49,24,49,35015,0.05,True,joint Ljung-Box and residual ACF rule,[],residual_acf,36,-0.001866091493875934,0.05,False
2020-01-01,2023-12-31,Austria,sarima_p1_d0_q0_P0_D1_Q1_s24,1,0,0,0,1,1,24,49,24,49,35015,0.05,True,joint Ljung-Box and residual ACF rule,[],residual_acf,37,-0.023070406037173814,0.05,False
2020-01-01,2023-12-31,Austria,sarima_p1_d0_q0_P0_D1_Q1_s24,1,0,0,0,1,1,24,49,24,49,35015,0.05,True,joint Ljung-Box and residual ACF rule,[],residual_acf,38,-0.05230503183547429,0.05,True
2020-01-01,2023-12-31,Austria,sarima_p1_d0_q0_P0_D1_Q1_s24,1,0,0,0,1,1,24,49,24,49,35015,0.05,True,joint Ljung-Box and residual ACF rule,[],residual_acf,39,-0.049050209896261895,0.05,False
2020-01-01,2023-12-31,Austria,sarima_p1_d0_q0_P0_D1_Q1_s24,1,0,0,0,1,1,24,49,24,49,35015,0.05,True,joint Ljung-Box and residual ACF rule,[],residual_acf,40,-0.051163731997286147,0.05,True
2020-01-01,2023-12-31,Austria,sarima_p1_d0_q0_P0_D1_Q1_s24,1,0,0,0,1,1,24,49,24,49,35015,0.05,True,joint Ljung-Box and residual ACF rule,[],residual_acf,41,-0.03967883421102169,0.05,False
2020-01-01,2023-12-31,Austria,sarima_p1_d0_q0_P0_D1_Q1_s24,1,0,0,0,1,1,24,49,24,49,35015,0.05,True,joint Ljung-Box and residual ACF rule,[],residual_acf,42,-0.017064047321763438,0.05,False
2020-01-01,2023-12-31,Austria,sarima_p1_d0_q0_P0_D1_Q1_s24,1,0,0,0,1,1,24,49,24,49,35015,0.05,True,joint Ljung-Box and residual ACF rule,[],residual_acf,43,0.00809609606609052,0.05,False
2020-01-01,2023-12-31,Austria,sarima_p1_d0_q0_P0_D1_Q1_s24,1,0,0,0,1,1,24,49,24,49,35015,0.05,True,joint Ljung-Box and residual ACF rule,[],residual_acf,44,0.025200753314337087,0.05,False
2020-01-01,2023-12-31,Austria,sarima_p1_d0_q0_P0_D1_Q1_s24,1,0,0,0,1,1,24,49,24,49,35015,0.05,True,joint Ljung-Box and residual ACF rule,[],residual_acf,45,-0.0021356122196691902,0.05,False
2020-01-01,2023-12-31,Austria,sarima_p1_d0_q0_P0_D1_Q1_s24,1,0,0,0,1,1,24,49,24,49,35015,0.05,True,joint Ljung-Box and residual ACF rule,[],residual_acf,46,-0.05596394825767414,0.05,True
2020-01-01,2023-12-31,Austria,sarima_p1_d0_q0_P0_D1_Q1_s24,1,0,0,0,1,1,24,49,24,49,35015,0.05,True,joint Ljung-Box and residual ACF rule,[],residual_acf,47,-0.13532301615116887,0.05,True
2020-01-01,2023-12-31,Austria,sarima_p1_d0_q0_P0_D1_Q1_s24,1,0,0,0,1,1,24,49,24,49,35015,0.05,True,joint Ljung-Box and residual ACF rule,[],residual_acf,48,-0.15547465174220892,0.05,True
2020-01-01,2023-12-31,Austria,sarima_p1_d0_q0_P0_D1_Q1_s24,1,0,0,0,1,1,24,49,24,49,35015,0.05,True,joint Ljung-Box and residual ACF rule,[],ljung_box_statistic,24,21168.57609027105,0.05,True
2020-01-01,2023-12-31,Austria,sarima_p1_d0_q0_P0_D1_Q1_s24,1,0,0,0,1,1,24,49,24,49,35015,0.05,True,joint Ljung-Box and residual ACF rule,[],ljung_box_pvalue,24,0.0,0.05,True
2020-01-01,2023-12-31,Austria,sarima_p1_d0_q0_P0_D1_Q1_s24,1,0,0,0,1,1,24,49,24,49,35015,0.05,True,joint Ljung-Box and residual ACF rule,[],ljung_box_statistic,48,24451.668271462,0.05,True
2020-01-01,2023-12-31,Austria,sarima_p1_d0_q0_P0_D1_Q1_s24,1,0,0,0,1,1,24,49,24,49,35015,0.05,True,joint Ljung-Box and residual ACF rule,[],ljung_box_pvalue,48,0.0,0.05,True
2020-01-01,2023-12-31,Austria,sarima_p0_d0_q1_P1_D1_Q0_s24,0,0,1,1,1,0,24,49,24,49,35015,0.05,True,joint Ljung-Box and residual ACF rule,[],residual_acf,1,0.8438581308662657,0.05,True
2020-01-01,2023-12-31,Austria,sarima_p0_d0_q1_P1_D1_Q0_s24,0,0,1,1,1,0,24,49,24,49,35015,0.05,True,joint Ljung-Box and residual ACF rule,[],residual_acf,2,0.9238762341867438,0.05,True
2020-01-01,2023-12-31,Austria,sarima_p0_d0_q1_P1_D1_Q0_s24,0,0,1,1,1,0,24,49,24,49,35015,0.05,True,joint Ljung-Box and residual ACF rule,[],residual_acf,3,0.750988913622512,0.05,True
2020-01-01,2023-12-31,Austria,sarima_p0_d0_q1_P1_D1_Q0_s24,0,0,1,1,1,0,24,49,24,49,35015,0.05,True,joint Ljung-Box and residual ACF rule,[],residual_acf,4,0.8115670408585327,0.05,True
2020-01-01,2023-12-31,Austria,sarima_p0_d0_q1_P1_D1_Q0_s24,0,0,1,1,1,0,24,49,24,49,35015,0.05,True,joint Ljung-Box and residual ACF rule,[],residual_acf,5,0.659663334347048,0.05,True
2020-01-01,2023-12-31,Austria,sarima_p0_d0_q1_P1_D1_Q0_s24,0,0,1,1,1,0,24,49,24,49,35015,0.05,True,joint Ljung-Box and residual ACF rule,[],residual_acf,6,0.7122251764317508,0.05,True
2020-01-01,2023-12-31,Austria,sarima_p0_d0_q1_P1_D1_Q0_s24,0,0,1,1,1,0,24,49,24,49,35015,0.05,True,joint Ljung-Box and residual ACF rule,[],residual_acf,7,0.5777706870514332,0.05,True
2020-01-01,2023-12-31,Austria,sarima_p0_d0_q1_P1_D1_Q0_s24,0,0,1,1,1,0,24,49,24,49,35015,0.05,True,joint Ljung-Box and residual ACF rule,[],residual_acf,8,0.6154829216933466,0.05,True
2020-01-01,2023-12-31,Austria,sarima_p0_d0_q1_P1_D1_Q0_s24,0,0,1,1,1,0,24,49,24,49,35015,0.05,True,joint Ljung-Box and residual ACF rule,[],residual_acf,9,0.4913217191485581,0.05,True
2020-01-01,2023-12-31,Austria,sarima_p0_d0_q1_P1_D1_Q0_s24,0,0,1,1,1,0,24,49,24,49,35015,0.05,True,joint Ljung-Box and residual ACF rule,[],residual_acf,10,0.5145272942886245,0.05,True
2020-01-01,2023-12-31,Austria,sarima_p0_d0_q1_P1_D1_Q0_s24,0,0,1,1,1,0,24,49,24,49,35015,0.05,True,joint Ljung-Box and residual ACF rule,[],residual_acf,11,0.4017994134948862,0.05,True
2020-01-01,2023-12-31,Austria,sarima_p0_d0_q1_P1_D1_Q0_s24,0,0,1,1,1,0,24,49,24,49,35015,0.05,True,joint Ljung-Box and residual ACF rule,[],residual_acf,12,0.4119114634506173,0.05,True
2020-01-01,2023-12-31,Austria,sarima_p0_d0_q1_P1_D1_Q0_s24,0,0,1,1,1,0,24,49,24,49,35015,0.05,True,joint Ljung-Box and residual ACF rule,[],residual_acf,13,0.30926245518507806,0.05,True
2020-01-01,2023-12-31,Austria,sarima_p0_d0_q1_P1_D1_Q0_s24,0,0,1,1,1,0,24,49,24,49,35015,0.05,True,joint Ljung-Box and residual ACF rule,[],residual_acf,14,0.3084476765583993,0.05,True
2020-01-01,2023-12-31,Austria,sarima_p0_d0_q1_P1_D1_Q0_s24,0,0,1,1,1,0,24,49,24,49,35015,0.05,True,joint Ljung-Box and residual ACF rule,[],residual_acf,15,0.22428651877208527,0.05,True
2020-01-01,2023-12-31,Austria,sarima_p0_d0_q1_P1_D1_Q0_s24,0,0,1,1,1,0,24,49,24,49,35015,0.05,True,joint Ljung-Box and residual ACF rule,[],residual_acf,16,0.2233604051851356,0.05,True
2020-01-01,2023-12-31,Austria,sarima_p0_d0_q1_P1_D1_Q0_s24,0,0,1,1,1,0,24,49,24,49,35015,0.05,True,joint Ljung-Box and residual ACF rule,[],residual_acf,17,0.16361006983221016,0.05,True
2020-01-01,2023-12-31,Austria,sarima_p0_d0_q1_P1_D1_Q0_s24,0,0,1,1,1,0,24,49,24,49,35015,0.05,True,joint Ljung-Box and residual ACF rule,[],residual_acf,18,0.15934412719194266,0.05,True
2020-01-01,2023-12-31,Austria,sarima_p0_d0_q1_P1_D1_Q0_s24,0,0,1,1,1,0,24,49,24,49,35015,0.05,True,joint Ljung-Box and residual ACF rule,[],residual_acf,19,0.1150073513581159,0.05,True
2020-01-01,2023-12-31,Austria,sarima_p0_d0_q1_P1_D1_Q0_s24,0,0,1,1,1,0,24,49,24,49,35015,0.05,True,joint Ljung-Box and residual ACF rule,[],residual_acf,20,0.09892281234668851,0.05,True
2020-01-01,2023-12-31,Austria,sarima_p0_d0_q1_P1_D1_Q0_s24,0,0,1,1,1,0,24,49,24,49,35015,0.05,True,joint Ljung-Box and residual ACF rule,[],residual_acf,21,0.06449123822194731,0.05,True
2020-01-01,2023-12-31,Austria,sarima_p0_d0_q1_P1_D1_Q0_s24,0,0,1,1,1,0,24,49,24,49,35015,0.05,True,joint Ljung-Box and residual ACF rule,[],residual_acf,22,0.035840319116038806,0.05,False
2020-01-01,2023-12-31,Austria,sarima_p0_d0_q1_P1_D1_Q0_s24,0,0,1,1,1,0,24,49,24,49,35015,0.05,True,joint Ljung-Box and residual ACF rule,[],residual_acf,23,0.015055198979349057,0.05,False
2020-01-01,2023-12-31,Austria,sarima_p0_d0_q1_P1_D1_Q0_s24,0,0,1,1,1,0,24,49,24,49,35015,0.05,True,joint Ljung-Box and residual ACF rule,[],residual_acf,24,-0.018490001147577737,0.05,False
2020-01-01,2023-12-31,Austria,sarima_p0_d0_q1_P1_D1_Q0_s24,0,0,1,1,1,0,24,49,24,49,35015,0.05,True,joint Ljung-Box and residual ACF rule,[],residual_acf,25,-0.018881487319112794,0.05,False
2020-01-01,2023-12-31,Austria,sarima_p0_d0_q1_P1_D1_Q0_s24,0,0,1,1,1,0,24,49,24,49,35015,0.05,True,joint Ljung-Box and residual ACF rule,[],residual_acf,26,-0.042021619713304766,0.05,False
2020-01-01,2023-12-31,Austria,sarima_p0_d0_q1_P1_D1_Q0_s24,0,0,1,1,1,0,24,49,24,49,35015,0.05,True,joint Ljung-Box and residual ACF rule,[],residual_acf,27,-0.039553785502815936,0.05,False
2020-01-01,2023-12-31,Austria,sarima_p0_d0_q1_P1_D1_Q0_s24,0,0,1,1,1,0,24,49,24,49,35015,0.05,True,joint Ljung-Box and residual ACF rule,[],residual_acf,28,-0.05955400785537391,0.05,True
2020-01-01,2023-12-31,Austria,sarima_p0_d0_q1_P1_D1_Q0_s24,0,0,1,1,1,0,24,49,24,49,35015,0.05,True,joint Ljung-Box and residual ACF rule,[],residual_acf,29,-0.05766334201646069,0.05,True
2020-01-01,2023-12-31,Austria,sarima_p0_d0_q1_P1_D1_Q0_s24,0,0,1,1,1,0,24,49,24,49,35015,0.05,True,joint Ljung-Box and residual ACF rule,[],residual_acf,30,-0.07440463053966193,0.05,True
2020-01-01,2023-12-31,Austria,sarima_p0_d0_q1_P1_D1_Q0_s24,0,0,1,1,1,0,24,49,24,49,35015,0.05,True,joint Ljung-Box and residual ACF rule,[],residual_acf,31,-0.07378022928657947,0.05,True
2020-01-01,2023-12-31,Austria,sarima_p0_d0_q1_P1_D1_Q0_s24,0,0,1,1,1,0,24,49,24,49,35015,0.05,True,joint Ljung-Box and residual ACF rule,[],residual_acf,32,-0.08981356609676129,0.05,True
2020-01-01,2023-12-31,Austria,sarima_p0_d0_q1_P1_D1_Q0_s24,0,0,1,1,1,0,24,49,24,49,35015,0.05,True,joint Ljung-Box and residual ACF rule,[],residual_acf,33,-0.09322686463943904,0.05,True
2020-01-01,2023-12-31,Austria,sarima_p0_d0_q1_P1_D1_Q0_s24,0,0,1,1,1,0,24,49,24,49,35015,0.05,True,joint Ljung-Box and residual ACF rule,[],residual_acf,34,-0.11364894617548446,0.05,True
2020-01-01,2023-12-31,Austria,sarima_p0_d0_q1_P1_D1_Q0_s24,0,0,1,1,1,0,24,49,24,49,35015,0.05,True,joint Ljung-Box and residual ACF rule,[],residual_acf,35,-0.1218247536823677,0.05,True
2020-01-01,2023-12-31,Austria,sarima_p0_d0_q1_P1_D1_Q0_s24,0,0,1,1,1,0,24,49,24,49,35015,0.05,True,joint Ljung-Box and residual ACF rule,[],residual_acf,36,-0.14511090693184575,0.05,True
2020-01-01,2023-12-31,Austria,sarima_p0_d0_q1_P1_D1_Q0_s24,0,0,1,1,1,0,24,49,24,49,35015,0.05,True,joint Ljung-Box and residual ACF rule,[],residual_acf,37,-0.1525008230827295,0.05,True
2020-01-01,2023-12-31,Austria,sarima_p0_d0_q1_P1_D1_Q0_s24,0,0,1,1,1,0,24,49,24,49,35015,0.05,True,joint Ljung-Box and residual ACF rule,[],residual_acf,38,-0.17435985717819144,0.05,True
2020-01-01,2023-12-31,Austria,sarima_p0_d0_q1_P1_D1_Q0_s24,0,0,1,1,1,0,24,49,24,49,35015,0.05,True,joint Ljung-Box and residual ACF rule,[],residual_acf,39,-0.18087687442517456,0.05,True
2020-01-01,2023-12-31,Austria,sarima_p0_d0_q1_P1_D1_Q0_s24,0,0,1,1,1,0,24,49,24,49,35015,0.05,True,joint Ljung-Box and residual ACF rule,[],residual_acf,40,-0.20354482628777307,0.05,True
2020-01-01,2023-12-31,Austria,sarima_p0_d0_q1_P1_D1_Q0_s24,0,0,1,1,1,0,24,49,24,49,35015,0.05,True,joint Ljung-Box and residual ACF rule,[],residual_acf,41,-0.21114277701517456,0.05,True
2020-01-01,2023-12-31,Austria,sarima_p0_d0_q1_P1_D1_Q0_s24,0,0,1,1,1,0,24,49,24,49,35015,0.05,True,joint Ljung-Box and residual ACF rule,[],residual_acf,42,-0.23337320766303477,0.05,True
2020-01-01,2023-12-31,Austria,sarima_p0_d0_q1_P1_D1_Q0_s24,0,0,1,1,1,0,24,49,24,49,35015,0.05,True,joint Ljung-Box and residual ACF rule,[],residual_acf,43,-0.2413982290656527,0.05,True
2020-01-01,2023-12-31,Austria,sarima_p0_d0_q1_P1_D1_Q0_s24,0,0,1,1,1,0,24,49,24,49,35015,0.05,True,joint Ljung-Box and residual ACF rule,[],residual_acf,44,-0.2645319382155441,0.05,True
2020-01-01,2023-12-31,Austria,sarima_p0_d0_q1_P1_D1_Q0_s24,0,0,1,1,1,0,24,49,24,49,35015,0.05,True,joint Ljung-Box and residual ACF rule,[],residual_acf,45,-0.2737744076583777,0.05,True
2020-01-01,2023-12-31,Austria,sarima_p0_d0_q1_P1_D1_Q0_s24,0,0,1,1,1,0,24,49,24,49,35015,0.05,True,joint Ljung-Box and residual ACF rule,[],residual_acf,46,-0.29870648832523533,0.05,True
2020-01-01,2023-12-31,Austria,sarima_p0_d0_q1_P1_D1_Q0_s24,0,0,1,1,1,0,24,49,24,49,35015,0.05,True,joint Ljung-Box and residual ACF rule,[],residual_acf,47,-0.3056655731590879,0.05,True
2020-01-01,2023-12-31,Austria,sarima_p0_d0_q1_P1_D1_Q0_s24,0,0,1,1,1,0,24,49,24,49,35015,0.05,True,joint Ljung-Box and residual ACF rule,[],residual_acf,48,-0.3220308466817849,0.05,True
2020-01-01,2023-12-31,Austria,sarima_p0_d0_q1_P1_D1_Q0_s24,0,0,1,1,1,0,24,49,24,49,35015,0.05,True,joint Ljung-Box and residual ACF rule,[],ljung_box_statistic,24,197973.51671391414,0.05,True
2020-01-01,2023-12-31,Austria,sarima_p0_d0_q1_P1_D1_Q0_s24,0,0,1,1,1,0,24,49,24,49,35015,0.05,True,joint Ljung-Box and residual ACF rule,[],ljung_box_pvalue,24,0.0,0.05,True
2020-01-01,2023-12-31,Austria,sarima_p0_d0_q1_P1_D1_Q0_s24,0,0,1,1,1,0,24,49,24,49,35015,0.05,True,joint Ljung-Box and residual ACF rule,[],ljung_box_statistic,48,226144.9131902685,0.05,True
2020-01-01,2023-12-31,Austria,sarima_p0_d0_q1_P1_D1_Q0_s24,0,0,1,1,1,0,24,49,24,49,35015,0.05,True,joint Ljung-Box and residual ACF rule,[],ljung_box_pvalue,48,0.0,0.05,True
