country,target_date,category,forecast_origin_local,forecast_origin_utc,information_cutoff_utc,expected_observations,branch,specification_id,specification_order,p,d,q,trend,transform,weekly_invalid,weekly_invalid_reason,status,error_message,fit_status,convergence_status,converged,parameters_finite,standard_errors_finite,stationarity_ok,invertibility_ok,nobs,n_params,log_likelihood,aic,aicc,bic,ar_root_minimum,ma_root_minimum,warning_messages,hard_warning_messages,optimizer_retry_count,residual_n_effective,residual_rejected,residual_rejection_reason,residual_acf_values,residual_acf_flagged_lags,residual_ljung_box_statistics,residual_ljung_box_pvalues,mae,rmse,mape,evaluated_observations,coverage,verified_reuse,reuse_status,artifact_source,source_artifact_path,source_job_path,source_forecasts_path,reuse_verified
Austria,2024-01-01,New Year holiday / cold season,2023-12-31T08:00:00+01:00,2023-12-31T07:00:00+00:00,2023-12-31T07:00:00+00:00,24,ordinary,enhanced_ordinary_arima_p1_d1_q1,,1,1,1,n,identity,False,,completed,,success,converged,True,True,True,True,True,176,3,-1151.8281477924145,2309.6562955848285,2309.7958304685494,2319.150653506599,1.4539597523605745,4.40964950600818,"[""DeprecationWarning: Setting the shape on a NumPy array has been deprecated in NumPy 2.5.\nAs an alternative, you can create a new view using np.reshape (with copy=False if needed).""]",[],0,152,True,joint Ljung-Box and residual ACF rule,"{""1"": 0.10495597993956376, ""2"": 0.2474278638335683, ""3"": -0.17742916983531923, ""4"": -0.2020302440570225, ""5"": -0.2201881365465014, ""6"": -0.20281559490188805, ""7"": -0.013220651151807913, ""8"": -0.04383355681212967, ""9"": 0.15551830016366014, ""10"": -0.020224487307941102, ""11"": 0.008808884295886917, ""12"": -0.1562960846682975, ""13"": -0.030333773030425653, ""14"": -0.03645737228664049, ""15"": 0.15288954884167877, ""16"": -0.07719523276895675, ""17"": -0.0067539982242110766, ""18"": -0.20763064328595923, ""19"": -0.1831752837043504, ""20"": -0.18323089432962836, ""21"": -0.13635275264560953, ""22"": 0.2351833607347891, ""23"": 0.13454020926066948, ""24"": 0.7471159040604558, ""25"": 0.11597737244544998, ""26"": 0.1949994152745947, ""27"": -0.1358375920224547, ""28"": -0.15547166971024318, ""29"": -0.17956119228620984, ""30"": -0.1712014594550226, ""31"": -0.028571510112048854, ""32"": -0.019672417914386932, ""33"": 0.1273892504953916, ""34"": 0.008081609453397013, ""35"": -0.008342856061100355, ""36"": -0.12221899534948305, ""37"": -0.04744507825455095, ""38"": -0.003934626930680114, ""39"": 0.09755800429227089, ""40"": -0.06668921800020426, ""41"": -0.03777879507427491, ""42"": -0.18956137953612542, ""43"": -0.14330052922573824, ""44"": -0.13990195647701695, ""45"": -0.08051912190423208, ""46"": 0.2159237039753704, ""47"": 0.10995160034618236, ""48"": 0.5859077258644051}","[2, 5, 22, 24, 46, 48]","{""24"": 188.8837855174345, ""48"": 336.30941521891765}","{""24"": 1.6761174507297323e-28, ""48"": 8.843546861393484e-46}",1087.113311834961,1231.4378720485306,19.18819412910048,24,1.0,False,,,,,,False
Austria,2024-01-01,New Year holiday / cold season,2023-12-31T08:00:00+01:00,2023-12-31T07:00:00+00:00,2023-12-31T07:00:00+00:00,24,ordinary,enhanced_ordinary_arima_p1_d1_q2,,1,1,2,n,identity,False,,completed,,success,converged,True,True,True,True,True,176,4,-1139.6402911368095,2287.280582273619,2287.514500402274,2299.939726169313,1.8912386231026503,1.5352768100996006,"[""DeprecationWarning: Setting the shape on a NumPy array has been deprecated in NumPy 2.5.\nAs an alternative, you can create a new view using np.reshape (with copy=False if needed).""]",[],0,152,True,joint Ljung-Box and residual ACF rule,"{""1"": 0.07419912091854454, ""2"": 0.010253640436527234, ""3"": 0.013164003510851284, ""4"": -0.14330346156938684, ""5"": -0.21164180037406638, ""6"": -0.12778540714398487, ""7"": -0.01721788071637801, ""8"": -0.06135279894844076, ""9"": 0.10845509103773313, ""10"": -0.0031820391408420366, ""11"": -0.01710488643668287, ""12"": -0.13878774232280067, ""13"": -0.07974443970015524, ""14"": 0.0033814038441163795, ""15"": 0.12571082478540657, ""16"": -0.09184652712647898, ""17"": -0.028808452237100712, ""18"": -0.1304782976931381, ""19"": -0.15991282250382477, ""20"": -0.14764171794897613, ""21"": -0.00487265332428133, ""22"": 0.07140750344747497, ""23"": 0.11005114384305623, ""24"": 0.7170828123510441, ""25"": 0.10007177198509497, ""26"": 0.034925025210946814, ""27"": -0.012481129809733763, ""28"": -0.104028208105783, ""29"": -0.15832580732045964, ""30"": -0.11657271545556158, ""31"": -0.03326206256759406, ""32"": -0.037589586802576694, ""33"": 0.09988828250990446, ""34"": 0.008909501291538838, ""35"": -0.026681591196314476, ""36"": -0.10660725233059143, ""37"": -0.08977566136065497, ""38"": 0.022850547801965496, ""39"": 0.08836633621915546, ""40"": -0.08141498891814167, ""41"": -0.05015370729379673, ""42"": -0.12388010501393908, ""43"": -0.12530003939097753, ""44"": -0.11581779486150541, ""45"": 0.021576881594229564, ""46"": 0.0813404645985172, ""47"": 0.08897619477264453, ""48"": 0.5602710822608813}","[5, 24, 48]","{""24"": 133.61661974034672, ""48"": 238.8488358450096}","{""24"": 2.1502006083990457e-18, ""48"": 3.1644738133250675e-28}",864.2864102529371,1009.0265688880588,15.350038590897212,24,1.0,False,,,,,,False
Austria,2024-01-01,New Year holiday / cold season,2023-12-31T08:00:00+01:00,2023-12-31T07:00:00+00:00,2023-12-31T07:00:00+00:00,24,ordinary,enhanced_ordinary_arima_p1_d1_q3,,1,1,3,n,identity,False,,completed,,success,converged,True,True,True,True,True,176,5,-1138.2977046872172,2286.5954093744344,2286.948350550905,2302.419339244052,2.5799772653198256,1.4266139208991693,"[""DeprecationWarning: Setting the shape on a NumPy array has been deprecated in NumPy 2.5.\nAs an alternative, you can create a new view using np.reshape (with copy=False if needed).""]",[],0,152,True,joint Ljung-Box and residual ACF rule,"{""1"": 0.04642821066492106, ""2"": 0.007815789095473646, ""3"": -0.024486852510872247, ""4"": -0.06016912241165314, ""5"": -0.18673363531532355, ""6"": -0.157294958991796, ""7"": -0.0016313965705550633, ""8"": -0.06488543815595701, ""9"": 0.09016365890996036, ""10"": -0.012635621951364015, ""11"": -0.0018964282911262177, ""12"": -0.1573208345995036, ""13"": -0.07059082227015348, ""14"": -0.0065907949875610135, ""15"": 0.12561467050120514, ""16"": -0.10154635590743458, ""17"": -0.024573583786254672, ""18"": -0.1465047835489028, ""19"": -0.1344115154758374, ""20"": -0.08965760293910352, ""21"": -0.035097245895453294, ""22"": 0.07282291062218746, ""23"": 0.08986813703363276, ""24"": 0.7122527958555218, ""25"": 0.07440004472730746, ""26"": 0.03752457435464236, ""27"": -0.03449877228090429, ""28"": -0.05005637566129033, ""29"": -0.1362157493009992, ""30"": -0.13078861794787616, ""31"": -0.026402274496111676, ""32"": -0.04171411413625221, ""33"": 0.08571163779187659, ""34"": 0.003874549095380179, ""35"": -0.017690205953944098, ""36"": -0.12214149786705411, ""37"": -0.08297521616575511, ""38"": 0.017873193616494386, ""39"": 0.08630930576044099, ""40"": -0.088079979331425, ""41"": -0.045965325166065406, ""42"": -0.13361852990600961, ""43"": -0.10566640604831572, ""44"": -0.07139315734624625, ""45"": -0.0049534865237304835, ""46"": 0.08275540742393639, ""47"": 0.07250278872831314, ""48"": 0.555268146134219}","[24, 48]","{""24"": 125.90088936643006, ""48"": 224.1520822281602}","{""24"": 2.2798829703910723e-17, ""48"": 5.577726199693478e-26}",782.9978485981218,922.3377743608436,13.918321245450576,24,1.0,False,,,,,,False
Austria,2024-01-01,New Year holiday / cold season,2023-12-31T08:00:00+01:00,2023-12-31T07:00:00+00:00,2023-12-31T07:00:00+00:00,24,ordinary,enhanced_ordinary_arima_p2_d1_q1,,2,1,1,n,identity,False,,completed,,success,converged,True,True,True,True,True,176,4,-1133.9527094133157,2275.905418826631,2276.1393369552857,2288.564562722325,1.101350595173865,1.0422208802496609,"[""DeprecationWarning: Setting the shape on a NumPy array has been deprecated in NumPy 2.5.\nAs an alternative, you can create a new view using np.reshape (with copy=False if needed)."", ""UserWarning: Non-stationary starting autoregressive parameters found. Using zeros as starting parameters."", ""UserWarning: Non-invertible starting MA parameters found. Using zeros as starting parameters.""]",[],0,152,True,joint Ljung-Box and residual ACF rule,"{""1"": 0.11763058925814215, ""2"": 0.16010824282666172, ""3"": -0.1669134603741587, ""4"": -0.1641912696426164, ""5"": -0.13022254426630836, ""6"": -0.09053976070927171, ""7"": 0.0738937844348103, ""8"": 0.03476340087517152, ""9"": 0.18083117586428435, ""10"": -0.0242227164850883, ""11"": -0.06661665521689791, ""12"": -0.240527539227488, ""13"": -0.11170887615832426, ""14"": -0.043618013250466596, ""15"": 0.1857735071345247, ""16"": 0.002766252523611447, ""17"": 0.08060156547273956, ""18"": -0.0956975311355889, ""19"": -0.0972566689022299, ""20"": -0.15322355064787677, ""21"": -0.13579930772208132, ""22"": 0.16088915207375615, ""23"": 0.13362826980068854, ""24"": 0.7223856183721866, ""25"": 0.10624736662577176, ""26"": 0.11899871312084156, ""27"": -0.13505838720286367, ""28"": -0.1284977611099249, ""29"": -0.11632841686226278, ""30"": -0.09835085113586245, ""31"": 0.02126972193556675, ""32"": 0.0244131613253725, ""33"": 0.13531420460940768, ""34"": -0.015923390902519943, ""35"": -0.08943244980989963, ""36"": -0.2146196657719461, ""37"": -0.13460851010516306, ""38"": -0.020139470732243966, ""39"": 0.11757133181075342, ""40"": -0.01658335393465555, ""41"": 0.015070838918073273, ""42"": -0.1206256920345377, ""43"": -0.09498657517368042, ""44"": -0.13138699462214914, ""45"": -0.09887987664256888, ""46"": 0.13680301859864216, ""47"": 0.08511601617884465, ""48"": 0.5373375590596837}","[12, 24, 36, 48]","{""24"": 159.24256328406665, ""48"": 278.05827766046406}","{""24"": 3.0249905801248285e-23, ""48"": 2.468298528757047e-35}",520.2555921955494,667.5854503287857,9.139827340929797,24,1.0,False,,,,,,False
Austria,2024-01-01,New Year holiday / cold season,2023-12-31T08:00:00+01:00,2023-12-31T07:00:00+00:00,2023-12-31T07:00:00+00:00,24,ordinary,enhanced_ordinary_arima_p2_d1_q2,,2,1,2,n,identity,False,,completed,,success,converged,True,True,True,True,True,176,5,-1135.1606568361642,2280.3213136723284,2280.674254848799,2296.145243541946,1.2575071524961892,1.876091637322694,"[""DeprecationWarning: Setting the shape on a NumPy array has been deprecated in NumPy 2.5.\nAs an alternative, you can create a new view using np.reshape (with copy=False if needed).""]",[],0,152,True,joint Ljung-Box and residual ACF rule,"{""1"": 0.007618211931993949, ""2"": 0.04528450416344545, ""3"": -0.07338818016004071, ""4"": 0.00895131137501451, ""5"": -0.007915127732090459, ""6"": -0.095328262042043, ""7"": -0.047408973374178966, ""8"": -0.12570237199504342, ""9"": 0.079241164780709, ""10"": -0.05986143610533094, ""11"": -0.06529668765300596, ""12"": -0.23280390266727596, ""13"": -0.11538516341220599, ""14"": -0.051832950165327935, ""15"": 0.11512580999121291, ""16"": -0.14271597462049312, ""17"": -0.04448045839350528, ""18"": -0.10902536904526185, ""19"": 0.0029901213145498763, ""20"": -0.022503409756069875, ""21"": -0.0663441882820665, ""22"": 0.09116451334215758, ""23"": 0.0661143877002498, ""24"": 0.7194805335094525, ""25"": 0.037019950967578215, ""26"": 0.05670990620169904, ""27"": -0.050410113095389515, ""28"": 0.02244802435110553, ""29"": -0.0017504401810196928, ""30"": -0.08753049149350675, ""31"": -0.06377407507415779, ""32"": -0.08979740307260548, ""33"": 0.07704608900687641, ""34"": -0.02615218076515127, ""35"": -0.07564557411738469, ""36"": -0.19736270702154565, ""37"": -0.12932621938495759, ""38"": -0.007785194154632433, ""39"": 0.0840055553351194, ""40"": -0.11351876728291801, ""41"": -0.06431344634449106, ""42"": -0.11038115594913661, ""43"": 0.0030476688909130308, ""44"": -0.015496521801969417, ""45"": -0.02851427299719166, ""46"": 0.09514122787390919, ""47"": 0.0458935297957982, ""48"": 0.5533722567468093}","[12, 24, 48]","{""24"": 125.69509637824433, ""48"": 223.91554281534417}","{""24"": 2.4906895499576803e-17, ""48"": 6.141788484348432e-26}",525.8977579502242,656.8931333207212,9.267842942335298,24,1.0,False,,,,,,False
Austria,2024-01-01,New Year holiday / cold season,2023-12-31T08:00:00+01:00,2023-12-31T07:00:00+00:00,2023-12-31T07:00:00+00:00,24,ordinary,enhanced_ordinary_arima_p2_d1_q3,,2,1,3,n,identity,False,,completed,,success,converged,True,True,True,True,True,176,6,-1126.1429907128704,2264.285981425741,2264.7830228458597,2283.274697269282,1.2036581304712826,1.026515863795748,"[""DeprecationWarning: Setting the shape on a NumPy array has been deprecated in NumPy 2.5.\nAs an alternative, you can create a new view using np.reshape (with copy=False if needed).""]",[],0,152,True,joint Ljung-Box and residual ACF rule,"{""1"": 0.028055730348784287, ""2"": -0.01190239091904976, ""3"": -0.0005594860000199449, ""4"": -0.04396542284502143, ""5"": -0.0930107530029816, ""6"": -0.06353768222822424, ""7"": 0.03456784743443613, ""8"": -0.03700407485323479, ""9"": 0.10985591082992574, ""10"": -0.027197310340195725, ""11"": -0.0586174210265923, ""12"": -0.20680580009687774, ""13"": -0.12185576997565707, ""14"": -0.02260402091910396, ""15"": 0.14251812125758775, ""16"": -0.06645981911911303, ""17"": 0.023860499811109277, ""18"": -0.06562914608852582, ""19"": -0.053226101718728956, ""20"": -0.0708594123329752, ""21"": -0.018849771141529366, ""22"": 0.04730402711952598, ""23"": 0.06882313370762148, ""24"": 0.6996377265640813, ""25"": 0.04920866233132212, ""26"": 0.009887361436678548, ""27"": -0.020947550237342273, ""28"": -0.032064655599621086, ""29"": -0.07226622854337246, ""30"": -0.07261747387206892, ""31"": -0.007505919211265828, ""32"": -0.03179266463672374, ""33"": 0.08827500827354343, ""34"": -0.022313444359180732, ""35"": -0.07884208845305028, ""36"": -0.18011952787048105, ""37"": -0.14259903049934694, ""38"": -0.004159246233451194, ""39"": 0.09283889016684352, ""40"": -0.06920697964171241, ""41"": -0.02046632036117608, ""42"": -0.08616302373432085, ""43"": -0.05523463472834405, ""44"": -0.06977029116583885, ""45"": -0.008030865622687566, ""46"": 0.04619105864911358, ""47"": 0.037921563408745224, ""48"": 0.5252251987473971}","[24, 48]","{""24"": 112.60895672849226, ""48"": 198.1888402243304}","{""24"": 2.6291370634389165e-15, ""48"": 8.65887891029501e-22}",502.8445197929351,638.900530808371,8.833938130243366,24,1.0,False,,,,,,False
Austria,2024-01-01,New Year holiday / cold season,2023-12-31T08:00:00+01:00,2023-12-31T07:00:00+00:00,2023-12-31T07:00:00+00:00,24,ordinary,enhanced_ordinary_arima_p3_d1_q1,,3,1,1,n,identity,False,,completed,,success,converged,True,True,True,True,True,176,5,-1133.791102505542,2277.582205011084,2277.935146187555,2293.4061348807018,1.2098724232681246,13.13166054103492,"[""DeprecationWarning: Setting the shape on a NumPy array has been deprecated in NumPy 2.5.\nAs an alternative, you can create a new view using np.reshape (with copy=False if needed).""]",[],0,152,True,joint Ljung-Box and residual ACF rule,"{""1"": 0.031065290534868294, ""2"": 0.00729011042029191, ""3"": -0.0044041060174580884, ""4"": -0.04411839197800302, ""5"": -0.022689450418304936, ""6"": -0.06954386043145497, ""7"": -0.01776127541416574, ""8"": -0.09238925464119978, ""9"": 0.06632500216808214, ""10"": -0.0720065403554706, ""11"": -0.11094593373343256, ""12"": -0.24436123989759445, ""13"": -0.16610147359606856, ""14"": -0.05665533446435904, ""15"": 0.100454347960636, ""16"": -0.10942718229162916, ""17"": -0.017397077208047812, ""18"": -0.08446705637766587, ""19"": -0.006173930301338919, ""20"": -0.06463508772964767, ""21"": -0.014778503444388812, ""22"": 0.06713828255064476, ""23"": 0.08338923408166096, ""24"": 0.7171719158201983, ""25"": 0.058733217760353514, ""26"": 0.03386840567586278, ""27"": -0.005823156975589513, ""28"": -0.013162625028226894, ""29"": -0.011862880172973076, ""30"": -0.0689614712741744, ""31"": -0.03634731436559751, ""32"": -0.06638672265761018, ""33"": 0.06777334160963104, ""34"": -0.04165209607286889, ""35"": -0.11166856044854256, ""36"": -0.20612236394890246, ""37"": -0.16690306557776238, ""38"": -0.015209018656499512, ""39"": 0.07482577682912298, ""40"": -0.0889508473826915, ""41"": -0.04061294790276714, ""42"": -0.09135040201670375, ""43"": -0.0023278655533627247, ""44"": -0.051228795610753636, ""45"": 0.012612984810109005, ""46"": 0.07524106289823261, ""47"": 0.059686603935722636, ""48"": 0.5522658539999896}","[12, 24, 48]","{""24"": 123.56058679752871, ""48"": 220.77085920928116}","{""24"": 6.224169562388036e-17, ""48"": 2.205743649807651e-25}",477.47724061479545,607.7576891190848,8.32650909520486,24,1.0,False,,,,,,False
Austria,2024-01-01,New Year holiday / cold season,2023-12-31T08:00:00+01:00,2023-12-31T07:00:00+00:00,2023-12-31T07:00:00+00:00,24,ordinary,enhanced_ordinary_arima_p3_d1_q2,,3,1,2,n,identity,False,,completed,,success,converged,True,True,True,True,True,176,6,-1133.7259745887395,2279.451949177479,2279.948990597597,2298.4406650210203,1.224746072108996,3.9924943553173375,"[""DeprecationWarning: Setting the shape on a NumPy array has been deprecated in NumPy 2.5.\nAs an alternative, you can create a new view using np.reshape (with copy=False if needed).""]",[],0,152,True,joint Ljung-Box and residual ACF rule,"{""1"": 0.028709358144953158, ""2"": -0.00430343859153183, ""3"": -0.0003559011378740827, ""4"": -0.030081709931753214, ""5"": -0.027305796727303856, ""6"": -0.07281778659786894, ""7"": -0.026655964124301844, ""8"": -0.09901085439586507, ""9"": 0.06506425643337801, ""10"": -0.06625454135808856, ""11"": -0.09981795774002442, ""12"": -0.23590024125176284, ""13"": -0.15651746206814363, ""14"": -0.05079085210836564, ""15"": 0.10049451288297934, ""16"": -0.11672539643086138, ""17"": -0.02808624314126408, ""18"": -0.08626337477508987, ""19"": -0.008807480703297595, ""20"": -0.05467646943376761, ""21"": -0.01264102055483411, ""22"": 0.05910619458323317, ""23"": 0.0818146203231797, ""24"": 0.7154508691992515, ""25"": 0.057156252831163976, ""26"": 0.02580562496033905, ""27"": -0.0036223950134949036, ""28"": -0.0039194000201667545, ""29"": -0.014643473427596636, ""30"": -0.07125579179041887, ""31"": -0.04386155121169083, ""32"": -0.07158955855380486, ""33"": 0.06729106715634481, ""34"": -0.03701900733179447, ""35"": -0.10229248311969982, ""36"": -0.1986996999314961, ""37"": -0.1595077827828802, ""38"": -0.011022174896321334, ""39"": 0.07505360605915867, ""40"": -0.09518241609885772, ""41"": -0.04917712019133562, ""42"": -0.09183285633156786, ""43"": -0.004876572052652828, ""44"": -0.04326492314823134, ""45"": 0.013941637149871377, ""46"": 0.06880707749658653, ""47"": 0.05884089277696637, ""48"": 0.5510807545245484}","[12, 24, 48]","{""24"": 121.42071311857126, ""48"": 216.95496231838268}","{""24"": 6.013924357319946e-17, ""48"": 4.555025406804089e-25}",485.3724751219841,616.1006289650484,8.48607308350265,24,1.0,False,,,,,,False
Austria,2024-01-01,New Year holiday / cold season,2023-12-31T08:00:00+01:00,2023-12-31T07:00:00+00:00,2023-12-31T07:00:00+00:00,24,ordinary,enhanced_ordinary_arima_p3_d1_q3,,3,1,3,n,identity,False,,completed,,success,converged,True,True,True,True,True,176,7,-1126.1067982847514,2266.213596569503,2266.8802632361694,2288.3670983869674,1.2217898303304753,1.0252824687023805,"[""DeprecationWarning: Setting the shape on a NumPy array has been deprecated in NumPy 2.5.\nAs an alternative, you can create a new view using np.reshape (with copy=False if needed).""]",[],0,152,True,joint Ljung-Box and residual ACF rule,"{""1"": 0.02271339094864723, ""2"": -0.011542311697698246, ""3"": -0.00690508495139273, ""4"": -0.028790471681960198, ""5"": -0.08328935734789501, ""6"": -0.0693087133178867, ""7"": 0.029990731493675572, ""8"": -0.04263137126752169, ""9"": 0.10631443293775747, ""10"": -0.029459901282232047, ""11"": -0.05684734342189624, ""12"": -0.20896161755107437, ""13"": -0.12006963680432031, ""14"": -0.024765045678192717, ""15"": 0.14139343530227327, ""16"": -0.07218827189141742, ""17"": 0.01888576759800578, ""18"": -0.07028435389284299, ""19"": -0.044962197183904776, ""20"": -0.059365968149303915, ""21"": -0.023753653776723047, ""22"": 0.04780156486266178, ""23"": 0.06552147164881733, ""24"": 0.6998668847662538, ""25"": 0.044548120837089256, ""26"": 0.010740697125589668, ""27"": -0.023809090284647123, ""28"": -0.02106522995208284, ""29"": -0.06450084001698747, ""30"": -0.07556000692334118, ""31"": -0.011192638911610963, ""32"": -0.03611989152554252, ""33"": 0.08572026205790821, ""34"": -0.022884437361493613, ""35"": -0.07733572486131232, ""36"": -0.18193487951175258, ""37"": -0.14117077186734278, ""38"": -0.004820628260466347, ""39"": 0.09211785074700161, ""40"": -0.07310438835786645, ""41"": -0.024003737287058926, ""42"": -0.08901629003173092, ""43"": -0.04817309644940344, ""44"": -0.060579091171258995, ""45"": -0.011954512899821485, ""46"": 0.04714910702381334, ""47"": 0.03563829226994081, ""48"": 0.5256175034562347}","[12, 24, 48]","{""24"": 112.00148445673318, ""48"": 197.19552551417337}","{""24"": 1.3326764431780142e-15, ""48"": 5.859329215682557e-22}",501.813754900381,637.2612313703645,8.814194353080191,24,1.0,False,,,,,,False
Austria,2024-01-01,New Year holiday / cold season,2023-12-31T08:00:00+01:00,2023-12-31T07:00:00+00:00,2023-12-31T07:00:00+00:00,24,ordinary,enhanced_ordinary_arima_p4_d1_q1,,4,1,1,n,identity,False,,completed,,success,converged,True,True,True,True,True,176,6,-1133.7779681951697,2279.5559363903394,2280.052977810458,2298.5446522338807,1.21417669941459,10.558226073632898,"[""DeprecationWarning: Setting the shape on a NumPy array has been deprecated in NumPy 2.5.\nAs an alternative, you can create a new view using np.reshape (with copy=False if needed).""]",[],0,152,True,joint Ljung-Box and residual ACF rule,"{""1"": 0.0298816729764901, ""2"": 0.0045048788685523155, ""3"": -0.002552389095313998, ""4"": -0.041353203111573214, ""5"": -0.02335396724863837, ""6"": -0.07070159722774623, ""7"": -0.020370477227677243, ""8"": -0.09442140260837353, ""9"": 0.06583804635589043, ""10"": -0.07027474267830032, ""11"": -0.10780455703032872, ""12"": -0.24122586780015898, ""13"": -0.16336646115093217, ""14"": -0.054821039378380065, ""15"": 0.10020678336218788, ""16"": -0.11160890102960845, ""17"": -0.02033884955258171, ""18"": -0.08535957704875081, ""19"": -0.006471218784776373, ""20"": -0.06270337272583798, ""21"": -0.013591962403842662, ""22"": 0.06520459049782122, ""23"": 0.08247795926416182, ""24"": 0.7167753382183651, ""25"": 0.057908462042539945, ""26"": 0.03192575899110269, ""27"": -0.004732913713096203, ""28"": -0.011324361078660937, ""29"": -0.01226353196518696, ""30"": -0.06984656447380137, ""31"": -0.03845282426019461, ""32"": -0.06800734030052485, ""33"": 0.06751516841892975, ""34"": -0.04023000254870382, ""35"": -0.1090130983443783, ""36"": -0.20345018703504658, ""37"": -0.1647589331758582, ""38"": -0.01390852546785612, ""39"": 0.07464435275741586, ""40"": -0.09077538519238311, ""41"": -0.04294679545599148, ""42"": -0.09188031301086184, ""43"": -0.002594031706693825, ""44"": -0.04974359449685535, ""45"": 0.013477021383940734, ""46"": 0.07369982387161501, ""47"": 0.05905433913895099, ""48"": 0.5520316883806689}","[12, 24, 48]","{""24"": 122.90108456695897, ""48"": 219.60878787275936}","{""24"": 3.1740856679278955e-17, ""48"": 1.5462288218467252e-25}",480.1792979910845,610.5171313021243,8.381153155246048,24,1.0,False,,,,,,False
Austria,2024-01-01,New Year holiday / cold season,2023-12-31T08:00:00+01:00,2023-12-31T07:00:00+00:00,2023-12-31T07:00:00+00:00,24,ordinary,enhanced_ordinary_arima_p4_d1_q2,,4,1,2,n,identity,False,,completed,,success,converged,True,True,True,True,True,176,7,-1131.9370614965342,2277.8741229930683,2278.540789659735,2300.027624810533,1.1724548171609284,1.224076636801442,"[""DeprecationWarning: Setting the shape on a NumPy array has been deprecated in NumPy 2.5.\nAs an alternative, you can create a new view using np.reshape (with copy=False if needed)."", ""UserWarning: Non-stationary starting autoregressive parameters found. Using zeros as starting parameters."", ""UserWarning: Non-invertible starting MA parameters found. Using zeros as starting parameters.""]",[],0,152,True,joint Ljung-Box and residual ACF rule,"{""1"": 0.015902966836634867, ""2"": -0.019470891639458296, ""3"": 0.040030077006180415, ""4"": -0.04017502485860951, ""5"": -0.06962491437765381, ""6"": -0.028020559886007344, ""7"": -0.07931657030756045, ""8"": -0.046839876257793914, ""9"": 0.020633763378127327, ""10"": -0.025721048462347202, ""11"": -0.12706562145005137, ""12"": -0.17932723613917426, ""13"": -0.18990209023671267, ""14"": -0.001715463729856829, ""15"": 0.051677702696660714, ""16"": -0.07194926260649041, ""17"": -0.07476385735129425, ""18"": -0.04916389317498487, ""19"": -0.042389217997824434, ""20"": -0.062248930705726686, ""21"": 0.01802594008599141, ""22"": 0.04808340578515412, ""23"": 0.07446687334052682, ""24"": 0.7064391104313147, ""25"": 0.05830387012397938, ""26"": 0.009615814321307044, ""27"": 0.024762287117234733, ""28"": -0.01517663113862182, ""29"": -0.041287981156839536, ""30"": -0.0442521572862784, ""31"": -0.07422932546894564, ""32"": -0.03908645610094462, ""33"": 0.039502135095802735, ""34"": -0.013839503389184259, ""35"": -0.1169411922490735, ""36"": -0.1553503165875546, ""37"": -0.17968196065294992, ""38"": 0.02288717033272057, ""39"": 0.03524754151711131, ""40"": -0.05956833353279147, ""41"": -0.0851306637080461, ""42"": -0.05992672554210523, ""43"": -0.033260360347827304, ""44"": -0.04820565804614443, ""45"": 0.03560062190794897, ""46"": 0.060161538705654785, ""47"": 0.05308495495954884, ""48"": 0.547304577099171}","[24, 48]","{""24"": 113.67268474425826, ""48"": 204.32653290185232}","{""24"": 6.490401584020555e-16, ""48"": 3.34346831368318e-23}",477.59572069516463,608.6348757645338,8.329052136426764,24,1.0,False,,,,,,False
Austria,2024-01-08,Monday / cold season,2024-01-07T08:00:00+01:00,2024-01-07T07:00:00+00:00,2024-01-07T07:00:00+00:00,24,ordinary,enhanced_ordinary_arima_p1_d1_q1,,1,1,1,n,identity,False,,completed,,success,converged,True,True,True,True,True,344,3,-2267.5056837573766,4541.011367514753,4541.081955750047,4552.524558856251,1.4093614363406155,4.777143406914398,"[""DeprecationWarning: Setting the shape on a NumPy array has been deprecated in NumPy 2.5.\nAs an alternative, you can create a new view using np.reshape (with copy=False if needed).""]",[],0,320,True,joint Ljung-Box and residual ACF rule,"{""1"": 0.07898304330823483, ""2"": 0.2538828446793638, ""3"": -0.18055807902952792, ""4"": -0.17090604910859167, ""5"": -0.16247265516751735, ""6"": -0.17679875513583135, ""7"": -0.036342671678064244, ""8"": -0.06254982958617857, ""9"": 0.13834353098290866, ""10"": -0.08450536480920919, ""11"": 0.03295162193887967, ""12"": -0.187351436050554, ""13"": 0.00982122937767151, ""14"": -0.0965997845302617, ""15"": 0.13551431239107786, ""16"": -0.08232916762512951, ""17"": -0.02448810408628958, ""18"": -0.17061403852841653, ""19"": -0.13638211069751296, ""20"": -0.1559987621099628, ""21"": -0.1562001961755768, ""22"": 0.23220346228597535, ""23"": 0.07964927399356571, ""24"": 0.8321799471888165, ""25"": 0.08807543227463502, ""26"": 0.24068195299788736, ""27"": -0.14488592416015458, ""28"": -0.14555024816554601, ""29"": -0.14301896870948141, ""30"": -0.16558534576057943, ""31"": -0.048584262545416826, ""32"": -0.05262976222744841, ""33"": 0.13006075360294111, ""34"": -0.07355885632871753, ""35"": 0.020489714847420265, ""36"": -0.17200775954661737, ""37"": -0.0003495021608628785, ""38"": -0.07040549838041286, ""39"": 0.11428088135448526, ""40"": -0.07170646953311606, ""41"": -0.01403577635108508, ""42"": -0.1606848173468509, ""43"": -0.12755491833984844, ""44"": -0.1384830675420318, ""45"": -0.14218307876568662, ""46"": 0.22460527479206366, ""47"": 0.05652775923184299, ""48"": 0.7469373568713441}","[2, 3, 4, 5, 6, 12, 18, 20, 21, 22, 24, 26, 27, 28, 30, 36, 42, 46, 48]","{""24"": 391.3236130843569, ""48"": 737.3703480134111}","{""24"": 2.529959545726363e-69, ""48"": 2.110391341165751e-125}",1721.1508043539918,1908.4646002620943,19.068998328696253,24,1.0,False,,,,,,False
Austria,2024-01-08,Monday / cold season,2024-01-07T08:00:00+01:00,2024-01-07T07:00:00+00:00,2024-01-07T07:00:00+00:00,24,ordinary,enhanced_ordinary_arima_p1_d1_q2,,1,1,2,n,identity,False,,completed,,success,converged,True,True,True,True,True,344,4,-2240.927148259112,4489.854296518224,4489.972290618519,4505.205218306888,1.85669576626775,1.4575820924727776,"[""DeprecationWarning: Setting the shape on a NumPy array has been deprecated in NumPy 2.5.\nAs an alternative, you can create a new view using np.reshape (with copy=False if needed).""]",[],0,320,True,joint Ljung-Box and residual ACF rule,"{""1"": 0.05312398250423507, ""2"": -0.002837860133866068, ""3"": 0.017768071628698028, ""4"": -0.11375857814175344, ""5"": -0.13559578976493017, ""6"": -0.10336073269397453, ""7"": -0.06740333474892962, ""8"": -0.05550112286278742, ""9"": 0.10016473436477726, ""10"": -0.07142592058836057, ""11"": -0.019750578449584555, ""12"": -0.12987545239066955, ""13"": -0.05685416647465291, ""14"": -0.07110606268308618, ""15"": 0.11352593699095198, ""16"": -0.0754554351290064, ""17"": -0.07029882539698411, ""18"": -0.09615512690496328, ""19"": -0.10154367832117098, ""20"": -0.11814641759002383, ""21"": 0.0014081804405640676, ""22"": 0.034978483496090625, ""23"": 0.06276867106250295, ""24"": 0.8043574701897781, ""25"": 0.06965385612243752, ""26"": 0.043240857114127305, ""27"": 0.002518240088481878, ""28"": -0.10623464493555768, ""29"": -0.10094035290640022, ""30"": -0.099030150375581, ""31"": -0.0868233161884902, ""32"": -0.04356994272135133, ""33"": 0.10563344872726418, ""34"": -0.06891650738843395, ""35"": -0.02707699958204562, ""36"": -0.1190316491653755, ""37"": -0.05973367979569901, ""38"": -0.0437102229301187, ""39"": 0.09105527716594526, ""40"": -0.07250045612437632, ""41"": -0.044957077740637445, ""42"": -0.09319445259955567, ""43"": -0.10330900990276438, ""44"": -0.10365128878623919, ""45"": 0.003259659448571067, ""46"": 0.04274396090892615, ""47"": 0.04672028362033305, ""48"": 0.7210014412188073}","[24, 48]","{""24"": 277.3065436126065, ""48"": 522.5855382454082}","{""24"": 1.2830103330431359e-46, ""48"": 1.4134278674276674e-82}",1864.364856940888,2101.1206993600144,20.25577401901776,24,1.0,False,,,,,,False
Austria,2024-01-08,Monday / cold season,2024-01-07T08:00:00+01:00,2024-01-07T07:00:00+00:00,2024-01-07T07:00:00+00:00,24,ordinary,enhanced_ordinary_arima_p1_d1_q3,,1,1,3,n,identity,False,,completed,,success,converged,True,True,True,True,True,344,5,-2238.854088119328,4487.708176238655,4487.885691031554,4506.896828474485,2.553836267718084,1.3866689423549623,"[""DeprecationWarning: Setting the shape on a NumPy array has been deprecated in NumPy 2.5.\nAs an alternative, you can create a new view using np.reshape (with copy=False if needed).""]",[],0,320,True,joint Ljung-Box and residual ACF rule,"{""1"": 0.022392636453245622, ""2"": 0.010109146388029485, ""3"": -0.00534016578966345, ""4"": -0.03944481625595329, ""5"": -0.11774764590323636, ""6"": -0.13515952211957702, ""7"": -0.050518113234795, ""8"": -0.06105371758660972, ""9"": 0.08339149369476465, ""10"": -0.09147603390784853, ""11"": -0.0034740178158771643, ""12"": -0.1466578155599721, ""13"": -0.04499978385741761, ""14"": -0.08929394091544501, ""15"": 0.10606076909140927, ""16"": -0.0857516341231673, ""17"": -0.05956118107949251, ""18"": -0.11969786143028888, ""19"": -0.08311274623412213, ""20"": -0.059910565260867125, ""21"": -0.017673917861908375, ""22"": 0.05093054838253907, ""23"": 0.03607870448610586, ""24"": 0.800870835442962, ""25"": 0.043309218672946, ""26"": 0.05615450986303816, ""27"": -0.017152793011513904, ""28"": -0.048250601726565374, ""29"": -0.08338942599584818, ""30"": -0.1201056197593591, ""31"": -0.0746385312214683, ""32"": -0.052204158895070525, ""33"": 0.09349540584853444, ""34"": -0.0844660262257593, ""35"": -0.017017711053149098, ""36"": -0.13383469088425287, ""37"": -0.044890157828969185, ""38"": -0.06075013770253901, ""39"": 0.081313897999282, ""40"": -0.08048899847636684, ""41"": -0.03496997509331773, ""42"": -0.11344429617672425, ""43"": -0.08769464987106323, ""44"": -0.05212556601999117, ""45"": -0.013996639600016578, ""46"": 0.05776893045316154, ""47"": 0.021905789717195433, ""48"": 0.7205351403166539}","[12, 24, 48]","{""24"": 269.678060799738, ""48"": 509.39589990784935}","{""24"": 1.1980868443489578e-45, ""48"": 1.743738795528627e-80}",1932.5812453383176,2196.673200128396,20.833550817687748,24,1.0,False,,,,,,False
Austria,2024-01-08,Monday / cold season,2024-01-07T08:00:00+01:00,2024-01-07T07:00:00+00:00,2024-01-07T07:00:00+00:00,24,ordinary,enhanced_ordinary_arima_p2_d1_q1,,2,1,1,n,identity,False,,completed,,success,converged,True,True,True,True,True,344,4,-2234.120939378145,4476.24187875629,4476.359872856585,4491.592800544954,1.0968237627925927,1.0373663735341816,"[""DeprecationWarning: Setting the shape on a NumPy array has been deprecated in NumPy 2.5.\nAs an alternative, you can create a new view using np.reshape (with copy=False if needed)."", ""UserWarning: Non-stationary starting autoregressive parameters found. Using zeros as starting parameters."", ""UserWarning: Non-invertible starting MA parameters found. Using zeros as starting parameters.""]",[],0,320,True,joint Ljung-Box and residual ACF rule,"{""1"": 0.09130153746491122, ""2"": 0.16348453034951843, ""3"": -0.18865776912263194, ""4"": -0.14761916670940214, ""5"": -0.07817357361682561, ""6"": -0.07203198810479437, ""7"": 0.04866167846865536, ""8"": 0.029512218076823422, ""9"": 0.1871359278522215, ""10"": -0.05428007212183803, ""11"": -0.0023226864096025602, ""12"": -0.21751077998745838, ""13"": -0.03369987555168932, ""14"": -0.07676785473390423, ""15"": 0.17686439813858096, ""16"": -0.004298699358649672, ""17"": 0.04288246635342359, ""18"": -0.0861287499940076, ""19"": -0.07505081074439564, ""20"": -0.15415905318457093, ""21"": -0.18413388904898934, ""22"": 0.13524227731754826, ""23"": 0.06715588532925117, ""24"": 0.8013685174723398, ""25"": 0.07232219374669416, ""26"": 0.14297191453372476, ""27"": -0.1754690107221949, ""28"": -0.15024065633494302, ""29"": -0.09557155887575115, ""30"": -0.10135894569883638, ""31"": -0.0007183995246791045, ""32"": 0.007520420279161757, ""33"": 0.15684441660770262, ""34"": -0.06625770985338982, ""35"": -0.03246303339806389, ""36"": -0.2208461390140297, ""37"": -0.05955884045638893, ""38"": -0.06912638208857212, ""39"": 0.13320945818514807, ""40"": -0.01884045521396411, ""41"": 0.03337459531340358, ""42"": -0.09820654527767918, ""43"": -0.08571974488866936, ""44"": -0.14733909414939228, ""45"": -0.17581872900108853, ""46"": 0.12810515788408378, ""47"": 0.033274908091675166, ""48"": 0.7008108738525591}","[2, 3, 4, 9, 12, 15, 20, 21, 24, 27, 28, 33, 36, 44, 45, 48]","{""24"": 332.52002683696816, ""48"": 624.4241830680209}","{""24"": 7.290009462027796e-58, ""48"": 4.925717415645956e-103}",2082.843267062566,2421.153049208713,22.06090610454193,24,1.0,False,,,,,,False
Austria,2024-01-08,Monday / cold season,2024-01-07T08:00:00+01:00,2024-01-07T07:00:00+00:00,2024-01-07T07:00:00+00:00,24,ordinary,enhanced_ordinary_arima_p2_d1_q2,,2,1,2,n,identity,False,,completed,,success,converged,True,True,True,True,True,344,5,-2237.3161212141854,4484.632242428371,4484.80975722127,4503.820894664201,1.708400657619598,1.5404323411738516,"[""DeprecationWarning: Setting the shape on a NumPy array has been deprecated in NumPy 2.5.\nAs an alternative, you can create a new view using np.reshape (with copy=False if needed).""]",[],0,320,True,joint Ljung-Box and residual ACF rule,"{""1"": -0.0009174454512652413, ""2"": 0.0167367091051595, ""3"": -0.02477247875494767, ""4"": 0.003580297013550433, ""5"": -0.040522013033545176, ""6"": -0.13355129161490392, ""7"": -0.08039395909788763, ""8"": -0.07693057541460785, ""9"": 0.08379400578827585, ""10"": -0.1081260746722096, ""11"": -0.015876185958473336, ""12"": -0.16711257488625775, ""13"": -0.05217875279154373, ""14"": -0.10461618093172269, ""15"": 0.10488940177664907, ""16"": -0.09937246056241697, ""17"": -0.08167029625969502, ""18"": -0.12288652272261338, ""19"": -0.020174431263635096, ""20"": -0.01904146985412914, ""21"": -0.03042686305419848, ""22"": 0.053173896987664955, ""23"": 0.016109630346145248, ""24"": 0.8046953516956987, ""25"": 0.0201122715899481, ""26"": 0.05675122056143351, ""27"": -0.029351236435267315, ""28"": -0.009168301677857354, ""29"": -0.02207692048003764, ""30"": -0.11770419246258287, ""31"": -0.09613629049882469, ""32"": -0.06782420056952795, ""33"": 0.09157738898833354, ""34"": -0.09684447633737724, ""35"": -0.028258561580614277, ""36"": -0.15373098486009523, ""37"": -0.05102001547845159, ""38"": -0.07298127462227687, ""39"": 0.07911760281480237, ""40"": -0.0931648713059126, ""41"": -0.05443089167003582, ""42"": -0.11515413717821786, ""43"": -0.030437704691353637, ""44"": -0.018791981445627385, ""45"": -0.02679957396427461, ""46"": 0.06457458223036844, ""47"": 0.004476321506521134, ""48"": 0.721661344721443}","[12, 24, 36, 48]","{""24"": 272.5524360254306, ""48"": 513.447717665449}","{""24"": 3.1292745381596633e-46, ""48"": 2.713887118208519e-81}",2012.5119362812693,2299.898670912148,21.56087254917224,24,1.0,False,,,,,,False
Austria,2024-01-08,Monday / cold season,2024-01-07T08:00:00+01:00,2024-01-07T07:00:00+00:00,2024-01-07T07:00:00+00:00,24,ordinary,enhanced_ordinary_arima_p2_d1_q3,,2,1,3,n,identity,False,,completed,,success,converged,True,True,True,True,True,344,6,-2217.3019469306555,4446.603893861311,4446.853152021548,4469.630276544307,1.2150971138127535,1.0214580859953786,"[""DeprecationWarning: Setting the shape on a NumPy array has been deprecated in NumPy 2.5.\nAs an alternative, you can create a new view using np.reshape (with copy=False if needed).""]",[],0,320,True,joint Ljung-Box and residual ACF rule,"{""1"": 0.006442880302736928, ""2"": -0.01564099493434323, ""3"": -0.0066572935188003585, ""4"": -0.02688444136733842, ""5"": -0.02372433028758724, ""6"": -0.050892796817932476, ""7"": -0.018219037089467992, ""8"": -0.022449636823992716, ""9"": 0.11848745863950555, ""10"": -0.08165248008173119, ""11"": -0.029868171875384975, ""12"": -0.1717349252652449, ""13"": -0.07027859419743603, ""14"": -0.08563177666170804, ""15"": 0.13243293568354028, ""16"": -0.05196098961261247, ""17"": -0.030395734071883306, ""18"": -0.056381732204560074, ""19"": -0.012373925900486412, ""20"": -0.054799932415185854, ""21"": -0.028906763790419312, ""22"": 0.011780646212189426, ""23"": 0.009658991613508536, ""24"": 0.7870945783816248, ""25"": 0.012260200200891922, ""26"": 0.01581692082556816, ""27"": -0.03016032994265712, ""28"": -0.04803062560999011, ""29"": -0.02255080911822143, ""30"": -0.06655658679904505, ""31"": -0.05872135610564136, ""32"": -0.030832972958234353, ""33"": 0.10982519134237458, ""34"": -0.08920654163661423, ""35"": -0.053641269417225516, ""36"": -0.1717255075148385, ""37"": -0.08398602298175775, ""38"": -0.06857665462223463, ""39"": 0.0923592959398511, ""40"": -0.06341830294428158, ""41"": -0.019883962988268385, ""42"": -0.06767316272781021, ""43"": -0.033438165185979904, ""44"": -0.05820483167527228, ""45"": -0.0340306568892451, ""46"": 0.01668540308933795, ""47"": -0.011486298761029851, ""48"": 0.6932059908369348}","[12, 24, 36, 48]","{""24"": 248.1616264783668, ""48"": 466.7413598481498}","{""24"": 7.291409519433167e-42, ""48"": 1.54325264347257e-72}",2088.05421279216,2404.880051786612,22.2249650337532,24,1.0,False,,,,,,False
Austria,2024-01-08,Monday / cold season,2024-01-07T08:00:00+01:00,2024-01-07T07:00:00+00:00,2024-01-07T07:00:00+00:00,24,ordinary,enhanced_ordinary_arima_p3_d1_q1,,3,1,1,n,identity,False,,completed,,success,converged,True,True,True,True,True,344,5,-2235.042713003809,4480.085426007618,4480.262940800517,4499.274078243448,1.2317659865110573,8.110451268088841,"[""DeprecationWarning: Setting the shape on a NumPy array has been deprecated in NumPy 2.5.\nAs an alternative, you can create a new view using np.reshape (with copy=False if needed).""]",[],0,320,True,joint Ljung-Box and residual ACF rule,"{""1"": 0.018839929484911366, ""2"": 0.019455333910446546, ""3"": -0.030695951116875324, ""4"": -0.050942117326162134, ""5"": 0.04492214442701792, ""6"": -0.05680607341896598, ""7"": -0.0608957924837621, ""8"": -0.07281148012120604, ""9"": 0.06634810354340791, ""10"": -0.12439506861383003, ""11"": -0.09065475508675858, ""12"": -0.23430734733029218, ""13"": -0.12065037901191535, ""14"": -0.11952662247078615, ""15"": 0.08349404914290627, ""16"": -0.08841798844851241, ""17"": -0.0567122857284407, ""18"": -0.06317823579426146, ""19"": 0.04686669391340973, ""20"": -0.0570185130740297, ""21"": -0.03127166607165621, ""22"": 0.04924547875383534, ""23"": 0.03253506421096495, ""24"": 0.8096403373107643, ""25"": 0.03281250431220439, ""26"": 0.053439091537756105, ""27"": -0.0291957147259964, ""28"": -0.046980451804931586, ""29"": 0.042109291705367875, ""30"": -0.06056675270628153, ""31"": -0.07614201674431884, ""32"": -0.0597151008669637, ""33"": 0.07783260621113797, ""34"": -0.11040472048326064, ""35"": -0.09301171839353253, ""36"": -0.2160881142074114, ""37"": -0.11803723552909966, ""38"": -0.08510859193270842, ""39"": 0.06425337332368372, ""40"": -0.08239109586454377, ""41"": -0.032916760791752306, ""42"": -0.06579509850785195, ""43"": 0.032057265444078775, ""44"": -0.052057189201076694, ""45"": -0.0253188405452309, ""46"": 0.06451726626395309, ""47"": 0.01867233602005645, ""48"": 0.721267907350013}","[12, 24, 36, 48]","{""24"": 282.54863495992294, ""48"": 531.0557312638466}","{""24"": 2.9141860762501564e-48, ""48"": 8.247304523863157e-85}",2177.46039373507,2522.7431066578174,23.06261321038481,24,1.0,False,,,,,,False
Austria,2024-01-08,Monday / cold season,2024-01-07T08:00:00+01:00,2024-01-07T07:00:00+00:00,2024-01-07T07:00:00+00:00,24,ordinary,enhanced_ordinary_arima_p3_d1_q2,,3,1,2,n,identity,False,,completed,,success,converged,True,True,True,True,True,344,6,-2234.504044276065,4481.008088552131,4481.257346712368,4504.034471235127,1.2899163845987134,2.6105776233922087,"[""DeprecationWarning: Setting the shape on a NumPy array has been deprecated in NumPy 2.5.\nAs an alternative, you can create a new view using np.reshape (with copy=False if needed).""]",[],0,320,True,joint Ljung-Box and residual ACF rule,"{""1"": 0.012433289438833602, ""2"": -0.004563546098551757, ""3"": -0.012382475576490736, ""4"": -0.024013655930036112, ""5"": 0.02955779230754425, ""6"": -0.06888711454832899, ""7"": -0.08287588317086578, ""8"": -0.08308986747829354, ""9"": 0.06782991192207917, ""10"": -0.11622961239446533, ""11"": -0.07049220216733616, ""12"": -0.20888273821507197, ""13"": -0.10281021018296854, ""14"": -0.11056697807492467, ""15"": 0.08705776572022376, ""16"": -0.0992719940682888, ""17"": -0.07972433946959218, ""18"": -0.07195396638653459, ""19"": 0.035923526454750526, ""20"": -0.03648541300426888, ""21"": -0.017130957001945394, ""22"": 0.03197291691189398, ""23"": 0.028123255431887317, ""24"": 0.8063128721823573, ""25"": 0.028578336148987728, ""26"": 0.03570017226797359, ""27"": -0.01628160842036788, ""28"": -0.026559974008455823, ""29"": 0.032918849769836035, ""30"": -0.06863621853705629, ""31"": -0.09640918572552844, ""32"": -0.06946342669333944, ""33"": 0.07914255722360601, ""34"": -0.10421528278510964, ""35"": -0.07557849743586062, ""36"": -0.19266823625357285, ""37"": -0.10051167794891412, ""38"": -0.07703003917104388, ""39"": 0.06613617528232273, ""40"": -0.09302385574651081, ""41"": -0.05263342115847143, ""42"": -0.0721609371421498, ""43"": 0.020524805654486805, ""44"": -0.03407364853509985, ""45"": -0.013043797205813005, ""46"": 0.04808967733723618, ""47"": 0.015753493684367258, ""48"": 0.7190485354229532}","[12, 24, 36, 48]","{""24"": 274.3873941759539, ""48"": 515.322988518936}","{""24"": 3.4341511522614025e-47, ""48"": 3.286617144734535e-82}",2138.5259241582303,2469.638232969904,22.70545344636055,24,1.0,False,,,,,,False
Austria,2024-01-08,Monday / cold season,2024-01-07T08:00:00+01:00,2024-01-07T07:00:00+00:00,2024-01-07T07:00:00+00:00,24,ordinary,enhanced_ordinary_arima_p3_d1_q3,,3,1,3,n,identity,False,,completed,,success,converged,True,True,True,True,True,344,7,-2217.2771767683475,4448.554353536695,4448.887686870028,4475.418466666857,1.2061851159948866,1.021924850119974,"[""DeprecationWarning: Setting the shape on a NumPy array has been deprecated in NumPy 2.5.\nAs an alternative, you can create a new view using np.reshape (with copy=False if needed).""]",[],0,320,True,joint Ljung-Box and residual ACF rule,"{""1"": 0.009686487460322033, ""2"": -0.017002319056362677, ""3"": -0.004108299902066181, ""4"": -0.03507021324429481, ""5"": -0.027199677642718672, ""6"": -0.046918893781445085, ""7"": -0.017107410356578326, ""8"": -0.019871107121344583, ""9"": 0.12062917112661978, ""10"": -0.07919299319747033, ""11"": -0.030970684874621783, ""12"": -0.16996763344094845, ""13"": -0.07134717359175174, ""14"": -0.08349406064281685, ""15"": 0.13367993135349135, ""16"": -0.049334666019530383, ""17"": -0.029261033761417046, ""18"": -0.0531971634208689, ""19"": -0.015703586264182664, ""20"": -0.06175127668679708, ""21"": -0.027198656951847852, ""22"": 0.009957876105290146, ""23"": 0.012095708200686204, ""24"": 0.7868762965768611, ""25"": 0.014781526630669775, ""26"": 0.01430324901527674, ""27"": -0.02848837792689444, ""28"": -0.05498336377495686, ""29"": -0.025963101649436163, ""30"": -0.06409128733239798, ""31"": -0.0580433875812051, ""32"": -0.02855513282164936, ""33"": 0.11128907185759622, ""34"": -0.0875586263983329, ""35"": -0.05456314565050612, ""36"": -0.17040546573327603, ""37"": -0.08558562377140436, ""38"": -0.06692402074542583, ""39"": 0.09351508680417958, ""40"": -0.06135621574839921, ""41"": -0.019115402183789654, ""42"": -0.06517222614756853, ""43"": -0.03651460270976692, ""44"": -0.06436222303360759, ""45"": -0.03257165480866203, ""46"": 0.014674178456193144, ""47"": -0.009425925633198839, ""48"": 0.6926666443075832}","[12, 24, 36, 48]","{""24"": 248.06051448468745, ""48"": 466.4864369688832}","{""24"": 2.0218425979788862e-42, ""48"": 5.158909601083036e-73}",2087.294997909518,2404.399756726497,22.21516562820924,24,1.0,False,,,,,,False
Austria,2024-01-08,Monday / cold season,2024-01-07T08:00:00+01:00,2024-01-07T07:00:00+00:00,2024-01-07T07:00:00+00:00,24,ordinary,enhanced_ordinary_arima_p4_d1_q1,,4,1,1,n,identity,False,,completed,,success,converged,True,True,True,True,True,344,6,-2234.9293899909253,4481.858779981851,4482.108038142088,4504.885162664847,1.2454201673263547,12.764491072104066,"[""DeprecationWarning: Setting the shape on a NumPy array has been deprecated in NumPy 2.5.\nAs an alternative, you can create a new view using np.reshape (with copy=False if needed).""]",[],0,320,True,joint Ljung-Box and residual ACF rule,"{""1"": 0.015395498892994543, ""2"": 0.014318472853957556, ""3"": -0.02485271776360388, ""4"": -0.04643194725447063, ""5"": 0.04387381151169892, ""6"": -0.060005984076081584, ""7"": -0.06734545320201196, ""8"": -0.07626123965833269, ""9"": 0.06586033833441468, ""10"": -0.12169481475350534, ""11"": -0.08520251352285126, ""12"": -0.22672423079823878, ""13"": -0.11564853378165549, ""14"": -0.11646647332998011, ""15"": 0.08350206772495872, ""16"": -0.09183686407715277, ""17"": -0.06308387351211155, ""18"": -0.06582208158157504, ""19"": 0.04632259318861501, ""20"": -0.05353914316740257, ""21"": -0.02653366699038977, ""22"": 0.04554515597495502, ""23"": 0.02985227686751168, ""24"": 0.8090300355812275, ""25"": 0.03011051427711109, ""26"": 0.04957279738095591, ""27"": -0.024824700452319645, ""28"": -0.04345772578174693, ""29"": 0.04199527423608332, ""30"": -0.0628116677677601, ""31"": -0.08185598316686744, ""32"": -0.06287869686174888, ""33"": 0.07735934522221292, ""34"": -0.10828299426425066, ""35"": -0.08824485305511075, ""36"": -0.2091304548266191, ""37"": -0.11330305981923573, ""38"": -0.08229582959935203, ""39"": 0.06397274324491548, ""40"": -0.08567301580110692, ""41"": -0.0383570272235415, ""42"": -0.06802533700122436, ""43"": 0.03129422377904012, ""44"": -0.04912951748671671, ""45"": -0.02121749179235096, ""46"": 0.0610830674749591, ""47"": 0.016453407273448663, ""48"": 0.7208870030878506}","[12, 24, 36, 48]","{""24"": 280.1866923235987, ""48"": 526.5486698814417}","{""24"": 2.254978739239501e-48, ""48"": 1.862904061925017e-84}",2165.366271544377,2506.365606727065,22.95073034558106,24,1.0,False,,,,,,False
Austria,2024-01-08,Monday / cold season,2024-01-07T08:00:00+01:00,2024-01-07T07:00:00+00:00,2024-01-07T07:00:00+00:00,24,ordinary,enhanced_ordinary_arima_p4_d1_q2,,4,1,2,n,identity,False,,completed,,success,converged,True,True,True,True,True,344,7,-2230.101776640976,4474.203553281952,4474.536886615285,4501.067666412114,1.146916765516921,1.2196564092371964,"[""DeprecationWarning: Setting the shape on a NumPy array has been deprecated in NumPy 2.5.\nAs an alternative, you can create a new view using np.reshape (with copy=False if needed)."", ""UserWarning: Non-stationary starting autoregressive parameters found. Using zeros as starting parameters."", ""UserWarning: Non-invertible starting MA parameters found. Using zeros as starting parameters.""]",[],0,320,True,joint Ljung-Box and residual ACF rule,"{""1"": 0.004061444307697697, ""2"": -0.001975310189432311, ""3"": 0.019989858318221893, ""4"": -0.06186478979646015, ""5"": 0.007947452699226662, ""6"": -0.015570547759014092, ""7"": -0.13189872969540253, ""8"": -0.011612361674474485, ""9"": 0.008002227414238096, ""10"": -0.06578773036103408, ""11"": -0.1297819962752057, ""12"": -0.15571040230075742, ""13"": -0.16182127749950478, ""14"": -0.05890572189335019, ""15"": 0.027229722815283616, ""16"": -0.03493977691107939, ""17"": -0.12008835338407399, ""18"": -0.027626158713171395, ""19"": 0.017765053533814423, ""20"": -0.06858919330502965, ""21"": 0.012951570672960603, ""22"": 0.028093265935188218, ""23"": 0.026574341110579314, ""24"": 0.8006375401768642, ""25"": 0.02859660625513583, ""26"": 0.030838354083065584, ""27"": 0.015400160522757294, ""28"": -0.06170691742396911, ""29"": 0.018780252021203432, ""30"": -0.029991186095468598, ""31"": -0.131593152976251, ""32"": -0.012427325445221684, ""33"": 0.03163752862639465, ""34"": -0.06544038092867022, ""35"": -0.12256227503791067, ""36"": -0.14753120725958047, ""37"": -0.15361705113255714, ""38"": -0.029853939965045203, ""39"": 0.012295218815708346, ""40"": -0.0350491175400003, ""41"": -0.08869973277917997, ""42"": -0.033785679597783495, ""43"": 0.004016620953013577, ""44"": -0.05908208406667948, ""45"": 0.010392387465082819, ""46"": 0.04660019631032052, ""47"": 0.012256351898453678, ""48"": 0.7162343129602927}","[12, 13, 24, 36, 37, 48]","{""24"": 263.67438395698264, ""48"": 496.93455891518823}","{""24"": 1.3353102764754245e-45, ""48"": 4.441927427892334e-79}",2184.9505220070814,2533.545574905935,23.129387491536644,24,1.0,False,,,,,,False
Austria,2024-01-27,Saturday / cold season,2024-01-26T08:00:00+01:00,2024-01-26T07:00:00+00:00,2024-01-26T07:00:00+00:00,24,ordinary,enhanced_ordinary_arima_p1_d1_q1,,1,1,1,n,identity,False,,completed,,success,converged,True,True,True,True,True,800,3,-5417.437582171282,10840.875164342564,10840.905315096334,10854.925247179865,1.42982106006057,3.3476569086452472,"[""DeprecationWarning: Setting the shape on a NumPy array has been deprecated in NumPy 2.5.\nAs an alternative, you can create a new view using np.reshape (with copy=False if needed).""]",[],0,776,True,joint Ljung-Box and residual ACF rule,"{""1"": 0.09424871970031118, ""2"": 0.21796368449737308, ""3"": -0.24371146755800693, ""4"": -0.1277693328847223, ""5"": -0.13880769611513827, ""6"": -0.1755576441070867, ""7"": -0.03943048936793175, ""8"": -0.07268715597859397, ""9"": 0.11111532938561218, ""10"": -0.07895489524002218, ""11"": 0.036473848268868826, ""12"": -0.11528606930761776, ""13"": 0.04081221884211, ""14"": -0.08185458120091696, ""15"": 0.11436979679510574, ""16"": -0.09187900884271735, ""17"": -0.03696592348476716, ""18"": -0.1742545062246172, ""19"": -0.11927911878198603, ""20"": -0.1218916047348857, ""21"": -0.22137257829564858, ""22"": 0.2122049917904124, ""23"": 0.09772296778899513, ""24"": 0.8538040908281869, ""25"": 0.09155150764043435, ""26"": 0.22320592331442807, ""27"": -0.21568600055354148, ""28"": -0.1197083996915041, ""29"": -0.1353121555018574, ""30"": -0.16667709642731876, ""31"": -0.05420700265424041, ""32"": -0.06111970780854055, ""33"": 0.11601499245449172, ""34"": -0.07111306208643318, ""35"": 0.031835096104012375, ""36"": -0.12128598839519404, ""37"": 0.04686624898344466, ""38"": -0.07432052100881015, ""39"": 0.11229980565812206, ""40"": -0.10069859503549075, ""41"": -0.036293738389997325, ""42"": -0.16891641114054706, ""43"": -0.10271708813455857, ""44"": -0.10812647505773414, ""45"": -0.18956726925135423, ""46"": 0.22787260075326807, ""47"": 0.06660484072134124, ""48"": 0.7729896374482544}","[1, 2, 3, 4, 5, 6, 9, 12, 15, 18, 19, 20, 21, 22, 23, 24, 26, 27, 28, 29, 30, 33, 36, 39, 40, 42, 43, 44, 45, 46, 48]","{""24"": 914.2838583113519, ""48"": 1720.4189746631075}","{""24"": 3.281816492438856e-179, ""48"": 0.0}",4235.625041447198,4279.0958752366905,63.47637512749781,24,1.0,False,,,,,,False
Austria,2024-01-27,Saturday / cold season,2024-01-26T08:00:00+01:00,2024-01-26T07:00:00+00:00,2024-01-26T07:00:00+00:00,24,ordinary,enhanced_ordinary_arima_p1_d1_q2,,1,1,2,n,identity,False,,completed,,success,converged,True,True,True,True,True,800,4,-5348.633640350827,10705.267280701652,10705.317595167062,10724.000724484718,2.019280045500896,1.403879400736714,"[""DeprecationWarning: Setting the shape on a NumPy array has been deprecated in NumPy 2.5.\nAs an alternative, you can create a new view using np.reshape (with copy=False if needed).""]",[],0,776,True,joint Ljung-Box and residual ACF rule,"{""1"": 0.03886635743170855, ""2"": -0.0046016228203101155, ""3"": -0.012252662825744458, ""4"": -0.09666858110315256, ""5"": -0.09897876846805784, ""6"": -0.11120359752872624, ""7"": -0.08007957533631874, ""8"": -0.06409636701203864, ""9"": 0.09144448673627374, ""10"": -0.08804240526774122, ""11"": -0.030381084269095093, ""12"": -0.0415380781635603, ""13"": -0.02099599590129198, ""14"": -0.09334200242150702, ""15"": 0.09554701666520758, ""16"": -0.07153388070134145, ""17"": -0.08584941091287407, ""18"": -0.11915198101209104, ""19"": -0.06452053469656656, ""20"": -0.09513066699217565, ""21"": -0.04471136165976469, ""22"": 0.04014500277949317, ""23"": 0.06678432549713216, ""24"": 0.8143711692541779, ""25"": 0.04669392257433436, ""26"": 0.05862625409865815, ""27"": -0.036582958933561345, ""28"": -0.10906657367231798, ""29"": -0.07015791547490653, ""30"": -0.10696007663573437, ""31"": -0.10660391020976429, ""32"": -0.04676505786369327, ""33"": 0.10281352149354987, ""34"": -0.08769195476020884, ""35"": -0.032501275288852174, ""36"": -0.04521971218439914, ""37"": -0.01704696291675039, ""38"": -0.08254579284260492, ""39"": 0.09644732329936996, ""40"": -0.07985674710218961, ""41"": -0.08870469509793531, ""42"": -0.1057530881102327, ""43"": -0.04496402821432931, ""44"": -0.10463954520009175, ""45"": -0.029898169242154164, ""46"": 0.08445489064965175, ""47"": 0.03337772799077931, ""48"": 0.724207470775259}","[4, 5, 6, 14, 15, 18, 20, 24, 28, 30, 31, 33, 39, 42, 44, 48]","{""24"": 634.2115904481374, ""48"": 1178.5334605666387}","{""24"": 1.0068676835584476e-120, ""48"": 1.9294886398318277e-217}",3155.996508916664,3214.2240712343,47.5061357050442,24,1.0,False,,,,,,False
Austria,2024-01-27,Saturday / cold season,2024-01-26T08:00:00+01:00,2024-01-26T07:00:00+00:00,2024-01-26T07:00:00+00:00,24,ordinary,enhanced_ordinary_arima_p1_d1_q3,,1,1,3,n,identity,False,,completed,,success,converged,True,True,True,True,True,800,5,-5345.032880359408,10700.065760718817,10700.141327469446,10723.482565447648,3.068129481466825,1.3503614780180146,"[""DeprecationWarning: Setting the shape on a NumPy array has been deprecated in NumPy 2.5.\nAs an alternative, you can create a new view using np.reshape (with copy=False if needed).""]",[],0,776,True,joint Ljung-Box and residual ACF rule,"{""1"": 0.013036185310573723, ""2"": 0.004657250139732377, ""3"": -0.011780157955127208, ""4"": -0.03197318931987031, ""5"": -0.10701816287264924, ""6"": -0.13280650547040107, ""7"": -0.05934904484977001, ""8"": -0.0746012625647373, ""9"": 0.07489667284266598, ""10"": -0.10085060708637926, ""11"": -0.02075235650213218, ""12"": -0.056424709721393594, ""13"": -0.012664821537879935, ""14"": -0.10846431451945443, ""15"": 0.0839630321567862, ""16"": -0.08079252683200447, ""17"": -0.07229481357774865, ""18"": -0.13714018725545843, ""19"": -0.0649844498808026, ""20"": -0.043384667472562824, ""21"": -0.046959943545661936, ""22"": 0.05481971679764857, ""23"": 0.045253611597359626, ""24"": 0.8088660093101958, ""25"": 0.02418709852529124, ""26"": 0.07261574475538189, ""27"": -0.039686310717765225, ""28"": -0.05879113130306065, ""29"": -0.07119841530585141, ""30"": -0.12046716820858112, ""31"": -0.09494110635962168, ""32"": -0.05727049785237526, ""33"": 0.09229160189984932, ""34"": -0.10336309294036343, ""35"": -0.024911905296184707, ""36"": -0.0555576544423423, ""37"": -0.010117022907285457, ""38"": -0.09937073026430124, ""39"": 0.08936112949218758, ""40"": -0.09048089643586917, ""41"": -0.0772151256687831, ""42"": -0.1175940490228816, ""43"": -0.04453826211033655, ""44"": -0.0618088089673097, ""45"": -0.033012100682962585, ""46"": 0.10151950983107418, ""47"": 0.011733341152264362, ""48"": 0.7185873317983371}","[5, 6, 10, 14, 18, 24, 30, 31, 34, 38, 42, 46, 48]","{""24"": 621.5902145387984, ""48"": 1155.0442706115302}","{""24"": 8.102588679634561e-119, ""48"": 3.0618064158922934e-213}",2854.6009050788725,2918.847249721658,43.04754151995061,24,1.0,False,,,,,,False
Austria,2024-01-27,Saturday / cold season,2024-01-26T08:00:00+01:00,2024-01-26T07:00:00+00:00,2024-01-26T07:00:00+00:00,24,ordinary,enhanced_ordinary_arima_p2_d1_q1,,2,1,1,n,identity,False,,completed,,success,converged,True,True,True,True,True,800,4,-5359.252097018045,10726.50419403609,10726.554508501498,10745.237637819157,1.1994171705982577,2.418727210437696,"[""DeprecationWarning: Setting the shape on a NumPy array has been deprecated in NumPy 2.5.\nAs an alternative, you can create a new view using np.reshape (with copy=False if needed).""]",[],0,776,True,joint Ljung-Box and residual ACF rule,"{""1"": -0.011754838314909843, ""2"": 0.12380374519641885, ""3"": -0.18997288137813195, ""4"": 0.02436067596913667, ""5"": 0.04988123028763827, ""6"": -0.07228577235124987, ""7"": -0.01020699532148478, ""8"": -0.08949379845540327, ""9"": 0.06370475942630441, ""10"": -0.16612879471208192, ""11"": -0.06879620701791614, ""12"": -0.21275172846071536, ""13"": -0.06052750355758677, ""14"": -0.16389942857697873, ""15"": 0.073599727746663, ""16"": -0.10879969414418457, ""17"": -0.010932866622929138, ""18"": -0.07871837562925375, ""19"": 0.05432693818181383, ""20"": 0.010906944546781363, ""21"": -0.17954268775825333, ""22"": 0.13537845851621164, ""23"": 0.003146346889962187, ""24"": 0.8337303837698619, ""25"": -0.006608249579511544, ""26"": 0.14888482718951163, ""27"": -0.17128795950101036, ""28"": 0.010336182765789258, ""29"": 0.03565446122986047, ""30"": -0.07279605843799804, ""31"": -0.03368163530336381, ""32"": -0.0772988310619722, ""33"": 0.07460000856673088, ""34"": -0.15436025891117405, ""35"": -0.07241873611639403, ""36"": -0.21659451247028466, ""37"": -0.04601459720682836, ""38"": -0.1443489818867235, ""39"": 0.07842129691785672, ""40"": -0.11523937945199708, ""41"": -0.009778448124737946, ""42"": -0.07766617170528729, ""43"": 0.0561265514135847, ""44"": 0.006385444721930668, ""45"": -0.15078032473239605, ""46"": 0.16525647521364728, ""47"": -0.02334609151643011, ""48"": 0.7504990912460163}","[2, 3, 10, 12, 14, 16, 21, 22, 24, 26, 27, 34, 36, 38, 40, 45, 46, 48]","{""24"": 761.4606385167633, ""48"": 1431.9033045839797}","{""24"": 1.3286077934155072e-147, ""48"": 1.2085985027166615e-270}",1892.4671945092416,1985.9635104550423,28.80425838753381,24,1.0,False,,,,,,False
Austria,2024-01-27,Saturday / cold season,2024-01-26T08:00:00+01:00,2024-01-26T07:00:00+00:00,2024-01-26T07:00:00+00:00,24,ordinary,enhanced_ordinary_arima_p2_d1_q2,,2,1,2,n,identity,False,,completed,,success,converged,True,True,True,True,True,800,5,-5343.519798752589,10697.039597505178,10697.115164255809,10720.45640223401,2.173285756774584,1.4293264093780642,"[""DeprecationWarning: Setting the shape on a NumPy array has been deprecated in NumPy 2.5.\nAs an alternative, you can create a new view using np.reshape (with copy=False if needed).""]",[],0,776,True,joint Ljung-Box and residual ACF rule,"{""1"": 0.0022423043185207606, ""2"": 0.004307558974719338, ""3"": -0.007650118232909281, ""4"": -0.008145815977275503, ""5"": -0.07815969028501123, ""6"": -0.14448665156892027, ""7"": -0.06796941510446221, ""8"": -0.07215916566286627, ""9"": 0.06690576297813244, ""10"": -0.11342866535419302, ""11"": -0.02451413448496282, ""12"": -0.05876704341731549, ""13"": -0.019219861241149154, ""14"": -0.11839497686861764, ""15"": 0.07790679901463615, ""16"": -0.08240157599620514, ""17"": -0.0791316769882093, ""18"": -0.14471785081321317, ""19"": -0.04149011530362029, ""20"": -0.023258984200347648, ""21"": -0.040949889752037574, ""22"": 0.054495393892785585, ""23"": 0.034447394001138845, ""24"": 0.8096988608940853, ""25"": 0.014362403958338777, ""26"": 0.0708980205512389, ""27"": -0.03475624690729004, ""28"": -0.037681371372801586, ""29"": -0.048097220325124944, ""30"": -0.12843653947213696, ""31"": -0.10063973185100562, ""32"": -0.05860955697665999, ""33"": 0.08391186718367409, ""34"": -0.11177675033843337, ""35"": -0.02957765260920006, ""36"": -0.060823083243611624, ""37"": -0.014020787461173903, ""38"": -0.10663200603577129, ""39"": 0.08125769405946949, ""40"": -0.09263525678858386, ""41"": -0.08047802475152388, ""42"": -0.12425658563750369, ""43"": -0.024167397575050167, ""44"": -0.04344258757058403, ""45"": -0.027671371965814012, ""46"": 0.10063576858225677, ""47"": 0.0023847115456059687, ""48"": 0.7208931913368095}","[6, 10, 14, 18, 24, 30, 31, 34, 38, 40, 42, 46, 48]","{""24"": 621.9442650422742, ""48"": 1156.063605309414}","{""24"": 6.822775286357597e-119, ""48"": 1.873538806198584e-213}",2652.382939560906,2721.4073856944697,40.05609784523836,24,1.0,False,,,,,,False
Austria,2024-01-27,Saturday / cold season,2024-01-26T08:00:00+01:00,2024-01-26T07:00:00+00:00,2024-01-26T07:00:00+00:00,24,ordinary,enhanced_ordinary_arima_p2_d1_q3,,2,1,3,n,identity,False,,completed,,success,converged,True,True,True,True,True,800,6,-5300.061212553783,10612.122425107566,10612.228351967591,10640.222590782165,1.269748083747102,1.023372788055104,"[""DeprecationWarning: Setting the shape on a NumPy array has been deprecated in NumPy 2.5.\nAs an alternative, you can create a new view using np.reshape (with copy=False if needed).""]",[],0,776,True,joint Ljung-Box and residual ACF rule,"{""1"": -0.001878976961996825, ""2"": -0.013048939223019865, ""3"": -0.0064806810280393905, ""4"": 0.015911609442029937, ""5"": 0.007225699036370989, ""6"": -0.06135356638383464, ""7"": -0.018975140969420448, ""8"": -0.02523907509557959, ""9"": 0.10423308345392124, ""10"": -0.09593780076773666, ""11"": -0.03253717851958616, ""12"": -0.06750513216660466, ""13"": -0.027217331733046534, ""14"": -0.10354143081426569, ""15"": 0.10685501462603578, ""16"": -0.04547576472306925, ""17"": -0.037818601790005915, ""18"": -0.07834108691126122, ""19"": 0.02145537685083347, ""20"": -0.011867288973854343, ""21"": -0.052899522047368315, ""22"": 0.01933600366593699, ""23"": 0.011394700257539287, ""24"": 0.791103674875969, ""25"": -0.009783545885085477, ""26"": 0.03454007904598595, ""27"": -0.04868579157072856, ""28"": -0.031136766099577957, ""29"": 0.004805919380626084, ""30"": -0.07641595325171405, ""31"": -0.0728197843068055, ""32"": -0.034649798000848504, ""33"": 0.09723024427941909, ""34"": -0.11375730248206425, ""35"": -0.05720419467970386, ""36"": -0.09069417865553456, ""37"": -0.038868473957654054, ""38"": -0.10742464743438308, ""39"": 0.09052573859698354, ""40"": -0.07437340939665775, ""41"": -0.058237731253171374, ""42"": -0.08229003864691775, ""43"": 0.01619970649614192, ""44"": -0.0466056356124028, ""45"": -0.0527312999265942, ""46"": 0.052523274000512925, ""47"": -0.03356548917389336, ""48"": 0.6881280787302231}","[9, 10, 14, 15, 24, 33, 34, 38, 48]","{""24"": 555.7595518676299, ""48"": 1027.581572111768}","{""24"": 1.0664957696681684e-105, ""48"": 2.5563105142472435e-187}",1306.123980651597,1441.864621560114,20.14320082155965,24,1.0,False,,,,,,False
Austria,2024-01-27,Saturday / cold season,2024-01-26T08:00:00+01:00,2024-01-26T07:00:00+00:00,2024-01-26T07:00:00+00:00,24,ordinary,enhanced_ordinary_arima_p3_d1_q1,,3,1,1,n,identity,False,,completed,,success,converged,True,True,True,True,True,800,5,-5343.367246718531,10696.73449343706,10696.81006018769,10720.151298165893,1.2565630895256263,2.792856030096688,"[""DeprecationWarning: Setting the shape on a NumPy array has been deprecated in NumPy 2.5.\nAs an alternative, you can create a new view using np.reshape (with copy=False if needed).""]",[],0,776,True,joint Ljung-Box and residual ACF rule,"{""1"": 0.02156588236392109, ""2"": 0.00449258432887855, ""3"": -0.08959272004717075, ""4"": 0.013652345102315352, ""5"": 0.08868997536100631, ""6"": -0.10699802689767665, ""7"": -0.06222826694374621, ""8"": -0.08566623825966159, ""9"": 0.04231882963129419, ""10"": -0.13181265784902987, ""11"": -0.08514131594608844, ""12"": -0.1404399812170154, ""13"": -0.07718085121661859, ""14"": -0.1292007129759253, ""15"": 0.052755067145567165, ""16"": -0.10256795629111476, ""17"": -0.06413162032641143, ""18"": -0.10632924015408778, ""19"": 0.09162831195880124, ""20"": 0.0010948776413628335, ""21"": -0.09889272037895736, ""22"": 0.04189149805618981, ""23"": 0.03958604304897717, ""24"": 0.8216124680491244, ""25"": 0.024900189547315623, ""26"": 0.055542352257088964, ""27"": -0.08945555967675166, ""28"": -0.00555358490494332, ""29"": 0.07802110817514381, ""30"": -0.1000617094143906, ""31"": -0.08442348565013123, ""32"": -0.07317776187432208, ""33"": 0.0575142829203933, ""34"": -0.12177680239217396, ""35"": -0.09054943792467897, ""36"": -0.14753681839243948, ""37"": -0.06365793701356647, ""38"": -0.1086397878009592, ""39"": 0.055897562324784475, ""40"": -0.10932470518419941, ""41"": -0.06026169233948124, ""42"": -0.09758407183850551, ""43"": 0.0920212605669546, ""44"": -0.011682617213781039, ""45"": -0.076306534158263, ""46"": 0.08410531357295094, ""47"": 0.010211356348173498, ""48"": 0.7335194117830273}","[6, 10, 12, 14, 16, 18, 21, 24, 30, 34, 36, 38, 40, 42, 48]","{""24"": 667.0548671009523, ""48"": 1239.029237197593}","{""24"": 2.0471060202334705e-128, ""48"": 7.725203573281001e-231}",2031.0663468358516,2119.2666259512907,30.85919357088165,24,1.0,False,,,,,,False
Austria,2024-01-27,Saturday / cold season,2024-01-26T08:00:00+01:00,2024-01-26T07:00:00+00:00,2024-01-26T07:00:00+00:00,24,ordinary,enhanced_ordinary_arima_p3_d1_q2,,3,1,2,n,identity,False,,completed,,success,converged,True,True,True,True,True,800,6,-5339.550246805745,10691.10049361149,10691.206420471515,10719.200659286087,1.425800222294161,1.916804352663434,"[""DeprecationWarning: Setting the shape on a NumPy array has been deprecated in NumPy 2.5.\nAs an alternative, you can create a new view using np.reshape (with copy=False if needed).""]",[],0,776,True,joint Ljung-Box and residual ACF rule,"{""1"": 0.0015999425291956476, ""2"": -0.017782242677714746, ""3"": -0.01731099032128737, ""4"": 0.003549439036722976, ""5"": 0.02333002397929558, ""6"": -0.126837277436292, ""7"": -0.09100893868278935, ""8"": -0.07526479677225165, ""9"": 0.05288262900040612, ""10"": -0.12105603993221273, ""11"": -0.05728078125003071, ""12"": -0.08499345465146609, ""13"": -0.05100531827532531, ""14"": -0.12099977412803216, ""15"": 0.06271684948169931, ""16"": -0.09013638184036901, ""17"": -0.0937559970953153, ""18"": -0.12601275671619275, ""19"": 0.0400541964042673, ""20"": -0.009326306199744021, ""21"": -0.043244473917168, ""22"": 0.029491882945835084, ""23"": 0.029710309053627385, ""24"": 0.813792695180049, ""25"": 0.011170651619743366, ""26"": 0.04448803028031098, ""27"": -0.036125597999589185, ""28"": -0.02093620068552231, ""29"": 0.03175726137444516, ""30"": -0.11484911204936735, ""31"": -0.11393061538345485, ""32"": -0.06384288887953256, ""33"": 0.06764824430507506, ""34"": -0.11383183400643039, ""35"": -0.062339467720911916, ""36"": -0.09170932449078036, ""37"": -0.040867367108745396, ""38"": -0.10366558486256941, ""39"": 0.06367333679048845, ""40"": -0.09849028011285137, ""41"": -0.08955989296970604, ""42"": -0.11048505914164523, ""43"": 0.04804812511183036, ""44"": -0.027803383959080427, ""45"": -0.028374160795325513, ""46"": 0.07551114137861081, ""47"": 8.542737865587367e-05, ""48"": 0.7260135202210636}","[6, 10, 14, 17, 18, 24, 30, 31, 34, 38, 40, 42, 48]","{""24"": 625.3390027312219, ""48"": 1161.144905237471}","{""24"": 2.2537464134984782e-120, ""48"": 3.094416121937202e-215}",2270.87512897606,2351.0824165356016,34.41216240605674,24,1.0,False,,,,,,False
Austria,2024-01-27,Saturday / cold season,2024-01-26T08:00:00+01:00,2024-01-26T07:00:00+00:00,2024-01-26T07:00:00+00:00,24,ordinary,enhanced_ordinary_arima_p3_d1_q3,,3,1,3,n,identity,False,,completed,,success,converged,True,True,True,True,True,800,7,-5299.677236372494,10613.354472744988,10613.4958868864,10646.137999365352,1.2373786090195549,1.0251235130824226,"[""DeprecationWarning: Setting the shape on a NumPy array has been deprecated in NumPy 2.5.\nAs an alternative, you can create a new view using np.reshape (with copy=False if needed).""]",[],0,776,True,joint Ljung-Box and residual ACF rule,"{""1"": 0.006347419694432194, ""2"": -0.01594124877576099, ""3"": -0.0064688992286361605, ""4"": -0.004865228656075878, ""5"": 0.008497491133258105, ""6"": -0.04956214483144267, ""7"": -0.018758994835978475, ""8"": -0.019535555311210366, ""9"": 0.11022868581237917, ""10"": -0.08994204829648456, ""11"": -0.035456024271264014, ""12"": -0.06531610924427143, ""13"": -0.029685567137628693, ""14"": -0.09755455096400445, ""15"": 0.1109304591030495, ""16"": -0.04027288703856997, ""17"": -0.036938506182807744, ""18"": -0.06920167630523148, ""19"": 0.02033991054145705, ""20"": -0.029496270619784038, ""21"": -0.053693105339414036, ""22"": 0.0137833943166202, ""23"": 0.017174084387356302, ""24"": 0.7908925712390624, ""25"": -0.00392796321765027, ""26"": 0.02938569432342183, ""27"": -0.049249455000475, ""28"": -0.04889423965060269, ""29"": 0.003410455443526017, ""30"": -0.06924917783314093, ""31"": -0.0724897061580099, ""32"": -0.02987335231685111, ""33"": 0.10053057395863667, ""34"": -0.1090425239514547, ""35"": -0.0606910741221432, ""36"": -0.09013287751499492, ""37"": -0.042404071135835525, ""38"": -0.10247057872366205, ""39"": 0.09290230927006383, ""40"": -0.06970726981251973, ""41"": -0.05871513836609482, ""42"": -0.07618940393327782, ""43"": 0.014390815439698026, ""44"": -0.06231704553315162, ""45"": -0.05384479924355522, ""46"": 0.04588891062273065, ""47"": -0.0287098089041901, ""48"": 0.6869878126585078}","[9, 14, 15, 24, 33, 34, 38, 39, 48]","{""24"": 553.2280940836716, ""48"": 1022.5100634759191}","{""24"": 6.459766218294043e-106, ""48"": 5.870605617448896e-187}",1309.8075307509855,1446.3666233088895,20.201563837608973,24,1.0,False,,,,,,False
Austria,2024-01-27,Saturday / cold season,2024-01-26T08:00:00+01:00,2024-01-26T07:00:00+00:00,2024-01-26T07:00:00+00:00,24,ordinary,enhanced_ordinary_arima_p4_d1_q1,,4,1,1,n,identity,False,,completed,,success,converged,True,True,True,True,True,800,6,-5342.418796627473,10696.837593254946,10696.943520114972,10724.937758929544,1.2963415925337445,4.656268537932909,"[""DeprecationWarning: Setting the shape on a NumPy array has been deprecated in NumPy 2.5.\nAs an alternative, you can create a new view using np.reshape (with copy=False if needed).""]",[],0,776,True,joint Ljung-Box and residual ACF rule,"{""1"": 0.0128495363097489, ""2"": -0.0016023908718663963, ""3"": -0.07085208957737016, ""4"": 0.013200164486300252, ""5"": 0.07865052874902831, ""6"": -0.1191905939309901, ""7"": -0.07398351844909802, ""8"": -0.08568205640015047, ""9"": 0.04434933394620671, ""10"": -0.12541205673469333, ""11"": -0.07501728533646201, ""12"": -0.12200999928518833, ""13"": -0.06757845260785261, ""14"": -0.12342296021960408, ""15"": 0.05475460487558064, ""16"": -0.10232120818206664, ""17"": -0.07538974509891562, ""18"": -0.11731554347077236, ""19"": 0.08378749773983206, ""20"": 0.0003459613910515756, ""21"": -0.08398472800984161, ""22"": 0.038502041725891396, ""23"": 0.033913078791894855, ""24"": 0.8200693330969797, ""25"": 0.018229915744392814, ""26"": 0.05197750424025945, ""27"": -0.07529692539537275, ""28"": -0.007382527542835485, ""29"": 0.07159405171998724, ""30"": -0.1096203228115182, ""31"": -0.09545755844476324, ""32"": -0.07346960060217889, ""33"": 0.05938020990682466, ""34"": -0.11603521015039038, ""35"": -0.08062938450821619, ""36"": -0.12955706240219517, ""37"": -0.05492543582814204, ""38"": -0.10381611190247698, ""39"": 0.05693857274962465, ""40"": -0.10940557614944867, ""41"": -0.07060032222504738, ""42"": -0.10630341596254156, ""43"": 0.08556231881296743, ""44"": -0.014293130241756163, ""45"": -0.06366563803785688, ""46"": 0.08163619683689485, ""47"": 0.004884151483487583, ""48"": 0.7324351375772242}","[6, 10, 12, 14, 16, 18, 24, 30, 31, 34, 36, 38, 40, 42, 48]","{""24"": 655.5108244339416, ""48"": 1218.1170161694654}","{""24"": 9.4312571683661e-127, ""48"": 3.5071546410900917e-227}",2115.034955126548,2200.504368378496,32.104632447912024,24,1.0,False,,,,,,False
Austria,2024-01-27,Saturday / cold season,2024-01-26T08:00:00+01:00,2024-01-26T07:00:00+00:00,2024-01-26T07:00:00+00:00,24,ordinary,enhanced_ordinary_arima_p4_d1_q2,,4,1,2,n,identity,False,,completed,,success,converged,True,True,True,True,True,800,7,-5335.97147803996,10685.94295607992,10686.084370221331,10718.726482700284,1.225586124150322,1.359382173859141,"[""DeprecationWarning: Setting the shape on a NumPy array has been deprecated in NumPy 2.5.\nAs an alternative, you can create a new view using np.reshape (with copy=False if needed)."", ""UserWarning: Non-stationary starting autoregressive parameters found. Using zeros as starting parameters."", ""UserWarning: Non-invertible starting MA parameters found. Using zeros as starting parameters.""]",[],0,776,True,joint Ljung-Box and residual ACF rule,"{""1"": 0.015262990813851438, ""2"": -0.017781335937265424, ""3"": -0.039309334352464656, ""4"": -0.004326244825304507, ""5"": 0.05583303994964724, ""6"": -0.07217076181850145, ""7"": -0.1153631572120604, ""8"": -0.04757418872610342, ""9"": 0.027216136980769797, ""10"": -0.12932179468907073, ""11"": -0.06581885738837916, ""12"": -0.13925384524808296, ""13"": -0.05821650708448539, ""14"": -0.12796240475480822, ""15"": 0.039713597642857396, ""16"": -0.06869973047565987, ""17"": -0.11092966518947954, ""18"": -0.07738855802344792, ""19"": 0.06379264580901343, ""20"": -0.013072695927546988, ""21"": -0.05787815550794709, ""22"": 0.022990467344032355, ""23"": 0.039690609193515504, ""24"": 0.8159725189458655, ""25"": 0.02238735297752207, ""26"": 0.038581942375838715, ""27"": -0.049875695661839976, ""28"": -0.02276539727030876, ""29"": 0.054476970273421146, ""30"": -0.07201696343914464, ""31"": -0.12934625921791532, ""32"": -0.04125241642857226, ""33"": 0.04536242969083421, ""34"": -0.1214758765222805, ""35"": -0.07118078584519835, ""36"": -0.14459734270148814, ""37"": -0.04783178279628827, ""38"": -0.10649838294488181, ""39"": 0.04096608264597076, ""40"": -0.07569357309240848, ""41"": -0.10516305697310667, ""42"": -0.06989409471817457, ""43"": 0.0689258759721195, ""44"": -0.027595844733116076, ""45"": -0.03989851600915305, ""46"": 0.06833699555481618, ""47"": 0.008982625857374225, ""48"": 0.7289822844575028}","[7, 10, 12, 14, 17, 24, 31, 34, 36, 38, 41, 48]","{""24"": 630.4023747309994, ""48"": 1171.636171084344}","{""24"": 3.192818692619614e-122, ""48"": 3.686615600290294e-218}",2039.8671469198805,2128.217370419645,30.991957574555254,24,1.0,False,,,,,,False
Austria,2024-02-15,ordinary weekday,2024-02-14T08:00:00+01:00,2024-02-14T07:00:00+00:00,2024-02-14T07:00:00+00:00,24,ordinary,enhanced_ordinary_arima_p1_d1_q1,,1,1,1,n,identity,False,,completed,,success,converged,True,True,True,True,True,1256,3,-8556.921555749574,17119.843111499147,17119.86228082822,17135.247784053845,1.4728893358780326,3.053823602232171,"[""DeprecationWarning: Setting the shape on a NumPy array has been deprecated in NumPy 2.5.\nAs an alternative, you can create a new view using np.reshape (with copy=False if needed).""]",[],0,1232,True,joint Ljung-Box and residual ACF rule,"{""1"": 0.09478579597422351, ""2"": 0.19280229387747314, ""3"": -0.2627450565984425, ""4"": -0.11242927183422798, ""5"": -0.1307094756888896, ""6"": -0.17821209893453005, ""7"": -0.052067261306188044, ""8"": -0.09154986461213041, ""9"": 0.10270170449566321, ""10"": -0.09929726335770545, ""11"": 0.10467513155647357, ""12"": -0.08721901650005172, ""13"": 0.10616362563251766, ""14"": -0.10166583432158834, ""15"": 0.10128699730222591, ""16"": -0.10976128140513504, ""17"": -0.05492001929962013, ""18"": -0.18599983616692475, ""19"": -0.10809373344046676, ""20"": -0.0981006747153921, ""21"": -0.234880580121075, ""22"": 0.19046435985361568, ""23"": 0.10131525632566285, ""24"": 0.8581488442976418, ""25"": 0.08907173722136372, ""26"": 0.20018556538022575, ""27"": -0.23318097427398787, ""28"": -0.10198604319233212, ""29"": -0.12512427628993097, ""30"": -0.17660539878766765, ""31"": -0.05938981670891286, ""32"": -0.08084532031900885, ""33"": 0.11080442968899097, ""34"": -0.09839385838921955, ""35"": 0.10052890571469018, ""36"": -0.10224082021581263, ""37"": 0.11091889242477988, ""38"": -0.09717701846463363, ""39"": 0.10915786430958302, ""40"": -0.10990638293687251, ""41"": -0.0597252517935847, ""42"": -0.1887799144886543, ""43"": -0.09557363304778867, ""44"": -0.08195760332871077, ""45"": -0.2099501334189274, ""46"": 0.20776381388758725, ""47"": 0.07307565983014165, ""48"": 0.7821055582322526}","[1, 2, 3, 4, 5, 6, 8, 9, 10, 11, 12, 13, 14, 15, 16, 18, 19, 20, 21, 22, 23, 24, 25, 26, 27, 28, 29, 30, 32, 33, 34, 35, 36, 37, 38, 39, 40, 42, 43, 44, 45, 46, 48]","{""24"": 1464.106461210694, ""48"": 2764.9952894892576}","{""24"": 1.4620095540811395e-296, ""48"": 0.0}",2785.0864559556285,2959.966429961923,39.98347594354244,24,1.0,False,,,,,,False
Austria,2024-02-15,ordinary weekday,2024-02-14T08:00:00+01:00,2024-02-14T07:00:00+00:00,2024-02-14T07:00:00+00:00,24,ordinary,enhanced_ordinary_arima_p1_d1_q2,,1,1,2,n,identity,False,,completed,,success,converged,True,True,True,True,True,1256,4,-8448.952691035582,16905.905382071163,16905.937356491628,16926.444945477426,2.20534724613616,1.3846478568623772,"[""DeprecationWarning: Setting the shape on a NumPy array has been deprecated in NumPy 2.5.\nAs an alternative, you can create a new view using np.reshape (with copy=False if needed).""]",[],0,1232,True,joint Ljung-Box and residual ACF rule,"{""1"": 0.032400273888310606, ""2"": -0.011239756492897698, ""3"": -0.020246301564204462, ""4"": -0.09661296547635252, ""5"": -0.0880943232760186, ""6"": -0.12166600082906966, ""7"": -0.09786327998069642, ""8"": -0.05993401641943808, ""9"": 0.07526828675188815, ""10"": -0.10651151122203827, ""11"": 0.02842052175059246, ""12"": -0.01713763077792979, ""13"": 0.03383100787521241, ""14"": -0.10911680691064791, ""15"": 0.06958753968121482, ""16"": -0.06533256593046817, ""17"": -0.09997199517337478, ""18"": -0.14622984997164543, ""19"": -0.05331954918182085, ""20"": -0.07466369065399818, ""21"": -0.057487404681662, ""22"": 0.026799634380911628, ""23"": 0.07237554922955843, ""24"": 0.8182684069895086, ""25"": 0.037650749721809366, ""26"": 0.05198746993339996, ""27"": -0.0484325718161326, ""28"": -0.09880674825016886, ""29"": -0.057557977444609734, ""30"": -0.13052549855442988, ""31"": -0.11261100214424012, ""32"": -0.03995830512677606, ""33"": 0.0812767385719788, ""34"": -0.10839590258980775, ""35"": 0.027862299552879135, ""36"": -0.029162936506394906, ""37"": 0.03958506642390226, ""38"": -0.10582863240531959, ""39"": 0.07485597452113708, ""40"": -0.05666885487261005, ""41"": -0.1106673492043109, ""42"": -0.14916662402006775, ""43"": -0.027014418783933913, ""44"": -0.07880614193526053, ""45"": -0.0562414384230629, ""46"": 0.07206712441636831, ""47"": 0.044689149098820616, ""48"": 0.730963357309435}","[4, 5, 6, 7, 9, 10, 14, 17, 18, 20, 24, 28, 30, 31, 33, 34, 38, 39, 41, 42, 44, 48]","{""24"": 1012.171017520696, ""48"": 1881.5813515904026}","{""24"": 7.14265761947293e-201, ""48"": 0.0}",1879.0312977420715,2129.8053244882026,27.61659680373749,24,1.0,False,,,,,,False
Austria,2024-02-15,ordinary weekday,2024-02-14T08:00:00+01:00,2024-02-14T07:00:00+00:00,2024-02-14T07:00:00+00:00,24,ordinary,enhanced_ordinary_arima_p1_d1_q3,,1,1,3,n,identity,False,,completed,,success,converged,True,True,True,True,True,1256,5,-8443.382376894158,16896.764753788317,16896.812753788316,16922.439208046148,4.010166801256762,1.327791351207498,"[""DeprecationWarning: Setting the shape on a NumPy array has been deprecated in NumPy 2.5.\nAs an alternative, you can create a new view using np.reshape (with copy=False if needed).""]",[],0,1232,True,joint Ljung-Box and residual ACF rule,"{""1"": 0.008572438416021858, ""2"": 0.0007015944511729886, ""3"": -0.01422466777139537, ""4"": -0.03447969311238866, ""5"": -0.10925124279137002, ""6"": -0.13914958459544519, ""7"": -0.07382607149076957, ""8"": -0.07704550864740413, ""9"": 0.06727821071860929, ""10"": -0.11876009861189361, ""11"": 0.03400489483778587, ""12"": -0.03288302717769204, ""13"": 0.04328117130283693, ""14"": -0.12799039272359966, ""15"": 0.0639637720544352, ""16"": -0.07585555288003093, ""17"": -0.08419427205216219, ""18"": -0.16352545520024733, ""19"": -0.06327457513379571, ""20"": -0.024642785880672553, ""21"": -0.057352944343980757, ""22"": 0.04270934508718043, ""23"": 0.054023969168831024, ""24"": 0.8139032689240215, ""25"": 0.015739500845444548, ""26"": 0.06856587409681192, ""27"": -0.045810267402132086, ""28"": -0.05176804304812189, ""29"": -0.06923795209928356, ""30"": -0.14057461004664526, ""31"": -0.0995734740886947, ""32"": -0.05527025157278332, ""33"": 0.08066665428860732, ""34"": -0.1273774151602591, ""35"": 0.03252302600764822, ""36"": -0.03699313930991272, ""37"": 0.0462177609876968, ""38"": -0.1292565118347257, ""39"": 0.07536342453250208, ""40"": -0.06789681311007544, ""41"": -0.09889394965398297, ""42"": -0.16066328996873222, ""43"": -0.03412166161311104, ""44"": -0.036374786757000975, ""45"": -0.05913179305142748, ""46"": 0.08991212700929405, ""47"": 0.028065537180796164, ""48"": 0.7253237078679425}","[5, 6, 7, 8, 10, 14, 16, 17, 18, 24, 30, 31, 33, 34, 38, 39, 41, 42, 46, 48]","{""24"": 1007.7164305921405, ""48"": 1876.5053523359425}","{""24"": 8.830415978588098e-201, ""48"": 0.0}",1662.462987614984,1941.4158056945164,24.66047131701744,24,1.0,False,,,,,,False
Austria,2024-02-15,ordinary weekday,2024-02-14T08:00:00+01:00,2024-02-14T07:00:00+00:00,2024-02-14T07:00:00+00:00,24,ordinary,enhanced_ordinary_arima_p2_d1_q1,,2,1,1,n,identity,False,,completed,,success,converged,True,True,True,True,True,1256,4,-8465.63005013013,16939.26010026026,16939.292074680725,16959.799663666523,1.2088096066338905,2.667025058290593,"[""DeprecationWarning: Setting the shape on a NumPy array has been deprecated in NumPy 2.5.\nAs an alternative, you can create a new view using np.reshape (with copy=False if needed).""]",[],0,1232,True,joint Ljung-Box and residual ACF rule,"{""1"": -0.003319236952827057, ""2"": 0.0883296514816633, ""3"": -0.198112654110255, ""4"": 0.05639311402070347, ""5"": 0.06858199437590694, ""6"": -0.07774553401676157, ""7"": -0.026626179220890774, ""8"": -0.10145328668252275, ""9"": 0.04611478751119365, ""10"": -0.19697889705040603, ""11"": -0.008683892885663876, ""12"": -0.18614886313833537, ""13"": -0.004213702280300106, ""14"": -0.19320420136880834, ""15"": 0.05207673578531964, ""16"": -0.1171477261198964, ""17"": -0.033141527788732396, ""18"": -0.09664727998608268, ""19"": 0.0735587677090862, ""20"": 0.04980154744040309, ""21"": -0.18815078980078795, ""22"": 0.10040326061935213, ""23"": 0.015143782059878853, ""24"": 0.8405660851012694, ""25"": -0.0018741976677204468, ""26"": 0.11668150475647851, ""27"": -0.17922393499009578, ""28"": 0.04488395031074467, ""29"": 0.05597167075306869, ""30"": -0.08656676911025475, ""31"": -0.04033515219076674, ""32"": -0.08868428041254921, ""33"": 0.060080425763676615, ""34"": -0.19091144588174652, ""35"": -0.009388694418174108, ""36"": -0.19840339061888432, ""37"": 0.006635387280671962, ""38"": -0.1809494589398822, ""39"": 0.065880628694877, ""40"": -0.11352082769967707, ""41"": -0.03951635422921181, ""42"": -0.10490074475188757, ""43"": 0.07478914774095533, ""44"": 0.04892475676515476, ""45"": -0.16951084539242475, ""46"": 0.13004719558791367, ""47"": -0.009559133708117323, ""48"": 0.7601660287743186}","[2, 3, 6, 8, 10, 12, 14, 16, 18, 19, 21, 22, 24, 26, 27, 30, 32, 34, 36, 38, 40, 42, 43, 45, 46, 48]","{""24"": 1220.0490541767103, ""48"": 2297.2813757680337}","{""24"": 3.040758424998272e-245, ""48"": 0.0}",1000.41826549113,1301.71958099963,15.261020608902784,24,1.0,False,,,,,,False
Austria,2024-02-15,ordinary weekday,2024-02-14T08:00:00+01:00,2024-02-14T07:00:00+00:00,2024-02-14T07:00:00+00:00,24,ordinary,enhanced_ordinary_arima_p2_d1_q2,,2,1,2,n,identity,False,,completed,,success,converged,True,True,True,True,True,1256,5,-8441.62968634012,16893.25937268024,16893.30737268024,16918.93382693807,2.2726707752337645,1.4020689002587992,"[""DeprecationWarning: Setting the shape on a NumPy array has been deprecated in NumPy 2.5.\nAs an alternative, you can create a new view using np.reshape (with copy=False if needed).""]",[],0,1232,True,joint Ljung-Box and residual ACF rule,"{""1"": 0.0009184993473820262, ""2"": -0.0007548486311608926, ""3"": -0.005496032057018678, ""4"": -0.017389888055638732, ""5"": -0.08502971982465282, ""6"": -0.15177895591970741, ""7"": -0.08194893518017624, ""8"": -0.07028180620161954, ""9"": 0.058710382608694565, ""10"": -0.1299262996256895, ""11"": 0.03036769143515752, ""12"": -0.03412233862970087, ""13"": 0.03555645270654919, ""14"": -0.13620947019344884, ""15"": 0.05770586227903954, ""16"": -0.07338307875272079, ""17"": -0.09086364363885953, ""18"": -0.1719082422660662, ""19"": -0.04411876470061431, ""20"": -0.010387233133099895, ""21"": -0.04791884213164391, ""22"": 0.040762755834287984, ""23"": 0.04617141329201983, ""24"": 0.8155812090631727, ""25"": 0.009039741767040373, ""26"": 0.06530757700524639, ""27"": -0.03707692075065041, ""28"": -0.0356571045605413, ""29"": -0.05029796634255596, ""30"": -0.15030570249755343, ""31"": -0.10463183149419183, ""32"": -0.051814047282976367, ""33"": 0.07137604485078654, ""34"": -0.13520340249373394, ""35"": 0.02870563060834595, ""36"": -0.04019989862800449, ""37"": 0.040242614005794125, ""38"": -0.1357637978832883, ""39"": 0.06743407771497519, ""40"": -0.06590707892210285, ""41"": -0.10297621024203053, ""42"": -0.1681257891392684, ""43"": -0.017175445264586652, ""44"": -0.023240140637177945, ""45"": -0.05069096887359692, ""46"": 0.08730744139779006, ""47"": 0.02107746092578952, ""48"": 0.7282848142614352}","[5, 6, 7, 10, 14, 17, 18, 24, 30, 31, 34, 38, 41, 42, 46, 48]","{""24"": 1010.6160840032051, ""48"": 1883.4827254631641}","{""24"": 2.125874634757177e-201, ""48"": 0.0}",1516.1175617034169,1817.67013067303,22.662877912568486,24,1.0,False,,,,,,False
Austria,2024-02-15,ordinary weekday,2024-02-14T08:00:00+01:00,2024-02-14T07:00:00+00:00,2024-02-14T07:00:00+00:00,24,ordinary,enhanced_ordinary_arima_p2_d1_q3,,2,1,3,n,identity,False,,completed,,success,converged,True,True,True,True,True,1256,6,-8375.711843144014,16763.423686288028,16763.49094009107,16794.233031397423,1.3139291977185328,1.021812323977058,"[""DeprecationWarning: Setting the shape on a NumPy array has been deprecated in NumPy 2.5.\nAs an alternative, you can create a new view using np.reshape (with copy=False if needed).""]",[],0,1232,True,joint Ljung-Box and residual ACF rule,"{""1"": -0.0029174289310237, ""2"": -0.012852501255671639, ""3"": 0.0032978828505454433, ""4"": 0.027097484691449025, ""5"": 0.018009817737091687, ""6"": -0.06471990293635921, ""7"": -0.027422787258969062, ""8"": -0.01732321400119791, ""9"": 0.09137636766013062, ""10"": -0.11752616908840592, ""11"": 0.025008599263111254, ""12"": -0.04143256004855312, ""13"": 0.027788070053882088, ""14"": -0.12360063432444728, ""15"": 0.08440083821857695, ""16"": -0.03247450405153652, ""17"": -0.04520684613919419, ""18"": -0.10091543443535402, ""19"": 0.03342722516444577, ""20"": 0.01828912151509892, ""21"": -0.051916010839315754, ""22"": 0.010059850229118579, ""23"": 0.02127486869281676, ""24"": 0.7968922419276305, ""25"": -0.014876520296430782, ""26"": 0.03237106550094637, ""27"": -0.04538481895366011, ""28"": -0.011655729982010659, ""29"": 0.017141826208058545, ""30"": -0.09495978048717765, ""31"": -0.07213264202021648, ""32"": -0.024998532696692624, ""33"": 0.077805040526817, ""34"": -0.14237137553969065, ""35"": 0.0012189675419080434, ""36"": -0.07318132051649039, ""37"": 0.012392063492941781, ""38"": -0.14133335386281298, ""39"": 0.0704498916491345, ""40"": -0.047958404945278324, ""41"": -0.0792777711070703, ""42"": -0.12461678856629903, ""43"": 0.03264239759176466, ""44"": -0.014525719161591701, ""45"": -0.07195239478939253, ""46"": 0.03829632303611022, ""47"": -0.02218281083910571, ""48"": 0.6919166326004977}","[9, 10, 14, 15, 18, 24, 30, 33, 34, 38, 41, 42, 48]","{""24"": 889.1846089693315, ""48"": 1641.1673077022422}","{""24"": 2.266956369023651e-176, ""48"": 0.0}",870.6133304620802,1005.4523962790752,12.204569735840524,24,1.0,False,,,,,,False
Austria,2024-02-15,ordinary weekday,2024-02-14T08:00:00+01:00,2024-02-14T07:00:00+00:00,2024-02-14T07:00:00+00:00,24,ordinary,enhanced_ordinary_arima_p3_d1_q1,,3,1,1,n,identity,False,,completed,,success,converged,True,True,True,True,True,1256,5,-8445.97602119803,16901.95204239606,16902.00004239606,16927.62649665389,1.268540567561794,2.401243277372753,"[""DeprecationWarning: Setting the shape on a NumPy array has been deprecated in NumPy 2.5.\nAs an alternative, you can create a new view using np.reshape (with copy=False if needed).""]",[],0,1232,True,joint Ljung-Box and residual ACF rule,"{""1"": 0.020773328505620327, ""2"": -0.0074681536580448, ""3"": -0.10695826745071316, ""4"": 0.03964329631843108, ""5"": 0.09186349785870031, ""6"": -0.12363923739306625, ""7"": -0.07377470841429425, ""8"": -0.08445903461339811, ""9"": 0.02667074923377638, ""10"": -0.15971381692086373, ""11"": -0.021572970135195248, ""12"": -0.11213733884436129, ""13"": -0.019014780949224083, ""14"": -0.15628888037510139, ""15"": 0.031875049270993334, ""16"": -0.09721842166868679, ""17"": -0.0794736154546013, ""18"": -0.13636027073838114, ""19"": 0.09663493504836708, ""20"": 0.03794787738770011, ""21"": -0.11743393569000846, ""22"": 0.023388180105746607, ""23"": 0.04538484174842393, ""24"": 0.8316747506256271, ""25"": 0.0212483124761098, ""26"": 0.04149853168460892, ""27"": -0.10643902673764302, ""28"": 0.026833295330562286, ""29"": 0.08250125172744532, ""30"": -0.1250314643713927, ""31"": -0.0863992697672485, ""32"": -0.07021278200850402, ""33"": 0.04031171667101543, ""34"": -0.15440646779401798, ""35"": -0.02351456130752291, ""36"": -0.12519522255780766, ""37"": -0.0097000282311722, ""38"": -0.14502795986397504, ""39"": 0.04299654430502571, ""40"": -0.09149869559854434, ""41"": -0.08481131473350544, ""42"": -0.1393020447604569, ""43"": 0.10113483853844314, ""44"": 0.03111232229794583, ""45"": -0.10646598117473466, ""46"": 0.06266750762595868, ""47"": 0.01989817440591067, ""48"": 0.7470789655175348}","[3, 5, 6, 7, 8, 10, 12, 14, 16, 17, 18, 19, 21, 24, 27, 29, 30, 31, 34, 36, 38, 40, 41, 42, 43, 45, 48]","{""24"": 1090.403029335582, ""48"": 2030.2897554016936}","{""24"": 1.9881840208396116e-218, ""48"": 0.0}",1075.559856348354,1400.9281792978531,16.434110265986643,24,1.0,False,,,,,,False
Austria,2024-02-15,ordinary weekday,2024-02-14T08:00:00+01:00,2024-02-14T07:00:00+00:00,2024-02-14T07:00:00+00:00,24,ordinary,enhanced_ordinary_arima_p3_d1_q2,,3,1,2,n,identity,False,,failed,AR roots fail stationarity threshold; MA roots fail invertibility threshold,success,converged,True,True,True,False,False,1256,6,-8458.148555405549,16928.297110811098,16928.36436461414,16959.106455920493,1.0000057208272712,1.0004011054251802,"[""DeprecationWarning: Setting the shape on a NumPy array has been deprecated in NumPy 2.5.\nAs an alternative, you can create a new view using np.reshape (with copy=False if needed)."", ""UserWarning: Non-stationary starting autoregressive parameters found. Using zeros as starting parameters."", ""ConvergenceWarning: Maximum Likelihood optimization failed to converge. Check mle_retvals"", ""DeprecationWarning: Setting the shape on a NumPy array has been deprecated in NumPy 2.5.\nAs an alternative, you can create a new view using np.reshape (with copy=False if needed)."", ""UserWarning: Non-stationary starting autoregressive parameters found. Using zeros as starting parameters.""]",[],1,1232,True,joint Ljung-Box and residual ACF rule,"{""1"": -0.0020195210267628613, ""2"": 0.07903993389842057, ""3"": -0.1857290222441131, ""4"": 0.04604524762139916, ""5"": 0.08337152062813107, ""6"": -0.09588544995823346, ""7"": -0.0135452863582573, ""8"": -0.11890207675790833, ""9"": 0.06345256831076927, ""10"": -0.21361002273621318, ""11"": 0.01064370201737281, ""12"": -0.20067444490876093, ""13"": 0.014965752601574287, ""14"": -0.20994108163666161, ""15"": 0.06965206825205324, ""16"": -0.1344388268836948, ""17"": -0.019730508316094103, ""18"": -0.11448520779345536, ""19"": 0.0884593513100669, ""20"": 0.03934986335728068, ""21"": -0.1763796256888062, ""22"": 0.09131603347557983, ""23"": 0.018135000552441667, ""24"": 0.8389403946923697, ""25"": 0.00036775506761529844, ""26"": 0.108301445802535, ""27"": -0.16801597483157013, ""28"": 0.03482052716159418, ""29"": 0.07024937966768605, ""30"": -0.10340438706933357, ""31"": -0.02790119117470058, ""32"": -0.10514747264724263, ""33"": 0.07671388095183444, ""34"": -0.2069945554523706, ""35"": 0.009326276430574699, ""36"": -0.21262122578879453, ""37"": 0.025324890457084553, ""38"": -0.19741710130216528, ""39"": 0.08294416539568822, ""40"": -0.13031645568289893, ""41"": -0.026270139898573297, ""42"": -0.12215753657752304, ""43"": 0.089766634639509, ""44"": 0.03807843613540454, ""45"": -0.1582459308307345, ""46"": 0.12151908374585917, ""47"": -0.006326014881368246, ""48"": 0.7579946336537875}","[2, 3, 5, 6, 8, 10, 12, 14, 16, 18, 19, 21, 22, 24, 26, 27, 30, 32, 33, 34, 36, 38, 39, 40, 42, 43, 45, 46, 48]","{""24"": 1251.2357566589503, ""48"": 2359.101744101044}","{""24"": 9.898144856831158e-254, ""48"": 0.0}",,,,0,0.0,False,,,,,,False
Austria,2024-02-15,ordinary weekday,2024-02-14T08:00:00+01:00,2024-02-14T07:00:00+00:00,2024-02-14T07:00:00+00:00,24,ordinary,enhanced_ordinary_arima_p3_d1_q3,,3,1,3,n,identity,False,,completed,,success,converged,True,True,True,True,True,1256,7,-8375.109108031276,16764.218216062553,16764.307959652295,16800.162452023513,1.2717448606451074,1.0246174631512242,"[""DeprecationWarning: Setting the shape on a NumPy array has been deprecated in NumPy 2.5.\nAs an alternative, you can create a new view using np.reshape (with copy=False if needed).""]",[],0,1232,True,joint Ljung-Box and residual ACF rule,"{""1"": 0.004448300615177512, ""2"": -0.016540025657419775, ""3"": 0.0008854287264446883, ""4"": 0.008640609889596237, ""5"": 0.02445654244818742, ""6"": -0.052870930748312096, ""7"": -0.028240347642824154, ""8"": -0.011425263111998823, ""9"": 0.09425106330401076, ""10"": -0.11249715096056458, ""11"": 0.021905016779277385, ""12"": -0.0407781283660689, ""13"": 0.02427781761360895, ""14"": -0.11758556283581378, ""15"": 0.08581420091624913, ""16"": -0.02834138245776316, ""17"": -0.04517806883544304, ""18"": -0.09128357206299302, ""19"": 0.036263043639411574, ""20"": 0.002455957702969323, ""21"": -0.05429809915157716, ""22"": 0.0040903421325256956, ""23"": 0.02578665194148448, ""24"": 0.7960270955013019, ""25"": -0.009669901025893853, ""26"": 0.02655142639932044, ""27"": -0.048319957189188044, ""28"": -0.027379025214061235, ""29"": 0.020064747844651214, ""30"": -0.08757428607249156, ""31"": -0.07250847388827102, ""32"": -0.02049538860653133, ""33"": 0.07778885976724598, ""34"": -0.1375812029264847, ""35"": -0.002936029311014004, ""36"": -0.07514113031649741, ""37"": 0.008212178002108411, ""38"": -0.13553613925618344, ""39"": 0.06973122599492401, ""40"": -0.04458998552177006, ""41"": -0.08009181874658008, ""42"": -0.1180532967727861, ""43"": 0.033988922516866624, ""44"": -0.029058395498683248, ""45"": -0.07409604684589305, ""46"": 0.03133779886811866, ""47"": -0.019115031250112498, ""48"": 0.6903010256637702}","[9, 10, 14, 15, 18, 24, 30, 33, 34, 36, 38, 41, 42, 45, 48]","{""24"": 880.1423358498051, ""48"": 1622.695708972169}","{""24"": 2.6923532136394175e-175, ""48"": 0.0}",865.1991427158663,1006.5627292331473,12.186221776623375,24,1.0,False,,,,,,False
Austria,2024-02-15,ordinary weekday,2024-02-14T08:00:00+01:00,2024-02-14T07:00:00+00:00,2024-02-14T07:00:00+00:00,24,ordinary,enhanced_ordinary_arima_p4_d1_q1,,4,1,1,n,identity,False,,completed,,success,converged,True,True,True,True,True,1256,6,-8444.171327639626,16900.34265527925,16900.409909082293,16931.152000388647,1.313536840940723,3.376218543348934,"[""DeprecationWarning: Setting the shape on a NumPy array has been deprecated in NumPy 2.5.\nAs an alternative, you can create a new view using np.reshape (with copy=False if needed).""]",[],0,1232,True,joint Ljung-Box and residual ACF rule,"{""1"": 0.011087370934083242, ""2"": -0.010401976007129438, ""3"": -0.08553793786556471, ""4"": 0.033298515355677225, ""5"": 0.07836239058249224, ""6"": -0.14012816427543912, ""7"": -0.08483094801398873, ""8"": -0.08048441847140379, ""9"": 0.02995073428853152, ""10"": -0.1513104436653698, ""11"": -0.011355433610027799, ""12"": -0.09348596463495454, ""13"": -0.009561136683245668, ""14"": -0.14873131024686673, ""15"": 0.03451195695510232, ""16"": -0.0930416227393221, ""17"": -0.08925350199334584, ""18"": -0.151444538974557, ""19"": 0.0858215787958034, ""20"": 0.03280420142828968, ""21"": -0.10102074000645955, ""22"": 0.02234417529486694, ""23"": 0.039724333031086065, ""24"": 0.8301657320177542, ""25"": 0.013764843521223485, ""26"": 0.04060699398845414, ""27"": -0.09042915327238377, ""28"": 0.020172683599679685, ""29"": 0.07295831142797185, ""30"": -0.1389143699508948, ""31"": -0.09669258538126883, ""32"": -0.06662013279384744, ""33"": 0.04263505590865118, ""34"": -0.1468290203261264, ""35"": -0.013231344198001895, ""36"": -0.10653981308622293, ""37"": -0.0006947083047093854, ""38"": -0.13884951218706862, ""39"": 0.04424915852288074, ""40"": -0.08721588249745522, ""41"": -0.09390792196428337, ""42"": -0.1523597816288329, ""43"": 0.09272123362560715, ""44"": 0.02456924890994633, ""45"": -0.0929291014216965, ""46"": 0.06266946662562407, ""47"": 0.014906194948242552, ""48"": 0.7459657520252821}","[3, 5, 6, 7, 8, 10, 12, 14, 16, 17, 18, 19, 21, 24, 27, 30, 31, 34, 36, 38, 40, 41, 42, 43, 45, 48]","{""24"": 1072.3618564093413, ""48"": 1998.7355234530444}","{""24"": 1.8579837599170515e-215, ""48"": 0.0}",1124.0244248212573,1457.422851938247,17.161528302538585,24,1.0,False,,,,,,False
Austria,2024-02-15,ordinary weekday,2024-02-14T08:00:00+01:00,2024-02-14T07:00:00+00:00,2024-02-14T07:00:00+00:00,24,ordinary,enhanced_ordinary_arima_p4_d1_q2,,4,1,2,n,identity,False,,completed,,success,converged,True,True,True,True,True,1256,7,-8432.603783525907,16879.207567051813,16879.297310641556,16915.151803012774,1.3819757892089226,1.4104412245616926,"[""DeprecationWarning: Setting the shape on a NumPy array has been deprecated in NumPy 2.5.\nAs an alternative, you can create a new view using np.reshape (with copy=False if needed)."", ""UserWarning: Non-stationary starting autoregressive parameters found. Using zeros as starting parameters."", ""UserWarning: Non-invertible starting MA parameters found. Using zeros as starting parameters.""]",[],0,1232,True,joint Ljung-Box and residual ACF rule,"{""1"": -0.0013404999751112712, ""2"": -0.025444515280345397, ""3"": -0.022597306443096488, ""4"": 0.012033178234432776, ""5"": 0.008451157564418254, ""6"": -0.1015123873663083, ""7"": -0.10975896409383802, ""8"": -0.07319735438122446, ""9"": 0.04840286303490728, ""10"": -0.15892480277604193, ""11"": -0.0006278599653794359, ""12"": -0.07257441786142374, ""13"": 0.0010310997950747072, ""14"": -0.1557958378321332, ""15"": 0.04781281733211504, ""16"": -0.08308846005719528, ""17"": -0.10897216374873905, ""18"": -0.12480735255986948, ""19"": 0.029819163707393768, ""20"": 0.018255637202712727, ""21"": -0.05614284349461106, ""22"": 0.012310654661427523, ""23"": 0.03886406561639259, ""24"": 0.8193221827086956, ""25"": 0.005584845533751725, ""26"": 0.036606310515758696, ""27"": -0.04604198505932058, ""28"": -0.0019467844401476594, ""29"": 0.023633206217488895, ""30"": -0.11072035942586937, ""31"": -0.11993276015427776, ""32"": -0.05634382276083765, ""33"": 0.056315286567677814, ""34"": -0.1548658692115497, ""35"": -0.0011215201605558796, ""36"": -0.0856128084554523, ""37"": 0.010487572175401732, ""38"": -0.14814130101908526, ""39"": 0.05453578316285352, ""40"": -0.07397258732258216, ""41"": -0.11541960739117807, ""42"": -0.12803990108250926, ""43"": 0.047409280036645594, ""44"": 0.006609160110601473, ""45"": -0.05517368187095376, ""46"": 0.057888060490753394, ""47"": 0.013386967408732015, ""48"": 0.7334846934432836}","[6, 7, 10, 14, 16, 17, 18, 24, 30, 31, 34, 36, 38, 40, 41, 42, 48]","{""24"": 1005.5421816546715, ""48"": 1871.127862873211}","{""24"": 4.588632751218622e-202, ""48"": 0.0}",1153.214352066745,1489.7833806812116,17.592727573911755,24,1.0,False,,,,,,False
Austria,2024-03-31,spring-DST Sunday,2024-03-30T08:00:00+01:00,2024-03-30T07:00:00+00:00,2024-03-30T07:00:00+00:00,23,ordinary,enhanced_ordinary_arima_p1_d1_q1,,1,1,1,n,identity,False,,completed,,success,converged,True,True,True,True,True,2336,3,-15944.217164266483,31894.434328532967,31894.444620128164,31911.70163004328,1.5034789298108382,2.949071583965784,"[""DeprecationWarning: Setting the shape on a NumPy array has been deprecated in NumPy 2.5.\nAs an alternative, you can create a new view using np.reshape (with copy=False if needed).""]",[],0,2312,True,joint Ljung-Box and residual ACF rule,"{""1"": 0.09419919805302572, ""2"": 0.1771995808419705, ""3"": -0.2796367591345867, ""4"": -0.06787999697180011, ""5"": -0.14410643669558093, ""6"": -0.201101827732351, ""7"": -0.0828254558181229, ""8"": -0.0966966999055028, ""9"": 0.04961687763019951, ""10"": -0.12012311316108487, ""11"": 0.17363768425953263, ""12"": 0.043737410828808616, ""13"": 0.17638487349551563, ""14"": -0.12677598852890842, ""15"": 0.045686996542640274, ""16"": -0.11125703363515196, ""17"": -0.08771955206139596, ""18"": -0.21040817210234664, ""19"": -0.12494777492984717, ""20"": -0.05427324964392559, ""21"": -0.25093816724074136, ""22"": 0.17063479242919385, ""23"": 0.10533446275221171, ""24"": 0.8654385245317353, ""25"": 0.09733769473257299, ""26"": 0.17961760122033393, ""27"": -0.24950697918806963, ""28"": -0.05846866243678626, ""29"": -0.13780005722227642, ""30"": -0.20181947008223627, ""31"": -0.09389361901421957, ""32"": -0.08594693161265755, ""33"": 0.05770659613107529, ""34"": -0.11613816845689237, ""35"": 0.17387520982063234, ""36"": 0.02579860362713307, ""37"": 0.18105438377431773, ""38"": -0.12552436258162855, ""39"": 0.05231322079594204, ""40"": -0.10654942602987545, ""41"": -0.09103835108867257, ""42"": -0.21287554766396571, ""43"": -0.11855631703715022, ""44"": -0.03929748830285364, ""45"": -0.23055580074007725, ""46"": 0.18300140208110094, ""47"": 0.08157418934301489, ""48"": 0.798431932507713}","[1, 2, 3, 4, 5, 6, 7, 8, 10, 11, 13, 14, 16, 17, 18, 19, 20, 21, 22, 23, 24, 25, 26, 27, 28, 29, 30, 31, 32, 33, 34, 35, 37, 38, 40, 41, 42, 43, 45, 46, 47, 48]","{""24"": 2878.8889751067086, ""48"": 5457.522123754095}","{""24"": 0.0, ""48"": 0.0}",1456.9416376491658,1519.2640336743632,29.04500127553865,23,1.0,False,,,,,,False
Austria,2024-03-31,spring-DST Sunday,2024-03-30T08:00:00+01:00,2024-03-30T07:00:00+00:00,2024-03-30T07:00:00+00:00,23,ordinary,enhanced_ordinary_arima_p1_d1_q2,,1,1,2,n,identity,False,,completed,,success,converged,True,True,True,True,True,2336,4,-15723.242042366475,31454.484084732954,31454.501244750118,31477.507153413368,2.5216353693882523,1.3268432790942566,"[""DeprecationWarning: Setting the shape on a NumPy array has been deprecated in NumPy 2.5.\nAs an alternative, you can create a new view using np.reshape (with copy=False if needed).""]",[],0,2312,True,joint Ljung-Box and residual ACF rule,"{""1"": 0.021352653515044836, ""2"": -0.015071944103225437, ""3"": -0.018376753933526616, ""4"": -0.0669980560723074, ""5"": -0.09373452079130327, ""6"": -0.1641155031697486, ""7"": -0.1225610423967769, ""8"": -0.03734180014964257, ""9"": 0.03517607317705509, ""10"": -0.14665084056908648, ""11"": 0.08746046746661863, ""12"": 0.09687662217494433, ""13"": 0.09834722202973277, ""14"": -0.15562302390612334, ""15"": 0.02051530948086227, ""16"": -0.03264349878807508, ""17"": -0.12245078815767728, ""18"": -0.19923277377615986, ""19"": -0.0601123812246078, ""20"": -0.03720357902670455, ""21"": -0.06826165129224543, ""22"": 0.019624839082763787, ""23"": 0.06923718753891271, ""24"": 0.8191263575617197, ""25"": 0.04175566399123653, ""26"": 0.04160391954286889, ""27"": -0.05878103610570104, ""28"": -0.05844048884977214, ""29"": -0.059470767940799835, ""30"": -0.18527744086711956, ""31"": -0.13431947304346478, ""32"": -0.010975026318491125, ""33"": 0.029535573915929886, ""34"": -0.14202107143340761, ""35"": 0.09634234026930873, ""36"": 0.0727559418018215, ""37"": 0.10983866472014892, ""38"": -0.15088029689736604, ""39"": 0.014570819797169874, ""40"": -0.01608856533921716, ""41"": -0.12601093166618488, ""42"": -0.21096757000443564, ""43"": -0.03844801796237028, ""44"": -0.03226710978288477, ""45"": -0.07698269311690137, ""46"": 0.055708466891428894, ""47"": 0.052494219245393436, ""48"": 0.7378911224698154}","[4, 5, 6, 7, 10, 11, 12, 13, 14, 17, 18, 19, 21, 23, 24, 27, 28, 29, 30, 31, 34, 35, 36, 37, 38, 41, 42, 45, 46, 48]","{""24"": 2039.6390935957868, ""48"": 3824.6434365139544}","{""24"": 0.0, ""48"": 0.0}",1144.776998216635,1223.1436377189764,22.97111012362195,23,1.0,False,,,,,,False
Austria,2024-03-31,spring-DST Sunday,2024-03-30T08:00:00+01:00,2024-03-30T07:00:00+00:00,2024-03-30T07:00:00+00:00,23,ordinary,enhanced_ordinary_arima_p1_d1_q3,,1,1,3,n,identity,False,,completed,,success,converged,True,True,True,True,True,2336,5,-15716.77631276616,31443.55262553232,31443.57837660528,31472.33146138284,5.631548665860954,1.2846234519886002,"[""DeprecationWarning: Setting the shape on a NumPy array has been deprecated in NumPy 2.5.\nAs an alternative, you can create a new view using np.reshape (with copy=False if needed).""]",[],0,2312,True,joint Ljung-Box and residual ACF rule,"{""1"": 0.004678236770153257, ""2"": -0.0014601106873366508, ""3"": -0.00910403024514055, ""4"": -0.020788874244387318, ""5"": -0.12287791379998315, ""6"": -0.17095988370018628, ""7"": -0.10507388744222049, ""8"": -0.0573467362142046, ""9"": 0.03962222384820322, ""10"": -0.1532454280822859, ""11"": 0.08225899469581485, ""12"": 0.08637086207517111, ""13"": 0.102943889721878, ""14"": -0.17222480711264215, ""15"": 0.023419064576268453, ""16"": -0.04063125958519956, ""17"": -0.11337340538561638, ""18"": -0.21075192119755187, ""19"": -0.07563732018209289, ""20"": -0.00021726487097055417, ""21"": -0.06712030123499726, ""22"": 0.03695616447585122, ""23"": 0.05786258941323397, ""24"": 0.8137199637030872, ""25"": 0.026973708571675414, ""26"": 0.05966838292291261, ""27"": -0.054334882885520505, ""28"": -0.023859572331694334, ""29"": -0.07780724281716123, ""30"": -0.18899375498188672, ""31"": -0.12629276119661845, ""32"": -0.026261245411046054, ""33"": 0.03876816018133865, ""34"": -0.15618467880828232, ""35"": 0.09198365580601137, ""36"": 0.06908654688878053, ""37"": 0.11110132544574307, ""38"": -0.17043978851314784, ""39"": 0.02229991408717129, ""40"": -0.025002230166447877, ""41"": -0.11990082411222162, ""42"": -0.21864132841283343, ""43"": -0.051438578426152216, ""44"": -6.291577379259829e-05, ""45"": -0.07828681585617667, ""46"": 0.07396321160752069, ""47"": 0.04217042326302729, ""48"": 0.732095665344474}","[5, 6, 7, 8, 10, 11, 12, 13, 14, 17, 18, 19, 21, 23, 24, 26, 27, 29, 30, 31, 34, 35, 36, 37, 38, 41, 42, 45, 46, 48]","{""24"": 2044.182475531378, ""48"": 3842.2138282892333}","{""24"": 0.0, ""48"": 0.0}",1061.0262672641693,1145.1387372441793,21.34150185001597,23,1.0,False,,,,,,False
Austria,2024-03-31,spring-DST Sunday,2024-03-30T08:00:00+01:00,2024-03-30T07:00:00+00:00,2024-03-30T07:00:00+00:00,23,ordinary,enhanced_ordinary_arima_p2_d1_q1,,2,1,1,n,identity,False,,completed,,success,converged,True,True,True,True,True,2336,4,-15772.16849591248,31552.33699182496,31552.35415184212,31575.360060505373,1.1922962556059422,2.40750168470023,"[""DeprecationWarning: Setting the shape on a NumPy array has been deprecated in NumPy 2.5.\nAs an alternative, you can create a new view using np.reshape (with copy=False if needed).""]",[],0,2312,True,joint Ljung-Box and residual ACF rule,"{""1"": 0.014626233406229225, ""2"": 0.041991589750822116, ""3"": -0.22087297386521734, ""4"": 0.11478467084941013, ""5"": 0.06797897319192539, ""6"": -0.09430995722587054, ""7"": -0.025976555667876523, ""8"": -0.06373735710381527, ""9"": -0.013899081576619825, ""10"": -0.25373164861239483, ""11"": 0.030735501922542794, ""12"": -0.0581591325196588, ""13"": 0.037161697549871, ""14"": -0.2561414873898409, ""15"": -0.01349050698438826, ""16"": -0.07526247139849764, ""17"": -0.03631955274107615, ""18"": -0.11727235396355379, ""19"": 0.06577893593243997, ""20"": 0.10579428622855966, ""21"": -0.21302520347847598, ""22"": 0.04796383751614347, ""23"": 0.03130055925284157, ""24"": 0.8472138788873037, ""25"": 0.019824345854503822, ""26"": 0.06241386551438055, ""27"": -0.20277601334331835, ""28"": 0.10449055427779186, ""29"": 0.057756408257619136, ""30"": -0.10521779620463202, ""31"": -0.04354656006498613, ""32"": -0.05060870229614941, ""33"": -0.00035512168900258444, ""34"": -0.2443717333535824, ""35"": 0.03414020983365228, ""36"": -0.07429141240226773, ""37"": 0.04795600809054262, ""38"": -0.24736798201068608, ""39"": -0.0020099250199859635, ""40"": -0.06646998586910849, ""41"": -0.04150511446695191, ""42"": -0.12703218956575762, ""43"": 0.060579359340732504, ""44"": 0.10804687146605316, ""45"": -0.19610243207272365, ""46"": 0.07124669132175751, ""47"": 0.009759056858924387, ""48"": 0.7742672856254851}","[3, 4, 5, 6, 8, 10, 12, 14, 16, 18, 19, 20, 21, 24, 26, 27, 28, 29, 30, 34, 36, 38, 40, 42, 43, 44, 45, 46, 48]","{""24"": 2383.5703778633306, ""48"": 4473.302092739517}","{""24"": 0.0, ""48"": 0.0}",670.3092629676883,777.3498755714193,13.678416016068018,23,1.0,False,,,,,,False
Austria,2024-03-31,spring-DST Sunday,2024-03-30T08:00:00+01:00,2024-03-30T07:00:00+00:00,2024-03-30T07:00:00+00:00,23,ordinary,enhanced_ordinary_arima_p2_d1_q2,,2,1,2,n,identity,False,,completed,,success,converged,True,True,True,True,True,2336,5,-15715.83526183878,31441.67052367756,31441.69627475052,31470.44935952808,2.714962068509628,1.3261587099862089,"[""DeprecationWarning: Setting the shape on a NumPy array has been deprecated in NumPy 2.5.\nAs an alternative, you can create a new view using np.reshape (with copy=False if needed).""]",[],0,2312,True,joint Ljung-Box and residual ACF rule,"{""1"": 0.0015751262401788215, ""2"": -0.00416634023561069, ""3"": 1.78294908584894e-05, ""4"": -0.016429720086760552, ""5"": -0.10758798114724949, ""6"": -0.18085819841361392, ""7"": -0.11017043386110671, ""8"": -0.04748003852624165, ""9"": 0.03283503372134774, ""10"": -0.15957653984800302, ""11"": 0.08018738213815009, ""12"": 0.08562880706747697, ""13"": 0.0969507645769506, ""14"": -0.17560554283768165, ""15"": 0.018371332018974312, ""16"": -0.034979494323034356, ""17"": -0.11657161062099476, ""18"": -0.21747379227851554, ""19"": -0.06526301089906683, ""20"": 0.0040135858906368916, ""21"": -0.057639393943455776, ""22"": 0.032977055945280415, ""23"": 0.05451526374384218, ""24"": 0.8153912225454572, ""25"": 0.024096154672743838, ""26"": 0.055434602985278233, ""27"": -0.04537742532544568, ""28"": -0.018999265021598325, ""29"": -0.06621251439058694, ""30"": -0.19679922034756364, ""31"": -0.12949872584386798, ""32"": -0.01876330307529671, ""33"": 0.03197629943056244, ""34"": -0.160589951758931, ""35"": 0.08913225786335106, ""36"": 0.0675868558905415, ""37"": 0.10656701941791123, ""38"": -0.1735462962428385, ""39"": 0.01634876919251322, ""40"": -0.019131088885789817, ""41"": -0.12225270396309247, ""42"": -0.2249978157879187, ""43"": -0.0419690406506646, ""44"": 0.003818629440980501, ""45"": -0.0693274086488386, ""46"": 0.06958079866633131, ""47"": 0.03911092833117944, ""48"": 0.7346422861969666}","[5, 6, 7, 10, 11, 12, 13, 14, 17, 18, 19, 21, 23, 24, 26, 29, 30, 31, 34, 35, 36, 37, 38, 41, 42, 45, 46, 48]","{""24"": 2051.629784613485, ""48"": 3858.9408027822233}","{""24"": 0.0, ""48"": 0.0}",1025.633794340456,1112.4255784661443,20.652840791303102,23,1.0,False,,,,,,False
Austria,2024-03-31,spring-DST Sunday,2024-03-30T08:00:00+01:00,2024-03-30T07:00:00+00:00,2024-03-30T07:00:00+00:00,23,ordinary,enhanced_ordinary_arima_p2_d1_q3,,2,1,3,n,identity,False,,completed,,success,converged,True,True,True,True,True,2336,6,-15591.181326428305,31194.36265285661,31194.398719838147,31228.897255877226,1.3909074701698352,1.0145803964078215,"[""DeprecationWarning: Setting the shape on a NumPy array has been deprecated in NumPy 2.5.\nAs an alternative, you can create a new view using np.reshape (with copy=False if needed).""]",[],0,2312,True,joint Ljung-Box and residual ACF rule,"{""1"": -0.012268644132153363, ""2"": -0.011087556795409416, ""3"": 0.020648384240241322, ""4"": 0.061861089700118735, ""5"": 0.004873263037097872, ""6"": -0.10377255751342415, ""7"": -0.041679384808089776, ""8"": 0.017879046178722123, ""9"": 0.05611661256966271, ""10"": -0.16380951642789815, ""11"": 0.07503591950243509, ""12"": 0.07412653581649124, ""13"": 0.0853139345244504, ""14"": -0.18003893687152428, ""15"": 0.03732586542822819, ""16"": 0.01433154590654761, ""17"": -0.05929282376210303, ""18"": -0.1535772577932147, ""19"": 0.019469314361492573, ""20"": 0.059813973860830726, ""21"": -0.051861456008698514, ""22"": 0.004923068383895794, ""23"": 0.018838833302705735, ""24"": 0.7962773245429692, ""25"": -0.011681604522726078, ""26"": 0.02395026201547193, ""27"": -0.0445275566022774, ""28"": 0.03246420955418301, ""29"": 0.009814549078410463, ""30"": -0.14691204860728005, ""31"": -0.08638850277328229, ""32"": 0.016409749068532622, ""33"": 0.029976479257708927, ""34"": -0.18669847306877588, ""35"": 0.058309487972459356, ""36"": 0.030112003055980635, ""37"": 0.0725958857350435, ""38"": -0.20030291358639316, ""39"": 0.010861492710998469, ""40"": 0.005046079536395423, ""41"": -0.08927982705024759, ""42"": -0.18747777785527403, ""43"": 0.013410472269697908, ""44"": 0.034969056535143976, ""45"": -0.08388850123326984, ""46"": 0.02060396693335456, ""47"": -0.016697683579726185, ""48"": 0.6964128006868243}","[4, 6, 9, 10, 11, 12, 13, 14, 17, 18, 20, 24, 30, 31, 34, 35, 37, 38, 41, 42, 45, 48]","{""24"": 1794.1825900991723, ""48"": 3342.3845904678665}","{""24"": 0.0, ""48"": 0.0}",1361.3060526705117,1427.7355672106942,27.18372352966322,23,1.0,False,,,,,,False
Austria,2024-03-31,spring-DST Sunday,2024-03-30T08:00:00+01:00,2024-03-30T07:00:00+00:00,2024-03-30T07:00:00+00:00,23,ordinary,enhanced_ordinary_arima_p3_d1_q1,,3,1,1,n,identity,False,,completed,,success,converged,True,True,True,True,True,2336,5,-15740.935749975406,31491.87149995081,31491.897251023773,31520.65033580133,1.2805966344745694,2.068255389803005,"[""DeprecationWarning: Setting the shape on a NumPy array has been deprecated in NumPy 2.5.\nAs an alternative, you can create a new view using np.reshape (with copy=False if needed).""]",[],0,2312,True,joint Ljung-Box and residual ACF rule,"{""1"": 0.020017741561486353, ""2"": -0.03203249259674554, ""3"": -0.12723287291996183, ""4"": 0.09347496427804368, ""5"": 0.07316101005026301, ""6"": -0.18196099337155283, ""7"": -0.06990166454925992, ""8"": -0.040098538879930624, ""9"": -0.014194857377230186, ""10"": -0.22103700618888822, ""11"": 0.039287862636204346, ""12"": 0.024219649754475745, ""13"": 0.04503372478910341, ""14"": -0.22512264850382624, ""15"": -0.015421046671817496, ""16"": -0.04613344773499448, ""17"": -0.07747186374915392, ""18"": -0.1963891003047444, ""19"": 0.07216943546939913, ""20"": 0.09247101800419373, ""21"": -0.14097330041190065, ""22"": -0.009387127278978375, ""23"": 0.04648496281077349, ""24"": 0.8417719227985481, ""25"": 0.029285626397543858, ""26"": 0.0047735220974712824, ""27"": -0.12950197160612348, ""28"": 0.08532239013223694, ""29"": 0.06710905377737611, ""30"": -0.18262399330596008, ""31"": -0.08657562797743583, ""32"": -0.023761171728620443, ""33"": -0.0038042441426910886, ""34"": -0.21336215385614413, ""35"": 0.04227967821243095, ""36"": 0.006071470427803886, ""37"": 0.056028362401961934, ""38"": -0.2182231705482958, ""39"": -0.008759747416598542, ""40"": -0.03518391535802533, ""41"": -0.0807042647369468, ""42"": -0.2008851697099076, ""43"": 0.07066222304221802, ""44"": 0.09151863092036684, ""45"": -0.13278055914722522, ""46"": 0.019814098877552894, ""47"": 0.027292972891754842, ""48"": 0.7675288490445119}","[3, 4, 5, 6, 7, 10, 14, 17, 18, 19, 20, 21, 24, 27, 28, 29, 30, 31, 34, 37, 38, 41, 42, 43, 44, 45, 48]","{""24"": 2257.127401377815, ""48"": 4235.2593534456655}","{""24"": 0.0, ""48"": 0.0}",735.5380468997727,847.1814724380797,14.991732832074552,23,1.0,False,,,,,,False
Austria,2024-03-31,spring-DST Sunday,2024-03-30T08:00:00+01:00,2024-03-30T07:00:00+00:00,2024-03-30T07:00:00+00:00,23,ordinary,enhanced_ordinary_arima_p3_d1_q2,,3,1,2,n,identity,False,,completed,,success,converged,True,True,True,True,True,2336,6,-15713.380416539389,31438.760833078777,31438.796900060315,31473.295436099397,1.7950498890838535,1.441345238815623,"[""DeprecationWarning: Setting the shape on a NumPy array has been deprecated in NumPy 2.5.\nAs an alternative, you can create a new view using np.reshape (with copy=False if needed)."", ""UserWarning: Non-stationary starting autoregressive parameters found. Using zeros as starting parameters."", ""UserWarning: Non-invertible starting MA parameters found. Using zeros as starting parameters.""]",[],0,2312,True,joint Ljung-Box and residual ACF rule,"{""1"": -0.00391888245420136, ""2"": -0.019670059323153487, ""3"": 0.0022628381934367997, ""4"": -0.005560302307518314, ""5"": -0.05628291747343176, ""6"": -0.1935767680097507, ""7"": -0.11992796514710902, ""8"": -0.02379206234063707, ""9"": 0.016363395971956043, ""10"": -0.17357155819948142, ""11"": 0.07356359622018324, ""12"": 0.07938489450558, ""13"": 0.08257133045897681, ""14"": -0.18272400113684242, ""15"": 0.005768395004763004, ""16"": -0.02104605739166592, ""17"": -0.12131828229979941, ""18"": -0.2231012358423996, ""19"": -0.028117922852170567, ""20"": 0.014397979161372221, ""21"": -0.05022109800916599, ""22"": 0.014403639848427066, ""23"": 0.04622001576843829, ""24"": 0.8206105415965451, ""25"": 0.018170056716501112, ""26"": 0.03545454331104155, ""27"": -0.039087603710033905, ""28"": -0.005841895767764249, ""29"": -0.027207581258175812, ""30"": -0.20583951907860978, ""31"": -0.13379898242791283, ""32"": -0.000825401865755317, ""33"": 0.015661837280949963, ""34"": -0.16977357608267976, ""35"": 0.08085536584159686, ""36"": 0.05906413285586244, ""37"": 0.0947341280753159, ""38"": -0.17903716207466744, ""39"": 0.0024462793203344126, ""40"": -0.005541526750931981, ""41"": -0.12470854090086034, ""42"": -0.23026343667894889, ""43"": -0.009433855460060219, ""44"": 0.013980531788533137, ""45"": -0.06026792110718552, ""46"": 0.04989243483230556, ""47"": 0.030835119980974046, ""48"": 0.7420383036159025}","[5, 6, 7, 10, 11, 12, 13, 14, 17, 18, 24, 30, 31, 34, 35, 36, 37, 38, 41, 42, 45, 48]","{""24"": 2061.2645062362676, ""48"": 3880.2411570271065}","{""24"": 0.0, ""48"": 0.0}",950.9562045408398,1043.9747929116795,19.199775697434728,23,1.0,False,,,,,,False
Austria,2024-03-31,spring-DST Sunday,2024-03-30T08:00:00+01:00,2024-03-30T07:00:00+00:00,2024-03-30T07:00:00+00:00,23,ordinary,enhanced_ordinary_arima_p3_d1_q3,,3,1,3,n,identity,False,,completed,,success,converged,True,True,True,True,True,2336,7,-15587.463768683743,31188.927537367486,31188.97564733312,31229.217907558206,1.2946747496108386,1.018486274266176,"[""DeprecationWarning: Setting the shape on a NumPy array has been deprecated in NumPy 2.5.\nAs an alternative, you can create a new view using np.reshape (with copy=False if needed).""]",[],0,2312,True,joint Ljung-Box and residual ACF rule,"{""1"": -0.00024161823744468797, ""2"": -0.020915633842124, ""3"": 0.01298600801606847, ""4"": 0.03585466199847192, ""5"": 0.028726603640153416, ""6"": -0.08445407361035545, ""7"": -0.040895406762669624, ""8"": 0.031860333174322325, ""9"": 0.05486597708535893, ""10"": -0.15619250284357625, ""11"": 0.07546487390340266, ""12"": 0.07478240019907208, ""13"": 0.08179792074524089, ""14"": -0.16877275877628078, ""15"": 0.035079890544483544, ""16"": 0.02159614866726099, ""17"": -0.05677040755617131, ""18"": -0.13583323309083636, ""19"": 0.034068998377953554, ""20"": 0.03691983107810011, ""21"": -0.057938360289842464, ""22"": -0.009164943081615591, ""23"": 0.024464916944969713, ""24"": 0.7949247253869893, ""25"": -0.0045605312603075356, ""26"": 0.009341008078576574, ""27"": -0.05243575061004589, ""28"": 0.009621768859190081, ""29"": 0.02429422153113225, ""30"": -0.13443339194027518, ""31"": -0.08524815155848606, ""32"": 0.024933650397411886, ""33"": 0.023293717915167014, ""34"": -0.17915688214177244, ""35"": 0.055167479524378206, ""36"": 0.02463134680043395, ""37"": 0.06701988479472645, ""38"": -0.19051634753572255, ""39"": 0.003997483467465212, ""40"": 0.009657355182390514, ""41"": -0.08898846346405899, ""42"": -0.17523071807917928, ""43"": 0.023540728475823877, ""44"": 0.012199773221168051, ""45"": -0.09027406635810269, ""46"": 0.004007669507098579, ""47"": -0.014493309882942515, ""48"": 0.6924206189560851}","[6, 9, 10, 11, 12, 13, 14, 17, 18, 21, 24, 30, 31, 34, 35, 37, 38, 41, 42, 45, 48]","{""24"": 1748.2953166390741, ""48"": 3244.311652002627}","{""24"": 0.0, ""48"": 0.0}",1347.0328903721015,1413.8008239693083,26.90412872600179,23,1.0,False,,,,,,False
Austria,2024-03-31,spring-DST Sunday,2024-03-30T08:00:00+01:00,2024-03-30T07:00:00+00:00,2024-03-30T07:00:00+00:00,23,ordinary,enhanced_ordinary_arima_p4_d1_q1,,4,1,1,n,identity,False,,completed,,success,converged,True,True,True,True,True,2336,6,-15737.972033927776,31487.944067855555,31487.980134837093,31522.47867087617,1.3287728105355054,2.5219315247597,"[""DeprecationWarning: Setting the shape on a NumPy array has been deprecated in NumPy 2.5.\nAs an alternative, you can create a new view using np.reshape (with copy=False if needed).""]",[],0,2312,True,joint Ljung-Box and residual ACF rule,"{""1"": 0.010762071745805141, ""2"": -0.029213955462669465, ""3"": -0.10601453202670377, ""4"": 0.08222676042993786, ""5"": 0.058378414190696906, ""6"": -0.2030851342317686, ""7"": -0.08024632563435961, ""8"": -0.03457708319284683, ""9"": -0.008654667065315433, ""10"": -0.21037421104304665, ""11"": 0.04847252262456234, ""12"": 0.03935503240034887, ""13"": 0.05393585554824491, ""14"": -0.2154521835246968, ""15"": -0.01045343750871624, ""16"": -0.04013464053630486, ""17"": -0.08657985420875962, ""18"": -0.21607033450689014, ""19"": 0.059951306632399635, ""20"": 0.08369977571499436, ""21"": -0.1246626826505512, ""22"": -0.005282134748774583, ""23"": 0.04128811095461581, ""24"": 0.8404350709612436, ""25"": 0.022813348474891106, ""26"": 0.008878596356392092, ""27"": -0.1134668779659209, ""28"": 0.07498827308753764, ""29"": 0.055556534439411484, ""30"": -0.20155742372547275, ""31"": -0.09632740785599006, ""32"": -0.018205800825714335, ""33"": 0.00036136631440045745, ""34"": -0.20367030924462567, ""35"": 0.051818052649614754, ""36"": 0.02091516027581457, ""37"": 0.06515705194463167, ""38"": -0.20959497295096471, ""39"": -0.005456393019700168, ""40"": -0.029084461280912396, ""41"": -0.08930672227872304, ""42"": -0.21908071519544506, ""43"": 0.0606614858144872, ""44"": 0.08239046925740548, ""45"": -0.119281375165417, ""46"": 0.024222163701625266, ""47"": 0.023184895644567282, ""48"": 0.7666873791517399}","[3, 4, 5, 6, 7, 10, 13, 14, 17, 18, 19, 20, 21, 24, 27, 28, 29, 30, 31, 34, 37, 38, 41, 42, 43, 44, 45, 48]","{""24"": 2239.240858964099, ""48"": 4210.990655347342}","{""24"": 0.0, ""48"": 0.0}",771.0794294493332,881.1415605698718,15.693186681807084,23,1.0,False,,,,,,False
Austria,2024-03-31,spring-DST Sunday,2024-03-30T08:00:00+01:00,2024-03-30T07:00:00+00:00,2024-03-30T07:00:00+00:00,23,ordinary,enhanced_ordinary_arima_p4_d1_q2,,4,1,2,n,identity,False,,completed,,success,converged,True,True,True,True,True,2336,7,-15701.61904183772,31417.23808367544,31417.286193641077,31457.52845386616,1.453135262735715,1.297530779195044,"[""DeprecationWarning: Setting the shape on a NumPy array has been deprecated in NumPy 2.5.\nAs an alternative, you can create a new view using np.reshape (with copy=False if needed)."", ""UserWarning: Non-stationary starting autoregressive parameters found. Using zeros as starting parameters."", ""UserWarning: Non-invertible starting MA parameters found. Using zeros as starting parameters.""]",[],0,2312,True,joint Ljung-Box and residual ACF rule,"{""1"": -0.010164831963586403, ""2"": -0.029712291603333753, ""3"": -0.020446154516072405, ""4"": 0.02819548470176639, ""5"": -0.02837565646552, ""6"": -0.14848053026171243, ""7"": -0.12400246909241759, ""8"": -0.03185380483109608, ""9"": 0.019684156470556907, ""10"": -0.20249535682399022, ""11"": 0.06100605297899319, ""12"": 0.05702406576436961, ""13"": 0.0665551108545906, ""14"": -0.20531262118540922, ""15"": 0.008347517610369578, ""16"": -0.032491466830625995, ""17"": -0.1197729630285115, ""18"": -0.18287352760925885, ""19"": -0.00654750937208833, ""20"": 0.04425537683147423, ""21"": -0.06736419776867242, ""22"": 0.0018177819725111333, ""23"": 0.037966415953770934, ""24"": 0.8216342111504226, ""25"": 0.010646082813455542, ""26"": 0.02422554439609118, ""27"": -0.057528409961308986, ""28"": 0.02680228074841768, ""29"": -0.0036274653058689255, ""30"": -0.1692725506126496, ""31"": -0.13176090120989062, ""32"": -0.008552609783821222, ""33"": 0.015450793074816158, ""34"": -0.1931948182223191, ""35"": 0.06888742395149305, ""36"": 0.03275477656894541, ""37"": 0.08125363245044526, ""38"": -0.19847024832482654, ""39"": 0.0034555060349772933, ""40"": -0.015333422182224672, ""41"": -0.12097431955254397, ""42"": -0.19487972007134996, ""43"": 0.00942150577247403, ""44"": 0.043533744695751345, ""45"": -0.07562831442448854, ""46"": 0.03808188466908125, ""47"": 0.022274417711617304, ""48"": 0.7423438369446773}","[6, 7, 10, 11, 12, 13, 14, 17, 18, 21, 24, 27, 30, 31, 34, 35, 37, 38, 41, 42, 45, 48]","{""24"": 2028.2451853014365, ""48"": 3807.060853119806}","{""24"": 0.0, ""48"": 0.0}",866.9464521882745,968.0482871700588,17.565041116060705,23,1.0,False,,,,,,False
Austria,2024-04-01,Easter Monday holiday,2024-03-31T08:00:00+02:00,2024-03-31T06:00:00+00:00,2024-03-31T06:00:00+00:00,24,ordinary,enhanced_ordinary_arima_p1_d1_q1,,1,1,1,n,identity,False,,completed,,success,converged,True,True,True,True,True,2359,3,-16095.292187199384,32196.584374398768,32196.59456548157,32213.88108164206,1.5037818650135608,2.9495271601093007,"[""DeprecationWarning: Setting the shape on a NumPy array has been deprecated in NumPy 2.5.\nAs an alternative, you can create a new view using np.reshape (with copy=False if needed).""]",[],0,2335,True,joint Ljung-Box and residual ACF rule,"{""1"": 0.09404782696774465, ""2"": 0.177392878691295, ""3"": -0.2787187009661995, ""4"": -0.06943447673685214, ""5"": -0.1440621644241212, ""6"": -0.2016594922055454, ""7"": -0.08359037003517238, ""8"": -0.0962868768284502, ""9"": 0.04940158361473231, ""10"": -0.11900954734287052, ""11"": 0.17457484704018125, ""12"": 0.04326770362237078, ""13"": 0.17740884972814813, ""14"": -0.1264275702359888, ""15"": 0.04570842590495499, ""16"": -0.11100956271249494, ""17"": -0.0880260570851448, ""18"": -0.2112250831483264, ""19"": -0.12513949702977664, ""20"": -0.05563615728710083, ""21"": -0.2507103599694051, ""22"": 0.17125745289554728, ""23"": 0.10568636187511855, ""24"": 0.8651133817384672, ""25"": 0.09834000050599702, ""26"": 0.18012359759129568, ""27"": -0.24788555534408316, ""28"": -0.05894375868250261, ""29"": -0.1384830359820932, ""30"": -0.2035344625064068, ""31"": -0.09563770650965679, ""32"": -0.08749563984573673, ""33"": 0.058264645353382855, ""34"": -0.11558379651592386, ""35"": 0.17688964528160142, ""36"": 0.026733658286393583, ""37"": 0.181213252888926, ""38"": -0.12434460294542234, ""39"": 0.05108949238740247, ""40"": -0.10492795089348281, ""41"": -0.09258304317672529, ""42"": -0.213873226199371, ""43"": -0.12004933308742043, ""44"": -0.040418320006603274, ""45"": -0.23044301198934972, ""46"": 0.18341945685526698, ""47"": 0.08221415258308698, ""48"": 0.7979985338210531}","[1, 2, 3, 4, 5, 6, 7, 8, 10, 11, 13, 14, 16, 17, 18, 19, 20, 21, 22, 23, 24, 25, 26, 27, 28, 29, 30, 31, 32, 33, 34, 35, 37, 38, 40, 41, 42, 43, 45, 46, 47, 48]","{""24"": 2908.264678042583, ""48"": 5517.056587599601}","{""24"": 0.0, ""48"": 0.0}",504.7408381984449,663.7834323085809,10.202377808796063,24,1.0,False,,,,,,False
Austria,2024-04-01,Easter Monday holiday,2024-03-31T08:00:00+02:00,2024-03-31T06:00:00+00:00,2024-03-31T06:00:00+00:00,24,ordinary,enhanced_ordinary_arima_p1_d1_q2,,1,1,2,n,identity,False,,completed,,success,converged,True,True,True,True,True,2359,4,-15873.114299595276,31754.228599190552,31754.245591543997,31777.29087551494,2.5178331704245984,1.3274509358309994,"[""DeprecationWarning: Setting the shape on a NumPy array has been deprecated in NumPy 2.5.\nAs an alternative, you can create a new view using np.reshape (with copy=False if needed).""]",[],0,2335,True,joint Ljung-Box and residual ACF rule,"{""1"": 0.02155897716352574, ""2"": -0.01567576143654089, ""3"": -0.017659187655683625, ""4"": -0.06840457952278112, ""5"": -0.09334197837969145, ""6"": -0.1647142811020008, ""7"": -0.12315122482371416, ""8"": -0.03633987050784549, ""9"": 0.033925268577257243, ""10"": -0.1447106585043121, ""11"": 0.08816433016086068, ""12"": 0.09566921344458738, ""13"": 0.10012828829437281, ""14"": -0.15513685394527318, ""15"": 0.019388481302227697, ""16"": -0.03098058036808607, ""17"": -0.12309201496899709, ""18"": -0.2004900554860241, ""19"": -0.05921718505806084, ""20"": -0.038503826447496475, ""21"": -0.06884143835918394, ""22"": 0.020339151543812346, ""23"": 0.06970941993905365, ""24"": 0.8181762321367005, ""25"": 0.043557888738473986, ""26"": 0.041078409472277776, ""27"": -0.05797071725545199, ""28"": -0.05829054444228003, ""29"": -0.06025674318779437, ""30"": -0.18625486243598693, ""31"": -0.13587613991302447, ""32"": -0.011377873664591016, ""33"": 0.02951831642471375, ""34"": -0.1416908330120225, ""35"": 0.09909581894713455, ""36"": 0.07312854923930703, ""37"": 0.11004753540532314, ""38"": -0.14932827608615876, ""39"": 0.01272330136036159, ""40"": -0.013842055329490847, ""41"": -0.12714255832101184, ""42"": -0.21273485690115182, ""43"": -0.038827790967431594, ""44"": -0.03314296388504452, ""45"": -0.07750708101367151, ""46"": 0.05563391245101938, ""47"": 0.05349938605883003, ""48"": 0.7371770931866989}","[4, 5, 6, 7, 10, 11, 12, 13, 14, 17, 18, 19, 21, 23, 24, 27, 28, 29, 30, 31, 34, 35, 36, 37, 38, 41, 42, 45, 46, 47, 48]","{""24"": 2057.2348251946996, ""48"": 3862.213742763311}","{""24"": 0.0, ""48"": 0.0}",469.29083201743055,611.8550873974,9.3660513415768,24,1.0,False,,,,,,False
Austria,2024-04-01,Easter Monday holiday,2024-03-31T08:00:00+02:00,2024-03-31T06:00:00+00:00,2024-03-31T06:00:00+00:00,24,ordinary,enhanced_ordinary_arima_p1_d1_q3,,1,1,3,n,identity,False,,completed,,success,converged,True,True,True,True,True,2359,5,-15866.394631560872,31742.789263121744,31742.81476248426,31771.61710852723,5.710691878806559,1.2842265353452542,"[""DeprecationWarning: Setting the shape on a NumPy array has been deprecated in NumPy 2.5.\nAs an alternative, you can create a new view using np.reshape (with copy=False if needed).""]",[],0,2335,True,joint Ljung-Box and residual ACF rule,"{""1"": 0.004595750003531023, ""2"": -0.0013430371470215766, ""3"": -0.008468603510883207, ""4"": -0.021703748914424753, ""5"": -0.12298089650420306, ""6"": -0.1716481194098193, ""7"": -0.10527923534260208, ""8"": -0.056882233191465195, ""9"": 0.03837807348308418, ""10"": -0.15120434249953676, ""11"": 0.08296758893872173, ""12"": 0.08476570995314885, ""13"": 0.10502488239547768, ""14"": -0.17194001589411087, ""15"": 0.02229812600899209, ""16"": -0.039258366804895625, ""17"": -0.11386975813554719, ""18"": -0.2122370025870043, ""19"": -0.0748347246695076, ""20"": -0.0012347352802856513, ""21"": -0.06786866394240157, ""22"": 0.03843534563696516, ""23"": 0.05809790325046096, ""24"": 0.8127051455550592, ""25"": 0.028447355042209837, ""26"": 0.060035582807210254, ""27"": -0.05379870706315584, ""28"": -0.02344568326336774, ""29"": -0.07867564419741437, ""30"": -0.1902298819757827, ""31"": -0.12748014423676718, ""32"": -0.02690761330634349, ""33"": 0.038645998256218464, ""34"": -0.15586981133733976, ""35"": 0.09476158950413309, ""36"": 0.06904827205962605, ""37"": 0.11162149626598389, ""38"": -0.16902977304230593, ""39"": 0.020451981896959927, ""40"": -0.023059864651821596, ""41"": -0.12096154314351688, ""42"": -0.22053677493361623, ""43"": -0.052043364051843434, ""44"": -0.0004973163072586817, ""45"": -0.07907938335286045, ""46"": 0.07447149932285314, ""47"": 0.04310502776764499, ""48"": 0.7314516140673591}","[5, 6, 7, 8, 10, 11, 12, 13, 14, 17, 18, 19, 21, 23, 24, 26, 27, 29, 30, 31, 34, 35, 36, 37, 38, 41, 42, 45, 46, 48]","{""24"": 2061.446691899553, ""48"": 3880.1850898693515}","{""24"": 0.0, ""48"": 0.0}",464.7707770186153,588.6427441208217,9.146991396270304,24,1.0,False,,,,,,False
Austria,2024-04-01,Easter Monday holiday,2024-03-31T08:00:00+02:00,2024-03-31T06:00:00+00:00,2024-03-31T06:00:00+00:00,24,ordinary,enhanced_ordinary_arima_p2_d1_q1,,2,1,1,n,identity,False,,completed,,success,converged,True,True,True,True,True,2359,4,-15921.000163585064,31850.000327170128,31850.01731952357,31873.06260349452,1.1911705367461791,2.390543908633541,"[""DeprecationWarning: Setting the shape on a NumPy array has been deprecated in NumPy 2.5.\nAs an alternative, you can create a new view using np.reshape (with copy=False if needed).""]",[],0,2335,True,joint Ljung-Box and residual ACF rule,"{""1"": 0.014848424897316921, ""2"": 0.04178245206878365, ""3"": -0.22001481955392127, ""4"": 0.11315096088485657, ""5"": 0.06899360863834725, ""6"": -0.0936375184966176, ""7"": -0.02614289276299053, ""8"": -0.06305815701154614, ""9"": -0.014652385534084211, ""10"": -0.25292829817455237, ""11"": 0.030727998009122768, ""12"": -0.05971588593784706, ""13"": 0.037287251453092085, ""14"": -0.256243589138901, ""15"": -0.014094923214660576, ""16"": -0.07472207334014876, ""17"": -0.036111827523103664, ""18"": -0.11706958576264241, ""19"": 0.06653217303181821, ""20"": 0.10455186047146957, ""21"": -0.21277397155442515, ""22"": 0.04856963483962126, ""23"": 0.0320024962495309, ""24"": 0.8464720484363535, ""25"": 0.020599659226634474, ""26"": 0.06189142809365156, ""27"": -0.2015764618945985, ""28"": 0.10424292666565663, ""29"": 0.05829288003967406, ""30"": -0.10496831743261122, ""31"": -0.04388582506837992, ""32"": -0.05120112850877899, ""33"": -4.3279496641400514e-05, ""34"": -0.2444880052559878, ""35"": 0.036021258741929844, ""36"": -0.07486451791829075, ""37"": 0.046398782690342893, ""38"": -0.24708825747414542, ""39"": -0.0037219132874290596, ""40"": -0.06418999396188341, ""41"": -0.0422792400907302, ""42"": -0.12721772354447106, ""43"": 0.05996336985333122, ""44"": 0.10713707373724012, ""45"": -0.19583563513257532, ""46"": 0.07151537876470968, ""47"": 0.010794566397818974, ""48"": 0.7734866292333378}","[3, 4, 5, 6, 8, 10, 12, 14, 16, 18, 19, 20, 21, 24, 26, 27, 28, 29, 30, 34, 36, 38, 40, 42, 43, 44, 45, 46, 48]","{""24"": 2401.1288212820386, ""48"": 4506.035727241972}","{""24"": 0.0, ""48"": 0.0}",542.2338499756853,610.8619769153594,10.000133390823624,24,1.0,False,,,,,,False
Austria,2024-04-01,Easter Monday holiday,2024-03-31T08:00:00+02:00,2024-03-31T06:00:00+00:00,2024-03-31T06:00:00+00:00,24,ordinary,enhanced_ordinary_arima_p2_d1_q2,,2,1,2,n,identity,False,,completed,,success,converged,True,True,True,True,True,2359,5,-15865.493457314442,31740.986914628884,31741.0124139914,31769.81476003437,2.7065952392915884,1.3270531275040092,"[""DeprecationWarning: Setting the shape on a NumPy array has been deprecated in NumPy 2.5.\nAs an alternative, you can create a new view using np.reshape (with copy=False if needed).""]",[],0,2335,True,joint Ljung-Box and residual ACF rule,"{""1"": 0.001555220655563281, ""2"": -0.004440319348110259, ""3"": 0.0006519947212648161, ""4"": -0.01755568934641885, ""5"": -0.10709655126629136, ""6"": -0.18168400321014075, ""7"": -0.11061096948905692, ""8"": -0.046519511933025115, ""9"": 0.0314598956776013, ""10"": -0.15769118038313382, ""11"": 0.08094003023111974, ""12"": 0.08420395611146889, ""13"": 0.098831982854384, ""14"": -0.17525401494338902, ""15"": 0.017183634886936305, ""16"": -0.03336534407647523, ""17"": -0.11715616300109127, ""18"": -0.21895997690694047, ""19"": -0.06414579167438063, ""20"": 0.002912596291884746, ""21"": -0.05830046121871253, ""22"": 0.03400764786077869, ""23"": 0.05478518302385772, ""24"": 0.8144602518911193, ""25"": 0.025612320091508475, ""26"": 0.055287161142643315, ""27"": -0.0447388736542387, ""28"": -0.01867458025039576, ""29"": -0.06675793943194079, ""30"": -0.19801603111031227, ""31"": -0.13079448259358165, ""32"": -0.019042431682545404, ""33"": 0.031785647807190086, ""34"": -0.16041700929019037, ""35"": 0.09189454811511893, ""36"": 0.067688683651538, ""37"": 0.10690991152568591, ""38"": -0.17205164652274557, ""39"": 0.014404630139543927, ""40"": -0.01692393761983166, ""41"": -0.12339440483791599, ""42"": -0.22693444665498033, ""43"": -0.04225445782729, ""44"": 0.0032550280344630918, ""45"": -0.06998532692669825, ""46"": 0.06965798138461454, ""47"": 0.04003482015271455, ""48"": 0.734097082103507}","[5, 6, 7, 10, 11, 12, 13, 14, 17, 18, 19, 21, 23, 24, 26, 29, 30, 31, 34, 35, 36, 37, 38, 41, 42, 45, 46, 48]","{""24"": 2069.0418846427183, ""48"": 3897.049659961851}","{""24"": 0.0, ""48"": 0.0}",466.3409672594292,584.8864088718271,9.144211852424778,24,1.0,False,,,,,,False
Austria,2024-04-01,Easter Monday holiday,2024-03-31T08:00:00+02:00,2024-03-31T06:00:00+00:00,2024-03-31T06:00:00+00:00,24,ordinary,enhanced_ordinary_arima_p2_d1_q3,,2,1,3,n,identity,False,,completed,,success,converged,True,True,True,True,True,2359,6,-15740.344656842351,31492.689313684707,31492.72502797042,31527.28272817129,1.390004613329965,1.0150070330344474,"[""DeprecationWarning: Setting the shape on a NumPy array has been deprecated in NumPy 2.5.\nAs an alternative, you can create a new view using np.reshape (with copy=False if needed).""]",[],0,2335,True,joint Ljung-Box and residual ACF rule,"{""1"": -0.011977953143504479, ""2"": -0.011339914380450112, ""3"": 0.02127422945874701, ""4"": 0.06066796021426553, ""5"": 0.005839355674603005, ""6"": -0.10385490868952543, ""7"": -0.04182257578094862, ""8"": 0.019078473853780573, ""9"": 0.05531135729564828, ""10"": -0.1616959864621253, ""11"": 0.07614413119967771, ""12"": 0.07303665586328173, ""13"": 0.08725330850906098, ""14"": -0.17905676380695687, ""15"": 0.03672280207030257, ""16"": 0.01627862161209667, ""17"": -0.05928562267273315, ""18"": -0.1542921559852113, ""19"": 0.020682830726404845, ""20"": 0.05879212360457574, ""21"": -0.05251962166797112, ""22"": 0.0057007516484761525, ""23"": 0.019233931275114614, ""24"": 0.7952478006006857, ""25"": -0.010063617322250544, ""26"": 0.023369815990879648, ""27"": -0.043995039273600246, ""28"": 0.03245181328780852, ""29"": 0.00934867986098957, ""30"": -0.14748260089801388, ""31"": -0.08743563171844826, ""32"": 0.01607763991121668, ""33"": 0.03012724846861082, ""34"": -0.1866716006059876, ""35"": 0.06083256299598, ""36"": 0.029921287180336355, ""37"": 0.07239226098518774, ""38"": -0.1989274201171134, ""39"": 0.009100114785517905, ""40"": 0.0074279638919429606, ""41"": -0.09031377740795946, ""42"": -0.18883486532073332, ""43"": 0.013188553347918151, ""44"": 0.03407349574978922, ""45"": -0.0847790276202986, ""46"": 0.020202957805149684, ""47"": -0.016150427045420992, ""48"": 0.695037702098945}","[4, 6, 9, 10, 11, 12, 13, 14, 17, 18, 20, 24, 30, 31, 34, 35, 37, 38, 41, 42, 45, 48]","{""24"": 1806.6334392510405, ""48"": 3366.9404872040554}","{""24"": 0.0, ""48"": 0.0}",847.8723261212643,1009.2514102914748,17.052999731921943,24,1.0,False,,,,,,False
Austria,2024-04-01,Easter Monday holiday,2024-03-31T08:00:00+02:00,2024-03-31T06:00:00+00:00,2024-03-31T06:00:00+00:00,24,ordinary,enhanced_ordinary_arima_p3_d1_q1,,3,1,1,n,identity,False,,completed,,success,converged,True,True,True,True,True,2359,5,-15890.001542864811,31790.003085729622,31790.02858509214,31818.830931135108,1.2803071114581317,2.07883819770839,"[""DeprecationWarning: Setting the shape on a NumPy array has been deprecated in NumPy 2.5.\nAs an alternative, you can create a new view using np.reshape (with copy=False if needed).""]",[],0,2335,True,joint Ljung-Box and residual ACF rule,"{""1"": 0.01944038141257234, ""2"": -0.03188439409028035, ""3"": -0.12625022696008045, ""4"": 0.0917165290732636, ""5"": 0.07366093442606916, ""6"": -0.18165462664930176, ""7"": -0.0708216730155953, ""8"": -0.039330054139093344, ""9"": -0.014984088646457252, ""10"": -0.21963212870104168, ""11"": 0.0400845887075118, ""12"": 0.022921583886462524, ""13"": 0.04611685894478061, ""14"": -0.22467704046405143, ""15"": -0.01603147871088961, ""16"": -0.04535763192793005, ""17"": -0.07793672393690025, ""18"": -0.19659695005820896, ""19"": 0.07255739226316026, ""20"": 0.09120741959799282, ""21"": -0.14092563683379392, ""22"": -0.008276335706928904, ""23"": 0.04658357442732234, ""24"": 0.8409345878606569, ""25"": 0.02966705124900558, ""26"": 0.004617716993150453, ""27"": -0.1284265785581001, ""28"": 0.0851950069677211, ""29"": 0.06673287496737476, ""30"": -0.18251423962490393, ""31"": -0.08770907950719502, ""32"": -0.024252011521782676, ""33"": -0.003463427409269071, ""34"": -0.21343896213976765, ""35"": 0.04509464024423017, ""36"": 0.005889448831345038, ""37"": 0.05545888995660954, ""38"": -0.21723271760069512, ""39"": -0.010295582289957384, ""40"": -0.03285713857570538, ""41"": -0.08194839159186074, ""42"": -0.20176650939051816, ""43"": 0.06984870619826139, ""44"": 0.09051089686030035, ""45"": -0.1326399360986079, ""46"": 0.02028930497666664, ""47"": 0.027896910506385417, ""48"": 0.7668277535952325}","[3, 4, 5, 6, 7, 10, 14, 17, 18, 19, 20, 21, 24, 27, 28, 29, 30, 31, 34, 37, 38, 41, 42, 43, 44, 45, 48]","{""24"": 2272.816754116858, ""48"": 4267.13003719498}","{""24"": 0.0, ""48"": 0.0}",516.1929902717525,588.8229315328081,9.65992019988623,24,1.0,False,,,,,,False
Austria,2024-04-01,Easter Monday holiday,2024-03-31T08:00:00+02:00,2024-03-31T06:00:00+00:00,2024-03-31T06:00:00+00:00,24,ordinary,enhanced_ordinary_arima_p3_d1_q2,,3,1,2,n,identity,False,,completed,,success,converged,True,True,True,True,True,2359,6,-15863.098129932425,31738.19625986485,31738.231974150563,31772.789674351432,1.797012907222726,1.4414367822924052,"[""DeprecationWarning: Setting the shape on a NumPy array has been deprecated in NumPy 2.5.\nAs an alternative, you can create a new view using np.reshape (with copy=False if needed)."", ""UserWarning: Non-stationary starting autoregressive parameters found. Using zeros as starting parameters."", ""UserWarning: Non-invertible starting MA parameters found. Using zeros as starting parameters.""]",[],0,2335,True,joint Ljung-Box and residual ACF rule,"{""1"": -0.003982784517293387, ""2"": -0.019777406257159028, ""3"": 0.0026870732326857577, ""4"": -0.006371901510879356, ""5"": -0.056466759273358674, ""6"": -0.19413124224232595, ""7"": -0.1203448072811354, ""8"": -0.023102379643822137, ""9"": 0.015389529284258446, ""10"": -0.17188176666946264, ""11"": 0.0744821246874874, ""12"": 0.07805695876421516, ""13"": 0.08448047289681866, ""14"": -0.1824437898031196, ""15"": 0.004938337520307545, ""16"": -0.01974584746686764, ""17"": -0.12177597520195041, ""18"": -0.22435778072663506, ""19"": -0.027689491205564982, ""20"": 0.013699144289684226, ""21"": -0.05109958634523296, ""22"": 0.015573083653518963, ""23"": 0.04654990974608045, ""24"": 0.819630346220713, ""25"": 0.019610707294183474, ""26"": 0.03530199066518011, ""27"": -0.03856865616050147, ""28"": -0.005218004950221506, ""29"": -0.02847071777779362, ""30"": -0.20654116625836588, ""31"": -0.13505239527774232, ""32"": -0.001387379738435459, ""33"": 0.016040996926338702, ""34"": -0.1699845267244848, ""35"": 0.08375672255447979, ""36"": 0.05931738118576291, ""37"": 0.0949797194298659, ""38"": -0.177710719601288, ""39"": 0.000918871559718408, ""40"": -0.0035396569254334954, ""41"": -0.12578048883997223, ""42"": -0.2320245830539002, ""43"": -0.010249209808476413, ""44"": 0.013641120470994198, ""45"": -0.0610816888505104, ""46"": 0.05019765774172255, ""47"": 0.03171434850608223, ""48"": 0.7413934181413212}","[5, 6, 7, 10, 11, 12, 13, 14, 17, 18, 24, 30, 31, 34, 35, 36, 37, 38, 41, 42, 45, 48]","{""24"": 2079.1123140757886, ""48"": 3918.5383900657657}","{""24"": 0.0, ""48"": 0.0}",471.1142329655905,579.4586580119532,9.172733821772743,24,1.0,False,,,,,,False
Austria,2024-04-01,Easter Monday holiday,2024-03-31T08:00:00+02:00,2024-03-31T06:00:00+00:00,2024-03-31T06:00:00+00:00,24,ordinary,enhanced_ordinary_arima_p3_d1_q3,,3,1,3,n,identity,False,,completed,,success,converged,True,True,True,True,True,2359,7,-15736.723225467063,31487.446450934127,31487.494090236552,31527.80543450181,1.2946725761909714,1.0196563958699785,"[""DeprecationWarning: Setting the shape on a NumPy array has been deprecated in NumPy 2.5.\nAs an alternative, you can create a new view using np.reshape (with copy=False if needed).""]",[],0,2335,True,joint Ljung-Box and residual ACF rule,"{""1"": -0.00027320884604370844, ""2"": -0.021227754778176466, ""3"": 0.013701147648297675, ""4"": 0.0354041792999585, ""5"": 0.029308428235451076, ""6"": -0.08490488147644185, ""7"": -0.04127461162540593, ""8"": 0.03247136865170138, ""9"": 0.0536605751510118, ""10"": -0.15499628801682186, ""11"": 0.07580074126089807, ""12"": 0.07297289554694848, ""13"": 0.08298512819361521, ""14"": -0.16872160910371295, ""15"": 0.03404642913549264, ""16"": 0.023053662352045333, ""17"": -0.056997321806164895, ""18"": -0.13692656529649583, ""19"": 0.03492644867450035, ""20"": 0.03653045310743139, ""21"": -0.0585846616347816, ""22"": -0.008395678580471544, ""23"": 0.024608900960151794, ""24"": 0.7938518621172448, ""25"": -0.0031448588816340405, ""26"": 0.00871100643825095, ""27"": -0.051748601432400475, ""28"": 0.010303910221727055, ""29"": 0.023515129531260105, ""30"": -0.13512618297657947, ""31"": -0.08656957296496641, ""32"": 0.02408461733692042, ""33"": 0.023320014613056696, ""34"": -0.17990879818812142, ""35"": 0.057109296604517905, ""36"": 0.023982501462631766, ""37"": 0.06617119024060608, ""38"": -0.18999093547076495, ""39"": 0.002046421457736415, ""40"": 0.0117201773874188, ""41"": -0.0900214753105055, ""42"": -0.1767457110109244, ""43"": 0.023258439435309836, ""44"": 0.011991511921794231, ""45"": -0.09093236443037077, ""46"": 0.003888169577297331, ""47"": -0.014065255910589106, ""48"": 0.6911092313295923}","[6, 9, 10, 11, 12, 13, 14, 17, 18, 21, 24, 30, 31, 34, 35, 37, 38, 41, 42, 45, 48]","{""24"": 1761.6141589637846, ""48"": 3270.814230511662}","{""24"": 0.0, ""48"": 0.0}",782.071472647403,939.0999546103856,15.756784316308735,24,1.0,False,,,,,,False
Austria,2024-04-01,Easter Monday holiday,2024-03-31T08:00:00+02:00,2024-03-31T06:00:00+00:00,2024-03-31T06:00:00+00:00,24,ordinary,enhanced_ordinary_arima_p4_d1_q1,,4,1,1,n,identity,False,,completed,,success,converged,True,True,True,True,True,2359,6,-15887.181590692378,31786.36318138476,31786.39889567047,31820.95659587134,1.326773143276237,2.5289099502668817,"[""DeprecationWarning: Setting the shape on a NumPy array has been deprecated in NumPy 2.5.\nAs an alternative, you can create a new view using np.reshape (with copy=False if needed).""]",[],0,2335,True,joint Ljung-Box and residual ACF rule,"{""1"": 0.010481349021545232, ""2"": -0.02927485829892833, ""3"": -0.10563479600314012, ""4"": 0.08082346172085825, ""5"": 0.05934919919951096, ""6"": -0.20212028613689983, ""7"": -0.08094097974967765, ""8"": -0.03388847753096447, ""9"": -0.00968762151015512, ""10"": -0.2092691170233367, ""11"": 0.04902524916940323, ""12"": 0.03757187104521771, ""13"": 0.054831354117363305, ""14"": -0.21527363515894524, ""15"": -0.011283290768720165, ""16"": -0.03942844388153101, ""17"": -0.0868577249600993, ""18"": -0.2156967518408432, ""19"": 0.06076778305049788, ""20"": 0.08272935633125834, ""21"": -0.1251686634885967, ""22"": -0.0043931867518284765, ""23"": 0.04155474723920312, ""24"": 0.8396019205267543, ""25"": 0.023514640671230543, ""26"": 0.008519681971749033, ""27"": -0.11286798632330687, ""28"": 0.07521067223657342, ""29"": 0.0554359941422143, ""30"": -0.20085393804956245, ""31"": -0.09729533909358956, ""32"": -0.01880978976614929, ""33"": 0.0005461495336598469, ""34"": -0.20414044924952293, ""35"": 0.05439323360818748, ""36"": 0.02031394689053622, ""37"": 0.0644244225299712, ""38"": -0.2087222804769924, ""39"": -0.007161452901176302, ""40"": -0.02690164006548678, ""41"": -0.0903871732819018, ""42"": -0.21943709326918656, ""43"": 0.060226795544317, ""44"": 0.08168821887439406, ""45"": -0.11960178879446166, ""46"": 0.024418736021699316, ""47"": 0.023931848890429763, ""48"": 0.7660004386273237}","[3, 4, 5, 6, 7, 10, 13, 14, 17, 18, 19, 20, 21, 24, 27, 28, 29, 30, 31, 34, 35, 37, 38, 41, 42, 43, 44, 45, 48]","{""24"": 2255.396685518841, ""48"": 4243.898910144341}","{""24"": 0.0, ""48"": 0.0}",506.18608405982496,581.961401056564,9.539837077687618,24,1.0,False,,,,,,False
Austria,2024-04-01,Easter Monday holiday,2024-03-31T08:00:00+02:00,2024-03-31T06:00:00+00:00,2024-03-31T06:00:00+00:00,24,ordinary,enhanced_ordinary_arima_p4_d1_q2,,4,1,2,n,identity,False,,completed,,success,converged,True,True,True,True,True,2359,7,-15850.864569814788,31715.729139629577,31715.776778932,31756.08812319726,1.4530609795944331,1.2950660871137398,"[""DeprecationWarning: Setting the shape on a NumPy array has been deprecated in NumPy 2.5.\nAs an alternative, you can create a new view using np.reshape (with copy=False if needed)."", ""UserWarning: Non-stationary starting autoregressive parameters found. Using zeros as starting parameters."", ""UserWarning: Non-invertible starting MA parameters found. Using zeros as starting parameters.""]",[],0,2335,True,joint Ljung-Box and residual ACF rule,"{""1"": -0.010515069141947808, ""2"": -0.029547429847624936, ""3"": -0.02041930949477091, ""4"": 0.028350838719786917, ""5"": -0.02962181360949196, ""6"": -0.14821278395291848, ""7"": -0.12386849439731173, ""8"": -0.032505672398014045, ""9"": 0.019880047650929888, ""10"": -0.2011769393454552, ""11"": 0.0613867362705347, ""12"": 0.05620749775932566, ""13"": 0.06818171573650042, ""14"": -0.20568030708797036, ""15"": 0.008560500813336744, ""16"": -0.032270460430569775, ""17"": -0.1198443930466806, ""18"": -0.18345226531288653, ""19"": -0.006889046061187041, ""20"": 0.04427139984082102, ""21"": -0.06845196616163436, ""22"": 0.0033101674787391613, ""23"": 0.03805265053359956, ""24"": 0.8206485195456447, ""25"": 0.011663828390707785, ""26"": 0.024238908168254327, ""27"": -0.05742107918544515, ""28"": 0.02816327685670842, ""29"": -0.005476337256292875, ""30"": -0.16932144113663655, ""31"": -0.132358747332896, ""32"": -0.010131752261834931, ""33"": 0.016745968131956404, ""34"": -0.19364038973128167, ""35"": 0.07128462748281404, ""36"": 0.033351727834706274, ""37"": 0.08112141967539951, ""38"": -0.19789416295753665, ""39"": 0.002934317828961752, ""40"": -0.014226841217713409, ""41"": -0.121603982757916, ""42"": -0.19607016236647193, ""43"": 0.007860762473978995, ""44"": 0.043948371658825106, ""45"": -0.07682728740898687, ""46"": 0.038908607498452104, ""47"": 0.022918053960367314, ""48"": 0.7415694290442694}","[6, 7, 10, 11, 12, 13, 14, 17, 18, 21, 24, 27, 30, 31, 34, 35, 37, 38, 41, 42, 45, 48]","{""24"": 2044.851164719552, ""48"": 3841.849863456685}","{""24"": 0.0, ""48"": 0.0}",489.4459664279668,575.3682085715806,9.346079990332155,24,1.0,False,,,,,,False
Austria,2024-05-09,Ascension holiday,2024-05-08T08:00:00+02:00,2024-05-08T06:00:00+00:00,2024-05-08T06:00:00+00:00,24,ordinary,enhanced_ordinary_arima_p1_d1_q1,,1,1,1,n,identity,False,,completed,,success,converged,True,True,True,True,True,3271,3,-22276.91743314313,44559.83486628626,44559.84221247543,44578.11250207794,1.5288675252947646,3.014036463863482,"[""DeprecationWarning: Setting the shape on a NumPy array has been deprecated in NumPy 2.5.\nAs an alternative, you can create a new view using np.reshape (with copy=False if needed).""]",[],0,3247,True,joint Ljung-Box and residual ACF rule,"{""1"": 0.08447656279954824, ""2"": 0.16445705511088868, ""3"": -0.261254814625343, ""4"": -0.0620108061600652, ""5"": -0.14045620796511762, ""6"": -0.1980187346550668, ""7"": -0.0938659826728918, ""8"": -0.10970692142949648, ""9"": 0.00984533346647297, ""10"": -0.10388463861077686, ""11"": 0.1966852619111668, ""12"": 0.08373218366839051, ""13"": 0.19806572780351087, ""14"": -0.11281840479385136, ""15"": 0.007669128527166599, ""16"": -0.125993401302756, ""17"": -0.09599707460832782, ""18"": -0.20158213423333785, ""19"": -0.12118489147735469, ""20"": -0.048708076628689825, ""21"": -0.23068399415285662, ""22"": 0.15855850510782213, ""23"": 0.09731482509831725, ""24"": 0.8394703286923171, ""25"": 0.09112781587526443, ""26"": 0.1725015425528182, ""27"": -0.2274938933271603, ""28"": -0.05037760534762913, ""29"": -0.13749219587758607, ""30"": -0.20357667670573126, ""31"": -0.10828104859819628, ""32"": -0.10191237930659212, ""33"": 0.017911333332966253, ""34"": -0.09557940851210116, ""35"": 0.2021184217716131, ""36"": 0.0685480806009215, ""37"": 0.20161716396148208, ""38"": -0.11019931632670887, ""39"": 0.01792469352562107, ""40"": -0.11774228095811831, ""41"": -0.10536993750791185, ""42"": -0.2034670407025504, ""43"": -0.11497402709887403, ""44"": -0.03766584096308344, ""45"": -0.2070635772236203, ""46"": 0.17051763833616962, ""47"": 0.07614254151945199, ""48"": 0.764327643452658}","[1, 2, 3, 4, 5, 6, 7, 8, 10, 11, 12, 13, 14, 16, 17, 18, 19, 21, 22, 23, 24, 25, 26, 27, 28, 29, 30, 31, 32, 34, 35, 36, 37, 38, 40, 41, 42, 43, 45, 46, 47, 48]","{""24"": 3823.813283225633, ""48"": 7201.32648684267}","{""24"": 0.0, ""48"": 0.0}",3761.40149546909,3776.0448199825455,73.84998453244933,24,1.0,False,,,,,,False
Austria,2024-05-09,Ascension holiday,2024-05-08T08:00:00+02:00,2024-05-08T06:00:00+00:00,2024-05-08T06:00:00+00:00,24,ordinary,enhanced_ordinary_arima_p1_d1_q2,,1,1,2,n,identity,False,,completed,,success,converged,True,True,True,True,True,3271,4,-22015.543107840556,44039.08621568111,44039.09846307853,44063.45639673667,2.721404869343963,1.3560102472580804,"[""DeprecationWarning: Setting the shape on a NumPy array has been deprecated in NumPy 2.5.\nAs an alternative, you can create a new view using np.reshape (with copy=False if needed).""]",[],0,3247,True,joint Ljung-Box and residual ACF rule,"{""1"": 0.013872661248225955, ""2"": -0.010717361276949812, ""3"": -0.005395066610850056, ""4"": -0.0678938746709491, ""5"": -0.09934795352283568, ""6"": -0.17180407850444995, ""7"": -0.11612285423853139, ""8"": -0.04893855973934759, ""9"": -0.015279570474817681, ""10"": -0.11416726797341295, ""11"": 0.12272760906302661, ""12"": 0.09240713452032935, ""13"": 0.12797290518353824, ""14"": -0.12228957644955835, ""15"": -0.02447857490211669, ""16"": -0.05151722715270186, ""17"": -0.1129777920336785, ""18"": -0.19711124776481156, ""19"": -0.06945059511379875, ""20"": -0.03801084661119422, ""21"": -0.05439304360934175, ""22"": 0.025461887253591744, ""23"": 0.06367889445121698, ""24"": 0.7937080606526351, ""25"": 0.04070673261202366, ""26"": 0.050110738540642276, ""27"": -0.05001815037345647, ""28"": -0.05307965987271803, ""29"": -0.06976808267691012, ""30"": -0.19799971867044025, ""31"": -0.12632474133596763, ""32"": -0.02655078551515079, ""33"": -0.0215111333659156, ""34"": -0.10524689175813534, ""35"": 0.13453299801273425, ""36"": 0.07334704401482142, ""37"": 0.1383024674954968, ""38"": -0.12036928440890572, ""39"": -0.02087948556712124, ""40"": -0.03303987433114149, ""41"": -0.12703077218712314, ""42"": -0.20177959305349877, ""43"": -0.047711118799354066, ""44"": -0.04115434668864948, ""45"": -0.05721550431590918, ""46"": 0.06022642612785806, ""47"": 0.04383007667733255, ""48"": 0.7104694904564576}","[4, 5, 6, 7, 10, 11, 12, 13, 14, 16, 17, 18, 19, 21, 23, 24, 26, 27, 28, 29, 30, 31, 34, 35, 36, 37, 38, 41, 42, 45, 46, 48]","{""24"": 2705.2189322790723, ""48"": 5059.860892414708}","{""24"": 0.0, ""48"": 0.0}",2992.922187487636,3011.3064555773394,58.84616883610859,24,1.0,False,,,,,,False
Austria,2024-05-09,Ascension holiday,2024-05-08T08:00:00+02:00,2024-05-08T06:00:00+00:00,2024-05-08T06:00:00+00:00,24,ordinary,enhanced_ordinary_arima_p1_d1_q3,,1,1,3,n,identity,False,,failed,MA roots fail invertibility threshold,success,converged,True,True,True,True,False,3271,5,-22049.063560770344,44108.12712154069,44108.145498263504,44138.589847860145,1.118492789155073,1.0057325618501323,"[""DeprecationWarning: Setting the shape on a NumPy array has been deprecated in NumPy 2.5.\nAs an alternative, you can create a new view using np.reshape (with copy=False if needed).""]",[],0,3247,True,joint Ljung-Box and residual ACF rule,"{""1"": 0.19118226224175247, ""2"": 0.14576512703329197, ""3"": 0.10964809431197578, ""4"": -0.16219400802050732, ""5"": -0.09971734608140671, ""6"": -0.16295630556388993, ""7"": -0.21075195632722252, ""8"": -0.0700435769037824, ""9"": -0.04466840724549725, ""10"": -0.08577867291166187, ""11"": 0.12963721587847435, ""12"": 0.08653745126785248, ""13"": 0.11397259838549763, ""14"": -0.07763256983185002, ""15"": -0.06431832853839851, ""16"": -0.09513047095100781, ""17"": -0.19005260510635288, ""18"": -0.19828048022106085, ""19"": -0.09665125292396089, ""20"": -0.11499386586323602, ""21"": 0.04536515971070032, ""22"": 0.14588094319861128, ""23"": 0.21388893453636323, ""24"": 0.8011035321271291, ""25"": 0.19069645889162357, ""26"": 0.17158336815924233, ""27"": 0.04114309518880075, ""28"": -0.1367282794243175, ""29"": -0.09074828663842714, ""30"": -0.2121604838925135, ""31"": -0.20771621439472682, ""32"": -0.06550358316716946, ""33"": -0.07203175537180108, ""34"": -0.07151807554173242, ""35"": 0.1283484484019652, ""36"": 0.05325307170510941, ""37"": 0.12544294483006863, ""38"": -0.08465392365461491, ""39"": -0.07850080541045745, ""40"": -0.08011188145623728, ""41"": -0.2077032024770852, ""42"": -0.21739139087591233, ""43"": -0.0828888910534705, ""44"": -0.12358747178305732, ""45"": 0.026489039315240662, ""46"": 0.1565503359682616, ""47"": 0.17291281183092935, ""48"": 0.713807338488249}","[1, 2, 3, 4, 5, 6, 7, 8, 10, 11, 12, 13, 14, 15, 16, 17, 18, 19, 20, 22, 23, 24, 25, 26, 28, 29, 30, 31, 32, 33, 34, 35, 36, 37, 38, 39, 40, 41, 42, 43, 44, 46, 47, 48]","{""24"": 3453.558280726273, ""48"": 6512.344284220875}","{""24"": 0.0, ""48"": 0.0}",,,,0,0.0,False,,,,,,False
Austria,2024-05-09,Ascension holiday,2024-05-08T08:00:00+02:00,2024-05-08T06:00:00+00:00,2024-05-08T06:00:00+00:00,24,ordinary,enhanced_ordinary_arima_p2_d1_q1,,2,1,1,n,identity,False,,completed,,success,converged,True,True,True,True,True,3271,4,-22047.397012451223,44102.79402490245,44102.80627229987,44127.16420595801,1.1677061930568715,1.9250581011291223,"[""DeprecationWarning: Setting the shape on a NumPy array has been deprecated in NumPy 2.5.\nAs an alternative, you can create a new view using np.reshape (with copy=False if needed).""]",[],0,3247,True,joint Ljung-Box and residual ACF rule,"{""1"": 0.03460139380366202, ""2"": 0.013724555289275523, ""3"": -0.2087347234841547, ""4"": 0.10669630680423262, ""5"": 0.0744805054633329, ""6"": -0.0655665229688909, ""7"": -0.010051707589470008, ""8"": -0.0633485706612694, ""9"": -0.06365404958563493, ""10"": -0.24127930831716027, ""11"": 0.03423621684654909, ""12"": -0.03687886166187113, ""13"": 0.039453742326280024, ""14"": -0.2444670336304018, ""15"": -0.06151647142676007, ""16"": -0.07925653188703022, ""17"": -0.02128067474156245, ""18"": -0.08523309560131763, ""19"": 0.06775868131338465, ""20"": 0.0945798092845301, ""21"": -0.19862383670545486, ""22"": 0.02471284629342004, ""23"": 0.045843275716348844, ""24"": 0.8153708812643616, ""25"": 0.035516626483605165, ""26"": 0.04184224436316234, ""27"": -0.18870107512732323, ""28"": 0.09579334260109078, ""29"": 0.05674592853587826, ""30"": -0.08429175790316475, ""31"": -0.030759005237351957, ""32"": -0.05308870626228369, ""33"": -0.0491818046673565, ""34"": -0.22610524510555516, ""35"": 0.04348848264668849, ""36"": -0.050465619635295056, ""37"": 0.0471713234459522, ""38"": -0.23349191484175455, ""39"": -0.04228632075339881, ""40"": -0.06608522134530927, ""41"": -0.03460700495997541, ""42"": -0.09530497946591673, ""43"": 0.06171465577668416, ""44"": 0.09179828538789618, ""45"": -0.17864094470961475, ""46"": 0.046856127885988225, ""47"": 0.021925030560639852, ""48"": 0.7301316660118935}","[3, 4, 5, 6, 8, 9, 10, 14, 15, 16, 18, 19, 20, 21, 24, 27, 28, 29, 30, 32, 34, 36, 38, 40, 42, 43, 44, 45, 48]","{""24"": 3056.2740523738526, ""48"": 5602.3451256989965}","{""24"": 0.0, ""48"": 0.0}",1886.561646778382,1913.5598672379176,37.22968351363479,24,1.0,False,,,,,,False
Austria,2024-05-09,Ascension holiday,2024-05-08T08:00:00+02:00,2024-05-08T06:00:00+00:00,2024-05-08T06:00:00+00:00,24,ordinary,enhanced_ordinary_arima_p2_d1_q2,,2,1,2,n,identity,False,,completed,,success,converged,True,True,True,True,True,3271,5,-21986.715051327912,43983.430102655824,43983.44847937864,44013.89282897528,1.1441707594713,1.0738695395385294,"[""DeprecationWarning: Setting the shape on a NumPy array has been deprecated in NumPy 2.5.\nAs an alternative, you can create a new view using np.reshape (with copy=False if needed).""]",[],0,3247,True,joint Ljung-Box and residual ACF rule,"{""1"": 0.03499646425926795, ""2"": 0.10838678421827883, ""3"": -0.21022952926257582, ""4"": 0.07292266661736876, ""5"": 0.03716131691198665, ""6"": -0.05171874733724557, ""7"": 0.02820686806569018, ""8"": -0.027971936258529017, ""9"": 0.01467086187267408, ""10"": -0.1601160816328023, ""11"": 0.11840028778852013, ""12"": 0.008801974828229642, ""13"": 0.11742761199126366, ""14"": -0.17541769720429468, ""15"": 0.0011921398502938423, ""16"": -0.06284178557826631, ""17"": -0.0009049814360304655, ""18"": -0.089309531172882, ""19"": 0.016059098948536556, ""20"": 0.04529995096151589, ""21"": -0.21951598451999368, ""22"": 0.07884327676621995, ""23"": 0.01929361317835505, ""24"": 0.7936338907943831, ""25"": 0.01010801946304244, ""26"": 0.09287382898788726, ""27"": -0.21671756065098868, ""28"": 0.03954889455407738, ""29"": -0.005832821923119241, ""30"": -0.10018072775235835, ""31"": -0.02591012211921344, ""32"": -0.053375380315865244, ""33"": -0.0072199947290501896, ""34"": -0.1795795891829352, ""35"": 0.09653342619038394, ""36"": -0.034397261967758996, ""37"": 0.0957147258638487, ""38"": -0.1963815153218909, ""39"": -0.011830192245786224, ""40"": -0.07969125512596874, ""41"": -0.04024161579632065, ""42"": -0.12221964023582818, ""43"": -0.009377824392289373, ""44"": 0.025516045024766343, ""45"": -0.22035714858214575, ""46"": 0.07451246708973028, ""47"": -0.02263261730695493, ""48"": 0.6936067090821203}","[2, 3, 4, 6, 10, 11, 13, 14, 16, 18, 21, 22, 24, 26, 27, 30, 32, 34, 35, 37, 38, 40, 42, 45, 46, 48]","{""24"": 2784.415787098939, ""48"": 5158.780080929325}","{""24"": 0.0, ""48"": 0.0}",1532.765017692887,1573.8327220380738,30.362622974358526,24,1.0,False,,,,,,False
Austria,2024-05-09,Ascension holiday,2024-05-08T08:00:00+02:00,2024-05-08T06:00:00+00:00,2024-05-08T06:00:00+00:00,24,ordinary,enhanced_ordinary_arima_p2_d1_q3,,2,1,3,n,identity,False,,completed,,success,converged,True,True,True,True,True,3271,6,-21845.900308008426,43703.80061601685,43703.82635131096,43740.35588760019,1.4173385354418542,1.0147677042048584,"[""DeprecationWarning: Setting the shape on a NumPy array has been deprecated in NumPy 2.5.\nAs an alternative, you can create a new view using np.reshape (with copy=False if needed).""]",[],0,3247,True,joint Ljung-Box and residual ACF rule,"{""1"": -0.015545933448743547, ""2"": -0.0034095487513453263, ""3"": 0.026752858841910455, ""4"": 0.059307542545311155, ""5"": -0.0030854539074906353, ""6"": -0.10726690348688842, ""7"": -0.026443865727178103, ""8"": 0.01134925904627547, ""9"": 0.01297512823612212, ""10"": -0.12267018700691736, ""11"": 0.11475563644259121, ""12"": 0.07176681369379183, ""13"": 0.11891224985260977, ""14"": -0.13736447919026537, ""15"": 0.0006028526073994279, ""16"": -0.0010659345168605532, ""17"": -0.04232130488121275, ""18"": -0.14575179850182302, ""19"": 0.005984644339051183, ""20"": 0.054632493399732654, ""21"": -0.04177166463595928, ""22"": 0.013191386793620452, ""23"": 0.015210129974723345, ""24"": 0.7717245771083686, ""25"": -0.00990808110615566, ""26"": 0.0323196163105819, ""27"": -0.04191838928167977, ""28"": 0.03292316541263034, ""29"": -0.006148107960005941, ""30"": -0.1557617806715672, ""31"": -0.07137631247694791, ""32"": 0.003530540957360631, ""33"": -0.016365499318893417, ""34"": -0.1448544779891863, ""35"": 0.09805098649283295, ""36"": 0.028821915645394616, ""37"": 0.10017351861162159, ""38"": -0.16325345623014104, ""39"": -0.019725676922489405, ""40"": -0.012553514007680757, ""41"": -0.08601040788550565, ""42"": -0.17592453407392047, ""43"": -0.003952921009347419, ""44"": 0.01847948938864338, ""45"": -0.07154300572708505, ""46"": 0.02250749878689937, ""47"": -0.026742060599154623, ""48"": 0.6653607113058579}","[4, 6, 10, 11, 12, 13, 14, 18, 20, 24, 30, 31, 34, 35, 37, 38, 41, 42, 45, 48]","{""24"": 2313.333212277073, ""48"": 4257.507726512186}","{""24"": 0.0, ""48"": 0.0}",985.632528411055,1040.0969231301262,19.655678155613742,24,1.0,False,,,,,,False
Austria,2024-05-09,Ascension holiday,2024-05-08T08:00:00+02:00,2024-05-08T06:00:00+00:00,2024-05-08T06:00:00+00:00,24,ordinary,enhanced_ordinary_arima_p3_d1_q1,,3,1,1,n,identity,False,,completed,,success,converged,True,True,True,True,True,3271,5,-22023.103735514083,44056.20747102817,44056.22584775098,44086.67019734762,1.3001658913898315,2.120334142699557,"[""DeprecationWarning: Setting the shape on a NumPy array has been deprecated in NumPy 2.5.\nAs an alternative, you can create a new view using np.reshape (with copy=False if needed).""]",[],0,3247,True,joint Ljung-Box and residual ACF rule,"{""1"": 0.010768726339886476, ""2"": -0.03787367267339008, ""3"": -0.10713823184962377, ""4"": 0.08236637283774546, ""5"": 0.050467882907194325, ""6"": -0.17986236253229626, ""7"": -0.06432958349508176, ""8"": -0.04590007685054309, ""9"": -0.0498673987697871, ""10"": -0.1930118990552698, ""11"": 0.06986854543854824, ""12"": 0.04214297397943079, ""13"": 0.07375122223066863, ""14"": -0.19797383655649337, ""15"": -0.0471830227187152, ""16"": -0.05544838454881727, ""17"": -0.06951985390626264, ""18"": -0.18583880404772912, ""19"": 0.04801916083848491, ""20"": 0.07896499726050557, ""21"": -0.12105796371300168, ""22"": -0.008972632894389673, ""23"": 0.04120870189925746, ""24"": 0.8118579321829117, ""25"": 0.024223883434941584, ""26"": 0.00689429266140394, ""27"": -0.11345249628548809, ""28"": 0.07444539824122122, ""29"": 0.04093355427238554, ""30"": -0.18338123056420716, ""31"": -0.07998747098105474, ""32"": -0.031624979511804076, ""33"": -0.04065248551271654, ""34"": -0.18180706039181632, ""35"": 0.07841119546409128, ""36"": 0.026507305959326696, ""37"": 0.08163051250515342, ""38"": -0.19124020574089534, ""39"": -0.03274904870956327, ""40"": -0.04074735235007697, ""41"": -0.08122835867496353, ""42"": -0.18641336584476356, ""43"": 0.04844230842390251, ""44"": 0.0716296617574059, ""45"": -0.11186559366673489, ""46"": 0.01919974117604028, ""47"": 0.02203159795520402, ""48"": 0.7295717165793828}","[3, 4, 5, 6, 7, 10, 11, 13, 14, 16, 17, 18, 20, 21, 24, 27, 28, 30, 31, 34, 35, 37, 38, 41, 42, 44, 45, 48]","{""24"": 2880.2102593686077, ""48"": 5330.30862729272}","{""24"": 0.0, ""48"": 0.0}",2232.0369825294606,2256.729258175936,43.99150787088182,24,1.0,False,,,,,,False
Austria,2024-05-09,Ascension holiday,2024-05-08T08:00:00+02:00,2024-05-08T06:00:00+00:00,2024-05-08T06:00:00+00:00,24,ordinary,enhanced_ordinary_arima_p3_d1_q2,,3,1,2,n,identity,False,,completed,,success,converged,True,True,True,True,True,3271,6,-22005.99409351348,44023.98818702696,44024.01392232108,44060.54345861031,1.75450704791606,1.5481006524152552,"[""DeprecationWarning: Setting the shape on a NumPy array has been deprecated in NumPy 2.5.\nAs an alternative, you can create a new view using np.reshape (with copy=False if needed)."", ""UserWarning: Non-stationary starting autoregressive parameters found. Using zeros as starting parameters."", ""UserWarning: Non-invertible starting MA parameters found. Using zeros as starting parameters.""]",[],0,3247,True,joint Ljung-Box and residual ACF rule,"{""1"": -0.007211566651093798, ""2"": -0.01972156986128355, ""3"": 0.0015163632075092656, ""4"": -0.007836793359710761, ""5"": -0.054714620751913697, ""6"": -0.2030889143917385, ""7"": -0.10773829391352552, ""8"": -0.030373272643499604, ""9"": -0.03297996949878368, ""10"": -0.13944669787330552, ""11"": 0.1063100621399635, ""12"": 0.0732514737976224, ""13"": 0.10962448574453167, ""14"": -0.14745500656448468, ""15"": -0.036008742617599794, ""16"": -0.036651575972333164, ""17"": -0.10717173380283147, ""18"": -0.21880736664502362, ""19"": -0.03407406291767006, ""20"": 0.00987279198836159, ""21"": -0.04513603054762659, ""22"": 0.01559842943720405, ""23"": 0.042678045664124586, ""24"": 0.7974572130538667, ""25"": 0.01982952078291729, ""26"": 0.037427076590451, ""27"": -0.04004608047596391, ""28"": -0.003331751594689349, ""29"": -0.03497000137991439, ""30"": -0.21678968122623418, ""31"": -0.11955843942066133, ""32"": -0.012687055721003678, ""33"": -0.033097746414896684, ""34"": -0.1315750102691498, ""35"": 0.11653485269846481, ""36"": 0.05773900161513293, ""37"": 0.11972181340321919, ""38"": -0.14545541218190494, ""39"": -0.02892769383509372, ""40"": -0.020046779487756655, ""41"": -0.12063943535313099, ""42"": -0.2184543038862274, ""43"": -0.017095904081565125, ""44"": 0.0021281019794620036, ""45"": -0.04852247007208357, ""46"": 0.04853818281259079, ""47"": 0.02462084537078612, ""48"": 0.7158871344562211}","[5, 6, 7, 10, 11, 12, 13, 14, 17, 18, 24, 30, 31, 34, 35, 36, 37, 38, 41, 42, 48]","{""24"": 2719.4748391469466, ""48"": 5086.462010210886}","{""24"": 0.0, ""48"": 0.0}",2620.283924183442,2641.2633863286974,51.57076202981109,24,1.0,False,,,,,,False
Austria,2024-05-09,Ascension holiday,2024-05-08T08:00:00+02:00,2024-05-08T06:00:00+00:00,2024-05-08T06:00:00+00:00,24,ordinary,enhanced_ordinary_arima_p3_d1_q3,,3,1,3,n,identity,False,,completed,,success,converged,True,True,True,True,True,3271,7,-21837.430449884727,43688.860899769454,43688.89522401095,43731.50871661669,1.2799658810806662,1.036340435505909,"[""DeprecationWarning: Setting the shape on a NumPy array has been deprecated in NumPy 2.5.\nAs an alternative, you can create a new view using np.reshape (with copy=False if needed).""]",[],0,3247,True,joint Ljung-Box and residual ACF rule,"{""1"": -0.003717096007676626, ""2"": -0.022227850354115408, ""3"": 0.01749915371551106, ""4"": 0.03276347840611109, ""5"": 0.03395791947732263, ""6"": -0.08642696138903794, ""7"": -0.028943339470614046, ""8"": 0.024519057486750134, ""9"": -0.0011457886725965657, ""10"": -0.1305765389531974, ""11"": 0.100648846965573, ""12"": 0.061848904554383535, ""13"": 0.10121900023572317, ""14"": -0.1423940114979755, ""15"": -0.015594345560502317, ""16"": 0.003937052521079149, ""17"": -0.044339545396853704, ""18"": -0.12875227479028065, ""19"": 0.029591526582698927, ""20"": 0.030638778639337547, ""21"": -0.05159913861166082, ""22"": -0.010814421459416287, ""23"": 0.0188765749367672, ""24"": 0.7674253956970393, ""25"": -0.005319278960968865, ""26"": 0.009547708429661041, ""27"": -0.051340456018021, ""28"": 0.009931814741565003, ""29"": 0.018855496253353126, ""30"": -0.1420287559329614, ""31"": -0.07295029834137184, ""32"": 0.010851996360008437, ""33"": -0.03375128503227326, ""34"": -0.15022776802274107, ""35"": 0.08147918854099893, ""36"": 0.01476364772454636, ""37"": 0.08300636465412341, ""38"": -0.1677461150262138, ""39"": -0.037526690220439037, ""40"": -0.00726175249609592, ""41"": -0.0880215455450322, ""42"": -0.16244298489029543, ""43"": 0.01690883266628308, ""44"": -0.0025653903057331565, ""45"": -0.07833973316811892, ""46"": -0.0004496873723187542, ""47"": -0.02420863341315491, ""48"": 0.6608762708367832}","[6, 10, 11, 12, 13, 14, 18, 21, 24, 27, 30, 31, 34, 35, 37, 38, 41, 42, 45, 48]","{""24"": 2244.875572130068, ""48"": 4135.483670302634}","{""24"": 0.0, ""48"": 0.0}",1291.627738072514,1334.3293085608468,25.633168873483925,24,1.0,False,,,,,,False
Austria,2024-05-09,Ascension holiday,2024-05-08T08:00:00+02:00,2024-05-08T06:00:00+00:00,2024-05-08T06:00:00+00:00,24,ordinary,enhanced_ordinary_arima_p4_d1_q1,,4,1,1,n,identity,False,,completed,,success,converged,True,True,True,True,True,3271,6,-22021.98578578549,44055.97157157099,44055.99730686511,44092.52684315434,1.32737824533931,2.38895229894345,"[""DeprecationWarning: Setting the shape on a NumPy array has been deprecated in NumPy 2.5.\nAs an alternative, you can create a new view using np.reshape (with copy=False if needed).""]",[],0,3247,True,joint Ljung-Box and residual ACF rule,"{""1"": 0.006321032709810382, ""2"": -0.035810528318261765, ""3"": -0.09528864588593926, ""4"": 0.07558035519773852, ""5"": 0.04176489927296338, ""6"": -0.19113341633858513, ""7"": -0.06978390312855563, ""8"": -0.043001160912210276, ""9"": -0.047087082868854865, ""10"": -0.18633409539903412, ""11"": 0.07469982928703138, ""12"": 0.04824168731815312, ""13"": 0.07835514692826388, ""14"": -0.19184635834676497, ""15"": -0.044577205322171534, ""16"": -0.052478579598572196, ""17"": -0.07440659602249854, ""18"": -0.19620743908178287, ""19"": 0.04078541538312839, ""20"": 0.07377714957199465, ""21"": -0.11214674173717597, ""22"": -0.006364171620478354, ""23"": 0.03913457580189776, ""24"": 0.811220691485822, ""25"": 0.0216058912129924, ""26"": 0.00963698946323238, ""27"": -0.10487810133504602, ""28"": 0.06852716643230089, ""29"": 0.034196266120688, ""30"": -0.19355555132907395, ""31"": -0.08502652445446521, ""32"": -0.028795515157612184, ""33"": -0.03871517246507652, ""34"": -0.17577857717311626, ""35"": 0.08337616590037086, ""36"": 0.03260540348399259, ""37"": 0.08647099465523202, ""38"": -0.18576780329692835, ""39"": -0.030999486411358673, ""40"": -0.03786650697042459, ""41"": -0.08607051036832582, ""42"": -0.19579124755967822, ""43"": 0.04252431822584112, ""44"": 0.06622614643163369, ""45"": -0.1043677237987341, ""46"": 0.02198951812070681, ""47"": 0.02050760001611484, ""48"": 0.7294044791980152}","[3, 4, 6, 7, 10, 11, 13, 14, 16, 17, 18, 20, 21, 24, 27, 28, 30, 31, 34, 35, 37, 38, 41, 42, 44, 45, 48]","{""24"": 2868.0186579700535, ""48"": 5317.326053375887}","{""24"": 0.0, ""48"": 0.0}",2275.931127086288,2300.123709705017,44.84824060839898,24,1.0,False,,,,,,False
Austria,2024-05-09,Ascension holiday,2024-05-08T08:00:00+02:00,2024-05-08T06:00:00+00:00,2024-05-08T06:00:00+00:00,24,ordinary,enhanced_ordinary_arima_p4_d1_q2,,4,1,2,n,identity,False,,completed,,success,converged,True,True,True,True,True,3271,7,-21983.03980489226,43980.07960978452,43980.11393402602,44022.72742663176,1.459302033034707,1.2521294129739888,"[""DeprecationWarning: Setting the shape on a NumPy array has been deprecated in NumPy 2.5.\nAs an alternative, you can create a new view using np.reshape (with copy=False if needed)."", ""UserWarning: Non-stationary starting autoregressive parameters found. Using zeros as starting parameters."", ""UserWarning: Non-invertible starting MA parameters found. Using zeros as starting parameters.""]",[],0,3247,True,joint Ljung-Box and residual ACF rule,"{""1"": -0.015363616633795844, ""2"": -0.027898367824011044, ""3"": -0.017790102338735153, ""4"": 0.025253393338895282, ""5"": -0.04713088399967677, ""6"": -0.139830306983717, ""7"": -0.11677582832934394, ""8"": -0.043517568170052985, ""9"": -0.01729153781845206, ""10"": -0.17509478935862244, ""11"": 0.0948000597607306, ""12"": 0.05709464550373385, ""13"": 0.0935975509459762, ""14"": -0.17349506614654556, ""15"": -0.02547792289808914, ""16"": -0.05151407219697772, ""17"": -0.10620154388972096, ""18"": -0.16860891876004974, ""19"": -0.027630804171498928, ""20"": 0.04063020641839318, ""21"": -0.06329488034554083, ""22"": 0.006780886242168557, ""23"": 0.035864767605652804, ""24"": 0.7938172088490073, ""25"": 0.010744069879048102, ""26"": 0.031846968324244405, ""27"": -0.059578978134729184, ""28"": 0.02769805122187841, ""29"": -0.025073659115234334, ""30"": -0.16936753100865243, ""31"": -0.11943741028868704, ""32"": -0.022832998595903174, ""33"": -0.025465690183955017, ""34"": -0.15859823769813292, ""35"": 0.10567638946396246, ""36"": 0.03508380935945314, ""37"": 0.10832473524986286, ""38"": -0.16888531667493994, ""39"": -0.021915855585284645, ""40"": -0.030239707707311148, ""41"": -0.11785016369794903, ""42"": -0.17580852164126332, ""43"": -0.009602794675670007, ""44"": 0.031198617281508238, ""45"": -0.06648918468732919, ""46"": 0.04230742379323934, ""47"": 0.016112417614869118, ""48"": 0.710941769197141}","[6, 7, 10, 11, 12, 13, 14, 16, 17, 18, 21, 24, 27, 30, 31, 34, 35, 37, 38, 41, 42, 45, 48]","{""24"": 2623.901344484429, ""48"": 4887.814111297078}","{""24"": 0.0, ""48"": 0.0}",2415.696836896728,2438.445624320896,47.57647738993924,24,1.0,False,,,,,,False
Austria,2024-06-17,Monday / warm season,2024-06-16T08:00:00+02:00,2024-06-16T06:00:00+00:00,2024-06-16T06:00:00+00:00,24,ordinary,enhanced_ordinary_arima_p1_d1_q1,,1,1,1,n,identity,False,,completed,,success,converged,True,True,True,True,True,4207,3,-28460.122076988744,56926.24415397749,56926.24986418449,56945.27695604628,1.5205551701816835,3.0675695393204805,"[""DeprecationWarning: Setting the shape on a NumPy array has been deprecated in NumPy 2.5.\nAs an alternative, you can create a new view using np.reshape (with copy=False if needed).""]",[],0,4183,True,joint Ljung-Box and residual ACF rule,"{""1"": 0.08164798799915683, ""2"": 0.16542558451457456, ""3"": -0.25367562052467196, ""4"": -0.05982593828746691, ""5"": -0.13551822265749477, ""6"": -0.19141482243188196, ""7"": -0.11031269514177013, ""8"": -0.11182596559513225, ""9"": 0.0006843952765159563, ""10"": -0.0970219204710549, ""11"": 0.20463241852214148, ""12"": 0.07722158006827312, ""13"": 0.20577297533550942, ""14"": -0.10728491551400615, ""15"": -0.004894609916251805, ""16"": -0.12742576561966612, ""17"": -0.11538131970125548, ""18"": -0.1890039341096742, ""19"": -0.12020646888134891, ""20"": -0.04594086139074586, ""21"": -0.21982696814603275, ""22"": 0.16283944316946491, ""23"": 0.09939604131642886, ""24"": 0.8165870833419976, ""25"": 0.09277947245189946, ""26"": 0.17396309796069104, ""27"": -0.21941303396589268, ""28"": -0.046960076570901364, ""29"": -0.13818337420996038, ""30"": -0.19325466857245566, ""31"": -0.1242002124284525, ""32"": -0.10288091628271306, ""33"": 0.007733721438689691, ""34"": -0.08781928740481865, ""35"": 0.21101016299949385, ""36"": 0.0627641846867425, ""37"": 0.21197239356905487, ""38"": -0.10559551507367917, ""39"": 0.007638310196386088, ""40"": -0.12124886092577461, ""41"": -0.12305088619800023, ""42"": -0.19182573358347363, ""43"": -0.11933217866624846, ""44"": -0.03219335599602978, ""45"": -0.1965271131068154, ""46"": 0.17676828164510472, ""47"": 0.07078003046815783, ""48"": 0.746841163851123}","[1, 2, 3, 4, 5, 6, 7, 8, 10, 11, 12, 13, 14, 16, 17, 18, 19, 21, 22, 23, 24, 25, 26, 27, 29, 30, 31, 32, 34, 35, 36, 37, 38, 40, 41, 42, 43, 45, 46, 47, 48]","{""24"": 4734.38319513641, ""48"": 8956.5682700575}","{""24"": 0.0, ""48"": 0.0}",1164.6452386403437,1268.040649531918,17.88809623205312,24,1.0,False,,,,,,False
Austria,2024-06-17,Monday / warm season,2024-06-16T08:00:00+02:00,2024-06-16T06:00:00+00:00,2024-06-16T06:00:00+00:00,24,ordinary,enhanced_ordinary_arima_p1_d1_q2,,1,1,2,n,identity,False,,completed,,success,converged,True,True,True,True,True,4207,4,-28140.40651384138,56288.81302768276,56288.822546959294,56314.19009710781,2.649892587311881,1.3695505093937237,"[""DeprecationWarning: Setting the shape on a NumPy array has been deprecated in NumPy 2.5.\nAs an alternative, you can create a new view using np.reshape (with copy=False if needed).""]",[],0,4183,True,joint Ljung-Box and residual ACF rule,"{""1"": 0.013797238855590394, ""2"": -0.012392163145897979, ""3"": -0.0003362801575239369, ""4"": -0.06596725233576836, ""5"": -0.09230143614654561, ""6"": -0.16701189599603564, ""7"": -0.12842697487266802, ""8"": -0.04600607375507029, ""9"": -0.028076324478760246, ""10"": -0.10644102690276001, ""11"": 0.13314495656807832, ""12"": 0.07494069021548187, ""13"": 0.1397814739439609, ""14"": -0.11763626840869391, ""15"": -0.03813550185007302, ""16"": -0.04802101895340867, ""17"": -0.13013994003188076, ""18"": -0.1862175410469018, ""19"": -0.06354492404838379, ""20"": -0.039021940062064095, ""21"": -0.052985654702991616, ""22"": 0.03479583192798353, ""23"": 0.06740872302025543, ""24"": 0.7661943696679905, ""25"": 0.0496031495199649, ""26"": 0.05182276628911593, ""27"": -0.05081974432805039, ""28"": -0.04761028206242051, ""29"": -0.06879413068941238, ""30"": -0.19079349231846432, ""31"": -0.13561475379021515, ""32"": -0.02549868606423974, ""33"": -0.0340904520428071, ""34"": -0.0956169987275195, ""35"": 0.14505670406868462, ""36"": 0.05727314406344598, ""37"": 0.15114879843577037, ""38"": -0.11528755722606508, ""39"": -0.031890492982111315, ""40"": -0.034111878946051485, ""41"": -0.14070432907503744, ""42"": -0.1893004476738019, ""43"": -0.05091759671786822, ""44"": -0.039718423059057935, ""45"": -0.05062862216212651, ""46"": 0.06556068568509762, ""47"": 0.042612467108562584, ""48"": 0.6904447936610099}","[4, 5, 6, 7, 10, 11, 12, 13, 14, 17, 18, 19, 21, 23, 24, 26, 27, 29, 30, 31, 34, 35, 36, 37, 38, 41, 42, 43, 45, 46, 48]","{""24"": 3302.320739957222, ""48"": 6213.748893032928}","{""24"": 0.0, ""48"": 0.0}",1273.2548718575738,1411.6905745847175,19.303872495569863,24,1.0,False,,,,,,False
Austria,2024-06-17,Monday / warm season,2024-06-16T08:00:00+02:00,2024-06-16T06:00:00+00:00,2024-06-16T06:00:00+00:00,24,ordinary,enhanced_ordinary_arima_p1_d1_q3,,1,1,3,n,identity,False,,completed,,success,converged,True,True,True,True,True,4207,5,-28134.60167780188,56279.20335560376,56279.21763791749,56310.92469238507,4.827598652323528,1.3485265363642536,"[""DeprecationWarning: Setting the shape on a NumPy array has been deprecated in NumPy 2.5.\nAs an alternative, you can create a new view using np.reshape (with copy=False if needed).""]",[],0,4183,True,joint Ljung-Box and residual ACF rule,"{""1"": 0.0019786583168992337, ""2"": 0.0016849145967778537, ""3"": 0.005857626183739944, ""4"": -0.035734717377703194, ""5"": -0.11278857546849846, ""6"": -0.1723056351115568, ""7"": -0.11626876292544983, ""8"": -0.059636491194792134, ""9"": -0.02450203593382821, ""10"": -0.10972996398622192, ""11"": 0.1288024759350681, ""12"": 0.06499230849897686, ""13"": 0.1394351745862918, ""14"": -0.12566117530950666, ""15"": -0.03432971384662301, ""16"": -0.05562053108353545, ""17"": -0.12377908926891125, ""18"": -0.19265446003322104, ""19"": -0.07590799981727403, ""20"": -0.016827160059829625, ""21"": -0.05039729372662101, ""22"": 0.049417691721001314, ""23"": 0.058009092009849474, ""24"": 0.7647935745054865, ""25"": 0.03992467065663392, ""26"": 0.06570144558048974, ""27"": -0.04777461629229603, ""28"": -0.0253107575155661, ""29"": -0.08232464516183048, ""30"": -0.19390489119215013, ""31"": -0.12934455403516176, ""32"": -0.03524813346997005, ""33"": -0.028657621895131987, ""34"": -0.10342790818785604, ""35"": 0.14247067500634086, ""36"": 0.05046564527069454, ""37"": 0.149031394991207, ""38"": -0.12367672425886762, ""39"": -0.026107677099392358, ""40"": -0.0427951605977604, ""41"": -0.13483373968327117, ""42"": -0.19339767054994964, ""43"": -0.06226783059166361, ""44"": -0.019945614507484933, ""45"": -0.05022359536426948, ""46"": 0.07977192506565156, ""47"": 0.03408567337792338, ""48"": 0.6895214814023288}","[5, 6, 7, 8, 10, 11, 12, 13, 14, 16, 17, 18, 19, 21, 23, 24, 26, 29, 30, 31, 34, 35, 36, 37, 38, 41, 42, 43, 45, 46, 48]","{""24"": 3303.9598519198257, ""48"": 6226.363091407553}","{""24"": 0.0, ""48"": 0.0}",1294.514117751199,1440.955526012067,19.58092715565059,24,1.0,False,,,,,,False
Austria,2024-06-17,Monday / warm season,2024-06-16T08:00:00+02:00,2024-06-16T06:00:00+00:00,2024-06-16T06:00:00+00:00,24,ordinary,enhanced_ordinary_arima_p2_d1_q1,,2,1,1,n,identity,False,,completed,,success,converged,True,True,True,True,True,4207,4,-28173.356117690528,56354.712235381056,56354.72175465759,56380.0893048061,1.166012619995992,1.8688432427993256,"[""DeprecationWarning: Setting the shape on a NumPy array has been deprecated in NumPy 2.5.\nAs an alternative, you can create a new view using np.reshape (with copy=False if needed).""]",[],0,4183,True,joint Ljung-Box and residual ACF rule,"{""1"": 0.035338134492063036, ""2"": 0.01360210352480912, ""3"": -0.20587947402827086, ""4"": 0.10219877977433346, ""5"": 0.08115584451305165, ""6"": -0.0518485014281407, ""7"": -0.021583969948490843, ""8"": -0.06284737284115192, ""9"": -0.06908098407806837, ""10"": -0.22962110155048887, ""11"": 0.04142428372774913, ""12"": -0.04978667296876981, ""13"": 0.04699584088383028, ""14"": -0.23424533158890395, ""15"": -0.07088614262709389, ""16"": -0.07981653972428325, ""17"": -0.036802694113176875, ""18"": -0.06745304065213004, ""19"": 0.06564592068904004, ""20"": 0.08502840376281474, ""21"": -0.19476471716712887, ""22"": 0.030544589484068137, ""23"": 0.04865747257386145, ""24"": 0.7873904037134692, ""25"": 0.03923997718806273, ""26"": 0.04526647886864903, ""27"": -0.18531350277761402, ""28"": 0.09055634467854339, ""29"": 0.05475918822218717, ""30"": -0.06846984934901022, ""31"": -0.041576193829852066, ""32"": -0.05275179974066778, ""33"": -0.05626114453867636, ""34"": -0.21349892346187493, ""35"": 0.05184835820819022, ""36"": -0.06234026001898573, ""37"": 0.05725113194972256, ""38"": -0.224117670913944, ""39"": -0.05008802815046465, ""40"": -0.06846751191902638, ""41"": -0.04717011056420983, ""42"": -0.07863424684824365, ""43"": 0.05357125702891378, ""44"": 0.08636042674786233, ""45"": -0.17191275751975116, ""46"": 0.05386212486155718, ""47"": 0.016862594996262494, ""48"": 0.7069989939306768}","[3, 4, 5, 6, 8, 9, 10, 14, 15, 16, 18, 19, 20, 21, 24, 27, 28, 29, 30, 32, 33, 34, 35, 36, 37, 38, 39, 40, 42, 43, 44, 45, 46, 48]","{""24"": 3687.375418679224, ""48"": 6756.792055407416}","{""24"": 0.0, ""48"": 0.0}",1446.1856233641408,1639.1826536614687,21.644499868747577,24,1.0,False,,,,,,False
Austria,2024-06-17,Monday / warm season,2024-06-16T08:00:00+02:00,2024-06-16T06:00:00+00:00,2024-06-16T06:00:00+00:00,24,ordinary,enhanced_ordinary_arima_p2_d1_q2,,2,1,2,n,identity,False,,completed,,success,converged,True,True,True,True,True,4207,5,-28101.37880966197,56212.75761932394,56212.77190163767,56244.47895610525,1.143859917932574,1.0774194932199523,"[""DeprecationWarning: Setting the shape on a NumPy array has been deprecated in NumPy 2.5.\nAs an alternative, you can create a new view using np.reshape (with copy=False if needed).""]",[],0,4183,True,joint Ljung-Box and residual ACF rule,"{""1"": 0.03312096032133525, ""2"": 0.10771441231671476, ""3"": -0.20565664321481786, ""4"": 0.07011097160327501, ""5"": 0.04021930462373924, ""6"": -0.04429961323213197, ""7"": 0.012005285983532938, ""8"": -0.02776451583427057, ""9"": 0.00929279118410516, ""10"": -0.14706475270031172, ""11"": 0.13131292390615773, ""12"": 0.004146821132121368, ""13"": 0.1299161032120289, ""14"": -0.16476033849049623, ""15"": -0.009175722977337939, ""16"": -0.06436070752667024, ""17"": -0.022535806356175466, ""18"": -0.07859846870449057, ""19"": 0.01077704509786582, ""20"": 0.038490112112822064, ""21"": -0.21484814264526572, ""22"": 0.08093708978729414, ""23"": 0.020058485787898834, ""24"": 0.7664128226454962, ""25"": 0.011338364902620744, ""26"": 0.09286803520906708, ""27"": -0.21299461382362625, ""28"": 0.03610812377429444, ""29"": -0.011086495664420815, ""30"": -0.09073791254285014, ""31"": -0.04275737851121711, ""32"": -0.053866316990260094, ""33"": -0.015160339605881595, ""34"": -0.1666913983139899, ""35"": 0.10958518996553467, ""36"": -0.03890155397316279, ""37"": 0.11065913041758878, ""38"": -0.18642127602616823, ""39"": -0.019558802482597375, ""40"": -0.08225527183029459, ""41"": -0.05801867710550048, ""42"": -0.11056047827367271, ""43"": -0.01834437989992112, ""44"": 0.0243001095054476, ""45"": -0.21237391122262667, ""46"": 0.08058902300529455, ""47"": -0.0275600493329626, ""48"": 0.673809884387505}","[2, 3, 4, 10, 11, 13, 14, 16, 18, 21, 22, 24, 26, 27, 30, 32, 34, 35, 37, 38, 40, 41, 42, 45, 46, 48]","{""24"": 3366.478124635186, ""48"": 6272.5087725170415}","{""24"": 0.0, ""48"": 0.0}",1193.597090121403,1309.6763803915446,18.24260509460149,24,1.0,False,,,,,,False
Austria,2024-06-17,Monday / warm season,2024-06-16T08:00:00+02:00,2024-06-16T06:00:00+00:00,2024-06-16T06:00:00+00:00,24,ordinary,enhanced_ordinary_arima_p2_d1_q3,,2,1,3,n,identity,False,,completed,,success,converged,True,True,True,True,True,4207,6,-27930.32538910876,55872.65077821752,55872.67077821752,55910.716382355095,1.4113881595641211,1.0120691252014586,"[""DeprecationWarning: Setting the shape on a NumPy array has been deprecated in NumPy 2.5.\nAs an alternative, you can create a new view using np.reshape (with copy=False if needed).""]",[],0,4183,True,joint Ljung-Box and residual ACF rule,"{""1"": -0.013865194728850352, ""2"": -0.004896225561533403, ""3"": 0.027394002695021166, ""4"": 0.055862976538738784, ""5"": 0.0033948009995748703, ""6"": -0.10025274979476458, ""7"": -0.03846820750286094, ""8"": 0.01714982453592791, ""9"": 0.00484738767485565, ""10"": -0.10975037656505379, ""11"": 0.1299073182721431, ""12"": 0.05891816113557332, ""13"": 0.13453338768833067, ""14"": -0.12688360455207132, ""15"": -0.008748552470639189, ""16"": 0.00334497940114865, ""17"": -0.05980732853136767, ""18"": -0.13243382807746457, ""19"": 0.008599447283245376, ""20"": 0.04614655507260118, ""21"": -0.04445536325188957, ""22"": 0.021510070423674914, ""23"": 0.020249027493987118, ""24"": 0.743679869895058, ""25"": 6.840811236533413e-05, ""26"": 0.03406044316244918, ""27"": -0.046213028929067125, ""28"": 0.03182931974965665, ""29"": -0.007315023550847594, ""30"": -0.14650736935010317, ""31"": -0.08139655520420386, ""32"": 0.006219042114005241, ""33"": -0.0256912931060771, ""34"": -0.13040134913259202, ""35"": 0.11248471016000135, ""36"": 0.015513124803673697, ""37"": 0.11659659599873073, ""38"": -0.15281439165660787, ""39"": -0.027610115297423292, ""40"": -0.01271531711069198, ""41"": -0.09930587738077956, ""42"": -0.16141351049580302, ""43"": -0.010304901597074081, ""44"": 0.013690525791783795, ""45"": -0.06838567225588774, ""46"": 0.027938963129892302, ""47"": -0.026931805608332266, ""48"": 0.6453771637620073}","[4, 6, 10, 11, 12, 13, 14, 17, 18, 24, 30, 31, 34, 35, 37, 38, 41, 42, 45, 48]","{""24"": 2784.598307043249, ""48"": 5152.982399704264}","{""24"": 0.0, ""48"": 0.0}",861.5444097912181,906.394764031364,14.277571520946838,24,1.0,False,,,,,,False
Austria,2024-06-17,Monday / warm season,2024-06-16T08:00:00+02:00,2024-06-16T06:00:00+00:00,2024-06-16T06:00:00+00:00,24,ordinary,enhanced_ordinary_arima_p3_d1_q1,,3,1,1,n,identity,False,,completed,,success,converged,True,True,True,True,True,4207,5,-28145.65556098161,56301.31112196322,56301.32540427696,56333.032458744536,1.307740847945759,2.1378156318274817,"[""DeprecationWarning: Setting the shape on a NumPy array has been deprecated in NumPy 2.5.\nAs an alternative, you can create a new view using np.reshape (with copy=False if needed).""]",[],0,4183,True,joint Ljung-Box and residual ACF rule,"{""1"": 0.00873946780183997, ""2"": -0.036599978494972714, ""3"": -0.10154086738035326, ""4"": 0.07431012613745694, ""5"": 0.056325026768549113, ""6"": -0.16672502018915167, ""7"": -0.078572616720739, ""8"": -0.044719355856229256, ""9"": -0.056437026955574524, ""10"": -0.1818028903119107, ""11"": 0.07972939504596702, ""12"": 0.021914570878958064, ""13"": 0.08478106231866257, ""14"": -0.1881896984266817, ""15"": -0.055891313987617805, ""16"": -0.055019541538311255, ""17"": -0.08650247902784483, ""18"": -0.16541060463176344, ""19"": 0.04632538175560644, ""20"": 0.06690047174205656, ""21"": -0.11681055578390598, ""22"": 0.001144076177892628, ""23"": 0.04439871009204309, ""24"": 0.7825301620288202, ""25"": 0.029052731565637355, ""26"": 0.013034789287417265, ""27"": -0.11048358966899297, ""28"": 0.06716771892414519, ""29"": 0.038057163466432634, ""30"": -0.16636457075726585, ""31"": -0.0919114255430366, ""32"": -0.031170730246471243, ""33"": -0.048204804173880136, ""34"": -0.16903557060118743, ""35"": 0.08948913390118345, ""36"": 0.007087445828451287, ""37"": 0.09512583753435133, ""38"": -0.18233494008379073, ""39"": -0.0401639851944365, ""40"": -0.04278873415346786, ""41"": -0.09424634019370054, ""42"": -0.16688980013119437, ""43"": 0.03966065570336102, ""44"": 0.06268990091641923, ""45"": -0.10382974594068693, ""46"": 0.028531712251220937, ""47"": 0.018448723001706364, ""48"": 0.7061674136301158}","[3, 4, 5, 6, 7, 9, 10, 11, 13, 14, 15, 16, 17, 18, 20, 21, 24, 27, 28, 30, 31, 34, 35, 37, 38, 41, 42, 44, 45, 48]","{""24"": 3439.1880496112467, ""48"": 6374.124629843001}","{""24"": 0.0, ""48"": 0.0}",1389.040652978376,1565.577325958324,20.855804907911555,24,1.0,False,,,,,,False
Austria,2024-06-17,Monday / warm season,2024-06-16T08:00:00+02:00,2024-06-16T06:00:00+00:00,2024-06-16T06:00:00+00:00,24,ordinary,enhanced_ordinary_arima_p3_d1_q2,,3,1,2,n,identity,False,,completed,,success,converged,True,True,True,True,True,4207,6,-28128.832829216284,56269.66565843257,56269.685658432565,56307.73126257015,1.7531461794485097,1.5806880268617918,"[""DeprecationWarning: Setting the shape on a NumPy array has been deprecated in NumPy 2.5.\nAs an alternative, you can create a new view using np.reshape (with copy=False if needed)."", ""UserWarning: Non-stationary starting autoregressive parameters found. Using zeros as starting parameters."", ""UserWarning: Non-invertible starting MA parameters found. Using zeros as starting parameters.""]",[],0,4183,True,joint Ljung-Box and residual ACF rule,"{""1"": -0.007105984754559792, ""2"": -0.019356801333401362, ""3"": 0.001372589148588854, ""4"": -0.00579699711472892, ""5"": -0.04699160078171967, ""6"": -0.19488664465963007, ""7"": -0.11976628252843455, ""8"": -0.027793497376385274, ""9"": -0.0433033972162143, ""10"": -0.13273769110281894, ""11"": 0.11670636082394384, ""12"": 0.05307836304987487, ""13"": 0.12101854658561416, ""14"": -0.14294447322848683, ""15"": -0.04675792246376838, ""16"": -0.03489974043756778, ""17"": -0.12364629493374704, ""18"": -0.2028094440811641, ""19"": -0.030049467169142384, ""20"": 0.007259962289395688, ""21"": -0.047348503181423376, ""22"": 0.02583145457305681, ""23"": 0.04676759195514737, ""24"": 0.7698434424605605, ""25"": 0.028342273148140293, ""26"": 0.040965007680859, ""27"": -0.04417077445054276, ""28"": 0.0005939144690782175, ""29"": -0.034963204103776145, ""30"": -0.20466149476981793, ""31"": -0.1287934590836862, ""32"": -0.012581877797584434, ""33"": -0.04291103931282474, ""34"": -0.12254677316817846, ""35"": 0.12708207047946474, ""36"": 0.03866124494489995, ""37"": 0.1326187506234572, ""38"": -0.14064253738936922, ""39"": -0.037499826117010325, ""40"": -0.0224877571250409, ""41"": -0.13303510722287712, ""42"": -0.20151852225412048, ""43"": -0.02230541145534617, ""44"": 0.002133472689746857, ""45"": -0.04534072203103549, ""46"": 0.05526079655095229, ""47"": 0.023240548622005232, ""48"": 0.6957136842964255}","[6, 7, 10, 11, 12, 13, 14, 17, 18, 24, 30, 31, 34, 35, 37, 38, 41, 42, 46, 48]","{""24"": 3303.2361603927934, ""48"": 6207.330866538716}","{""24"": 0.0, ""48"": 0.0}",1330.390195193236,1491.0612886579218,20.04846034654588,24,1.0,False,,,,,,False
Austria,2024-06-17,Monday / warm season,2024-06-16T08:00:00+02:00,2024-06-16T06:00:00+00:00,2024-06-16T06:00:00+00:00,24,ordinary,enhanced_ordinary_arima_p3_d1_q3,,3,1,3,n,identity,False,,completed,,success,converged,True,True,True,True,True,4207,7,-27922.12294734241,55858.24589468482,55858.2725677022,55902.65576617866,1.2804978915596772,1.0371600434638946,"[""DeprecationWarning: Setting the shape on a NumPy array has been deprecated in NumPy 2.5.\nAs an alternative, you can create a new view using np.reshape (with copy=False if needed).""]",[],0,4183,True,joint Ljung-Box and residual ACF rule,"{""1"": -0.0037831976756611202, ""2"": -0.02256333600787422, ""3"": 0.017933398246744798, ""4"": 0.03277253100434271, ""5"": 0.037935013399818515, ""6"": -0.08079889468959689, ""7"": -0.04106100739370754, ""8"": 0.02737065913839497, ""9"": -0.00920320770247068, ""10"": -0.11910982542611158, ""11"": 0.11515151032607718, ""12"": 0.046760431434068966, ""13"": 0.11685342853557536, ""14"": -0.1343877373846712, ""15"": -0.02545312987694289, ""16"": 0.005452031584903764, ""17"": -0.06236672251830828, ""18"": -0.11797356530944601, ""19"": 0.029048220573278834, ""20"": 0.024731178644825033, ""21"": -0.055180432380103346, ""22"": -0.0018530238987834544, ""23"": 0.02149232460493454, ""24"": 0.7383463590718512, ""25"": 0.00201860085068797, ""26"": 0.011969518209335504, ""27"": -0.05609880045016829, ""28"": 0.011285121610343998, ""29"": 0.014587549015568404, ""30"": -0.13432803847993283, ""31"": -0.0834617409553826, ""32"": 0.01030219557772926, ""33"": -0.042729197215219034, ""34"": -0.13803990007135292, ""35"": 0.09511910243731682, ""36"": 0.00024503645375941667, ""37"": 0.09928462344030357, ""38"": -0.15992216164535283, ""39"": -0.04502607333778772, ""40"": -0.009723000169732966, ""41"": -0.10182925633253523, ""42"": -0.149565636784663, ""43"": 0.008436394099444062, ""44"": -0.004676621896395512, ""45"": -0.07522673477997469, ""46"": 0.006140279639286332, ""47"": -0.02584317432333227, ""48"": 0.6400205858953047}","[6, 10, 11, 13, 14, 17, 18, 21, 24, 27, 30, 31, 34, 35, 37, 38, 41, 42, 45, 48]","{""24"": 2702.6953915772237, ""48"": 5008.663945290673}","{""24"": 0.0, ""48"": 0.0}",1056.717010178401,1121.121813459231,16.555850812953494,24,1.0,False,,,,,,False
Austria,2024-06-17,Monday / warm season,2024-06-16T08:00:00+02:00,2024-06-16T06:00:00+00:00,2024-06-16T06:00:00+00:00,24,ordinary,enhanced_ordinary_arima_p4_d1_q1,,4,1,1,n,identity,False,,completed,,success,converged,True,True,True,True,True,4207,6,-28144.39195406201,56300.78390812402,56300.80390812402,56338.8495122616,1.331539432974626,2.3809113699974844,"[""DeprecationWarning: Setting the shape on a NumPy array has been deprecated in NumPy 2.5.\nAs an alternative, you can create a new view using np.reshape (with copy=False if needed).""]",[],0,4183,True,joint Ljung-Box and residual ACF rule,"{""1"": 0.005071965887177805, ""2"": -0.0348151733890071, ""3"": -0.09126469780059779, ""4"": 0.06838157919659463, ""5"": 0.04884077789905293, ""6"": -0.17612511314270796, ""7"": -0.0834577815191025, ""8"": -0.04199655536615146, ""9"": -0.054467540575318905, ""10"": -0.17628617617817374, ""11"": 0.08400576894191239, ""12"": 0.02667086276530923, ""13"": 0.08889153181076041, ""14"": -0.1831921374244113, ""15"": -0.05392929326096997, ""16"": -0.05230220701649729, ""17"": -0.09093123076147008, ""18"": -0.17391537756552125, ""19"": 0.0403288799487677, ""20"": 0.06252962632303667, ""21"": -0.10929094566674372, ""22"": 0.0034492261149602892, ""23"": 0.04291992548279279, ""24"": 0.781934382603831, ""25"": 0.02723058569801872, ""26"": 0.015331712551389093, ""27"": -0.10332526204690869, ""28"": 0.06221137633531833, ""29"": 0.03233623841022503, ""30"": -0.17480969668984636, ""31"": -0.096360250858731, ""32"": -0.028653741210933396, ""33"": -0.046860996733238264, ""34"": -0.16400169946993318, ""35"": 0.0938288543764746, ""36"": 0.011821710358748145, ""37"": 0.09940604188259138, ""38"": -0.17784051904996465, ""39"": -0.03891132272941904, ""40"": -0.040238144243859464, ""41"": -0.09860132407494585, ""42"": -0.1744966783172553, ""43"": 0.034695413369929796, ""44"": 0.05807459886422416, ""45"": -0.09745894806506765, ""46"": 0.030829805379325597, ""47"": 0.0175131142281449, ""48"": 0.7060975666339319}","[3, 4, 6, 7, 9, 10, 11, 13, 14, 15, 16, 17, 18, 20, 21, 24, 27, 28, 30, 31, 34, 35, 37, 38, 41, 42, 44, 45, 48]","{""24"": 3426.2109374901333, ""48"": 6361.876208530806}","{""24"": 0.0, ""48"": 0.0}",1382.012906781022,1556.641870188071,20.75880457498296,24,1.0,False,,,,,,False
Austria,2024-06-17,Monday / warm season,2024-06-16T08:00:00+02:00,2024-06-16T06:00:00+00:00,2024-06-16T06:00:00+00:00,24,ordinary,enhanced_ordinary_arima_p4_d1_q2,,4,1,2,n,identity,False,,completed,,success,converged,True,True,True,True,True,4207,7,-28099.712344244443,56213.424688488885,56213.45136150627,56257.83455998272,1.4762067961746443,1.2471245133480453,"[""DeprecationWarning: Setting the shape on a NumPy array has been deprecated in NumPy 2.5.\nAs an alternative, you can create a new view using np.reshape (with copy=False if needed)."", ""UserWarning: Non-stationary starting autoregressive parameters found. Using zeros as starting parameters."", ""UserWarning: Non-invertible starting MA parameters found. Using zeros as starting parameters.""]",[],0,4183,True,joint Ljung-Box and residual ACF rule,"{""1"": -0.01630906885514022, ""2"": -0.024492714005505675, ""3"": -0.017787345456710457, ""4"": 0.027915734814401964, ""5"": -0.05083420530916294, ""6"": -0.1291282640105737, ""7"": -0.12324134493736702, ""8"": -0.050777800122287185, ""9"": -0.02026988148576072, ""10"": -0.16433949375440002, ""11"": 0.10076763052322252, ""12"": 0.04338317956333917, ""13"": 0.1032458157333579, ""14"": -0.16667356713280376, ""15"": -0.031343587852316786, ""16"": -0.055249977172914126, ""17"": -0.1184694744153027, ""18"": -0.15369783688546196, ""19"": -0.030427382719781997, ""20"": 0.03683227907315754, ""21"": -0.0668792688938261, ""22"": 0.02183868355196644, ""23"": 0.03844357955427453, ""24"": 0.7653080641647589, ""25"": 0.018691304660798123, ""26"": 0.03929475247334759, ""27"": -0.06460928031616556, ""28"": 0.0314136354042377, ""29"": -0.03298564388788732, ""30"": -0.1575412015072699, ""31"": -0.12379495298293329, ""32"": -0.029588466756918296, ""33"": -0.03007951056973333, ""34"": -0.1462617239749755, ""35"": 0.11329309969042033, ""36"": 0.022008922507409254, ""37"": 0.11924698009138289, ""38"": -0.16170974323816742, ""39"": -0.026047564214343105, ""40"": -0.03778333328729824, ""41"": -0.1263228795864936, ""42"": -0.16003847818330924, ""43"": -0.021012209585465888, ""44"": 0.03073763024073531, ""45"": -0.06549521845331298, ""46"": 0.05423145874840762, ""47"": 0.013483424620563404, ""48"": 0.6895181640952872}","[5, 6, 7, 8, 10, 11, 13, 14, 16, 17, 18, 21, 24, 27, 30, 31, 34, 35, 37, 38, 41, 42, 45, 46, 48]","{""24"": 3167.467600516704, ""48"": 5930.101183026385}","{""24"": 0.0, ""48"": 0.0}",1368.9519401809637,1540.1336071167786,20.57832642866464,24,1.0,False,,,,,,False
Austria,2024-07-25,warm-season weekday,2024-07-24T08:00:00+02:00,2024-07-24T06:00:00+00:00,2024-07-24T06:00:00+00:00,24,ordinary,enhanced_ordinary_arima_p1_d1_q1,,1,1,1,n,identity,False,,completed,,success,converged,True,True,True,True,True,5119,3,-34504.736169026466,69015.47233805293,69015.47703013505,69035.0938951031,1.5117944220876218,3.1295903030046315,"[""DeprecationWarning: Setting the shape on a NumPy array has been deprecated in NumPy 2.5.\nAs an alternative, you can create a new view using np.reshape (with copy=False if needed).""]",[],0,5095,True,joint Ljung-Box and residual ACF rule,"{""1"": 0.07917817580083185, ""2"": 0.1682124704358288, ""3"": -0.24376471409205636, ""4"": -0.05920070373797762, ""5"": -0.13666517828594785, ""6"": -0.19074146271944573, ""7"": -0.1318321884935328, ""8"": -0.11063677191179383, ""9"": 0.0020687158581935926, ""10"": -0.09060214670205115, ""11"": 0.2139034246945158, ""12"": 0.06714903746814711, ""13"": 0.21251725659306975, ""14"": -0.10110715809367793, ""15"": -0.005690721118349272, ""16"": -0.12799910686816135, ""17"": -0.13272570442573406, ""18"": -0.1887937239398312, ""19"": -0.1222043870540629, ""20"": -0.0427362027015889, ""21"": -0.2095450813613847, ""22"": 0.16831542756436693, ""23"": 0.09951200617411705, ""24"": 0.8039710335236531, ""25"": 0.0889967145620454, ""26"": 0.17841563989557171, ""27"": -0.20987327617376728, ""28"": -0.04237464029201998, ""29"": -0.13906260160246361, ""30"": -0.19491411227039462, ""31"": -0.14121802634612607, ""32"": -0.10272870516002958, ""33"": 0.008213182081564633, ""34"": -0.07887907693512523, ""35"": 0.21798870169857928, ""36"": 0.04903474254977212, ""37"": 0.21977092281692162, ""38"": -0.09905447187217431, ""39"": 0.007710019594904108, ""40"": -0.12404811619188838, ""41"": -0.13975883828527175, ""42"": -0.19002029792222075, ""43"": -0.11938674081225019, ""44"": -0.029428746870185714, ""45"": -0.1849348304957804, ""46"": 0.18287676025439475, ""47"": 0.06900000016181626, ""48"": 0.7296214173298582}","[1, 2, 3, 4, 5, 6, 7, 8, 10, 11, 12, 13, 14, 16, 17, 18, 19, 21, 22, 23, 24, 25, 26, 27, 29, 30, 31, 32, 34, 35, 37, 38, 40, 41, 42, 43, 45, 46, 47, 48]","{""24"": 5683.731508845848, ""48"": 10714.049825281254}","{""24"": 0.0, ""48"": 0.0}",1905.7136594645965,2036.3531723754224,32.64844734677497,24,1.0,False,,,,,,False
Austria,2024-07-25,warm-season weekday,2024-07-24T08:00:00+02:00,2024-07-24T06:00:00+00:00,2024-07-24T06:00:00+00:00,24,ordinary,enhanced_ordinary_arima_p1_d1_q2,,1,1,2,n,identity,False,,completed,,success,converged,True,True,True,True,True,5119,4,-34136.93922140096,68281.87844280191,68281.88626446793,68308.04051886879,2.5536574585832645,1.389374809050518,"[""DeprecationWarning: Setting the shape on a NumPy array has been deprecated in NumPy 2.5.\nAs an alternative, you can create a new view using np.reshape (with copy=False if needed).""]",[],0,5095,True,joint Ljung-Box and residual ACF rule,"{""1"": 0.014872004513592805, ""2"": -0.01407359011531592, ""3"": 0.002395161030127899, ""4"": -0.06554178249746329, ""5"": -0.08917201735879625, ""6"": -0.16492626135387456, ""7"": -0.14849458738884266, ""8"": -0.03992854604387855, ""9"": -0.028073592909465993, ""10"": -0.10392838850830122, ""11"": 0.14467735191372952, ""12"": 0.0628799795440994, ""13"": 0.1459873734536456, ""14"": -0.11118909211791012, ""15"": -0.04077979180474093, ""16"": -0.046403398318976316, ""17"": -0.143131571278312, ""18"": -0.1857484396752801, ""19"": -0.062193518670056104, ""20"": -0.03459053054276189, ""21"": -0.05268125445844448, ""22"": 0.03781573947197452, ""23"": 0.07282861238841588, ""24"": 0.7510917493570038, ""25"": 0.050876334012577455, ""26"": 0.055502549930515455, ""27"": -0.05217835251785168, ""28"": -0.04217538838192232, ""29"": -0.06586770916596889, ""30"": -0.1936136817819626, ""31"": -0.1474051180550733, ""32"": -0.02212151471032176, ""33"": -0.03818600634774587, ""34"": -0.08606282571466661, ""35"": 0.15346245872598535, ""36"": 0.03960565071392822, ""37"": 0.1602153889959003, ""38"": -0.10820597043241319, ""39"": -0.03449210693081724, ""40"": -0.03410834609450945, ""41"": -0.15413044022827066, ""42"": -0.18621077241978476, ""43"": -0.04821644675340014, ""44"": -0.03729725654307147, ""45"": -0.0482340066575196, ""46"": 0.07077847906537421, ""47"": 0.046153536502113394, ""48"": 0.6711580801086864}","[4, 5, 6, 7, 10, 11, 12, 13, 14, 17, 18, 19, 21, 23, 24, 25, 26, 27, 29, 30, 31, 34, 35, 37, 38, 41, 42, 46, 48]","{""24"": 3946.921110094487, ""48"": 7391.677923153987}","{""24"": 0.0, ""48"": 0.0}",1122.2171024645197,1332.1297276796863,19.835054471655656,24,1.0,False,,,,,,False
Austria,2024-07-25,warm-season weekday,2024-07-24T08:00:00+02:00,2024-07-24T06:00:00+00:00,2024-07-24T06:00:00+00:00,24,ordinary,enhanced_ordinary_arima_p1_d1_q3,,1,1,3,n,identity,False,,completed,,success,converged,True,True,True,True,True,5119,5,-34127.994603015555,68265.98920603111,68266.00094082477,68298.6918011147,4.955585331315391,1.3561132057859078,"[""DeprecationWarning: Setting the shape on a NumPy array has been deprecated in NumPy 2.5.\nAs an alternative, you can create a new view using np.reshape (with copy=False if needed).""]",[],0,5095,True,joint Ljung-Box and residual ACF rule,"{""1"": 0.001354202158297007, ""2"": 0.0017950689027567176, ""3"": 0.00920990864793575, ""4"": -0.030464172996770043, ""5"": -0.11289075037873782, ""6"": -0.17099489416731523, ""7"": -0.13383428478931894, ""8"": -0.05463051125118833, ""9"": -0.02472659569023959, ""10"": -0.10835066591676823, ""11"": 0.13958735697007615, ""12"": 0.051927692812904686, ""13"": 0.14540982059702962, ""14"": -0.12107515247383042, ""15"": -0.03669582723222113, ""16"": -0.05435574178124001, ""17"": -0.13565994648921134, ""18"": -0.19267952196377058, ""19"": -0.07626078268456607, ""20"": -0.00935348039388428, ""21"": -0.049863704803154336, ""22"": 0.05415512513538652, ""23"": 0.06188567505730952, ""24"": 0.7500408441697897, ""25"": 0.03999370093445301, ""26"": 0.07090330085563677, ""27"": -0.04887558323786417, ""28"": -0.016878418501081283, ""29"": -0.08146573268673639, ""30"": -0.19664770289046912, ""31"": -0.13978418041312513, ""32"": -0.03251931674760806, ""33"": -0.03255709303797175, ""34"": -0.09588510785982893, ""35"": 0.15068950891819965, ""36"": 0.03220234313864471, ""37"": 0.15741311648104764, ""38"": -0.11827474647171039, ""39"": -0.028246577895744557, ""40"": -0.04349865975484052, ""41"": -0.1468922052513429, ""42"": -0.1905626230083072, ""43"": -0.06107927303789144, ""44"": -0.014927030873040387, ""45"": -0.04808652824577635, ""46"": 0.08673202017674544, ""47"": 0.036456835924106465, ""48"": 0.6707466612152915}","[5, 6, 7, 8, 10, 11, 12, 13, 14, 16, 17, 18, 19, 22, 23, 24, 26, 29, 30, 31, 34, 35, 37, 38, 41, 42, 43, 46, 48]","{""24"": 3949.9334842044263, ""48"": 7413.056262350483}","{""24"": 0.0, ""48"": 0.0}",1031.6456460828454,1256.778072890573,18.353803116603025,24,1.0,False,,,,,,False
Austria,2024-07-25,warm-season weekday,2024-07-24T08:00:00+02:00,2024-07-24T06:00:00+00:00,2024-07-24T06:00:00+00:00,24,ordinary,enhanced_ordinary_arima_p2_d1_q1,,2,1,1,n,identity,False,,completed,,success,converged,True,True,True,True,True,5119,4,-34151.3616420067,68310.7232840134,68310.73110567941,68336.88536008027,1.1548036344894712,1.736145434394687,"[""DeprecationWarning: Setting the shape on a NumPy array has been deprecated in NumPy 2.5.\nAs an alternative, you can create a new view using np.reshape (with copy=False if needed).""]",[],0,5095,True,joint Ljung-Box and residual ACF rule,"{""1"": 0.03949041058332172, ""2"": 0.013225802393026728, ""3"": -0.20119779705726268, ""4"": 0.0974559254861395, ""5"": 0.08576363018443128, ""6"": -0.04011512527644521, ""7"": -0.036721865370898596, ""8"": -0.05787574941662283, ""9"": -0.06569884401084558, ""10"": -0.22290627150575834, ""11"": 0.042915716568438, ""12"": -0.07016134391999113, ""13"": 0.04588112649941712, ""14"": -0.2271148361660648, ""15"": -0.07045339494351457, ""16"": -0.07777859312305285, ""17"": -0.048480944577104085, ""18"": -0.05869064871575869, ""19"": 0.06646554119127356, ""20"": 0.08185942943925828, ""21"": -0.18964793518322626, ""22"": 0.03397461367960295, ""23"": 0.05290902087175942, ""24"": 0.7717938116762919, ""25"": 0.03962763926287395, ""26"": 0.048629446348241276, ""27"": -0.17945944955744392, ""28"": 0.08985371444276867, ""29"": 0.0564880395124306, ""30"": -0.06311979481376437, ""31"": -0.05397097240912745, ""32"": -0.05051132169903519, ""33"": -0.05442688510364817, ""34"": -0.2027548703506923, ""35"": 0.05105984523037214, ""36"": -0.08689170938741006, ""37"": 0.05801530791031309, ""38"": -0.214742103726109, ""39"": -0.04867631855634655, ""40"": -0.06973816434589265, ""41"": -0.05959491808605266, ""42"": -0.06900564423204887, ""43"": 0.05552528255696271, ""44"": 0.08271327872173571, ""45"": -0.1637494505448739, ""46"": 0.060131608114667584, ""47"": 0.019034801154761378, ""48"": 0.6848757649472552}","[3, 4, 5, 8, 9, 10, 12, 14, 15, 16, 18, 19, 20, 21, 23, 24, 27, 28, 29, 30, 31, 32, 33, 34, 35, 36, 37, 38, 40, 41, 42, 43, 44, 45, 46, 48]","{""24"": 4315.838019558939, ""48"": 7842.339574535185}","{""24"": 0.0, ""48"": 0.0}",591.235775410082,787.8253165178844,10.667412052256008,24,1.0,False,,,,,,False
Austria,2024-07-25,warm-season weekday,2024-07-24T08:00:00+02:00,2024-07-24T06:00:00+00:00,2024-07-24T06:00:00+00:00,24,ordinary,enhanced_ordinary_arima_p2_d1_q2,,2,1,2,n,identity,False,,completed,,success,converged,True,True,True,True,True,5119,5,-34066.947517898414,68143.89503579683,68143.90677059049,68176.59763088042,1.140864152324383,1.0787033300438382,"[""DeprecationWarning: Setting the shape on a NumPy array has been deprecated in NumPy 2.5.\nAs an alternative, you can create a new view using np.reshape (with copy=False if needed).""]",[],0,5095,True,joint Ljung-Box and residual ACF rule,"{""1"": 0.030519837576201102, ""2"": 0.1074422796310656, ""3"": -0.1972003406815335, ""4"": 0.0690235806483977, ""5"": 0.04085543758801885, ""6"": -0.04104266205705869, ""7"": -0.009319422679151406, ""8"": -0.024636662601093727, ""9"": 0.012272431768202668, ""10"": -0.13954556075135063, ""11"": 0.13986468778504849, ""12"": -0.008713833819012444, ""13"": 0.13591326546654092, ""14"": -0.1567828964465791, ""15"": -0.008393628839193609, ""16"": -0.06317728458871961, ""17"": -0.03949738958174091, ""18"": -0.07678107192647189, ""19"": 0.008973739124565778, ""20"": 0.039236023239074, ""21"": -0.20660401190788913, ""22"": 0.08438721032112616, ""23"": 0.020118838379701045, ""24"": 0.752086024958316, ""25"": 0.007258314732853117, ""26"": 0.09569116378130739, ""27"": -0.20500941243644522, ""28"": 0.038617717979940645, ""29"": -0.011889816778419202, ""30"": -0.09183705767511893, ""31"": -0.06017501071187656, ""32"": -0.05275973760119696, ""33"": -0.013643379385356813, ""34"": -0.15583645669631369, ""35"": 0.11587359268339746, ""36"": -0.055500896044792004, ""37"": 0.1183880453357662, ""38"": -0.1771630489220954, ""39"": -0.017521303596670028, ""40"": -0.08344802734918365, ""41"": -0.07448234229230392, ""42"": -0.10697452308687815, ""43"": -0.01820348918779071, ""44"": 0.024603808334444827, ""45"": -0.2019096481192507, ""46"": 0.08619509676975112, ""47"": -0.028794891094391168, ""48"": 0.6546424882491524}","[2, 3, 4, 10, 11, 13, 14, 16, 18, 21, 22, 24, 26, 27, 30, 31, 32, 34, 35, 36, 37, 38, 40, 41, 42, 45, 46, 48]","{""24"": 3948.3172249731083, ""48"": 7325.484847405378}","{""24"": 0.0, ""48"": 0.0}",615.5883743697323,810.3389454264047,11.010765081867602,24,1.0,False,,,,,,False
Austria,2024-07-25,warm-season weekday,2024-07-24T08:00:00+02:00,2024-07-24T06:00:00+00:00,2024-07-24T06:00:00+00:00,24,ordinary,enhanced_ordinary_arima_p2_d1_q3,,2,1,3,n,identity,False,,completed,,success,converged,True,True,True,True,True,5119,6,-33877.13630884923,67766.27261769846,67766.28904962334,67805.51573179878,1.391232529872133,1.010677887498029,"[""DeprecationWarning: Setting the shape on a NumPy array has been deprecated in NumPy 2.5.\nAs an alternative, you can create a new view using np.reshape (with copy=False if needed).""]",[],0,5095,True,joint Ljung-Box and residual ACF rule,"{""1"": -0.01297946330658857, ""2"": -0.007062914647024874, ""3"": 0.025816227412116713, ""4"": 0.055810279709107014, ""5"": 0.010065457398104419, ""6"": -0.09480291156386454, ""7"": -0.05703153403702459, ""8"": 0.025876071745637316, ""9"": 0.007458848473011595, ""10"": -0.10636739653022126, ""11"": 0.1424807821207348, ""12"": 0.04732562851803157, ""13"": 0.14194947192680382, ""14"": -0.11921528968848892, ""15"": -0.008322998363449487, ""16"": 0.00720436145247589, ""17"": -0.07149917888754016, ""18"": -0.12794301959439333, ""19"": 0.011945538915251649, ""20"": 0.04899107621503487, ""21"": -0.046859903044254914, ""22"": 0.023604223940669262, ""23"": 0.02479825926247496, ""24"": 0.7292663389366382, ""25"": 0.0007947557856728903, ""26"": 0.03662068360690835, ""27"": -0.05023852564725713, ""28"": 0.03560068357293736, ""29"": -0.003255506608299178, ""30"": -0.14608267060951965, ""31"": -0.09246459178543201, ""32"": 0.010625872293562492, ""33"": -0.02757063743749988, ""34"": -0.12030751310744402, ""35"": 0.12141985263566402, ""36"": -0.0024398490962728773, ""37"": 0.1261940138957305, ""38"": -0.1445788480896796, ""39"": -0.02768719421753639, ""40"": -0.011808372489923114, ""41"": -0.1117105835885439, ""42"": -0.15509830126245963, ""43"": -0.00692034070131813, ""44"": 0.013859743612138136, ""45"": -0.06885166840558143, ""46"": 0.03212060575625532, ""47"": -0.024365571235814905, ""48"": 0.6259937382616123}","[4, 6, 7, 10, 11, 13, 14, 17, 18, 24, 27, 30, 31, 34, 35, 37, 38, 41, 42, 45, 48]","{""24"": 3299.91960566904, ""48"": 6065.811541735761}","{""24"": 0.0, ""48"": 0.0}",600.9748562593245,716.2207383673419,10.282258956282618,24,1.0,False,,,,,,False
Austria,2024-07-25,warm-season weekday,2024-07-24T08:00:00+02:00,2024-07-24T06:00:00+00:00,2024-07-24T06:00:00+00:00,24,ordinary,enhanced_ordinary_arima_p3_d1_q1,,3,1,1,n,identity,False,,completed,,success,converged,True,True,True,True,True,5119,5,-34128.65745681211,68267.31491362421,68267.32664841787,68300.01750870781,1.3100147964755524,2.1938796528346103,"[""DeprecationWarning: Setting the shape on a NumPy array has been deprecated in NumPy 2.5.\nAs an alternative, you can create a new view using np.reshape (with copy=False if needed).""]",[],0,5095,True,joint Ljung-Box and residual ACF rule,"{""1"": 0.005098594115343233, ""2"": -0.03812775947358664, ""3"": -0.09375756564036491, ""4"": 0.06687169709707716, ""5"": 0.05891870223540006, ""6"": -0.1575815639791381, ""7"": -0.10080972926237011, ""8"": -0.0391423640792653, ""9"": -0.053041611168570924, ""10"": -0.1746396858102936, ""11"": 0.08907797538028638, ""12"": 0.003209867225226332, ""13"": 0.0911205441666921, ""14"": -0.1787456618173719, ""15"": -0.05491781628972636, ""16"": -0.05217703144469023, ""17"": -0.10212158292914995, ""18"": -0.15798938393216805, ""19"": 0.04612224980800974, ""20"": 0.06281475990228523, ""21"": -0.1111140622926891, ""22"": 0.005076361537475075, ""23"": 0.045691970573804634, ""24"": 0.7669054523787638, ""25"": 0.025849270829972352, ""26"": 0.017390778146136238, ""27"": -0.105432119992009, ""28"": 0.06452794442047362, ""29"": 0.03896198266910729, ""30"": -0.1622843968723658, ""31"": -0.1072820568199214, ""32"": -0.02795574697743632, ""33"": -0.047586170607775584, ""34"": -0.15609506824545, ""35"": 0.09605084162415788, ""36"": -0.016735519924201265, ""37"": 0.10351235231707218, ""38"": -0.17106476012156935, ""39"": -0.03876115523010702, ""40"": -0.04286422564440715, ""41"": -0.11006642698418206, ""42"": -0.1570653125333087, ""43"": 0.040497170919649605, ""44"": 0.05661991760135127, ""45"": -0.09631548144028271, ""46"": 0.036202335880910874, ""47"": 0.01899363492890666, ""48"": 0.6851950129838171}","[3, 4, 5, 6, 7, 9, 10, 11, 13, 14, 15, 16, 17, 18, 20, 21, 24, 27, 28, 30, 31, 34, 35, 37, 38, 41, 42, 44, 45, 48]","{""24"": 4023.1323259910814, ""48"": 7406.131895287881}","{""24"": 0.0, ""48"": 0.0}",681.8202646026563,944.140907548002,12.48907079489585,24,1.0,False,,,,,,False
Austria,2024-07-25,warm-season weekday,2024-07-24T08:00:00+02:00,2024-07-24T06:00:00+00:00,2024-07-24T06:00:00+00:00,24,ordinary,enhanced_ordinary_arima_p3_d1_q2,,3,1,2,n,identity,False,,completed,,success,converged,True,True,True,True,True,5119,6,-34120.7040574666,68253.4081149332,68253.42454685809,68292.65122903352,1.5995918635169033,1.7933978969116482,"[""DeprecationWarning: Setting the shape on a NumPy array has been deprecated in NumPy 2.5.\nAs an alternative, you can create a new view using np.reshape (with copy=False if needed)."", ""UserWarning: Non-stationary starting autoregressive parameters found. Using zeros as starting parameters."", ""UserWarning: Non-invertible starting MA parameters found. Using zeros as starting parameters.""]",[],0,5095,True,joint Ljung-Box and residual ACF rule,"{""1"": -0.008865613226253378, ""2"": -0.024018120070058616, ""3"": -0.012785728065291194, ""4"": 0.008196292623590532, ""5"": -0.018278524451059687, ""6"": -0.1911477948779132, ""7"": -0.13600668502652707, ""8"": -0.019496558522678353, ""9"": -0.04531289730597228, ""10"": -0.1386787386004445, ""11"": 0.12118665152025053, ""12"": 0.032206815670722234, ""13"": 0.12082446971617306, ""14"": -0.14449581931523958, ""15"": -0.04961764007182666, ""16"": -0.03280574537754713, ""17"": -0.13292917028082712, ""18"": -0.19621209540771514, ""19"": -0.01112107502766744, ""20"": 0.02053962533312697, ""21"": -0.05677721391225749, ""22"": 0.023794485309580938, ""23"": 0.04695083454211384, ""24"": 0.7582024541278458, ""25"": 0.024878395658370293, ""26"": 0.03875818138931645, ""27"": -0.05444957011941944, ""28"": 0.016316988037686733, ""29"": -0.015344940346607768, ""30"": -0.20102465638419723, ""31"": -0.13684286306852983, ""32"": -0.009226496522824913, ""33"": -0.04672099217047478, ""34"": -0.12101647898631165, ""35"": 0.128159372457809, ""36"": 0.01226068297395237, ""37"": 0.13484356872517209, ""38"": -0.1404450296559867, ""39"": -0.03897683770021698, ""40"": -0.02327091941230778, ""41"": -0.1417407942522254, ""42"": -0.19171033203790108, ""43"": -0.005787574624336524, ""44"": 0.013043641895496177, ""45"": -0.050861830637822396, ""46"": 0.055436846811176166, ""47"": 0.02234327991428023, ""48"": 0.679588296949334}","[6, 7, 10, 11, 13, 14, 17, 18, 21, 24, 27, 30, 31, 34, 35, 37, 38, 41, 42, 45, 46, 48]","{""24"": 3942.199958812279, ""48"": 7352.369416987014}","{""24"": 0.0, ""48"": 0.0}",804.4060962622258,1071.0007440951508,14.61624962345646,24,1.0,False,,,,,,False
Austria,2024-07-25,warm-season weekday,2024-07-24T08:00:00+02:00,2024-07-24T06:00:00+00:00,2024-07-24T06:00:00+00:00,24,ordinary,enhanced_ordinary_arima_p3_d1_q3,,3,1,3,n,identity,False,,completed,,success,converged,True,True,True,True,True,5119,7,-33869.2669205366,67752.5338410732,67752.55575459305,67798.31747419023,1.2703092306943446,1.0383715089438887,"[""DeprecationWarning: Setting the shape on a NumPy array has been deprecated in NumPy 2.5.\nAs an alternative, you can create a new view using np.reshape (with copy=False if needed).""]",[],0,5095,True,joint Ljung-Box and residual ACF rule,"{""1"": -0.003949310592338746, ""2"": -0.02272594580047818, ""3"": 0.01618750318283538, ""4"": 0.03433265668864559, ""5"": 0.04260777144649107, ""6"": -0.07588679686302537, ""7"": -0.05980691097682409, ""8"": 0.03292581428595152, ""9"": -0.006789047022055507, ""10"": -0.11667875219989333, ""11"": 0.12605859520341503, ""12"": 0.03176584523372787, ""13"": 0.12287304770663136, ""14"": -0.1281312164660218, ""15"": -0.02562984784306794, ""16"": 0.0065165810412849455, ""17"": -0.07459244148967102, ""18"": -0.114835775101924, ""19"": 0.03027177708349039, ""20"": 0.028599978131723408, ""21"": -0.05812970464204399, ""22"": 0.0018911241661982213, ""23"": 0.02487173864759676, ""24"": 0.7231709511284059, ""25"": 0.0013226075672372222, ""26"": 0.016317692117476013, ""27"": -0.060333903383329224, ""28"": 0.01654508703287688, ""29"": 0.01685144245816758, ""30"": -0.1348641084805861, ""31"": -0.09514533166601556, ""32"": 0.012115408313858881, ""33"": -0.044384549706911275, ""34"": -0.12888533407358466, ""35"": 0.10260474606026539, ""36"": -0.02028937317171714, ""37"": 0.10796508910332944, ""38"": -0.1527827915206916, ""39"": -0.04484414367239891, ""40"": -0.011006478518413527, ""41"": -0.11459369237400423, ""42"": -0.14390019745388177, ""43"": 0.010299669599870465, ""44"": -0.0028619309857432383, ""45"": -0.07558455499111248, ""46"": 0.01243973921725357, ""47"": -0.02398474623833107, ""48"": 0.6203500859483246}","[6, 7, 10, 11, 13, 14, 17, 18, 21, 24, 27, 30, 31, 34, 35, 37, 38, 41, 42, 45, 48]","{""24"": 3196.714819015341, ""48"": 5889.963397658605}","{""24"": 0.0, ""48"": 0.0}",581.5567289262876,736.2323427919747,10.219192237534056,24,1.0,False,,,,,,False
Austria,2024-07-25,warm-season weekday,2024-07-24T08:00:00+02:00,2024-07-24T06:00:00+00:00,2024-07-24T06:00:00+00:00,24,ordinary,enhanced_ordinary_arima_p4_d1_q1,,4,1,1,n,identity,False,,completed,,success,converged,True,True,True,True,True,5119,6,-34128.15511631903,68268.31023263806,68268.32666456295,68307.55334673838,1.3224863280508177,2.337078760457593,"[""DeprecationWarning: Setting the shape on a NumPy array has been deprecated in NumPy 2.5.\nAs an alternative, you can create a new view using np.reshape (with copy=False if needed).""]",[],0,5095,True,joint Ljung-Box and residual ACF rule,"{""1"": 0.0032305802950651696, ""2"": -0.03717530227625602, ""3"": -0.08823066016842224, ""4"": 0.06359631701435811, ""5"": 0.054924146443755484, ""6"": -0.1623091912606595, ""7"": -0.10353749941232405, ""8"": -0.037581877199232214, ""9"": -0.05219623328277693, ""10"": -0.17187651170153323, ""11"": 0.09148296474544891, ""12"": 0.005737625650031956, ""13"": 0.09338420564065583, ""14"": -0.17618285378300658, ""15"": -0.05410568357402711, ""16"": -0.050701575805368375, ""17"": -0.10453208307068833, ""18"": -0.16229794314080045, ""19"": 0.042966211997185984, ""20"": 0.060465145311006524, ""21"": -0.10718038895611298, ""22"": 0.006261838560443839, ""23"": 0.04504929700581862, ""24"": 0.7665716583282328, ""25"": 0.025034797099577344, ""26"": 0.018625182302270355, ""27"": -0.10174847848018843, ""28"": 0.06181650499383766, ""29"": 0.035976037056858805, ""30"": -0.1665551305751631, ""31"": -0.1096219383047493, ""32"": -0.026554728607424968, ""33"": -0.047155671810132235, ""34"": -0.15350594740147375, ""35"": 0.09847216018083782, ""36"": -0.01423756293482715, ""37"": 0.10588697063769376, ""38"": -0.16880678357259743, ""39"": -0.03833977799433848, ""40"": -0.04144933197791645, ""41"": -0.11242653326933513, ""42"": -0.16087454396863626, ""43"": 0.037897375073151586, ""44"": 0.05411207102570913, ""45"": -0.09302637895293622, ""46"": 0.037360772275417016, ""47"": 0.018641034217983216, ""48"": 0.6851804418183539}","[3, 4, 5, 6, 7, 9, 10, 11, 13, 14, 15, 16, 17, 18, 20, 21, 24, 27, 28, 30, 31, 34, 35, 37, 38, 41, 42, 44, 45, 48]","{""24"": 4015.6942548278885, ""48"": 7400.349331160034}","{""24"": 0.0, ""48"": 0.0}",689.3188327827247,952.6727236276216,12.622901848532663,24,1.0,False,,,,,,False
Austria,2024-07-25,warm-season weekday,2024-07-24T08:00:00+02:00,2024-07-24T06:00:00+00:00,2024-07-24T06:00:00+00:00,24,ordinary,enhanced_ordinary_arima_p4_d1_q2,,4,1,2,n,identity,False,,completed,,success,converged,True,True,True,True,True,5119,7,-34085.983982873164,68185.96796574633,68185.98987926618,68231.75159886337,1.4925934765201423,1.2540604856107598,"[""DeprecationWarning: Setting the shape on a NumPy array has been deprecated in NumPy 2.5.\nAs an alternative, you can create a new view using np.reshape (with copy=False if needed)."", ""UserWarning: Non-stationary starting autoregressive parameters found. Using zeros as starting parameters."", ""UserWarning: Non-invertible starting MA parameters found. Using zeros as starting parameters.""]",[],0,5095,True,joint Ljung-Box and residual ACF rule,"{""1"": -0.01836678703676358, ""2"": -0.021694049484845376, ""3"": -0.01854726042252153, ""4"": 0.03362659396420462, ""5"": -0.059545367876518575, ""6"": -0.1263964802905325, ""7"": -0.13358451385121448, ""8"": -0.055388477726783215, ""9"": -0.0140406220437447, ""10"": -0.1565330115089419, ""11"": 0.10748971269562368, ""12"": 0.032423143951311746, ""13"": 0.11023716142856393, ""14"": -0.16007864423341636, ""15"": -0.027967232235084155, ""16"": -0.058602756336066174, ""17"": -0.12654605351743323, ""18"": -0.15320768814264954, ""19"": -0.035830376502147, ""20"": 0.04261416447772477, ""21"": -0.07034316032443962, ""22"": 0.03097064475844282, ""23"": 0.04084264933671253, ""24"": 0.7496080813579336, ""25"": 0.018132832449333502, ""26"": 0.04785112179146456, ""27"": -0.06909903937749425, ""28"": 0.039116880637926676, ""29"": -0.03879953943945869, ""30"": -0.15945482528656946, ""31"": -0.13010672108983923, ""32"": -0.03338736178503532, ""33"": -0.02776610050629881, ""34"": -0.13478197414870086, ""35"": 0.11985194576262223, ""36"": 0.005282130622301477, ""37"": 0.12745977827785088, ""38"": -0.1528218799316997, ""39"": -0.022741036617532136, ""40"": -0.04403191973396515, ""41"": -0.13418592177681066, ""42"": -0.15708035549380006, ""43"": -0.024850049828684474, ""44"": 0.03447549178149081, ""45"": -0.06748293603732103, ""46"": 0.06623132795337938, ""47"": 0.015297422826387217, ""48"": 0.6689561780995698}","[5, 6, 7, 8, 10, 11, 13, 14, 16, 17, 18, 21, 24, 27, 30, 31, 34, 35, 37, 38, 41, 42, 45, 46, 48]","{""24"": 3757.37753909893, ""48"": 6999.115999398236}","{""24"": 0.0, ""48"": 0.0}",747.5974647184506,1015.8915604971731,13.646438348116014,24,1.0,False,,,,,,False
Austria,2024-08-18,warm-season Sunday,2024-08-17T08:00:00+02:00,2024-08-17T06:00:00+00:00,2024-08-17T06:00:00+00:00,24,ordinary,enhanced_ordinary_arima_p1_d1_q1,,1,1,1,n,identity,False,,completed,,success,converged,True,True,True,True,True,5695,3,-38295.74874669129,76597.49749338259,76597.50171056761,76617.4389981861,1.5048730611092669,3.1654010867847893,"[""DeprecationWarning: Setting the shape on a NumPy array has been deprecated in NumPy 2.5.\nAs an alternative, you can create a new view using np.reshape (with copy=False if needed).""]",[],0,5671,True,joint Ljung-Box and residual ACF rule,"{""1"": 0.07920342830168726, ""2"": 0.17335972360558097, ""3"": -0.24041749093098902, ""4"": -0.06087995493979584, ""5"": -0.14390748742231035, ""6"": -0.1948490757026498, ""7"": -0.1404901496719857, ""8"": -0.11263087991135785, ""9"": 0.0021816218192269817, ""10"": -0.08472647307164294, ""11"": 0.22153449284132, ""12"": 0.07064180356573081, ""13"": 0.22029787337728912, ""14"": -0.09733340510872895, ""15"": -0.006272387305172923, ""16"": -0.13161282718604994, ""17"": -0.14238975802913517, ""18"": -0.19243638043804143, ""19"": -0.1286806258222887, ""20"": -0.04097829766833935, ""21"": -0.20699714401112815, ""22"": 0.17588780277745736, ""23"": 0.1012628308334339, ""24"": 0.7991789397821631, ""25"": 0.08914276653485961, ""26"": 0.18311169964462246, ""27"": -0.20614310736620528, ""28"": -0.04276416400933876, ""29"": -0.14628932306662912, ""30"": -0.19775978626369625, ""31"": -0.15010815312430284, ""32"": -0.10526325797712228, ""33"": 0.00949834686515765, ""34"": -0.07396148918947276, ""35"": 0.22598030378816622, ""36"": 0.05177465441424971, ""37"": 0.2267097110828189, ""38"": -0.09487737225554368, ""39"": 0.006588842436862019, ""40"": -0.12862457688149362, ""41"": -0.14909500551518584, ""42"": -0.19180415730113295, ""43"": -0.12596768919407805, ""44"": -0.027993206479837673, ""45"": -0.18204098722505688, ""46"": 0.18962444648655752, ""47"": 0.0701773639838869, ""48"": 0.7247801083043808}","[1, 2, 3, 4, 5, 6, 7, 8, 10, 11, 12, 13, 14, 16, 17, 18, 19, 21, 22, 23, 24, 25, 26, 27, 29, 30, 31, 32, 34, 35, 36, 37, 38, 40, 41, 42, 43, 45, 46, 47, 48]","{""24"": 6396.560868447522, ""48"": 12061.920304585232}","{""24"": 0.0, ""48"": 0.0}",897.8747230214343,1045.725697474481,18.328389255966066,24,1.0,False,,,,,,False
Austria,2024-08-18,warm-season Sunday,2024-08-17T08:00:00+02:00,2024-08-17T06:00:00+00:00,2024-08-17T06:00:00+00:00,24,ordinary,enhanced_ordinary_arima_p1_d1_q2,,1,1,2,n,identity,False,,completed,,success,converged,True,True,True,True,True,5695,4,-37888.39319164008,75784.78638328017,75784.79341315714,75811.37505635152,2.506279528485692,1.3962350100838932,"[""DeprecationWarning: Setting the shape on a NumPy array has been deprecated in NumPy 2.5.\nAs an alternative, you can create a new view using np.reshape (with copy=False if needed).""]",[],0,5671,True,joint Ljung-Box and residual ACF rule,"{""1"": 0.014486863091928773, ""2"": -0.011704011449533426, ""3"": 0.00343443675459659, ""4"": -0.06531069734889317, ""5"": -0.09502799700357692, ""6"": -0.16739933759170256, ""7"": -0.15326450599774255, ""8"": -0.041958671976830016, ""9"": -0.0279211223837137, ""10"": -0.09899632783247811, ""11"": 0.1507799972039752, ""12"": 0.0639294060531911, ""13"": 0.15334600240341498, ""14"": -0.10859993919308343, ""15"": -0.04141821076012012, ""16"": -0.04828892147352154, ""17"": -0.14935456531370403, ""18"": -0.18924986451750433, ""19"": -0.0655300020126127, ""20"": -0.03196321526680293, ""21"": -0.055645025826790144, ""22"": 0.04465730376504355, ""23"": 0.07562266188677891, ""24"": 0.7440625481555323, ""25"": 0.05156817088259705, ""26"": 0.059253735505224434, ""27"": -0.05125839708212751, ""28"": -0.041878029344900834, ""29"": -0.07161865522537186, ""30"": -0.19398327370906265, ""31"": -0.1535772272489424, ""32"": -0.02466096940954016, ""33"": -0.035782347194334506, ""34"": -0.0831814361837777, ""35"": 0.16022843272696044, ""36"": 0.040864870101569424, ""37"": 0.1649490490143946, ""38"": -0.10441039564528798, ""39"": -0.034155485918394644, ""40"": -0.039245848815359606, ""41"": -0.15961711032269335, ""42"": -0.1864287856264172, ""43"": -0.053334469371876636, ""44"": -0.035587409341648855, ""45"": -0.04938939448871486, ""46"": 0.07699629212409922, ""47"": 0.04778929602686686, ""48"": 0.6645771774355896}","[4, 5, 6, 7, 10, 11, 12, 13, 14, 17, 18, 19, 21, 23, 24, 25, 26, 27, 29, 30, 31, 34, 35, 37, 38, 41, 42, 43, 46, 48]","{""24"": 4393.140246894232, ""48"": 8226.700525159727}","{""24"": 0.0, ""48"": 0.0}",633.6806926647672,760.2073032421264,12.979648951727432,24,1.0,False,,,,,,False
Austria,2024-08-18,warm-season Sunday,2024-08-17T08:00:00+02:00,2024-08-17T06:00:00+00:00,2024-08-17T06:00:00+00:00,24,ordinary,enhanced_ordinary_arima_p1_d1_q3,,1,1,3,n,identity,False,,completed,,success,converged,True,True,True,True,True,5695,5,-37879.47771111208,75768.95542222416,75768.96596889317,75802.19126356335,4.341380143892988,1.369568063480908,"[""DeprecationWarning: Setting the shape on a NumPy array has been deprecated in NumPy 2.5.\nAs an alternative, you can create a new view using np.reshape (with copy=False if needed).""]",[],0,5671,True,joint Ljung-Box and residual ACF rule,"{""1"": 0.0013534695923785936, ""2"": 0.0019783707136458296, ""3"": 0.008781833695972695, ""4"": -0.03184110887784668, ""5"": -0.11531567038523881, ""6"": -0.17368846505749552, ""7"": -0.1394002829733089, ""8"": -0.054081275831668406, ""9"": -0.02523650484523162, ""10"": -0.1037777968765965, ""11"": 0.14598329674132873, ""12"": 0.05370299059611258, ""13"": 0.1525559201759916, ""14"": -0.11833969417464593, ""15"": -0.03770720585597269, ""16"": -0.05440438088534067, ""17"": -0.1422689400118586, ""18"": -0.19581601226577386, ""19"": -0.07727917947785642, ""20"": -0.007996056311090195, ""21"": -0.05381734295372398, ""22"": 0.0586976335742473, ""23"": 0.0650566737476609, ""24"": 0.7433180229967743, ""25"": 0.04071121824025144, ""26"": 0.07276275919101852, ""27"": -0.048836594793911274, ""28"": -0.018007586220313496, ""29"": -0.08464689334170161, ""30"": -0.1969704616360032, ""31"": -0.1462753148293078, ""32"": -0.0330691493072836, ""33"": -0.03086726342782899, ""34"": -0.09284487980537258, ""35"": 0.15748283712177402, ""36"": 0.03382254971493097, ""37"": 0.1621379211169432, ""38"": -0.11431490991760578, ""39"": -0.028383769350292517, ""40"": -0.046804627406607596, ""41"": -0.15283427184414428, ""42"": -0.19034515997259954, ""43"": -0.06421161678655865, ""44"": -0.014558052894138258, ""45"": -0.049698335479893975, ""46"": 0.09081141602449237, ""47"": 0.03822635825122262, ""48"": 0.6645987220705515}","[5, 6, 7, 8, 10, 11, 12, 13, 14, 16, 17, 18, 19, 21, 22, 23, 24, 26, 29, 30, 31, 34, 35, 37, 38, 41, 42, 43, 46, 48]","{""24"": 4395.042924378546, ""48"": 8247.20451704401}","{""24"": 0.0, ""48"": 0.0}",605.9607774778668,728.3058403566947,12.397946530023445,24,1.0,False,,,,,,False
Austria,2024-08-18,warm-season Sunday,2024-08-17T08:00:00+02:00,2024-08-17T06:00:00+00:00,2024-08-17T06:00:00+00:00,24,ordinary,enhanced_ordinary_arima_p2_d1_q1,,2,1,1,n,identity,False,,completed,,success,converged,True,True,True,True,True,5695,4,-37885.605551217166,75779.21110243433,75779.2181323113,75805.79977550569,1.147442369363199,1.6735855199425405,"[""DeprecationWarning: Setting the shape on a NumPy array has been deprecated in NumPy 2.5.\nAs an alternative, you can create a new view using np.reshape (with copy=False if needed).""]",[],0,5671,True,joint Ljung-Box and residual ACF rule,"{""1"": 0.03983506298042705, ""2"": 0.01721475396096165, ""3"": -0.1994508848009734, ""4"": 0.09624596777850009, ""5"": 0.08390966687391167, ""6"": -0.03550668983137186, ""7"": -0.03783951722296243, ""8"": -0.0569671061844211, ""9"": -0.06599935756556925, ""10"": -0.22089454724768548, ""11"": 0.043300634873653945, ""12"": -0.07538547513049704, ""13"": 0.046902486745751454, ""14"": -0.22682940694289402, ""15"": -0.07139981417812025, ""16"": -0.0787608954601628, ""17"": -0.05191687462060996, ""18"": -0.055533578774741334, ""19"": 0.06387233537346021, ""20"": 0.08229580992349038, ""21"": -0.1902201525522033, ""22"": 0.040092443664402684, ""23"": 0.053970996144285785, ""24"": 0.7647384879904695, ""25"": 0.03892660350874424, ""26"": 0.05301188799924824, ""27"": -0.17630510987232959, ""28"": 0.08988883937723838, ""29"": 0.05361729627615345, ""30"": -0.05880935409007766, ""31"": -0.05694197363973309, ""32"": -0.051083374618158726, ""33"": -0.05368047232674792, ""34"": -0.20155951357389068, ""35"": 0.05189777414909536, ""36"": -0.09280587689687347, ""37"": 0.05835541099023545, ""38"": -0.2134799330224357, ""39"": -0.05012127746692697, ""40"": -0.07284109686518037, ""41"": -0.06337986364431243, ""42"": -0.0641993037395067, ""43"": 0.052548837405772895, ""44"": 0.08333292595757062, ""45"": -0.16277594411491497, ""46"": 0.06586004062999572, ""47"": 0.018857391526885602, ""48"": 0.6774417748958832}","[3, 4, 5, 8, 9, 10, 12, 14, 15, 16, 17, 18, 19, 20, 21, 23, 24, 26, 27, 28, 29, 30, 31, 32, 33, 34, 35, 36, 37, 38, 39, 40, 41, 42, 43, 44, 45, 46, 48]","{""24"": 4735.452092764427, ""48"": 8596.169141239847}","{""24"": 0.0, ""48"": 0.0}",460.50096947193447,559.9214032757737,9.179249549312928,24,1.0,False,,,,,,False
Austria,2024-08-18,warm-season Sunday,2024-08-17T08:00:00+02:00,2024-08-17T06:00:00+00:00,2024-08-17T06:00:00+00:00,24,ordinary,enhanced_ordinary_arima_p2_d1_q2,,2,1,2,n,identity,False,,completed,,success,converged,True,True,True,True,True,5695,5,-37797.53106413287,75605.06212826574,75605.07267493475,75638.29796960493,1.1377774821898097,1.079959738435296,"[""DeprecationWarning: Setting the shape on a NumPy array has been deprecated in NumPy 2.5.\nAs an alternative, you can create a new view using np.reshape (with copy=False if needed).""]",[],0,5671,True,joint Ljung-Box and residual ACF rule,"{""1"": 0.029578496096484032, ""2"": 0.11074541277468736, ""3"": -0.19350716067812035, ""4"": 0.06953259672714407, ""5"": 0.03777050766433049, ""6"": -0.04052701930287361, ""7"": -0.014616101831755319, ""8"": -0.025111870725092838, ""9"": 0.011294825121812176, ""10"": -0.13699703463233875, ""11"": 0.14248455315407266, ""12"": -0.011000284062895447, ""13"": 0.13901205623335686, ""14"": -0.15618758209457098, ""15"": -0.009910645745372024, ""16"": -0.0653343771787328, ""17"": -0.04641694718310782, ""18"": -0.07691519700604971, ""19"": 0.0054774325763577505, ""20"": 0.041789272047922925, ""21"": -0.20524859928175054, ""22"": 0.09005818243530192, ""23"": 0.020531004492832367, ""24"": 0.7456207710993003, ""25"": 0.006025024450614386, ""26"": 0.09916068194301629, ""27"": -0.20079900778266338, ""28"": 0.04012026523220625, ""29"": -0.015612017928428134, ""30"": -0.09068122340295039, ""31"": -0.06631851183457892, ""32"": -0.054074941756046276, ""33"": -0.01326871253146003, ""34"": -0.15397708850955966, ""35"": 0.11924764475396732, ""36"": -0.05815692890098782, ""37"": 0.12113287719049809, ""38"": -0.17529851526264348, ""39"": -0.018970531830942668, ""40"": -0.08659066550919119, ""41"": -0.08081041503168679, ""42"": -0.10471244829418644, ""43"": -0.021560882266142736, ""44"": 0.02739863912632835, ""45"": -0.19916087303337837, ""46"": 0.09184124715122965, ""47"": -0.028789078230043265, ""48"": 0.6483475720839502}","[2, 3, 4, 10, 11, 13, 14, 16, 18, 21, 22, 24, 26, 27, 30, 31, 32, 34, 35, 36, 37, 38, 40, 41, 42, 45, 46, 48]","{""24"": 4345.514231488159, ""48"": 8063.572403302039}","{""24"": 0.0, ""48"": 0.0}",592.9948316307601,719.1415405580502,12.13673630159387,24,1.0,False,,,,,,False
Austria,2024-08-18,warm-season Sunday,2024-08-17T08:00:00+02:00,2024-08-17T06:00:00+00:00,2024-08-17T06:00:00+00:00,24,ordinary,enhanced_ordinary_arima_p2_d1_q3,,2,1,3,n,identity,False,,completed,,success,converged,True,True,True,True,True,5695,6,-37592.78670422076,75197.57340844152,75197.588176374,75237.45641804855,1.3771772094254948,1.010485968486767,"[""DeprecationWarning: Setting the shape on a NumPy array has been deprecated in NumPy 2.5.\nAs an alternative, you can create a new view using np.reshape (with copy=False if needed).""]",[],0,5671,True,joint Ljung-Box and residual ACF rule,"{""1"": -0.01407486232250761, ""2"": -0.00557439527144236, ""3"": 0.02417426824042072, ""4"": 0.05891105037108054, ""5"": 0.008067264926758029, ""6"": -0.09445743952110111, ""7"": -0.05912318976485125, ""8"": 0.026112438417599634, ""9"": 0.00811382268454009, ""10"": -0.10305418491867328, ""11"": 0.14714318900915335, ""12"": 0.04639000460413157, ""13"": 0.14774859943075486, ""14"": -0.11804871536580104, ""15"": -0.008000898276808516, ""16"": 0.006944354915457272, ""17"": -0.07546496876684551, ""18"": -0.128451838162259, ""19"": 0.010956633934823512, ""20"": 0.05288926272868119, ""21"": -0.052322419013784614, ""22"": 0.02884721659450078, ""23"": 0.02626658863341041, ""24"": 0.7220165229131374, ""25"": -8.18452457740771e-05, ""26"": 0.039149314462950426, ""27"": -0.051087307484395585, ""28"": 0.03768817161986221, ""29"": -0.006579304399397544, ""30"": -0.14378430349929994, ""31"": -0.09656369485188532, ""32"": 0.009312772493074845, ""33"": -0.02500391307659752, ""34"": -0.11910669990068494, ""35"": 0.12626589756931392, ""36"": -0.0038381333052288297, ""37"": 0.12929553880557956, ""38"": -0.14223373417261592, ""39"": -0.02684119980644832, ""40"": -0.015764635689103072, ""41"": -0.11534227427344486, ""42"": -0.15269950395522947, ""43"": -0.010262233929597157, ""44"": 0.016488100542218213, ""45"": -0.07228673140160514, ""46"": 0.03670132501255785, ""47"": -0.02452697123046347, ""48"": 0.6187720434567974}","[4, 6, 7, 10, 11, 13, 14, 17, 18, 20, 21, 24, 27, 30, 31, 34, 35, 37, 38, 41, 42, 45, 48]","{""24"": 3636.2505589602883, ""48"": 6675.040820531095}","{""24"": 0.0, ""48"": 0.0}",703.8473077066038,837.9018218384166,14.42636222983286,24,1.0,False,,,,,,False
Austria,2024-08-18,warm-season Sunday,2024-08-17T08:00:00+02:00,2024-08-17T06:00:00+00:00,2024-08-17T06:00:00+00:00,24,ordinary,enhanced_ordinary_arima_p3_d1_q1,,3,1,1,n,identity,False,,completed,,success,converged,True,True,True,True,True,5695,5,-37867.063571049526,75744.12714209905,75744.13768876807,75777.36298343824,1.3052800783677645,2.2454065930643345,"[""DeprecationWarning: Setting the shape on a NumPy array has been deprecated in NumPy 2.5.\nAs an alternative, you can create a new view using np.reshape (with copy=False if needed).""]",[],0,5671,True,joint Ljung-Box and residual ACF rule,"{""1"": 0.002800769420106595, ""2"": -0.04049710936091873, ""3"": -0.09043419004832745, ""4"": 0.06546405138533806, ""5"": 0.05684708097133587, ""6"": -0.15557634005661813, ""7"": -0.10503852502163892, ""8"": -0.03798335176701023, ""9"": -0.05341141891103746, ""10"": -0.1711377997821278, ""11"": 0.09253667935324533, ""12"": 0.0013987496174707255, ""13"": 0.09564929778979264, ""14"": -0.1767717748020236, ""15"": -0.05504814057120553, ""16"": -0.051739087954290976, ""17"": -0.10719664044093331, ""18"": -0.1565439288159835, ""19"": 0.04433203848135415, ""20"": 0.06345375336929195, ""21"": -0.11210663400354999, ""22"": 0.007705087581559915, ""23"": 0.04704626807948426, ""24"": 0.7592027452906205, ""25"": 0.0246912845011988, ""26"": 0.017507254050697422, ""27"": -0.10207435750927302, ""28"": 0.06387839126531346, ""29"": 0.03599060948086131, ""30"": -0.15919978379398664, ""31"": -0.11224042241850084, ""32"": -0.02765865241740134, ""33"": -0.046245979828869625, ""34"": -0.15351286574700335, ""35"": 0.09998259461078028, ""36"": -0.019453012520241286, ""37"": 0.10674479690505415, ""38"": -0.1677258685088156, ""39"": -0.03905733356344077, ""40"": -0.044828801932765075, ""41"": -0.11496450702855969, ""42"": -0.15333275685548098, ""43"": 0.03766549193009853, ""44"": 0.056509631642046185, ""45"": -0.095749085358912, ""46"": 0.03912798103403369, ""47"": 0.019251442805087626, ""48"": 0.6774229590769356}","[3, 4, 5, 6, 7, 9, 10, 11, 13, 14, 15, 16, 17, 18, 20, 21, 24, 27, 28, 30, 31, 34, 35, 37, 38, 41, 42, 44, 45, 48]","{""24"": 4407.5219838415, ""48"": 8100.5470199490155}","{""24"": 0.0, ""48"": 0.0}",495.25473990218615,607.3810864327473,10.026631894122604,24,1.0,False,,,,,,False
Austria,2024-08-18,warm-season Sunday,2024-08-17T08:00:00+02:00,2024-08-17T06:00:00+00:00,2024-08-17T06:00:00+00:00,24,ordinary,enhanced_ordinary_arima_p3_d1_q2,,3,1,2,n,identity,False,,completed,,success,converged,True,True,True,True,True,5695,6,-37864.59920079088,75741.19840158176,75741.21316951425,75781.08141118879,1.4395916924080585,2.3535283934496887,"[""DeprecationWarning: Setting the shape on a NumPy array has been deprecated in NumPy 2.5.\nAs an alternative, you can create a new view using np.reshape (with copy=False if needed)."", ""UserWarning: Non-stationary starting autoregressive parameters found. Using zeros as starting parameters."", ""UserWarning: Non-invertible starting MA parameters found. Using zeros as starting parameters.""]",[],0,5671,True,joint Ljung-Box and residual ACF rule,"{""1"": -0.008899316427910095, ""2"": -0.03177559358475652, ""3"": -0.040368090639245374, ""4"": 0.03140392488799479, ""5"": 0.015522732699025394, ""6"": -0.18529055468859362, ""7"": -0.12837805326378407, ""8"": -0.023530383064548653, ""9"": -0.04903493886368315, ""10"": -0.14785979292016993, ""11"": 0.11284005522747417, ""12"": 0.021000341571264496, ""13"": 0.11451569022694494, ""14"": -0.15505494651161714, ""15"": -0.051517578808323986, ""16"": -0.038180444673830076, ""17"": -0.12764681870940667, ""18"": -0.18636925705246749, ""19"": 0.013275913407716292, ""20"": 0.03920049664521731, ""21"": -0.07796746059870915, ""22"": 0.01879247231669189, ""23"": 0.045489613599949436, ""24"": 0.7547194746239343, ""25"": 0.02181524521045816, ""26"": 0.029558459241464913, ""27"": -0.06992251511452974, ""28"": 0.03575007702863408, ""29"": 0.00625712451857615, ""30"": -0.18865695026041382, ""31"": -0.1319146245116841, ""32"": -0.014718234743604959, ""33"": -0.04543042963408865, ""34"": -0.13139153260562955, ""35"": 0.12034050963328963, ""36"": 0.0003293498491110169, ""37"": 0.1262488516601032, ""38"": -0.1483066324172972, ""39"": -0.038684291142187625, ""40"": -0.03170794725394803, ""41"": -0.13531807250205094, ""42"": -0.1797924576493996, ""43"": 0.012239421262429589, ""44"": 0.031074905008119564, ""45"": -0.06707042636913563, ""46"": 0.050122987609878586, ""47"": 0.01950814060546848, ""48"": 0.6753555761760521}","[6, 7, 10, 11, 13, 14, 15, 17, 18, 21, 24, 27, 30, 31, 34, 35, 37, 38, 41, 42, 45, 46, 48]","{""24"": 4355.228900897698, ""48"": 8073.280250737397}","{""24"": 0.0, ""48"": 0.0}",524.1501815653429,637.9464911356805,10.65724555937536,24,1.0,False,,,,,,False
Austria,2024-08-18,warm-season Sunday,2024-08-17T08:00:00+02:00,2024-08-17T06:00:00+00:00,2024-08-17T06:00:00+00:00,24,ordinary,enhanced_ordinary_arima_p3_d1_q3,,3,1,3,n,identity,False,,completed,,success,converged,True,True,True,True,True,5695,7,-37582.57560425997,75179.15120851994,75179.17090255897,75225.6813863948,1.2579586954894038,1.0403174978125898,"[""DeprecationWarning: Setting the shape on a NumPy array has been deprecated in NumPy 2.5.\nAs an alternative, you can create a new view using np.reshape (with copy=False if needed).""]",[],0,5671,True,joint Ljung-Box and residual ACF rule,"{""1"": -0.0041935447706676916, ""2"": -0.021726779970014213, ""3"": 0.015273997211945483, ""4"": 0.03503296537981672, ""5"": 0.04195686523436615, ""6"": -0.07432366348308798, ""7"": -0.0625198261865639, ""8"": 0.03257364905677925, ""9"": -0.007664542475760072, ""10"": -0.114357163424185, ""11"": 0.12873962182089355, ""12"": 0.028774789144272027, ""13"": 0.12656950371753523, ""14"": -0.1278335118640479, ""15"": -0.02712394989340262, ""16"": 0.005227715306457109, ""17"": -0.07905618530827903, ""18"": -0.11472916556151463, ""19"": 0.029776633995190933, ""20"": 0.030665539663454804, ""21"": -0.06306953170646261, ""22"": 0.006386924131677989, ""23"": 0.026578493039947117, ""24"": 0.7153737453313788, ""25"": 0.001078325292539367, ""26"": 0.018075161155736905, ""27"": -0.06053316523444673, ""28"": 0.017231258556155475, ""29"": 0.0143939854543584, ""30"": -0.13183049134659497, ""31"": -0.09954533653517031, ""32"": 0.010328115831015509, ""33"": -0.043104687090387714, ""34"": -0.1282026708102673, ""35"": 0.10580172034880633, ""36"": -0.023261763339635987, ""37"": 0.10957214383531143, ""38"": -0.1507983080199415, ""39"": -0.04532353013039071, ""40"": -0.015262535722710201, ""41"": -0.11818854235364326, ""42"": -0.14066101559910554, ""43"": 0.008151075226472407, ""44"": -0.001058734059419833, ""45"": -0.07794437461103004, ""46"": 0.016848140864754155, ""47"": -0.02328353024428498, ""48"": 0.6129794087921296}","[6, 7, 10, 11, 13, 14, 17, 18, 21, 24, 27, 30, 31, 34, 35, 37, 38, 41, 42, 45, 48]","{""24"": 3505.926986719753, ""48"": 6453.240730291278}","{""24"": 0.0, ""48"": 0.0}",613.4863400784978,736.9530266853523,12.55645650836756,24,1.0,False,,,,,,False
Austria,2024-08-18,warm-season Sunday,2024-08-17T08:00:00+02:00,2024-08-17T06:00:00+00:00,2024-08-17T06:00:00+00:00,24,ordinary,enhanced_ordinary_arima_p4_d1_q1,,4,1,1,n,identity,False,,completed,,success,converged,True,True,True,True,True,5695,6,-37866.89135356647,75745.78270713294,75745.79747506542,75785.66571673997,1.3102327780198595,2.308853793183577,"[""DeprecationWarning: Setting the shape on a NumPy array has been deprecated in NumPy 2.5.\nAs an alternative, you can create a new view using np.reshape (with copy=False if needed).""]",[],0,5671,True,joint Ljung-Box and residual ACF rule,"{""1"": 0.002057775479363923, ""2"": -0.0401393946768552, ""3"": -0.08813237573597804, ""4"": 0.06412745296322583, ""5"": 0.055173639271204604, ""6"": -0.1575160721642346, ""7"": -0.10620332517381793, ""8"": -0.037336839334874035, ""9"": -0.05308070380794435, ""10"": -0.16998858545617632, ""11"": 0.09354619947816478, ""12"": 0.002469744136628584, ""13"": 0.09660042975456527, ""14"": -0.17571350322000173, ""15"": -0.054735137217213785, ""16"": -0.051126613327483764, ""17"": -0.108221246805764, ""18"": -0.15832079684201783, ""19"": 0.04302880868835734, ""20"": 0.06250640856472202, ""21"": -0.11049717592450523, ""22"": 0.008175923008066785, ""23"": 0.04682365116126393, ""24"": 0.7590523248971436, ""25"": 0.024397703126887577, ""26"": 0.017987655848073835, ""27"": -0.10056081388476981, ""28"": 0.06276233441875288, ""29"": 0.03474055740966796, ""30"": -0.16094272473602578, ""31"": -0.1132347995007811, ""32"": -0.02708103811848121, ""33"": -0.0460793620888327, ""34"": -0.15244430993417832, ""35"": 0.10100060462436593, ""36"": -0.018389047465848372, ""37"": 0.10772657587270679, ""38"": -0.16678717896060102, ""39"": -0.03889752226048045, ""40"": -0.04424683585983917, ""41"": -0.11595748273047787, ""42"": -0.1548967813879398, ""43"": 0.03658215439107357, ""44"": 0.055483700272521225, ""45"": -0.09440521287218026, ""46"": 0.03958925235720358, ""47"": 0.019147012105416, ""48"": 0.6774071765059786}","[3, 4, 5, 6, 7, 9, 10, 11, 13, 14, 15, 16, 17, 18, 20, 21, 24, 27, 28, 30, 31, 34, 35, 37, 38, 41, 42, 44, 45, 48]","{""24"": 4404.249679132505, ""48"": 8098.088435474087}","{""24"": 0.0, ""48"": 0.0}",496.51077657245816,608.8091745773635,10.054754226072966,24,1.0,False,,,,,,False
Austria,2024-08-18,warm-season Sunday,2024-08-17T08:00:00+02:00,2024-08-17T06:00:00+00:00,2024-08-17T06:00:00+00:00,24,ordinary,enhanced_ordinary_arima_p4_d1_q2,,4,1,2,n,identity,False,,completed,,success,converged,True,True,True,True,True,5695,7,-37828.300880564566,75670.60176112913,75670.62145516816,75717.131939004,1.4733528120368848,1.259074826628297,"[""DeprecationWarning: Setting the shape on a NumPy array has been deprecated in NumPy 2.5.\nAs an alternative, you can create a new view using np.reshape (with copy=False if needed)."", ""UserWarning: Non-stationary starting autoregressive parameters found. Using zeros as starting parameters."", ""UserWarning: Non-invertible starting MA parameters found. Using zeros as starting parameters.""]",[],0,5671,True,joint Ljung-Box and residual ACF rule,"{""1"": -0.01992249272376087, ""2"": -0.02388121076238245, ""3"": -0.019693953845216387, ""4"": 0.036132198645706805, ""5"": -0.05880685196701616, ""6"": -0.12531774512076807, ""7"": -0.1384109012002832, ""8"": -0.053321746083542364, ""9"": -0.015069540988627042, ""10"": -0.15508022826751622, ""11"": 0.1116823399421866, ""12"": 0.030612477367766674, ""13"": 0.11424022897143192, ""14"": -0.15869959909452055, ""15"": -0.029578659592016047, ""16"": -0.057707509782380546, ""17"": -0.13122441588758024, ""18"": -0.15326195168143983, ""19"": -0.03476083526470416, ""20"": 0.046712561397878126, ""21"": -0.07510181991623235, ""22"": 0.033437528673010364, ""23"": 0.04259691815468278, ""24"": 0.7426667184265087, ""25"": 0.01701355692532698, ""26"": 0.04809860382112607, ""27"": -0.06950253382116627, ""28"": 0.041280839093747856, ""29"": -0.03918839573007107, ""30"": -0.157083837602512, ""31"": -0.13508017027784142, ""32"": -0.03271256029245248, ""33"": -0.026845726145726927, ""34"": -0.1338940571736602, ""35"": 0.1239192167053911, ""36"": 0.0031568476025381383, ""37"": 0.1297697634576462, ""38"": -0.1504289095646873, ""39"": -0.02346158413671479, ""40"": -0.04608796091752194, ""41"": -0.1385501505023534, ""42"": -0.1540963224249764, ""43"": -0.02582215523686425, ""44"": 0.03732268422695279, ""45"": -0.06982474936154194, ""46"": 0.06861000860988456, ""47"": 0.015773952237893456, ""48"": 0.6623265513413914}","[5, 6, 7, 8, 10, 11, 13, 14, 16, 17, 18, 21, 24, 27, 30, 31, 34, 35, 37, 38, 41, 42, 45, 46, 48]","{""24"": 4146.485952982654, ""48"": 7716.329869956054}","{""24"": 0.0, ""48"": 0.0}",516.5334194674275,629.8549825529938,10.49220241904956,24,1.0,False,,,,,,False
Austria,2024-09-12,ordinary weekday,2024-09-11T08:00:00+02:00,2024-09-11T06:00:00+00:00,2024-09-11T06:00:00+00:00,24,ordinary,enhanced_ordinary_arima_p1_d1_q1,,1,1,1,n,identity,False,,completed,,success,converged,True,True,True,True,True,6295,3,-42332.13463219082,84670.26926438164,84670.27307935541,84690.51132061452,1.4976805798984991,3.224675000048348,"[""DeprecationWarning: Setting the shape on a NumPy array has been deprecated in NumPy 2.5.\nAs an alternative, you can create a new view using np.reshape (with copy=False if needed).""]",[],0,6271,True,joint Ljung-Box and residual ACF rule,"{""1"": 0.07901864251943759, ""2"": 0.1788220690148683, ""3"": -0.24089805726219174, ""4"": -0.05995004090989215, ""5"": -0.148709211472477, ""6"": -0.19575273581677607, ""7"": -0.14177831912603747, ""8"": -0.11503586185983214, ""9"": -0.0014200965436874937, ""10"": -0.0843324355223952, ""11"": 0.2246057780692406, ""12"": 0.07552611396109299, ""13"": 0.2224562306210999, ""14"": -0.09569936817492818, ""15"": -0.0071295957961137685, ""16"": -0.1333590086545296, ""17"": -0.14263514993343662, ""18"": -0.19379629000310133, ""19"": -0.13214363963823333, ""20"": -0.04078468467053046, ""21"": -0.2079649494673176, ""22"": 0.18113359137956944, ""23"": 0.10062970126748788, ""24"": 0.7990977234818742, ""25"": 0.08795203455373278, ""26"": 0.18841418989842232, ""27"": -0.20545419583849808, ""28"": -0.044051556115431906, ""29"": -0.1517104109942633, ""30"": -0.19854522863095886, ""31"": -0.15234422135028838, ""32"": -0.10539373045528028, ""33"": 0.005193773974059328, ""34"": -0.07095606309002746, ""35"": 0.22683994355581713, ""36"": 0.05745003139595153, ""37"": 0.2271057997744773, ""38"": -0.09071967063345329, ""39"": 0.005044377529719822, ""40"": -0.13099919934274037, ""41"": -0.14810414232501015, ""42"": -0.19324956332674814, ""43"": -0.13072160521399742, ""44"": -0.030027171937514453, ""45"": -0.18132137483624242, ""46"": 0.19571709233255666, ""47"": 0.07130434590989163, ""48"": 0.7223563266217076}","[1, 2, 3, 4, 5, 6, 7, 8, 10, 11, 12, 13, 14, 16, 17, 18, 19, 21, 22, 23, 24, 25, 26, 27, 29, 30, 31, 32, 34, 35, 36, 37, 38, 40, 41, 42, 43, 45, 46, 47, 48]","{""24"": 7141.9296183945435, ""48"": 13433.95547570422}","{""24"": 0.0, ""48"": 0.0}",1337.5855826784116,1811.7995013171767,22.79145993263552,24,1.0,False,,,,,,False
Austria,2024-09-12,ordinary weekday,2024-09-11T08:00:00+02:00,2024-09-11T06:00:00+00:00,2024-09-11T06:00:00+00:00,24,ordinary,enhanced_ordinary_arima_p1_d1_q2,,1,1,2,n,identity,False,,completed,,success,converged,True,True,True,True,True,6295,4,-41868.91849094504,83745.83698189008,83745.84334119056,83772.82639020059,2.5017255998304737,1.3877809899069358,"[""DeprecationWarning: Setting the shape on a NumPy array has been deprecated in NumPy 2.5.\nAs an alternative, you can create a new view using np.reshape (with copy=False if needed).""]",[],0,6271,True,joint Ljung-Box and residual ACF rule,"{""1"": 0.013460255740265983, ""2"": -0.009864463732571131, ""3"": 0.0046150337319316856, ""4"": -0.06259414314480564, ""5"": -0.09996015910464959, ""6"": -0.16815165004925492, ""7"": -0.1517800365670379, ""8"": -0.04381277999393717, ""9"": -0.03167867822537776, ""10"": -0.09883505226768463, ""11"": 0.15285993855026847, ""12"": 0.06693439475043765, ""13"": 0.154082811082434, ""14"": -0.10738551314217358, ""15"": -0.04217511130552131, ""16"": -0.04972724499793407, ""17"": -0.1473439307655269, ""18"": -0.19057688444602228, ""19"": -0.06813875018766029, ""20"": -0.03011726070456329, ""21"": -0.05542246606327375, ""22"": 0.04729362287581651, ""23"": 0.07509877544171888, ""24"": 0.7426520219752643, ""25"": 0.04909280745288606, ""26"": 0.06284648589175988, ""27"": -0.04986545955446236, ""28"": -0.04302528282885468, ""29"": -0.07520753835188831, ""30"": -0.19471933422866008, ""31"": -0.15387881032003456, ""32"": -0.024006107031232262, ""33"": -0.040268636083071456, ""34"": -0.08163456222705638, ""35"": 0.16212537708028982, ""36"": 0.0434877460887253, ""37"": 0.16379720155853414, ""38"": -0.09957959886631089, ""39"": -0.03554032380120736, ""40"": -0.04279304295641945, ""41"": -0.15566525906610826, ""42"": -0.18685012045018262, ""43"": -0.05751044140906559, ""44"": -0.036003833915797874, ""45"": -0.04794499167585485, ""46"": 0.08148799405271648, ""47"": 0.047329049237289346, ""48"": 0.6605471333497883}","[4, 5, 6, 7, 10, 11, 12, 13, 14, 17, 18, 19, 21, 23, 24, 26, 29, 30, 31, 34, 35, 37, 38, 41, 42, 43, 46, 48]","{""24"": 4856.563544557269, ""48"": 9064.289590023564}","{""24"": 0.0, ""48"": 0.0}",1076.6278626983476,1290.2544773155482,17.37359894852263,24,1.0,False,,,,,,False
Austria,2024-09-12,ordinary weekday,2024-09-11T08:00:00+02:00,2024-09-11T06:00:00+00:00,2024-09-11T06:00:00+00:00,24,ordinary,enhanced_ordinary_arima_p1_d1_q3,,1,1,3,n,identity,False,,completed,,success,converged,True,True,True,True,True,6295,5,-41860.815374049824,83731.63074809965,83731.64028856713,83765.36750848778,3.97414639934019,1.368415803216624,"[""DeprecationWarning: Setting the shape on a NumPy array has been deprecated in NumPy 2.5.\nAs an alternative, you can create a new view using np.reshape (with copy=False if needed).""]",[],0,6271,True,joint Ljung-Box and residual ACF rule,"{""1"": 0.0013340122436585574, ""2"": 0.0022930412817823665, ""3"": 0.009043965090291596, ""4"": -0.032667848630806455, ""5"": -0.11701110869271218, ""6"": -0.17415430417170746, ""7"": -0.1394058976088399, ""8"": -0.05395853054057037, ""9"": -0.02963393374953401, ""10"": -0.10307275158280284, ""11"": 0.14857208131417343, ""12"": 0.057194406340638285, ""13"": 0.15325924011537942, ""14"": -0.11596073864422589, ""15"": -0.03907586600667082, ""16"": -0.054761604782666645, ""17"": -0.14093727650040197, ""18"": -0.19650280088830593, ""19"": -0.07788581750090035, ""20"": -0.008631667948048611, ""21"": -0.05392618124235788, ""22"": 0.059730910099509545, ""23"": 0.0652375122847759, ""24"": 0.7420396971130188, ""25"": 0.039018288188122856, ""26"": 0.07466013447126986, ""27"": -0.0479365652772511, ""28"": -0.021616595768060475, ""29"": -0.08617029681118925, ""30"": -0.19741991570709588, ""31"": -0.14734466127947424, ""32"": -0.031100995683928406, ""33"": -0.03622574867255362, ""34"": -0.09004557275602974, ""35"": 0.15951427212714606, ""36"": 0.03676837463498539, ""37"": 0.16108473816914518, ""38"": -0.10824691231622872, ""39"": -0.03049986582222821, ""40"": -0.04925604227454754, ""41"": -0.14960421739026344, ""42"": -0.19014295566306474, ""43"": -0.06657801933607067, ""44"": -0.017289863181583737, ""45"": -0.0480576195453654, ""46"": 0.09347998411345373, ""47"": 0.038212311999225534, ""48"": 0.6607264097666659}","[5, 6, 7, 8, 10, 11, 12, 13, 14, 16, 17, 18, 19, 21, 22, 23, 24, 26, 29, 30, 31, 34, 35, 37, 38, 41, 42, 43, 46, 48]","{""24"": 4857.5592143358945, ""48"": 9080.678801789096}","{""24"": 0.0, ""48"": 0.0}",1084.4408583602774,1265.8193400539426,17.26075692748719,24,1.0,False,,,,,,False
Austria,2024-09-12,ordinary weekday,2024-09-11T08:00:00+02:00,2024-09-11T06:00:00+00:00,2024-09-11T06:00:00+00:00,24,ordinary,enhanced_ordinary_arima_p2_d1_q1,,2,1,1,n,identity,False,,completed,,success,converged,True,True,True,True,True,6295,4,-41865.75609800691,83739.51219601382,83739.5185553143,83766.50160432432,1.1422768392018672,1.6270270312925723,"[""DeprecationWarning: Setting the shape on a NumPy array has been deprecated in NumPy 2.5.\nAs an alternative, you can create a new view using np.reshape (with copy=False if needed).""]",[],0,6271,True,joint Ljung-Box and residual ACF rule,"{""1"": 0.039387559169442136, ""2"": 0.024741530996028164, ""3"": -0.20219231012230277, ""4"": 0.09531850279300283, ""5"": 0.07966770342748476, ""6"": -0.03188807199054352, ""7"": -0.0334540542146227, ""8"": -0.05734710572289999, ""9"": -0.06998034074718486, ""10"": -0.22260619557360647, ""11"": 0.04469204748425401, ""12"": -0.07405642574981462, ""13"": 0.046569563527760385, ""14"": -0.22777447863033293, ""15"": -0.07281981990945688, ""16"": -0.07967434828473578, ""17"": -0.047712445342306946, ""18"": -0.05282546574256645, ""19"": 0.06166594367590794, ""20"": 0.08144706522425688, ""21"": -0.19277288740486173, ""22"": 0.04655079963546835, ""23"": 0.05228955985833238, ""24"": 0.7632788972663596, ""25"": 0.03622569251806011, ""26"": 0.05978717475727323, ""27"": -0.17721753349994532, ""28"": 0.08639801519260114, ""29"": 0.04794290601552884, ""30"": -0.05610856889320624, ""31"": -0.054620180312448155, ""32"": -0.050254874106944354, ""33"": -0.05852448517321634, ""34"": -0.20094091099124586, ""35"": 0.051128949181209186, ""36"": -0.09127373922306095, ""37"": 0.05676922327745113, ""38"": -0.2113073506581773, ""39"": -0.05214868142278216, ""40"": -0.07469346683669086, ""41"": -0.05736386637628169, ""42"": -0.0611162152299681, ""43"": 0.048476932891838145, ""44"": 0.08006480981796428, ""45"": -0.16311825178695466, ""46"": 0.07362589814341128, ""47"": 0.017783047426286832, ""48"": 0.6726198727072817}","[3, 4, 5, 8, 9, 10, 12, 14, 15, 16, 18, 19, 20, 21, 23, 24, 26, 27, 28, 30, 31, 32, 33, 34, 35, 36, 37, 38, 39, 40, 41, 42, 44, 45, 46, 48]","{""24"": 5234.260788659046, ""48"": 9442.828187767442}","{""24"": 0.0, ""48"": 0.0}",1198.5789856893125,1282.486414195521,17.207912311584607,24,1.0,False,,,,,,False
Austria,2024-09-12,ordinary weekday,2024-09-11T08:00:00+02:00,2024-09-11T06:00:00+00:00,2024-09-11T06:00:00+00:00,24,ordinary,enhanced_ordinary_arima_p2_d1_q2,,2,1,2,n,identity,False,,completed,,success,converged,True,True,True,True,True,6295,5,-41772.8695424294,83555.7390848588,83555.74862532628,83589.47584524693,1.1350211830503834,1.0804777958672205,"[""DeprecationWarning: Setting the shape on a NumPy array has been deprecated in NumPy 2.5.\nAs an alternative, you can create a new view using np.reshape (with copy=False if needed).""]",[],0,6271,True,joint Ljung-Box and residual ACF rule,"{""1"": 0.028867101983102595, ""2"": 0.11541927568975645, ""3"": -0.19514663834434662, ""4"": 0.07060497767673996, ""5"": 0.03406947348775183, ""6"": -0.03922886035316156, ""7"": -0.01330412120630397, ""8"": -0.026297721711786657, ""9"": 0.007291751574160357, ""10"": -0.1378009687081159, ""11"": 0.14448008117220756, ""12"": -0.007531878607564247, ""13"": 0.1395889134914145, ""14"": -0.15603367249419023, ""15"": -0.01137280173476913, ""16"": -0.06669630879823665, ""17"": -0.04484628486656664, ""18"": -0.07660025524098298, ""19"": 0.00308377518074497, ""20"": 0.04202637621536328, ""21"": -0.20732352739443713, ""22"": 0.09441033797502259, ""23"": 0.019040728550962813, ""24"": 0.74474585751833, ""25"": 0.003691331377892169, ""26"": 0.10369241074183336, ""27"": -0.20107976348635168, ""28"": 0.03829112873585921, ""29"": -0.020647547059975558, ""30"": -0.09003342206106214, ""31"": -0.06684969457936273, ""32"": -0.053788959363930834, ""33"": -0.018538417398630016, ""34"": -0.15262185204479078, ""35"": 0.1185379401503194, ""36"": -0.05454953699489578, ""37"": 0.11977669182829646, ""38"": -0.1724662856067196, ""39"": -0.021250960560176457, ""40"": -0.08877237432619735, ""41"": -0.07761932369116817, ""42"": -0.10414330197834112, ""43"": -0.025372940902898607, ""44"": 0.025397424014711466, ""45"": -0.19892440109874224, ""46"": 0.0977634288932517, ""47"": -0.028614819832086073, ""48"": 0.6448755794159123}","[2, 3, 4, 10, 11, 13, 14, 16, 18, 21, 22, 24, 26, 27, 30, 31, 32, 34, 35, 36, 37, 38, 40, 41, 42, 45, 46, 48]","{""24"": 4819.371295192544, ""48"": 8897.820590867277}","{""24"": 0.0, ""48"": 0.0}",1249.968639598687,1347.1689037908798,18.007205257526017,24,1.0,False,,,,,,False
Austria,2024-09-12,ordinary weekday,2024-09-11T08:00:00+02:00,2024-09-11T06:00:00+00:00,2024-09-11T06:00:00+00:00,24,ordinary,enhanced_ordinary_arima_p2_d1_q3,,2,1,3,n,identity,False,,failed,MA roots fail invertibility threshold,success,converged,True,True,True,True,False,6295,6,-41539.29527384602,83090.59054769205,83090.60390647067,83131.07466015778,1.3754595433017627,1.009925823934917,"[""DeprecationWarning: Setting the shape on a NumPy array has been deprecated in NumPy 2.5.\nAs an alternative, you can create a new view using np.reshape (with copy=False if needed).""]",[],0,6271,True,joint Ljung-Box and residual ACF rule,"{""1"": -0.015792395088814613, ""2"": -0.0038099789666345323, ""3"": 0.02439087190755426, ""4"": 0.062083194713972126, ""5"": 0.0034716030959236945, ""6"": -0.09524377926500273, ""7"": -0.05665079865349974, ""8"": 0.025384516266428344, ""9"": 0.004120721344167798, ""10"": -0.10339424252454592, ""11"": 0.14921760496615274, ""12"": 0.04880604888880776, ""13"": 0.1480242976422289, ""14"": -0.11731676433500889, ""15"": -0.008858800885259838, ""16"": 0.00606726893854769, ""17"": -0.07287234731486435, ""18"": -0.12957567976803738, ""19"": 0.00874527174292297, ""20"": 0.055078437153809945, ""21"": -0.0527546986759561, ""22"": 0.031496533122800034, ""23"": 0.024918608774859748, ""24"": 0.7205540449731371, ""25"": -0.003353058511313967, ""26"": 0.042503297340535394, ""27"": -0.05021616161685483, ""28"": 0.036695164533551074, ""29"": -0.01038491675309584, ""30"": -0.14418995373410992, ""31"": -0.09611913428910737, ""32"": 0.010308779391080028, ""33"": -0.029907216747609135, ""34"": -0.117833919014586, ""35"": 0.12747146861981856, ""36"": -0.0018567134686035384, ""37"": 0.1276638845732436, ""38"": -0.13794038937578848, ""39"": -0.02845464592828821, ""40"": -0.01894272933871495, ""41"": -0.11074107881660905, ""42"": -0.15247381934452617, ""43"": -0.014055381096662715, ""44"": 0.016203401406330174, ""45"": -0.070964552820565, ""46"": 0.041292726272232204, ""47"": -0.025852744073862635, ""48"": 0.6145865833365507}","[4, 6, 7, 10, 11, 13, 14, 17, 18, 20, 21, 24, 27, 30, 31, 34, 35, 37, 38, 41, 42, 45, 48]","{""24"": 4013.6884187922283, ""48"": 7327.870465961934}","{""24"": 0.0, ""48"": 0.0}",,,,0,0.0,False,,,,,,False
Austria,2024-09-12,ordinary weekday,2024-09-11T08:00:00+02:00,2024-09-11T06:00:00+00:00,2024-09-11T06:00:00+00:00,24,ordinary,enhanced_ordinary_arima_p3_d1_q1,,3,1,1,n,identity,False,,completed,,success,converged,True,True,True,True,True,6295,5,-41843.57639213475,83697.1527842695,83697.16232473699,83730.88954465764,1.3002027275655446,2.274762540506029,"[""DeprecationWarning: Setting the shape on a NumPy array has been deprecated in NumPy 2.5.\nAs an alternative, you can create a new view using np.reshape (with copy=False if needed).""]",[],0,6271,True,joint Ljung-Box and residual ACF rule,"{""1"": 0.00227874705596489, ""2"": -0.04122941091668804, ""3"": -0.09080319149260913, ""4"": 0.06584615510884585, ""5"": 0.05599417822647752, ""6"": -0.15482047938889085, ""7"": -0.10172566813964959, ""8"": -0.0374908457505469, ""9"": -0.05856125708133843, ""10"": -0.17271316111351973, ""11"": 0.09357698474268822, ""12"": 0.0048600016985277696, ""13"": 0.09483078395275933, ""14"": -0.1770151729492919, ""15"": -0.05677302524671504, ""16"": -0.05141685056325942, ""17"": -0.1035358949868665, ""18"": -0.1559626268904376, ""19"": 0.04547785551485342, ""20"": 0.06377608079525579, ""21"": -0.11280213140896607, ""22"": 0.008360565901877096, ""23"": 0.04633445720539645, ""24"": 0.7573746277336887, ""25"": 0.02216072378797346, ""26"": 0.01829326840290214, ""27"": -0.1007778460045927, ""28"": 0.060969565078610774, ""29"": 0.03442384002520457, ""30"": -0.158286352400985, ""31"": -0.11019391097913679, ""32"": -0.025776558305244956, ""33"": -0.05187214793811536, ""34"": -0.15253020515218477, ""35"": 0.09956983674491665, ""36"": -0.016324466147098145, ""37"": 0.10481593833502872, ""38"": -0.16445636355854032, ""39"": -0.041527378986972466, ""40"": -0.046321140834040805, ""41"": -0.1091336433835649, ""42"": -0.1516527642936777, ""43"": 0.03664724181591448, ""44"": 0.05419151303555079, ""45"": -0.09442090096744814, ""46"": 0.04190173184001484, ""47"": 0.018414770785437212, ""48"": 0.6720291792319207}","[3, 4, 5, 6, 7, 9, 10, 11, 13, 14, 15, 16, 17, 18, 20, 21, 24, 27, 28, 30, 31, 33, 34, 35, 37, 38, 41, 42, 44, 45, 48]","{""24"": 4853.455134086205, ""48"": 8856.510492745803}","{""24"": 0.0, ""48"": 0.0}",1142.2496126849428,1239.035914889383,17.067796044986018,24,1.0,False,,,,,,False
Austria,2024-09-12,ordinary weekday,2024-09-11T08:00:00+02:00,2024-09-11T06:00:00+00:00,2024-09-11T06:00:00+00:00,24,ordinary,enhanced_ordinary_arima_p3_d1_q2,,3,1,2,n,identity,False,,completed,,success,converged,True,True,True,True,True,6295,6,-41841.72091316971,83695.44182633942,83695.45518511804,83735.92593880516,1.411164852954232,2.53180698270889,"[""DeprecationWarning: Setting the shape on a NumPy array has been deprecated in NumPy 2.5.\nAs an alternative, you can create a new view using np.reshape (with copy=False if needed)."", ""UserWarning: Non-stationary starting autoregressive parameters found. Using zeros as starting parameters."", ""UserWarning: Non-invertible starting MA parameters found. Using zeros as starting parameters.""]",[],0,6271,True,joint Ljung-Box and residual ACF rule,"{""1"": -0.00866534753313351, ""2"": -0.033751463914653654, ""3"": -0.04689876710971505, ""4"": 0.03730127256594885, ""5"": 0.020670878284193162, ""6"": -0.1829767612969188, ""7"": -0.12277819829295313, ""8"": -0.02471159812599663, ""9"": -0.05432642798797327, ""10"": -0.15182542632409327, ""11"": 0.11150140659776892, ""12"": 0.022184253041481302, ""13"": 0.11149141751294633, ""14"": -0.15751621474912436, ""15"": -0.05317665327318708, ""16"": -0.03953656347535507, ""17"": -0.1219838280424702, ""18"": -0.18364716561247632, ""19"": 0.018635261167979204, ""20"": 0.04340220398887572, ""21"": -0.08270899154118048, ""22"": 0.017855226759717662, ""23"": 0.04445609639160414, ""24"": 0.7538099104934894, ""25"": 0.019065570969397642, ""26"": 0.028601829750680617, ""27"": -0.07254025156024654, ""28"": 0.037234863754091393, ""29"": 0.009170631181605132, ""30"": -0.18544452600177197, ""31"": -0.12808228532450647, ""32"": -0.01440077517443633, ""33"": -0.05076152128420999, ""34"": -0.13286522882654192, ""35"": 0.11783427285405217, ""36"": 0.0010607812291255998, ""37"": 0.12192816071606556, ""38"": -0.1469173931222306, ""39"": -0.04071438364769128, ""40"": -0.03512701498503349, ""41"": -0.1274289581934359, ""42"": -0.17617057416528387, ""43"": 0.014674307231716883, ""44"": 0.03288787560509907, ""45"": -0.06932056341225708, ""46"": 0.051226219377314544, ""47"": 0.01812991056824788, ""48"": 0.6707610564134043}","[6, 7, 9, 10, 11, 13, 14, 15, 17, 18, 21, 24, 27, 30, 31, 33, 34, 35, 37, 38, 41, 42, 45, 46, 48]","{""24"": 4803.4098910874445, ""48"": 8838.109367638897}","{""24"": 0.0, ""48"": 0.0}",1129.4153296718162,1234.0068643074087,17.085539649866735,24,1.0,False,,,,,,False
Austria,2024-09-12,ordinary weekday,2024-09-11T08:00:00+02:00,2024-09-11T06:00:00+00:00,2024-09-11T06:00:00+00:00,24,ordinary,enhanced_ordinary_arima_p3_d1_q3,,3,1,3,n,identity,False,,completed,,success,converged,True,True,True,True,True,6295,7,-41526.46335703896,83066.92671407793,83066.94452861586,83114.15817862129,1.252690018075192,1.0402006629720597,"[""DeprecationWarning: Setting the shape on a NumPy array has been deprecated in NumPy 2.5.\nAs an alternative, you can create a new view using np.reshape (with copy=False if needed).""]",[],0,6271,True,joint Ljung-Box and residual ACF rule,"{""1"": -0.004581719865874498, ""2"": -0.021395687498404883, ""3"": 0.015941008609395752, ""4"": 0.03570303077055813, ""5"": 0.039464038354272576, ""6"": -0.07359427334763327, ""7"": -0.06035648773942066, ""8"": 0.032990462876908176, ""9"": -0.011891705281382224, ""10"": -0.1144319301729315, ""11"": 0.130817867230979, ""12"": 0.032046211709584466, ""13"": 0.12660759293067814, ""14"": -0.12666947156584535, ""15"": -0.028514647075290295, ""16"": 0.005024663503989368, ""17"": -0.07656997878409237, ""18"": -0.1148509375029134, ""19"": 0.02883630647095341, ""20"": 0.0308341171781239, ""21"": -0.0633461275220095, ""22"": 0.0073637226880303285, ""23"": 0.026074951742956425, ""24"": 0.7135298595038402, ""25"": -0.0013844827455340557, ""26"": 0.019898394615865178, ""27"": -0.059409114098016975, ""28"": 0.014139677396033381, ""29"": 0.011847188190595794, ""30"": -0.13171547788933907, ""31"": -0.09934937728202564, ""32"": 0.012001803117747352, ""33"": -0.048638271741919405, ""34"": -0.1268668404064352, ""35"": 0.10661227829121368, ""36"": -0.021060569796179242, ""37"": 0.10764660292228095, ""38"": -0.14641000314745414, ""39"": -0.04784095393826451, ""40"": -0.017729947452588244, ""41"": -0.1138377816973998, ""42"": -0.14008408834534491, ""43"": 0.0053265132460132425, ""44"": -0.003207864711049136, ""45"": -0.07670730894533176, ""46"": 0.019937625236246773, ""47"": -0.023792236895332355, ""48"": 0.6081058856878037}","[6, 7, 10, 11, 13, 14, 17, 18, 21, 24, 27, 30, 31, 34, 35, 37, 38, 41, 42, 45, 48]","{""24"": 3857.1321453450864, ""48"": 7059.146675308054}","{""24"": 0.0, ""48"": 0.0}",1238.6540131447484,1335.0569271052104,17.56701646704689,24,1.0,False,,,,,,False
Austria,2024-09-12,ordinary weekday,2024-09-11T08:00:00+02:00,2024-09-11T06:00:00+00:00,2024-09-11T06:00:00+00:00,24,ordinary,enhanced_ordinary_arima_p4_d1_q1,,4,1,1,n,identity,False,,completed,,success,converged,True,True,True,True,True,6295,6,-41843.41505467053,83698.83010934106,83698.84346811968,83739.3142218068,1.3036346627121744,2.3211889491813484,"[""DeprecationWarning: Setting the shape on a NumPy array has been deprecated in NumPy 2.5.\nAs an alternative, you can create a new view using np.reshape (with copy=False if needed).""]",[],0,6271,True,joint Ljung-Box and residual ACF rule,"{""1"": 0.0017193197889507062, ""2"": -0.04099209859105236, ""3"": -0.0891573821624807, ""4"": 0.06493573923474112, ""5"": 0.05481494039874424, ""6"": -0.15622072794707428, ""7"": -0.10256607823479039, ""8"": -0.03702392519691865, ""9"": -0.05831434829219615, ""10"": -0.17188977458587268, ""11"": 0.09429608832060368, ""12"": 0.005611190037869447, ""13"": 0.09550674871112302, ""14"": -0.1762542828063079, ""15"": -0.056537391482857885, ""16"": -0.05097661780880673, ""17"": -0.1042732916787695, ""18"": -0.15724520701702904, ""19"": 0.04455673497828516, ""20"": 0.06313030178778642, ""21"": -0.11165348182824654, ""22"": 0.008682545100017073, ""23"": 0.04615298717237727, ""24"": 0.7572715893243871, ""25"": 0.021925872348933857, ""26"": 0.018622334413041845, ""27"": -0.09969869150227081, ""28"": 0.060202938799227106, ""29"": 0.03355741411944097, ""30"": -0.15953667890158646, ""31"": -0.1109121948225458, ""32"": -0.02536061671430683, ""33"": -0.051745195163108555, ""34"": -0.15176729250316456, ""35"": 0.10030377413735363, ""36"": -0.0155809689406744, ""37"": 0.10551094583174728, ""38"": -0.16377812654598484, ""39"": -0.04140221887642138, ""40"": -0.04591394587822548, ""41"": -0.10984796685073146, ""42"": -0.1527797302081376, ""43"": 0.03588465089528692, ""44"": 0.05349327370453272, ""45"": -0.09346839753431269, ""46"": 0.042216137430820075, ""47"": 0.01831403712131744, ""48"": 0.6720255545247377}","[3, 4, 5, 6, 7, 9, 10, 11, 13, 14, 15, 16, 17, 18, 20, 21, 24, 27, 28, 30, 31, 33, 34, 35, 37, 38, 41, 42, 44, 45, 48]","{""24"": 4850.865204814785, ""48"": 8854.739707441388}","{""24"": 0.0, ""48"": 0.0}",1141.7879653614043,1238.7867474191655,17.069009510439216,24,1.0,False,,,,,,False
Austria,2024-09-12,ordinary weekday,2024-09-11T08:00:00+02:00,2024-09-11T06:00:00+00:00,2024-09-11T06:00:00+00:00,24,ordinary,enhanced_ordinary_arima_p4_d1_q2,,4,1,2,n,identity,False,,completed,,success,converged,True,True,True,True,True,6295,7,-41802.165800093295,83618.33160018659,83618.34941472452,83665.56306472995,1.4663894500358463,1.2611697007567262,"[""DeprecationWarning: Setting the shape on a NumPy array has been deprecated in NumPy 2.5.\nAs an alternative, you can create a new view using np.reshape (with copy=False if needed)."", ""UserWarning: Non-stationary starting autoregressive parameters found. Using zeros as starting parameters."", ""UserWarning: Non-invertible starting MA parameters found. Using zeros as starting parameters.""]",[],0,6271,True,joint Ljung-Box and residual ACF rule,"{""1"": -0.020614014114716146, ""2"": -0.02446315734323321, ""3"": -0.019403478513395626, ""4"": 0.03712420073639296, ""5"": -0.05994929468612302, ""6"": -0.12497136088479287, ""7"": -0.13801461400302883, ""8"": -0.05104933581946199, ""9"": -0.020613134102130226, ""10"": -0.15629869901882304, ""11"": 0.11408179739421477, ""12"": 0.032901827154088036, ""13"": 0.11390185268130235, ""14"": -0.1576152653472745, ""15"": -0.031834116184829245, ""16"": -0.05664441626890899, ""17"": -0.12921058695630103, ""18"": -0.15314281147896602, ""19"": -0.034776396103464946, ""20"": 0.04796410799084891, ""21"": -0.07516733512990219, ""22"": 0.033594397534882185, ""23"": 0.04241026310576449, ""24"": 0.7409529545792196, ""25"": 0.014263710023917906, ""26"": 0.04957400627139121, ""27"": -0.06856458788241686, ""28"": 0.039047780339321166, ""29"": -0.04039705762658188, ""30"": -0.15668069182956795, ""31"": -0.1356511123301462, ""32"": -0.029018774853813482, ""33"": -0.03322963928887537, ""34"": -0.13257182796412023, ""35"": 0.12519763082210422, ""36"": 0.005102869236498029, ""37"": 0.12802995121162264, ""38"": -0.14563160964384275, ""39"": -0.026641025835067125, ""40"": -0.04684986283883147, ""41"": -0.13456564400170892, ""42"": -0.15297442850794385, ""43"": -0.027456975567208705, ""44"": 0.035882138969445365, ""45"": -0.0680492709409549, ""46"": 0.07069059944763732, ""47"": 0.015211583521419964, ""48"": 0.6575643554411689}","[5, 6, 7, 8, 10, 11, 13, 14, 16, 17, 18, 21, 24, 27, 30, 31, 34, 35, 37, 38, 41, 42, 45, 46, 48]","{""24"": 4568.904363035318, ""48"": 8454.334412425404}","{""24"": 0.0, ""48"": 0.0}",1130.474750448989,1234.2951417102936,17.08532818739867,24,1.0,False,,,,,,False
Austria,2024-10-03,Germany-specific public holiday,2024-10-02T08:00:00+02:00,2024-10-02T06:00:00+00:00,2024-10-02T06:00:00+00:00,24,ordinary,enhanced_ordinary_arima_p1_d1_q1,,1,1,1,n,identity,False,,completed,,success,converged,True,True,True,True,True,6799,3,-45801.4527002969,91608.9054005938,91608.90893260264,91629.37855178455,1.505729597585144,3.165415376949301,"[""DeprecationWarning: Setting the shape on a NumPy array has been deprecated in NumPy 2.5.\nAs an alternative, you can create a new view using np.reshape (with copy=False if needed).""]",[],0,6775,True,joint Ljung-Box and residual ACF rule,"{""1"": 0.07801193405555673, ""2"": 0.170984543201055, ""3"": -0.23627028046179788, ""4"": -0.055580559923227586, ""5"": -0.14857853463714424, ""6"": -0.19479784920216678, ""7"": -0.14081145797651448, ""8"": -0.10774168424420208, ""9"": -0.009487916576373157, ""10"": -0.09824105343347228, ""11"": 0.23092770108242353, ""12"": 0.08630136937544365, ""13"": 0.23019435862408594, ""14"": -0.10862338166484771, ""15"": -0.01542423741194291, ""16"": -0.12614088458169084, ""17"": -0.14083455621495516, ""18"": -0.19342465617660864, ""19"": -0.13198242628138362, ""20"": -0.03714319925074059, ""21"": -0.20457053534299843, ""22"": 0.1722389094375152, ""23"": 0.0990736456835739, ""24"": 0.8023519520421059, ""25"": 0.08708879517257005, ""26"": 0.18105764627158907, ""27"": -0.20259594595275307, ""28"": -0.040131262478026626, ""29"": -0.15104504226634954, ""30"": -0.1976983673353331, ""31"": -0.14985559669874152, ""32"": -0.09779340911938153, ""33"": -0.0025949708071184136, ""34"": -0.08481339751123242, ""35"": 0.2314283638649963, ""36"": 0.06854573191415055, ""37"": 0.23279591717804946, ""38"": -0.10252115154901875, ""39"": -0.0026740949123687068, ""40"": -0.1234652569567136, ""41"": -0.14535898293245944, ""42"": -0.19538655928402057, ""43"": -0.12806038160199038, ""44"": -0.026308853642640233, ""45"": -0.17969115556612875, ""46"": 0.1870462560168035, ""47"": 0.071881543163065, ""48"": 0.724135126077284}","[1, 2, 3, 4, 5, 6, 7, 8, 10, 11, 12, 13, 14, 16, 17, 18, 19, 21, 22, 23, 24, 25, 26, 27, 29, 30, 31, 32, 34, 35, 36, 37, 38, 40, 41, 42, 43, 45, 46, 47, 48]","{""24"": 7735.563786906706, ""48"": 14524.807924050016}","{""24"": 0.0, ""48"": 0.0}",1988.0834195254909,2289.164066327872,30.74933939522394,24,1.0,False,,,,,,False
Austria,2024-10-03,Germany-specific public holiday,2024-10-02T08:00:00+02:00,2024-10-02T06:00:00+00:00,2024-10-02T06:00:00+00:00,24,ordinary,enhanced_ordinary_arima_p1_d1_q2,,1,1,2,n,identity,False,,completed,,success,converged,True,True,True,True,True,6799,4,-45330.61178711102,90669.22357422204,90669.22946176988,90696.52110914304,2.5230181864376253,1.4020317547508416,"[""DeprecationWarning: Setting the shape on a NumPy array has been deprecated in NumPy 2.5.\nAs an alternative, you can create a new view using np.reshape (with copy=False if needed).""]",[],0,6775,True,joint Ljung-Box and residual ACF rule,"{""1"": 0.013271404946004582, ""2"": -0.011167281614502946, ""3"": 0.005786319855752875, ""4"": -0.061150228119626934, ""5"": -0.09832668445862502, ""6"": -0.17124833997959457, ""7"": -0.15445022978233341, ""8"": -0.032436435550921246, ""9"": -0.03828187071386913, ""10"": -0.11394458503634486, ""11"": 0.16028341212016867, ""12"": 0.07722954132984115, ""13"": 0.16246508875725788, ""14"": -0.12099471929901787, ""15"": -0.04962984045351007, ""16"": -0.03913417893125405, ""17"": -0.14817416420359578, ""18"": -0.19350594000458235, ""19"": -0.06869415688798218, ""20"": -0.028439982030677827, ""21"": -0.051669136692382524, ""22"": 0.041157478624984895, ""23"": 0.07281171127279122, ""24"": 0.7499786219837482, ""25"": 0.047685359547295296, ""26"": 0.05812709018367844, ""27"": -0.0467203645661401, ""28"": -0.04087853505852013, ""29"": -0.07528765741735373, ""30"": -0.19698636008598916, ""31"": -0.15450992747030856, ""32"": -0.013596566567949582, ""33"": -0.04630055914203494, ""34"": -0.09651195927375729, ""35"": 0.16793253693143573, ""36"": 0.054167664591380345, ""37"": 0.17084342342889972, ""38"": -0.11220496167402991, ""39"": -0.0436703337009352, ""40"": -0.0313910445730238, ""41"": -0.15466177386964844, ""42"": -0.1943215739279186, ""43"": -0.05526355899729402, ""44"": -0.03147496669846856, ""45"": -0.04923002580426386, ""46"": 0.07637621599018546, ""47"": 0.04896399897591909, ""48"": 0.6643813103251839}","[4, 5, 6, 7, 10, 11, 12, 13, 14, 17, 18, 19, 21, 23, 24, 26, 29, 30, 31, 34, 35, 36, 37, 38, 41, 42, 43, 46, 48]","{""24"": 5412.086081736189, ""48"": 10071.443568094686}","{""24"": 0.0, ""48"": 0.0}",1085.2120256701464,1570.3286628830203,18.04887779531129,24,1.0,False,,,,,,False
Austria,2024-10-03,Germany-specific public holiday,2024-10-02T08:00:00+02:00,2024-10-02T06:00:00+00:00,2024-10-02T06:00:00+00:00,24,ordinary,enhanced_ordinary_arima_p1_d1_q3,,1,1,3,n,identity,False,,completed,,success,converged,True,True,True,True,True,6799,5,-45321.09789795164,90652.19579590327,90652.20462852508,90686.31771455456,4.354685857310989,1.3749011950083754,"[""DeprecationWarning: Setting the shape on a NumPy array has been deprecated in NumPy 2.5.\nAs an alternative, you can create a new view using np.reshape (with copy=False if needed).""]",[],0,6775,True,joint Ljung-Box and residual ACF rule,"{""1"": 0.0009386294492486888, ""2"": 0.00188914027709578, ""3"": 0.011744329686441226, ""4"": -0.029523727247687613, ""5"": -0.1180193165795176, ""6"": -0.17684054225076185, ""7"": -0.14214799107974424, ""8"": -0.044300536533821294, ""9"": -0.0346022674032307, ""10"": -0.11824940764033379, ""11"": 0.15488160653678767, ""12"": 0.06710157147886743, ""13"": 0.16095818944594523, ""14"": -0.1299994132438574, ""15"": -0.045247137128609956, ""16"": -0.045178797606791124, ""17"": -0.14193534960962734, ""18"": -0.19977850780775327, ""19"": -0.080244369919761, ""20"": -0.0053516385101097024, ""21"": -0.0494520011733698, ""22"": 0.05465131210969037, ""23"": 0.06309422991469235, ""24"": 0.7490051504300108, ""25"": 0.03759383672712784, ""26"": 0.07102159557493756, ""27"": -0.04404890148014162, ""28"": -0.017949310672703948, ""29"": -0.08799958803674043, ""30"": -0.19980393330980478, ""31"": -0.14810949381191993, ""32"": -0.02191887430758624, ""33"": -0.041047694661306894, ""34"": -0.10499744034971269, ""35"": 0.16443354477022398, ""36"": 0.04707941532398204, ""37"": 0.16763277770922694, ""38"": -0.12143720272899279, ""39"": -0.037560205108221736, ""40"": -0.0385811126666592, ""41"": -0.14890523265869596, ""42"": -0.19805243713929085, ""43"": -0.06560573237988454, ""44"": -0.011502632680750738, ""45"": -0.04893692114144819, ""46"": 0.08950651097226325, ""47"": 0.04021773507245425, ""48"": 0.6639467828386834}","[5, 6, 7, 10, 11, 12, 13, 14, 17, 18, 19, 22, 23, 24, 26, 29, 30, 31, 34, 35, 37, 38, 41, 42, 43, 46, 48]","{""24"": 5410.236520061315, ""48"": 10083.99735490981}","{""24"": 0.0, ""48"": 0.0}",963.6365394271156,1469.5231830595087,16.27701800506177,24,1.0,False,,,,,,False
Austria,2024-10-03,Germany-specific public holiday,2024-10-02T08:00:00+02:00,2024-10-02T06:00:00+00:00,2024-10-02T06:00:00+00:00,24,ordinary,enhanced_ordinary_arima_p2_d1_q1,,2,1,1,n,identity,False,,completed,,success,converged,True,True,True,True,True,6799,4,-45312.7382924921,90633.4765849842,90633.48247253204,90660.7741199052,1.1422151050356817,1.615435309059646,"[""DeprecationWarning: Setting the shape on a NumPy array has been deprecated in NumPy 2.5.\nAs an alternative, you can create a new view using np.reshape (with copy=False if needed).""]",[],0,6775,True,joint Ljung-Box and residual ACF rule,"{""1"": 0.04524528999706842, ""2"": 0.011878048671018122, ""3"": -0.1958914218496029, ""4"": 0.09856609166516046, ""5"": 0.07707497727118286, ""6"": -0.03416667317634491, ""7"": -0.030952746200320555, ""8"": -0.04557963604154591, ""9"": -0.08138596701340209, ""10"": -0.24046862601518376, ""11"": 0.05060898005160633, ""12"": -0.05393058910751933, ""13"": 0.05402913993388946, ""14"": -0.24492141002949666, ""15"": -0.08549243939451591, ""16"": -0.0681475552260638, ""17"": -0.044415160569691775, ""18"": -0.05551707658106491, ""19"": 0.05962783731068053, ""20"": 0.08489601013465066, ""21"": -0.18752429301378085, ""22"": 0.03259027181939202, ""23"": 0.056273612125901123, ""24"": 0.7680410980187112, ""25"": 0.04134510937071698, ""26"": 0.04768721954316124, ""27"": -0.1726514741955074, ""28"": 0.08952332960785916, ""29"": 0.04632762141617887, ""30"": -0.0586480055721334, ""31"": -0.050672688089885815, ""32"": -0.03826649920709172, ""33"": -0.06951488097886739, ""34"": -0.21876694613394213, ""35"": 0.055509626381739875, ""36"": -0.07084355762640462, ""37"": 0.06207244301446961, ""38"": -0.22718238671630192, ""39"": -0.06404537488406781, ""40"": -0.06305172276803528, ""41"": -0.05419777061635916, ""42"": -0.06683595136030217, ""43"": 0.049290552266470916, ""44"": 0.08388393612194539, ""45"": -0.16075005529804812, ""46"": 0.06018118065479644, ""47"": 0.02441576838622389, ""48"": 0.676513873132612}","[3, 4, 5, 9, 10, 11, 12, 13, 14, 15, 16, 18, 19, 20, 21, 23, 24, 27, 28, 30, 31, 33, 34, 35, 36, 37, 38, 39, 40, 41, 42, 44, 45, 46, 48]","{""24"": 5779.79498559483, ""48"": 10420.758882127919}","{""24"": 0.0, ""48"": 0.0}",1052.646961774925,1130.55127039177,15.386016257816712,24,1.0,False,,,,,,False
Austria,2024-10-03,Germany-specific public holiday,2024-10-02T08:00:00+02:00,2024-10-02T06:00:00+00:00,2024-10-02T06:00:00+00:00,24,ordinary,enhanced_ordinary_arima_p2_d1_q2,,2,1,2,n,identity,False,,completed,,success,converged,True,True,True,True,True,6799,5,-45201.93311846243,90413.86623692486,90413.87506954667,90447.98815557614,1.1373779347249162,1.077348546213402,"[""DeprecationWarning: Setting the shape on a NumPy array has been deprecated in NumPy 2.5.\nAs an alternative, you can create a new view using np.reshape (with copy=False if needed).""]",[],0,6775,True,joint Ljung-Box and residual ACF rule,"{""1"": 0.028404097869059237, ""2"": 0.10703800688702876, ""3"": -0.1889008147172463, ""4"": 0.07493661246698845, ""5"": 0.03204737366991814, ""6"": -0.04067238854467159, ""7"": -0.012207025613519402, ""8"": -0.016592831803731323, ""9"": -0.0012597076869063403, ""10"": -0.1532567885580727, ""11"": 0.15239025048960206, ""12"": 0.007642328935578402, ""13"": 0.14903823708403433, ""14"": -0.17055184478503704, ""15"": -0.02047481504923091, ""16"": -0.05687789895970626, ""17"": -0.04251027197881359, ""18"": -0.0782023442316711, ""19"": 0.0017139190221786929, ""20"": 0.04629492563415786, ""21"": -0.2021824022061631, ""22"": 0.08474517343616411, ""23"": 0.01806824365162336, ""24"": 0.7489082126977479, ""25"": 0.0034519323091625333, ""26"": 0.095434109645363, ""27"": -0.19716377108074848, ""28"": 0.04201774014048762, ""29"": -0.022070464981967058, ""30"": -0.09179022336800212, ""31"": -0.0644421287883063, ""32"": -0.04415296256360505, ""33"": -0.027229478082476825, ""34"": -0.1684822039675187, ""35"": 0.12435726973891499, ""36"": -0.03941505017309054, ""37"": 0.1266079463995965, ""38"": -0.18636718830283833, ""39"": -0.030334313054701714, ""40"": -0.07933049249667605, ""41"": -0.0752983274335787, ""42"": -0.10915649593874036, ""43"": -0.024552552131993307, ""44"": 0.02918829070656738, ""45"": -0.19700341153142156, ""46"": 0.08784870364365661, ""47"": -0.027358491196808082, ""48"": 0.647573825867265}","[2, 3, 4, 10, 11, 13, 14, 16, 18, 21, 22, 24, 26, 27, 30, 31, 34, 35, 37, 38, 40, 41, 42, 45, 46, 48]","{""24"": 5286.697571666731, ""48"": 9751.514161446423}","{""24"": 0.0, ""48"": 0.0}",1166.247824157152,1245.3377285157635,16.565234646021395,24,1.0,False,,,,,,False
Austria,2024-10-03,Germany-specific public holiday,2024-10-02T08:00:00+02:00,2024-10-02T06:00:00+00:00,2024-10-02T06:00:00+00:00,24,ordinary,enhanced_ordinary_arima_p2_d1_q3,,2,1,3,n,identity,False,,failed,MA roots fail invertibility threshold,success,converged,True,True,True,True,False,6799,6,-44971.910462999425,89955.82092599885,89955.83329349001,89996.76722838038,1.3757664172847932,1.009442345386246,"[""DeprecationWarning: Setting the shape on a NumPy array has been deprecated in NumPy 2.5.\nAs an alternative, you can create a new view using np.reshape (with copy=False if needed).""]",[],0,6775,True,joint Ljung-Box and residual ACF rule,"{""1"": -0.01577142001051132, ""2"": -0.005098284460851057, ""3"": 0.024537045030748265, ""4"": 0.06441184854839757, ""5"": 0.0041234715027417745, ""6"": -0.09867513795192277, ""7"": -0.058750591483461054, ""8"": 0.03713687415647286, ""9"": -0.0020232182292412777, ""10"": -0.12057120931357518, ""11"": 0.1557267345297368, ""12"": 0.05971848495332642, ""13"": 0.15593495996135218, ""14"": -0.1332811303492878, ""15"": -0.016257962342614375, ""16"": 0.017391181604225973, ""17"": -0.07292415879688166, ""18"": -0.13313077047537028, ""19"": 0.007364465608602257, ""20"": 0.05809350478548445, ""21"": -0.04959066545929443, ""22"": 0.02510717982757902, ""23"": 0.022627330700946222, ""24"": 0.7281789571805752, ""25"": -0.004556245635604096, ""26"": 0.03746156946005593, ""27"": -0.04800255892039331, ""28"": 0.04007529860188129, ""29"": -0.011375050257031928, ""30"": -0.14724764474712468, ""31"": -0.09611820977960657, ""32"": 0.021357848126755754, ""33"": -0.03561556615110873, ""34"": -0.1346640321978715, ""35"": 0.132657976055217, ""36"": 0.009818701498933302, ""37"": 0.1342703757218071, ""38"": -0.15280582532081932, ""39"": -0.03616857818526117, ""40"": -0.006799890169254647, ""41"": -0.10922478998343607, ""42"": -0.16045561480715112, ""43"": -0.012355318733937403, ""44"": 0.021893129825459188, ""45"": -0.07247852837964043, ""46"": 0.035866707236879736, ""47"": -0.02401532615571136, ""48"": 0.6193597596994282}","[4, 6, 7, 10, 11, 12, 13, 14, 17, 18, 20, 24, 30, 31, 34, 35, 37, 38, 41, 42, 45, 48]","{""24"": 4520.720869963687, ""48"": 8243.428224786909}","{""24"": 0.0, ""48"": 0.0}",,,,0,0.0,False,,,,,,False
Austria,2024-10-03,Germany-specific public holiday,2024-10-02T08:00:00+02:00,2024-10-02T06:00:00+00:00,2024-10-02T06:00:00+00:00,24,ordinary,enhanced_ordinary_arima_p3_d1_q1,,3,1,1,n,identity,False,,completed,,success,converged,True,True,True,True,True,6799,5,-45300.86524995409,90611.73049990818,90611.73933253,90645.85241855946,1.30969173339888,2.2128859987096776,"[""DeprecationWarning: Setting the shape on a NumPy array has been deprecated in NumPy 2.5.\nAs an alternative, you can create a new view using np.reshape (with copy=False if needed).""]",[],0,6775,True,joint Ljung-Box and residual ACF rule,"{""1"": 0.001288755002583496, ""2"": -0.043040087078375124, ""3"": -0.0853637563480444, ""4"": 0.06879374817653676, ""5"": 0.04598373790379714, ""6"": -0.16043707407696842, ""7"": -0.10161353863042853, ""8"": -0.024383846155453658, ""9"": -0.06477153601283231, ""10"": -0.19027767464229012, ""11"": 0.10351404822475259, ""12"": 0.02170030872083388, ""13"": 0.10638956728929776, ""14"": -0.1939847626338278, ""15"": -0.06461448005637231, ""16"": -0.03802324500669882, ""17"": -0.1020825543715412, ""18"": -0.16250650272803566, ""19"": 0.03679077982366911, ""20"": 0.06734730747951445, ""21"": -0.10703980150546974, ""22"": 0.002558362284415897, ""23"": 0.04433409151074254, ""24"": 0.7638614055601046, ""25"": 0.02132163036742752, ""26"": 0.01437971250784245, ""27"": -0.09635620290566084, ""28"": 0.06461116319054348, ""29"": 0.026393701159129507, ""30"": -0.16423359271104848, ""31"": -0.1085694649869783, ""32"": -0.012731499244514916, ""33"": -0.05808856376058396, ""34"": -0.1704265323994111, ""35"": 0.10824239386693171, ""36"": 0.0015418294961750516, ""37"": 0.11414885349843622, ""38"": -0.18058868746570417, ""39"": -0.049191740171233816, ""40"": -0.03296170698857851, ""41"": -0.1071884865577571, ""42"": -0.16150212365269315, ""43"": 0.03178154268189958, ""44"": 0.05937164939077804, ""45"": -0.09331283107557227, ""46"": 0.03648252025309613, ""47"": 0.019647699611939295, ""48"": 0.6773321767503293}","[3, 4, 6, 7, 9, 10, 11, 13, 14, 15, 17, 18, 20, 21, 24, 27, 28, 30, 31, 33, 34, 35, 37, 38, 41, 42, 44, 45, 48]","{""24"": 5427.695872277732, ""48"": 9918.658073201595}","{""24"": 0.0, ""48"": 0.0}",973.0972116213848,1183.974279998249,15.24851829493622,24,1.0,False,,,,,,False
Austria,2024-10-03,Germany-specific public holiday,2024-10-02T08:00:00+02:00,2024-10-02T06:00:00+00:00,2024-10-02T06:00:00+00:00,24,ordinary,enhanced_ordinary_arima_p3_d1_q2,,3,1,2,n,identity,False,,completed,,success,converged,True,True,True,True,True,6799,6,-45300.46335378903,90612.92670757804,90612.9390750692,90653.8730099596,1.3544321687262768,3.8627634800055257,"[""DeprecationWarning: Setting the shape on a NumPy array has been deprecated in NumPy 2.5.\nAs an alternative, you can create a new view using np.reshape (with copy=False if needed)."", ""UserWarning: Non-stationary starting autoregressive parameters found. Using zeros as starting parameters."", ""UserWarning: Non-invertible starting MA parameters found. Using zeros as starting parameters.""]",[],0,6775,True,joint Ljung-Box and residual ACF rule,"{""1"": -0.004245528858601419, ""2"": -0.03929141046535094, ""3"": -0.0663841008548781, ""4"": 0.05637136976702928, ""5"": 0.03209720100533966, ""6"": -0.17463076004500863, ""7"": -0.1114083371357159, ""8"": -0.019035809999366823, ""9"": -0.062198395743775, ""10"": -0.18034545754880865, ""11"": 0.11137276541476793, ""12"": 0.028919592363173333, ""13"": 0.11375097955842059, ""14"": -0.1847415623315556, ""15"": -0.06223872554283591, ""16"": -0.032997190134374736, ""17"": -0.11073632682425097, ""18"": -0.17592955708269564, ""19"": 0.025971300310060955, ""20"": 0.05841862333221927, ""21"": -0.09370272586222837, ""22"": 0.006966555763149419, ""23"": 0.042842010737611576, ""24"": 0.7626167266400663, ""25"": 0.019252633327190374, ""26"": 0.01897107180804434, ""27"": -0.08382877230108875, ""28"": 0.05433070701704432, ""29"": 0.01624923301461059, ""30"": -0.17733962117388216, ""31"": -0.11701284251206154, ""32"": -0.00801534515807751, ""33"": -0.05685507773678728, ""34"": -0.16115958576222386, ""35"": 0.11630076651413461, ""36"": 0.008777396581057334, ""37"": 0.12173847485884412, ""38"": -0.17227231471599477, ""39"": -0.04814438799866083, ""40"": -0.028244482244289496, ""41"": -0.11552278024140374, ""42"": -0.17348884906501935, ""43"": 0.02290576230750393, ""44"": 0.050189680252851525, ""45"": -0.08232302690857286, ""46"": 0.04087505719686463, ""47"": 0.01900587709011029, ""48"": 0.6769036025335728}","[3, 4, 6, 7, 9, 10, 11, 13, 14, 15, 17, 18, 20, 21, 24, 27, 28, 30, 31, 33, 34, 35, 37, 38, 41, 42, 44, 45, 48]","{""24"": 5402.04314158341, ""48"": 9904.98822086608}","{""24"": 0.0, ""48"": 0.0}",968.6766517817808,1203.3151391268689,15.31120589188415,24,1.0,False,,,,,,False
Austria,2024-10-03,Germany-specific public holiday,2024-10-02T08:00:00+02:00,2024-10-02T06:00:00+00:00,2024-10-02T06:00:00+00:00,24,ordinary,enhanced_ordinary_arima_p3_d1_q3,,3,1,3,n,identity,False,,completed,,success,converged,True,True,True,True,True,6799,7,-44959.290496595735,89932.58099319147,89932.5974856079,89980.35167930326,1.2853299410672985,1.0123431242452825,"[""DeprecationWarning: Setting the shape on a NumPy array has been deprecated in NumPy 2.5.\nAs an alternative, you can create a new view using np.reshape (with copy=False if needed).""]",[],0,6775,True,joint Ljung-Box and residual ACF rule,"{""1"": -0.0024962848946960556, ""2"": -0.015309567764546417, ""3"": 0.02362595637959153, ""4"": 0.03616117071260303, ""5"": 0.02750427733984756, ""6"": -0.07810867532210305, ""7"": -0.058475843112666626, ""8"": 0.049900147619997975, ""9"": -0.0024313124286090082, ""10"": -0.11031609089175155, ""11"": 0.16022682590797968, ""12"": 0.06693739010625807, ""13"": 0.15835152406452885, ""14"": -0.12129996080142705, ""15"": -0.019392739502284213, ""16"": 0.025096731287120297, ""17"": -0.07084782996787423, ""18"": -0.1170313286145796, ""19"": 0.02202721462939557, ""20"": 0.03540875304109045, ""21"": -0.05181122726610054, ""22"": 0.011734521396413329, ""23"": 0.029836887697449424, ""24"": 0.7238759012431618, ""25"": 0.002873691187105433, ""26"": 0.024382365204142102, ""27"": -0.0511354417774528, ""28"": 0.016212782125462028, ""29"": 0.002646513326107909, ""30"": -0.1360039699390005, ""31"": -0.09672064465865456, ""32"": 0.02793350450531359, ""33"": -0.041688764263914234, ""34"": -0.12642558720672137, ""35"": 0.13167119888333456, ""36"": 0.010705959933185218, ""37"": 0.1331884575001998, ""38"": -0.1448680488940492, ""39"": -0.044280964356871656, ""40"": -0.0020749746566845737, ""41"": -0.11145293983701623, ""42"": -0.15123469905805195, ""43"": -0.002470216753618958, ""44"": -0.001266492343102064, ""45"": -0.07636356044258262, ""46"": 0.019578765809549026, ""47"": -0.021233323300985714, ""48"": 0.6108898501852884}","[6, 7, 10, 11, 12, 13, 14, 17, 18, 21, 24, 27, 30, 31, 34, 35, 37, 38, 41, 42, 45, 48]","{""24"": 4393.199748267254, ""48"": 7962.057220911566}","{""24"": 0.0, ""48"": 0.0}",1291.1329762782225,1406.0724054863942,17.187176946079177,24,1.0,False,,,,,,False
Austria,2024-10-03,Germany-specific public holiday,2024-10-02T08:00:00+02:00,2024-10-02T06:00:00+00:00,2024-10-02T06:00:00+00:00,24,ordinary,enhanced_ordinary_arima_p4_d1_q1,,4,1,1,n,identity,False,,completed,,success,converged,True,True,True,True,True,6799,6,-45300.77782539802,90613.55565079604,90613.5680182872,90654.50195317758,1.3104280453492936,2.222302828190005,"[""DeprecationWarning: Setting the shape on a NumPy array has been deprecated in NumPy 2.5.\nAs an alternative, you can create a new view using np.reshape (with copy=False if needed).""]",[],0,6775,True,joint Ljung-Box and residual ACF rule,"{""1"": 0.0011845665616341636, ""2"": -0.04301469369163689, ""3"": -0.08502213749805486, ""4"": 0.06859688509130348, ""5"": 0.045747629348327414, ""6"": -0.16071958641869916, ""7"": -0.10179584928776747, ""8"": -0.02427632783735544, ""9"": -0.0647191521184697, ""10"": -0.19009718065108533, ""11"": 0.10365553893689701, ""12"": 0.021852358905537633, ""13"": 0.10652250352899494, ""14"": -0.19381679428979393, ""15"": -0.06456492196290838, ""16"": -0.037920285934215356, ""17"": -0.10224304503535596, ""18"": -0.1627680045788195, ""19"": 0.03660727599958401, ""20"": 0.06720666515604129, ""21"": -0.10679958433187983, ""22"": 0.002605127212309037, ""23"": 0.04430502333342411, ""24"": 0.7638386022780228, ""25"": 0.021280086301145133, ""26"": 0.014428108395404274, ""27"": -0.09612951495759063, ""28"": 0.0644463778197427, ""29"": 0.026221979330200693, ""30"": -0.164489058055596, ""31"": -0.10872601673155402, ""32"": -0.012635686825674885, ""33"": -0.0580604042566151, ""34"": -0.1702587663536207, ""35"": 0.10838715756699688, ""36"": 0.0016925748488704644, ""37"": 0.11428517969341163, ""38"": -0.18043743102799986, ""39"": -0.049166470280302306, ""40"": -0.032865369085511485, ""41"": -0.10734207997451062, ""42"": -0.16173468920394454, ""43"": 0.03163115709359883, ""44"": 0.05922313997010489, ""45"": -0.09311467822500291, ""46"": 0.03653223315139482, ""47"": 0.019634740963063512, ""48"": 0.6773236074606543}","[3, 4, 6, 7, 9, 10, 11, 13, 14, 15, 17, 18, 20, 21, 24, 27, 28, 30, 31, 33, 34, 35, 37, 38, 41, 42, 44, 45, 48]","{""24"": 5427.149651555224, ""48"": 9918.220286667349}","{""24"": 0.0, ""48"": 0.0}",973.0197885339328,1184.309146195055,15.249720635070611,24,1.0,False,,,,,,False
Austria,2024-10-03,Germany-specific public holiday,2024-10-02T08:00:00+02:00,2024-10-02T06:00:00+00:00,2024-10-02T06:00:00+00:00,24,ordinary,enhanced_ordinary_arima_p4_d1_q2,,4,1,2,n,identity,False,,completed,,success,converged,True,True,True,True,True,6799,7,-45259.89574569958,90533.79149139916,90533.80798381558,90581.56217751096,1.4812247283935458,1.2515682699708168,"[""DeprecationWarning: Setting the shape on a NumPy array has been deprecated in NumPy 2.5.\nAs an alternative, you can create a new view using np.reshape (with copy=False if needed)."", ""UserWarning: Non-stationary starting autoregressive parameters found. Using zeros as starting parameters."", ""UserWarning: Non-invertible starting MA parameters found. Using zeros as starting parameters.""]",[],0,6775,True,joint Ljung-Box and residual ACF rule,"{""1"": -0.021379736559365172, ""2"": -0.022140023213332576, ""3"": -0.018325483267539546, ""4"": 0.03929876794064637, ""5"": -0.06878714048648718, ""6"": -0.12921212788963707, ""7"": -0.13628145307289888, ""8"": -0.04470236738175211, ""9"": -0.023094742406930987, ""10"": -0.1703470578835581, ""11"": 0.12104144630730812, ""12"": 0.048251435195969423, ""13"": 0.12391375300344816, ""14"": -0.17251026414101106, ""15"": -0.03573695043562993, ""16"": -0.04873055928905589, ""17"": -0.12749216551557477, ""18"": -0.15790626480910916, ""19"": -0.04270515424564658, ""20"": 0.05030016183079787, ""21"": -0.07223062391983254, ""22"": 0.03125677538603692, ""23"": 0.03986471959652254, ""24"": 0.7480246474763212, ""25"": 0.013146177018873176, ""26"": 0.04840516872156811, ""27"": -0.0664227622835421, ""28"": 0.041815655746282855, ""29"": -0.04813996507986233, ""30"": -0.16064120284498, ""31"": -0.13369956453604825, ""32"": -0.021530915561732193, ""33"": -0.03599926443311204, ""34"": -0.14762328785598364, ""35"": 0.13207690203813224, ""36"": 0.020513060804450277, ""37"": 0.13619878576267005, ""38"": -0.15914247470563203, ""39"": -0.0316130601798193, ""40"": -0.038345900824149584, ""41"": -0.13132692252914677, ""42"": -0.16234448754224878, ""43"": -0.031786380844544375, ""44"": 0.041174216819626464, ""45"": -0.07040205871488157, ""46"": 0.06862801022976342, ""47"": 0.01725999485161639, ""48"": 0.6614304251732573}","[5, 6, 7, 10, 11, 13, 14, 17, 18, 20, 21, 24, 27, 30, 31, 34, 35, 37, 38, 41, 42, 45, 46, 48]","{""24"": 5118.9108800293625, ""48"": 9458.82806066639}","{""24"": 0.0, ""48"": 0.0}",959.0876382053962,1248.5823547970688,15.42453697216071,24,1.0,False,,,,,,False
Austria,2024-10-26,Austria-specific public holiday / Saturday,2024-10-25T08:00:00+02:00,2024-10-25T06:00:00+00:00,2024-10-25T06:00:00+00:00,24,ordinary,enhanced_ordinary_arima_p1_d1_q1,,1,1,1,n,identity,False,,completed,,success,converged,True,True,True,True,True,7351,3,-49620.714264089824,99247.42852817963,99247.43179481907,99268.13589495629,1.511329521596557,3.0689253000282366,"[""DeprecationWarning: Setting the shape on a NumPy array has been deprecated in NumPy 2.5.\nAs an alternative, you can create a new view using np.reshape (with copy=False if needed).""]",[],0,7327,True,joint Ljung-Box and residual ACF rule,"{""1"": 0.07974929749577804, ""2"": 0.16491878891619605, ""3"": -0.2394972465448362, ""4"": -0.048742280099770156, ""5"": -0.15301297298803337, ""6"": -0.19094647726211156, ""7"": -0.13926442995950433, ""8"": -0.10208952582036047, ""9"": -0.011683720449933687, ""10"": -0.10216476829608113, ""11"": 0.22531438698400172, ""12"": 0.0961101887267234, ""13"": 0.22535445526614242, ""14"": -0.11197319262962163, ""15"": -0.018382621916556187, ""16"": -0.11955535624058997, ""17"": -0.13992448519164008, ""18"": -0.19040524090180302, ""19"": -0.13491959516507065, ""20"": -0.03158818633519457, ""21"": -0.20905213421332758, ""22"": 0.16607603047760355, ""23"": 0.1006074017456656, ""24"": 0.8059350943371296, ""25"": 0.08920080396834916, ""26"": 0.17460746290466927, ""27"": -0.20711729185810218, ""28"": -0.033558867287649646, ""29"": -0.15323755827585372, ""30"": -0.19380966269778507, ""31"": -0.14713892476787768, ""32"": -0.09248087535167149, ""33"": -0.004914559376727667, ""34"": -0.09066184346430343, ""35"": 0.22512179151984107, ""36"": 0.07992823824065397, ""37"": 0.2283417244667147, ""38"": -0.1069871911735261, ""39"": -0.005645417769997014, ""40"": -0.11543052529529474, ""41"": -0.1461842203513645, ""42"": -0.1913258475651537, ""43"": -0.13210529939981383, ""44"": -0.022220339624404506, ""45"": -0.18565578789429227, ""46"": 0.18192157102049178, ""47"": 0.07580591218330081, ""48"": 0.7296216580252397}","[1, 2, 3, 5, 6, 7, 8, 10, 11, 12, 13, 14, 16, 17, 18, 19, 21, 22, 23, 24, 25, 26, 27, 29, 30, 31, 32, 34, 35, 36, 37, 38, 40, 41, 42, 43, 45, 46, 47, 48]","{""24"": 8358.047641328027, ""48"": 15711.539732471976}","{""24"": 0.0, ""48"": 0.0}",4034.749937025206,4075.2515782333594,71.58984781037644,24,1.0,False,,,,,,False
Austria,2024-10-26,Austria-specific public holiday / Saturday,2024-10-25T08:00:00+02:00,2024-10-25T06:00:00+00:00,2024-10-25T06:00:00+00:00,24,ordinary,enhanced_ordinary_arima_p1_d1_q2,,1,1,2,n,identity,False,,completed,,success,converged,True,True,True,True,True,7351,4,-49119.66129400054,98247.32258800109,98247.3280331413,98274.93241036992,2.537690428843548,1.411187689439356,"[""DeprecationWarning: Setting the shape on a NumPy array has been deprecated in NumPy 2.5.\nAs an alternative, you can create a new view using np.reshape (with copy=False if needed).""]",[],0,7327,True,joint Ljung-Box and residual ACF rule,"{""1"": 0.012788193732401237, ""2"": -0.009452701553377846, ""3"": 0.0021149070243447173, ""4"": -0.058602634255837026, ""5"": -0.1016117672810197, ""6"": -0.16895808856147093, ""7"": -0.1542746872391505, ""8"": -0.030434553004461184, ""9"": -0.03566169181724962, ""10"": -0.12039470526282639, ""11"": 0.1566875766008496, ""12"": 0.08729950440343782, ""13"": 0.1594032250688818, ""14"": -0.12684937975037247, ""15"": -0.04790892549658554, ""16"": -0.03637260633327787, ""17"": -0.14840103853024325, ""18"": -0.19134690373315172, ""19"": -0.07213916095800019, ""20"": -0.025849539322815026, ""21"": -0.05444828636849194, ""22"": 0.040378965123636694, ""23"": 0.07125937248863072, ""24"": 0.7555170764647096, ""25"": 0.04828997537323116, ""26"": 0.05550024821781688, ""27"": -0.04949982204254127, ""28"": -0.03621607786809191, ""29"": -0.07914769916892382, ""30"": -0.19378687208649406, ""31"": -0.15306578273566812, ""32"": -0.012836074899813109, ""33"": -0.042356494412825414, ""34"": -0.10456192462331439, ""35"": 0.16190208799307065, ""36"": 0.06751633831610136, ""37"": 0.1686221652703326, ""38"": -0.12183990504723922, ""39"": -0.04059040393251784, ""40"": -0.026194664834691357, ""41"": -0.1578895841817188, ""42"": -0.19156934201258963, ""43"": -0.05799868152936251, ""44"": -0.03016720430782466, ""45"": -0.05375093019380163, ""46"": 0.07609090865761427, ""47"": 0.04961916874560885, ""48"": 0.6704265318879459}","[4, 5, 6, 7, 10, 11, 12, 13, 14, 17, 18, 19, 21, 23, 24, 26, 29, 30, 31, 34, 35, 36, 37, 38, 41, 42, 43, 45, 46, 48]","{""24"": 5918.958300934649, ""48"": 11022.699622364518}","{""24"": 0.0, ""48"": 0.0}",3034.2178514806715,3087.9052412029755,54.090673623886495,24,1.0,False,,,,,,False
Austria,2024-10-26,Austria-specific public holiday / Saturday,2024-10-25T08:00:00+02:00,2024-10-25T06:00:00+00:00,2024-10-25T06:00:00+00:00,24,ordinary,enhanced_ordinary_arima_p1_d1_q3,,1,1,3,n,identity,False,,completed,,success,converged,True,True,True,True,True,7351,5,-49109.924480765374,98229.84896153076,98229.85713035308,98264.3612394918,4.29402244241093,1.386516976112962,"[""DeprecationWarning: Setting the shape on a NumPy array has been deprecated in NumPy 2.5.\nAs an alternative, you can create a new view using np.reshape (with copy=False if needed).""]",[],0,7327,True,joint Ljung-Box and residual ACF rule,"{""1"": 0.0010989371231785137, ""2"": 0.0017677814174947958, ""3"": 0.008269811783268851, ""4"": -0.027705001997888307, ""5"": -0.1208211062759436, ""6"": -0.17367689413873857, ""7"": -0.14320056111784957, ""8"": -0.041564172488363915, ""9"": -0.03154964209326318, ""10"": -0.12471808271565367, ""11"": 0.15076817172015733, ""12"": 0.07860825614330313, ""13"": 0.15731427608914192, ""14"": -0.13567110144320566, ""15"": -0.04330432935688716, ""16"": -0.041733531925212314, ""17"": -0.14300227127323548, ""18"": -0.19704299891589958, ""19"": -0.08335127038542553, ""20"": -0.0031670475882083684, ""21"": -0.052013976024339846, ""22"": 0.05237839016905361, ""23"": 0.06207412894897957, ""24"": 0.7543452266676988, ""25"": 0.038656542944314816, ""26"": 0.06706639169251288, ""27"": -0.046639405014046405, ""28"": -0.013674802206195005, ""29"": -0.09134143287214018, ""30"": -0.19632608291562792, ""31"": -0.1475564118761417, ""32"": -0.020316016787780812, ""33"": -0.03691243897951423, ""34"": -0.11280784676611494, ""35"": 0.15791943299995773, ""36"": 0.061546770496350996, ""37"": 0.16495013251901097, ""38"": -0.13089176856788548, ""39"": -0.03446825410945581, ""40"": -0.03233891547157658, ""41"": -0.1531652430225803, ""42"": -0.19505168599581105, ""43"": -0.06770394843183328, ""44"": -0.010499394011865492, ""45"": -0.05339473359304625, ""46"": 0.08813631219524132, ""47"": 0.04113684270144806, ""48"": 0.6694042753731003}","[5, 6, 7, 10, 11, 12, 13, 14, 17, 18, 19, 21, 22, 23, 24, 26, 29, 30, 31, 34, 35, 36, 37, 38, 41, 42, 43, 45, 46, 48]","{""24"": 5913.836434068631, ""48"": 11026.547250904447}","{""24"": 0.0, ""48"": 0.0}",2893.9706127577247,2950.211300834493,51.63772100444098,24,1.0,False,,,,,,False
Austria,2024-10-26,Austria-specific public holiday / Saturday,2024-10-25T08:00:00+02:00,2024-10-25T06:00:00+00:00,2024-10-25T06:00:00+00:00,24,ordinary,enhanced_ordinary_arima_p2_d1_q1,,2,1,1,n,identity,False,,completed,,success,converged,True,True,True,True,True,7351,4,-49104.95734970052,98217.91469940104,98217.92014454123,98245.52452176988,1.1470922566788324,1.6801606691581148,"[""DeprecationWarning: Setting the shape on a NumPy array has been deprecated in NumPy 2.5.\nAs an alternative, you can create a new view using np.reshape (with copy=False if needed).""]",[],0,7327,True,joint Ljung-Box and residual ACF rule,"{""1"": 0.04706837607607044, ""2"": -0.0003656800968594521, ""3"": -0.1955496690785561, ""4"": 0.1086456487007977, ""5"": 0.07207351456020183, ""6"": -0.03687832194196133, ""7"": -0.03246352538391101, ""8"": -0.040193379256627956, ""9"": -0.08487535174491939, ""10"": -0.24755341038569398, ""11"": 0.046200716026739086, ""12"": -0.037701414962229604, ""13"": 0.05079889930171907, ""14"": -0.25096812290419773, ""15"": -0.08912675392935959, ""16"": -0.06041960751869466, ""17"": -0.045487004052114546, ""18"": -0.057386055657979926, ""19"": 0.05754012486337452, ""20"": 0.09425121195614208, ""21"": -0.188731823133758, ""22"": 0.022146596381097942, ""23"": 0.05971221666834228, ""24"": 0.7739492524388252, ""25"": 0.04533262233001827, ""26"": 0.036115134312953844, ""27"": -0.17435328258691982, ""28"": 0.09969067949689532, ""29"": 0.04469799359079975, ""30"": -0.05993193761385189, ""31"": -0.04988399115961742, ""32"": -0.03190434690032591, ""33"": -0.07231838204560247, ""34"": -0.22754950010728497, ""35"": 0.05079814721969479, ""36"": -0.051919521533853215, ""37"": 0.05934491152477709, ""38"": -0.23534798899394815, ""39"": -0.06784767248613112, ""40"": -0.05364724263134366, ""41"": -0.05642894153979723, ""42"": -0.06694287244347827, ""43"": 0.046949520026659836, ""44"": 0.09104333637423805, ""45"": -0.16447172918781722, ""46"": 0.05047478049233584, ""47"": 0.030163188079882775, ""48"": 0.6840009557955412}","[3, 4, 5, 9, 10, 13, 14, 15, 16, 18, 19, 20, 21, 23, 24, 27, 28, 30, 33, 34, 35, 36, 37, 38, 39, 40, 41, 42, 44, 45, 46, 48]","{""24"": 6371.257961721592, ""48"": 11517.775651091632}","{""24"": 0.0, ""48"": 0.0}",1710.803097546034,1798.5724591504877,30.90558948322684,24,1.0,False,,,,,,False
Austria,2024-10-26,Austria-specific public holiday / Saturday,2024-10-25T08:00:00+02:00,2024-10-25T06:00:00+00:00,2024-10-25T06:00:00+00:00,24,ordinary,enhanced_ordinary_arima_p2_d1_q2,,2,1,2,n,identity,False,,completed,,success,converged,True,True,True,True,True,7351,5,-48971.38122709714,97952.76245419428,97952.7706230166,97987.27473215532,1.1394682386473851,1.074551055606396,"[""DeprecationWarning: Setting the shape on a NumPy array has been deprecated in NumPy 2.5.\nAs an alternative, you can create a new view using np.reshape (with copy=False if needed).""]",[],0,7327,True,joint Ljung-Box and residual ACF rule,"{""1"": 0.02974593448392428, ""2"": 0.1012253016950775, ""3"": -0.19032695813320188, ""4"": 0.08317971536513845, ""5"": 0.026488377861748954, ""6"": -0.03896532813402536, ""7"": -0.011355818214775434, ""8"": -0.011146087309039668, ""9"": -0.0034699654273314894, ""10"": -0.15867608659970855, ""11"": 0.1470590329536559, ""12"": 0.019264185109337764, ""13"": 0.14464732016104154, ""14"": -0.17521622962486574, ""15"": -0.023198269010571832, ""16"": -0.049710389407541404, ""17"": -0.041679251135443476, ""18"": -0.07635047418564976, ""19"": -0.0011164863561738854, ""20"": 0.054089777963402065, ""21"": -0.20452830825636814, ""22"": 0.07946673444038652, ""23"": 0.020391807240691274, ""24"": 0.7540953303334096, ""25"": 0.006406887038370104, ""26"": 0.08937438278747424, ""27"": -0.19999378514229538, ""28"": 0.05057659732130997, ""29"": -0.024549503557584628, ""30"": -0.08935312131199728, ""31"": -0.061889759673015396, ""32"": -0.0384163910472062, ""33"": -0.02912046508213987, ""34"": -0.17569266970570802, ""35"": 0.11859805799751856, ""36"": -0.02554500644137564, ""37"": 0.122646805286204, ""38"": -0.19291039181236894, ""39"": -0.033411398928785564, ""40"": -0.07088603992093277, ""41"": -0.07645032497683732, ""42"": -0.10626803902719474, ""43"": -0.02844041071806465, ""44"": 0.03482498220570753, ""45"": -0.2019318567282883, ""46"": 0.08261594386816357, ""47"": -0.023301354447662195, ""48"": 0.6539001064100408}","[2, 3, 4, 10, 11, 13, 14, 18, 20, 21, 22, 24, 26, 27, 28, 30, 31, 34, 35, 37, 38, 40, 41, 42, 45, 46, 48]","{""24"": 5779.014633860383, ""48"": 10676.203439899573}","{""24"": 0.0, ""48"": 0.0}",1511.100777939823,1638.5098603383055,27.56056873395568,24,1.0,False,,,,,,False
Austria,2024-10-26,Austria-specific public holiday / Saturday,2024-10-25T08:00:00+02:00,2024-10-25T06:00:00+00:00,2024-10-25T06:00:00+00:00,24,ordinary,enhanced_ordinary_arima_p2_d1_q3,,2,1,3,n,identity,False,,failed,MA roots fail invertibility threshold,success,converged,True,True,True,True,False,7351,6,-48727.62185085812,97467.24370171624,97467.25513962474,97508.65843526949,1.377563286769919,1.0090081238201958,"[""DeprecationWarning: Setting the shape on a NumPy array has been deprecated in NumPy 2.5.\nAs an alternative, you can create a new view using np.reshape (with copy=False if needed).""]",[],0,7327,True,joint Ljung-Box and residual ACF rule,"{""1"": -0.016014199246050992, ""2"": -0.0045975632014525385, ""3"": 0.022306645537641136, ""4"": 0.06855166001163697, ""5"": -0.000756843388888187, ""6"": -0.09633649475049005, ""7"": -0.05865397684502559, ""8"": 0.03873448839198314, ""9"": -7.927279968213083e-05, ""10"": -0.12768429763228908, ""11"": 0.15078493729220088, ""12"": 0.07031271300378109, ""13"": 0.15196990266298685, ""14"": -0.1400391898857089, ""15"": -0.0153855447278756, ""16"": 0.020659662919673222, ""17"": -0.07312969854454615, ""18"": -0.13129201600921947, ""19"": 0.0035667317666383904, ""20"": 0.06271866415077464, ""21"": -0.05136733454361975, ""22"": 0.02391971589072553, ""23"": 0.02211078975789869, ""24"": 0.7338819308387132, ""25"": -0.0031565444422316557, ""26"": 0.03468378369929838, ""27"": -0.04985300804824822, ""28"": 0.046722913253079264, ""29"": -0.01520867292288073, ""30"": -0.1445059650826675, ""31"": -0.09458798364760546, ""32"": 0.023200036775106847, ""33"": -0.03207053032163628, ""34"": -0.14324917526118264, ""35"": 0.12641689203658474, ""36"": 0.02422149435906547, ""37"": 0.131349230909911, ""38"": -0.1629471809101398, ""39"": -0.03381604197657944, ""40"": -0.0005967497524006057, ""41"": -0.11215912073704029, ""42"": -0.1577459484894904, ""43"": -0.014896619268691054, ""44"": 0.02560161486959663, ""45"": -0.07615739666773229, ""46"": 0.035101683721746886, ""47"": -0.022553577967666934, ""48"": 0.6253815972500397}","[4, 6, 7, 10, 11, 12, 13, 14, 17, 18, 20, 21, 24, 30, 31, 34, 35, 37, 38, 41, 42, 45, 48]","{""24"": 4968.1072660487225, ""48"": 9071.870585131803}","{""24"": 0.0, ""48"": 0.0}",,,,0,0.0,False,,,,,,False
Austria,2024-10-26,Austria-specific public holiday / Saturday,2024-10-25T08:00:00+02:00,2024-10-25T06:00:00+00:00,2024-10-25T06:00:00+00:00,24,ordinary,enhanced_ordinary_arima_p3_d1_q1,,3,1,1,n,identity,False,,completed,,success,converged,True,True,True,True,True,7351,5,-49088.72325117471,98187.4465023494,98187.45467117174,98221.95878031044,1.3148731937551503,2.074943011736717,"[""DeprecationWarning: Setting the shape on a NumPy array has been deprecated in NumPy 2.5.\nAs an alternative, you can create a new view using np.reshape (with copy=False if needed).""]",[],0,7327,True,joint Ljung-Box and residual ACF rule,"{""1"": 0.0024998696823073426, ""2"": -0.04500355429123682, ""3"": -0.08549129960153436, ""4"": 0.07624476084771713, ""5"": 0.036866001005722765, ""6"": -0.1636387350987093, ""7"": -0.09973045760427257, ""8"": -0.021734925676998657, ""9"": -0.06266736042776169, ""10"": -0.1978530412001598, ""11"": 0.10117274870429656, ""12"": 0.03520337547162714, ""13"": 0.1048547004393255, ""14"": -0.20132394191910816, ""15"": -0.06391003134778593, ""16"": -0.03347525612144021, ""17"": -0.10155283048717112, ""18"": -0.1659695720589346, ""19"": 0.030250658627120303, ""20"": 0.07448191842886932, ""21"": -0.1085378924622714, ""22"": -0.0007985106125070474, ""23"": 0.04545788314004476, ""24"": 0.769307985173481, ""25"": 0.02393488828489597, ""26"": 0.009845148586932199, ""27"": -0.0981523880604251, ""28"": 0.07322812641633676, ""29"": 0.020053743743453183, ""30"": -0.16707036249627472, ""31"": -0.10633656309918235, ""32"": -0.009550596377050797, ""33"": -0.055585247168817666, ""34"": -0.180327555867858, ""35"": 0.10495954674823917, ""36"": 0.0182006745114603, ""37"": 0.11300289142157104, ""38"": -0.19119174373859216, ""39"": -0.0482786297382952, ""40"": -0.026567119313909805, ""41"": -0.10881930326002505, ""42"": -0.16355607298535588, ""43"": 0.026105702368161527, ""44"": 0.06523392120749816, ""45"": -0.09697570527652469, ""46"": 0.03277911326317554, ""47"": 0.022953884156070296, ""48"": 0.6837889871874842}","[3, 4, 6, 7, 9, 10, 11, 13, 14, 15, 17, 18, 20, 21, 24, 27, 28, 30, 31, 33, 34, 35, 37, 38, 41, 42, 44, 45, 48]","{""24"": 5990.064643780986, ""48"": 10980.490783809313}","{""24"": 0.0, ""48"": 0.0}",2225.939012158706,2298.388262335055,39.95231042597757,24,1.0,False,,,,,,False
Austria,2024-10-26,Austria-specific public holiday / Saturday,2024-10-25T08:00:00+02:00,2024-10-25T06:00:00+00:00,2024-10-25T06:00:00+00:00,24,ordinary,enhanced_ordinary_arima_p3_d1_q2,,3,1,2,n,identity,False,,completed,,success,converged,True,True,True,True,True,7351,6,-49086.2183373856,98184.4366747712,98184.44811267967,98225.85140832444,1.4222066951471015,2.626445839069469,"[""DeprecationWarning: Setting the shape on a NumPy array has been deprecated in NumPy 2.5.\nAs an alternative, you can create a new view using np.reshape (with copy=False if needed)."", ""UserWarning: Non-stationary starting autoregressive parameters found. Using zeros as starting parameters."", ""UserWarning: Non-invertible starting MA parameters found. Using zeros as starting parameters.""]",[],0,7327,True,joint Ljung-Box and residual ACF rule,"{""1"": -0.00821623352913033, ""2"": -0.03534368853323825, ""3"": -0.04513477807070404, ""4"": 0.045099034920479675, ""5"": 0.007268342024116958, ""6"": -0.18810389605056382, ""7"": -0.11969967345848682, ""8"": -0.01133136699191856, ""9"": -0.05812656583303869, ""10"": -0.17613589075350572, ""11"": 0.1167789801813405, ""12"": 0.04850104443409081, ""13"": 0.11945334968269665, ""14"": -0.18104438831459588, ""15"": -0.059884732447915555, ""16"": -0.023739843969708428, ""17"": -0.11914651714641168, ""18"": -0.19021618568742685, ""19"": 0.007214341451669136, ""20"": 0.05193906671784225, ""21"": -0.08022962968612432, ""22"": 0.00991260925886153, ""23"": 0.042830986760072826, ""24"": 0.7658779155991619, ""25"": 0.020347446539200738, ""26"": 0.02111587447469724, ""27"": -0.07146323057688367, ""28"": 0.047872591850113506, ""29"": -0.0015782024797821876, ""30"": -0.19080937333947004, ""31"": -0.123587451503268, ""32"": -0.0004606535274584269, ""33"": -0.0536111587867544, ""34"": -0.15987757962259558, ""35"": 0.12075734360187679, ""36"": 0.03158763405804126, ""37"": 0.1281304900830888, ""38"": -0.1729776802673662, ""39"": -0.04662253138290026, ""40"": -0.01710570649969735, ""41"": -0.1263314944371259, ""42"": -0.1855153021211269, ""43"": 0.00747533784897766, ""44"": 0.04264315101846358, ""45"": -0.07339561585009617, ""46"": 0.04352068193519532, ""47"": 0.021913658195363523, ""48"": 0.6816518286009523}","[6, 7, 9, 10, 11, 13, 14, 15, 17, 18, 20, 21, 24, 27, 30, 31, 33, 34, 35, 37, 38, 41, 42, 45, 48]","{""24"": 5916.182999464846, ""48"": 10911.19459326108}","{""24"": 0.0, ""48"": 0.0}",2375.12191336454,2443.31198332288,42.562796879290985,24,1.0,False,,,,,,False
Austria,2024-10-26,Austria-specific public holiday / Saturday,2024-10-25T08:00:00+02:00,2024-10-25T06:00:00+00:00,2024-10-25T06:00:00+00:00,24,ordinary,enhanced_ordinary_arima_p3_d1_q3,,3,1,3,n,identity,False,,completed,,success,converged,True,True,True,True,True,7351,7,-48713.09461250659,97440.18922501318,97440.20447763472,97488.50641415863,1.284050318291881,1.0117589388085622,"[""DeprecationWarning: Setting the shape on a NumPy array has been deprecated in NumPy 2.5.\nAs an alternative, you can create a new view using np.reshape (with copy=False if needed).""]",[],0,7327,True,joint Ljung-Box and residual ACF rule,"{""1"": -0.0023348606546107625, ""2"": -0.014316891863508912, ""3"": 0.020711703988976777, ""4"": 0.038740427480890786, ""5"": 0.024321338265604033, ""6"": -0.07574091058520635, ""7"": -0.05767538664346524, ""8"": 0.05206225553677278, ""9"": -0.000876672195842119, ""10"": -0.11700311360249635, ""11"": 0.15615824931381123, ""12"": 0.07726276209341701, ""13"": 0.1550528145942121, ""14"": -0.1275020226798472, ""15"": -0.018730942684248672, ""16"": 0.028477939445267598, ""17"": -0.07033207110629731, ""18"": -0.11472897819396426, ""19"": 0.019356391183623735, ""20"": 0.03872012264103253, ""21"": -0.05395515156933325, ""22"": 0.01072763993145139, ""23"": 0.02958064410236299, ""24"": 0.729831509806004, ""25"": 0.0046284524526195745, ""26"": 0.021630956407530374, ""27"": -0.05336282685338985, ""28"": 0.02151085501614245, ""29"": -0.00024495817303453677, ""30"": -0.1327981983715878, ""31"": -0.0944316428214328, ""32"": 0.029779855012665276, ""33"": -0.03849702969822448, ""34"": -0.13453549302933135, ""35"": 0.1260163996417938, ""36"": 0.024768775122165774, ""37"": 0.13089506337134751, ""38"": -0.15452105674144978, ""39"": -0.04221112281260225, ""40"": 0.0038604263651793704, ""41"": -0.11358540376792212, ""42"": -0.14807579738334364, ""43"": -0.004383832849207079, ""44"": 0.0010595809396147426, ""45"": -0.0802800978039328, ""46"": 0.018619187731440067, ""47"": -0.01945313338457245, ""48"": 0.6172632115721504}","[6, 7, 8, 10, 11, 12, 13, 14, 17, 18, 21, 24, 27, 30, 31, 34, 35, 37, 38, 41, 42, 45, 48]","{""24"": 4826.249660323767, ""48"": 8757.74335120624}","{""24"": 0.0, ""48"": 0.0}",1205.015360881104,1333.8425197867575,22.0950988717698,24,1.0,False,,,,,,False
Austria,2024-10-26,Austria-specific public holiday / Saturday,2024-10-25T08:00:00+02:00,2024-10-25T06:00:00+00:00,2024-10-25T06:00:00+00:00,24,ordinary,enhanced_ordinary_arima_p4_d1_q1,,4,1,1,n,identity,False,,completed,,success,converged,True,True,True,True,True,7351,6,-49088.539528122405,98189.0790562448,98189.09049415332,98230.49378979806,1.3199270974813553,2.121097942792701,"[""DeprecationWarning: Setting the shape on a NumPy array has been deprecated in NumPy 2.5.\nAs an alternative, you can create a new view using np.reshape (with copy=False if needed).""]",[],0,7327,True,joint Ljung-Box and residual ACF rule,"{""1"": 0.0017798996381506217, ""2"": -0.04449532816920191, ""3"": -0.08324564128318994, ""4"": 0.07477330704772552, ""5"": 0.035300058223182766, ""6"": -0.16549055300672955, ""7"": -0.10089269146835599, ""8"": -0.021186794580551897, ""9"": -0.06227226002405991, ""10"": -0.19662872810717122, ""11"": 0.10211660717971768, ""12"": 0.03609328863397452, ""13"": 0.10574389318433777, ""14"": -0.20019062044204958, ""15"": -0.06353607391957201, ""16"": -0.03294730389128882, ""17"": -0.10258898165764543, ""18"": -0.16768573528454273, ""19"": 0.02899822009718003, ""20"": 0.07342313530407626, ""21"": -0.10693444961698918, ""22"": -0.00022278382592348097, ""23"": 0.04522110248010463, ""24"": 0.7691636264943378, ""25"": 0.023634666205358604, ""26"": 0.010424728675028196, ""27"": -0.09664185884126711, ""28"": 0.0720204644202856, ""29"": 0.018872649389775578, ""30"": -0.16874239706188265, ""31"": -0.10735526889987948, ""32"": -0.009068539910554367, ""33"": -0.05534026971918163, ""34"": -0.17919102326147482, ""35"": 0.1059181359254616, ""36"": 0.01908808774332116, ""37"": 0.11392100055731828, ""38"": -0.19018387146826454, ""39"": -0.0480437255969369, ""40"": -0.026067493588552787, ""41"": -0.10983096510483845, ""42"": -0.16509313700642067, ""43"": 0.025076092382393913, ""44"": 0.06414890726336855, ""45"": -0.09564522323617504, ""46"": 0.033349297757531725, ""47"": 0.022825638367794027, ""48"": 0.683735738120315}","[3, 4, 6, 7, 9, 10, 11, 13, 14, 15, 17, 18, 20, 21, 24, 27, 28, 30, 31, 33, 34, 35, 37, 38, 41, 42, 44, 45, 48]","{""24"": 5985.603846056164, ""48"": 10976.490394643786}","{""24"": 0.0, ""48"": 0.0}",2234.5527921632784,2306.7514273140714,40.10311667125975,24,1.0,False,,,,,,False
Austria,2024-10-26,Austria-specific public holiday / Saturday,2024-10-25T08:00:00+02:00,2024-10-25T06:00:00+00:00,2024-10-25T06:00:00+00:00,24,ordinary,enhanced_ordinary_arima_p4_d1_q2,,4,1,2,n,identity,False,,completed,,success,converged,True,True,True,True,True,7351,7,-49048.18758602828,98110.37517205656,98110.3904246781,98158.69236120202,1.4891978168321698,1.265458661117009,"[""DeprecationWarning: Setting the shape on a NumPy array has been deprecated in NumPy 2.5.\nAs an alternative, you can create a new view using np.reshape (with copy=False if needed)."", ""UserWarning: Non-stationary starting autoregressive parameters found. Using zeros as starting parameters."", ""UserWarning: Non-invertible starting MA parameters found. Using zeros as starting parameters.""]",[],0,7327,True,joint Ljung-Box and residual ACF rule,"{""1"": -0.020885162398259622, ""2"": -0.02234230362707083, ""3"": -0.01832664154388647, ""4"": 0.039477128927345874, ""5"": -0.06986610626009698, ""6"": -0.1308922375877931, ""7"": -0.13829235052736347, ""8"": -0.037309442998561565, ""9"": -0.02530987390234402, ""10"": -0.17554170628940238, ""11"": 0.11885373429480817, ""12"": 0.05829936956377174, ""13"": 0.12148885814595087, ""14"": -0.17680148441547766, ""15"": -0.0382135087875179, ""16"": -0.041625759481388455, ""17"": -0.12964596380685264, ""18"": -0.15880733375249523, ""19"": -0.04456354148502426, ""20"": 0.05133105836589571, ""21"": -0.07176384863393791, ""22"": 0.028535321312081908, ""23"": 0.03924093250488323, ""24"": 0.7542802137022198, ""25"": 0.014656866732127223, ""26"": 0.043783305956035495, ""27"": -0.06580139959739303, ""28"": 0.04473651744394295, ""29"": -0.05044586114540861, ""30"": -0.16045671586013263, ""31"": -0.1343099824663991, ""32"": -0.01651807498675943, ""33"": -0.03559346952102759, ""34"": -0.15455020809749673, ""35"": 0.12671018485280508, ""36"": 0.03500737737942848, ""37"": 0.13433056469954666, ""38"": -0.16798074915787228, ""39"": -0.03232019031917076, ""40"": -0.029080830300770702, ""41"": -0.13677690564375286, ""42"": -0.161775693189927, ""43"": -0.03293739889739434, ""44"": 0.04096845002428772, ""45"": -0.07175803454172273, ""46"": 0.06620378225878065, ""47"": 0.018207088041941655, ""48"": 0.6684275519268483}","[5, 6, 7, 10, 11, 12, 13, 14, 17, 18, 20, 21, 24, 27, 29, 30, 31, 34, 35, 37, 38, 41, 42, 45, 46, 48]","{""24"": 5634.902147191927, ""48"": 10427.399684119999}","{""24"": 0.0, ""48"": 0.0}",2428.4946634518515,2495.233282797043,43.49633543061595,24,1.0,False,,,,,,False
Austria,2024-10-27,autumn-DST Sunday,2024-10-26T08:00:00+02:00,2024-10-26T06:00:00+00:00,2024-10-26T06:00:00+00:00,25,ordinary,enhanced_ordinary_arima_p1_d1_q1,,1,1,1,n,identity,False,,completed,,success,converged,True,True,True,True,True,7375,3,-49778.76433083525,99563.5286616705,99563.53191767375,99584.24580840688,1.5117936123089442,3.064594624274271,"[""DeprecationWarning: Setting the shape on a NumPy array has been deprecated in NumPy 2.5.\nAs an alternative, you can create a new view using np.reshape (with copy=False if needed).""]",[],0,7351,True,joint Ljung-Box and residual ACF rule,"{""1"": 0.07999411868535565, ""2"": 0.16506211304452323, ""3"": -0.24009461611853034, ""4"": -0.04912244402271436, ""5"": -0.15346257305928734, ""6"": -0.191403666234377, ""7"": -0.13937483257731598, ""8"": -0.10222974696846265, ""9"": -0.011138656131769885, ""10"": -0.10132754401288897, ""11"": 0.22585625364107684, ""12"": 0.09621917207042224, ""13"": 0.22480310032057368, ""14"": -0.1119831377176647, ""15"": -0.018550820825538026, ""16"": -0.11935946979695725, ""17"": -0.1402270157372826, ""18"": -0.19044538008015366, ""19"": -0.13566086288268753, ""20"": -0.031827143321798264, ""21"": -0.20892576682883243, ""22"": 0.16640425097127173, ""23"": 0.10072851185657924, ""24"": 0.8062563249976776, ""25"": 0.09009470756068373, ""26"": 0.1751688396073192, ""27"": -0.2078857252684782, ""28"": -0.0339135591968559, ""29"": -0.15380877001030338, ""30"": -0.19437975635323687, ""31"": -0.14714393850111962, ""32"": -0.09260946809862607, ""33"": -0.0041039812594042486, ""34"": -0.09021878694182525, ""35"": 0.22575567533624136, ""36"": 0.0798828480145942, ""37"": 0.2279922115035218, ""38"": -0.10730097051315893, ""39"": -0.005905437580970568, ""40"": -0.11499253854318199, ""41"": -0.14646310507904645, ""42"": -0.19088353623051774, ""43"": -0.13297921077631877, ""44"": -0.02206361890976533, ""45"": -0.1858841034968243, ""46"": 0.18214049420356784, ""47"": 0.0755587443181754, ""48"": 0.7300731945315351}","[1, 2, 3, 5, 6, 7, 8, 10, 11, 12, 13, 14, 16, 17, 18, 19, 21, 22, 23, 24, 25, 26, 27, 29, 30, 31, 32, 34, 35, 36, 37, 38, 40, 41, 42, 43, 45, 46, 47, 48]","{""24"": 8396.342403785588, ""48"": 15788.892098877883}","{""24"": 0.0, ""48"": 0.0}",1442.997009765956,1565.4652674527115,28.11653886686678,25,1.0,False,,,,,,False
Austria,2024-10-27,autumn-DST Sunday,2024-10-26T08:00:00+02:00,2024-10-26T06:00:00+00:00,2024-10-26T06:00:00+00:00,25,ordinary,enhanced_ordinary_arima_p1_d1_q2,,1,1,2,n,identity,False,,completed,,success,converged,True,True,True,True,True,7375,4,-49274.3840205733,98556.7680411466,98556.773468555,98584.39090346175,2.53790001844746,1.4105188028825288,"[""DeprecationWarning: Setting the shape on a NumPy array has been deprecated in NumPy 2.5.\nAs an alternative, you can create a new view using np.reshape (with copy=False if needed).""]",[],0,7351,True,joint Ljung-Box and residual ACF rule,"{""1"": 0.012816239862214564, ""2"": -0.009455378322421075, ""3"": 0.00204333341020598, ""4"": -0.05876692837563849, ""5"": -0.101910595975814, ""6"": -0.16925466692181906, ""7"": -0.1542584584122155, ""8"": -0.030565170333897735, ""9"": -0.035234637711276065, ""10"": -0.11997490133229274, ""11"": 0.15730433654486334, ""12"": 0.08731624608563697, ""13"": 0.15872740122985904, ""14"": -0.1269487251199983, ""15"": -0.04779511399975969, ""16"": -0.036334322334411834, ""17"": -0.14858229936312753, ""18"": -0.19123038726468203, ""19"": -0.07276116581958256, ""20"": -0.0261322710677713, ""21"": -0.05439950501138625, ""22"": 0.04058523951812731, ""23"": 0.07119661907436163, ""24"": 0.7554959842048543, ""25"": 0.0491304694983212, ""26"": 0.055976514725432115, ""27"": -0.0498833704009775, ""28"": -0.03617658384921137, ""29"": -0.07939329836267073, ""30"": -0.19439439240396542, ""31"": -0.1529860487433535, ""32"": -0.012850280263451867, ""33"": -0.041770970062458994, ""34"": -0.10450710050478026, ""35"": 0.1625798314351513, ""36"": 0.06744356469085566, ""37"": 0.1682034254339717, ""38"": -0.12227376075878421, ""39"": -0.040564108089119325, ""40"": -0.025896161084602, ""41"": -0.1581475049440888, ""42"": -0.19124952088333994, ""43"": -0.058704813491370245, ""44"": -0.0302033064978323, ""45"": -0.05391894902467362, ""46"": 0.07624384101324412, ""47"": 0.049413823956738274, ""48"": 0.6706334010095316}","[4, 5, 6, 7, 10, 11, 12, 13, 14, 17, 18, 19, 21, 23, 24, 26, 29, 30, 31, 34, 35, 36, 37, 38, 41, 42, 43, 45, 46, 48]","{""24"": 5939.245908029482, ""48"": 11065.952248625801}","{""24"": 0.0, ""48"": 0.0}",1137.344342993406,1286.0434319904182,22.416426142150097,25,1.0,False,,,,,,False
Austria,2024-10-27,autumn-DST Sunday,2024-10-26T08:00:00+02:00,2024-10-26T06:00:00+00:00,2024-10-26T06:00:00+00:00,25,ordinary,enhanced_ordinary_arima_p1_d1_q3,,1,1,3,n,identity,False,,completed,,success,converged,True,True,True,True,True,7375,5,-49264.60308085119,98539.20616170236,98539.21430391975,98573.73473959634,4.290854685105022,1.3860470974123311,"[""DeprecationWarning: Setting the shape on a NumPy array has been deprecated in NumPy 2.5.\nAs an alternative, you can create a new view using np.reshape (with copy=False if needed).""]",[],0,7351,True,joint Ljung-Box and residual ACF rule,"{""1"": 0.001100133923764224, ""2"": 0.001783158338798846, ""3"": 0.00823123618061757, ""4"": -0.027839843063028457, ""5"": -0.1211094774757591, ""6"": -0.17397724507092752, ""7"": -0.14314798483861002, ""8"": -0.04168776989773846, ""9"": -0.031167959862782778, ""10"": -0.12432353748984032, ""11"": 0.15136954139165346, ""12"": 0.07864044670661663, ""13"": 0.1566281581287951, ""14"": -0.13573849215123657, ""15"": -0.04318754313333968, ""16"": -0.0417083683525002, ""17"": -0.14321991394995368, ""18"": -0.19688702132764163, ""19"": -0.08395642409737841, ""20"": -0.0034947429337070153, ""21"": -0.05198174095527628, ""22"": 0.05258104778365785, ""23"": 0.06199949893828379, ""24"": 0.7543427324649402, ""25"": 0.03947346898246218, ""26"": 0.06756042882108715, ""27"": -0.04698489233812294, ""28"": -0.013584958982080255, ""29"": -0.09156503721297533, ""30"": -0.19694780054260044, ""31"": -0.14746482717250373, ""32"": -0.020316326773338594, ""33"": -0.03636036176431617, ""34"": -0.11280712174730731, ""35"": 0.15859918824992802, ""36"": 0.0614971629559665, ""37"": 0.16450954247775731, ""38"": -0.13129831725082713, ""39"": -0.03442986674425913, ""40"": -0.03205625594309182, ""41"": -0.15348594083562092, ""42"": -0.19470522940452342, ""43"": -0.0684230914765055, ""44"": -0.010547937010240852, ""45"": -0.05358692193890305, ""46"": 0.08830873901707183, ""47"": 0.040945066633463915, ""48"": 0.669648020703609}","[5, 6, 7, 10, 11, 12, 13, 14, 17, 18, 19, 21, 22, 23, 24, 26, 29, 30, 31, 34, 35, 36, 37, 38, 41, 42, 43, 45, 46, 48]","{""24"": 5934.183697125931, ""48"": 11070.56834326479}","{""24"": 0.0, ""48"": 0.0}",1071.562151748679,1223.1579956865985,21.17108952364842,25,1.0,False,,,,,,False
Austria,2024-10-27,autumn-DST Sunday,2024-10-26T08:00:00+02:00,2024-10-26T06:00:00+00:00,2024-10-26T06:00:00+00:00,25,ordinary,enhanced_ordinary_arima_p2_d1_q1,,2,1,1,n,identity,False,,completed,,success,converged,True,True,True,True,True,7375,4,-49260.9486547594,98529.8973095188,98529.9027369272,98557.52017183397,1.1481857961732238,1.6910322975252323,"[""DeprecationWarning: Setting the shape on a NumPy array has been deprecated in NumPy 2.5.\nAs an alternative, you can create a new view using np.reshape (with copy=False if needed).""]",[],0,7351,True,joint Ljung-Box and residual ACF rule,"{""1"": 0.046373813638368414, ""2"": -0.0002240048663488116, ""3"": -0.19566362493393108, ""4"": 0.10927656955755691, ""5"": 0.07220685251353684, ""6"": -0.03743985930836838, ""7"": -0.032849732974318195, ""8"": -0.04062504545108101, ""9"": -0.08437346366046748, ""10"": -0.2468799652743015, ""11"": 0.04707436712580562, ""12"": -0.03765258729642557, ""13"": 0.05037809077606127, ""14"": -0.2512360950753005, ""15"": -0.08912165346367269, ""16"": -0.06029624934974784, ""17"": -0.04600351533245318, ""18"": -0.05786276356206787, ""19"": 0.05664489814515633, ""20"": 0.09448171300344602, ""21"": -0.18822630924875597, ""22"": 0.022547470800071304, ""23"": 0.05892580763282897, ""24"": 0.7741119176226073, ""25"": 0.0455939755209124, ""26"": 0.036783284266919805, ""27"": -0.1746275563377372, ""28"": 0.10045174694480649, ""29"": 0.044953549782858565, ""30"": -0.06041525104511807, ""31"": -0.05002981530515916, ""32"": -0.03217121824833129, ""33"": -0.07156034890399994, ""34"": -0.22738168821481336, ""35"": 0.051676056182216434, ""36"": -0.051956262380093245, ""37"": 0.05915204286133376, ""38"": -0.236034649995948, ""39"": -0.0680703778253885, ""40"": -0.05335382590750551, ""41"": -0.05696859080380699, ""42"": -0.06713034123205408, ""43"": 0.045819495885266855, ""44"": 0.09143655616363237, ""45"": -0.16447768867693882, ""46"": 0.050843488273512656, ""47"": 0.02961133026239018, ""48"": 0.6849367746991619}","[3, 4, 5, 9, 10, 13, 14, 15, 16, 18, 19, 20, 21, 23, 24, 27, 28, 30, 31, 33, 34, 35, 36, 37, 38, 39, 40, 41, 42, 44, 45, 46, 48]","{""24"": 6392.090587155854, ""48"": 11570.018116359199}","{""24"": 0.0, ""48"": 0.0}",607.200652503487,748.4340876861908,12.045650472379934,25,1.0,False,,,,,,False
Austria,2024-10-27,autumn-DST Sunday,2024-10-26T08:00:00+02:00,2024-10-26T06:00:00+00:00,2024-10-26T06:00:00+00:00,25,ordinary,enhanced_ordinary_arima_p2_d1_q2,,2,1,2,n,identity,False,,completed,,success,converged,True,True,True,True,True,7375,5,-49127.67737593451,98265.35475186902,98265.3628940864,98299.883329763,1.1396517291892667,1.074663148702,"[""DeprecationWarning: Setting the shape on a NumPy array has been deprecated in NumPy 2.5.\nAs an alternative, you can create a new view using np.reshape (with copy=False if needed).""]",[],0,7351,True,joint Ljung-Box and residual ACF rule,"{""1"": 0.029861525384696552, ""2"": 0.10147508505332745, ""3"": -0.1908052784736566, ""4"": 0.0832093978460235, ""5"": 0.026443454664621627, ""6"": -0.03910760212189927, ""7"": -0.011299318850291711, ""8"": -0.01131655790543797, ""9"": -0.0029995257572569736, ""10"": -0.15797869130466258, ""11"": 0.14753790008358247, ""12"": 0.01909676827112502, ""13"": 0.1437678894764916, ""14"": -0.175644891655401, ""15"": -0.023550588730372274, ""16"": -0.049690798304674606, ""17"": -0.04201832508785505, ""18"": -0.07637542420048629, ""19"": -0.0019116759116458862, ""20"": 0.0539127986835908, ""21"": -0.20436205662305834, ""22"": 0.0798327396742813, ""23"": 0.02016089570391252, ""24"": 0.7541723588625634, ""25"": 0.007019385510284284, ""26"": 0.09004019710101889, ""27"": -0.20046759082652346, ""28"": 0.05088880210882877, ""29"": -0.024428862534673423, ""30"": -0.0893870742815755, ""31"": -0.06153517085544772, ""32"": -0.03837937058785975, ""33"": -0.028235539174664065, ""34"": -0.17533977072720394, ""35"": 0.11924576929737228, ""36"": -0.025767150481726776, ""37"": 0.12207842046594841, ""38"": -0.19358552729408626, ""39"": -0.03385736148410248, ""40"": -0.07058322077515046, ""41"": -0.07674516010093965, ""42"": -0.10592096196869953, ""43"": -0.029332694526153957, ""44"": 0.0350420919768993, ""45"": -0.20215369417135895, ""46"": 0.08294929654211304, ""47"": -0.02356379932514651, ""48"": 0.6545246851637385}","[2, 3, 4, 10, 11, 13, 14, 18, 20, 21, 22, 24, 26, 27, 28, 30, 31, 34, 35, 37, 38, 40, 41, 42, 45, 46, 48]","{""24"": 5799.289329492839, ""48"": 10722.883602572618}","{""24"": 0.0, ""48"": 0.0}",994.6144188547556,1150.271285250123,19.7134510614121,25,1.0,False,,,,,,False
Austria,2024-10-27,autumn-DST Sunday,2024-10-26T08:00:00+02:00,2024-10-26T06:00:00+00:00,2024-10-26T06:00:00+00:00,25,ordinary,enhanced_ordinary_arima_p2_d1_q3,,2,1,3,n,identity,False,,failed,MA roots fail invertibility threshold,success,converged,True,True,True,True,False,7375,6,-48881.0272983642,97774.0545967284,97774.06599737986,97815.48889020116,1.3781232291070689,1.0088514857276638,"[""DeprecationWarning: Setting the shape on a NumPy array has been deprecated in NumPy 2.5.\nAs an alternative, you can create a new view using np.reshape (with copy=False if needed).""]",[],0,7351,True,joint Ljung-Box and residual ACF rule,"{""1"": -0.015995022968750133, ""2"": -0.004569367384356947, ""3"": 0.02246376985804886, ""4"": 0.06852239046672207, ""5"": -0.0009272002877099834, ""6"": -0.0965207830637824, ""7"": -0.05861101531415223, ""8"": 0.03857064341969813, ""9"": 0.00018661009549155924, ""10"": -0.12729206643535962, ""11"": 0.15132404889643608, ""12"": 0.0702556618608751, ""13"": 0.1511011359827677, ""14"": -0.14032998398669413, ""15"": -0.015533525062883696, ""16"": 0.020532711084440512, ""17"": -0.07349819395159574, ""18"": -0.1312884826943408, ""19"": 0.0027934268271443325, ""20"": 0.062238990306213944, ""21"": -0.051312197741276155, ""22"": 0.024012904697411627, ""23"": 0.02188191081735492, ""24"": 0.7337015335122608, ""25"": -0.002534820596506968, ""26"": 0.03513107391051969, ""27"": -0.049991583012187535, ""28"": 0.04705539350811915, ""29"": -0.015154341411075077, ""30"": -0.14490553349605717, ""31"": -0.09441803329730972, ""32"": 0.023262065339541803, ""33"": -0.031546671529202576, ""34"": -0.14321853646698635, ""35"": 0.12708689341279955, ""36"": 0.024141233258759026, ""37"": 0.13081489482366623, ""38"": -0.163528950459375, ""39"": -0.03403907399793565, ""40"": -0.0003867748079925633, ""41"": -0.11261155614838711, ""42"": -0.1576123297925701, ""43"": -0.015745061827054707, ""44"": 0.025431719543017605, ""45"": -0.0763608172754123, ""46"": 0.03522487181853773, ""47"": -0.022707656532029667, ""48"": 0.6256768818568088}","[4, 6, 7, 10, 11, 12, 13, 14, 17, 18, 20, 21, 24, 30, 31, 34, 35, 37, 38, 41, 42, 45, 48]","{""24"": 4981.41452530489, ""48"": 9104.73831425545}","{""24"": 0.0, ""48"": 0.0}",,,,0,0.0,False,,,,,,False
Austria,2024-10-27,autumn-DST Sunday,2024-10-26T08:00:00+02:00,2024-10-26T06:00:00+00:00,2024-10-26T06:00:00+00:00,25,ordinary,enhanced_ordinary_arima_p3_d1_q1,,3,1,1,n,identity,False,,completed,,success,converged,True,True,True,True,True,7375,5,-49243.69650567721,98497.39301135442,98497.40115357182,98531.9215892484,1.3147935784414624,2.0723939566949943,"[""DeprecationWarning: Setting the shape on a NumPy array has been deprecated in NumPy 2.5.\nAs an alternative, you can create a new view using np.reshape (with copy=False if needed).""]",[],0,7351,True,joint Ljung-Box and residual ACF rule,"{""1"": 0.0026202175707611677, ""2"": -0.04503579615905812, ""3"": -0.08584590283068685, ""4"": 0.07664620535310172, ""5"": 0.03713777533428036, ""6"": -0.16380115328745967, ""7"": -0.09962423397263377, ""8"": -0.022120611210861056, ""9"": -0.062413592123102796, ""10"": -0.19752346299138132, ""11"": 0.10167264421007342, ""12"": 0.03508664468510612, ""13"": 0.10412331322182818, ""14"": -0.20166374437946796, ""15"": -0.06394524622602946, ""16"": -0.033393771920584445, ""17"": -0.10163514208655093, ""18"": -0.16592750419795627, ""19"": 0.029593724620112245, ""20"": 0.07441317959436773, ""21"": -0.10836027681883442, ""22"": -0.0006788957723658597, ""23"": 0.04520725895458596, ""24"": 0.7693590300172696, ""25"": 0.02480636350781312, ""26"": 0.010292980774101342, ""27"": -0.09865104028681042, ""28"": 0.0738161143017782, ""29"": 0.02033593431458436, ""30"": -0.16740994293220918, ""31"": -0.10624549407529696, ""32"": -0.009864862576244245, ""33"": -0.05508188958362479, ""34"": -0.1805078322578363, ""35"": 0.10550098531418468, ""36"": 0.018058132053493724, ""37"": 0.11259644521247096, ""38"": -0.19190735489402266, ""39"": -0.04844618695402635, ""40"": -0.026261271437016353, ""41"": -0.10901121639157507, ""42"": -0.16337836940595885, ""43"": 0.025227874684524167, ""44"": 0.06539633744776967, ""45"": -0.09713573046399888, ""46"": 0.032828485687075644, ""47"": 0.022834881816179882, ""48"": 0.6843532065107086}","[3, 4, 6, 7, 9, 10, 11, 13, 14, 15, 17, 18, 20, 21, 24, 27, 28, 30, 31, 33, 34, 35, 37, 38, 41, 42, 44, 45, 48]","{""24"": 6010.207241447744, ""48"": 11027.294812971471}","{""24"": 0.0, ""48"": 0.0}",777.2608631089864,924.8727651797344,15.467148811002826,25,1.0,False,,,,,,False
Austria,2024-10-27,autumn-DST Sunday,2024-10-26T08:00:00+02:00,2024-10-26T06:00:00+00:00,2024-10-26T06:00:00+00:00,25,ordinary,enhanced_ordinary_arima_p3_d1_q2,,3,1,2,n,identity,False,,completed,,success,converged,True,True,True,True,True,7375,6,-49240.94494668224,98493.88989336448,98493.90129401594,98535.32418683724,1.4263258785455537,2.582179262823338,"[""DeprecationWarning: Setting the shape on a NumPy array has been deprecated in NumPy 2.5.\nAs an alternative, you can create a new view using np.reshape (with copy=False if needed)."", ""UserWarning: Non-stationary starting autoregressive parameters found. Using zeros as starting parameters."", ""UserWarning: Non-invertible starting MA parameters found. Using zeros as starting parameters.""]",[],0,7351,True,joint Ljung-Box and residual ACF rule,"{""1"": -0.008372630898892132, ""2"": -0.03503561394595753, ""3"": -0.04405070686760796, ""4"": 0.04428080624212664, ""5"": 0.006345203182246637, ""6"": -0.18888622149639522, ""7"": -0.12025327737264585, ""8"": -0.011307324175970619, ""9"": -0.05779111810162298, ""10"": -0.17513190417258803, ""11"": 0.11777887735313369, ""12"": 0.048778934287201745, ""13"": 0.11919704121856951, ""14"": -0.1806632894887194, ""15"": -0.059832880182764024, ""16"": -0.02336487472954773, ""17"": -0.1198210499356731, ""18"": -0.1907720167979459, ""19"": 0.005795160140913795, ""20"": 0.050998540340286315, ""21"": -0.07916730790362658, ""22"": 0.01040238967448097, ""23"": 0.042629217475459454, ""24"": 0.7657795039903262, ""25"": 0.021177816158470676, ""26"": 0.021968525500012895, ""27"": -0.07103958645436922, ""28"": 0.047469820341324034, ""29"": -0.00218024745355023, ""30"": -0.1918583989470694, ""31"": -0.12406189222430934, ""32"": -0.000397195489162428, ""33"": -0.0531178609275369, ""34"": -0.15937870205367705, ""35"": 0.12180441963533471, ""36"": 0.031840709114230405, ""37"": 0.12820763041925817, ""38"": -0.17303282802516146, ""39"": -0.046752006979235664, ""40"": -0.01648705627691995, ""41"": -0.12713322269288777, ""42"": -0.18588447641045974, ""43"": 0.006018626578134392, ""44"": 0.041954293086599106, ""45"": -0.07277579545293206, ""46"": 0.04396036968876293, ""47"": 0.0218247141132639, ""48"": 0.6820129032023869}","[6, 7, 9, 10, 11, 13, 14, 15, 17, 18, 20, 21, 24, 27, 30, 31, 33, 34, 35, 37, 38, 41, 42, 45, 48]","{""24"": 5934.0490254649485, ""48"": 10954.78480646154}","{""24"": 0.0, ""48"": 0.0}",847.7635950950279,996.9731430930864,16.84984934606962,25,1.0,False,,,,,,False
Austria,2024-10-27,autumn-DST Sunday,2024-10-26T08:00:00+02:00,2024-10-26T06:00:00+00:00,2024-10-26T06:00:00+00:00,25,ordinary,enhanced_ordinary_arima_p3_d1_q3,,3,1,3,n,identity,False,,completed,,success,converged,True,True,True,True,True,7375,7,-48866.53388296506,97747.06776593011,97747.0829688621,97795.40777498168,1.2848259897948442,1.011357721858493,"[""DeprecationWarning: Setting the shape on a NumPy array has been deprecated in NumPy 2.5.\nAs an alternative, you can create a new view using np.reshape (with copy=False if needed).""]",[],0,7351,True,joint Ljung-Box and residual ACF rule,"{""1"": -0.002376425560699653, ""2"": -0.01414079605577006, ""3"": 0.020855022757321307, ""4"": 0.03872760987078915, ""5"": 0.02406686854084549, ""6"": -0.07594342412059273, ""7"": -0.05764036506212733, ""8"": 0.05193574366613298, ""9"": -0.0004005753324736564, ""10"": -0.11644572814644799, ""11"": 0.15690886813233812, ""12"": 0.07731631730930925, ""13"": 0.15437292706083713, ""14"": -0.12770346102652275, ""15"": -0.018705364042074207, ""16"": 0.028425713752078054, ""17"": -0.07061265887716334, ""18"": -0.11473664798367195, ""19"": 0.018559633969999798, ""20"": 0.038375061047857095, ""21"": -0.053803286497766036, ""22"": 0.011026624678379926, ""23"": 0.029341434222318455, ""24"": 0.7296756272552252, ""25"": 0.005229465165808498, ""26"": 0.02223764080783765, ""27"": -0.053476360275823934, ""28"": 0.021874541605824166, ""29"": -0.00022417214444154303, ""30"": -0.1331427902332285, ""31"": -0.09419818308089882, ""32"": 0.029913243235784995, ""33"": -0.03775953837831806, ""34"": -0.13429389353094962, ""35"": 0.12690495799468138, ""36"": 0.024795270072688717, ""37"": 0.13056257944197355, ""38"": -0.15499656610773171, ""39"": -0.04227628696391028, ""40"": 0.004142595514913312, ""41"": -0.11391015301670833, ""42"": -0.14793208544619463, ""43"": -0.005217612208440932, ""44"": 0.0009835942212139714, ""45"": -0.08039844279482902, ""46"": 0.018900396392391928, ""47"": -0.019642261252580433, ""48"": 0.6175720439554928}","[6, 7, 8, 10, 11, 12, 13, 14, 17, 18, 21, 24, 27, 30, 31, 34, 35, 37, 38, 41, 42, 45, 48]","{""24"": 4839.676265611207, ""48"": 8789.484843717622}","{""24"": 0.0, ""48"": 0.0}",1358.6403466595602,1486.7432751222204,26.5396140073811,25,1.0,False,,,,,,False
Austria,2024-10-27,autumn-DST Sunday,2024-10-26T08:00:00+02:00,2024-10-26T06:00:00+00:00,2024-10-26T06:00:00+00:00,25,ordinary,enhanced_ordinary_arima_p4_d1_q1,,4,1,1,n,identity,False,,completed,,success,converged,True,True,True,True,True,7375,6,-49243.49669703136,98498.99339406272,98499.00479471416,98540.42768753548,1.3202270021163995,2.121767359991428,"[""DeprecationWarning: Setting the shape on a NumPy array has been deprecated in NumPy 2.5.\nAs an alternative, you can create a new view using np.reshape (with copy=False if needed).""]",[],0,7351,True,joint Ljung-Box and residual ACF rule,"{""1"": 0.0018390228575115328, ""2"": -0.044496526322323114, ""3"": -0.08342725586759443, ""4"": 0.0750590968551058, ""5"": 0.03545137074060428, ""6"": -0.16580018294629967, ""7"": -0.1008702486519587, ""8"": -0.021524714349527855, ""9"": -0.06198690676721091, ""10"": -0.19620889978170586, ""11"": 0.10268965762027206, ""12"": 0.03604746244201659, ""13"": 0.10508285380796316, ""14"": -0.20044174493173142, ""15"": -0.06353889532977962, ""16"": -0.03282399566524408, ""17"": -0.10274682822406356, ""18"": -0.16777373109522958, ""19"": 0.028253300676370746, ""20"": 0.07327182771057089, ""21"": -0.10663920041489332, ""22"": -6.63207292967477e-05, ""23"": 0.044950900708921285, ""24"": 0.7692024156085222, ""25"": 0.024478457689868244, ""26"": 0.010910242858625553, ""27"": -0.09702545592595246, ""28"": 0.07251422995348974, ""29"": 0.01906246588174612, ""30"": -0.16921620995908923, ""31"": -0.1073386313756171, ""32"": -0.009339519550520902, ""33"": -0.05481682325048892, ""34"": -0.17928616334445033, ""35"": 0.10653422142568385, ""36"": 0.019015485267157035, ""37"": 0.11358701078902754, ""38"": -0.1908203565882294, ""39"": -0.04818787890119729, ""40"": -0.02572076127255779, ""41"": -0.11009763994251673, ""42"": -0.1650317682276062, ""43"": 0.024127881728957256, ""44"": 0.06422784173579311, ""45"": -0.09570525199307166, ""46"": 0.0334364789012212, ""47"": 0.022692555178907836, ""48"": 0.684289193811949}","[3, 4, 6, 7, 9, 10, 11, 13, 14, 15, 17, 18, 20, 21, 24, 27, 28, 30, 31, 33, 34, 35, 37, 38, 41, 42, 44, 45, 48]","{""24"": 6005.391114674226, ""48"": 11022.892626266086}","{""24"": 0.0, ""48"": 0.0}",781.5078478122837,929.1237159049826,15.550477958946626,25,1.0,False,,,,,,False
Austria,2024-10-27,autumn-DST Sunday,2024-10-26T08:00:00+02:00,2024-10-26T06:00:00+00:00,2024-10-26T06:00:00+00:00,25,ordinary,enhanced_ordinary_arima_p4_d1_q2,,4,1,2,n,identity,False,,completed,,success,converged,True,True,True,True,True,7375,7,-49202.54142345256,98419.08284690512,98419.0980498371,98467.42285595668,1.4890499560822024,1.2654353484422085,"[""DeprecationWarning: Setting the shape on a NumPy array has been deprecated in NumPy 2.5.\nAs an alternative, you can create a new view using np.reshape (with copy=False if needed)."", ""UserWarning: Non-stationary starting autoregressive parameters found. Using zeros as starting parameters."", ""UserWarning: Non-invertible starting MA parameters found. Using zeros as starting parameters.""]",[],0,7351,True,joint Ljung-Box and residual ACF rule,"{""1"": -0.020849036927331626, ""2"": -0.02240812257383243, ""3"": -0.018323164212471512, ""4"": 0.03950305673893852, ""5"": -0.06975466311324431, ""6"": -0.1311072493164085, ""7"": -0.13832363232468575, ""8"": -0.037421387700843446, ""9"": -0.025089508816827432, ""10"": -0.1752350810001328, ""11"": 0.1194080356132968, ""12"": 0.058267227760153466, ""13"": 0.12071122089048103, ""14"": -0.17692482627443268, ""15"": -0.038255880162693094, ""16"": -0.04149819147131712, ""17"": -0.12984738839072352, ""18"": -0.15870623881653215, ""19"": -0.045131144940883834, ""20"": 0.05111182537353095, ""21"": -0.07163948740066985, ""22"": 0.028652547618084133, ""23"": 0.0391190038699551, ""24"": 0.7542437994100754, ""25"": 0.015486151776205931, ""26"": 0.04421633317328535, ""27"": -0.06606579972683338, ""28"": 0.04500621523923843, ""29"": -0.05028574139243799, ""30"": -0.16097157252394126, ""31"": -0.13427317493335664, ""32"": -0.01656666234562427, ""33"": -0.03519179730715828, ""34"": -0.15464239431646884, ""35"": 0.1273011115247607, ""36"": 0.03491829725466851, ""37"": 0.1338535384382086, ""38"": -0.1684575470773966, ""39"": -0.03247360465481673, ""40"": -0.028697467799265002, ""41"": -0.1371184625349525, ""42"": -0.16152092101866822, ""43"": -0.03367845535747572, ""44"": 0.04097392070876699, ""45"": -0.07190606702633222, ""46"": 0.06634276542639769, ""47"": 0.01804954407538171, ""48"": 0.6688078517419193}","[5, 6, 7, 10, 11, 12, 13, 14, 17, 18, 20, 21, 24, 27, 29, 30, 31, 34, 35, 37, 38, 41, 42, 45, 46, 48]","{""24"": 5652.503084348956, ""48"": 10468.22193797171}","{""24"": 0.0, ""48"": 0.0}",868.7912729936897,1019.0819947286416,17.26208899914004,25,1.0,False,,,,,,False
Austria,2024-11-11,Monday,2024-11-10T08:00:00+01:00,2024-11-10T07:00:00+00:00,2024-11-10T07:00:00+00:00,24,ordinary,enhanced_ordinary_arima_p1_d1_q1,,1,1,1,n,identity,False,,completed,,success,converged,True,True,True,True,True,7736,3,-52240.67655090106,104487.35310180212,104487.35620578556,104508.21363409114,1.5156786168778758,3.039388440187242,"[""DeprecationWarning: Setting the shape on a NumPy array has been deprecated in NumPy 2.5.\nAs an alternative, you can create a new view using np.reshape (with copy=False if needed).""]",[],0,7712,True,joint Ljung-Box and residual ACF rule,"{""1"": 0.08045800592204336, ""2"": 0.1639791524001915, ""3"": -0.24181722242429277, ""4"": -0.05306146976971289, ""5"": -0.15067682221748324, ""6"": -0.1927190216846292, ""7"": -0.13614175776171453, ""8"": -0.10000441147514842, ""9"": -0.004520020595562977, ""10"": -0.09744192263783254, ""11"": 0.22038089176777148, ""12"": 0.08431179245676614, ""13"": 0.2194210259371403, ""14"": -0.10699761237292528, ""15"": -0.012728775628848337, ""16"": -0.11604797172772564, ""17"": -0.13832164940170688, ""18"": -0.19117812584936253, ""19"": -0.13414489998965545, ""20"": -0.035427732471303264, ""21"": -0.21072720518574067, ""22"": 0.16387963371361264, ""23"": 0.10166969393309548, ""24"": 0.8085851308266047, ""25"": 0.09252348622447933, ""26"": 0.1730654629490955, ""27"": -0.20993956157136473, ""28"": -0.03755783617088554, ""29"": -0.1516713203507277, ""30"": -0.19497958905549384, ""31"": -0.14472969604132913, ""32"": -0.09185488461130191, ""33"": 0.003171091119686079, ""34"": -0.08633947809301198, ""35"": 0.22099654610726913, ""36"": 0.06832524111240945, ""37"": 0.2222856537192884, ""38"": -0.10175526989655166, ""39"": -0.002105665545584392, ""40"": -0.11019760773754679, ""41"": -0.14579986750794952, ""42"": -0.19094403456671624, ""43"": -0.1328977970806029, ""44"": -0.02529533381826441, ""45"": -0.18770671922939955, ""46"": 0.17863592904293693, ""47"": 0.07743791775688763, ""48"": 0.7310710821749005}","[1, 2, 3, 4, 5, 6, 7, 8, 10, 11, 12, 13, 14, 16, 17, 18, 19, 21, 22, 23, 24, 25, 26, 27, 29, 30, 31, 32, 34, 35, 36, 37, 38, 40, 41, 42, 43, 45, 46, 47, 48]","{""24"": 8752.00235564617, ""48"": 16438.124649457794}","{""24"": 0.0, ""48"": 0.0}",1610.435994538997,1780.1632408703404,19.77929341723633,24,1.0,False,,,,,,False
Austria,2024-11-11,Monday,2024-11-10T08:00:00+01:00,2024-11-10T07:00:00+00:00,2024-11-10T07:00:00+00:00,24,ordinary,enhanced_ordinary_arima_p1_d1_q2,,1,1,2,n,identity,False,,completed,,success,converged,True,True,True,True,True,7736,4,-51706.39000479056,103420.78000958113,103420.78518355604,103448.59405263315,2.5523860647178944,1.4048182815139971,"[""DeprecationWarning: Setting the shape on a NumPy array has been deprecated in NumPy 2.5.\nAs an alternative, you can create a new view using np.reshape (with copy=False if needed).""]",[],0,7712,True,joint Ljung-Box and residual ACF rule,"{""1"": 0.013541886822138938, ""2"": -0.011538786141432418, ""3"": 0.001823916272163133, ""4"": -0.06303249124155912, ""5"": -0.09893612013396358, ""6"": -0.17002869898199377, ""7"": -0.1524551961953003, ""8"": -0.028882019268173346, ""9"": -0.03228394436326366, ""10"": -0.11417785429324628, ""11"": 0.15383870152763732, ""12"": 0.07648830913951436, ""13"": 0.15540867045867413, ""14"": -0.12025445879994587, ""15"": -0.04586452533712124, ""16"": -0.03386172843217869, ""17"": -0.14741440326927183, ""18"": -0.19189539802385946, ""19"": -0.07092049601296568, ""20"": -0.029751623729014656, ""21"": -0.054397813399796414, ""22"": 0.03735364615883543, ""23"": 0.07166147499711525, ""24"": 0.7579767190893928, ""25"": 0.051625190074993846, ""26"": 0.052417605149876555, ""27"": -0.05027401721780347, ""28"": -0.039293451453094416, ""29"": -0.07771417169274238, ""30"": -0.19410343246263462, ""31"": -0.151494283472267, ""32"": -0.013150433373338287, ""33"": -0.03781988096265663, ""34"": -0.09848367396732416, ""35"": 0.15923579088734935, ""36"": 0.0564535700165122, ""37"": 0.16529389197357483, ""38"": -0.11533575801747045, ""39"": -0.04079809995674857, ""40"": -0.02186013309504485, ""41"": -0.15774424647439336, ""42"": -0.19210167615573875, ""43"": -0.057708467153899455, ""44"": -0.033429228611582894, ""45"": -0.054257851675718734, ""46"": 0.0728689235141294, ""47"": 0.05039757208660904, ""48"": 0.6718798847195424}","[4, 5, 6, 7, 10, 11, 12, 13, 14, 17, 18, 19, 21, 23, 24, 25, 26, 27, 29, 30, 31, 34, 35, 36, 37, 38, 41, 42, 43, 45, 46, 47, 48]","{""24"": 6195.670989638393, ""48"": 11527.193874959929}","{""24"": 0.0, ""48"": 0.0}",1739.9489318484773,1959.91366093052,20.904073457957733,24,1.0,False,,,,,,False
Austria,2024-11-11,Monday,2024-11-10T08:00:00+01:00,2024-11-10T07:00:00+00:00,2024-11-10T07:00:00+00:00,24,ordinary,enhanced_ordinary_arima_p1_d1_q3,,1,1,3,n,identity,False,,completed,,success,converged,True,True,True,True,True,7736,5,-51694.38493441249,103398.76986882498,103398.77763079134,103433.53742264002,4.677921431305166,1.375174371364259,"[""DeprecationWarning: Setting the shape on a NumPy array has been deprecated in NumPy 2.5.\nAs an alternative, you can create a new view using np.reshape (with copy=False if needed).""]",[],0,7712,True,joint Ljung-Box and residual ACF rule,"{""1"": 0.0009195019243293768, ""2"": 0.0017108080613177279, ""3"": 0.008639397883734148, ""4"": -0.029873229192189904, ""5"": -0.1208472573333339, ""6"": -0.1747440602836026, ""7"": -0.13999907633256176, ""8"": -0.04235335063958718, ""9"": -0.028055966287632093, ""10"": -0.11850062771270961, ""11"": 0.14790134526283996, ""12"": 0.06730423313764611, ""13"": 0.1537965037203186, ""14"": -0.12956119768795676, ""15"": -0.041251444898131345, ""16"": -0.04084144034573934, ""17"": -0.14126502583019804, ""18"": -0.19777233307197822, ""19"": -0.08402769543576816, ""20"": -0.005439372241277537, ""21"": -0.051613479955770744, ""22"": 0.051260465538468414, ""23"": 0.061791909455335615, ""24"": 0.7566838078559863, ""25"": 0.041176411407776545, ""26"": 0.06591794527592464, ""27"": -0.04694447322186928, ""28"": -0.015080653999191836, ""29"": -0.09181025708072484, ""30"": -0.19664326352905512, ""31"": -0.1451173567367148, ""32"": -0.022472975215676153, ""33"": -0.03217371910162397, ""34"": -0.10715424405405935, ""35"": 0.1553540552157848, ""36"": 0.05025545751373868, ""37"": 0.16195887490641755, ""38"": -0.12490584552517153, ""39"": -0.03458661966978237, ""40"": -0.029580292953410536, ""41"": -0.15247976032321167, ""42"": -0.1955898351797054, ""43"": -0.06918742864901173, ""44"": -0.012278061410590796, ""45"": -0.05374471979542273, ""46"": 0.08674754348553948, ""47"": 0.0414492446605129, ""48"": 0.670710245908782}","[5, 6, 7, 10, 11, 12, 13, 14, 17, 18, 19, 21, 22, 23, 24, 26, 29, 30, 31, 34, 35, 36, 37, 38, 41, 42, 43, 45, 46, 48]","{""24"": 6190.811380373759, ""48"": 11533.400498102192}","{""24"": 0.0, ""48"": 0.0}",1775.4148694078267,2002.9836836560123,21.25434136934741,24,1.0,False,,,,,,False
Austria,2024-11-11,Monday,2024-11-10T08:00:00+01:00,2024-11-10T07:00:00+00:00,2024-11-10T07:00:00+00:00,24,ordinary,enhanced_ordinary_arima_p2_d1_q1,,2,1,1,n,identity,False,,completed,,success,converged,True,True,True,True,True,7736,4,-51698.97692813634,103405.95385627268,103405.95903024758,103433.76789932472,1.1517451525103115,1.7335517523041617,"[""DeprecationWarning: Setting the shape on a NumPy array has been deprecated in NumPy 2.5.\nAs an alternative, you can create a new view using np.reshape (with copy=False if needed).""]",[],0,7712,True,joint Ljung-Box and residual ACF rule,"{""1"": 0.04417359696978159, ""2"": -3.310987240517076e-06, ""3"": -0.19529197551520905, ""4"": 0.10791876656400036, ""5"": 0.07486209372975132, ""6"": -0.042396671992423134, ""7"": -0.03537658473184426, ""8"": -0.0415948303970827, ""9"": -0.0769495833614085, ""10"": -0.23977711785562983, ""11"": 0.04359597492149062, ""12"": -0.05022399166521017, ""13"": 0.047155847800006694, ""14"": -0.24302028457944613, ""15"": -0.08221998342713004, ""16"": -0.05990280784934626, ""17"": -0.04901039087521547, ""18"": -0.06169860798395929, ""19"": 0.05866591640176396, ""20"": 0.09394643393955589, ""21"": -0.18792143748227555, ""22"": 0.02109606605598462, ""23"": 0.058057048788473516, ""24"": 0.7774662377213372, ""25"": 0.04651455915374267, ""26"": 0.035452357495303864, ""27"": -0.17550897817250563, ""28"": 0.09954513711483096, ""29"": 0.047998104574280026, ""30"": -0.06306440491679796, ""31"": -0.05241690569031314, ""32"": -0.03429068715474883, ""33"": -0.06321816293672294, ""34"": -0.2201523864212606, ""35"": 0.04866521169720169, ""36"": -0.0646342528273152, ""37"": 0.0554406911648151, ""38"": -0.22787772596183156, ""39"": -0.06342900201426517, ""40"": -0.05139316789043521, ""41"": -0.06054597109796794, ""42"": -0.07015165001355424, ""43"": 0.046585117849661406, ""44"": 0.09129578622467342, ""45"": -0.16405844997676292, ""46"": 0.04882361177875739, ""47"": 0.029809705400971605, ""48"": 0.6874266666604324}","[3, 4, 5, 9, 10, 12, 14, 15, 16, 18, 19, 20, 21, 23, 24, 27, 28, 30, 31, 33, 34, 36, 37, 38, 39, 40, 41, 42, 44, 45, 48]","{""24"": 6679.847927974173, ""48"": 12086.255546502436}","{""24"": 0.0, ""48"": 0.0}",2043.0111668507616,2350.9657856277886,23.90741399711369,24,1.0,False,,,,,,False
Austria,2024-11-11,Monday,2024-11-10T08:00:00+01:00,2024-11-10T07:00:00+00:00,2024-11-10T07:00:00+00:00,24,ordinary,enhanced_ordinary_arima_p2_d1_q2,,2,1,2,n,identity,False,,completed,,success,converged,True,True,True,True,True,7736,5,-51558.821113053535,103127.64222610708,103127.64998807343,103162.4097799221,1.1408253021918031,1.075131836355686,"[""DeprecationWarning: Setting the shape on a NumPy array has been deprecated in NumPy 2.5.\nAs an alternative, you can create a new view using np.reshape (with copy=False if needed).""]",[],0,7712,True,joint Ljung-Box and residual ACF rule,"{""1"": 0.030553100669862703, ""2"": 0.10171094868104874, ""3"": -0.19140575492002718, ""4"": 0.0799961733940376, ""5"": 0.029647771082393394, ""6"": -0.041382275333239814, ""7"": -0.010105122290934054, ""8"": -0.010920202791813473, ""9"": 0.003256407490547809, ""10"": -0.1532094789261079, ""11"": 0.14176540792122586, ""12"": 0.005744420354181485, ""13"": 0.13824162875482482, ""14"": -0.169687159229273, ""15"": -0.018071732478549946, ""16"": -0.04807702805326551, ""17"": -0.04193827189279759, ""18"": -0.07778297082824825, ""19"": 0.0003159318632170614, ""20"": 0.05151865245623067, ""21"": -0.20477844973974493, ""22"": 0.07836610976865317, ""23"": 0.02144069847063507, ""24"": 0.7571382216105561, ""25"": 0.01009557834523842, ""26"": 0.0888402477519045, ""27"": -0.20166927347605135, ""28"": 0.04824608385785844, ""29"": -0.021380946903050813, ""30"": -0.09010304654148628, ""31"": -0.06059623201417236, ""32"": -0.03912340263597185, ""33"": -0.020824136415361096, ""34"": -0.1702221270376839, ""35"": 0.1144497193474929, ""36"": -0.03859016885282206, ""37"": 0.11650356973981353, ""38"": -0.18692745386990198, ""39"": -0.03015844028156579, ""40"": -0.06694248036759833, ""41"": -0.07723989978530683, ""42"": -0.1060820986850789, ""43"": -0.028055427816166243, ""44"": 0.03364781743582775, ""45"": -0.20198305887277826, ""46"": 0.08103716339936506, ""47"": -0.020979175613663113, ""48"": 0.6564643740340085}","[2, 3, 4, 10, 11, 13, 14, 18, 20, 21, 22, 24, 26, 27, 30, 31, 34, 35, 37, 38, 40, 41, 42, 45, 46, 48]","{""24"": 6060.582514025851, ""48"": 11185.329894022745}","{""24"": 0.0, ""48"": 0.0}",1878.554510733861,2132.969187496423,22.292068995818717,24,1.0,False,,,,,,False
Austria,2024-11-11,Monday,2024-11-10T08:00:00+01:00,2024-11-10T07:00:00+00:00,2024-11-10T07:00:00+00:00,24,ordinary,enhanced_ordinary_arima_p2_d1_q3,,2,1,3,n,identity,False,,failed,MA roots fail invertibility threshold,success,converged,True,True,True,True,False,7736,6,-51294.48786500535,102600.9757300107,102600.98659816958,102642.69679458874,1.38301362390981,1.0086960836602572,"[""DeprecationWarning: Setting the shape on a NumPy array has been deprecated in NumPy 2.5.\nAs an alternative, you can create a new view using np.reshape (with copy=False if needed).""]",[],0,7712,True,joint Ljung-Box and residual ACF rule,"{""1"": -0.014937766978970037, ""2"": -0.005554443812475023, ""3"": 0.024140098863032238, ""4"": 0.0638449882422209, ""5"": 0.0019684097939743437, ""6"": -0.09757785883950104, ""7"": -0.05785188399303949, ""8"": 0.03871238496892002, ""9"": 0.003130659437917908, ""10"": -0.12027879010912598, ""11"": 0.14858390326953333, ""12"": 0.05995637667496563, ""13"": 0.1486447477816671, ""14"": -0.13242368912139188, ""15"": -0.013708250805278405, ""16"": 0.02175129803840316, ""17"": -0.07322157908026466, ""18"": -0.13206499904003574, ""19"": 0.004842018123311858, ""20"": 0.058905959684914855, ""21"": -0.049454697174231704, ""22"": 0.02182740959117459, ""23"": 0.022970265162828456, ""24"": 0.7362955871905732, ""25"": 0.0005991539964042045, ""26"": 0.03264067566699201, ""27"": -0.04898413363527736, ""28"": 0.043801249521450245, ""29"": -0.013018361132909844, ""30"": -0.14471976873093145, ""31"": -0.09378391687715844, ""32"": 0.021708963329665747, ""33"": -0.027478299282077734, ""34"": -0.13600030214320905, ""35"": 0.12450817321733065, ""36"": 0.01371164590051897, ""37"": 0.12874709953291144, ""38"": -0.1553421243207922, ""39"": -0.03443505051465983, ""40"": 0.002588513295174627, ""41"": -0.1130152399566431, ""42"": -0.15828788822913448, ""43"": -0.014531465624553814, ""44"": 0.022669930512806247, ""45"": -0.07473935543805904, ""46"": 0.032858815753377964, ""47"": -0.02097503787676373, ""48"": 0.6268990921162092}","[4, 6, 7, 10, 11, 12, 13, 14, 17, 18, 20, 24, 30, 31, 34, 35, 37, 38, 41, 42, 45, 48]","{""24"": 5195.427956041392, ""48"": 9472.681936153553}","{""24"": 0.0, ""48"": 0.0}",,,,0,0.0,False,,,,,,False
Austria,2024-11-11,Monday,2024-11-10T08:00:00+01:00,2024-11-10T07:00:00+00:00,2024-11-10T07:00:00+00:00,24,ordinary,enhanced_ordinary_arima_p3_d1_q1,,3,1,1,n,identity,False,,completed,,success,converged,True,True,True,True,True,7736,5,-51677.66485565083,103365.32971130166,103365.33747326802,103400.0972651167,1.3129879387910333,2.086578733278179,"[""DeprecationWarning: Setting the shape on a NumPy array has been deprecated in NumPy 2.5.\nAs an alternative, you can create a new view using np.reshape (with copy=False if needed).""]",[],0,7712,True,joint Ljung-Box and residual ACF rule,"{""1"": 0.0030349323604793536, ""2"": -0.043828649336341896, ""3"": -0.08763397770694843, ""4"": 0.07522832644901538, ""5"": 0.041151387358972315, ""6"": -0.16516725344503616, ""7"": -0.10049072731580716, ""8"": -0.023791849819791933, ""9"": -0.05787452857255975, ""10"": -0.19052522013111858, ""11"": 0.09782622199138594, ""12"": 0.023005503215486875, ""13"": 0.10038801916961515, ""14"": -0.19392066943309894, ""15"": -0.06049352112436981, ""16"": -0.03427995108399069, ""17"": -0.10348446644709383, ""18"": -0.16690764717550946, ""19"": 0.03248054124165157, ""20"": 0.07355175923142167, ""21"": -0.10925889667778431, ""22"": -0.001984570249753123, ""23"": 0.04530865568993142, ""24"": 0.7724621552235917, ""25"": 0.027090419284210524, ""26"": 0.00911142258180252, ""27"": -0.10071827567035595, ""28"": 0.07309131891788506, ""29"": 0.02383027084395146, ""30"": -0.16708148279158208, ""31"": -0.10766803022423994, ""32"": -0.013413824188734854, ""33"": -0.04929374324334287, ""34"": -0.17370623851964462, ""35"": 0.10205151980092675, ""36"": 0.005751548020088683, ""37"": 0.10884099493757247, ""38"": -0.18388813751647037, ""39"": -0.04715793690698405, ""40"": -0.025586999724307637, ""41"": -0.11159308992184575, ""42"": -0.1640906253806701, ""43"": 0.026563594029134042, ""44"": 0.06510892686030013, ""45"": -0.09776906631906905, ""46"": 0.030901831536493295, ""47"": 0.023592393902719434, ""48"": 0.6862299744187658}","[3, 4, 6, 7, 9, 10, 11, 13, 14, 15, 17, 18, 20, 21, 24, 27, 28, 30, 31, 34, 35, 37, 38, 41, 42, 44, 45, 48]","{""24"": 6287.708872903136, ""48"": 11520.58337176426}","{""24"": 0.0, ""48"": 0.0}",1935.156069209229,2207.783871774041,22.828781751739537,24,1.0,False,,,,,,False
Austria,2024-11-11,Monday,2024-11-10T08:00:00+01:00,2024-11-10T07:00:00+00:00,2024-11-10T07:00:00+00:00,24,ordinary,enhanced_ordinary_arima_p3_d1_q2,,3,1,2,n,identity,False,,completed,,success,converged,True,True,True,True,True,7736,6,-51673.536175728485,103359.07235145695,103359.08321961584,103400.793416035,1.4472074470391223,2.377813023788697,"[""DeprecationWarning: Setting the shape on a NumPy array has been deprecated in NumPy 2.5.\nAs an alternative, you can create a new view using np.reshape (with copy=False if needed)."", ""UserWarning: Non-stationary starting autoregressive parameters found. Using zeros as starting parameters."", ""UserWarning: Non-invertible starting MA parameters found. Using zeros as starting parameters.""]",[],0,7712,True,joint Ljung-Box and residual ACF rule,"{""1"": -0.009122312597352973, ""2"": -0.03293780460733741, ""3"": -0.03897652467728843, ""4"": 0.03728726370313054, ""5"": 0.004013428390865191, ""6"": -0.1926075043788918, ""7"": -0.12372083306204511, ""8"": -0.010606839836237026, ""9"": -0.05356322174188856, ""10"": -0.16534268026900595, ""11"": 0.11697495776695174, ""12"": 0.03935518084892441, ""13"": 0.11829946535051462, ""14"": -0.17026193861590866, ""15"": -0.05687670998175567, ""16"": -0.02195224777402839, ""17"": -0.12372122188818781, ""18"": -0.19461777681620862, ""19"": 0.0038674193255747316, ""20"": 0.04587611400208292, ""21"": -0.07532950422170083, ""22"": 0.010598436695131296, ""23"": 0.042730208034956293, ""24"": 0.7680214856608585, ""25"": 0.02324402075715169, ""26"": 0.022320159419260133, ""27"": -0.0684394407515632, ""28"": 0.042183225931226524, ""29"": -0.0035793992861970956, ""30"": -0.19438014202843107, ""31"": -0.12758291567516067, ""32"": -0.0018120422941026127, ""33"": -0.048012895367148055, ""34"": -0.14991948530801896, ""35"": 0.12130860081249742, ""36"": 0.022262697505043377, ""37"": 0.12748833474750262, ""38"": -0.1625751665501278, ""39"": -0.04634494301977901, ""40"": -0.013554190001742532, ""41"": -0.13179175391642264, ""42"": -0.18933762703388382, ""43"": 0.0035552406526031415, ""44"": 0.03732377941119233, ""45"": -0.06960218644127866, ""46"": 0.04374000247354746, ""47"": 0.022726970939220548, ""48"": 0.6831673361046023}","[6, 7, 9, 10, 11, 13, 14, 15, 17, 18, 21, 24, 27, 30, 31, 34, 35, 37, 38, 41, 42, 45, 48]","{""24"": 6199.761788297693, ""48"": 11438.380144772558}","{""24"": 0.0, ""48"": 0.0}",1889.78579250219,2147.788689777251,22.383422352650012,24,1.0,False,,,,,,False
Austria,2024-11-11,Monday,2024-11-10T08:00:00+01:00,2024-11-10T07:00:00+00:00,2024-11-10T07:00:00+00:00,24,ordinary,enhanced_ordinary_arima_p3_d1_q3,,3,1,3,n,identity,False,,completed,,success,converged,True,True,True,True,True,7736,7,-51281.6978676103,102577.3957352206,102577.41022797422,102626.07031056166,1.2598636557751044,1.0369154336254307,"[""DeprecationWarning: Setting the shape on a NumPy array has been deprecated in NumPy 2.5.\nAs an alternative, you can create a new view using np.reshape (with copy=False if needed).""]",[],0,7712,True,joint Ljung-Box and residual ACF rule,"{""1"": -0.004525333651535379, ""2"": -0.021117414489392673, ""3"": 0.014383691605778718, ""4"": 0.0391136689711992, ""5"": 0.03701841152264863, ""6"": -0.0777429364451818, ""7"": -0.05930226016357176, ""8"": 0.04663317825049106, ""9"": -0.012980280251618943, ""10"": -0.13046728598546173, ""11"": 0.13233814158790883, ""12"": 0.04349861784750707, ""13"": 0.12950653314648924, ""14"": -0.14124045162312035, ""15"": -0.03278288597275281, ""16"": 0.021236278165401364, ""17"": -0.07532191710208015, ""18"": -0.11790995797857104, ""19"": 0.02498801164760943, ""20"": 0.03560709508601856, ""21"": -0.060751674719518034, ""22"": -0.0002257686633719374, ""23"": 0.023600173711103862, ""24"": 0.7301006341479731, ""25"": 0.002322346865314077, ""26"": 0.011679184051068714, ""27"": -0.05931436416583292, ""28"": 0.021795900710223647, ""29"": 0.008461669933618856, ""30"": -0.13266624407837643, ""31"": -0.09564798992726917, ""32"": 0.023344029098289063, ""33"": -0.046043385828833036, ""34"": -0.14516359243406576, ""35"": 0.10550125279684808, ""36"": -0.005373125502904928, ""37"": 0.10992457589517503, ""38"": -0.16372620938441135, ""39"": -0.0534999377067675, ""40"": 0.0028147910730416978, ""41"": -0.11471842587331167, ""42"": -0.14657795342988872, ""43"": 0.0036716141376004416, ""44"": 0.0033936872465891105, ""45"": -0.08178969269426402, ""46"": 0.012412395414244593, ""47"": -0.020084909966511348, ""48"": 0.6213548532558584}","[6, 7, 10, 11, 13, 14, 17, 18, 21, 24, 27, 30, 31, 34, 35, 37, 38, 39, 41, 42, 45, 48]","{""24"": 5020.039018316123, ""48"": 9175.894398060356}","{""24"": 0.0, ""48"": 0.0}",1723.222364892598,1941.0548597118125,20.727417784351463,24,1.0,False,,,,,,False
Austria,2024-11-11,Monday,2024-11-10T08:00:00+01:00,2024-11-10T07:00:00+00:00,2024-11-10T07:00:00+00:00,24,ordinary,enhanced_ordinary_arima_p4_d1_q1,,4,1,1,n,identity,False,,completed,,success,converged,True,True,True,True,True,7736,6,-51677.14897729445,103366.2979545889,103366.30882274776,103408.01901916694,1.3199118098294338,2.1519561928671,"[""DeprecationWarning: Setting the shape on a NumPy array has been deprecated in NumPy 2.5.\nAs an alternative, you can create a new view using np.reshape (with copy=False if needed).""]",[],0,7712,True,joint Ljung-Box and residual ACF rule,"{""1"": 0.002017333150077867, ""2"": -0.04318793017396834, ""3"": -0.08454171185647935, ""4"": 0.07320122062370697, ""5"": 0.038994497677154634, ""6"": -0.16773146397633412, ""7"": -0.10203810256891706, ""8"": -0.022995468281980666, ""9"": -0.057380655968569096, ""10"": -0.18887764000932822, ""11"": 0.09916449573286776, ""12"": 0.024298516439656352, ""13"": 0.10165212656544345, ""14"": -0.1923909410335953, ""15"": -0.060026675633765736, ""16"": -0.03351316152938673, ""17"": -0.10485489405307279, ""18"": -0.16927259318749552, ""19"": 0.03076039310168959, ""20"": 0.07208330829484852, ""21"": -0.10705023523501482, ""22"": -0.0012307111256116283, ""23"": 0.044960978262434344, ""24"": 0.7722524904168375, ""25"": 0.026647691763478802, ""26"": 0.009863536904382783, ""27"": -0.09862442500305993, ""28"": 0.07143142136763077, ""29"": 0.022178091730547266, ""30"": -0.1693967921762302, ""31"": -0.10902349746415038, ""32"": -0.012712020471052517, ""33"": -0.048998478183130696, ""34"": -0.17218199335725332, ""35"": 0.10340713797988117, ""36"": 0.007038584349778594, ""37"": 0.11015405388904892, ""38"": -0.1825243723388836, ""39"": -0.04688175989169662, ""40"": -0.024859450188167227, ""41"": -0.11293189162544796, ""42"": -0.16621029997787845, ""43"": 0.02515324479286696, ""44"": 0.06360101049515432, ""45"": -0.09594026543802377, ""46"": 0.03165716145267902, ""47"": 0.02339196899844551, ""48"": 0.6861368902932352}","[3, 4, 6, 7, 9, 10, 11, 13, 14, 15, 17, 18, 20, 21, 24, 27, 28, 30, 31, 34, 35, 37, 38, 41, 42, 44, 45, 48]","{""24"": 6281.4031253712665, ""48"": 11514.781413972016}","{""24"": 0.0, ""48"": 0.0}",1932.1360747026292,2203.737020288882,22.79926780001735,24,1.0,False,,,,,,False
Austria,2024-11-11,Monday,2024-11-10T08:00:00+01:00,2024-11-10T07:00:00+00:00,2024-11-10T07:00:00+00:00,24,ordinary,enhanced_ordinary_arima_p4_d1_q2,,4,1,2,n,identity,False,,completed,,success,converged,True,True,True,True,True,7736,7,-51627.55336121897,103269.10672243794,103269.12121519155,103317.781297779,1.4874808157392558,1.2540620903299562,"[""DeprecationWarning: Setting the shape on a NumPy array has been deprecated in NumPy 2.5.\nAs an alternative, you can create a new view using np.reshape (with copy=False if needed)."", ""UserWarning: Non-stationary starting autoregressive parameters found. Using zeros as starting parameters."", ""UserWarning: Non-invertible starting MA parameters found. Using zeros as starting parameters.""]",[],0,7712,True,joint Ljung-Box and residual ACF rule,"{""1"": -0.02091693221222524, ""2"": -0.022111111604711225, ""3"": -0.018698285911176817, ""4"": 0.03816926201248309, ""5"": -0.06902236348723903, ""6"": -0.13097051538712193, ""7"": -0.13676675400859917, ""8"": -0.040687225908698985, ""9"": -0.019549910540548644, ""10"": -0.16949988850106695, ""11"": 0.11538912518430494, ""12"": 0.04821430571807312, ""13"": 0.11745533287719889, ""14"": -0.17093204608599352, ""15"": -0.034160867846056146, ""16"": -0.04303958481542843, ""17"": -0.1295462278745841, ""18"": -0.15882217375316934, ""19"": -0.044576639284358344, ""20"": 0.05002860819107907, ""21"": -0.07190537636216011, ""22"": 0.02751323613916268, ""23"": 0.038816839702795106, ""24"": 0.7566347538672756, ""25"": 0.017475020499484704, ""26"": 0.0426741829861304, ""27"": -0.06704192335161833, ""28"": 0.044414969864300435, ""29"": -0.04957696856330602, ""30"": -0.16014089864639, ""31"": -0.13318864031651648, ""32"": -0.02090978541138986, ""33"": -0.02936713903091125, ""34"": -0.1486545145300428, ""35"": 0.12376833816049317, ""36"": 0.02421880303091978, ""37"": 0.1310176033477317, ""38"": -0.16195211565669548, ""39"": -0.031063653533240688, ""40"": -0.028327815779018307, ""41"": -0.13747128261139896, ""42"": -0.1620616107069698, ""43"": -0.033825283483409796, ""44"": 0.04034849769313639, ""45"": -0.07264516587745073, ""46"": 0.06505232025949967, ""47"": 0.01851204460864338, ""48"": 0.669720653092844}","[5, 6, 7, 10, 11, 13, 14, 17, 18, 20, 21, 24, 27, 30, 31, 34, 35, 37, 38, 41, 42, 45, 46, 48]","{""24"": 5895.941620623527, ""48"": 10901.938295692482}","{""24"": 0.0, ""48"": 0.0}",1872.638564733912,2125.536475253337,22.2142544191297,24,1.0,False,,,,,,False
Austria,2024-12-25,Christmas holiday / cold season,2024-12-24T08:00:00+01:00,2024-12-24T07:00:00+00:00,2024-12-24T07:00:00+00:00,24,ordinary,enhanced_ordinary_arima_p1_d1_q1,,1,1,1,n,identity,False,,completed,,success,converged,True,True,True,True,True,8792,3,-59387.8499642164,118781.6999284328,118781.7026594296,118802.94437968236,1.504757647735145,3.001232465021098,"[""DeprecationWarning: Setting the shape on a NumPy array has been deprecated in NumPy 2.5.\nAs an alternative, you can create a new view using np.reshape (with copy=False if needed).""]",[],0,8768,True,joint Ljung-Box and residual ACF rule,"{""1"": 0.08178462912844334, ""2"": 0.1646320486167882, ""3"": -0.2415660696080674, ""4"": -0.05583079176698295, ""5"": -0.14877779320333623, ""6"": -0.18239782134781124, ""7"": -0.12912879838469055, ""8"": -0.09474361391034039, ""9"": 0.0058959220791681794, ""10"": -0.09467301698967626, ""11"": 0.19457354344651764, ""12"": 0.058526845996745534, ""13"": 0.19458711923498545, ""14"": -0.10316135669375286, ""15"": -0.0019652870501494254, ""16"": -0.11031265911765144, ""17"": -0.13219548382445592, ""18"": -0.1810774835153907, ""19"": -0.13234209329217972, ""20"": -0.037389405377712306, ""21"": -0.21015640699852298, ""22"": 0.16470136130988017, ""23"": 0.10009696475388859, ""24"": 0.8126988859782714, ""25"": 0.0929696125371788, ""26"": 0.1739728020917695, ""27"": -0.2095153695326911, ""28"": -0.04079354550034169, ""29"": -0.14808889353558924, ""30"": -0.18564070358554682, ""31"": -0.13910320566163353, ""32"": -0.08714977829357277, ""33"": 0.014275850746847738, ""34"": -0.0822916903386573, ""35"": 0.19414440920583587, ""36"": 0.042474881511912095, ""37"": 0.19672653585979177, ""38"": -0.09618070065997734, ""39"": 0.009471138632812653, ""40"": -0.10258942803582632, ""41"": -0.13942098140300294, ""42"": -0.18254034456415583, ""43"": -0.1322954245478968, ""44"": -0.02902687621212312, ""45"": -0.1880525012428267, ""46"": 0.17941387371336712, ""47"": 0.07801310178096231, ""48"": 0.7358196238568764}","[1, 2, 3, 4, 5, 6, 7, 8, 10, 11, 12, 13, 14, 16, 17, 18, 19, 21, 22, 23, 24, 25, 26, 27, 29, 30, 31, 32, 34, 35, 37, 38, 40, 41, 42, 43, 45, 46, 47, 48]","{""24"": 9652.672898587796, ""48"": 18104.403473898954}","{""24"": 0.0, ""48"": 0.0}",1709.4351283620435,1801.2018049448036,27.82022338116464,24,1.0,False,,,,,,False
Austria,2024-12-25,Christmas holiday / cold season,2024-12-24T08:00:00+01:00,2024-12-24T07:00:00+00:00,2024-12-24T07:00:00+00:00,24,ordinary,enhanced_ordinary_arima_p1_d1_q2,,1,1,2,n,identity,False,,completed,,success,converged,True,True,True,True,True,8792,4,-58791.62054293111,117591.24108586222,117591.24563804155,117619.56702086162,2.4480248923148418,1.4247909973676562,"[""DeprecationWarning: Setting the shape on a NumPy array has been deprecated in NumPy 2.5.\nAs an alternative, you can create a new view using np.reshape (with copy=False if needed).""]",[],0,8768,True,joint Ljung-Box and residual ACF rule,"{""1"": 0.014093212169404328, ""2"": -0.00798730024763637, ""3"": -0.0017445281229474465, ""4"": -0.06362859487706628, ""5"": -0.09712256975924526, ""6"": -0.1567357537201576, ""7"": -0.146481179492674, ""8"": -0.033691612528409784, ""9"": -0.01928506679701991, ""10"": -0.11290200496431599, ""11"": 0.1305350551858703, ""12"": 0.05854022812949926, ""13"": 0.1329489250599144, ""14"": -0.11871887902824821, ""15"": -0.03142459863652914, ""16"": -0.03907144895604437, ""17"": -0.14301638041059594, ""18"": -0.1758873995005025, ""19"": -0.07102254313772738, ""20"": -0.032171538668007926, ""21"": -0.05150398787269053, ""22"": 0.03819305151991716, ""23"": 0.06704240993346097, ""24"": 0.766537937097152, ""25"": 0.049547968814254086, ""26"": 0.053074487262821914, ""27"": -0.04832091917264042, ""28"": -0.04240425200941709, ""29"": -0.07623765945743728, ""30"": -0.17870727373036474, ""31"": -0.14817044338691734, ""32"": -0.019384754510288794, ""33"": -0.022513938226446668, ""34"": -0.09663405114438263, ""35"": 0.13456670551028893, ""36"": 0.03876117953848253, ""37"": 0.14247941236174172, ""38"": -0.11243722530792061, ""39"": -0.02601312333237653, ""40"": -0.025723683357232914, ""41"": -0.15268837226378587, ""42"": -0.17816693766487746, ""43"": -0.05892851309574051, ""44"": -0.03612818962626165, ""45"": -0.052476968229574684, ""46"": 0.07330073895837681, ""47"": 0.04850453903142925, ""48"": 0.6798628626430444}","[4, 5, 6, 7, 10, 11, 12, 13, 14, 17, 18, 19, 21, 23, 24, 26, 29, 30, 31, 34, 35, 37, 38, 41, 42, 43, 45, 46, 48]","{""24"": 6878.462177164466, ""48"": 12746.77177936787}","{""24"": 0.0, ""48"": 0.0}",1243.052206484104,1366.579791071398,20.455980609824287,24,1.0,False,,,,,,False
Austria,2024-12-25,Christmas holiday / cold season,2024-12-24T08:00:00+01:00,2024-12-24T07:00:00+00:00,2024-12-24T07:00:00+00:00,24,ordinary,enhanced_ordinary_arima_p1_d1_q3,,1,1,3,n,identity,False,,completed,,success,converged,True,True,True,True,True,8792,5,-58777.83408246857,117565.66816493716,117565.67499398335,117601.0755836864,4.003935115281705,1.4004662526008245,"[""DeprecationWarning: Setting the shape on a NumPy array has been deprecated in NumPy 2.5.\nAs an alternative, you can create a new view using np.reshape (with copy=False if needed).""]",[],0,8768,True,joint Ljung-Box and residual ACF rule,"{""1"": 0.0012275951968249103, ""2"": 0.002186219592240254, ""3"": 0.003914573702456046, ""4"": -0.028625454298677768, ""5"": -0.1160466513705209, ""6"": -0.1622998470626576, ""7"": -0.13421117915102135, ""8"": -0.04470969460781627, ""9"": -0.016716163922806504, ""10"": -0.11884060469594655, ""11"": 0.12530014589438399, ""12"": 0.05061469778969171, ""13"": 0.13110635850495794, ""14"": -0.1288340243722808, ""15"": -0.0281409340748153, ""16"": -0.04465477756814853, ""17"": -0.13647260985135123, ""18"": -0.18179487949243217, ""19"": -0.08224612916410681, ""20"": -0.006160471523933955, ""21"": -0.04919606788522181, ""22"": 0.04933097251680767, ""23"": 0.05671529763286245, ""24"": 0.7655101680218744, ""25"": 0.03859985808408903, ""26"": 0.06374932293152283, ""27"": -0.04543147130724207, ""28"": -0.016470584069166065, ""29"": -0.08832547788872551, ""30"": -0.18152803080000993, ""31"": -0.14148612790801168, ""32"": -0.027159592108816452, ""33"": -0.018330874037055585, ""34"": -0.10636700536840848, ""35"": 0.13079619893382752, ""36"": 0.033801283156308044, ""37"": 0.13927571635831124, ""38"": -0.12294177780874413, ""39"": -0.021326198648276843, ""40"": -0.03203002163304704, ""41"": -0.14710320979856165, ""42"": -0.18167437344969561, ""43"": -0.06854617796780242, ""44"": -0.013387582858632532, ""45"": -0.052247145442452785, ""46"": 0.08466291969341284, ""47"": 0.039023958673637005, ""48"": 0.6787544302631592}","[5, 6, 7, 10, 11, 12, 13, 14, 17, 18, 19, 23, 24, 26, 29, 30, 31, 34, 35, 37, 38, 41, 42, 43, 45, 46, 48]","{""24"": 6878.6425377347805, ""48"": 12757.466260267154}","{""24"": 0.0, ""48"": 0.0}",1153.5734997718969,1285.7267902462197,19.043050239508357,24,1.0,False,,,,,,False
Austria,2024-12-25,Christmas holiday / cold season,2024-12-24T08:00:00+01:00,2024-12-24T07:00:00+00:00,2024-12-24T07:00:00+00:00,24,ordinary,enhanced_ordinary_arima_p2_d1_q1,,2,1,1,n,identity,False,,completed,,success,converged,True,True,True,True,True,8792,4,-58796.149183354566,117600.29836670912,117600.30291888848,117628.62430170854,1.1676733064297835,1.9325313080351716,"[""DeprecationWarning: Setting the shape on a NumPy array has been deprecated in NumPy 2.5.\nAs an alternative, you can create a new view using np.reshape (with copy=False if needed).""]",[],0,8768,True,joint Ljung-Box and residual ACF rule,"{""1"": 0.033497571079869996, ""2"": 0.005700161711051387, ""3"": -0.1911402733730813, ""4"": 0.10476168413859814, ""5"": 0.06724497268521139, ""6"": -0.04699588026579395, ""7"": -0.04484396249505561, ""8"": -0.04678302844797158, ""9"": -0.060228062745706704, ""10"": -0.22576712009000688, ""11"": 0.03285537582885037, ""12"": -0.06704883123063282, ""13"": 0.03775525027727801, ""14"": -0.22744045183426498, ""15"": -0.06377165976735363, ""16"": -0.06253394316393163, ""17"": -0.056481414949425976, ""18"": -0.06360487528357063, ""19"": 0.05372564513894017, ""20"": 0.09342194708862847, ""21"": -0.18207495324858872, ""22"": 0.028349436023761134, ""23"": 0.04974803533958826, ""24"": 0.7843377471182852, ""25"": 0.040099810309256134, ""26"": 0.041942179696185536, ""27"": -0.17204243250687162, ""28"": 0.09652343873303777, ""29"": 0.04465004171797928, ""30"": -0.06573335451698317, ""31"": -0.061767811704779636, ""32"": -0.038936766639960256, ""33"": -0.04507764878812523, ""34"": -0.2046090552858583, ""35"": 0.03654051900673412, ""36"": -0.08262604825373776, ""37"": 0.04463214076715799, ""38"": -0.21190044128439495, ""39"": -0.04522713888490062, ""40"": -0.05231774997435717, ""41"": -0.06714402577429787, ""42"": -0.07247096925060435, ""43"": 0.041711903418064286, ""44"": 0.08921688237175826, ""45"": -0.1599075197590922, ""46"": 0.056358528758988016, ""47"": 0.024763355644388762, ""48"": 0.6953363326206288}","[3, 4, 5, 9, 10, 12, 14, 15, 16, 17, 18, 19, 20, 21, 24, 27, 28, 30, 31, 34, 36, 38, 40, 41, 42, 44, 45, 46, 48]","{""24"": 7484.107699204698, ""48"": 13565.98276084002}","{""24"": 0.0, ""48"": 0.0}",554.3659709672887,718.9200574742384,9.373986160034072,24,1.0,False,,,,,,False
Austria,2024-12-25,Christmas holiday / cold season,2024-12-24T08:00:00+01:00,2024-12-24T07:00:00+00:00,2024-12-24T07:00:00+00:00,24,ordinary,enhanced_ordinary_arima_p2_d1_q2,,2,1,2,n,identity,False,,completed,,success,converged,True,True,True,True,True,8792,5,-58623.84774760828,117257.69549521655,117257.70232426276,117293.1029139658,1.1401984309240032,1.0700393541863569,"[""DeprecationWarning: Setting the shape on a NumPy array has been deprecated in NumPy 2.5.\nAs an alternative, you can create a new view using np.reshape (with copy=False if needed).""]",[],0,8768,True,joint Ljung-Box and residual ACF rule,"{""1"": 0.032613012635990715, ""2"": 0.10341213589480766, ""3"": -0.19443500030889732, ""4"": 0.06967684706392926, ""5"": 0.02307909256148071, ""6"": -0.03780492878931605, ""7"": -0.0097266629136606, ""8"": -0.00960489617731877, ""9"": 0.018768331304111544, ""10"": -0.13998177217285776, ""11"": 0.12689628794661725, ""12"": -0.009428889575681405, ""13"": 0.12452002278318317, ""14"": -0.1550958006496834, ""15"": -0.0016708699522774608, ""16"": -0.04531972985245271, ""17"": -0.04109459642555271, ""18"": -0.07261253903996352, ""19"": -0.003961719473624422, ""20"": 0.04465946706791156, ""21"": -0.2048265086119203, ""22"": 0.08158912969350177, ""23"": 0.022057258782061155, ""24"": 0.7637312070613345, ""25"": 0.012954265006179098, ""26"": 0.09170525039022098, ""27"": -0.2029738420672138, ""28"": 0.03915275498781903, ""29"": -0.024467210637195612, ""30"": -0.0863687991567366, ""31"": -0.061182014711637145, ""32"": -0.0380803275681182, ""33"": -0.004398169826041745, ""34"": -0.1559095132581364, ""35"": 0.0977489869488199, ""36"": -0.05498026888487019, ""37"": 0.1007636608961011, ""38"": -0.17202718472836506, ""39"": -0.014324708682532295, ""40"": -0.06339936413901825, ""41"": -0.07701640390705845, ""42"": -0.1032624883961347, ""43"": -0.03372612355945322, ""44"": 0.024857216026328895, ""45"": -0.20360505941212745, ""46"": 0.08326072086855123, ""47"": -0.019142167195349617, ""48"": 0.662552113973112}","[2, 3, 4, 10, 11, 13, 14, 18, 21, 22, 24, 26, 27, 30, 31, 34, 35, 36, 37, 38, 40, 41, 42, 45, 46, 48]","{""24"": 6819.039547340746, ""48"": 12561.749312648702}","{""24"": 0.0, ""48"": 0.0}",704.4399639468835,884.9423064020345,11.896938999902286,24,1.0,False,,,,,,False
Austria,2024-12-25,Christmas holiday / cold season,2024-12-24T08:00:00+01:00,2024-12-24T07:00:00+00:00,2024-12-24T07:00:00+00:00,24,ordinary,enhanced_ordinary_arima_p2_d1_q3,,2,1,3,n,identity,False,,failed,MA roots fail invertibility threshold,success,converged,True,True,True,True,False,8792,6,-58321.88316465252,116655.76632930504,116655.77589105803,116698.25523180416,1.3619418113105892,1.0097213298838987,"[""DeprecationWarning: Setting the shape on a NumPy array has been deprecated in NumPy 2.5.\nAs an alternative, you can create a new view using np.reshape (with copy=False if needed).""]",[],0,8768,True,joint Ljung-Box and residual ACF rule,"{""1"": -0.014086313969872337, ""2"": -0.005198978432044208, ""3"": 0.017616401607496168, ""4"": 0.06150213399310502, ""5"": 0.0033853174610567107, ""6"": -0.08531114755313088, ""7"": -0.0549052400165236, ""8"": 0.03168316658584988, ""9"": 0.015311279560616075, ""10"": -0.11665450160314803, ""11"": 0.1280104569997246, ""12"": 0.04482845547081088, ""13"": 0.12886054075134457, ""14"": -0.12814708817707682, ""15"": -0.000451104863356375, ""16"": 0.014605354086719126, ""17"": -0.07106871214658338, ""18"": -0.11733991381268509, ""19"": 0.00484211742709281, ""20"": 0.055809688728108854, ""21"": -0.04912050181476725, ""22"": 0.02088509023006099, ""23"": 0.019113603891274464, ""24"": 0.7447397615596963, ""25"": -0.00044332850461081764, ""26"": 0.031561855732553476, ""27"": -0.04964468102713568, ""28"": 0.04004050464373623, ""29"": -0.010987928190340149, ""30"": -0.13051481912406634, ""31"": -0.09254732115040808, ""32"": 0.013929141751352177, ""33"": -0.012725195117410663, ""34"": -0.1307843044897081, ""35"": 0.10286114067774542, ""36"": -0.00118491217729764, ""37"": 0.10897798027534202, ""38"": -0.14940384085658673, ""39"": -0.02083931370285958, ""40"": -0.002895047729325019, ""41"": -0.11004401855284655, ""42"": -0.14537747726986447, ""43"": -0.015057292719616321, ""44"": 0.019750316936360833, ""45"": -0.07476398764648612, ""46"": 0.03202838984628912, ""47"": -0.022343277961440543, ""48"": 0.6344555216463647}","[4, 6, 7, 10, 11, 13, 14, 17, 18, 20, 24, 30, 31, 34, 35, 37, 38, 41, 42, 45, 48]","{""24"": 5810.920521918569, ""48"": 10544.576276126652}","{""24"": 0.0, ""48"": 0.0}",,,,0,0.0,False,,,,,,False
Austria,2024-12-25,Christmas holiday / cold season,2024-12-24T08:00:00+01:00,2024-12-24T07:00:00+00:00,2024-12-24T07:00:00+00:00,24,ordinary,enhanced_ordinary_arima_p3_d1_q1,,3,1,1,n,identity,False,,completed,,success,converged,True,True,True,True,True,8792,5,-58752.25344704293,117514.50689408586,117514.51372313208,117549.91431283511,1.3133347734688496,2.055422964001948,"[""DeprecationWarning: Setting the shape on a NumPy array has been deprecated in NumPy 2.5.\nAs an alternative, you can create a new view using np.reshape (with copy=False if needed).""]",[],0,8768,True,joint Ljung-Box and residual ACF rule,"{""1"": 0.004558393680810696, ""2"": -0.039716846628804606, ""3"": -0.08572531036569625, ""4"": 0.07201436492263771, ""5"": 0.04353913797982191, ""6"": -0.15199719728942138, ""7"": -0.09966556898201567, ""8"": -0.03219410142135015, ""9"": -0.04681693791964298, ""10"": -0.18352370448700514, ""11"": 0.07600093622597993, ""12"": 0.000588825614010226, ""13"": 0.07958957756323569, ""14"": -0.18634312192403002, ""15"": -0.049267738390884004, ""16"": -0.04205351446730457, ""17"": -0.10329080694845044, ""18"": -0.15392532104015458, ""19"": 0.035241633244366424, ""20"": 0.07118375698744521, ""21"": -0.10475675447745102, ""22"": 0.0012556631814195176, ""23"": 0.043269365099638704, ""24"": 0.7782865890505934, ""25"": 0.027934173825813046, ""26"": 0.012387989180986705, ""27"": -0.09776912769840596, ""28"": 0.06912448745166508, ""29"": 0.028838377838620255, ""30"": -0.15481350899282223, ""31"": -0.10898090258213725, ""32"": -0.02241242578352558, ""33"": -0.03686073440210422, ""34"": -0.16517855783691296, ""35"": 0.07909498328466752, ""36"": -0.01708073611045408, ""37"": 0.08753176372077365, ""38"": -0.17503011172276775, ""39"": -0.035929472867250074, ""40"": -0.031951891797034095, ""41"": -0.11127130163077657, ""42"": -0.15309175833503255, ""43"": 0.029172440409316158, ""44"": 0.062252964840990486, ""45"": -0.09418557944972696, ""46"": 0.0341462678684604, ""47"": 0.02337639439085226, ""48"": 0.6913932940158539}","[3, 4, 6, 7, 10, 11, 13, 14, 17, 18, 20, 21, 24, 27, 28, 30, 31, 34, 35, 37, 38, 41, 42, 44, 45, 48]","{""24"": 7000.062715382693, ""48"": 12795.03899550809}","{""24"": 0.0, ""48"": 0.0}",730.9113978864847,901.0388121635935,12.307746788889885,24,1.0,False,,,,,,False
Austria,2024-12-25,Christmas holiday / cold season,2024-12-24T08:00:00+01:00,2024-12-24T07:00:00+00:00,2024-12-24T07:00:00+00:00,24,ordinary,enhanced_ordinary_arima_p3_d1_q2,,3,1,2,n,identity,False,,completed,,success,converged,True,True,True,True,True,8792,6,-58744.90074122924,117501.80148245848,117501.81104421148,117544.2903849576,1.4492156220156251,2.3583335323980896,"[""DeprecationWarning: Setting the shape on a NumPy array has been deprecated in NumPy 2.5.\nAs an alternative, you can create a new view using np.reshape (with copy=False if needed)."", ""UserWarning: Non-stationary starting autoregressive parameters found. Using zeros as starting parameters."", ""UserWarning: Non-invertible starting MA parameters found. Using zeros as starting parameters.""]",[],0,8768,True,joint Ljung-Box and residual ACF rule,"{""1"": -0.008523481422316704, ""2"": -0.030486199025826843, ""3"": -0.03581424113708067, ""4"": 0.03457412414359422, ""5"": 0.005694426762445309, ""6"": -0.17756022721254489, ""7"": -0.12188607778702919, ""8"": -0.0188947275615977, ""9"": -0.042604894407186227, ""10"": -0.16001580458488943, ""11"": 0.09453325186478259, ""12"": 0.019452189183033618, ""13"": 0.09691125357920255, ""14"": -0.16448703947297733, ""15"": -0.04574630457511737, ""16"": -0.029515677390002104, ""17"": -0.12246910039214216, ""18"": -0.1797240426666592, ""19"": 0.005885239041449205, ""20"": 0.043344480510771555, ""21"": -0.06958416835475545, ""22"": 0.012349796473020947, ""23"": 0.03968213614221618, ""24"": 0.7739085365924628, ""25"": 0.022851967640722278, ""26"": 0.024136973972976716, ""27"": -0.06412177827689658, ""28"": 0.03821502441572737, ""29"": 0.0007312214085845255, ""30"": -0.1801844653491893, ""31"": -0.12776074450501598, ""32"": -0.010583365645119032, ""33"": -0.035875118181152174, ""34"": -0.1433044099854738, ""35"": 0.09779165918901649, ""36"": 0.0020815225931151895, ""37"": 0.10587278079068506, ""38"": -0.15546266482097137, ""39"": -0.03536801418076277, ""40"": -0.01965035507887038, ""41"": -0.13029491291855771, ""42"": -0.17658242123121715, ""43"": 0.005547532107316806, ""44"": 0.034256404369562454, ""45"": -0.06512159356772393, ""46"": 0.04562872969238079, ""47"": 0.021711651417767756, ""48"": 0.6882091957484409}","[6, 7, 10, 11, 13, 14, 17, 18, 21, 24, 27, 30, 31, 34, 35, 37, 38, 41, 42, 45, 48]","{""24"": 6867.057715410339, ""48"": 12630.040301985646}","{""24"": 0.0, ""48"": 0.0}",830.8574791345004,1002.0223715036708,13.936492448051393,24,1.0,False,,,,,,False
Austria,2024-12-25,Christmas holiday / cold season,2024-12-24T08:00:00+01:00,2024-12-24T07:00:00+00:00,2024-12-24T07:00:00+00:00,24,ordinary,enhanced_ordinary_arima_p3_d1_q3,,3,1,3,n,identity,False,,completed,,success,converged,True,True,True,True,True,8792,7,-58308.19490203117,116630.38980406236,116630.40255451771,116679.9601903113,1.2816601551840543,1.012330979357245,"[""DeprecationWarning: Setting the shape on a NumPy array has been deprecated in NumPy 2.5.\nAs an alternative, you can create a new view using np.reshape (with copy=False if needed).""]",[],0,8768,True,joint Ljung-Box and residual ACF rule,"{""1"": -0.0018659462817635162, ""2"": -0.012857325121353158, ""3"": 0.016515474137292, ""4"": 0.03254268853520513, ""5"": 0.02375984269075042, ""6"": -0.06725793923035536, ""7"": -0.054642272356732635, ""8"": 0.04350032369605603, ""9"": 0.016195193211968276, ""10"": -0.10618983901192075, ""11"": 0.13227332429753988, ""12"": 0.05013492179056514, ""13"": 0.13135058594705892, ""14"": -0.11625246250897289, ""15"": -0.0018180146180375226, ""16"": 0.021834775620618255, ""17"": -0.06926037185374839, ""18"": -0.10317508536897596, ""19"": 0.01763176105980579, ""20"": 0.032469744531173184, ""21"": -0.05130989688938562, ""22"": 0.010092338212617716, ""23"": 0.026084847497142655, ""24"": 0.741216635118166, ""25"": 0.006863713889618281, ""26"": 0.020937712695032855, ""27"": -0.052719230471162386, ""28"": 0.015564733806870651, ""29"": 0.0009442905071467855, ""30"": -0.12041788009376002, ""31"": -0.09297753511449268, ""32"": 0.020241134807417883, ""33"": -0.016812459902293648, ""34"": -0.12205535361940176, ""35"": 0.10248635490473076, ""36"": -0.0015372706074747733, ""37"": 0.10828715660430958, ""38"": -0.14102750306377715, ""39"": -0.02641754040521515, ""40"": 0.0014940250307303813, ""41"": -0.11167826998014319, ""42"": -0.13728849899647824, ""43"": -0.006722824376130623, ""44"": -0.003865266747907709, ""45"": -0.07834419962813234, ""46"": 0.018340189891429427, ""47"": -0.019188175500054475, ""48"": 0.6276096202712199}","[6, 7, 10, 11, 12, 13, 14, 17, 18, 21, 24, 27, 30, 31, 34, 35, 37, 38, 41, 42, 45, 48]","{""24"": 5661.320726835426, ""48"": 10220.55437737083}","{""24"": 0.0, ""48"": 0.0}",971.4828323204898,1123.3906233633045,16.162187203994993,24,1.0,False,,,,,,False
Austria,2024-12-25,Christmas holiday / cold season,2024-12-24T08:00:00+01:00,2024-12-24T07:00:00+00:00,2024-12-24T07:00:00+00:00,24,ordinary,enhanced_ordinary_arima_p4_d1_q1,,4,1,1,n,identity,False,,completed,,success,converged,True,True,True,True,True,8792,6,-58751.45564828919,117514.91129657836,117514.92085833136,117557.40019907749,1.3259491207912035,2.170475773534651,"[""DeprecationWarning: Setting the shape on a NumPy array has been deprecated in NumPy 2.5.\nAs an alternative, you can create a new view using np.reshape (with copy=False if needed).""]",[],0,8768,True,joint Ljung-Box and residual ACF rule,"{""1"": 0.002601038911583466, ""2"": -0.038735082194442313, ""3"": -0.08017242030905984, ""4"": 0.06849957902561292, ""5"": 0.03972165854355748, ""6"": -0.15635380501076585, ""7"": -0.10227955790065964, ""8"": -0.03083346211964277, ""9"": -0.04597202473736432, ""10"": -0.18077222351055222, ""11"": 0.07835747492279688, ""12"": 0.003157792587894852, ""13"": 0.08181444863580137, ""14"": -0.18381601334381112, ""15"": -0.04847251577424135, ""16"": -0.040732582587829136, ""17"": -0.10558161273302298, ""18"": -0.15792202438806732, ""19"": 0.03218431725223658, ""20"": 0.06858336249084435, ""21"": -0.10076185969802234, ""22"": 0.0024514616439661363, ""23"": 0.04249021502767384, ""24"": 0.777920662641958, ""25"": 0.02696790808189236, ""26"": 0.013580085480688446, ""27"": -0.09396616520634765, ""28"": 0.06620338096101669, ""29"": 0.025912623055503882, ""30"": -0.15871862291456335, ""31"": -0.11124282117402957, ""32"": -0.021208669227607002, ""33"": -0.03638921105568855, ""34"": -0.16267121208280777, ""35"": 0.08148468602966806, ""36"": -0.014503058557457633, ""37"": 0.08987658554464442, ""38"": -0.1727884048727996, ""39"": -0.03548950964689495, ""40"": -0.030700127888690386, ""41"": -0.11349645051765742, ""42"": -0.15666444347610115, ""43"": 0.026676328032863662, ""44"": 0.059578387839909236, ""45"": -0.09089158032474043, ""46"": 0.03535459522586375, ""47"": 0.022877103964315734, ""48"": 0.6912175785763034}","[3, 4, 6, 7, 10, 11, 13, 14, 17, 18, 20, 21, 24, 27, 28, 30, 31, 34, 35, 37, 38, 41, 42, 44, 45, 48]","{""24"": 6984.189965352365, ""48"": 12776.39382778092}","{""24"": 0.0, ""48"": 0.0}",742.1297901972994,912.7844303728089,12.492241562860851,24,1.0,False,,,,,,False
Austria,2024-12-25,Christmas holiday / cold season,2024-12-24T08:00:00+01:00,2024-12-24T07:00:00+00:00,2024-12-24T07:00:00+00:00,24,ordinary,enhanced_ordinary_arima_p4_d1_q2,,4,1,2,n,identity,False,,completed,,success,converged,True,True,True,True,True,8792,7,-58705.436870524325,117424.87374104864,117424.88649150402,117474.4441272976,1.472450668693508,1.296425245567444,"[""DeprecationWarning: Setting the shape on a NumPy array has been deprecated in NumPy 2.5.\nAs an alternative, you can create a new view using np.reshape (with copy=False if needed)."", ""UserWarning: Non-stationary starting autoregressive parameters found. Using zeros as starting parameters."", ""UserWarning: Non-invertible starting MA parameters found. Using zeros as starting parameters.""]",[],0,8768,True,joint Ljung-Box and residual ACF rule,"{""1"": -0.01842555620171728, ""2"": -0.02332721980193105, ""3"": -0.018399821682147884, ""4"": 0.03615591477193368, ""5"": -0.05492329292292423, ""6"": -0.12244424082750366, ""7"": -0.13548779908912573, ""8"": -0.03903773304177868, ""9"": -0.01669543659671173, ""10"": -0.1663305328975839, ""11"": 0.09433965072101604, ""12"": 0.02519928171179528, ""13"": 0.09605427728088514, ""14"": -0.16682470990943457, ""15"": -0.028583950662832664, ""16"": -0.04376483615021286, ""17"": -0.1292308865296028, ""18"": -0.14575819234714205, ""19"": -0.035328852055181534, ""20"": 0.047189744105146064, ""21"": -0.06507820197404621, ""22"": 0.023992651657132182, ""23"": 0.03568248863872486, ""24"": 0.7657009788126352, ""25"": 0.01698547784582186, ""26"": 0.03875277820492132, ""27"": -0.06095106690349694, ""28"": 0.040394397882703055, ""29"": -0.03859087026604702, ""30"": -0.14720396054697027, ""31"": -0.1345819889366722, ""32"": -0.02320916623281731, ""33"": -0.021396661809789285, ""34"": -0.145002962522929, ""35"": 0.09970299331192675, ""36"": 0.003411704954439491, ""37"": 0.10837537674110864, ""38"": -0.15725557298836593, ""39"": -0.023574955717416326, ""40"": -0.028931740532219325, ""41"": -0.13703932613665973, ""42"": -0.14959272674602936, ""43"": -0.0267004666445447, ""44"": 0.0370480966161039, ""45"": -0.06581292786372668, ""46"": 0.06085734602593142, ""47"": 0.01753678119645844, ""48"": 0.6782924212030474}","[5, 6, 7, 10, 11, 13, 14, 17, 18, 21, 24, 27, 30, 31, 34, 35, 37, 38, 41, 42, 45, 46, 48]","{""24"": 6606.753291944085, ""48"": 12159.50690367695}","{""24"": 0.0, ""48"": 0.0}",860.8932944738503,1029.1976510018465,14.41636792784832,24,1.0,False,,,,,,False
Germany,2024-01-01,New Year holiday / cold season,2023-12-31T18:00:00+01:00,2023-12-31T17:00:00+00:00,2023-12-31T17:00:00+00:00,24,ordinary,enhanced_ordinary_arima_p1_d1_q1,,1,1,1,n,identity,False,,completed,,success,converged,True,True,True,True,True,186,3,-1634.2451481600192,3274.4902963200384,3274.6221644519064,3284.151363795273,2.3660074099004,6.44603387852028,"[""DeprecationWarning: Setting the shape on a NumPy array has been deprecated in NumPy 2.5.\nAs an alternative, you can create a new view using np.reshape (with copy=False if needed).""]",[],0,162,True,joint Ljung-Box and residual ACF rule,"{""1"": 0.7193543753351479, ""2"": 0.34927529868286344, ""3"": 0.06869722258425869, ""4"": -0.04265725243444003, ""5"": -0.05574206378065527, ""6"": -0.13691274280088325, ""7"": -0.2279601219152964, ""8"": -0.25991617458409105, ""9"": -0.20911761733326387, ""10"": -0.17510750094622052, ""11"": -0.20456300471807795, ""12"": -0.2519374931565277, ""13"": -0.21946144541876034, ""14"": -0.20505365325514918, ""15"": -0.25046437652551856, ""16"": -0.29988924270162814, ""17"": -0.262821623387473, ""18"": -0.14870736543959634, ""19"": -0.04684995418860484, ""20"": -0.009695199115730387, ""21"": 0.08205139942625411, ""22"": 0.30342236703392383, ""23"": 0.6189738183629604, ""24"": 0.7711197965179759, ""25"": 0.6001660622929794, ""26"": 0.3018369886626541, ""27"": 0.06655110251727657, ""28"": -0.028050635050121144, ""29"": -0.042628214363325825, ""30"": -0.11343635254131904, ""31"": -0.20323039929951395, ""32"": -0.2142394253469027, ""33"": -0.16342222282286073, ""34"": -0.12758456735502463, ""35"": -0.1670240144817472, ""36"": -0.1904225746425668, ""37"": -0.17943704452487683, ""38"": -0.1844582256022423, ""39"": -0.2527598388280278, ""40"": -0.2895288421465025, ""41"": -0.27455284148511405, ""42"": -0.1629976469442212, ""43"": -0.021925797802010472, ""44"": 0.04412567757131322, ""45"": 0.11484428368260709, ""46"": 0.2780934660919392, ""47"": 0.49071291489228763, ""48"": 0.5862631454787719}","[1, 2, 7, 8, 9, 11, 12, 13, 14, 15, 16, 17, 22, 23, 24, 25, 26, 31, 32, 39, 40, 41, 46, 47, 48]","{""24"": 430.0315956448478, ""48"": 787.3868338631951}","{""24"": 2.543003274218544e-77, ""48"": 1.2267011103073605e-135}",11416.589767547914,12238.806897683911,28.200180458610458,24,1.0,False,,,,,,False
Germany,2024-01-01,New Year holiday / cold season,2023-12-31T18:00:00+01:00,2023-12-31T17:00:00+00:00,2023-12-31T17:00:00+00:00,24,ordinary,enhanced_ordinary_arima_p1_d1_q2,,1,1,2,n,identity,False,,completed,,success,converged,True,True,True,True,True,186,4,-1633.9254002138937,3275.850800427788,3276.0717949029254,3288.7322237281005,4.489313480963056,3.366946061572824,"[""DeprecationWarning: Setting the shape on a NumPy array has been deprecated in NumPy 2.5.\nAs an alternative, you can create a new view using np.reshape (with copy=False if needed).""]",[],0,162,True,joint Ljung-Box and residual ACF rule,"{""1"": 0.7177917861070241, ""2"": 0.3442697628809844, ""3"": 0.07438472534751796, ""4"": -0.030269122673031622, ""5"": -0.0430722591958407, ""6"": -0.1303993950206242, ""7"": -0.23009329970075024, ""8"": -0.2649060481091376, ""9"": -0.2125682514440384, ""10"": -0.17743297176274705, ""11"": -0.21311017105968716, ""12"": -0.26368593530900364, ""13"": -0.22774343977612516, ""14"": -0.20780763320491732, ""15"": -0.25283133533131524, ""16"": -0.30412774776026086, ""17"": -0.26526714949045743, ""18"": -0.1437367176617856, ""19"": -0.03679776325760086, ""20"": -0.00010062313435791466, ""21"": 0.0843716341389293, ""22"": 0.3000718987030348, ""23"": 0.6175057487158762, ""24"": 0.7712589359958818, ""25"": 0.5990652225268747, ""26"": 0.3003136914382703, ""27"": 0.06989295688761288, ""28"": -0.0187627933517702, ""29"": -0.032038317895419006, ""30"": -0.10743231560553058, ""31"": -0.2049142691823915, ""32"": -0.21821947024925578, ""33"": -0.1653073962149489, ""34"": -0.13044235961293865, ""35"": -0.1752122437027018, ""36"": -0.20138623599233324, ""37"": -0.18623870929088313, ""38"": -0.18778369098249012, ""39"": -0.25389316045851884, ""40"": -0.291146347969657, ""41"": -0.27537011217085317, ""42"": -0.1599322948075085, ""43"": -0.014300160209729565, ""44"": 0.050587780082950194, ""45"": 0.11521462704746094, ""46"": 0.2751970328352274, ""47"": 0.4891102113719702, ""48"": 0.5871127298352241}","[1, 2, 7, 8, 9, 11, 12, 13, 14, 15, 16, 17, 22, 23, 24, 25, 26, 31, 32, 39, 40, 41, 46, 47, 48]","{""24"": 432.00029050949456, ""48"": 791.362746285899}","{""24"": 2.1614417341200093e-78, ""48"": 4.444294538789571e-137}",11348.91322445392,12175.758657427452,28.039433230293824,24,1.0,False,,,,,,False
Germany,2024-01-01,New Year holiday / cold season,2023-12-31T18:00:00+01:00,2023-12-31T17:00:00+00:00,2023-12-31T17:00:00+00:00,24,ordinary,enhanced_ordinary_arima_p1_d1_q3,,1,1,3,n,identity,False,,failed,AR roots fail stationarity threshold; MA roots fail invertibility threshold,success,converged,True,True,True,False,False,186,5,-1634.1518502451754,3278.303700490351,3278.6370338236843,3294.4054796157425,1.0001096466124386,1.0001005373001595,"[""DeprecationWarning: Setting the shape on a NumPy array has been deprecated in NumPy 2.5.\nAs an alternative, you can create a new view using np.reshape (with copy=False if needed).""]",[],0,162,True,joint Ljung-Box and residual ACF rule,"{""1"": 0.7226813366068296, ""2"": 0.36026575367675984, ""3"": 0.09806971431970543, ""4"": -0.01748695049324465, ""5"": -0.04172869929742868, ""6"": -0.13407640033994966, ""7"": -0.23496608490509674, ""8"": -0.27102331683733366, ""9"": -0.22270363359760223, ""10"": -0.18879617982585722, ""11"": -0.22511860961576344, ""12"": -0.27557255395035024, ""13"": -0.23966746518613963, ""14"": -0.2198641833253462, ""15"": -0.2628959819819825, ""16"": -0.3098133758637568, ""17"": -0.26942034685123584, ""18"": -0.14738069126165437, ""19"": -0.0366610443450843, ""20"": 0.010307640400202349, ""21"": 0.10229067070928231, ""22"": 0.31439964108813484, ""23"": 0.6236235098930665, ""24"": 0.7723298072554274, ""25"": 0.603744278979165, ""26"": 0.3143984821077723, ""27"": 0.08718102993703654, ""28"": -0.008427671724467789, ""29"": -0.030219752675590624, ""30"": -0.10968652704931851, ""31"": -0.2083077378028621, ""32"": -0.22308146683247024, ""33"": -0.17321180726800703, ""34"": -0.14027418305036898, ""35"": -0.185569637988633, ""36"": -0.21217641573058155, ""37"": -0.19676431748883444, ""38"": -0.199498764762781, ""39"": -0.2627775298261613, ""40"": -0.2949147089331313, ""41"": -0.277741720471021, ""42"": -0.16302364649752943, ""43"": -0.014169050255178419, ""44"": 0.05692056991498597, ""45"": 0.1273211108122379, ""46"": 0.2874843207813417, ""47"": 0.49544321543339037, ""48"": 0.5899653625842084}","[1, 2, 7, 8, 9, 11, 12, 13, 14, 15, 16, 17, 22, 23, 24, 25, 26, 31, 32, 36, 39, 40, 41, 46, 47, 48]","{""24"": 448.45270226129884, ""48"": 823.1378250240606}","{""24"": 1.7133948650506184e-82, ""48"": 2.989012409489015e-144}",,,,0,0.0,False,,,,,,False
Germany,2024-01-01,New Year holiday / cold season,2023-12-31T18:00:00+01:00,2023-12-31T17:00:00+00:00,2023-12-31T17:00:00+00:00,24,ordinary,enhanced_ordinary_arima_p2_d1_q1,,2,1,1,n,identity,False,,failed,MA roots fail invertibility threshold,success,converged,True,True,True,True,False,186,4,-1634.6138181134395,3277.227636226879,3277.448630702017,3290.109059527192,1.0110621243271452,1.0002144830146764,"[""DeprecationWarning: Setting the shape on a NumPy array has been deprecated in NumPy 2.5.\nAs an alternative, you can create a new view using np.reshape (with copy=False if needed)."", ""ConvergenceWarning: Maximum Likelihood optimization failed to converge. Check mle_retvals"", ""DeprecationWarning: Setting the shape on a NumPy array has been deprecated in NumPy 2.5.\nAs an alternative, you can create a new view using np.reshape (with copy=False if needed).""]",[],1,162,True,joint Ljung-Box and residual ACF rule,"{""1"": 0.7204589634475445, ""2"": 0.3712440563825768, ""3"": 0.09598063060370463, ""4"": -0.024585970959778228, ""5"": -0.04893214501238035, ""6"": -0.1383610637783466, ""7"": -0.23117476464700373, ""8"": -0.2665857412294862, ""9"": -0.2210706298534055, ""10"": -0.19143561357930294, ""11"": -0.21992728016424115, ""12"": -0.26818436846551036, ""13"": -0.23553651583845567, ""14"": -0.22176688177414317, ""15"": -0.26349032166005226, ""16"": -0.3068358731866544, ""17"": -0.2664621069439882, ""18"": -0.1516507845921535, ""19"": -0.04402892945853951, ""20"": 0.0029457892384615455, ""21"": 0.10315509727485093, ""22"": 0.3197490857412478, ""23"": 0.6235997238738608, ""24"": 0.7706394248119485, ""25"": 0.6043047762552186, ""26"": 0.3190687666536746, ""27"": 0.08841040396085341, ""28"": -0.013193191075166082, ""29"": -0.03625984924286476, ""30"": -0.11338970706278854, ""31"": -0.20471701783917925, ""32"": -0.2185934497863192, ""33"": -0.1736596972888674, ""34"": -0.14082915085714737, ""35"": -0.18112745870427316, ""36"": -0.2046615052626517, ""37"": -0.19506180549332328, ""38"": -0.19912578676258685, ""39"": -0.26472968891464366, ""40"": -0.293898663365344, ""41"": -0.27698346151618186, ""42"": -0.1654405800205343, ""43"": -0.021099156509912946, ""44"": 0.051084492194863614, ""45"": 0.1284675180698628, ""46"": 0.2909230720497932, ""47"": 0.4963958715207814, ""48"": 0.5872619015147973}","[1, 2, 7, 8, 9, 11, 12, 13, 14, 15, 16, 17, 22, 23, 24, 25, 26, 31, 32, 36, 39, 40, 41, 46, 47, 48]","{""24"": 447.4957652440775, ""48"": 821.4700306959137}","{""24"": 1.3021346418764927e-81, ""48"": 2.8696380068837793e-143}",,,,0,0.0,False,,,,,,False
Germany,2024-01-01,New Year holiday / cold season,2023-12-31T18:00:00+01:00,2023-12-31T17:00:00+00:00,2023-12-31T17:00:00+00:00,24,ordinary,enhanced_ordinary_arima_p2_d1_q2,,2,1,2,n,identity,False,,failed,AR roots fail stationarity threshold; MA roots fail invertibility threshold,success,converged,True,True,True,False,False,186,5,-1634.2450556279105,3278.490111255821,3278.8234445891544,3294.5918903812126,1.0019316554919295,1.0018681855765572,"[""DeprecationWarning: Setting the shape on a NumPy array has been deprecated in NumPy 2.5.\nAs an alternative, you can create a new view using np.reshape (with copy=False if needed)."", ""ConvergenceWarning: Maximum Likelihood optimization failed to converge. Check mle_retvals"", ""DeprecationWarning: Setting the shape on a NumPy array has been deprecated in NumPy 2.5.\nAs an alternative, you can create a new view using np.reshape (with copy=False if needed).""]",[],1,162,True,joint Ljung-Box and residual ACF rule,"{""1"": 0.7193865170400449, ""2"": 0.3492541643896591, ""3"": 0.068697487171209, ""4"": -0.0426837169070864, ""5"": -0.05573683403219379, ""6"": -0.1369388281249066, ""7"": -0.22794193369852322, ""8"": -0.25993858539167664, ""9"": -0.2090879255325351, ""10"": -0.1751275232213722, ""11"": -0.2045301461718733, ""12"": -0.251953107797279, ""13"": -0.21943933176773764, ""14"": -0.20507785812149754, ""15"": -0.2504419209786045, ""16"": -0.299914208940695, ""17"": -0.2627893920393261, ""18"": -0.14873516121675454, ""19"": -0.04682871981853192, ""20"": -0.009740025364878353, ""21"": 0.08207367121096555, ""22"": 0.30339764861214147, ""23"": 0.6190220297058291, ""24"": 0.7710968940903377, ""25"": 0.6002100736450274, ""26"": 0.3017953544755067, ""27"": 0.06658298316039925, ""28"": -0.02809813976121143, ""29"": -0.0425950194336249, ""30"": -0.11347880126423456, ""31"": -0.20320254265623358, ""32"": -0.21426905819099262, ""33"": -0.16338474714788934, ""34"": -0.1276084880643922, ""35"": -0.16699105244975948, ""36"": -0.19043513128255915, ""37"": -0.1794177301520696, ""38"": -0.184478375511005, ""39"": -0.25274407202095367, ""40"": -0.2895490251204783, ""41"": -0.27452925723579585, ""42"": -0.16301973797493774, ""43"": -0.021908503584089398, ""44"": 0.04409707919642542, ""45"": 0.11486165631026914, ""46"": 0.278078725720105, ""47"": 0.4907463415714969, ""48"": 0.5862478193273621}","[1, 2, 7, 8, 9, 11, 12, 13, 14, 15, 16, 17, 22, 23, 24, 25, 26, 31, 32, 39, 40, 41, 46, 47, 48]","{""24"": 430.0383742959104, ""48"": 787.4008115378475}","{""24"": 1.1731777344921993e-78, ""48"": 6.7915071691013485e-137}",,,,0,0.0,False,,,,,,False
Germany,2024-01-01,New Year holiday / cold season,2023-12-31T18:00:00+01:00,2023-12-31T17:00:00+00:00,2023-12-31T17:00:00+00:00,24,ordinary,enhanced_ordinary_arima_p2_d1_q3,,2,1,3,n,identity,False,,failed,AR roots fail stationarity threshold; MA roots fail invertibility threshold,success,converged,True,True,True,False,False,186,6,-1616.7774784601752,3245.5549569203504,3246.0242306633672,3264.8770918708205,1.0012483017760658,1.0000002849183658,"[""DeprecationWarning: Setting the shape on a NumPy array has been deprecated in NumPy 2.5.\nAs an alternative, you can create a new view using np.reshape (with copy=False if needed)."", ""ConvergenceWarning: Maximum Likelihood optimization failed to converge. Check mle_retvals"", ""DeprecationWarning: Setting the shape on a NumPy array has been deprecated in NumPy 2.5.\nAs an alternative, you can create a new view using np.reshape (with copy=False if needed).""]",[],1,162,True,joint Ljung-Box and residual ACF rule,"{""1"": 0.661449893816415, ""2"": 0.21065187579347147, ""3"": -0.14096787334172334, ""4"": -0.2669335925197019, ""5"": -0.2394448944692594, ""6"": -0.256141055859287, ""7"": -0.2604081878810558, ""8"": -0.19749260279956152, ""9"": -0.048647370075922916, ""10"": 0.06325552189980357, ""11"": 0.08441336565838496, ""12"": 0.05234145829417191, ""13"": 0.06766668916582073, ""14"": 0.02783650712516056, ""15"": -0.09644847660151482, ""16"": -0.23334660962131465, ""17"": -0.27102523570336456, ""18"": -0.21938949326122004, ""19"": -0.1660360339599415, ""20"": -0.16373065690734512, ""21"": -0.0673938335376928, ""22"": 0.1957601711832247, ""23"": 0.5638295987052107, ""24"": 0.7295282098853044, ""25"": 0.5125978839736124, ""26"": 0.143033384182094, ""27"": -0.14523449311963643, ""28"": -0.24850987424926513, ""29"": -0.22588943132142134, ""30"": -0.23462919127734622, ""31"": -0.2497355156265876, ""32"": -0.1695761028772256, ""33"": -0.02565544477608043, ""34"": 0.08988248315356141, ""35"": 0.09654047498142564, ""36"": 0.0946289573039888, ""37"": 0.08863678613809864, ""38"": 0.03471185435262092, ""39"": -0.11003589351975056, ""40"": -0.22280269723027668, ""41"": -0.27110215865798104, ""42"": -0.20537146681400423, ""43"": -0.09525943086585298, ""44"": -0.05201999057632293, ""45"": 0.015358075944341711, ""46"": 0.19862002108046892, ""47"": 0.43610615154160876, ""48"": 0.5271286477367703}","[1, 2, 4, 5, 6, 7, 16, 17, 18, 23, 24, 25, 28, 29, 30, 31, 40, 41, 42, 47, 48]","{""24"": 353.3216258587845, ""48"": 631.367728867496}","{""24"": 2.1015957724549894e-63, ""48"": 1.3162016918409651e-105}",,,,0,0.0,False,,,,,,False
Germany,2024-01-01,New Year holiday / cold season,2023-12-31T18:00:00+01:00,2023-12-31T17:00:00+00:00,2023-12-31T17:00:00+00:00,24,ordinary,enhanced_ordinary_arima_p3_d1_q1,,3,1,1,n,identity,False,,failed,MA roots fail invertibility threshold,success,converged,True,True,True,True,False,186,5,-1633.6427178465165,3277.285435693033,3277.6187690263664,3293.3872148184246,1.0256744982752373,1.0005234004115753,"[""DeprecationWarning: Setting the shape on a NumPy array has been deprecated in NumPy 2.5.\nAs an alternative, you can create a new view using np.reshape (with copy=False if needed)."", ""ConvergenceWarning: Maximum Likelihood optimization failed to converge. Check mle_retvals"", ""DeprecationWarning: Setting the shape on a NumPy array has been deprecated in NumPy 2.5.\nAs an alternative, you can create a new view using np.reshape (with copy=False if needed).""]",[],1,162,True,joint Ljung-Box and residual ACF rule,"{""1"": 0.7120019453341556, ""2"": 0.3291586352374321, ""3"": 0.05152696813401221, ""4"": -0.04802790761315664, ""5"": -0.049199994277165315, ""6"": -0.1267777015647402, ""7"": -0.22043232576178218, ""8"": -0.25193361495798794, ""9"": -0.1972757989882004, ""10"": -0.16081129175781483, ""11"": -0.19449360487394235, ""12"": -0.24485744901313386, ""13"": -0.20953171182293392, ""14"": -0.1916949309451033, ""15"": -0.2397397260960474, ""16"": -0.2945664300062134, ""17"": -0.2597501953558123, ""18"": -0.14372934934400533, ""19"": -0.044352788938811886, ""20"": -0.0169581936134081, ""21"": 0.06386874161585558, ""22"": 0.28411752615247593, ""23"": 0.6096164142875627, ""24"": 0.768696540668377, ""25"": 0.5935485332926266, ""26"": 0.2877029947352676, ""27"": 0.05294702667662898, ""28"": -0.03209711569444155, ""29"": -0.03694415947596271, ""30"": -0.10516395217889456, ""31"": -0.19739297956736696, ""32"": -0.207848865877394, ""33"": -0.15309391083135718, ""34"": -0.11637642607706022, ""35"": -0.1593153897220542, ""36"": -0.18482869169690985, ""37"": -0.17048508040243426, ""38"": -0.173435419016469, ""39"": -0.24370628480498432, ""40"": -0.2856957708289679, ""41"": -0.27401485484654875, ""42"": -0.16194997285450408, ""43"": -0.0212012779339031, ""44"": 0.03776141730107439, ""45"": 0.09942776109292112, ""46"": 0.2612086128539874, ""47"": 0.4803416130090741, ""48"": 0.5822408838415045}","[1, 2, 7, 8, 12, 13, 15, 16, 17, 22, 23, 24, 25, 26, 32, 39, 40, 41, 46, 47, 48]","{""24"": 411.5319797978548, ""48"": 752.2819619789423}","{""24"": 8.258268652732377e-75, ""48"": 1.1039396269817313e-129}",,,,0,0.0,False,,,,,,False
Germany,2024-01-01,New Year holiday / cold season,2023-12-31T18:00:00+01:00,2023-12-31T17:00:00+00:00,2023-12-31T17:00:00+00:00,24,ordinary,enhanced_ordinary_arima_p3_d1_q2,,3,1,2,n,identity,False,,failed,AR roots fail stationarity threshold; MA roots fail invertibility threshold,success,converged,True,True,True,False,False,186,6,-1622.7712739811245,3257.542547962249,3258.011821705266,3276.864682912719,1.0072795428109127,1.0028268064383818,"[""DeprecationWarning: Setting the shape on a NumPy array has been deprecated in NumPy 2.5.\nAs an alternative, you can create a new view using np.reshape (with copy=False if needed)."", ""UserWarning: Non-stationary starting autoregressive parameters found. Using zeros as starting parameters."", ""UserWarning: Non-invertible starting MA parameters found. Using zeros as starting parameters."", ""ConvergenceWarning: Maximum Likelihood optimization failed to converge. Check mle_retvals"", ""DeprecationWarning: Setting the shape on a NumPy array has been deprecated in NumPy 2.5.\nAs an alternative, you can create a new view using np.reshape (with copy=False if needed)."", ""UserWarning: Non-stationary starting autoregressive parameters found. Using zeros as starting parameters."", ""UserWarning: Non-invertible starting MA parameters found. Using zeros as starting parameters.""]",[],1,162,True,joint Ljung-Box and residual ACF rule,"{""1"": 0.689987617950074, ""2"": 0.26594474980403254, ""3"": -0.065926468814985, ""4"": -0.19844619443454392, ""5"": -0.19631957520641324, ""6"": -0.23765617086255458, ""7"": -0.26897996299666466, ""8"": -0.23228395482702588, ""9"": -0.1121643387964758, ""10"": -0.01974573290216614, ""11"": -0.008100548011171166, ""12"": -0.03796030425704087, ""13"": -0.01624272466155018, ""14"": -0.03977947584515105, ""15"": -0.1404313036431208, ""16"": -0.2503823366459367, ""17"": -0.26766327592391936, ""18"": -0.19760946447390754, ""19"": -0.12509663939318869, ""20"": -0.10253827461270505, ""21"": -9.421351629170512e-05, ""22"": 0.25107124700866085, ""23"": 0.5952130491959361, ""24"": 0.7481655051325325, ""25"": 0.5432592883063688, ""26"": 0.19362449008108892, ""27"": -0.08429010839150494, ""28"": -0.19402558122981903, ""29"": -0.1922870705678893, ""30"": -0.22160147031920976, ""31"": -0.25575595182254574, ""32"": -0.19913517851549606, ""33"": -0.07880370995526272, ""34"": 0.017456472537364088, ""35"": 0.01782468063954425, ""36"": 0.014480459305201776, ""37"": 0.015785978654014016, ""38"": -0.02458504023495579, ""39"": -0.14608210937249314, ""40"": -0.23947365910345153, ""41"": -0.2713829816293106, ""42"": -0.1947526331194651, ""43"": -0.07501633111558288, ""44"": -0.01913707561449007, ""45"": 0.05538216640434553, ""46"": 0.23374423606667102, ""47"": 0.4591706086178923, ""48"": 0.5478648598136631}","[1, 2, 6, 7, 8, 16, 17, 22, 23, 24, 25, 30, 31, 40, 41, 46, 47, 48]","{""24"": 365.9777295789219, ""48"": 654.5496988474914}","{""24"": 5.052188574183901e-66, ""48"": 2.543298277779079e-110}",,,,0,0.0,False,,,,,,False
Germany,2024-01-01,New Year holiday / cold season,2023-12-31T18:00:00+01:00,2023-12-31T17:00:00+00:00,2023-12-31T17:00:00+00:00,24,ordinary,enhanced_ordinary_arima_p3_d1_q3,,3,1,3,n,identity,False,,failed,AR roots fail stationarity threshold; MA roots fail invertibility threshold,success,converged,True,True,True,False,False,186,7,-1630.8569545167343,3275.7139090334686,3276.3431225166146,3298.256399809017,1.000000197294217,1.000000040523522,"[""DeprecationWarning: Setting the shape on a NumPy array has been deprecated in NumPy 2.5.\nAs an alternative, you can create a new view using np.reshape (with copy=False if needed)."", ""ConvergenceWarning: Maximum Likelihood optimization failed to converge. Check mle_retvals"", ""DeprecationWarning: Setting the shape on a NumPy array has been deprecated in NumPy 2.5.\nAs an alternative, you can create a new view using np.reshape (with copy=False if needed).""]",[],1,162,True,joint Ljung-Box and residual ACF rule,"{""1"": 0.6992119155427252, ""2"": 0.2916690270961525, ""3"": 0.0036712497060825806, ""4"": -0.08073377063918197, ""5"": -0.056265830159832594, ""6"": -0.1140652353916543, ""7"": -0.1980172716390703, ""8"": -0.2239145250029227, ""9"": -0.1651160584547695, ""10"": -0.12773287320241136, ""11"": -0.16334615997217647, ""12"": -0.21559300736288664, ""13"": -0.17978322428181007, ""14"": -0.16244235572366647, ""15"": -0.2155813862052685, ""16"": -0.27728141082767843, ""17"": -0.24904780025842382, ""18"": -0.1406117203291915, ""19"": -0.054608840524250024, ""20"": -0.047340767930511875, ""21"": 0.022043686202870803, ""22"": 0.2500670463600547, ""23"": 0.5939454012222116, ""24"": 0.7625172210828518, ""25"": 0.577145527057972, ""26"": 0.253307217427541, ""27"": 0.011561286887549815, ""28"": -0.06117147298109287, ""29"": -0.045799485398989634, ""30"": -0.09866593877913549, ""31"": -0.18299019316379264, ""32"": -0.1884156198275101, ""33"": -0.12871182052306498, ""34"": -0.09024868296746731, ""35"": -0.13418034847564755, ""36"": -0.15987509567111427, ""37"": -0.14459492490324927, ""38"": -0.14838571527206393, ""39"": -0.22453811831978338, ""40"": -0.27549940220649816, ""41"": -0.26985474212290617, ""42"": -0.1619525738704284, ""43"": -0.028664215609673287, ""44"": 0.017082898295048006, ""45"": 0.0689965297989451, ""46"": 0.23304686683319026, ""47"": 0.463258903249286, ""48"": 0.5723626182997262}","[1, 2, 8, 12, 15, 16, 17, 22, 23, 24, 25, 26, 39, 40, 41, 46, 47, 48]","{""24"": 374.73826945097716, ""48"": 681.3950048014228}","{""24"": 1.6654292737545977e-68, ""48"": 2.1105642063840206e-116}",,,,0,0.0,False,,,,,,False
Germany,2024-01-01,New Year holiday / cold season,2023-12-31T18:00:00+01:00,2023-12-31T17:00:00+00:00,2023-12-31T17:00:00+00:00,24,ordinary,enhanced_ordinary_arima_p4_d1_q1,,4,1,1,n,identity,False,,failed,AR roots fail stationarity threshold; MA roots fail invertibility threshold,success,converged,True,True,True,False,False,186,6,-1633.9507937449903,3279.9015874899806,3280.3708612329974,3299.2237224404507,1.0000128685298992,1.0000081760914459,"[""DeprecationWarning: Setting the shape on a NumPy array has been deprecated in NumPy 2.5.\nAs an alternative, you can create a new view using np.reshape (with copy=False if needed).""]",[],0,162,True,joint Ljung-Box and residual ACF rule,"{""1"": 0.7179119316802773, ""2"": 0.3454812755155409, ""3"": 0.07539027027104521, ""4"": -0.03138225578191419, ""5"": -0.044108920940951334, ""6"": -0.13089083310511512, ""7"": -0.2297133714702023, ""8"": -0.2643283223331661, ""9"": -0.2130207532739674, ""10"": -0.1780253758880181, ""11"": -0.21298364524767135, ""12"": -0.263122150108082, ""13"": -0.2275778542675268, ""14"": -0.20841749595756182, ""15"": -0.2533673315086909, ""16"": -0.30369041355390436, ""17"": -0.264858906195738, ""18"": -0.14408960405004376, ""19"": -0.03786243877837711, ""20"": -0.0007059883717750997, ""21"": 0.0851540041410879, ""22"": 0.3010243788975764, ""23"": 0.6178145254348113, ""24"": 0.771128366776534, ""25"": 0.5991507840488558, ""26"": 0.3012661804362509, ""27"": 0.07050935661222367, ""28"": -0.019324115689570997, ""29"": -0.03295825384087882, ""30"": -0.10790701006371488, ""31"": -0.20454740860091486, ""32"": -0.21780841131747003, ""33"": -0.1657403320229961, ""34"": -0.1309302910140058, ""35"": -0.17495947356676989, ""36"": -0.20092800720616916, ""37"": -0.18605374296881647, ""38"": -0.18827916454735824, ""39"": -0.2544299649114987, ""40"": -0.2909343539032819, ""41"": -0.2750810622569943, ""42"": -0.16026052010113884, ""43"": -0.014959545011705065, ""44"": 0.05010471529548839, ""45"": 0.11573249793933368, ""46"": 0.27617437556045715, ""47"": 0.4893378621489594, ""48"": 0.5869651519237448}","[1, 2, 7, 8, 9, 11, 12, 13, 14, 15, 16, 17, 22, 23, 24, 25, 26, 31, 32, 39, 40, 41, 46, 47, 48]","{""24"": 432.36135632926386, ""48"": 792.0416270470763}","{""24"": 7.954096601330516e-80, ""48"": 1.7455689286827927e-138}",,,,0,0.0,False,,,,,,False
Germany,2024-01-01,New Year holiday / cold season,2023-12-31T18:00:00+01:00,2023-12-31T17:00:00+00:00,2023-12-31T17:00:00+00:00,24,ordinary,enhanced_ordinary_arima_p4_d1_q2,,4,1,2,n,identity,False,,failed,MA roots fail invertibility threshold,success,converged,True,True,True,True,False,186,7,-1633.2797361453377,3280.5594722906753,3281.1886857738214,3303.1019630662236,1.026340681527938,1.0000000750730234,"[""DeprecationWarning: Setting the shape on a NumPy array has been deprecated in NumPy 2.5.\nAs an alternative, you can create a new view using np.reshape (with copy=False if needed)."", ""UserWarning: Non-stationary starting autoregressive parameters found. Using zeros as starting parameters."", ""UserWarning: Non-invertible starting MA parameters found. Using zeros as starting parameters."", ""ConvergenceWarning: Maximum Likelihood optimization failed to converge. Check mle_retvals"", ""DeprecationWarning: Setting the shape on a NumPy array has been deprecated in NumPy 2.5.\nAs an alternative, you can create a new view using np.reshape (with copy=False if needed)."", ""UserWarning: Non-stationary starting autoregressive parameters found. Using zeros as starting parameters."", ""UserWarning: Non-invertible starting MA parameters found. Using zeros as starting parameters.""]",[],1,162,True,joint Ljung-Box and residual ACF rule,"{""1"": 0.7151816341480296, ""2"": 0.3413080227881631, ""3"": 0.07311771378661265, ""4"": -0.03933506121328267, ""5"": -0.05643794078067392, ""6"": -0.13260831959825872, ""7"": -0.22597235854898212, ""8"": -0.2605878599589261, ""9"": -0.20562857427262063, ""10"": -0.17093273828734945, ""11"": -0.20722987239878116, ""12"": -0.252299159544585, ""13"": -0.2201368258259798, ""14"": -0.2099960837244555, ""15"": -0.2499703491997638, ""16"": -0.2974900278353663, ""17"": -0.26294150148088746, ""18"": -0.14394629125563838, ""19"": -0.045292791972696284, ""20"": -0.011897496949876239, ""21"": 0.08261527740402573, ""22"": 0.3024572363172289, ""23"": 0.6142661364529213, ""24"": 0.7671072476314429, ""25"": 0.5977519996530356, ""26"": 0.2980609168008746, ""27"": 0.06648746371852156, ""28"": -0.02341459204986246, ""29"": -0.042000694573411726, ""30"": -0.11207585905474915, ""31"": -0.20057930558835244, ""32"": -0.21427271120005742, ""33"": -0.16014179021033398, ""34"": -0.12380843771194469, ""35"": -0.16900595469171723, ""36"": -0.19208086902300023, ""37"": -0.17879992231402217, ""38"": -0.18945359953970234, ""39"": -0.25295692035711426, ""40"": -0.28511277897431736, ""41"": -0.2729875253179496, ""42"": -0.1615000918337385, ""43"": -0.019946827729352308, ""44"": 0.04386705422826246, ""45"": 0.11287941549461333, ""46"": 0.27668411951178434, ""47"": 0.4892049786341651, ""48"": 0.5808794434348813}","[1, 2, 7, 8, 9, 11, 12, 13, 14, 15, 16, 17, 22, 23, 24, 25, 26, 32, 39, 40, 41, 46, 47, 48]","{""24"": 425.09312034447805, ""48"": 778.3816529594146}","{""24"": 5.283157902152423e-79, ""48"": 2.609439731822729e-136}",,,,0,0.0,False,,,,,,False
Germany,2024-01-08,Monday / cold season,2024-01-07T18:00:00+01:00,2024-01-07T17:00:00+00:00,2024-01-07T17:00:00+00:00,24,ordinary,enhanced_ordinary_arima_p1_d1_q1,,1,1,1,n,identity,False,,completed,,success,converged,True,True,True,True,True,354,3,-3104.7950633740643,6215.590126748129,6215.6586981767,6227.1895309189285,2.2774925703785573,12.719123353375563,"[""DeprecationWarning: Setting the shape on a NumPy array has been deprecated in NumPy 2.5.\nAs an alternative, you can create a new view using np.reshape (with copy=False if needed).""]",[],0,330,True,joint Ljung-Box and residual ACF rule,"{""1"": 0.6420717054039367, ""2"": 0.3118350932054616, ""3"": 0.0726273637228099, ""4"": -0.019012257010371375, ""5"": -0.01592936244581176, ""6"": -0.12290818636360311, ""7"": -0.23361019146935288, ""8"": -0.25760842052596106, ""9"": -0.208113830096988, ""10"": -0.17276798691958206, ""11"": -0.2049755597434566, ""12"": -0.2824373760684382, ""13"": -0.21341129519697094, ""14"": -0.18710113230796768, ""15"": -0.2351398810767521, ""16"": -0.2814260657463145, ""17"": -0.25988358175791637, ""18"": -0.1278916939556539, ""19"": 0.0030216269676442697, ""20"": 0.0031276913217961094, ""21"": 0.07509910133967039, ""22"": 0.26113723850389914, ""23"": 0.5671404034299141, ""24"": 0.7949000178758363, ""25"": 0.5952698539191317, ""26"": 0.30728124559387343, ""27"": 0.08122902933942099, ""28"": 0.000612914558066111, ""29"": -0.0060724645554225175, ""30"": -0.11348873441748573, ""31"": -0.22342004503752388, ""32"": -0.2255227820412654, ""33"": -0.18752360022610523, ""34"": -0.15675698036649932, ""35"": -0.19626310403006877, ""36"": -0.260958375093959, ""37"": -0.19320686387741598, ""38"": -0.16431795387837259, ""39"": -0.2262712731438252, ""40"": -0.2505511801347984, ""41"": -0.2666193854374341, ""42"": -0.13396848680299817, ""43"": 0.01782666793163097, ""44"": 0.03094446223570361, ""45"": 0.08522050113640287, ""46"": 0.24029825912203714, ""47"": 0.47746944981301287, ""48"": 0.6631595602489386}","[1, 2, 7, 8, 9, 10, 11, 12, 13, 14, 15, 16, 17, 22, 23, 24, 25, 26, 31, 32, 33, 34, 35, 36, 37, 38, 39, 40, 41, 46, 47, 48]","{""24"": 756.2660043390042, ""48"": 1408.954976063386}","{""24"": 1.0167507225920168e-145, ""48"": 4.627886493619456e-265}",7368.681857921246,8409.108930292397,12.780268705336212,24,1.0,False,,,,,,False
Germany,2024-01-08,Monday / cold season,2024-01-07T18:00:00+01:00,2024-01-07T17:00:00+00:00,2024-01-07T17:00:00+00:00,24,ordinary,enhanced_ordinary_arima_p1_d1_q2,,1,1,2,n,identity,False,,completed,,success,converged,True,True,True,True,True,354,4,-3104.004201736608,6216.008403473216,6216.123016653732,6231.47427570095,3.8250125777851047,2.5708500532540723,"[""DeprecationWarning: Setting the shape on a NumPy array has been deprecated in NumPy 2.5.\nAs an alternative, you can create a new view using np.reshape (with copy=False if needed).""]",[],0,330,True,joint Ljung-Box and residual ACF rule,"{""1"": 0.6407941433738918, ""2"": 0.3009417374870919, ""3"": 0.08971608855124187, ""4"": -0.0003459842720677865, ""5"": -0.0010110773232163103, ""6"": -0.11600414780364925, ""7"": -0.2379696988882129, ""8"": -0.263552869940761, ""9"": -0.21394205613111653, ""10"": -0.17448592088383377, ""11"": -0.21805878284106445, ""12"": -0.30067280175764993, ""13"": -0.2260804577010936, ""14"": -0.1901510777627931, ""15"": -0.23934987862005913, ""16"": -0.28669471423816606, ""17"": -0.2650542038150441, ""18"": -0.12300745842534436, ""19"": 0.015145125445318004, ""20"": 0.018817073449909474, ""21"": 0.0845040689790027, ""22"": 0.2572269322482137, ""23"": 0.5651228858205911, ""24"": 0.7947278338003589, ""25"": 0.59386342150078, ""26"": 0.30325447294018393, ""27"": 0.08978054948466657, ""28"": 0.016108261727529036, ""29"": 0.009333480217767118, ""30"": -0.10774788822406224, ""31"": -0.22752460851704526, ""32"": -0.23057743051946922, ""33"": -0.19182094368048988, ""34"": -0.15882050381021695, ""35"": -0.20785630215920223, ""36"": -0.2786273859111047, ""37"": -0.2035396055147408, ""38"": -0.1693781890221692, ""39"": -0.22954180437102897, ""40"": -0.2541112013193355, ""41"": -0.2703547924417447, ""42"": -0.13159637662274337, ""43"": 0.0299725393030053, ""44"": 0.04249864575225856, ""45"": 0.09132706912959421, ""46"": 0.23898985796238026, ""47"": 0.47546911579490736, ""48"": 0.6641354859693278}","[1, 2, 7, 8, 9, 10, 11, 12, 13, 14, 15, 16, 17, 22, 23, 24, 25, 26, 31, 32, 33, 34, 35, 36, 37, 38, 39, 40, 41, 46, 47, 48]","{""24"": 765.6946958162841, ""48"": 1429.1468783069456}","{""24"": 1.6857746875956208e-148, ""48"": 4.601151180693544e-270}",7391.538878460536,8403.818115087344,12.789897722925865,24,1.0,False,,,,,,False
Germany,2024-01-08,Monday / cold season,2024-01-07T18:00:00+01:00,2024-01-07T17:00:00+00:00,2024-01-07T17:00:00+00:00,24,ordinary,enhanced_ordinary_arima_p1_d1_q3,,1,1,3,n,identity,False,,failed,AR roots fail stationarity threshold; MA roots fail invertibility threshold,success,converged,True,True,True,False,False,354,5,-3105.0081184939254,6220.016236987851,6220.188650780954,6239.348577272517,1.006020457283875,1.0017009794026068,"[""DeprecationWarning: Setting the shape on a NumPy array has been deprecated in NumPy 2.5.\nAs an alternative, you can create a new view using np.reshape (with copy=False if needed)."", ""ConvergenceWarning: Maximum Likelihood optimization failed to converge. Check mle_retvals"", ""DeprecationWarning: Setting the shape on a NumPy array has been deprecated in NumPy 2.5.\nAs an alternative, you can create a new view using np.reshape (with copy=False if needed).""]",[],1,330,True,joint Ljung-Box and residual ACF rule,"{""1"": 0.6487953926166545, ""2"": 0.32627412980250103, ""3"": 0.1391653761951869, ""4"": 0.015053901940403904, ""5"": -0.006609209914033946, ""6"": -0.12031217630081666, ""7"": -0.24290750417909068, ""8"": -0.27026811432164166, ""9"": -0.23433701302263785, ""10"": -0.19462182393717414, ""11"": -0.23743669511650328, ""12"": -0.3186205896549105, ""13"": -0.2448734232394153, ""14"": -0.21223589835411286, ""15"": -0.25952671526699234, ""16"": -0.29204459193898286, ""17"": -0.26874193722657325, ""18"": -0.12987358569217386, ""19"": 0.009021704367709793, ""20"": 0.03179888285769314, ""21"": 0.12100763658061318, ""22"": 0.28527330794133127, ""23"": 0.5760111495043084, ""24"": 0.7947664257287227, ""25"": 0.6014808754123359, ""26"": 0.32854359439058556, ""27"": 0.1256837353800697, ""28"": 0.030829293275067844, ""29"": 0.008975354043016264, ""30"": -0.11386245915046755, ""31"": -0.23054283514972956, ""32"": -0.23639157847356398, ""33"": -0.2108422010643706, ""34"": -0.1777402071922302, ""35"": -0.22420563395752321, ""36"": -0.2963548963023844, ""37"": -0.21900431604506976, ""38"": -0.19274576464357757, ""39"": -0.24927364738308208, ""40"": -0.25735403041651517, ""41"": -0.2721335723705957, ""42"": -0.13868053836511204, ""43"": 0.02734956160738172, ""44"": 0.04989162738946368, ""45"": 0.11938427496770868, ""46"": 0.267450027697652, ""47"": 0.48632139683913855, ""48"": 0.6664397610261663}","[1, 2, 7, 8, 9, 10, 11, 12, 13, 14, 15, 16, 17, 22, 23, 24, 25, 26, 31, 32, 33, 34, 35, 36, 37, 38, 39, 40, 41, 46, 47, 48]","{""24"": 817.9443252907934, ""48"": 1531.2403602552308}","{""24"": 2.1916282238144282e-160, ""48"": 2.3087643301320826e-292}",,,,0,0.0,False,,,,,,False
Germany,2024-01-08,Monday / cold season,2024-01-07T18:00:00+01:00,2024-01-07T17:00:00+00:00,2024-01-07T17:00:00+00:00,24,ordinary,enhanced_ordinary_arima_p2_d1_q1,,2,1,1,n,identity,False,,failed,MA roots fail invertibility threshold,success,converged,True,True,True,True,False,354,4,-3101.210315172162,6210.420630344324,6210.53524352484,6225.886502572058,1.0668234071980385,1.0009368527678677,"[""DeprecationWarning: Setting the shape on a NumPy array has been deprecated in NumPy 2.5.\nAs an alternative, you can create a new view using np.reshape (with copy=False if needed).""]",[],0,330,True,joint Ljung-Box and residual ACF rule,"{""1"": 0.6275560463698128, ""2"": 0.2764908429358304, ""3"": 0.0430905782790207, ""4"": -0.026871818346097646, ""5"": -0.0012941116007023725, ""6"": -0.10008608944296316, ""7"": -0.2124034987150676, ""8"": -0.23312233462332393, ""9"": -0.17661861847373736, ""10"": -0.13715037568066368, ""11"": -0.17571927441329677, ""12"": -0.2580973365439881, ""13"": -0.18427590660628268, ""14"": -0.15305862591952135, ""15"": -0.2066919055470637, ""16"": -0.2632985259513922, ""17"": -0.2473155126127042, ""18"": -0.11362393142360414, ""19"": 0.012051110475105304, ""20"": -0.00758069004618621, ""21"": 0.043359563752938715, ""22"": 0.22487732026386625, ""23"": 0.546683531019319, ""24"": 0.7873542991823428, ""25"": 0.5795009643061327, ""26"": 0.27695403143437125, ""27"": 0.052612695723647414, ""28"": -0.009414679283739845, ""29"": 0.0036133330659774902, ""30"": -0.09754978539953751, ""31"": -0.2082064443830478, ""32"": -0.20638413136086797, ""33"": -0.1613997815033439, ""34"": -0.12829467818075685, ""35"": -0.17380429874257983, ""36"": -0.24306371300947882, ""37"": -0.16993699938801027, ""38"": -0.1367189867649627, ""39"": -0.2037406711552067, ""40"": -0.23888489676140395, ""41"": -0.26212081842526425, ""42"": -0.12838282819583322, ""43"": 0.02159538292947113, ""44"": 0.0184509111141747, ""45"": 0.053983550585573505, ""46"": 0.20418693947924205, ""47"": 0.45298350656693853, ""48"": 0.6507104929748319}","[1, 2, 7, 8, 9, 11, 12, 13, 14, 15, 16, 17, 22, 23, 24, 25, 26, 31, 32, 33, 35, 36, 37, 39, 40, 41, 46, 47, 48]","{""24"": 677.5624639185736, ""48"": 1259.6038371561551}","{""24"": 7.26761795883502e-130, ""48"": 2.0015174821521485e-234}",,,,0,0.0,False,,,,,,False
Germany,2024-01-08,Monday / cold season,2024-01-07T18:00:00+01:00,2024-01-07T17:00:00+00:00,2024-01-07T17:00:00+00:00,24,ordinary,enhanced_ordinary_arima_p2_d1_q2,,2,1,2,n,identity,False,,failed,MA roots fail invertibility threshold,success,converged,True,True,True,True,False,354,5,-3101.2218988685363,6212.443797737073,6212.616211530176,6231.776138021739,1.067689440253832,1.0008117666809093,"[""DeprecationWarning: Setting the shape on a NumPy array has been deprecated in NumPy 2.5.\nAs an alternative, you can create a new view using np.reshape (with copy=False if needed)."", ""ConvergenceWarning: Maximum Likelihood optimization failed to converge. Check mle_retvals"", ""DeprecationWarning: Setting the shape on a NumPy array has been deprecated in NumPy 2.5.\nAs an alternative, you can create a new view using np.reshape (with copy=False if needed).""]",[],1,330,True,joint Ljung-Box and residual ACF rule,"{""1"": 0.628151992648754, ""2"": 0.2746785430465133, ""3"": 0.0408288628396844, ""4"": -0.028182651563541453, ""5"": -0.0017641401105876668, ""6"": -0.0998271445281088, ""7"": -0.2120555670407628, ""8"": -0.23250073817269948, ""9"": -0.17545268989921664, ""10"": -0.13559283112151763, ""11"": -0.17441616965593454, ""12"": -0.25650237465890546, ""13"": -0.18291220095410313, ""14"": -0.15152897805033239, ""15"": -0.20549746810468708, ""16"": -0.26285002282615516, ""17"": -0.2470501435506328, ""18"": -0.11333272289635304, ""19"": 0.011764198346768158, ""20"": -0.008556393528449861, ""21"": 0.04137143745955021, ""22"": 0.22337568258287496, ""23"": 0.5466025418746621, ""24"": 0.7875102480517595, ""25"": 0.579634443126358, ""26"": 0.27554316079403834, ""27"": 0.050737569297894025, ""28"": -0.010615044843287706, ""29"": 0.003111964200243022, ""30"": -0.0974441857849938, ""31"": -0.20795053775640546, ""32"": -0.20592828695581888, ""33"": -0.16032622940657099, ""34"": -0.12698224145252804, ""35"": -0.1726656600019566, ""36"": -0.2416825955138556, ""37"": -0.1686759161098587, ""38"": -0.13535811716649732, ""39"": -0.20254124842616975, ""40"": -0.23871394912035554, ""41"": -0.2619638228125691, ""42"": -0.12827263829826502, ""43"": 0.02132764501658769, ""44"": 0.01772358356328956, ""45"": 0.05236924875438509, ""46"": 0.20274738354780822, ""47"": 0.45266259771889095, ""48"": 0.6507285777925779}","[1, 2, 7, 8, 9, 11, 12, 13, 14, 15, 16, 17, 22, 23, 24, 25, 26, 31, 32, 33, 35, 36, 37, 39, 40, 41, 46, 47, 48]","{""24"": 675.6510814097076, ""48"": 1255.6767775095755}","{""24"": 3.1217069540772013e-130, ""48"": 2.4800684482113152e-234}",,,,0,0.0,False,,,,,,False
Germany,2024-01-08,Monday / cold season,2024-01-07T18:00:00+01:00,2024-01-07T17:00:00+00:00,2024-01-07T17:00:00+00:00,24,ordinary,enhanced_ordinary_arima_p2_d1_q3,,2,1,3,n,identity,False,,failed,AR roots fail stationarity threshold; MA roots fail invertibility threshold,success,converged,True,True,True,False,False,354,6,-3066.650874564938,6145.301749129876,6145.54382405783,6168.500557471476,1.0005953359649373,1.000000053589189,"[""DeprecationWarning: Setting the shape on a NumPy array has been deprecated in NumPy 2.5.\nAs an alternative, you can create a new view using np.reshape (with copy=False if needed)."", ""ConvergenceWarning: Maximum Likelihood optimization failed to converge. Check mle_retvals"", ""DeprecationWarning: Setting the shape on a NumPy array has been deprecated in NumPy 2.5.\nAs an alternative, you can create a new view using np.reshape (with copy=False if needed).""]",[],1,330,True,joint Ljung-Box and residual ACF rule,"{""1"": 0.6067849279521795, ""2"": 0.2266647598563299, ""3"": -0.09876956421241727, ""4"": -0.22033446022976896, ""5"": -0.20069183299463747, ""6"": -0.24205908324439745, ""7"": -0.26002609227590323, ""8"": -0.18968876975701426, ""9"": -0.05043945759711464, ""10"": 0.056559005157978764, ""11"": 0.08645475731788525, ""12"": 0.031395501039214964, ""13"": 0.0734654652514308, ""14"": 0.03144092572501383, ""15"": -0.09411791214300831, ""16"": -0.23048481418530137, ""17"": -0.29297573312114406, ""18"": -0.24393995445649536, ""19"": -0.1682543895476036, ""20"": -0.18939673616351824, ""21"": -0.09322101357835641, ""22"": 0.15039596360163085, ""23"": 0.49584078774618395, ""24"": 0.7387573360584876, ""25"": 0.5194386728758685, ""26"": 0.1929366926806756, ""27"": -0.08478121923333555, ""28"": -0.1892921941415373, ""29"": -0.1750423171972713, ""30"": -0.21495685039810547, ""31"": -0.236768462001269, ""32"": -0.14592949156038373, ""33"": -0.02204760894463718, ""34"": 0.07706901896972915, ""35"": 0.09421295345395922, ""36"": 0.05263314171352148, ""37"": 0.0899388206945861, ""38"": 0.05626118736816227, ""39"": -0.08615781288493954, ""40"": -0.19618075330158288, ""41"": -0.2943129288729914, ""42"": -0.2374880696501837, ""43"": -0.1420444409753787, ""44"": -0.14723735287649045, ""45"": -0.07884032590743793, ""46"": 0.11551046235466172, ""47"": 0.38329285112582595, ""48"": 0.577467656105597}","[1, 2, 4, 5, 6, 7, 8, 16, 17, 18, 19, 20, 22, 23, 24, 25, 26, 28, 29, 30, 31, 32, 40, 41, 42, 43, 44, 47, 48]","{""24"": 624.4806162948793, ""48"": 1099.336366581124}","{""24"": 3.421741170513986e-120, ""48"": 2.6670378982751334e-202}",,,,0,0.0,False,,,,,,False
Germany,2024-01-08,Monday / cold season,2024-01-07T18:00:00+01:00,2024-01-07T17:00:00+00:00,2024-01-07T17:00:00+00:00,24,ordinary,enhanced_ordinary_arima_p3_d1_q1,,3,1,1,n,identity,False,,completed,,success,converged,True,True,True,True,True,354,5,-3093.9818196952774,6197.963639390555,6198.136053183658,6217.295979675221,1.335374947066561,1.060457775689536,"[""DeprecationWarning: Setting the shape on a NumPy array has been deprecated in NumPy 2.5.\nAs an alternative, you can create a new view using np.reshape (with copy=False if needed)."", ""ConvergenceWarning: Maximum Likelihood optimization failed to converge. Check mle_retvals"", ""DeprecationWarning: Setting the shape on a NumPy array has been deprecated in NumPy 2.5.\nAs an alternative, you can create a new view using np.reshape (with copy=False if needed).""]",[],1,330,True,joint Ljung-Box and residual ACF rule,"{""1"": 0.6189896418180512, ""2"": 0.24128916364614697, ""3"": 0.015962678551631887, ""4"": -0.026729205528910147, ""5"": 0.021739116878213175, ""6"": -0.0714435874754945, ""7"": -0.19191910765725936, ""8"": -0.2159293246095338, ""9"": -0.15695170524408447, ""10"": -0.11776813557109966, ""11"": -0.16775315760603585, ""12"": -0.2548931691063162, ""13"": -0.1768234598989418, ""14"": -0.13632939818303166, ""15"": -0.1908869874250513, ""16"": -0.25382119713538387, ""17"": -0.23634103437609671, ""18"": -0.09438636134288465, ""19"": 0.028065954174231706, ""20"": -0.011644016445053668, ""21"": 0.013120558972342595, ""22"": 0.18902863680016713, ""23"": 0.5280628795069464, ""24"": 0.778948865399975, ""25"": 0.563779350100504, ""26"": 0.24319439087215117, ""27"": 0.022311965218815847, ""28"": -0.016946995105897533, ""29"": 0.016450207001431356, ""30"": -0.08021567383759554, ""31"": -0.19697366382653655, ""32"": -0.19670056198029007, ""33"": -0.14788942210400388, ""34"": -0.11627941336306552, ""35"": -0.17180066687126125, ""36"": -0.24534246938028256, ""37"": -0.16677115192032624, ""38"": -0.1252460301980747, ""39"": -0.1917531552007428, ""40"": -0.23481639113854957, ""41"": -0.2573295931111767, ""42"": -0.11677012566868597, ""43"": 0.033312503843408905, ""44"": 0.014031650959994417, ""45"": 0.026453819210913773, ""46"": 0.16987790603556743, ""47"": 0.43132089687443154, ""48"": 0.6389609339701129}","[1, 2, 7, 8, 9, 11, 12, 13, 15, 16, 17, 22, 23, 24, 25, 26, 31, 32, 33, 35, 36, 37, 39, 40, 41, 46, 47, 48]","{""24"": 627.7508220374774, ""48"": 1164.6715994104327}","{""24"": 4.067117632496532e-120, ""48"": 2.9579910558377473e-215}",10078.249057273266,10757.94024295082,16.010077510974714,24,1.0,False,,,,,,False
Germany,2024-01-08,Monday / cold season,2024-01-07T18:00:00+01:00,2024-01-07T17:00:00+00:00,2024-01-07T17:00:00+00:00,24,ordinary,enhanced_ordinary_arima_p3_d1_q2,,3,1,2,n,identity,False,,failed,AR roots fail stationarity threshold; MA roots fail invertibility threshold,success,converged,True,True,True,False,False,354,6,-3104.9719047223643,6221.943809444729,6222.185884372682,6245.142617786329,1.0078938109431788,1.0001903146644784,"[""DeprecationWarning: Setting the shape on a NumPy array has been deprecated in NumPy 2.5.\nAs an alternative, you can create a new view using np.reshape (with copy=False if needed)."", ""UserWarning: Non-stationary starting autoregressive parameters found. Using zeros as starting parameters."", ""UserWarning: Non-invertible starting MA parameters found. Using zeros as starting parameters."", ""ConvergenceWarning: Maximum Likelihood optimization failed to converge. Check mle_retvals"", ""DeprecationWarning: Setting the shape on a NumPy array has been deprecated in NumPy 2.5.\nAs an alternative, you can create a new view using np.reshape (with copy=False if needed)."", ""UserWarning: Non-stationary starting autoregressive parameters found. Using zeros as starting parameters."", ""UserWarning: Non-invertible starting MA parameters found. Using zeros as starting parameters.""]",[],1,330,True,joint Ljung-Box and residual ACF rule,"{""1"": 0.6450721444177969, ""2"": 0.2944456943059846, ""3"": 0.06121739080903106, ""4"": -0.022854420246057314, ""5"": -0.024812559864812844, ""6"": -0.12672196825970944, ""7"": -0.226827397138359, ""8"": -0.2506885375840555, ""9"": -0.2071250010774869, ""10"": -0.1663695906753426, ""11"": -0.19196593237723705, ""12"": -0.2698969751639044, ""13"": -0.21146279781373614, ""14"": -0.1782525814753673, ""15"": -0.22162900478662564, ""16"": -0.27992078223508, ""17"": -0.26358164974217746, ""18"": -0.12452351631150176, ""19"": 0.004335541216511728, ""20"": -0.00591256384129437, ""21"": 0.05896211125208559, ""22"": 0.25601194228780644, ""23"": 0.5693282283865123, ""24"": 0.7878972854545754, ""25"": 0.5935156175397819, ""26"": 0.30336840760776973, ""27"": 0.0712923283443849, ""28"": -0.012778223853364063, ""29"": -0.011272385712860582, ""30"": -0.10790510631196787, ""31"": -0.22245493320428475, ""32"": -0.2276708660921884, ""33"": -0.17959089260996677, ""34"": -0.14478793277979832, ""35"": -0.19216035996236394, ""36"": -0.25454398424002084, ""37"": -0.18217864332707379, ""38"": -0.1531472550715338, ""39"": -0.22183286930937596, ""40"": -0.25186634223072063, ""41"": -0.2606744050544474, ""42"": -0.13220166419748125, ""43"": 0.010696002652800256, ""44"": 0.026580533273921264, ""45"": 0.08005679405919923, ""46"": 0.231368240027972, ""47"": 0.47132371710975857, ""48"": 0.6621971149355935}","[1, 2, 7, 8, 9, 10, 11, 12, 13, 14, 15, 16, 17, 22, 23, 24, 25, 26, 31, 32, 33, 34, 35, 36, 37, 38, 39, 40, 41, 46, 47, 48]","{""24"": 738.4697692310351, ""48"": 1374.982175932539}","{""24"": 2.505380120036814e-144, ""48"": 3.621319127908166e-260}",,,,0,0.0,False,,,,,,False
Germany,2024-01-08,Monday / cold season,2024-01-07T18:00:00+01:00,2024-01-07T17:00:00+00:00,2024-01-07T17:00:00+00:00,24,ordinary,enhanced_ordinary_arima_p3_d1_q3,,3,1,3,n,identity,False,,failed,AR roots fail stationarity threshold; MA roots fail invertibility threshold,success,converged,True,True,True,False,False,354,7,-3064.777186751071,6143.554373502142,6143.878072924107,6170.619649900675,1.0006965530033793,1.0001239807036177,"[""DeprecationWarning: Setting the shape on a NumPy array has been deprecated in NumPy 2.5.\nAs an alternative, you can create a new view using np.reshape (with copy=False if needed)."", ""ConvergenceWarning: Maximum Likelihood optimization failed to converge. Check mle_retvals"", ""DeprecationWarning: Setting the shape on a NumPy array has been deprecated in NumPy 2.5.\nAs an alternative, you can create a new view using np.reshape (with copy=False if needed).""]",[],1,330,True,joint Ljung-Box and residual ACF rule,"{""1"": 0.5937462492253024, ""2"": 0.19249792199044408, ""3"": -0.11092615065128016, ""4"": -0.21412139597458624, ""5"": -0.17386143887828215, ""6"": -0.21900088995724284, ""7"": -0.2511871018523632, ""8"": -0.1863437572393211, ""9"": -0.04940812926916712, ""10"": 0.05746544228540344, ""11"": 0.07204827304303194, ""12"": 0.008813937036051482, ""13"": 0.05979087242893885, ""14"": 0.03219423148036377, ""15"": -0.09172906268563102, ""16"": -0.22689143077887358, ""17"": -0.2857139525678609, ""18"": -0.22141404415856042, ""19"": -0.14200979311133163, ""20"": -0.17933787818240302, ""21"": -0.10465580560715797, ""22"": 0.1258132553874516, ""23"": 0.4850515240370874, ""24"": 0.7400326042071926, ""25"": 0.5122409488577176, ""26"": 0.17271947077100713, ""27"": -0.09599587069638273, ""28"": -0.1815239489876631, ""29"": -0.15051646723508047, ""30"": -0.19544937607571827, ""31"": -0.2305836096563999, ""32"": -0.14381219645356344, ""33"": -0.021593325608918197, ""34"": 0.07552365515030758, ""35"": 0.07920506321046968, ""36"": 0.02872374990931037, ""37"": 0.07725332632050272, ""38"": 0.054802581787163775, ""39"": -0.08413739578636559, ""40"": -0.19333699056379336, ""41"": -0.2893024420640885, ""42"": -0.2205505345119477, ""43"": -0.11671917457215177, ""44"": -0.13688119885699734, ""45"": -0.08730586770689866, ""46"": 0.09705595754999967, ""47"": 0.3736001974569768, ""48"": 0.5797786967182009}","[1, 2, 4, 5, 6, 7, 8, 16, 17, 18, 19, 20, 23, 24, 25, 26, 28, 29, 30, 31, 32, 40, 41, 42, 47, 48]","{""24"": 589.003948427076, ""48"": 1037.4509718988127}","{""24"": 1.813516104152974e-113, ""48"": 4.467372698900993e-190}",,,,0,0.0,False,,,,,,False
Germany,2024-01-08,Monday / cold season,2024-01-07T18:00:00+01:00,2024-01-07T17:00:00+00:00,2024-01-07T17:00:00+00:00,24,ordinary,enhanced_ordinary_arima_p4_d1_q1,,4,1,1,n,identity,False,,failed,AR roots fail stationarity threshold; MA roots fail invertibility threshold,success,converged,True,True,True,False,False,354,6,-3103.965906426682,6219.931812853364,6220.173887781318,6243.130621194964,1.0000422063967942,1.0000690055656938,"[""DeprecationWarning: Setting the shape on a NumPy array has been deprecated in NumPy 2.5.\nAs an alternative, you can create a new view using np.reshape (with copy=False if needed).""]",[],0,330,True,joint Ljung-Box and residual ACF rule,"{""1"": 0.6393225658945291, ""2"": 0.2973980522288201, ""3"": 0.08273797591936219, ""4"": 0.003969703166969942, ""5"": 0.009521882450248475, ""6"": -0.1086111749675561, ""7"": -0.2357854062972096, ""8"": -0.2646271167051309, ""9"": -0.21425274550871343, ""10"": -0.17693164783535958, ""11"": -0.22213581141514702, ""12"": -0.30544907152873507, ""13"": -0.23011073842524987, ""14"": -0.19180364792184684, ""15"": -0.23962428298928398, ""16"": -0.28821344484325934, ""17"": -0.2636593362943057, ""18"": -0.11665558995531089, ""19"": 0.023837603633469494, ""20"": 0.02218687890148226, ""21"": 0.07979745948530294, ""22"": 0.2524074680725783, ""23"": 0.563245242790088, ""24"": 0.7950601324211957, ""25"": 0.5927786157773874, ""26"": 0.2991678161833003, ""27"": 0.08554509787366471, ""28"": 0.01925973200447581, ""29"": 0.017120874594309735, ""30"": -0.10102730953597096, ""31"": -0.22551026221571022, ""32"": -0.23141152649332072, ""33"": -0.19191089309907278, ""34"": -0.160805205921066, ""35"": -0.21190090098321615, ""36"": -0.2830305962489274, ""37"": -0.20774379011623886, ""38"": -0.1700493908538848, ""39"": -0.2293710312707627, ""40"": -0.25579216036764485, ""41"": -0.2695879411127712, ""42"": -0.1260943760132899, ""43"": 0.036572825258267085, ""44"": 0.046146514657375876, ""45"": 0.08802297936542175, ""46"": 0.23384719544805643, ""47"": 0.473638556408637, ""48"": 0.6642016332634542}","[1, 2, 7, 8, 9, 10, 11, 12, 13, 14, 15, 16, 17, 22, 23, 24, 25, 26, 31, 32, 33, 34, 35, 36, 37, 38, 39, 40, 41, 46, 47, 48]","{""24"": 764.0907246357842, ""48"": 1425.951925255584}","{""24"": 9.139375097262651e-150, ""48"": 6.523958086315013e-271}",,,,0,0.0,False,,,,,,False
Germany,2024-01-08,Monday / cold season,2024-01-07T18:00:00+01:00,2024-01-07T17:00:00+00:00,2024-01-07T17:00:00+00:00,24,ordinary,enhanced_ordinary_arima_p4_d1_q2,,4,1,2,n,identity,False,,failed,MA roots fail invertibility threshold,success,converged,True,True,True,True,False,354,7,-3103.6402362167337,6221.280472433467,6221.6041718554325,6248.345748832,1.02016851150137,1.0093294306643765,"[""DeprecationWarning: Setting the shape on a NumPy array has been deprecated in NumPy 2.5.\nAs an alternative, you can create a new view using np.reshape (with copy=False if needed)."", ""UserWarning: Non-stationary starting autoregressive parameters found. Using zeros as starting parameters."", ""UserWarning: Non-invertible starting MA parameters found. Using zeros as starting parameters."", ""ConvergenceWarning: Maximum Likelihood optimization failed to converge. Check mle_retvals"", ""DeprecationWarning: Setting the shape on a NumPy array has been deprecated in NumPy 2.5.\nAs an alternative, you can create a new view using np.reshape (with copy=False if needed)."", ""UserWarning: Non-stationary starting autoregressive parameters found. Using zeros as starting parameters."", ""UserWarning: Non-invertible starting MA parameters found. Using zeros as starting parameters.""]",[],1,330,True,joint Ljung-Box and residual ACF rule,"{""1"": 0.6265532615187421, ""2"": 0.299529525212421, ""3"": 0.09321494784312866, ""4"": -0.015124561054936668, ""5"": -0.020995968558450245, ""6"": -0.1055018307211222, ""7"": -0.23674963487397618, ""8"": -0.26366926159642745, ""9"": -0.19420214602665312, ""10"": -0.1795495089908461, ""11"": -0.21357198403548047, ""12"": -0.2725014902493093, ""13"": -0.22480149454775702, ""14"": -0.19369238188617852, ""15"": -0.2225428967350281, ""16"": -0.28873973066690317, ""17"": -0.25954360181840813, ""18"": -0.11229179475012072, ""19"": -0.004402311076278309, ""20"": 0.006431924704330156, ""21"": 0.09076456340151784, ""22"": 0.2504618556075193, ""23"": 0.5577496635148594, ""24"": 0.7931068157877067, ""25"": 0.5777781237422522, ""26"": 0.3035590805601319, ""27"": 0.0946589509870497, ""28"": -9.204169320883336e-05, ""29"": -0.0033377252843523877, ""30"": -0.10122083726424522, ""31"": -0.22883016321801075, ""32"": -0.22585903216114656, ""33"": -0.1763917117645543, ""34"": -0.16601065766040585, ""35"": -0.19876743314426934, ""36"": -0.254626174815814, ""37"": -0.20541559916965557, ""38"": -0.16637742893054802, ""39"": -0.21789988385445713, ""40"": -0.25801839031177026, ""41"": -0.26001469809180056, ""42"": -0.12455182873769226, ""43"": 0.009965646190446806, ""44"": 0.03878743813627177, ""45"": 0.09318533858473185, ""46"": 0.22991203616431358, ""47"": 0.4762455265128207, ""48"": 0.6569663744016305}","[1, 2, 7, 8, 9, 10, 11, 12, 13, 14, 15, 16, 17, 22, 23, 24, 25, 26, 31, 32, 33, 34, 35, 36, 37, 38, 39, 40, 41, 46, 47, 48]","{""24"": 741.7061518664333, ""48"": 1380.8275151092719}","{""24"": 7.908514626677502e-146, ""48"": 3.680664527267837e-262}",,,,0,0.0,False,,,,,,False
Germany,2024-01-27,Saturday / cold season,2024-01-26T18:00:00+01:00,2024-01-26T17:00:00+00:00,2024-01-26T17:00:00+00:00,24,ordinary,enhanced_ordinary_arima_p1_d1_q1,,1,1,1,n,identity,False,,completed,,success,converged,True,True,True,True,True,810,3,-7083.583104860277,14173.166209720554,14173.19598639549,14187.25360647173,1.9181670737490677,2.717794536873883,"[""DeprecationWarning: Setting the shape on a NumPy array has been deprecated in NumPy 2.5.\nAs an alternative, you can create a new view using np.reshape (with copy=False if needed).""]",[],0,786,True,joint Ljung-Box and residual ACF rule,"{""1"": 0.34088628025835827, ""2"": 0.21353098138156265, ""3"": -0.06256565817005035, ""4"": -0.0321453548035453, ""5"": -0.03845728168651966, ""6"": -0.12957823387440065, ""7"": -0.2237121863464181, ""8"": -0.2153518767599114, ""9"": -0.12279817782211894, ""10"": -0.07930738134757823, ""11"": -0.02128648163651601, ""12"": -0.16242253072800583, ""13"": 0.009082038841763552, ""14"": -0.08536547272689461, ""15"": -0.12965028919624608, ""16"": -0.22079954284511177, ""17"": -0.2355056144751349, ""18"": -0.14251776926889678, ""19"": -0.0038641211515471233, ""20"": -0.014930445235731468, ""21"": -0.009883818344186474, ""22"": 0.16240993249756064, ""23"": 0.38032174512041983, ""24"": 0.7391171131227989, ""25"": 0.3564560765212454, ""26"": 0.205379022886639, ""27"": -0.040708332444345866, ""28"": -0.03360441727211872, ""29"": -0.025764036796887546, ""30"": -0.1290846543682516, ""31"": -0.22867273627357954, ""32"": -0.18466083897554803, ""33"": -0.11184443992053161, ""34"": -0.07772633206068853, ""35"": -0.054135867771685095, ""36"": -0.1382779265725053, ""37"": -0.01423977050629923, ""38"": -0.06061243436676581, ""39"": -0.1268820253242869, ""40"": -0.19718583215231192, ""41"": -0.23405010969149795, ""42"": -0.14369414434432318, ""43"": 0.020128990903587322, ""44"": 0.011202172526686297, ""45"": 0.013396429826960649, ""46"": 0.1917257006252253, ""47"": 0.31897028618403656, ""48"": 0.6290243601344543}","[1, 2, 6, 7, 8, 9, 12, 15, 16, 17, 18, 22, 23, 24, 25, 26, 30, 31, 32, 33, 36, 39, 40, 41, 42, 46, 47, 48]","{""24"": 964.1427094290442, ""48"": 1783.0515849993558}","{""24"": 8.308167888884755e-190, ""48"": 0.0}",20104.29766045441,20426.96223861084,38.333478332932415,24,1.0,False,,,,,,False
Germany,2024-01-27,Saturday / cold season,2024-01-26T18:00:00+01:00,2024-01-26T17:00:00+00:00,2024-01-26T17:00:00+00:00,24,ordinary,enhanced_ordinary_arima_p1_d1_q2,,1,1,2,n,identity,False,,completed,,success,converged,True,True,True,True,True,810,4,-7072.520817985998,14153.041635971997,14153.09132541299,14171.824831640231,3.198605586768145,1.7249513143447224,"[""DeprecationWarning: Setting the shape on a NumPy array has been deprecated in NumPy 2.5.\nAs an alternative, you can create a new view using np.reshape (with copy=False if needed).""]",[],0,786,True,joint Ljung-Box and residual ACF rule,"{""1"": 0.32455662144084896, ""2"": 0.13819611414937147, ""3"": 0.04428527367071292, ""4"": -0.035503328137681665, ""5"": -0.012408039858576476, ""6"": -0.11836092521047079, ""7"": -0.2262471836437183, ""8"": -0.20158784304509098, ""9"": -0.14666009483817516, ""10"": -0.06622649918051228, ""11"": -0.04909979092971748, ""12"": -0.19543091706896448, ""13"": -0.006800593667776092, ""14"": -0.08389805526659364, ""15"": -0.15894808081800163, ""16"": -0.1919091726587046, ""17"": -0.23983267752577522, ""18"": -0.1368338294980488, ""19"": 0.016190978019175954, ""20"": 0.0007106628126957133, ""21"": 0.03856387929871726, ""22"": 0.12334373736319773, ""23"": 0.3729793666349092, ""24"": 0.7255926827811717, ""25"": 0.3330659913510486, ""26"": 0.18040627835507106, ""27"": 0.013294229575404892, ""28"": -0.03423721532367998, ""29"": 0.012055005732839838, ""30"": -0.1241576582628704, ""31"": -0.237553594184276, ""32"": -0.16911635982202103, ""33"": -0.12642017276504827, ""34"": -0.07785566733864799, ""35"": -0.07472246660634753, ""36"": -0.16736129093841293, ""37"": -0.025508994407917682, ""38"": -0.06872647629936952, ""39"": -0.1498176422069865, ""40"": -0.16737117494412015, ""41"": -0.2384145431506141, ""42"": -0.1428893369570263, ""43"": 0.052249433989305025, ""44"": 0.012964463660112587, ""45"": 0.046387299045361166, ""46"": 0.17126666204568364, ""47"": 0.30858350623155834, ""48"": 0.6129748876729089}","[1, 2, 6, 7, 8, 9, 12, 15, 16, 17, 18, 22, 23, 24, 25, 26, 30, 31, 32, 33, 36, 39, 40, 41, 42, 46, 47, 48]","{""24"": 909.8253720367744, ""48"": 1690.6316480439798}","{""24"": 4.355673609635507e-179, ""48"": 0.0}",20549.11406918158,20865.57823245385,39.17197654046274,24,1.0,False,,,,,,False
Germany,2024-01-27,Saturday / cold season,2024-01-26T18:00:00+01:00,2024-01-26T17:00:00+00:00,2024-01-26T17:00:00+00:00,24,ordinary,enhanced_ordinary_arima_p1_d1_q3,,1,1,3,n,identity,False,,completed,,success,converged,True,True,True,True,True,810,5,-7069.6358829204855,14149.271765840973,14149.346392706642,14172.750760426265,6.11700921183368,1.4388249727925504,"[""DeprecationWarning: Setting the shape on a NumPy array has been deprecated in NumPy 2.5.\nAs an alternative, you can create a new view using np.reshape (with copy=False if needed).""]",[],0,786,True,joint Ljung-Box and residual ACF rule,"{""1"": 0.3107506774783726, ""2"": 0.15582161899131092, ""3"": 0.060258405822081494, ""4"": 0.021160779319642116, ""5"": -0.05778218050158768, ""6"": -0.11251985863564118, ""7"": -0.20624230311490166, ""8"": -0.22337774216243833, ""9"": -0.1475642794826364, ""10"": -0.07482265565661206, ""11"": -0.0641200990836177, ""12"": -0.20922359241821434, ""13"": -0.015583340669501677, ""14"": -0.10008317628518733, ""15"": -0.1644999179356832, ""16"": -0.20269118067265027, ""17"": -0.21860420601158273, ""18"": -0.14716565058386957, ""19"": -0.0031890346343592404, ""20"": 0.035983318679159416, ""21"": 0.04889694838193121, ""22"": 0.14091780555939548, ""23"": 0.37206720370318275, ""24"": 0.7154269719152141, ""25"": 0.326618252895529, ""26"": 0.19771026033561026, ""27"": 0.029717531184403283, ""28"": -0.004434451692673187, ""29"": -0.009097617278963504, ""30"": -0.11848574645381504, ""31"": -0.23215004806210154, ""32"": -0.18227831571019396, ""33"": -0.12488172435408862, ""34"": -0.09091567958488214, ""35"": -0.09159187902061673, ""36"": -0.17092667168321368, ""37"": -0.03708769063257087, ""38"": -0.08968299505238653, ""39"": -0.15222815066367967, ""40"": -0.17252661729813587, ""41"": -0.2267683744014578, ""42"": -0.1443698799536062, ""43"": 0.0360585820591823, ""44"": 0.04003415500397605, ""45"": 0.053311189554210145, ""46"": 0.18823721592297452, ""47"": 0.31116093461961536, ""48"": 0.603634394992959}","[1, 2, 6, 7, 8, 9, 12, 14, 15, 16, 17, 18, 22, 23, 24, 25, 26, 30, 31, 32, 33, 36, 39, 40, 41, 42, 46, 47, 48]","{""24"": 911.4496708196978, ""48"": 1697.8543052975313}","{""24"": 2.8735784341917175e-180, ""48"": 0.0}",20171.587758502264,20493.902517401977,38.46075994086085,24,1.0,False,,,,,,False
Germany,2024-01-27,Saturday / cold season,2024-01-26T18:00:00+01:00,2024-01-26T17:00:00+00:00,2024-01-26T17:00:00+00:00,24,ordinary,enhanced_ordinary_arima_p2_d1_q1,,2,1,1,n,identity,False,,completed,,success,converged,True,True,True,True,True,810,4,-7073.485706619684,14154.971413239367,14155.02110268036,14173.754608907602,1.6401316443656122,8.17544231084002,"[""DeprecationWarning: Setting the shape on a NumPy array has been deprecated in NumPy 2.5.\nAs an alternative, you can create a new view using np.reshape (with copy=False if needed).""]",[],0,786,True,joint Ljung-Box and residual ACF rule,"{""1"": 0.3148858880064645, ""2"": 0.15180523142870433, ""3"": -0.022146172689280173, ""4"": 0.024513337892099408, ""5"": 0.03699613372084913, ""6"": -0.09214861350258549, ""7"": -0.21842157214098695, ""8"": -0.21779866265394948, ""9"": -0.13663144691755313, ""10"": -0.09099704460327836, ""11"": -0.07302193629871781, ""12"": -0.22814608079509638, ""13"": -0.035641777671071774, ""14"": -0.10025012588131953, ""15"": -0.1456473101976708, ""16"": -0.2165934200542974, ""17"": -0.23170158017882955, ""18"": -0.10945587651606276, ""19"": 0.0590558219351273, ""20"": 0.03496528185175975, ""21"": 0.00594269624091524, ""22"": 0.11919390435909992, ""23"": 0.3602617968818526, ""24"": 0.7312785406971195, ""25"": 0.3322695834868947, ""26"": 0.1703833220030967, ""27"": -0.02012440464331877, ""28"": 0.011508810427006202, ""29"": 0.044221004350502746, ""30"": -0.09654013445130705, ""31"": -0.22930123314884276, ""32"": -0.18569185022400841, ""33"": -0.11957106713622376, ""34"": -0.09383752807970842, ""35"": -0.10267230916452057, ""36"": -0.19828735134047148, ""37"": -0.054075165055123615, ""38"": -0.07756673439370859, ""39"": -0.13879505314630441, ""40"": -0.19063168169832248, ""41"": -0.22983779589380757, ""42"": -0.11533978969298599, ""43"": 0.07991504597668493, ""44"": 0.04893819417704875, ""45"": 0.023206821939463423, ""46"": 0.15949836505765175, ""47"": 0.30095748199980377, ""48"": 0.621390399370187}","[1, 2, 6, 7, 8, 9, 12, 14, 15, 16, 17, 18, 22, 23, 24, 25, 26, 30, 31, 32, 33, 34, 35, 36, 39, 40, 41, 42, 46, 47, 48]","{""24"": 920.3650136341405, ""48"": 1712.7593301779918}","{""24"": 2.499281647761179e-181, ""48"": 0.0}",19872.4709957779,20198.923992016167,37.89674970657686,24,1.0,False,,,,,,False
Germany,2024-01-27,Saturday / cold season,2024-01-26T18:00:00+01:00,2024-01-26T17:00:00+00:00,2024-01-26T17:00:00+00:00,24,ordinary,enhanced_ordinary_arima_p2_d1_q2,,2,1,2,n,identity,False,,completed,,success,converged,True,True,True,True,True,810,5,-7048.266679139591,14106.533358279185,14106.607985144854,14130.012352864474,1.2836111133662262,1.044645414333563,"[""DeprecationWarning: Setting the shape on a NumPy array has been deprecated in NumPy 2.5.\nAs an alternative, you can create a new view using np.reshape (with copy=False if needed).""]",[],0,786,True,joint Ljung-Box and residual ACF rule,"{""1"": 0.3202210063980502, ""2"": 0.139958195982092, ""3"": -0.07178748274241796, ""4"": 0.0006282174744039086, ""5"": 0.043876764499973964, ""6"": -0.0528538750498103, ""7"": -0.16581023171145018, ""8"": -0.1650862868075713, ""9"": -0.0788038798699168, ""10"": -0.03553897810311382, ""11"": -0.00890081986524901, ""12"": -0.15949262517159946, ""13"": 0.023455997966764272, ""14"": -0.0481241980034275, ""15"": -0.09827388831785118, ""16"": -0.18388177208850048, ""17"": -0.20099744622551868, ""18"": -0.09032428101197451, ""19"": 0.0519983343255729, ""20"": 0.001355509464207806, ""21"": -0.04468787491555592, ""22"": 0.08724934633335485, ""23"": 0.33847096782305597, ""24"": 0.7131887348469365, ""25"": 0.3151370463624961, ""26"": 0.13648301674243707, ""27"": -0.0727778055822905, ""28"": -0.023548048250537575, ""29"": 0.028725847021698926, ""30"": -0.08073008998496317, ""31"": -0.1981272239784279, ""32"": -0.15556715279656283, ""33"": -0.08501540307877999, ""34"": -0.05768469347848081, ""35"": -0.05997650300459724, ""36"": -0.15289310746901075, ""37"": -0.014542291050908375, ""38"": -0.042149530116685416, ""39"": -0.11009434236158328, ""40"": -0.17933638416100153, ""41"": -0.22041367468030582, ""42"": -0.11562538116749613, ""43"": 0.056066835719791146, ""44"": 0.009021695145368257, ""45"": -0.031491385975310794, ""46"": 0.11380964154930429, ""47"": 0.26425326951055983, ""48"": 0.5874939550012497}","[1, 2, 7, 8, 12, 15, 16, 17, 23, 24, 25, 26, 31, 32, 36, 39, 40, 41, 42, 46, 47, 48]","{""24"": 766.9096017431101, ""48"": 1409.2161054429557}","{""24"": 1.4847302527750615e-149, ""48"": 1.271415524489904e-266}",11727.648318237982,12442.200434794286,22.61263053712193,24,1.0,False,,,,,,False
Germany,2024-01-27,Saturday / cold season,2024-01-26T18:00:00+01:00,2024-01-26T17:00:00+00:00,2024-01-26T17:00:00+00:00,24,ordinary,enhanced_ordinary_arima_p2_d1_q3,,2,1,3,n,identity,False,,completed,,success,converged,True,True,True,True,True,810,6,-7047.228776259695,14106.45755251939,14106.562160240435,14134.63234602174,1.403745837855206,1.0352112055612157,"[""DeprecationWarning: Setting the shape on a NumPy array has been deprecated in NumPy 2.5.\nAs an alternative, you can create a new view using np.reshape (with copy=False if needed).""]",[],0,786,True,joint Ljung-Box and residual ACF rule,"{""1"": 0.3115877085889369, ""2"": 0.12287552902375469, ""3"": -0.015008668953586475, ""4"": 0.01585647806503089, ""5"": 0.05526082360283919, ""6"": -0.058436981893685055, ""7"": -0.17563511636358387, ""8"": -0.16857572465988047, ""9"": -0.09563665000548036, ""10"": -0.04014815446960587, ""11"": -0.030146735761081234, ""12"": -0.18543648524013825, ""13"": 0.006807234596807605, ""14"": -0.05716788168171522, ""15"": -0.11529607394777303, ""16"": -0.17792203507579687, ""17"": -0.20726603331318738, ""18"": -0.09326808885515324, ""19"": 0.06277770632821962, ""20"": 0.021090369560754215, ""21"": -0.009968808030196914, ""22"": 0.08502057635093249, ""23"": 0.3397190496827658, ""24"": 0.7116206787338931, ""25"": 0.3095557966505211, ""26"": 0.13935834980678, ""27"": -0.036093850545264684, ""28"": -0.008485034904886607, ""29"": 0.047782076874661294, ""30"": -0.0829814384803536, ""31"": -0.2074197290254443, ""32"": -0.1556109397957763, ""33"": -0.09509119721933619, ""34"": -0.06454699866970612, ""35"": -0.07605675444801864, ""36"": -0.17323202988242448, ""37"": -0.02758711469749057, ""38"": -0.05318203751002146, ""39"": -0.1232044331127156, ""40"": -0.17043996107508658, ""41"": -0.22336696210174986, ""42"": -0.11684004563082641, ""43"": 0.07250735969483708, ""44"": 0.02190578758043389, ""45"": -0.004672324523782924, ""46"": 0.11859180159964576, ""47"": 0.2667107800761174, ""48"": 0.5877713669870619}","[1, 2, 7, 8, 9, 12, 15, 16, 17, 18, 23, 24, 25, 26, 31, 32, 33, 36, 39, 40, 41, 42, 46, 47, 48]","{""24"": 773.2090624968747, ""48"": 1429.9176761887952}","{""24"": 1.058207324936812e-151, ""48"": 9.507138745108932e-272}",11952.310505637646,12700.025264386886,23.05136394100037,24,1.0,False,,,,,,False
Germany,2024-01-27,Saturday / cold season,2024-01-26T18:00:00+01:00,2024-01-26T17:00:00+00:00,2024-01-26T17:00:00+00:00,24,ordinary,enhanced_ordinary_arima_p3_d1_q1,,3,1,1,n,identity,False,,completed,,success,converged,True,True,True,True,True,810,5,-7048.919236153812,14107.838472307623,14107.913099173296,14131.317466892917,1.3451772677965834,1.0404283767406903,"[""DeprecationWarning: Setting the shape on a NumPy array has been deprecated in NumPy 2.5.\nAs an alternative, you can create a new view using np.reshape (with copy=False if needed)."", ""ConvergenceWarning: Maximum Likelihood optimization failed to converge. Check mle_retvals"", ""DeprecationWarning: Setting the shape on a NumPy array has been deprecated in NumPy 2.5.\nAs an alternative, you can create a new view using np.reshape (with copy=False if needed).""]",[],1,786,True,joint Ljung-Box and residual ACF rule,"{""1"": 0.3305827855555613, ""2"": 0.11944862672382635, ""3"": -0.06054647431082595, ""4"": 0.011482321467539301, ""5"": 0.05845744573574789, ""6"": -0.04923391106006633, ""7"": -0.17097438829311773, ""8"": -0.1705028667383697, ""9"": -0.08470601445339974, ""10"": -0.03620384639701253, ""11"": -0.023523389647158725, ""12"": -0.17128394355074342, ""13"": 0.010964604442532206, ""14"": -0.04856682827946586, ""15"": -0.10418261654033237, ""16"": -0.18640912979687554, ""17"": -0.2053286512346793, ""18"": -0.08579172007338119, ""19"": 0.06487547280214497, ""20"": 0.013640896010832407, ""21"": -0.040167239084685336, ""22"": 0.07710321344840627, ""23"": 0.3453626532127976, ""24"": 0.7165369200805968, ""25"": 0.32187873225691366, ""26"": 0.12707032798365986, ""27"": -0.06587973967066785, ""28"": -0.013738839401809772, ""29"": 0.043856514582583855, ""30"": -0.07639677789367842, ""31"": -0.20278587688881922, ""32"": -0.159244908128682, ""33"": -0.08742188698619227, ""34"": -0.05931939148476148, ""35"": -0.07210552277220433, ""36"": -0.16388932882307966, ""37"": -0.023803177156703773, ""38"": -0.043606473475449076, ""39"": -0.11336664707304256, ""40"": -0.18076384241990584, ""41"": -0.22356934523658856, ""42"": -0.11110953617129823, ""43"": 0.06900997555078195, ""44"": 0.018998724432219952, ""45"": -0.027122257218031607, ""46"": 0.10644574182260362, ""47"": 0.27111125390087004, ""48"": 0.5904858486369561}","[1, 2, 7, 8, 12, 15, 16, 17, 23, 24, 25, 26, 31, 32, 36, 39, 40, 41, 42, 46, 47, 48]","{""24"": 784.577349680822, ""48"": 1442.5877037860919}","{""24"": 2.6542108752432104e-153, ""48"": 1.1772985079710474e-273}",11840.570062580524,12567.52234484305,22.8317796402697,24,1.0,False,,,,,,False
Germany,2024-01-27,Saturday / cold season,2024-01-26T18:00:00+01:00,2024-01-26T17:00:00+00:00,2024-01-26T17:00:00+00:00,24,ordinary,enhanced_ordinary_arima_p3_d1_q2,,3,1,2,n,identity,False,,failed,AR roots fail stationarity threshold; MA roots fail invertibility threshold,success,converged,True,True,True,False,False,810,6,-7058.563670265512,14129.127340531024,14129.23194825207,14157.302134033374,1.0047539172955107,1.0064585274953743,"[""DeprecationWarning: Setting the shape on a NumPy array has been deprecated in NumPy 2.5.\nAs an alternative, you can create a new view using np.reshape (with copy=False if needed)."", ""UserWarning: Non-stationary starting autoregressive parameters found. Using zeros as starting parameters."", ""UserWarning: Non-invertible starting MA parameters found. Using zeros as starting parameters."", ""ConvergenceWarning: Maximum Likelihood optimization failed to converge. Check mle_retvals"", ""DeprecationWarning: Setting the shape on a NumPy array has been deprecated in NumPy 2.5.\nAs an alternative, you can create a new view using np.reshape (with copy=False if needed)."", ""UserWarning: Non-stationary starting autoregressive parameters found. Using zeros as starting parameters."", ""UserWarning: Non-invertible starting MA parameters found. Using zeros as starting parameters.""]",[],1,786,True,joint Ljung-Box and residual ACF rule,"{""1"": 0.4188548723967894, ""2"": 0.06657499645278696, ""3"": -0.11912142370542116, ""4"": -0.03317969317201861, ""5"": 0.049464341772301794, ""6"": -0.044472952748741135, ""7"": -0.16673479579279787, ""8"": -0.16899294862598038, ""9"": -0.06747187975989453, ""10"": -0.005333946318994172, ""11"": -0.007740538473944625, ""12"": -0.12214220119504683, ""13"": 0.025761461059333877, ""14"": -0.012718023606928475, ""15"": -0.0917191619145089, ""16"": -0.1958772121257522, ""17"": -0.2123629388557013, ""18"": -0.08513997277485244, ""19"": 0.05236616265807502, ""20"": -0.019656781083688374, ""21"": -0.09407962084819332, ""22"": 0.040543795743109685, ""23"": 0.38650379439947846, ""24"": 0.7301816386911804, ""25"": 0.3727750940555488, ""26"": 0.08239660599567461, ""27"": -0.11456309997708437, ""28"": -0.05342981659244111, ""29"": 0.026271284257059845, ""30"": -0.07822302277542757, ""31"": -0.2020557527923321, ""32"": -0.162889843727034, ""33"": -0.07253011817673109, ""34"": -0.03491077961797589, ""35"": -0.058238832933737376, ""36"": -0.12910978718114108, ""37"": -0.00567414065695727, ""38"": -0.013461023439480404, ""39"": -0.09893901947673911, ""40"": -0.19614050730058383, ""41"": -0.23526930350905906, ""42"": -0.1146671426981978, ""43"": 0.05293690576779414, ""44"": -0.005368944895129759, ""45"": -0.065553228318858, ""46"": 0.06782350304496676, ""47"": 0.3048176804971012, ""48"": 0.5954130251036758}","[1, 3, 7, 8, 12, 16, 17, 21, 23, 24, 25, 27, 31, 32, 36, 39, 40, 41, 42, 47, 48]","{""24"": 864.1146890710669, ""48"": 1560.9493274019828}","{""24"": 4.942844304641652e-171, ""48"": 2.0156298413859888e-299}",,,,0,0.0,False,,,,,,False
Germany,2024-01-27,Saturday / cold season,2024-01-26T18:00:00+01:00,2024-01-26T17:00:00+00:00,2024-01-26T17:00:00+00:00,24,ordinary,enhanced_ordinary_arima_p3_d1_q3,,3,1,3,n,identity,False,,failed,AR roots fail stationarity threshold; MA roots fail invertibility threshold,success,converged,True,True,True,False,False,810,7,-7009.786462114044,14033.572924228089,14033.712575100906,14066.443516647498,1.0007336713943953,1.0008750255089787,"[""DeprecationWarning: Setting the shape on a NumPy array has been deprecated in NumPy 2.5.\nAs an alternative, you can create a new view using np.reshape (with copy=False if needed)."", ""ConvergenceWarning: Maximum Likelihood optimization failed to converge. Check mle_retvals"", ""DeprecationWarning: Setting the shape on a NumPy array has been deprecated in NumPy 2.5.\nAs an alternative, you can create a new view using np.reshape (with copy=False if needed).""]",[],1,786,True,joint Ljung-Box and residual ACF rule,"{""1"": 0.34930459240119327, ""2"": 0.13953611010580186, ""3"": -0.19084002525153018, ""4"": -0.18408724261293785, ""5"": -0.177476578359925, ""6"": -0.22611069774222792, ""7"": -0.25873925063787057, ""8"": -0.17830164589060202, ""9"": -0.0030420485959421913, ""10"": 0.11143483028258154, ""11"": 0.21141370898616127, ""12"": 0.09364955347536807, ""13"": 0.23027405833401837, ""14"": 0.09104734313821344, ""15"": -0.030133108073609336, ""16"": -0.20367735271530352, ""17"": -0.28749909210995683, ""18"": -0.24739230095948056, ""19"": -0.1466971083963683, ""20"": -0.16676922718024917, ""21"": -0.1446146164930888, ""22"": 0.07511171843914755, ""23"": 0.34638333346424177, ""24"": 0.710341606013255, ""25"": 0.32584819241544055, ""26"": 0.11656285964165577, ""27"": -0.16812058160585486, ""28"": -0.1755882015560274, ""29"": -0.15587353954188105, ""30"": -0.21144085569565566, ""31"": -0.2515286759053918, ""32"": -0.1373468367300171, ""33"": 0.013498841522225505, ""34"": 0.11541252859116187, ""35"": 0.17889021636772537, ""36"": 0.11105894958444514, ""37"": 0.20519269298424322, ""38"": 0.11241760812126023, ""39"": -0.02672933679130437, ""40"": -0.1800919380990345, ""41"": -0.2817036875649002, ""42"": -0.24198887088774748, ""43"": -0.11592998204116368, ""44"": -0.1318414351795303, ""45"": -0.11734985233911963, ""46"": 0.0928312604391259, ""47"": 0.2644091206189284, ""48"": 0.5762178941201492}","[1, 2, 3, 4, 5, 6, 7, 8, 10, 11, 12, 13, 16, 17, 18, 19, 20, 21, 23, 24, 25, 26, 27, 28, 29, 30, 31, 32, 34, 35, 36, 37, 38, 40, 41, 42, 43, 44, 45, 46, 47, 48]","{""24"": 1132.141278203038, ""48"": 2018.7001072344628}","{""24"": 3.821729314327548e-229, ""48"": 0.0}",,,,0,0.0,False,,,,,,False
Germany,2024-01-27,Saturday / cold season,2024-01-26T18:00:00+01:00,2024-01-26T17:00:00+00:00,2024-01-26T17:00:00+00:00,24,ordinary,enhanced_ordinary_arima_p4_d1_q1,,4,1,1,n,identity,False,,completed,,success,converged,True,True,True,True,True,810,6,-7046.669821991464,14105.339643982928,14105.444251703975,14133.51443748528,1.2362898161750986,1.0495144349264232,"[""DeprecationWarning: Setting the shape on a NumPy array has been deprecated in NumPy 2.5.\nAs an alternative, you can create a new view using np.reshape (with copy=False if needed).""]",[],0,786,True,joint Ljung-Box and residual ACF rule,"{""1"": 0.3023544906145085, ""2"": 0.16447880518657831, ""3"": -0.06815918484177869, ""4"": -0.015187915339769561, ""5"": 0.022976021560435114, ""6"": -0.06338455497261954, ""7"": -0.1617368038457315, ""8"": -0.1562298757805896, ""9"": -0.07413169850298444, ""10"": -0.03274723764667998, ""11"": 0.009624942495571494, ""12"": -0.14641468535027494, ""13"": 0.04011474104025051, ""14"": -0.04778487754639734, ""15"": -0.09419060904994296, ""16"": -0.17640406640589396, ""17"": -0.19763006693156632, ""18"": -0.1008535491309869, ""19"": 0.03290945710040224, ""20"": -0.014064644905892208, ""21"": -0.039693792763736885, ""22"": 0.10128694513253782, ""23"": 0.32853618486367653, ""24"": 0.7070675415054073, ""25"": 0.3027116863374247, ""26"": 0.15112928720608318, ""27"": -0.0709838104828039, ""28"": -0.037090632349141776, ""29"": 0.009405145573177998, ""30"": -0.09102222963031399, ""31"": -0.19498654513155417, ""32"": -0.14890564293766337, ""33"": -0.08372009046111734, ""34"": -0.05502815129585288, ""35"": -0.04378350905168484, ""36"": -0.1397045551785309, ""37"": -0.0020079767592276346, ""38"": -0.041634583135098616, ""39"": -0.10902249771514234, ""40"": -0.1731385359205327, ""41"": -0.21764091256886126, ""42"": -0.1256283759180147, ""43"": 0.03931998144053187, ""44"": -0.005136949006830675, ""45"": -0.02928671762694716, ""46"": 0.12607555127907197, ""47"": 0.2544194489863397, ""48"": 0.5823169659097991}","[1, 2, 7, 8, 12, 15, 16, 17, 18, 22, 23, 24, 25, 26, 31, 32, 36, 39, 40, 41, 42, 46, 47, 48]","{""24"": 743.2114230520955, ""48"": 1366.7300932503292}","{""24"": 2.4705789178726666e-145, ""48"": 1.982762761964633e-258}",11612.34813062458,12314.075305679153,22.38858849670809,24,1.0,False,,,,,,False
Germany,2024-01-27,Saturday / cold season,2024-01-26T18:00:00+01:00,2024-01-26T17:00:00+00:00,2024-01-26T17:00:00+00:00,24,ordinary,enhanced_ordinary_arima_p4_d1_q2,,4,1,2,n,identity,False,,completed,,success,converged,True,True,True,True,True,810,7,-7061.58092262586,14137.16184525172,14137.301496124535,14170.032437671129,1.0158046553324838,1.0154919544703058,"[""DeprecationWarning: Setting the shape on a NumPy array has been deprecated in NumPy 2.5.\nAs an alternative, you can create a new view using np.reshape (with copy=False if needed)."", ""UserWarning: Non-stationary starting autoregressive parameters found. Using zeros as starting parameters."", ""UserWarning: Non-invertible starting MA parameters found. Using zeros as starting parameters."", ""ConvergenceWarning: Maximum Likelihood optimization failed to converge. Check mle_retvals"", ""DeprecationWarning: Setting the shape on a NumPy array has been deprecated in NumPy 2.5.\nAs an alternative, you can create a new view using np.reshape (with copy=False if needed)."", ""UserWarning: Non-stationary starting autoregressive parameters found. Using zeros as starting parameters."", ""UserWarning: Non-invertible starting MA parameters found. Using zeros as starting parameters.""]",[],1,786,True,joint Ljung-Box and residual ACF rule,"{""1"": 0.3157353761668053, ""2"": 0.13584465732488843, ""3"": -0.013304461800167085, ""4"": 0.0511757034480038, ""5"": -0.0007012937989541185, ""6"": -0.07383251879854405, ""7"": -0.2150686354690875, ""8"": -0.24808384976259865, ""9"": -0.09993465197621303, ""10"": -0.10703890623526933, ""11"": -0.07944679704808731, ""12"": -0.20133889202766794, ""13"": -0.06623555713494246, ""14"": -0.08051485409789556, ""15"": -0.13487736306275935, ""16"": -0.24906554679046664, ""17"": -0.19464598258356913, ""18"": -0.13160003030749387, ""19"": 0.04161398289289072, ""20"": 0.07779906547008704, ""21"": -0.026034550744786382, ""22"": 0.13014362013960276, ""23"": 0.3716514747982099, ""24"": 0.6989357812861562, ""25"": 0.3607719589548476, ""26"": 0.15304161029499558, ""27"": -0.02807647928084141, ""28"": 0.049281866321973296, ""29"": 0.006355307922628231, ""30"": -0.08276332940155608, ""31"": -0.2191222387017899, ""32"": -0.2197041820769307, ""33"": -0.08494643255464956, ""34"": -0.10183016509812728, ""35"": -0.12057854134881996, ""36"": -0.16374935768321702, ""37"": -0.08190464145377227, ""38"": -0.06909445813438575, ""39"": -0.11919696039129839, ""40"": -0.22387291577934634, ""41"": -0.20006901759756848, ""42"": -0.12637860810580795, ""43"": 0.057053839544405606, ""44"": 0.09135799195714725, ""45"": -0.008098930127297115, ""46"": 0.16573003832626443, ""47"": 0.321596446531055, ""48"": 0.5816362318028101}","[1, 2, 7, 8, 9, 10, 12, 15, 16, 17, 18, 22, 23, 24, 25, 26, 31, 32, 34, 35, 36, 39, 40, 41, 42, 46, 47, 48]","{""24"": 887.6151905310534, ""48"": 1661.3494981487152}","{""24"": 6.866404706085942e-177, ""48"": 0.0}",19930.42791339837,20255.842176323364,38.00581592443335,24,1.0,False,,,,,,False
Germany,2024-02-15,ordinary weekday,2024-02-14T18:00:00+01:00,2024-02-14T17:00:00+00:00,2024-02-14T17:00:00+00:00,24,ordinary,enhanced_ordinary_arima_p1_d1_q1,,1,1,1,n,identity,False,,completed,,success,converged,True,True,True,True,True,1266,3,-11037.821076689035,22081.642153378078,22081.66117081072,22097.07063558156,1.7915656094658676,2.302181701443068,"[""DeprecationWarning: Setting the shape on a NumPy array has been deprecated in NumPy 2.5.\nAs an alternative, you can create a new view using np.reshape (with copy=False if needed).""]",[],0,1242,True,joint Ljung-Box and residual ACF rule,"{""1"": 0.22522589175314744, ""2"": 0.15316964187420581, ""3"": -0.09398770312995733, ""4"": -0.019305557282463175, ""5"": -0.04169485079082676, ""6"": -0.1416707342153683, ""7"": -0.19174669463976507, ""8"": -0.17902194805694457, ""9"": -0.08246397448689753, ""10"": -0.07272262168623106, ""11"": 0.0381193961400874, ""12"": -0.11078604770994183, ""13"": 0.06647675844373602, ""14"": -0.07015888248561467, ""15"": -0.10419078951531874, ""16"": -0.18522761902022233, ""17"": -0.2027501544434438, ""18"": -0.15157797924771566, ""19"": -0.017944696370700633, ""20"": -0.007385982595514764, ""21"": -0.035329534502734974, ""22"": 0.10714604276608015, ""23"": 0.28580926835811377, ""24"": 0.72267561456245, ""25"": 0.27925102810687913, ""26"": 0.14881918101427186, ""27"": -0.06757709700311751, ""28"": -0.008121618659217669, ""29"": -0.043001413558504537, ""30"": -0.139579582701604, ""31"": -0.20369078688874542, ""32"": -0.15463011461948536, ""33"": -0.0640693800621497, ""34"": -0.07612274548770313, ""35"": 0.017912278904999912, ""36"": -0.09906801688489612, ""37"": 0.0453015665599757, ""38"": -0.05594341249276017, ""39"": -0.09383089479590205, ""40"": -0.16724064356219462, ""41"": -0.21660043224251077, ""42"": -0.1465152271756257, ""43"": -0.006172426909312363, ""44"": 0.015071869807706875, ""45"": -0.01878027042906296, ""46"": 0.14253462163382827, ""47"": 0.23379020536151748, ""48"": 0.6245181117567163}","[1, 2, 3, 6, 7, 8, 9, 12, 15, 16, 17, 18, 22, 23, 24, 25, 26, 30, 31, 32, 34, 36, 39, 40, 41, 42, 46, 47, 48]","{""24"": 1181.7770913296558, ""48"": 2195.4152722598174}","{""24"": 3.4918679415825618e-236, ""48"": 0.0}",12758.956822741451,14728.400876131567,24.06422915441976,24,1.0,False,,,,,,False
Germany,2024-02-15,ordinary weekday,2024-02-14T18:00:00+01:00,2024-02-14T17:00:00+00:00,2024-02-14T17:00:00+00:00,24,ordinary,enhanced_ordinary_arima_p1_d1_q2,,1,1,2,n,identity,False,,completed,,success,converged,True,True,True,True,True,1266,4,-11025.716592323306,22059.43318464661,22059.464905503075,22080.004494251258,2.594157770591197,1.8167676226119984,"[""DeprecationWarning: Setting the shape on a NumPy array has been deprecated in NumPy 2.5.\nAs an alternative, you can create a new view using np.reshape (with copy=False if needed).""]",[],0,1242,True,joint Ljung-Box and residual ACF rule,"{""1"": 0.18170972999624183, ""2"": 0.07944892877750759, ""3"": 0.024504829071392124, ""4"": -0.034934538709666355, ""5"": -0.009264827546346093, ""6"": -0.13274742801375017, ""7"": -0.1913922770652358, ""8"": -0.1472386352349523, ""9"": -0.10846614943042651, ""10"": -0.06387349338269563, ""11"": 0.015024775306859667, ""12"": -0.14274775160609346, ""13"": 0.05197512437525791, ""14"": -0.06922877919565766, ""15"": -0.13416215668030862, ""16"": -0.14393511520990873, ""17"": -0.1997127216246053, ""18"": -0.14508507099998558, ""19"": 0.0037976977683211234, ""20"": -0.002459436676733808, ""21"": 0.02630779195616829, ""22"": 0.06627050700674296, ""23"": 0.2566945841297057, ""24"": 0.7062407072534076, ""25"": 0.24313746308469977, ""26"": 0.1123931493140004, ""27"": -0.005170361623565688, ""28"": -0.008038769030163328, ""29"": -0.0099782429234835, ""30"": -0.13273733678880598, ""31"": -0.20388605775517332, ""32"": -0.12606078941594712, ""33"": -0.08275336443097385, ""34"": -0.07710984500859473, ""35"": -0.0006699224188304467, ""36"": -0.12398121401825482, ""37"": 0.029921244222360487, ""38"": -0.06099687896898113, ""39"": -0.11719423400316269, ""40"": -0.12830001737671237, ""41"": -0.21355745163726705, ""42"": -0.14175626924310258, ""43"": 0.025088545086959717, ""44"": 0.006248622750493129, ""45"": 0.029859798020576683, ""46"": 0.11618502124885359, ""47"": 0.20250230787236972, ""48"": 0.6098733088950593}","[1, 2, 6, 7, 8, 9, 12, 15, 16, 17, 18, 23, 24, 25, 26, 30, 31, 32, 33, 34, 36, 39, 40, 41, 42, 46, 47, 48]","{""24"": 1049.849409251802, ""48"": 1956.0690387937962}","{""24"": 6.646586958970872e-209, ""48"": 0.0}",12647.629937091033,14638.523790932955,23.873098579100034,24,1.0,False,,,,,,False
Germany,2024-02-15,ordinary weekday,2024-02-14T18:00:00+01:00,2024-02-14T17:00:00+00:00,2024-02-14T17:00:00+00:00,24,ordinary,enhanced_ordinary_arima_p1_d1_q3,,1,1,3,n,identity,False,,completed,,success,converged,True,True,True,True,True,1266,5,-11018.8936791537,22047.7873583074,22047.834977355014,22073.50149531321,38.16186170773091,1.5407559278714746,"[""DeprecationWarning: Setting the shape on a NumPy array has been deprecated in NumPy 2.5.\nAs an alternative, you can create a new view using np.reshape (with copy=False if needed).""]",[],0,1242,True,joint Ljung-Box and residual ACF rule,"{""1"": 0.17111493944782952, ""2"": 0.0904480871123749, ""3"": 0.04563106862168579, ""4"": 0.023193201937855637, ""5"": -0.05303720588495511, ""6"": -0.1281426482055413, ""7"": -0.17293628726387522, ""8"": -0.16696595095832414, ""9"": -0.10857154523061224, ""10"": -0.07520842183599444, ""11"": -0.00040711915524598095, ""12"": -0.15799725692843192, ""13"": 0.041379519554074894, ""14"": -0.08628415655394682, ""15"": -0.13845019338298195, ""16"": -0.1543791986938099, ""17"": -0.18018494182200917, ""18"": -0.15311179306468053, ""19"": -0.018011493737153272, ""20"": 0.034539736493264105, ""21"": 0.041741160042449744, ""22"": 0.07916492599077783, ""23"": 0.2538327941190955, ""24"": 0.7014376050655637, ""25"": 0.23787041999428793, ""26"": 0.12392921637842509, ""27"": 0.012981096393204227, ""28"": 0.025861405359067797, ""29"": -0.028790209086540074, ""30"": -0.13241839726268706, ""31"": -0.19460143506933192, ""32"": -0.13729023071318347, ""33"": -0.08444216565657275, ""34"": -0.09166257971109594, ""35"": -0.015453295413315905, ""36"": -0.13222075054499122, ""37"": 0.01715779356593928, ""38"": -0.0814619231860449, ""39"": -0.11852731597716352, ""40"": -0.13561442829404732, ""41"": -0.2013634127988237, ""42"": -0.14177627861152287, ""43"": 0.0066419784248913875, ""44"": 0.03426200723146299, ""45"": 0.042091964627816364, ""46"": 0.12944416740932282, ""47"": 0.20171098374549937, ""48"": 0.605826743307958}","[1, 2, 6, 7, 8, 9, 10, 12, 14, 15, 16, 17, 18, 22, 23, 24, 25, 26, 30, 31, 32, 33, 34, 36, 38, 39, 40, 41, 42, 46, 47, 48]","{""24"": 1053.5808904209484, ""48"": 1966.013421109766}","{""24"": 1.4463181345793011e-210, ""48"": 0.0}",12436.89032966514,14457.367850302153,23.505434040678868,24,1.0,False,,,,,,False
Germany,2024-02-15,ordinary weekday,2024-02-14T18:00:00+01:00,2024-02-14T17:00:00+00:00,2024-02-14T17:00:00+00:00,24,ordinary,enhanced_ordinary_arima_p2_d1_q1,,2,1,1,n,identity,False,,completed,,success,converged,True,True,True,True,True,1266,4,-11018.754737324783,22045.509474649567,22045.54119550603,22066.080784254213,1.6769004934237564,26.141687144172167,"[""DeprecationWarning: Setting the shape on a NumPy array has been deprecated in NumPy 2.5.\nAs an alternative, you can create a new view using np.reshape (with copy=False if needed).""]",[],0,1242,True,joint Ljung-Box and residual ACF rule,"{""1"": 0.17984058546334583, ""2"": 0.08360932922673266, ""3"": -0.026261258479990342, ""4"": 0.04000631008858351, ""5"": 0.02563639429806716, ""6"": -0.11647064553519104, ""7"": -0.18261693069642426, ""8"": -0.16633818039172865, ""9"": -0.09818167091218925, ""10"": -0.08867823539776117, ""11"": -0.013192332271583267, ""12"": -0.17344286230061937, ""13"": 0.02314556359104081, ""14"": -0.08968600315349118, ""15"": -0.12403764637907982, ""16"": -0.1650790496229252, ""17"": -0.19071310794927115, ""18"": -0.12799020192696725, ""19"": 0.03611181776407323, ""20"": 0.045010436260197705, ""21"": 0.000804024903925925, ""22"": 0.06006199352191907, ""23"": 0.2519609769249381, ""24"": 0.7112201853570753, ""25"": 0.24286273822683443, ""26"": 0.10502833178271576, ""27"": -0.030932570777656848, ""28"": 0.04391815309392472, ""29"": 0.02019354319836404, ""30"": -0.11499206090954033, ""31"": -0.19837255883493063, ""32"": -0.1415881362613757, ""33"": -0.07505101691434382, ""34"": -0.09737556427069065, ""35"": -0.029839525846503075, ""36"": -0.1546077072087292, ""37"": 0.0028966269751852887, ""38"": -0.07808416206936178, ""39"": -0.10821079322945942, ""40"": -0.1466504249835047, ""41"": -0.20535555806307768, ""42"": -0.12365545330144509, ""43"": 0.04771435206916454, ""44"": 0.05249413039538989, ""45"": 0.008328959743732555, ""46"": 0.10629045386758378, ""47"": 0.20254527161500413, ""48"": 0.6156619222923944}","[1, 2, 6, 7, 8, 9, 10, 12, 14, 15, 16, 17, 18, 23, 24, 25, 26, 30, 31, 32, 33, 34, 36, 38, 39, 40, 41, 42, 46, 47, 48]","{""24"": 1067.885727900367, ""48"": 1993.8767064301264}","{""24"": 9.46686239114515e-213, ""48"": 0.0}",12187.50372927424,14242.99991117169,23.069790575007055,24,1.0,False,,,,,,False
Germany,2024-02-15,ordinary weekday,2024-02-14T18:00:00+01:00,2024-02-14T17:00:00+00:00,2024-02-14T17:00:00+00:00,24,ordinary,enhanced_ordinary_arima_p2_d1_q2,,2,1,2,n,identity,False,,completed,,success,converged,True,True,True,True,True,1266,5,-10977.740235617188,21965.480471234376,21965.528090281998,21991.194608240185,1.254016355158085,1.0446620275346818,"[""DeprecationWarning: Setting the shape on a NumPy array has been deprecated in NumPy 2.5.\nAs an alternative, you can create a new view using np.reshape (with copy=False if needed).""]",[],0,1242,True,joint Ljung-Box and residual ACF rule,"{""1"": 0.19363331076473744, ""2"": 0.08181222185906249, ""3"": -0.08311684542542812, ""4"": 0.031040776248204997, ""5"": 0.051526373931364146, ""6"": -0.0593641538302586, ""7"": -0.12402158700506402, ""8"": -0.11744263614592651, ""9"": -0.04084285838987556, ""10"": -0.03829956767805325, ""11"": 0.043659245835177454, ""12"": -0.11354702908616802, ""13"": 0.07504534378320395, ""14"": -0.041280869628498064, ""15"": -0.07435782023374218, ""16"": -0.13556100322906864, ""17"": -0.1534132859666319, ""18"": -0.09166136091775855, ""19"": 0.04802792231416186, ""20"": 0.024260846481735373, ""21"": -0.05219859837254897, ""22"": 0.033397582470333934, ""23"": 0.23581809209491705, ""24"": 0.6926630434928615, ""25"": 0.22971527908493392, ""26"": 0.07775638730262213, ""27"": -0.0862054457326738, ""28"": 0.016877129569326937, ""29"": 0.019140235975148783, ""30"": -0.08784995703220899, ""31"": -0.16530469189754227, ""32"": -0.11722419139683583, ""33"": -0.04233500721346189, ""34"": -0.06713162107194795, ""35"": 0.0022625395752887815, ""36"": -0.12088501835747287, ""37"": 0.0339496154544201, ""38"": -0.04799748574749808, ""39"": -0.08068441397405407, ""40"": -0.13902701252610292, ""41"": -0.19184157598793541, ""42"": -0.1118682432479768, ""43"": 0.037573911857595496, ""44"": 0.02276040327418789, ""45"": -0.05123984939822736, ""46"": 0.06198191594436411, ""47"": 0.1687509049801625, ""48"": 0.577323483079179}","[1, 2, 3, 7, 8, 12, 13, 15, 16, 17, 18, 23, 24, 25, 26, 27, 30, 31, 32, 36, 39, 40, 41, 42, 47, 48]","{""24"": 898.8365870397943, ""48"": 1652.8752572526012}","{""24"": 1.3898696801298595e-177, ""48"": 0.0}",6363.450145215019,8816.428071815446,12.526840774979162,24,1.0,False,,,,,,False
Germany,2024-02-15,ordinary weekday,2024-02-14T18:00:00+01:00,2024-02-14T17:00:00+00:00,2024-02-14T17:00:00+00:00,24,ordinary,enhanced_ordinary_arima_p2_d1_q3,,2,1,3,n,identity,False,,completed,,success,converged,True,True,True,True,True,1266,6,-10975.307837714976,21962.61567542995,21962.682395048698,21993.47263983692,1.3506427789912547,1.0327439329455044,"[""DeprecationWarning: Setting the shape on a NumPy array has been deprecated in NumPy 2.5.\nAs an alternative, you can create a new view using np.reshape (with copy=False if needed).""]",[],0,1242,True,joint Ljung-Box and residual ACF rule,"{""1"": 0.17816436095100124, ""2"": 0.06274888929992502, ""3"": -0.0183915016933224, ""4"": 0.037298672054256445, ""5"": 0.058858495644312045, ""6"": -0.06778017307079667, ""7"": -0.13081440955742918, ""8"": -0.11148994942456422, ""9"": -0.05657938762275211, ""10"": -0.040342675588138796, ""11"": 0.028359510627824474, ""12"": -0.13191187790103573, ""13"": 0.06350207808367095, ""14"": -0.04674541941401521, ""15"": -0.09067744874681667, ""16"": -0.12198194074500393, ""17"": -0.15552091071326116, ""18"": -0.09682135793789502, ""19"": 0.05388217142454156, ""20"": 0.03723257913768218, ""21"": -0.011220734280941206, ""22"": 0.029969954488027695, ""23"": 0.23122527783453153, ""24"": 0.6906294587187647, ""25"": 0.22142377412729614, ""26"": 0.07533606269774001, ""27"": -0.04523382380159878, ""28"": 0.028917292607379116, ""29"": 0.03170120479017686, ""30"": -0.091414763658738, ""31"": -0.1697164955289932, ""32"": -0.1095606954340105, ""33"": -0.05283137257172682, ""34"": -0.07151383042967839, ""35"": -0.008611853271766855, ""36"": -0.13348199471552324, ""37"": 0.02359701197187898, ""38"": -0.05521673637461171, ""39"": -0.09296742772866756, ""40"": -0.12474428596836419, ""41"": -0.19184080688221558, ""42"": -0.11433576724232461, ""43"": 0.048764912888962654, ""44"": 0.028534384679334866, ""45"": -0.0177223651436127, ""46"": 0.06394484688588475, ""47"": 0.16458588666019766, ""48"": 0.577947057515015}","[1, 7, 8, 12, 15, 16, 17, 18, 23, 24, 25, 26, 30, 31, 32, 36, 39, 40, 41, 42, 47, 48]","{""24"": 881.3322446309163, ""48"": 1628.453970611216}","{""24"": 1.0663336906947634e-174, ""48"": 0.0}",6588.79945920809,8778.744299077673,12.830875286352644,24,1.0,False,,,,,,False
Germany,2024-02-15,ordinary weekday,2024-02-14T18:00:00+01:00,2024-02-14T17:00:00+00:00,2024-02-14T17:00:00+00:00,24,ordinary,enhanced_ordinary_arima_p3_d1_q1,,3,1,1,n,identity,False,,completed,,success,converged,True,True,True,True,True,1266,5,-10981.476613812943,21972.95322762589,21973.00084667351,21998.6673646317,1.4129846004819822,1.0342916949172627,"[""DeprecationWarning: Setting the shape on a NumPy array has been deprecated in NumPy 2.5.\nAs an alternative, you can create a new view using np.reshape (with copy=False if needed).""]",[],0,1242,True,joint Ljung-Box and residual ACF rule,"{""1"": 0.2164489594575429, ""2"": 0.031209597897467842, ""3"": -0.056821459546538576, ""4"": 0.05372772116234715, ""5"": 0.07623522699547029, ""6"": -0.05616186316077552, ""7"": -0.13340384219299117, ""8"": -0.12002764423170435, ""9"": -0.05229448840256798, ""10"": -0.03783221714470137, ""11"": 0.016250500018082946, ""12"": -0.12856744679672688, ""13"": 0.052880096438902825, ""14"": -0.04094171244972562, ""15"": -0.08636523538914914, ""16"": -0.13418228530739626, ""17"": -0.15881122426273173, ""18"": -0.0866173735150742, ""19"": 0.06961418512131864, ""20"": 0.04899767119815743, ""21"": -0.039392143924322776, ""22"": 0.006889234568295175, ""23"": 0.24970239594818675, ""24"": 0.7002155799029365, ""25"": 0.24505128811131383, ""26"": 0.050165292966700976, ""27"": -0.07004857876610765, ""28"": 0.03803259471666391, ""29"": 0.04634108895235804, ""30"": -0.0834388041590569, ""31"": -0.1723057633905215, ""32"": -0.11669242703868513, ""33"": -0.048376280948066314, ""34"": -0.06766448245210234, ""35"": -0.021500310414850912, ""36"": -0.13329230242542073, ""37"": 0.014915058607046974, ""38"": -0.048875989780237925, ""39"": -0.0872483180956756, ""40"": -0.13664348856061106, ""41"": -0.19590750845819202, ""42"": -0.10646282607356772, ""43"": 0.06057338853931431, ""44"": 0.04141247896130188, ""45"": -0.03823068683004604, ""46"": 0.040190240235439864, ""47"": 0.18248570160933786, ""48"": 0.584359275917427}","[1, 5, 7, 8, 12, 15, 16, 17, 18, 23, 24, 25, 30, 31, 32, 36, 39, 40, 41, 42, 47, 48]","{""24"": 936.143822298464, ""48"": 1719.6735465473516}","{""24"": 1.5864099906386465e-185, ""48"": 0.0}",6529.876997354739,8772.719509340563,12.745865924891111,24,1.0,False,,,,,,False
Germany,2024-02-15,ordinary weekday,2024-02-14T18:00:00+01:00,2024-02-14T17:00:00+00:00,2024-02-14T17:00:00+00:00,24,ordinary,enhanced_ordinary_arima_p3_d1_q2,,3,1,2,n,identity,False,,completed,,success,converged,True,True,True,True,True,1266,6,-10977.047512350768,21966.09502470153,21966.16174432028,21996.951989108504,1.2867697429816474,1.040049856788937,"[""DeprecationWarning: Setting the shape on a NumPy array has been deprecated in NumPy 2.5.\nAs an alternative, you can create a new view using np.reshape (with copy=False if needed)."", ""UserWarning: Non-stationary starting autoregressive parameters found. Using zeros as starting parameters."", ""UserWarning: Non-invertible starting MA parameters found. Using zeros as starting parameters."", ""ConvergenceWarning: Maximum Likelihood optimization failed to converge. Check mle_retvals"", ""DeprecationWarning: Setting the shape on a NumPy array has been deprecated in NumPy 2.5.\nAs an alternative, you can create a new view using np.reshape (with copy=False if needed)."", ""UserWarning: Non-stationary starting autoregressive parameters found. Using zeros as starting parameters."", ""UserWarning: Non-invertible starting MA parameters found. Using zeros as starting parameters.""]",[],1,1242,True,joint Ljung-Box and residual ACF rule,"{""1"": 0.18726626024334989, ""2"": 0.07675426448494248, ""3"": -0.06685076615613171, ""4"": 0.03723055189116844, ""5"": 0.056465635392898735, ""6"": -0.06105381443975214, ""7"": -0.12597187927970974, ""8"": -0.11693502912053337, ""9"": -0.04492704634798205, ""10"": -0.04059557878978008, ""11"": 0.03766142410604276, ""12"": -0.12128230110683752, ""13"": 0.07012017545846103, ""14"": -0.04417709167901187, ""15"": -0.07842249667922141, ""16"": -0.13263663974823398, ""17"": -0.1536381888949473, ""18"": -0.09197014168195675, ""19"": 0.05233053224786207, ""20"": 0.031044373460306373, ""21"": -0.04120592620541184, ""22"": 0.03227055091895542, ""23"": 0.23341847143277883, ""24"": 0.6923525679170598, ""25"": 0.22639858463066023, ""26"": 0.07696554853995208, ""27"": -0.0753507629172596, ""28"": 0.023839825837877544, ""29"": 0.025275063836821904, ""30"": -0.087655539034114, ""31"": -0.16637737590474005, ""32"": -0.11579509565928472, ""33"": -0.04485657093943598, ""34"": -0.06964029037365924, ""35"": -0.0023530455761938463, ""36"": -0.12677110497787966, ""37"": 0.029552127261836824, ""38"": -0.05106263469427219, ""39"": -0.08361655602170501, ""40"": -0.1356201709648158, ""41"": -0.19131439340406445, ""42"": -0.11130077845431036, ""43"": 0.04283311095211049, ""44"": 0.027346505938070455, ""45"": -0.0423797225738326, ""46"": 0.06227622652758061, ""47"": 0.16684434777467386, ""48"": 0.5779629698761083}","[1, 2, 7, 8, 12, 15, 16, 17, 18, 23, 24, 25, 26, 27, 30, 31, 32, 36, 39, 40, 41, 42, 47, 48]","{""24"": 893.039616195043, ""48"": 1645.024530786963}","{""24"": 3.421939356859342e-177, ""48"": 0.0}",6433.190860647567,8802.945508717272,12.620181697254798,24,1.0,False,,,,,,False
Germany,2024-02-15,ordinary weekday,2024-02-14T18:00:00+01:00,2024-02-14T17:00:00+00:00,2024-02-14T17:00:00+00:00,24,ordinary,enhanced_ordinary_arima_p3_d1_q3,,3,1,3,n,identity,False,,completed,,success,converged,True,True,True,True,True,1266,7,-10974.281082071317,21962.562164142637,21962.65119434931,21998.561955950765,1.3123326111015277,1.036188881811276,"[""DeprecationWarning: Setting the shape on a NumPy array has been deprecated in NumPy 2.5.\nAs an alternative, you can create a new view using np.reshape (with copy=False if needed).""]",[],0,1242,True,joint Ljung-Box and residual ACF rule,"{""1"": 0.18130376694194394, ""2"": 0.05968484977266257, ""3"": -0.01710643779753001, ""4"": 0.019921010932846067, ""5"": 0.06251283671639772, ""6"": -0.06709707540489446, ""7"": -0.13087192937977934, ""8"": -0.10663145267705364, ""9"": -0.058328513049832706, ""10"": -0.035744927504323044, ""11"": 0.03232884215902416, ""12"": -0.12690558919795258, ""13"": 0.0671203029871848, ""14"": -0.04229755283309324, ""15"": -0.09215045028862828, ""16"": -0.11852068879199308, ""17"": -0.15756192523852233, ""18"": -0.09562259420692798, ""19"": 0.05402391277631193, ""20"": 0.025709731999353162, ""21"": -0.012579253280239134, ""22"": 0.027095188636047887, ""23"": 0.23195059524201359, ""24"": 0.6896809939438296, ""25"": 0.22200131871310527, ""26"": 0.07303922740741918, ""27"": -0.04677282460380097, ""28"": 0.01689718557614415, ""29"": 0.031168509432099385, ""30"": -0.09164638115947595, ""31"": -0.16987179426449187, ""32"": -0.1067665486577077, ""33"": -0.05444863611034751, ""34"": -0.06808393818485899, ""35"": -0.005108629378316061, ""36"": -0.13006076752082027, ""37"": 0.02674639055410568, ""38"": -0.051123340253776225, ""39"": -0.09478089129605484, ""40"": -0.12256983565601287, ""41"": -0.1936446667653344, ""42"": -0.1151429624817621, ""43"": 0.04907062466399549, ""44"": 0.01838022946896739, ""45"": -0.018828747238544156, ""46"": 0.061395190767353634, ""47"": 0.16403570001586656, ""48"": 0.5762667302237285}","[1, 7, 8, 12, 15, 16, 17, 18, 23, 24, 25, 30, 31, 32, 36, 39, 40, 41, 42, 47, 48]","{""24"": 876.1918569030233, ""48"": 1617.2282964204892}","{""24"": 1.8722943811695425e-174, ""48"": 0.0}",6514.996806715858,8784.020891777594,12.72951358510447,24,1.0,False,,,,,,False
Germany,2024-02-15,ordinary weekday,2024-02-14T18:00:00+01:00,2024-02-14T17:00:00+00:00,2024-02-14T17:00:00+00:00,24,ordinary,enhanced_ordinary_arima_p4_d1_q1,,4,1,1,n,identity,False,,completed,,success,converged,True,True,True,True,True,1266,6,-11018.57058584402,22049.14117168804,22049.207891306785,22079.998136095008,1.729639071747903,1.9812307312350756,"[""DeprecationWarning: Setting the shape on a NumPy array has been deprecated in NumPy 2.5.\nAs an alternative, you can create a new view using np.reshape (with copy=False if needed).""]",[],0,1242,True,joint Ljung-Box and residual ACF rule,"{""1"": 0.18233286828817324, ""2"": 0.07811903746643634, ""3"": -0.013766524390387218, ""4"": 0.0335176496782617, ""5"": 0.024160795150094814, ""6"": -0.12149962572068962, ""7"": -0.18451612327330194, ""8"": -0.16420110979331395, ""9"": -0.10057021500435943, ""10"": -0.08526608613644511, ""11"": -0.012801614859618312, ""12"": -0.17121898946488034, ""13"": 0.024049493146769345, ""14"": -0.08714203871554313, ""15"": -0.1270086848349307, ""16"": -0.16183834068477806, ""17"": -0.19289655117043206, ""18"": -0.13175440115274437, ""19"": 0.03358424174654291, ""20"": 0.042016992090350286, ""21"": 0.007518183814976215, ""22"": 0.05839814893028355, ""23"": 0.2539972747936966, ""24"": 0.711180819403788, ""25"": 0.24421104099453214, ""26"": 0.10338782828586247, ""27"": -0.024233479794044978, ""28"": 0.040188942058144786, ""29"": 0.018857762496956598, ""30"": -0.11894644293482205, ""31"": -0.2004355837867035, ""32"": -0.13977691693676425, ""33"": -0.07674106376000901, ""34"": -0.09517717209071268, ""35"": -0.028901139986035915, ""36"": -0.15217133808775862, ""37"": 0.0037840898927286996, ""38"": -0.07652494801718922, ""39"": -0.11054831429800092, ""40"": -0.14396554917611398, ""41"": -0.2071407734654474, ""42"": -0.12724121159327015, ""43"": 0.04666971882434885, ""44"": 0.04866355720335247, ""45"": 0.01395908676884539, ""46"": 0.10554930563425911, ""47"": 0.2040404947108464, ""48"": 0.6155898025063868}","[1, 2, 6, 7, 8, 9, 10, 12, 14, 15, 16, 17, 18, 23, 24, 25, 26, 30, 31, 32, 33, 34, 36, 38, 39, 40, 41, 42, 46, 47, 48]","{""24"": 1068.8374042855487, ""48"": 1996.08989027677}","{""24"": 1.0525370148779574e-214, ""48"": 0.0}",12187.998329802736,14243.198889239682,23.070550481692965,24,1.0,False,,,,,,False
Germany,2024-02-15,ordinary weekday,2024-02-14T18:00:00+01:00,2024-02-14T17:00:00+00:00,2024-02-14T17:00:00+00:00,24,ordinary,enhanced_ordinary_arima_p4_d1_q2,,4,1,2,n,identity,False,,failed,MA roots fail invertibility threshold,success,converged,True,True,True,True,False,1266,7,-11003.294788948577,22020.589577897154,22020.67860810383,22056.589369705285,1.037928514982181,1.0000001269104355,"[""DeprecationWarning: Setting the shape on a NumPy array has been deprecated in NumPy 2.5.\nAs an alternative, you can create a new view using np.reshape (with copy=False if needed)."", ""UserWarning: Non-stationary starting autoregressive parameters found. Using zeros as starting parameters."", ""UserWarning: Non-invertible starting MA parameters found. Using zeros as starting parameters."", ""ConvergenceWarning: Maximum Likelihood optimization failed to converge. Check mle_retvals"", ""DeprecationWarning: Setting the shape on a NumPy array has been deprecated in NumPy 2.5.\nAs an alternative, you can create a new view using np.reshape (with copy=False if needed)."", ""UserWarning: Non-stationary starting autoregressive parameters found. Using zeros as starting parameters."", ""UserWarning: Non-invertible starting MA parameters found. Using zeros as starting parameters.""]",[],1,1242,True,joint Ljung-Box and residual ACF rule,"{""1"": 0.17570375059119184, ""2"": 0.06424233333407905, ""3"": 0.010199695910560025, ""4"": 0.02257841129674281, ""5"": 2.1320432663072385e-05, ""6"": -0.08351424332751513, ""7"": -0.18195007311352085, ""8"": -0.19086676356225532, ""9"": -0.07575921250386165, ""10"": -0.07800644169601652, ""11"": -0.044776603349491934, ""12"": -0.14989564383063622, ""13"": 0.03414681252359092, ""14"": -0.1153054878332616, ""15"": -0.11555231666559138, ""16"": -0.14227388221877751, ""17"": -0.21382615195171606, ""18"": -0.12361532677778247, ""19"": 0.05661779115354358, ""20"": 0.020305372859780402, ""21"": -0.0040718665483271185, ""22"": 0.08558149909802484, ""23"": 0.24428404565766754, ""24"": 0.6783894111421457, ""25"": 0.26566947850273054, ""26"": 0.1028958476117062, ""27"": -0.04220760356514078, ""28"": 0.05137742231940677, ""29"": 0.02152014732587309, ""30"": -0.12791182504777954, ""31"": -0.1861849706923818, ""32"": -0.13189937447546413, ""33"": -0.09084175547587456, ""34"": -0.09010647043340426, ""35"": -0.0212504800460356, ""36"": -0.1604157318010292, ""37"": -0.000273441691622642, ""38"": -0.06513056079845828, ""39"": -0.11618586201746338, ""40"": -0.14876282963382034, ""41"": -0.19256459648986235, ""42"": -0.1247695270186746, ""43"": 0.03873590745825766, ""44"": 0.05598613147736386, ""45"": 0.010620297056285715, ""46"": 0.09815350059092283, ""47"": 0.2137733750790902, ""48"": 0.601067333286517}","[1, 6, 7, 8, 9, 10, 12, 14, 15, 16, 17, 18, 22, 23, 24, 25, 26, 30, 31, 32, 33, 34, 36, 39, 40, 41, 42, 46, 47, 48]","{""24"": 996.4166091553534, ""48"": 1911.5949641012776}","{""24"": 4.089456186612315e-200, ""48"": 0.0}",,,,0,0.0,False,,,,,,False
Germany,2024-03-31,spring-DST Sunday,2024-03-30T18:00:00+01:00,2024-03-30T17:00:00+00:00,2024-03-30T17:00:00+00:00,23,ordinary,enhanced_ordinary_arima_p1_d1_q1,,1,1,1,n,identity,False,,completed,,success,converged,True,True,True,True,True,2346,3,-20367.47141594624,40740.94283189248,40740.95307954406,40758.22295393512,1.6603134337198289,2.129485376844772,"[""DeprecationWarning: Setting the shape on a NumPy array has been deprecated in NumPy 2.5.\nAs an alternative, you can create a new view using np.reshape (with copy=False if needed).""]",[],0,2322,True,joint Ljung-Box and residual ACF rule,"{""1"": 0.14025455368676645, ""2"": 0.11043629252743963, ""3"": -0.09667348830434934, ""4"": -0.007743868685100189, ""5"": -0.08497786701289879, ""6"": -0.15402385678832492, ""7"": -0.1586951295584726, ""8"": -0.14386565843349372, ""9"": -0.08363678475152102, ""10"": -0.07773906875389897, ""11"": 0.07242550730245041, ""12"": 0.03433285127317454, ""13"": 0.10484823745246173, ""14"": -0.08565818471322782, ""15"": -0.10481210155805812, ""16"": -0.15512957216941614, ""17"": -0.16968372428468065, ""18"": -0.16184575974898596, ""19"": -0.06849609050217344, ""20"": -0.0004012830451248031, ""21"": -0.041386559255702234, ""22"": 0.07334454258164198, ""23"": 0.21957457645747602, ""24"": 0.7267744676322342, ""25"": 0.2176006504847269, ""26"": 0.09752271446461692, ""27"": -0.061030661608399345, ""28"": -0.010724439632872913, ""29"": -0.07449185139138194, ""30"": -0.1563302637804829, ""31"": -0.17358007221342556, ""32"": -0.12287796185525163, ""33"": -0.07303073830675504, ""34"": -0.08026548304325251, ""35"": 0.05498760509228667, ""36"": 0.04502798258839735, ""37"": 0.08495880875591125, ""38"": -0.07745544881844728, ""39"": -0.09296293171736268, ""40"": -0.14155647512855007, ""41"": -0.178543852668115, ""42"": -0.1659340968800007, ""43"": -0.05435080194431152, ""44"": 0.003921202483221711, ""45"": -0.018774596838921673, ""46"": 0.0959804597102508, ""47"": 0.19529546153137578, ""48"": 0.6191346488459526}","[1, 2, 3, 5, 6, 7, 8, 9, 10, 11, 13, 14, 15, 16, 17, 18, 19, 22, 23, 24, 25, 26, 27, 29, 30, 31, 32, 33, 34, 35, 37, 38, 39, 40, 41, 42, 43, 46, 47, 48]","{""24"": 1955.2622386796104, ""48"": 3584.1744487919054}","{""24"": 0.0, ""48"": 0.0}",22171.89646353109,22393.61616455085,60.06566878905863,23,1.0,False,,,,,,False
Germany,2024-03-31,spring-DST Sunday,2024-03-30T18:00:00+01:00,2024-03-30T17:00:00+00:00,2024-03-30T17:00:00+00:00,23,ordinary,enhanced_ordinary_arima_p1_d1_q2,,1,1,2,n,identity,False,,completed,,success,converged,True,True,True,True,True,2346,4,-20332.12936856567,40672.25873713134,40672.27582384642,40695.29889985486,2.260573131023296,1.9438597360305945,"[""DeprecationWarning: Setting the shape on a NumPy array has been deprecated in NumPy 2.5.\nAs an alternative, you can create a new view using np.reshape (with copy=False if needed).""]",[],0,2322,True,joint Ljung-Box and residual ACF rule,"{""1"": 0.09395149463885205, ""2"": 0.05202665487532745, ""3"": 0.023148657238481828, ""4"": -0.023237809479672758, ""5"": -0.05408797474078577, ""6"": -0.14856471262734686, ""7"": -0.15072891431252036, ""8"": -0.12178849092561407, ""9"": -0.0946651599332293, ""10"": -0.08161508016252357, ""11"": 0.0406507573447951, ""12"": 0.00440164875513418, ""13"": 0.07885310099279408, ""14"": -0.09695346126984654, ""15"": -0.11660059521448864, ""16"": -0.12459920511731853, ""17"": -0.1623974242407028, ""18"": -0.15357439623772884, ""19"": -0.05102009682264098, ""20"": 0.0035124967202286245, ""21"": 0.02981225137769906, ""22"": 0.038107021783341896, ""23"": 0.18618753490666862, ""24"": 0.715829737216218, ""25"": 0.17853028692815073, ""26"": 0.06674795502557197, ""27"": 0.00967391463641773, ""28"": -0.009202607539713931, ""29"": -0.04800962103837384, ""30"": -0.14854003408524633, ""31"": -0.1682743251407282, ""32"": -0.10088473485623523, ""33"": -0.08023925715106613, ""34"": -0.09100629457645172, ""35"": 0.026987049218441236, ""36"": 0.020046312468015047, ""37"": 0.05862099659090098, ""38"": -0.0923036324702958, ""39"": -0.10186933202114944, ""40"": -0.11207214758790654, ""41"": -0.17186567711139927, ""42"": -0.15713531894256944, ""43"": -0.032519170955503086, ""44"": 0.0026725630340112654, ""45"": 0.03571891287428385, ""46"": 0.07287678637121939, ""47"": 0.16197849946485104, ""48"": 0.6100408801176016}","[1, 5, 6, 7, 8, 9, 10, 13, 14, 15, 16, 17, 18, 23, 24, 25, 26, 30, 31, 32, 33, 34, 37, 38, 39, 40, 41, 42, 46, 47, 48]","{""24"": 1733.3670934214588, ""48"": 3178.869120310238}","{""24"": 0.0, ""48"": 0.0}",21191.228329792277,21425.397095723,57.44279633934891,23,1.0,False,,,,,,False
Germany,2024-03-31,spring-DST Sunday,2024-03-30T18:00:00+01:00,2024-03-30T17:00:00+00:00,2024-03-30T17:00:00+00:00,23,ordinary,enhanced_ordinary_arima_p1_d1_q3,,1,1,3,n,identity,False,,completed,,success,converged,True,True,True,True,True,2346,5,-20329.945134022542,40669.890268045085,40669.915909070725,40698.69047144949,2.9478098111052646,2.0640844221508683,"[""DeprecationWarning: Setting the shape on a NumPy array has been deprecated in NumPy 2.5.\nAs an alternative, you can create a new view using np.reshape (with copy=False if needed).""]",[],0,2322,True,joint Ljung-Box and residual ACF rule,"{""1"": 0.08769682282915445, ""2"": 0.048300275559557716, ""3"": 0.024250550924398998, ""4"": 0.005657374055918946, ""5"": -0.06370568623410156, ""6"": -0.14690509316869887, ""7"": -0.1454760365421197, ""8"": -0.12331167526667518, ""9"": -0.0921378238984507, ""10"": -0.08810233373903732, ""11"": 0.033794546844558335, ""12"": -0.002392532888492444, ""13"": 0.07278170085115117, ""14"": -0.1037208232830101, ""15"": -0.11576282938607078, ""16"": -0.12399342564136626, ""17"": -0.15601244378261178, ""18"": -0.15524443474834426, ""19"": -0.0544936450311847, ""20"": 0.022741910993593444, ""21"": 0.03185600529455153, ""22"": 0.034997257237427526, ""23"": 0.1816423840405461, ""24"": 0.7150278414045275, ""25"": 0.17419093277304745, ""26"": 0.06314893966243426, ""27"": 0.012023333413722954, ""28"": 0.009953196735737515, ""29"": -0.050577418576415, ""30"": -0.1481056136601941, ""31"": -0.16505617561239128, ""32"": -0.10044673492321898, ""33"": -0.07820322264525931, ""34"": -0.09798735165868416, ""35"": 0.020061005925662158, ""36"": 0.014988280981758124, ""37"": 0.05235583285315424, ""38"": -0.09997431514550248, ""39"": -0.10047503930267626, ""40"": -0.11076010662503584, ""41"": -0.1671033658403617, ""42"": -0.157218246556294, ""43"": -0.034851674976915645, ""44"": 0.01812369977639972, ""45"": 0.03743396601501836, ""46"": 0.06996507791380552, ""47"": 0.15879185708583854, ""48"": 0.6089979273530642}","[1, 5, 6, 7, 8, 9, 10, 13, 14, 15, 16, 17, 18, 19, 23, 24, 25, 26, 30, 31, 32, 33, 34, 38, 39, 40, 41, 42, 46, 47, 48]","{""24"": 1719.6291803515196, ""48"": 3151.0421679399415}","{""24"": 0.0, ""48"": 0.0}",20848.773289473676,21086.90233690125,56.525861275044456,23,1.0,False,,,,,,False
Germany,2024-03-31,spring-DST Sunday,2024-03-30T18:00:00+01:00,2024-03-30T17:00:00+00:00,2024-03-30T17:00:00+00:00,23,ordinary,enhanced_ordinary_arima_p2_d1_q1,,2,1,1,n,identity,False,,completed,,success,converged,True,True,True,True,True,2346,4,-20330.59012437308,40669.18024874616,40669.19733546124,40692.22041146967,1.6457425699721924,10.36131692604979,"[""DeprecationWarning: Setting the shape on a NumPy array has been deprecated in NumPy 2.5.\nAs an alternative, you can create a new view using np.reshape (with copy=False if needed).""]",[],0,2322,True,joint Ljung-Box and residual ACF rule,"{""1"": 0.0827970388670055, ""2"": 0.020549382674124123, ""3"": -0.007833483304952999, ""4"": 0.05669391087884441, ""5"": -0.022515532866680944, ""6"": -0.131510066526154, ""7"": -0.13407102611532176, ""8"": -0.11763033363571035, ""9"": -0.09356057852521607, ""10"": -0.10889318592732003, ""11"": 0.011299727882024609, ""12"": -0.022584193180911993, ""13"": 0.051878675015824126, ""14"": -0.12106288950180946, ""15"": -0.11787222992804804, ""16"": -0.12004572111245938, ""17"": -0.14284771918370653, ""18"": -0.1389170362004313, ""19"": -0.019571932103323315, ""20"": 0.059128046096559264, ""21"": 0.011165044065104929, ""22"": 0.008813745223703894, ""23"": 0.17236454838225396, ""24"": 0.7155466967999674, ""25"": 0.16849380310996198, ""26"": 0.03684724583198346, ""27"": -0.008350664962854042, ""28"": 0.04856934981885973, ""29"": -0.015465592033724983, ""30"": -0.13281548131452853, ""31"": -0.15425538235436398, ""32"": -0.09433547429295042, ""33"": -0.07903346147120972, ""34"": -0.116896878944855, ""35"": -0.0028632129808335237, ""36"": -0.005324766712601047, ""37"": 0.03232130211365405, ""38"": -0.11617404569894495, ""39"": -0.10213093041264368, ""40"": -0.10603731460645371, ""41"": -0.15398374353387334, ""42"": -0.14229866438373742, ""43"": -0.0057169888436152385, ""44"": 0.05117876824095706, ""45"": 0.021264207070369, ""46"": 0.04493833964002535, ""47"": 0.15073120796689402, ""48"": 0.6085775216174263}","[1, 4, 6, 7, 8, 9, 10, 14, 15, 16, 17, 18, 20, 23, 24, 25, 30, 31, 32, 33, 34, 38, 39, 40, 41, 42, 47, 48]","{""24"": 1671.1681220496191, ""48"": 3047.475758027517}","{""24"": 0.0, ""48"": 0.0}",20167.148685968616,20412.17627857156,54.698599785165015,23,1.0,False,,,,,,False
Germany,2024-03-31,spring-DST Sunday,2024-03-30T18:00:00+01:00,2024-03-30T17:00:00+00:00,2024-03-30T17:00:00+00:00,23,ordinary,enhanced_ordinary_arima_p2_d1_q2,,2,1,2,n,identity,False,,completed,,success,converged,True,True,True,True,True,2346,5,-20235.36782095432,40480.73564190864,40480.76128293428,40509.53584531305,1.213968191604933,1.0412972946991903,"[""DeprecationWarning: Setting the shape on a NumPy array has been deprecated in NumPy 2.5.\nAs an alternative, you can create a new view using np.reshape (with copy=False if needed).""]",[],0,2322,True,joint Ljung-Box and residual ACF rule,"{""1"": 0.09966484051450582, ""2"": 0.0376591555075832, ""3"": -0.0670729877442207, ""4"": 0.05888668881792346, ""5"": 0.018589688712217847, ""6"": -0.06097937855891483, ""7"": -0.0702025860055275, ""8"": -0.06894636491455419, ""9"": -0.04215327853174686, ""10"": -0.0608063935589534, ""11"": 0.06858548316459606, ""12"": 0.03170086263991353, ""13"": 0.10488627700762741, ""14"": -0.073955944852417, ""15"": -0.07435289798210667, ""16"": -0.09062850405644521, ""17"": -0.09884457300732782, ""18"": -0.08968245986664579, ""19"": 0.005504826120784326, ""20"": 0.04395817148662181, ""21"": -0.04487655455849592, ""22"": -0.00621422655737997, ""23"": 0.15721175782402164, ""24"": 0.6911684146706201, ""25"": 0.1549298699767222, ""26"": 0.01882203715081047, ""27"": -0.06902198674239261, ""28"": 0.025194733503934884, ""29"": -0.007209408685279713, ""30"": -0.09741244159534887, ""31"": -0.12074064401319806, ""32"": -0.0768749210158389, ""33"": -0.05797351154359752, ""34"": -0.09390579822894256, ""35"": 0.024328164283273095, ""36"": 0.017342556798843122, ""37"": 0.05813632586578926, ""38"": -0.0933151609548149, ""39"": -0.08639740395927016, ""40"": -0.10410304288544632, ""41"": -0.13813976101109463, ""42"": -0.12346996551011745, ""43"": -0.00855199008009056, ""44"": 0.019871211076529675, ""45"": -0.04546740153398801, ""46"": 0.0059707143436720156, ""47"": 0.11334829590704067, ""48"": 0.5609926326096588}","[1, 3, 4, 6, 7, 8, 10, 11, 13, 14, 15, 16, 17, 18, 23, 24, 25, 27, 30, 31, 32, 33, 34, 37, 38, 39, 40, 41, 42, 47, 48]","{""24"": 1404.6764258432165, ""48"": 2512.6035158524346}","{""24"": 1.1044254448337943e-285, ""48"": 0.0}",12056.801766153283,12598.808396577677,33.05124440379537,23,1.0,False,,,,,,False
Germany,2024-03-31,spring-DST Sunday,2024-03-30T18:00:00+01:00,2024-03-30T17:00:00+00:00,2024-03-30T17:00:00+00:00,23,ordinary,enhanced_ordinary_arima_p2_d1_q3,,2,1,3,n,identity,False,,completed,,success,converged,True,True,True,True,True,2346,6,-20232.680416736635,40477.36083347327,40477.39674625651,40511.92107755855,1.2732447290857227,1.0252546203113475,"[""DeprecationWarning: Setting the shape on a NumPy array has been deprecated in NumPy 2.5.\nAs an alternative, you can create a new view using np.reshape (with copy=False if needed).""]",[],0,2322,True,joint Ljung-Box and residual ACF rule,"{""1"": 0.08413386461776812, ""2"": 0.02457882611650869, ""3"": -0.015679919726838916, ""4"": 0.06171030542499685, ""5"": 0.022585730352108428, ""6"": -0.06805431728577102, ""7"": -0.07098527965615935, ""8"": -0.06221364382990364, ""9"": -0.043117242042390154, ""10"": -0.05906221867106736, ""11"": 0.061163473390271644, ""12"": 0.024933493259174693, ""13"": 0.09955505754545879, ""14"": -0.07462060985454606, ""15"": -0.07452885189914213, ""16"": -0.07798628464646468, ""17"": -0.09694703028045278, ""18"": -0.0926362707853023, ""19"": 0.008276120280895336, ""20"": 0.05312924003061941, ""21"": -0.009550621148343682, ""22"": -0.009244214298080157, ""23"": 0.15039340860028558, ""24"": 0.6911904011794803, ""25"": 0.14570922245616785, ""26"": 0.016646463764204592, ""27"": -0.03433112504901087, ""28"": 0.033709455932965496, ""29"": -0.000601609645787674, ""30"": -0.10012229355084286, ""31"": -0.12064240286642912, ""32"": -0.06821101689726179, ""33"": -0.056618870791964176, ""34"": -0.09398233594223397, ""35"": 0.01904474364252054, ""36"": 0.013386552179054498, ""37"": 0.052857706578114554, ""38"": -0.0956226188869721, ""39"": -0.08573847979206067, ""40"": -0.09176372072121769, ""41"": -0.13623976054468906, ""42"": -0.1250936328615072, ""43"": -0.004050774549565457, ""44"": 0.02506851640808709, ""45"": -0.018412921180991776, ""46"": 0.005375925279824521, ""47"": 0.10622745251839252, ""48"": 0.5614684793508262}","[1, 4, 6, 7, 8, 10, 11, 13, 14, 15, 16, 17, 18, 23, 24, 25, 30, 31, 32, 33, 34, 38, 39, 40, 41, 42, 47, 48]","{""24"": 1370.3844408134423, ""48"": 2448.578928923374}","{""24"": 2.8708164996775154e-279, ""48"": 0.0}",13341.92758753877,13851.02911743948,36.51302009746508,23,1.0,False,,,,,,False
Germany,2024-03-31,spring-DST Sunday,2024-03-30T18:00:00+01:00,2024-03-30T17:00:00+00:00,2024-03-30T17:00:00+00:00,23,ordinary,enhanced_ordinary_arima_p3_d1_q1,,3,1,1,n,identity,False,,completed,,success,converged,True,True,True,True,True,2346,5,-20330.07186707896,40670.14373415792,40670.16937518356,40698.94393756232,1.6141574027121162,3.5009614326164678,"[""DeprecationWarning: Setting the shape on a NumPy array has been deprecated in NumPy 2.5.\nAs an alternative, you can create a new view using np.reshape (with copy=False if needed).""]",[],0,2322,True,joint Ljung-Box and residual ACF rule,"{""1"": 0.0817435766454936, ""2"": 0.02201036897507938, ""3"": -0.013495624920514402, ""4"": 0.05950678100100985, ""5"": -0.019732641620503973, ""6"": -0.12876326283547063, ""7"": -0.1328240263706908, ""8"": -0.11797398854944591, ""9"": -0.09359245832114087, ""10"": -0.11061928643275212, ""11"": 0.010398657138880324, ""12"": -0.024283930929108428, ""13"": 0.050871993487602976, ""14"": -0.12233531873871613, ""15"": -0.11775520635452255, ""16"": -0.120761778604772, ""17"": -0.14157645122760332, ""18"": -0.13647131800784065, ""19"": -0.016940797300640496, ""20"": 0.06069848806132816, ""21"": 0.007721281317297956, ""22"": 0.008957857315664916, ""23"": 0.17141799695228171, ""24"": 0.7153100176491394, ""25"": 0.1678586967982913, ""26"": 0.03700694361960903, ""27"": -0.01171763483163992, ""28"": 0.05041678293638447, ""29"": -0.013220633827404597, ""30"": -0.13044496202230021, ""31"": -0.15293135501507632, ""32"": -0.09465291448547411, ""33"": -0.07917569270277693, ""34"": -0.11818528591611681, ""35"": -0.003916449447013666, ""36"": -0.007157404524044707, ""37"": 0.03134699060439502, ""38"": -0.11712867741069685, ""39"": -0.1021126463851638, ""40"": -0.10665896624171488, ""41"": -0.1527115330938932, ""42"": -0.14018898396248627, ""43"": -0.0036529374263091076, ""44"": 0.05281493463091754, ""45"": 0.018590617051846108, ""46"": 0.04469554339269181, ""47"": 0.14999846384835733, ""48"": 0.6082299151224582}","[1, 4, 6, 7, 8, 9, 10, 14, 15, 16, 17, 18, 20, 23, 24, 25, 30, 31, 32, 33, 34, 38, 39, 40, 41, 42, 47, 48]","{""24"": 1667.371670013446, ""48"": 3039.071650094661}","{""24"": 0.0, ""48"": 0.0}",20134.80880580867,20379.984155911567,54.61159404797849,23,1.0,False,,,,,,False
Germany,2024-03-31,spring-DST Sunday,2024-03-30T18:00:00+01:00,2024-03-30T17:00:00+00:00,2024-03-30T17:00:00+00:00,23,ordinary,enhanced_ordinary_arima_p3_d1_q2,,3,1,2,n,identity,False,,failed,AR roots fail stationarity threshold; MA roots fail invertibility threshold,success,converged,True,True,True,False,False,2346,6,-20321.495381935638,40654.990763871276,40655.02667665452,40689.55100795656,1.0032670730286988,1.0083405297416679,"[""DeprecationWarning: Setting the shape on a NumPy array has been deprecated in NumPy 2.5.\nAs an alternative, you can create a new view using np.reshape (with copy=False if needed)."", ""UserWarning: Non-stationary starting autoregressive parameters found. Using zeros as starting parameters."", ""UserWarning: Non-invertible starting MA parameters found. Using zeros as starting parameters."", ""ConvergenceWarning: Maximum Likelihood optimization failed to converge. Check mle_retvals"", ""DeprecationWarning: Setting the shape on a NumPy array has been deprecated in NumPy 2.5.\nAs an alternative, you can create a new view using np.reshape (with copy=False if needed)."", ""UserWarning: Non-stationary starting autoregressive parameters found. Using zeros as starting parameters."", ""UserWarning: Non-invertible starting MA parameters found. Using zeros as starting parameters.""]",[],1,2322,True,joint Ljung-Box and residual ACF rule,"{""1"": 0.08442499865641044, ""2"": 0.023190513445484298, ""3"": -0.0006329337954953077, ""4"": 0.04687786006829444, ""5"": -0.01840171839880685, ""6"": -0.14093240492111286, ""7"": -0.12791861462810053, ""8"": -0.12645021902839942, ""9"": -0.08597696687233988, ""10"": -0.116108755991897, ""11"": 0.021044395093514377, ""12"": -0.030459499379532563, ""13"": 0.06144413811526631, ""14"": -0.12861396413922596, ""15"": -0.11015483539298233, ""16"": -0.12862518566205627, ""17"": -0.13718870621938647, ""18"": -0.14779931243299935, ""19"": -0.015273612458627477, ""20"": 0.04983152900654426, ""21"": 0.019091400132428316, ""22"": 0.008348998476615726, ""23"": 0.17755256278012174, ""24"": 0.7125749968562682, ""25"": 0.17304794366429693, ""26"": 0.03677762107694442, ""27"": -0.0010779814753885352, ""28"": 0.039825027911964905, ""29"": -0.01177119618327426, ""30"": -0.1411526591116131, ""31"": -0.14880011756347816, ""32"": -0.10247426895152839, ""33"": -0.07235988082625985, ""34"": -0.12336150314745853, ""35"": 0.006127852555093056, ""36"": -0.01240357504478477, ""37"": 0.04106842920027194, ""38"": -0.12299792516288006, ""39"": -0.09516649676502563, ""40"": -0.11422515180595348, ""41"": -0.14852161746710305, ""42"": -0.15066383516818302, ""43"": -0.0013840639112616107, ""44"": 0.042470063160050225, ""45"": 0.028615391058150617, ""46"": 0.044129183704503576, ""47"": 0.1559585833145669, ""48"": 0.6056171744551859}","[1, 6, 7, 8, 9, 10, 13, 14, 15, 16, 17, 18, 23, 24, 25, 30, 31, 32, 33, 34, 38, 39, 40, 41, 42, 47, 48]","{""24"": 1680.9238207004528, ""48"": 3067.8088675420177}","{""24"": 0.0, ""48"": 0.0}",,,,0,0.0,False,,,,,,False
Germany,2024-03-31,spring-DST Sunday,2024-03-30T18:00:00+01:00,2024-03-30T17:00:00+00:00,2024-03-30T17:00:00+00:00,23,ordinary,enhanced_ordinary_arima_p3_d1_q3,,3,1,3,n,identity,False,,completed,,success,converged,True,True,True,True,True,2346,7,-20230.06275292618,40474.12550585236,40474.17341004398,40514.44579061852,1.250311622447053,1.0306203064704578,"[""DeprecationWarning: Setting the shape on a NumPy array has been deprecated in NumPy 2.5.\nAs an alternative, you can create a new view using np.reshape (with copy=False if needed).""]",[],0,2322,True,joint Ljung-Box and residual ACF rule,"{""1"": 0.08481994842619944, ""2"": 0.022763326166370272, ""3"": -0.00741357462581403, ""4"": 0.0385091330910444, ""5"": 0.03098498238618447, ""6"": -0.07075746057730842, ""7"": -0.0709769947190434, ""8"": -0.061324496564823236, ""9"": -0.04678084957855456, ""10"": -0.055613414553715226, ""11"": 0.06180741839585051, ""12"": 0.026375269183415644, ""13"": 0.10010280224700217, ""14"": -0.07199848843988722, ""15"": -0.07780195476737442, ""16"": -0.07770491026403986, ""17"": -0.1000463874823888, ""18"": -0.09262930452333472, ""19"": 0.01035916924181343, ""20"": 0.038165070152432604, ""21"": -0.006694961352477309, ""22"": -0.010608813204229944, ""23"": 0.15005837587910267, ""24"": 0.6896716642748536, ""25"": 0.14471444780665818, ""26"": 0.01608328976392513, ""27"": -0.031680963487687896, ""28"": 0.018437562872203387, ""29"": 0.0015333280810073925, ""30"": -0.10144763251796661, ""31"": -0.12157788839422878, ""32"": -0.06857589546590154, ""33"": -0.060079909145145965, ""34"": -0.09139562905521054, ""35"": 0.019913828014928036, ""36"": 0.01385254337310324, ""37"": 0.05338351212512113, ""38"": -0.09288364083117863, ""39"": -0.08900018582964296, ""40"": -0.09210304239522162, ""41"": -0.13868995820330007, ""42"": -0.1258708943395369, ""43"": -0.0021308262439056307, ""44"": 0.01271199359003466, ""45"": -0.016365783296845172, ""46"": 0.005183808717442328, ""47"": 0.10521536265645529, ""48"": 0.5603595482045537}","[1, 6, 7, 8, 10, 11, 13, 14, 15, 16, 17, 18, 23, 24, 25, 30, 31, 32, 33, 34, 38, 39, 40, 41, 42, 47, 48]","{""24"": 1359.9920849998823, ""48"": 2434.0907008541108}","{""24"": 5.5097714359777956e-278, ""48"": 0.0}",12831.82148557978,13357.252855992128,35.14254144457113,23,1.0,False,,,,,,False
Germany,2024-03-31,spring-DST Sunday,2024-03-30T18:00:00+01:00,2024-03-30T17:00:00+00:00,2024-03-30T17:00:00+00:00,23,ordinary,enhanced_ordinary_arima_p4_d1_q1,,4,1,1,n,identity,False,,completed,,success,converged,True,True,True,True,True,2346,6,-20225.2474441574,40462.4948883148,40462.53080109805,40497.05513240008,1.1674645827649115,1.0525938862302866,"[""DeprecationWarning: Setting the shape on a NumPy array has been deprecated in NumPy 2.5.\nAs an alternative, you can create a new view using np.reshape (with copy=False if needed).""]",[],0,2322,True,joint Ljung-Box and residual ACF rule,"{""1"": 0.08221877636129389, ""2"": 0.06427351626394186, ""3"": -0.03827942506417069, ""4"": 0.026365990045604092, ""5"": -0.008902795890308783, ""6"": -0.07788536714895575, ""7"": -0.07368598816989215, ""8"": -0.06670937914673111, ""9"": -0.03592756888486403, ""10"": -0.04582459239690966, ""11"": 0.08549052520982042, ""12"": 0.04149024874435353, ""13"": 0.11978246758391388, ""14"": -0.06341732205656803, ""15"": -0.06909140692624809, ""16"": -0.08818970567510788, ""17"": -0.1058141033670528, ""18"": -0.10630845695024557, ""19"": -0.021276771834896627, ""20"": 0.018743017975351148, ""21"": -0.027167104417002656, ""22"": 0.01283846256016993, ""23"": 0.14799709945667988, ""24"": 0.6841089689327864, ""25"": 0.14234274618441745, ""26"": 0.03808665670666359, ""27"": -0.05262097282247993, ""28"": -0.0007344580161281016, ""29"": -0.03324249923119038, ""30"": -0.11309397320952252, ""31"": -0.12684324629026847, ""32"": -0.07725363341634307, ""33"": -0.05452284162181902, ""34"": -0.08183949260651878, ""35"": 0.040242020519288345, ""36"": 0.0273482807868412, ""37"": 0.07118703121732897, ""38"": -0.08435487813595662, ""39"": -0.08302023303778074, ""40"": -0.10323275835224062, ""41"": -0.14516483981717915, ""42"": -0.13833550639406017, ""43"": -0.030816503182187368, ""44"": -0.0037553482985364563, ""45"": -0.03272799814677729, ""46"": 0.0237848401720007, ""47"": 0.10533849742926872, ""48"": 0.5553455439138728}","[1, 2, 6, 7, 8, 11, 13, 14, 15, 16, 17, 18, 23, 24, 25, 30, 31, 32, 33, 34, 37, 38, 39, 40, 41, 42, 47, 48]","{""24"": 1376.1087472441473, ""48"": 2476.469146651538}","{""24"": 1.699625822779182e-280, ""48"": 0.0}",11449.718256503138,12016.184218375787,31.41828596102091,23,1.0,False,,,,,,False
Germany,2024-03-31,spring-DST Sunday,2024-03-30T18:00:00+01:00,2024-03-30T17:00:00+00:00,2024-03-30T17:00:00+00:00,23,ordinary,enhanced_ordinary_arima_p4_d1_q2,,4,1,2,n,identity,False,,completed,,success,converged,True,True,True,True,True,2346,7,-20318.636446990626,40651.27289398125,40651.32079817287,40691.59317874741,1.043907040002073,1.0309717495828647,"[""DeprecationWarning: Setting the shape on a NumPy array has been deprecated in NumPy 2.5.\nAs an alternative, you can create a new view using np.reshape (with copy=False if needed)."", ""UserWarning: Non-stationary starting autoregressive parameters found. Using zeros as starting parameters."", ""UserWarning: Non-invertible starting MA parameters found. Using zeros as starting parameters.""]",[],0,2322,True,joint Ljung-Box and residual ACF rule,"{""1"": 0.07949392117580366, ""2"": 0.012965663226365698, ""3"": 0.015934730166524146, ""4"": 0.023756556830836405, ""5"": -0.021509472623415047, ""6"": -0.09093750588717874, ""7"": -0.1487168886502857, ""8"": -0.1367772544561064, ""9"": -0.06854528532754472, ""10"": -0.10870372428910559, ""11"": -0.01595306669289152, ""12"": -0.004227277444641551, ""13"": 0.05655498620952421, ""14"": -0.1433420331612717, ""15"": -0.10812584952260165, ""16"": -0.10555346321134712, ""17"": -0.16589253005786708, ""18"": -0.1275141996296302, ""19"": 0.007277394220926674, ""20"": 0.037350468479988595, ""21"": -0.0003065564573409304, ""22"": 0.022956948166563983, ""23"": 0.18004728440239645, ""24"": 0.6898549814030627, ""25"": 0.1706420965452055, ""26"": 0.05320383642056124, ""27"": -0.013762001827370904, ""28"": 0.022381311433692777, ""29"": 0.006960951294733469, ""30"": -0.11584151210110037, ""31"": -0.17444528840986845, ""32"": -0.08808371053894691, ""33"": -0.0658260821067313, ""34"": -0.13279920143043675, ""35"": -0.00661153952701842, ""36"": 0.011354405425648357, ""37"": 0.016054224087759618, ""38"": -0.12275203312185246, ""39"": -0.08236573822108903, ""40"": -0.11308511113677826, ""41"": -0.17144571847188436, ""42"": -0.11537166556030948, ""43"": 0.003753748121817452, ""44"": 0.025136800358361924, ""45"": 0.030111263850552517, ""46"": 0.0520681507610841, ""47"": 0.14203189946606956, ""48"": 0.6016439046646515}","[1, 6, 7, 8, 9, 10, 13, 14, 15, 16, 17, 18, 23, 24, 25, 30, 31, 32, 33, 34, 38, 39, 40, 41, 42, 47, 48]","{""24"": 1581.4061625520044, ""48"": 2932.4525571117742}","{""24"": 0.0, ""48"": 0.0}",20052.60954089536,20298.53316375245,54.39094370758249,23,1.0,False,,,,,,False
Germany,2024-04-01,Easter Monday holiday,2024-03-31T18:00:00+02:00,2024-03-31T16:00:00+00:00,2024-03-31T16:00:00+00:00,24,ordinary,enhanced_ordinary_arima_p1_d1_q1,,1,1,1,n,identity,False,,completed,,success,converged,True,True,True,True,True,2369,3,-20572.74471671392,41151.48943342784,41151.49958141938,41168.798836415845,1.6624512625073555,2.1535346995593057,"[""DeprecationWarning: Setting the shape on a NumPy array has been deprecated in NumPy 2.5.\nAs an alternative, you can create a new view using np.reshape (with copy=False if needed).""]",[],0,2345,True,joint Ljung-Box and residual ACF rule,"{""1"": 0.13814685949000932, ""2"": 0.11007979476087168, ""3"": -0.09420497902127394, ""4"": -0.009332781138308025, ""5"": -0.08867263840300747, ""6"": -0.14884593581550615, ""7"": -0.16283224198476753, ""8"": -0.14079342050363686, ""9"": -0.0814836913642705, ""10"": -0.08028253851394965, ""11"": 0.07347634570029672, ""12"": 0.03161647878533699, ""13"": 0.10134226032995464, ""14"": -0.08190594470031824, ""15"": -0.1037773219706807, ""16"": -0.15576133978811416, ""17"": -0.16676496744755168, ""18"": -0.16379240716143192, ""19"": -0.06870574351079542, ""20"": -0.001992136320925778, ""21"": -0.03934175836054707, ""22"": 0.07259534681429462, ""23"": 0.22492157733123136, ""24"": 0.718501931458009, ""25"": 0.22123011276827348, ""26"": 0.09561311467626976, ""27"": -0.06131117798656874, ""28"": -0.01048367564324442, ""29"": -0.07354364247695505, ""30"": -0.15834899648053052, ""31"": -0.17048994366359216, ""32"": -0.12087281614101829, ""33"": -0.07561275933103864, ""34"": -0.07690677117082283, ""35"": 0.053457867813977857, ""36"": 0.042941712185468515, ""37"": 0.08320238353875117, ""38"": -0.07488086958918774, ""39"": -0.09112832093994121, ""40"": -0.14375824444230587, ""41"": -0.17408895909609157, ""42"": -0.1683892435526933, ""43"": -0.054908330131759026, ""44"": 0.0022535663277377404, ""45"": -0.014978577457214114, ""46"": 0.0942413956144172, ""47"": 0.20329779846465268, ""48"": 0.6120594726107751}","[1, 2, 3, 5, 6, 7, 8, 9, 10, 11, 13, 14, 15, 16, 17, 18, 19, 22, 23, 24, 25, 26, 27, 29, 30, 31, 32, 33, 34, 35, 37, 38, 39, 40, 41, 42, 43, 46, 47, 48]","{""24"": 1943.4296090279688, ""48"": 3570.4951643682725}","{""24"": 0.0, ""48"": 0.0}",6041.485218296065,6392.63555178858,13.840421150528323,24,1.0,False,,,,,,False
Germany,2024-04-01,Easter Monday holiday,2024-03-31T18:00:00+02:00,2024-03-31T16:00:00+00:00,2024-03-31T16:00:00+00:00,24,ordinary,enhanced_ordinary_arima_p1_d1_q2,,1,1,2,n,identity,False,,completed,,success,converged,True,True,True,True,True,2369,4,-20538.51061891626,41085.02123783252,41085.0381583063,41108.10044181654,2.247419042016304,1.9757386671947796,"[""DeprecationWarning: Setting the shape on a NumPy array has been deprecated in NumPy 2.5.\nAs an alternative, you can create a new view using np.reshape (with copy=False if needed).""]",[],0,2345,True,joint Ljung-Box and residual ACF rule,"{""1"": 0.09277707604974528, ""2"": 0.05276511172575846, ""3"": 0.02305636000813443, ""4"": -0.02456763502509465, ""5"": -0.058441988797536704, ""6"": -0.14227089115349612, ""7"": -0.15629879053521775, ""8"": -0.11950908227281865, ""9"": -0.09100675469719262, ""10"": -0.08598653816731264, ""11"": 0.04381759436087512, ""12"": 0.0025713185333791975, ""13"": 0.07493063896496256, ""14"": -0.09165188275753935, ""15"": -0.11591723231976443, ""16"": -0.12704430210645956, ""17"": -0.15834375141857382, ""18"": -0.15590040007668307, ""19"": -0.052343506189227194, ""20"": 0.004724585090741347, ""21"": 0.02698940101857027, ""22"": 0.0392155327474714, ""23"": 0.19280422163991556, ""24"": 0.7064443147443034, ""25"": 0.1834776683663556, ""26"": 0.06710458050119023, ""27"": 0.004821226634183283, ""28"": -0.006572222919230898, ""29"": -0.04785207775715848, ""30"": -0.15165979550200553, ""31"": -0.16402256553627265, ""32"": -0.10032069705684603, ""33"": -0.08304775521145051, ""34"": -0.08704994098769094, ""35"": 0.026731621622595805, ""36"": 0.01801691981092329, ""37"": 0.057557230475716634, ""38"": -0.08873603124191015, ""39"": -0.10018603465770862, ""40"": -0.1161268350974165, ""41"": -0.1663219044425428, ""42"": -0.15936527644869736, ""43"": -0.03496083505530217, ""44"": 0.004328840554712289, ""45"": 0.03535775546016976, ""46"": 0.07200237470461936, ""47"": 0.17137916046355817, ""48"": 0.6022667538553503}","[1, 5, 6, 7, 8, 9, 10, 13, 14, 15, 16, 17, 18, 23, 24, 25, 26, 30, 31, 32, 33, 34, 37, 38, 39, 40, 41, 42, 46, 47, 48]","{""24"": 1720.8599482491427, ""48"": 3163.9999461570455}","{""24"": 0.0, ""48"": 0.0}",6073.583186712277,6435.087491869904,13.894348242996744,24,1.0,False,,,,,,False
Germany,2024-04-01,Easter Monday holiday,2024-03-31T18:00:00+02:00,2024-03-31T16:00:00+00:00,2024-03-31T16:00:00+00:00,24,ordinary,enhanced_ordinary_arima_p1_d1_q3,,1,1,3,n,identity,False,,completed,,success,converged,True,True,True,True,True,2369,5,-20536.34020561723,41082.68041123446,41082.705802686,41111.52941621448,2.896174584249054,2.100881172795336,"[""DeprecationWarning: Setting the shape on a NumPy array has been deprecated in NumPy 2.5.\nAs an alternative, you can create a new view using np.reshape (with copy=False if needed).""]",[],0,2345,True,joint Ljung-Box and residual ACF rule,"{""1"": 0.08686983799202773, ""2"": 0.04837030888573806, ""3"": 0.023302129481239962, ""4"": 0.004163975569993001, ""5"": -0.06731392706794974, ""6"": -0.14075627267713128, ""7"": -0.15115075829273425, ""8"": -0.1207409555979263, ""9"": -0.08877372252138584, ""10"": -0.09200513796646273, ""11"": 0.037007118150917576, ""12"": -0.003874952636761039, ""13"": 0.06921820679990996, ""14"": -0.09830809411041315, ""15"": -0.11505103941658548, ""16"": -0.12629485038287142, ""17"": -0.15218063458223616, ""18"": -0.15738289666967784, ""19"": -0.055123407792852304, ""20"": 0.02338907999143017, ""21"": 0.028852727005877033, ""22"": 0.0352690978902014, ""23"": 0.18828688806445348, ""24"": 0.705842200313707, ""25"": 0.179453407054705, ""26"": 0.06264167647156957, ""27"": 0.006905648144425014, ""28"": 0.012240469866631519, ""29"": -0.04988037633940322, ""30"": -0.1512615983478918, ""31"": -0.16093012939632767, ""32"": -0.0995664749156538, ""33"": -0.08126602699176477, ""34"": -0.09372265095543637, ""35"": 0.020190089530401557, ""36"": 0.013033306268078559, ""37"": 0.05156205512792949, ""38"": -0.09597429782424256, ""39"": -0.09899304078914752, ""40"": -0.1146764707315311, ""41"": -0.1615664816886262, ""42"": -0.15945012632562827, ""43"": -0.036631354483119404, ""44"": 0.01934015209864354, ""45"": 0.03699847999880119, ""46"": 0.06815954012202834, ""47"": 0.16827014129293247, ""48"": 0.6014839743162019}","[1, 5, 6, 7, 8, 9, 10, 13, 14, 15, 16, 17, 18, 19, 23, 24, 25, 26, 30, 31, 32, 33, 34, 38, 39, 40, 41, 42, 46, 47, 48]","{""24"": 1706.9571747592752, ""48"": 3136.0273555592958}","{""24"": 0.0, ""48"": 0.0}",6102.923006593391,6482.667793637824,13.92808852522442,24,1.0,False,,,,,,False
Germany,2024-04-01,Easter Monday holiday,2024-03-31T18:00:00+02:00,2024-03-31T16:00:00+00:00,2024-03-31T16:00:00+00:00,24,ordinary,enhanced_ordinary_arima_p2_d1_q1,,2,1,1,n,identity,False,,completed,,success,converged,True,True,True,True,True,2369,4,-20536.03275769439,41080.06551538878,41080.08243586256,41103.1447193728,1.6384660684269814,11.999972778868178,"[""DeprecationWarning: Setting the shape on a NumPy array has been deprecated in NumPy 2.5.\nAs an alternative, you can create a new view using np.reshape (with copy=False if needed).""]",[],0,2345,True,joint Ljung-Box and residual ACF rule,"{""1"": 0.0819277319212483, ""2"": 0.01829077788015817, ""3"": -0.005070423061086924, ""4"": 0.05486481833294455, ""5"": -0.025551069515809453, ""6"": -0.12495304959228275, ""7"": -0.13940809447724925, ""8"": -0.11504996957630448, ""9"": -0.09113163744710638, ""10"": -0.11223107027170187, ""11"": 0.013028915223282311, ""12"": -0.02504357660206485, ""13"": 0.04766524883370889, ""14"": -0.11622658609727272, ""15"": -0.11771006683522527, ""16"": -0.12167063744241648, ""17"": -0.13932875333725203, ""18"": -0.14018817973685543, ""19"": -0.019660765783151842, ""20"": 0.05919890910286712, ""21"": 0.011063414827517121, ""22"": 0.007589867074429559, ""23"": 0.17850504666089423, ""24"": 0.7068598769456371, ""25"": 0.1733242611513467, ""26"": 0.03489730755207656, ""27"": -0.010474607732053241, ""28"": 0.050297952759693405, ""29"": -0.014183196152959035, ""30"": -0.1350392868897862, ""31"": -0.15043904204680264, ""32"": -0.09316714588809522, ""33"": -0.08258970432785692, ""34"": -0.1129601497919371, ""35"": -0.0037414702004616367, ""36"": -0.00783270132166093, ""37"": 0.03059871801070121, ""38"": -0.112664780405737, ""39"": -0.10108100290950968, ""40"": -0.10923650031364253, ""41"": -0.14871232527028094, ""42"": -0.14369775399632898, ""43"": -0.006540725701566204, ""44"": 0.051562189756063276, ""45"": 0.02303794309839942, ""46"": 0.042319497715048913, ""47"": 0.15970980615471875, ""48"": 0.6013402867027202}","[1, 4, 6, 7, 8, 9, 10, 14, 15, 16, 17, 18, 20, 23, 24, 25, 30, 31, 32, 33, 34, 38, 39, 40, 41, 42, 47, 48]","{""24"": 1657.3284377057748, ""48"": 3029.985845816718}","{""24"": 0.0, ""48"": 0.0}",6129.051307456305,6525.075425828321,13.958182278910492,24,1.0,False,,,,,,False
Germany,2024-04-01,Easter Monday holiday,2024-03-31T18:00:00+02:00,2024-03-31T16:00:00+00:00,2024-03-31T16:00:00+00:00,24,ordinary,enhanced_ordinary_arima_p2_d1_q2,,2,1,2,n,identity,False,,completed,,success,converged,True,True,True,True,True,2369,5,-20439.626182738808,40889.252365477616,40889.27775692916,40918.10137045763,1.2134809691213302,1.044532538656772,"[""DeprecationWarning: Setting the shape on a NumPy array has been deprecated in NumPy 2.5.\nAs an alternative, you can create a new view using np.reshape (with copy=False if needed).""]",[],0,2345,True,joint Ljung-Box and residual ACF rule,"{""1"": 0.09714315431661996, ""2"": 0.03567354928513708, ""3"": -0.06419994876242091, ""4"": 0.057041947194041535, ""5"": 0.014936392040026003, ""6"": -0.055797185886527434, ""7"": -0.07557191756721074, ""8"": -0.06712090217234389, ""9"": -0.04130679110527549, ""10"": -0.06533161041957322, ""11"": 0.06809718111340982, ""12"": 0.026897440430255562, ""13"": 0.09941340860415371, ""14"": -0.07120915651550057, ""15"": -0.07458621202205844, ""16"": -0.09202705763545276, ""17"": -0.09589581550061459, ""18"": -0.0913297098535612, ""19"": 0.0053850587313847495, ""20"": 0.043324350535270624, ""21"": -0.04321507904303351, ""22"": -0.007255657387517769, ""23"": 0.1625063842894752, ""24"": 0.6833551314015496, ""25"": 0.1592097146491889, ""26"": 0.017354876355484487, ""27"": -0.06900680504598779, ""28"": 0.027179011117295256, ""29"": -0.0050671320752390695, ""30"": -0.09878695183788987, ""31"": -0.11651374007301213, ""32"": -0.07474911773934956, ""33"": -0.06085672604903198, ""34"": -0.09032845451717689, ""35"": 0.02302259194806542, ""36"": 0.014870928163027595, ""37"": 0.05649886906374117, ""38"": -0.08980574630388125, ""39"": -0.08389380747794703, ""40"": -0.10532052822036145, ""41"": -0.13169702792355792, ""42"": -0.12385898990238534, ""43"": -0.00772624578145606, ""44"": 0.020728598659276815, ""45"": -0.04073190200442359, ""46"": 0.004919305641909801, ""47"": 0.12276134304319808, ""48"": 0.5554321293729659}","[1, 3, 4, 6, 7, 8, 10, 11, 13, 14, 15, 16, 17, 18, 23, 24, 25, 27, 30, 31, 32, 33, 34, 37, 38, 39, 40, 41, 42, 47, 48]","{""24"": 1390.00385474244, ""48"": 2491.5077808710594}","{""24"": 1.5426289249656057e-282, ""48"": 0.0}",5971.153570948244,6326.204683863798,14.293775589716848,24,1.0,False,,,,,,False
Germany,2024-04-01,Easter Monday holiday,2024-03-31T18:00:00+02:00,2024-03-31T16:00:00+00:00,2024-03-31T16:00:00+00:00,24,ordinary,enhanced_ordinary_arima_p2_d1_q3,,2,1,3,n,identity,False,,completed,,success,converged,True,True,True,True,True,2369,6,-20437.755781783304,40887.51156356661,40887.54712664874,40922.13036954263,1.260276012434281,1.034268081584964,"[""DeprecationWarning: Setting the shape on a NumPy array has been deprecated in NumPy 2.5.\nAs an alternative, you can create a new view using np.reshape (with copy=False if needed).""]",[],0,2345,True,joint Ljung-Box and residual ACF rule,"{""1"": 0.08302695227934956, ""2"": 0.02241120895159433, ""3"": -0.02233675381780661, ""4"": 0.0600107331464348, ""5"": 0.01871625902082532, ""6"": -0.06175696452309305, ""7"": -0.0774114755649126, ""8"": -0.06280383878789066, ""9"": -0.04352427482022846, ""10"": -0.06681906187074932, ""11"": 0.05958305909221409, ""12"": 0.018657631105775983, ""13"": 0.09212620841926476, ""14"": -0.0738750829465727, ""15"": -0.0768699757444104, ""16"": -0.08308299766905272, ""17"": -0.09482329531756133, ""18"": -0.09437236315701332, ""19"": 0.007653734651041971, ""20"": 0.0520089727234735, ""21"": -0.01579753835701978, ""22"": -0.01162499132170943, ""23"": 0.155740091786014, ""24"": 0.6826634101573853, ""25"": 0.15054320748188102, ""26"": 0.013996027739822095, ""27"": -0.04189666327495914, ""28"": 0.03531627665890766, ""29"": 0.0007449372007390493, ""30"": -0.10160755133847035, ""31"": -0.11681002962154705, ""32"": -0.06869409620359135, ""33"": -0.06135157812367683, ""34"": -0.09239214956459291, ""35"": 0.016456278842979337, ""36"": 0.009165737564130728, ""37"": 0.04992302156628661, ""38"": -0.09354152972833354, ""39"": -0.0849250371267053, ""40"": -0.09617328059563784, ""41"": -0.13018071146115004, ""42"": -0.12514234811614097, ""43"": -0.003765694043482346, ""44"": 0.026652517344844442, ""45"": -0.019495787840942875, ""46"": 0.003177886749365901, ""47"": 0.1164113099590732, ""48"": 0.5557782792466635}","[1, 4, 6, 7, 8, 10, 11, 13, 14, 15, 16, 17, 18, 23, 24, 25, 30, 31, 32, 33, 34, 38, 39, 40, 41, 42, 47, 48]","{""24"": 1359.9098498955489, ""48"": 2438.8915424457655}","{""24"": 5.061174359933335e-277, ""48"": 0.0}",5641.551845515413,6191.780906376991,13.815817268376746,24,1.0,False,,,,,,False
Germany,2024-04-01,Easter Monday holiday,2024-03-31T18:00:00+02:00,2024-03-31T16:00:00+00:00,2024-03-31T16:00:00+00:00,24,ordinary,enhanced_ordinary_arima_p3_d1_q1,,3,1,1,n,identity,False,,completed,,success,converged,True,True,True,True,True,2369,5,-20530.295233966102,41070.59046793221,41070.61585938375,41099.43947291223,1.6145840037451205,3.3264643529948623,"[""DeprecationWarning: Setting the shape on a NumPy array has been deprecated in NumPy 2.5.\nAs an alternative, you can create a new view using np.reshape (with copy=False if needed).""]",[],0,2345,True,joint Ljung-Box and residual ACF rule,"{""1"": 0.08327747498999055, ""2"": 0.022401734874561825, ""3"": -0.010361707544131874, ""4"": 0.05697461643763219, ""5"": -0.023961746314646322, ""6"": -0.1231751793277507, ""7"": -0.1390730111094588, ""8"": -0.11636273914538903, ""9"": -0.09174421162762784, ""10"": -0.11392406443323135, ""11"": 0.012171521434888252, ""12"": -0.0265931812769935, ""13"": 0.046609715404753824, ""14"": -0.11761898387925951, ""15"": -0.11805330862771468, ""16"": -0.12340624033059114, ""17"": -0.13911375674314513, ""18"": -0.13861951358693975, ""19"": -0.01802647031931972, ""20"": 0.05999250679371371, ""21"": 0.008309124261275221, ""22"": 0.009943509122891872, ""23"": 0.1795435394302619, ""24"": 0.7072251360233207, ""25"": 0.1746625805401251, ""26"": 0.03713789416769188, ""27"": -0.013131506268371302, ""28"": 0.05140020056722921, ""29"": -0.013037282440583435, ""30"": -0.13346306045402048, ""31"": -0.1500345921945888, ""32"": -0.09447212179616654, ""33"": -0.08329388027626011, ""34"": -0.11425115871110901, ""35"": -0.00472286887304057, ""36"": -0.00953400524411565, ""37"": 0.029569201837440086, ""38"": -0.11368405826211653, ""39"": -0.1015677579586344, ""40"": -0.11087567207060336, ""41"": -0.14839137238791064, ""42"": -0.1424055714125529, ""43"": -0.005385420009362547, ""44"": 0.05253851104309941, ""45"": 0.021055974835749763, ""46"": 0.04402396571807072, ""47"": 0.1608548238400702, ""48"": 0.6016735496535082}","[1, 4, 6, 7, 8, 9, 10, 14, 15, 16, 17, 18, 20, 23, 24, 25, 30, 31, 32, 33, 34, 38, 39, 40, 41, 42, 47, 48]","{""24"": 1662.2784944578498, ""48"": 3039.7005221366726}","{""24"": 0.0, ""48"": 0.0}",6132.113073670816,6530.216333439309,13.961571202731484,24,1.0,False,,,,,,False
Germany,2024-04-01,Easter Monday holiday,2024-03-31T18:00:00+02:00,2024-03-31T16:00:00+00:00,2024-03-31T16:00:00+00:00,24,ordinary,enhanced_ordinary_arima_p3_d1_q2,,3,1,2,n,identity,False,,completed,,success,converged,True,True,True,True,True,2369,6,-20541.98238259069,41095.96476518137,41096.00032826351,41130.5835711574,1.630116508855872,1.6922091138041069,"[""DeprecationWarning: Setting the shape on a NumPy array has been deprecated in NumPy 2.5.\nAs an alternative, you can create a new view using np.reshape (with copy=False if needed)."", ""UserWarning: Non-stationary starting autoregressive parameters found. Using zeros as starting parameters."", ""UserWarning: Non-invertible starting MA parameters found. Using zeros as starting parameters.""]",[],0,2345,True,joint Ljung-Box and residual ACF rule,"{""1"": 0.0806574869975114, ""2"": 0.0173158274782057, ""3"": -0.006657860453928573, ""4"": 0.05639749844972115, ""5"": -0.024918310459929854, ""6"": -0.12394049645345612, ""7"": -0.13887434596198867, ""8"": -0.11460204439629584, ""9"": -0.09084519828923276, ""10"": -0.11252460422246453, ""11"": 0.01280843285712969, ""12"": -0.02538038008641523, ""13"": 0.04755063419373698, ""14"": -0.11647626718495122, ""15"": -0.11738652722059867, ""16"": -0.12130384989883941, ""17"": -0.1386415861335003, ""18"": -0.13939487011396406, ""19"": -0.018872157640700868, ""20"": 0.06013815426765195, ""21"": 0.010025474878786396, ""22"": 0.0064969510439667946, ""23"": 0.17743234379481387, ""24"": 0.7065912012240354, ""25"": 0.17233934916936483, ""26"": 0.03383338632683843, ""27"": -0.011509922767382675, ""28"": 0.051291934400080466, ""29"": -0.013442172867727739, ""30"": -0.134225577789205, ""31"": -0.14988662676192654, ""32"": -0.0927156114428871, ""33"": -0.0822770175162028, ""34"": -0.11323054763973447, ""35"": -0.003988021158748885, ""36"": -0.008139552535566362, ""37"": 0.030458994948811987, ""38"": -0.11287047983446542, ""39"": -0.10075907707664297, ""40"": -0.10883919613298501, ""41"": -0.1480772758510674, ""42"": -0.142980204173632, ""43"": -0.00584912203252758, ""44"": 0.052371726640281765, ""45"": 0.022179131160560406, ""46"": 0.04127656250247285, ""47"": 0.1587465303717968, ""48"": 0.6009828836643846}","[1, 4, 6, 7, 8, 9, 10, 14, 15, 16, 17, 18, 20, 23, 24, 25, 30, 31, 32, 33, 34, 38, 39, 40, 41, 42, 47, 48]","{""24"": 1653.0505508722345, ""48"": 3020.7973432211675}","{""24"": 0.0, ""48"": 0.0}",6125.949667812343,6519.671108394209,13.954774564921834,24,1.0,False,,,,,,False
Germany,2024-04-01,Easter Monday holiday,2024-03-31T18:00:00+02:00,2024-03-31T16:00:00+00:00,2024-03-31T16:00:00+00:00,24,ordinary,enhanced_ordinary_arima_p3_d1_q3,,3,1,3,n,identity,False,,completed,,success,converged,True,True,True,True,True,2369,7,-20434.96803805069,40883.93607610138,40883.983513627856,40924.324683073406,1.2440270165184384,1.0370875439823175,"[""DeprecationWarning: Setting the shape on a NumPy array has been deprecated in NumPy 2.5.\nAs an alternative, you can create a new view using np.reshape (with copy=False if needed).""]",[],0,2345,True,joint Ljung-Box and residual ACF rule,"{""1"": 0.08307791119664501, ""2"": 0.021069087491550766, ""3"": -0.009758280419601327, ""4"": 0.03620756516760013, ""5"": 0.027702606582580273, ""6"": -0.0653868846225495, ""7"": -0.07682652800378052, ""8"": -0.06125516855775018, ""9"": -0.04611342645109799, ""10"": -0.06264315198405311, ""11"": 0.06116527092222428, ""12"": 0.02080492258340706, ""13"": 0.093220869478059, ""14"": -0.07000170356083409, ""15"": -0.07938811531361842, ""16"": -0.08150548838605971, ""17"": -0.09716573386799769, ""18"": -0.09464894161442157, ""19"": 0.009813977218717858, ""20"": 0.03793845735228878, ""21"": -0.010339331608695521, ""22"": -0.01159127370221406, ""23"": 0.1555771549898649, ""24"": 0.6812422012213039, ""25"": 0.1493931639307869, ""26"": 0.014880060314754142, ""27"": -0.03669449282248458, ""28"": 0.02075177380807684, ""29"": 0.00330306019115907, ""30"": -0.10334131715897611, ""31"": -0.11703723186104385, ""32"": -0.0682752127828271, ""33"": -0.06385269749649156, ""34"": -0.08884319791636812, ""35"": 0.01803410045803357, ""36"": 0.010499739519734855, ""37"": 0.05109900676761434, ""38"": -0.09003968357699446, ""39"": -0.08729770145329242, ""40"": -0.09544410642664866, ""41"": -0.1320471260730041, ""42"": -0.12604620956976118, ""43"": -0.001941275895765483, ""44"": 0.014932311026826522, ""45"": -0.015638279475546486, ""46"": 0.004263543131542735, ""47"": 0.11529549647782966, ""48"": 0.5547071736742883}","[1, 6, 7, 8, 10, 11, 13, 14, 15, 16, 17, 18, 23, 24, 25, 30, 31, 32, 33, 34, 38, 39, 40, 41, 42, 47, 48]","{""24"": 1347.4873143967952, ""48"": 2419.2040825438926}","{""24"": 2.6574450447974327e-275, ""48"": 0.0}",5749.225167335707,6219.873281196245,13.973965316836482,24,1.0,False,,,,,,False
Germany,2024-04-01,Easter Monday holiday,2024-03-31T18:00:00+02:00,2024-03-31T16:00:00+00:00,2024-03-31T16:00:00+00:00,24,ordinary,enhanced_ordinary_arima_p4_d1_q1,,4,1,1,n,identity,False,,completed,,success,converged,True,True,True,True,True,2369,6,-20429.9835742742,40871.9671485484,40872.002711630535,40906.58595452442,1.1673926326451145,1.0549325994795102,"[""DeprecationWarning: Setting the shape on a NumPy array has been deprecated in NumPy 2.5.\nAs an alternative, you can create a new view using np.reshape (with copy=False if needed).""]",[],0,2345,True,joint Ljung-Box and residual ACF rule,"{""1"": 0.08124062758748175, ""2"": 0.06271769210017193, ""3"": -0.03756042766949388, ""4"": 0.024584988298344875, ""5"": -0.012033131350530786, ""6"": -0.07114130726216922, ""7"": -0.07902222696609859, ""8"": -0.06452456009609392, ""9"": -0.034455660783082015, ""10"": -0.05061412827130302, ""11"": 0.08607868563753966, ""12"": 0.037800652427937224, ""13"": 0.11478196430157625, ""14"": -0.059786580009464074, ""15"": -0.06904758252438153, ""16"": -0.08982832438264311, ""17"": -0.10217530116518522, ""18"": -0.10720256669247386, ""19"": -0.020749423963314667, ""20"": 0.018545528890651624, ""21"": -0.027515636673026627, ""22"": 0.012070200454276363, ""23"": 0.15464952637964752, ""24"": 0.6759241568443443, ""25"": 0.14795888691376716, ""26"": 0.03695945407173805, ""27"": -0.0545622663566607, ""28"": 0.0015838426335837365, ""29"": -0.030635427297943017, ""30"": -0.11402012484672444, ""31"": -0.1220406069936583, ""32"": -0.07513905826192395, ""33"": -0.057258330273762724, ""34"": -0.0778035831192168, ""35"": 0.03938229980599595, ""36"": 0.02552624911380225, ""37"": 0.07007924254603819, ""38"": -0.08029824630587509, ""39"": -0.08026889068287668, ""40"": -0.10499504670881098, ""41"": -0.13827267511008692, ""42"": -0.13831313944562926, ""43"": -0.029932666646590902, ""44"": -0.002451441301681814, ""45"": -0.029612715728099797, ""46"": 0.022407925982501683, ""47"": 0.11563473698819347, ""48"": 0.5492641003021989}","[1, 2, 6, 7, 8, 11, 13, 14, 15, 16, 17, 18, 23, 24, 25, 27, 30, 31, 32, 33, 34, 37, 38, 39, 40, 41, 42, 47, 48]","{""24"": 1361.6601378628584, ""48"": 2453.9059953618075}","{""24"": 2.1326627733905393e-277, ""48"": 0.0}",6212.432934683544,6519.9991048060265,14.661807135863585,24,1.0,False,,,,,,False
Germany,2024-04-01,Easter Monday holiday,2024-03-31T18:00:00+02:00,2024-03-31T16:00:00+00:00,2024-03-31T16:00:00+00:00,24,ordinary,enhanced_ordinary_arima_p4_d1_q2,,4,1,2,n,identity,False,,completed,,success,converged,True,True,True,True,True,2369,7,-20524.62434957669,41063.24869915339,41063.29613667986,41103.63730612541,1.0408139545828554,1.0282649380619655,"[""DeprecationWarning: Setting the shape on a NumPy array has been deprecated in NumPy 2.5.\nAs an alternative, you can create a new view using np.reshape (with copy=False if needed)."", ""UserWarning: Non-stationary starting autoregressive parameters found. Using zeros as starting parameters."", ""UserWarning: Non-invertible starting MA parameters found. Using zeros as starting parameters.""]",[],0,2345,True,joint Ljung-Box and residual ACF rule,"{""1"": 0.07792067537033878, ""2"": 0.01293314841234895, ""3"": 0.017456991415628453, ""4"": 0.023244996879995716, ""5"": -0.02601901731295037, ""6"": -0.08734169189300671, ""7"": -0.153088464032789, ""8"": -0.13339788061515218, ""9"": -0.0673466930132955, ""10"": -0.11140067914310059, ""11"": -0.011936344715295182, ""12"": -0.007887137675310458, ""13"": 0.0532537381404017, ""14"": -0.13654367950146593, ""15"": -0.10963291036291035, ""16"": -0.10704156146134147, ""17"": -0.16022267973603713, ""18"": -0.13225339729814917, ""19"": 0.005493341358135783, ""20"": 0.039884296571458484, ""21"": -0.0023475760707154423, ""22"": 0.02296956740921637, ""23"": 0.1874115338377548, ""24"": 0.6798818752787423, ""25"": 0.17500885898529503, ""26"": 0.05398396950336586, ""27"": -0.01745002214804655, ""28"": 0.024523692730928595, ""29"": 0.007861285646801663, ""30"": -0.12028538541570423, ""31"": -0.17087758951128357, ""32"": -0.08596875172694105, ""33"": -0.06961833900689399, ""34"": -0.12897352554482036, ""35"": -0.005992331371094561, ""36"": 0.009096844573151002, ""37"": 0.015082380409382807, ""38"": -0.11890082258610367, ""39"": -0.08143063748573437, ""40"": -0.11586482147217003, ""41"": -0.16599158746666137, ""42"": -0.11861622655260134, ""43"": 0.002072257676202238, ""44"": 0.02607335424677005, ""45"": 0.03063198411077026, ""46"": 0.051776902633646184, ""47"": 0.1505903511160133, ""48"": 0.5932989909226666}","[1, 6, 7, 8, 9, 10, 13, 14, 15, 16, 17, 18, 23, 24, 25, 26, 30, 31, 32, 33, 34, 38, 39, 40, 41, 42, 47, 48]","{""24"": 1566.3599953404473, ""48"": 2910.7217223022285}","{""24"": 0.0, ""48"": 0.0}",6100.215212439434,6477.341817623775,13.925255535017508,24,1.0,False,,,,,,False
Germany,2024-05-09,Ascension holiday,2024-05-08T18:00:00+02:00,2024-05-08T16:00:00+00:00,2024-05-08T16:00:00+00:00,24,ordinary,enhanced_ordinary_arima_p1_d1_q1,,1,1,1,n,identity,False,,completed,,success,converged,True,True,True,True,True,3281,3,-28403.13949546322,56812.27899092644,56812.28631469818,56830.56578703057,1.5872073838594751,2.3777605979334293,"[""DeprecationWarning: Setting the shape on a NumPy array has been deprecated in NumPy 2.5.\nAs an alternative, you can create a new view using np.reshape (with copy=False if needed).""]",[],0,3257,True,joint Ljung-Box and residual ACF rule,"{""1"": 0.11482469177365769, ""2"": 0.12072264924494332, ""3"": -0.08836365334277865, ""4"": -0.027144088826740857, ""5"": -0.09208730633336819, ""6"": -0.14957216756676658, ""7"": -0.1712352679005267, ""8"": -0.14406409557807195, ""9"": -0.08292175066282836, ""10"": -0.058392926813693, ""11"": 0.0794237484811656, ""12"": 0.05943934879009159, ""13"": 0.11432412604361755, ""14"": -0.07260528143629101, ""15"": -0.08652758332522134, ""16"": -0.17834350085218362, ""17"": -0.16229357849345422, ""18"": -0.178564619065144, ""19"": -0.053937529403811184, ""20"": -0.040417548774149346, ""21"": -0.011185014676365757, ""22"": 0.07386444226771902, ""23"": 0.22563028689479137, ""24"": 0.6722025491796672, ""25"": 0.22383149255042287, ""26"": 0.09882828189322751, ""27"": -0.052319307377947606, ""28"": -0.026987182365916292, ""29"": -0.08411113259887275, ""30"": -0.15842856846372597, ""31"": -0.17804484597574807, ""32"": -0.12594258382056628, ""33"": -0.07486584389800902, ""34"": -0.05616063868767004, ""35"": 0.06377190927781856, ""36"": 0.0676372833608927, ""37"": 0.09548057387546013, ""38"": -0.0615277388775884, ""39"": -0.0801359216208015, ""40"": -0.1594202445534724, ""41"": -0.16873055114850388, ""42"": -0.18477385148271372, ""43"": -0.05307937657068805, ""44"": -0.021020755158520074, ""45"": -0.0006926934799696118, ""46"": 0.10505733064060477, ""47"": 0.2070991428786812, ""48"": 0.5629723873749776}","[1, 2, 3, 5, 6, 7, 8, 9, 10, 11, 12, 13, 14, 15, 16, 17, 18, 19, 22, 23, 24, 25, 26, 27, 29, 30, 31, 32, 33, 34, 35, 36, 37, 38, 39, 40, 41, 42, 43, 46, 47, 48]","{""24"": 2511.7909460847613, ""48"": 4631.143106193722}","{""24"": 0.0, ""48"": 0.0}",16236.793554778962,16460.16566926072,38.89554387084109,24,1.0,False,,,,,,False
Germany,2024-05-09,Ascension holiday,2024-05-08T18:00:00+02:00,2024-05-08T16:00:00+00:00,2024-05-08T16:00:00+00:00,24,ordinary,enhanced_ordinary_arima_p1_d1_q2,,1,1,2,n,identity,False,,completed,,success,converged,True,True,True,True,True,3281,4,-28353.753930821746,56715.50786164349,56715.520071655694,56739.890256449,2.04939071133922,2.0150293236003582,"[""DeprecationWarning: Setting the shape on a NumPy array has been deprecated in NumPy 2.5.\nAs an alternative, you can create a new view using np.reshape (with copy=False if needed).""]",[],0,3257,True,joint Ljung-Box and residual ACF rule,"{""1"": 0.07162961716039432, ""2"": 0.04649892831134137, ""3"": 0.028095873175400264, ""4"": -0.037384214031234986, ""5"": -0.061801855141412995, ""6"": -0.13613836250475347, ""7"": -0.16154599815478643, ""8"": -0.12224534792472351, ""9"": -0.08718321693208139, ""10"": -0.06607637970818075, ""11"": 0.04509656961060775, ""12"": 0.03304017531648035, ""13"": 0.08360549143018717, ""14"": -0.08332949551072091, ""15"": -0.09537265608419869, ""16"": -0.14530791763735493, ""17"": -0.15549191548870908, ""18"": -0.15929157842187752, ""19"": -0.03950170550178862, ""20"": -0.02751013992823823, ""21"": 0.04467083708592674, ""22"": 0.037442426386267096, ""23"": 0.18769905052052585, ""24"": 0.6617094136093746, ""25"": 0.18608526482344762, ""26"": 0.06176855249909002, ""27"": 0.005855829800497242, ""28"": -0.016512896509253194, ""29"": -0.05783839239598683, ""30"": -0.14610672539018194, ""31"": -0.1680886176470462, ""32"": -0.10472856889351008, ""33"": -0.07740354681879667, ""34"": -0.06871906347814936, ""35"": 0.03331524197209093, ""36"": 0.04387814353254742, ""37"": 0.06650622220345895, ""38"": -0.07546945968076312, ""39"": -0.08745334311321501, ""40"": -0.1283952849481898, ""41"": -0.15909039136299422, ""42"": -0.16895206875774005, ""43"": -0.032838333074895844, ""44"": -0.011768976339739022, ""45"": 0.03788148566076093, ""46"": 0.0781349031985576, ""47"": 0.17432554161115785, ""48"": 0.5502050451788407}","[1, 5, 6, 7, 8, 9, 10, 13, 14, 15, 16, 17, 18, 23, 24, 25, 26, 29, 30, 31, 32, 33, 34, 37, 38, 39, 40, 41, 42, 46, 47, 48]","{""24"": 2166.1276712248487, ""48"": 3970.4888403301925}","{""24"": 0.0, ""48"": 0.0}",16434.009771979516,16655.90142351809,39.36407939047603,24,1.0,False,,,,,,False
Germany,2024-05-09,Ascension holiday,2024-05-08T18:00:00+02:00,2024-05-08T16:00:00+00:00,2024-05-08T16:00:00+00:00,24,ordinary,enhanced_ordinary_arima_p1_d1_q3,,1,1,3,n,identity,False,,completed,,success,converged,True,True,True,True,True,3281,5,-28349.60584962025,56709.21169924049,56709.23001985118,56739.689692747386,2.5870710559564736,2.049560425607836,"[""DeprecationWarning: Setting the shape on a NumPy array has been deprecated in NumPy 2.5.\nAs an alternative, you can create a new view using np.reshape (with copy=False if needed).""]",[],0,3257,True,joint Ljung-Box and residual ACF rule,"{""1"": 0.0642088281511954, ""2"": 0.04003990359703126, ""3"": 0.02185779692425459, ""4"": 0.0006988498085433094, ""5"": -0.06989041090055784, ""6"": -0.13514550545749546, ""7"": -0.1541120883216073, ""8"": -0.12200549791355694, ""9"": -0.08434724003289915, ""10"": -0.07358034001958957, ""11"": 0.03722744388206615, ""12"": 0.024487342094627853, ""13"": 0.07694647625547561, ""14"": -0.09154775369410754, ""15"": -0.09315200535274648, ""16"": -0.144184629855794, ""17"": -0.1464214907355974, ""18"": -0.16128355162427616, ""19"": -0.03905440878494921, ""20"": -0.006183857571529705, ""21"": 0.04440222070544065, ""22"": 0.030432315553321265, ""23"": 0.18247480840990152, ""24"": 0.6596585672681029, ""25"": 0.18180025337523914, ""26"": 0.054563593688422854, ""27"": 0.0047036602366461976, ""28"": 0.006553144300646186, ""29"": -0.05722101983566749, ""30"": -0.14569898759553268, ""31"": -0.16359785094787124, ""32"": -0.10226027721807283, ""33"": -0.07508063875144512, ""34"": -0.07669271994277663, ""35"": 0.025329244979086594, ""36"": 0.03711299143232951, ""37"": 0.059767059758134566, ""38"": -0.08435905893137541, ""39"": -0.08535813397957578, ""40"": -0.12586435940288157, ""41"": -0.1521710548717147, ""42"": -0.16889047389269637, ""43"": -0.03168725026969989, ""44"": 0.005487797606232652, ""45"": 0.03742309023770011, ""46"": 0.07148579723500509, ""47"": 0.17053098740322614, ""48"": 0.5482693791540398}","[1, 5, 6, 7, 8, 9, 10, 13, 14, 15, 16, 17, 18, 23, 24, 25, 26, 29, 30, 31, 32, 33, 34, 37, 38, 39, 40, 41, 42, 46, 47, 48]","{""24"": 2120.829446834396, ""48"": 3884.579744052214}","{""24"": 0.0, ""48"": 0.0}",16432.805154322075,16654.864225350615,39.36136172800816,24,1.0,False,,,,,,False
Germany,2024-05-09,Ascension holiday,2024-05-08T18:00:00+02:00,2024-05-08T16:00:00+00:00,2024-05-08T16:00:00+00:00,24,ordinary,enhanced_ordinary_arima_p2_d1_q1,,2,1,1,n,identity,False,,completed,,success,converged,True,True,True,True,True,3281,4,-28334.681052808075,56677.36210561615,56677.37431562836,56701.744500421664,1.4089178597315772,6.324899367309135,"[""DeprecationWarning: Setting the shape on a NumPy array has been deprecated in NumPy 2.5.\nAs an alternative, you can create a new view using np.reshape (with copy=False if needed).""]",[],0,3257,True,joint Ljung-Box and residual ACF rule,"{""1"": 0.07164026885262559, ""2"": -0.028115584139330876, ""3"": -0.017505523072160255, ""4"": 0.06292307372868122, ""5"": 0.011597210648402108, ""6"": -0.09114165401271207, ""7"": -0.1296522174603451, ""8"": -0.11172461697931829, ""9"": -0.09594222180600852, ""10"": -0.10747312564342723, ""11"": -0.008149968090679697, ""12"": -0.013982899445425124, ""13"": 0.03653565744770352, ""14"": -0.11896668210729716, ""15"": -0.10614809405890192, ""16"": -0.135890009450334, ""17"": -0.12194000591735954, ""18"": -0.1166551655217902, ""19"": 0.025894737003553082, ""20"": 0.04080158928550742, ""21"": 0.015418675350615208, ""22"": -0.02304591663762789, ""23"": 0.17255354197750916, ""24"": 0.6603592008173226, ""25"": 0.17721332255394595, ""26"": 0.0031134880820490925, ""27"": -0.02100849303537839, ""28"": 0.05409212123306062, ""29"": 0.009392556789489668, ""30"": -0.10483156665172316, ""31"": -0.14063873563893634, ""32"": -0.09123538546808697, ""33"": -0.08393528426994144, ""34"": -0.10933341892971235, ""35"": -0.019668967535561684, ""36"": -0.0017971387044569366, ""37"": 0.02064460891728172, ""38"": -0.11108790788068179, ""39"": -0.09516722179393669, ""40"": -0.11565779004663906, ""41"": -0.12865250004911055, ""42"": -0.12907084460556892, ""43"": 0.023474381622795918, ""44"": 0.04708725325202156, ""45"": 0.01689941497566261, ""46"": 0.024752826054757846, ""47"": 0.1587912540360362, ""48"": 0.5447386122531706}","[1, 4, 6, 7, 8, 9, 10, 14, 15, 16, 17, 18, 23, 24, 25, 28, 30, 31, 32, 33, 34, 38, 39, 40, 41, 42, 47, 48]","{""24"": 2006.1591766979461, ""48"": 3615.9348767525403}","{""24"": 0.0, ""48"": 0.0}",16535.425779408437,16755.06542009516,39.60333670662139,24,1.0,False,,,,,,False
Germany,2024-05-09,Ascension holiday,2024-05-08T18:00:00+02:00,2024-05-08T16:00:00+00:00,2024-05-08T16:00:00+00:00,24,ordinary,enhanced_ordinary_arima_p2_d1_q2,,2,1,2,n,identity,False,,completed,,success,converged,True,True,True,True,True,3281,5,-28207.209711277068,56424.419422554136,56424.43774316482,56454.89741606103,1.1860890040934011,1.0513636262715749,"[""DeprecationWarning: Setting the shape on a NumPy array has been deprecated in NumPy 2.5.\nAs an alternative, you can create a new view using np.reshape (with copy=False if needed).""]",[],0,3257,True,joint Ljung-Box and residual ACF rule,"{""1"": 0.07326420382059311, ""2"": 0.039096038115749326, ""3"": -0.06145028539837726, ""4"": 0.040220684979641236, ""5"": 0.018462577054938468, ""6"": -0.04567376694319013, ""7"": -0.0762743571465986, ""8"": -0.0659313593313577, ""9"": -0.03937448067047983, ""10"": -0.043395942513097044, ""11"": 0.07201895596813024, ""12"": 0.05395760496598909, ""13"": 0.1100352072327841, ""14"": -0.061664088905280974, ""15"": -0.05581460322345477, ""16"": -0.11196397004095833, ""17"": -0.08834582680151386, ""18"": -0.09635227104839526, ""19"": 0.02242484817434026, ""20"": 0.002852835551849179, ""21"": -0.02254515560657355, ""22"": -0.009793259370907208, ""23"": 0.15578689209559426, ""24"": 0.63035101036449, ""25"": 0.15634864792615716, ""26"": 0.014761711420071088, ""27"": -0.06725936253963569, ""28"": 0.008334155963546289, ""29"": -0.014079901831329442, ""30"": -0.09321387266081019, ""31"": -0.12085126679685919, ""32"": -0.08004933176943645, ""33"": -0.06128904801113482, ""34"": -0.07384659864221722, ""35"": 0.027143337694421697, ""36"": 0.033673950393581974, ""37"": 0.0626254007176929, ""38"": -0.08014051332315784, ""39"": -0.07554502877931621, ""40"": -0.12134840686294772, ""41"": -0.12525583224722286, ""42"": -0.13606426006216335, ""43"": -0.006510336091036818, ""44"": -0.006454462056504971, ""45"": -0.03583037955762822, ""46"": 0.009991922021786172, ""47"": 0.11840381696872425, ""48"": 0.4947237510544258}","[1, 3, 7, 8, 11, 12, 13, 14, 15, 16, 17, 18, 23, 24, 25, 27, 30, 31, 32, 33, 34, 37, 38, 39, 40, 41, 42, 47, 48]","{""24"": 1666.0913249675407, ""48"": 2972.2621714181128}","{""24"": 0.0, ""48"": 0.0}",13000.793852994757,13288.092186834285,31.229993159641214,24,1.0,False,,,,,,False
Germany,2024-05-09,Ascension holiday,2024-05-08T18:00:00+02:00,2024-05-08T16:00:00+00:00,2024-05-08T16:00:00+00:00,24,ordinary,enhanced_ordinary_arima_p2_d1_q3,,2,1,3,n,identity,False,,completed,,success,converged,True,True,True,True,True,3281,6,-28203.2548279853,56418.5096559706,56418.53531265967,56455.08324817887,1.22660425801026,1.03955005192233,"[""DeprecationWarning: Setting the shape on a NumPy array has been deprecated in NumPy 2.5.\nAs an alternative, you can create a new view using np.reshape (with copy=False if needed).""]",[],0,3257,True,joint Ljung-Box and residual ACF rule,"{""1"": 0.05976833322147636, ""2"": 0.018742479658236538, ""3"": -0.019392339220723066, ""4"": 0.04484662340918929, ""5"": 0.02332731226643572, ""6"": -0.04978112339022756, ""7"": -0.07753298581678837, ""8"": -0.06096757286649346, ""9"": -0.04010419560262993, ""10"": -0.04545185397510556, ""11"": 0.06163121129668411, ""12"": 0.046203410413214935, ""13"": 0.10099285590312441, ""14"": -0.06447808496566708, ""15"": -0.056955670150372825, ""16"": -0.10114032845373964, ""17"": -0.08762930022171335, ""18"": -0.09542882505601774, ""19"": 0.025252145857967798, ""20"": 0.013455424036540573, ""21"": 0.001937678220149284, ""22"": -0.015976255933294308, ""23"": 0.14761359466041074, ""24"": 0.630507778775808, ""25"": 0.14802584793842746, ""26"": 0.007814642202343824, ""27"": -0.04254751635349346, ""28"": 0.018591165938037012, ""29"": -0.0069716589714131985, ""30"": -0.09413349855030385, ""31"": -0.12020311840325777, ""32"": -0.07327802556641005, ""33"": -0.060256287987005594, ""34"": -0.0766017536112318, ""35"": 0.01901614299022678, ""36"": 0.028014988316989498, ""37"": 0.05475427349869412, ""38"": -0.08392099388164352, ""39"": -0.07608338450419651, ""40"": -0.11069939698340968, ""41"": -0.12315020458493375, ""42"": -0.13486413522778976, ""43"": -0.00145003200862202, ""44"": 0.0014974233494711767, ""45"": -0.018360458613869514, ""46"": 0.005919660262231925, ""47"": 0.11198740133173528, ""48"": 0.494537577486744}","[1, 7, 8, 11, 13, 14, 15, 16, 17, 18, 23, 24, 25, 30, 31, 32, 33, 34, 37, 38, 39, 40, 41, 42, 47, 48]","{""24"": 1619.9950842987066, ""48"": 2883.242585672481}","{""24"": 0.0, ""48"": 0.0}",12528.236293612945,12835.907639750762,30.116353019823457,24,1.0,False,,,,,,False
Germany,2024-05-09,Ascension holiday,2024-05-08T18:00:00+02:00,2024-05-08T16:00:00+00:00,2024-05-08T16:00:00+00:00,24,ordinary,enhanced_ordinary_arima_p3_d1_q1,,3,1,1,n,identity,False,,completed,,success,converged,True,True,True,True,True,3281,5,-28337.17644851133,56684.35289702266,56684.37121763335,56714.83089052956,1.5351305286679873,2.3368902492941106,"[""DeprecationWarning: Setting the shape on a NumPy array has been deprecated in NumPy 2.5.\nAs an alternative, you can create a new view using np.reshape (with copy=False if needed).""]",[],0,3257,True,joint Ljung-Box and residual ACF rule,"{""1"": 0.05435911477951308, ""2"": 0.005511196095346261, ""3"": -0.003948497494530443, ""4"": 0.04481027876137321, ""5"": -0.012208989018097345, ""6"": -0.10847823957224877, ""7"": -0.13783384075728664, ""8"": -0.11378515794916615, ""9"": -0.09027813487274891, ""10"": -0.09703711936301351, ""11"": 0.006836378573928357, ""12"": -0.005718255811318212, ""13"": 0.049426842389199345, ""14"": -0.11150472802924924, ""15"": -0.09899939489081597, ""16"": -0.13781526856531362, ""17"": -0.1286213932046141, ""18"": -0.13323375617481542, ""19"": 0.00672094822364957, ""20"": 0.025712805701201644, ""21"": 0.02756098604973116, ""22"": -0.0005537316924227735, ""23"": 0.1684135011489253, ""24"": 0.6569193921639885, ""25"": 0.17041158098171708, ""26"": 0.025567150112184574, ""27"": -0.010993652545179379, ""28"": 0.04050317748340911, ""29"": -0.011032802541736846, ""30"": -0.11912499435017995, ""31"": -0.14796497598425148, ""32"": -0.09387296046040304, ""33"": -0.07972524014294302, ""34"": -0.09892855780962762, ""35"": -0.005024933015829565, ""36"": 0.007256748942009004, ""37"": 0.0328181044898239, ""38"": -0.10347110335187135, ""39"": -0.08984427716933437, ""40"": -0.11834896188728568, ""41"": -0.13446603552216027, ""42"": -0.1431595568526603, ""43"": 0.007019308162295205, ""44"": 0.03377681597238213, ""45"": 0.025075027860185558, ""46"": 0.04400525933929852, ""47"": 0.1564068906435505, ""48"": 0.5437218143034772}","[1, 6, 7, 8, 9, 10, 14, 15, 16, 17, 18, 23, 24, 25, 30, 31, 32, 33, 34, 38, 39, 40, 41, 42, 47, 48]","{""24"": 1987.3590067025527, ""48"": 3602.424671461931}","{""24"": 0.0, ""48"": 0.0}",16529.46138568842,16749.987688945417,39.59010331503149,24,1.0,False,,,,,,False
Germany,2024-05-09,Ascension holiday,2024-05-08T18:00:00+02:00,2024-05-08T16:00:00+00:00,2024-05-08T16:00:00+00:00,24,ordinary,enhanced_ordinary_arima_p3_d1_q2,,3,1,2,n,identity,False,,completed,,success,converged,True,True,True,True,True,3281,6,-28205.347066037077,56422.69413207415,56422.719788763214,56459.267724282414,1.2102409117399655,1.044280398758983,"[""DeprecationWarning: Setting the shape on a NumPy array has been deprecated in NumPy 2.5.\nAs an alternative, you can create a new view using np.reshape (with copy=False if needed)."", ""UserWarning: Non-stationary starting autoregressive parameters found. Using zeros as starting parameters."", ""UserWarning: Non-invertible starting MA parameters found. Using zeros as starting parameters.""]",[],0,3257,True,joint Ljung-Box and residual ACF rule,"{""1"": 0.06515340984319598, ""2"": 0.028308062091723304, ""3"": -0.04303603150617607, ""4"": 0.04634990020594102, ""5"": 0.02296071797427931, ""6"": -0.04685494257941161, ""7"": -0.07641180550677769, ""8"": -0.06352531679674296, ""9"": -0.03988396841570986, ""10"": -0.04584786913179173, ""11"": 0.06545766951176116, ""12"": 0.04835413594283736, ""13"": 0.10432730854090688, ""14"": -0.0642662197956252, ""15"": -0.05627641887652243, ""16"": -0.10658338486245729, ""17"": -0.08690573399026845, ""18"": -0.09490620110878313, ""19"": 0.02608665245879655, ""20"": 0.010575635298217, ""21"": -0.011293442449895096, ""22"": -0.013787224640608798, ""23"": 0.1509857860593861, ""24"": 0.6304177927587197, ""25"": 0.1515695162260091, ""26"": 0.010507731673849474, ""27"": -0.055961890274822935, ""28"": 0.016175441822741256, ""29"": -0.008423644321056077, ""30"": -0.09253265177572649, ""31"": -0.1198413418168352, ""32"": -0.07640677932872612, ""33"": -0.06074298913951116, ""34"": -0.07636604217916655, ""35"": 0.021789106757047042, ""36"": 0.029329436754939802, ""37"": 0.05758201160932773, ""38"": -0.08307004031729219, ""39"": -0.07563276293122101, ""40"": -0.1158288802112569, ""41"": -0.123117985299036, ""42"": -0.1343786639860718, ""43"": -0.0020995470294247857, ""44"": -0.0003604193549257958, ""45"": -0.027789541892725717, ""46"": 0.007095875309705053, ""47"": 0.11457770823859309, ""48"": 0.49463612552730857}","[1, 7, 8, 11, 13, 14, 15, 16, 17, 18, 23, 24, 25, 27, 30, 31, 32, 33, 34, 37, 38, 39, 40, 41, 42, 47, 48]","{""24"": 1638.6324790911092, ""48"": 2918.1195033160507}","{""24"": 0.0, ""48"": 0.0}",12751.913324691115,13050.036785988324,30.643660880446895,24,1.0,False,,,,,,False
Germany,2024-05-09,Ascension holiday,2024-05-08T18:00:00+02:00,2024-05-08T16:00:00+00:00,2024-05-08T16:00:00+00:00,24,ordinary,enhanced_ordinary_arima_p3_d1_q3,,3,1,3,n,identity,False,,completed,,success,converged,True,True,True,True,True,3281,7,-28200.541596570743,56415.08319314149,56415.117412512096,56457.752384051135,1.2125837908082364,1.042989132867289,"[""DeprecationWarning: Setting the shape on a NumPy array has been deprecated in NumPy 2.5.\nAs an alternative, you can create a new view using np.reshape (with copy=False if needed).""]",[],0,3257,True,joint Ljung-Box and residual ACF rule,"{""1"": 0.06061111505174168, ""2"": 0.01786794104763496, ""3"": -0.00800640844872568, ""4"": 0.02360864376721163, ""5"": 0.029438496144827606, ""6"": -0.05245219556548623, ""7"": -0.07761014229991367, ""8"": -0.05990560315141967, ""9"": -0.042246114501672385, ""10"": -0.04164033542945493, ""11"": 0.06312563386230789, ""12"": 0.04913673414023344, ""13"": 0.10205899845942114, ""14"": -0.06101250691037373, ""15"": -0.05944256103415771, ""16"": -0.09968139381784417, ""17"": -0.09095861277208357, ""18"": -0.0951546639061088, ""19"": 0.0246945627464873, ""20"": 0.0024035636697878147, ""21"": 0.005395863957621387, ""22"": -0.014849741475849228, ""23"": 0.14693798335570254, ""24"": 0.6301565800618588, ""25"": 0.14687184814389512, ""26"": 0.009062549901385055, ""27"": -0.03863144337136393, ""28"": 0.006453510455716219, ""29"": -0.006723075008491343, ""30"": -0.09551870996330197, ""31"": -0.12094075548278288, ""32"": -0.07345044446629717, ""33"": -0.06222419883290919, ""34"": -0.07359510522685565, ""35"": 0.020667614301801005, ""36"": 0.03006921737507154, ""37"": 0.05581734309948246, ""38"": -0.08065758195185209, ""39"": -0.07828460895245352, ""40"": -0.11035761657484067, ""41"": -0.12555656421786257, ""42"": -0.1355939453671006, ""43"": -0.0017917088135520178, ""44"": -0.007523516518206962, ""45"": -0.01595845484476844, ""46"": 0.007557503637420649, ""47"": 0.11107613979487987, ""48"": 0.4940775486525152}","[1, 6, 7, 8, 11, 13, 14, 15, 16, 17, 18, 23, 24, 25, 30, 31, 32, 33, 34, 37, 38, 39, 40, 41, 42, 47, 48]","{""24"": 1615.2856144184675, ""48"": 2876.799829785358}","{""24"": 0.0, ""48"": 0.0}",12691.10694978275,12991.632872380793,30.50022835414225,24,1.0,False,,,,,,False
Germany,2024-05-09,Ascension holiday,2024-05-08T18:00:00+02:00,2024-05-08T16:00:00+00:00,2024-05-08T16:00:00+00:00,24,ordinary,enhanced_ordinary_arima_p4_d1_q1,,4,1,1,n,identity,False,,completed,,success,converged,True,True,True,True,True,3281,6,-28200.880629532057,56413.76125906412,56413.78691575318,56450.33485127238,1.1726347469713565,1.0542466174706815,"[""DeprecationWarning: Setting the shape on a NumPy array has been deprecated in NumPy 2.5.\nAs an alternative, you can create a new view using np.reshape (with copy=False if needed).""]",[],0,3257,True,joint Ljung-Box and residual ACF rule,"{""1"": 0.0591570897624684, ""2"": 0.050700879798625004, ""3"": -0.03946566279410672, ""4"": 0.02783787199200035, ""5"": 0.006515767734583628, ""6"": -0.054886243459698024, ""7"": -0.0788816744362476, ""8"": -0.06378648348253205, ""9"": -0.03576135130204039, ""10"": -0.037185725044736904, ""11"": 0.07779655382923294, ""12"": 0.05693879503442173, ""13"": 0.11480790414062964, ""14"": -0.05792988052264394, ""15"": -0.05240596052668232, ""16"": -0.10898687000248235, ""17"": -0.0914290144105822, ""18"": -0.10492425178220934, ""19"": 0.011083021440918762, ""20"": -0.005531775669948933, ""21"": -0.009306789277807077, ""22"": -0.001009768542732224, ""23"": 0.14880840842648338, ""24"": 0.6264405674986361, ""25"": 0.1478271174634641, ""26"": 0.023342898832877396, ""27"": -0.05507165201392584, ""28"": 0.0003945762939354742, ""29"": -0.024787723293048687, ""30"": -0.10130162217640155, ""31"": -0.12401558295283206, ""32"": -0.07904444932219032, ""33"": -0.05897530599018493, ""34"": -0.06887535961216527, ""35"": 0.03269249998863094, ""36"": 0.03699795784419222, ""37"": 0.06680380741888983, ""38"": -0.07712490298942525, ""39"": -0.07337181003913625, ""40"": -0.11947373899364752, ""41"": -0.12792922039184187, ""42"": -0.14369720054957855, ""43"": -0.01550593141268161, ""44"": -0.01428312834126733, ""45"": -0.02706986409933371, ""46"": 0.017804036103167695, ""47"": 0.1128896944371527, ""48"": 0.49185620893588394}","[1, 2, 6, 7, 8, 11, 12, 13, 14, 15, 16, 17, 18, 23, 24, 25, 27, 30, 31, 32, 33, 34, 37, 38, 39, 40, 41, 42, 47, 48]","{""24"": 1637.4429097087764, ""48"": 2931.68760442185}","{""24"": 0.0, ""48"": 0.0}",13059.90580240474,13343.045040135328,31.368149540465947,24,1.0,False,,,,,,False
Germany,2024-05-09,Ascension holiday,2024-05-08T18:00:00+02:00,2024-05-08T16:00:00+00:00,2024-05-08T16:00:00+00:00,24,ordinary,enhanced_ordinary_arima_p4_d1_q2,,4,1,2,n,identity,False,,failed,AR roots fail stationarity threshold; MA roots fail invertibility threshold,success,converged,True,True,True,False,False,3281,7,-28283.54726105183,56581.09452210366,56581.12874147427,56623.76371301331,1.0011700265617978,1.0059375526086063,"[""DeprecationWarning: Setting the shape on a NumPy array has been deprecated in NumPy 2.5.\nAs an alternative, you can create a new view using np.reshape (with copy=False if needed)."", ""UserWarning: Non-stationary starting autoregressive parameters found. Using zeros as starting parameters."", ""UserWarning: Non-invertible starting MA parameters found. Using zeros as starting parameters."", ""ConvergenceWarning: Maximum Likelihood optimization failed to converge. Check mle_retvals"", ""DeprecationWarning: Setting the shape on a NumPy array has been deprecated in NumPy 2.5.\nAs an alternative, you can create a new view using np.reshape (with copy=False if needed)."", ""UserWarning: Non-stationary starting autoregressive parameters found. Using zeros as starting parameters."", ""UserWarning: Non-invertible starting MA parameters found. Using zeros as starting parameters.""]",[],1,3257,True,joint Ljung-Box and residual ACF rule,"{""1"": 0.0655796187115405, ""2"": -0.02382778304501263, ""3"": 0.026334206584132016, ""4"": 0.025986918323009225, ""5"": 0.006028219532448295, ""6"": -0.11302517505936394, ""7"": -0.14312587904495133, ""8"": -0.09730139082964044, ""9"": -0.11536994000070808, ""10"": -0.06858994861695412, ""11"": -0.031164433464264018, ""12"": 0.02832768320905133, ""13"": 0.011482336921962514, ""14"": -0.08073994291168139, ""15"": -0.12894970601952913, ""16"": -0.11487316542361284, ""17"": -0.14078896899794813, ""18"": -0.13059679507350033, ""19"": 0.01803907847229302, ""20"": 0.011116143368549575, ""21"": 0.05495647503249008, ""22"": -0.033243822731137525, ""23"": 0.19384514424946847, ""24"": 0.6364178617514136, ""25"": 0.19715593545167262, ""26"": -0.009358139075291365, ""27"": 0.02011598652023358, ""28"": 0.020239542136531567, ""29"": 0.008054987657292383, ""30"": -0.12500210296757666, ""31"": -0.15208362828574132, ""32"": -0.07894071186611, ""33"": -0.10242303290148932, ""34"": -0.07293234338958858, ""35"": -0.04121584241839905, ""36"": 0.04052476314668573, ""37"": -0.004513377497254805, ""38"": -0.07317000357981528, ""39"": -0.1196602915323186, ""40"": -0.09466771944105262, ""41"": -0.1477181108197886, ""42"": -0.13921236482608224, ""43"": 0.016142182111191943, ""44"": 0.021802978198890533, ""45"": 0.04817051410887199, ""46"": 0.015351395993086898, ""47"": 0.18114322621102494, ""48"": 0.5211515424062183}","[1, 6, 7, 8, 9, 10, 14, 15, 16, 17, 18, 21, 23, 24, 25, 30, 31, 32, 33, 34, 38, 39, 40, 41, 42, 47, 48]","{""24"": 1933.0567333693655, ""48"": 3523.256140753755}","{""24"": 0.0, ""48"": 0.0}",,,,0,0.0,False,,,,,,False
Germany,2024-06-17,Monday / warm season,2024-06-16T18:00:00+02:00,2024-06-16T16:00:00+00:00,2024-06-16T16:00:00+00:00,24,ordinary,enhanced_ordinary_arima_p1_d1_q1,,1,1,1,n,identity,False,,completed,,success,converged,True,True,True,True,True,4217,3,-36387.06808572152,72780.13617144304,72780.14186809625,72799.1760977137,1.550213516537637,2.538191480044149,"[""DeprecationWarning: Setting the shape on a NumPy array has been deprecated in NumPy 2.5.\nAs an alternative, you can create a new view using np.reshape (with copy=False if needed).""]",[],0,4193,True,joint Ljung-Box and residual ACF rule,"{""1"": 0.09992839987775007, ""2"": 0.12079964805690026, ""3"": -0.08573573003281279, ""4"": -0.021581524026413487, ""5"": -0.08399457070598064, ""6"": -0.15498573131748133, ""7"": -0.17256687655125003, ""8"": -0.14878794152739946, ""9"": -0.07533561996955608, ""10"": -0.05125108033091195, ""11"": 0.0789470342274379, ""12"": 0.055894455407304804, ""13"": 0.11387288835549911, ""14"": -0.0683756826679912, ""15"": -0.08033770262920142, ""16"": -0.18323302680485368, ""17"": -0.16235253402320074, ""18"": -0.18510857358275024, ""19"": -0.050222075083919474, ""20"": -0.033624645119344904, ""21"": -0.012298246150440414, ""22"": 0.07639568787031543, ""23"": 0.21660348041968136, ""24"": 0.6636722503411648, ""25"": 0.2134044475981972, ""26"": 0.10222432830523394, ""27"": -0.045515691471301176, ""28"": -0.02288515076341774, ""29"": -0.0800868399678858, ""30"": -0.1558299196668907, ""31"": -0.1869303170212031, ""32"": -0.13442803417337937, ""33"": -0.06583818862336949, ""34"": -0.05290908471936062, ""35"": 0.0715764149872053, ""36"": 0.06082505611742777, ""37"": 0.09419264177635808, ""38"": -0.05640717048358988, ""39"": -0.07476284873909204, ""40"": -0.16102822809474904, ""41"": -0.17376710233299203, ""42"": -0.1865538548832982, ""43"": -0.053879206477108435, ""44"": -0.02052432650217455, ""45"": 0.0053887494923640054, ""46"": 0.10400008430462976, ""47"": 0.20108077484542375, ""48"": 0.55903745186607}","[1, 2, 3, 5, 6, 7, 8, 9, 10, 11, 12, 13, 14, 15, 16, 17, 18, 19, 22, 23, 24, 25, 26, 29, 30, 31, 32, 33, 34, 35, 36, 37, 38, 39, 40, 41, 42, 43, 46, 47, 48]","{""24"": 3154.0466781501905, ""48"": 5840.316613635725}","{""24"": 0.0, ""48"": 0.0}",7712.116786191837,8397.072103680512,15.425827336838012,24,1.0,False,,,,,,False
Germany,2024-06-17,Monday / warm season,2024-06-16T18:00:00+02:00,2024-06-16T16:00:00+00:00,2024-06-16T16:00:00+00:00,24,ordinary,enhanced_ordinary_arima_p1_d1_q2,,1,1,2,n,identity,False,,completed,,success,converged,True,True,True,True,True,4217,4,-36322.20033438109,72652.40066876219,72652.41016543836,72677.78723712308,1.9832267863883288,2.013026974043802,"[""DeprecationWarning: Setting the shape on a NumPy array has been deprecated in NumPy 2.5.\nAs an alternative, you can create a new view using np.reshape (with copy=False if needed).""]",[],0,4193,True,joint Ljung-Box and residual ACF rule,"{""1"": 0.057969003605898246, ""2"": 0.03960597448878891, ""3"": 0.030735703101299115, ""4"": -0.028161048164385485, ""5"": -0.05517518625277103, ""6"": -0.13849903092268975, ""7"": -0.16054025312011103, ""8"": -0.1258709536155068, ""9"": -0.07954936868540344, ""10"": -0.05924128844719728, ""11"": 0.04201951252756114, ""12"": 0.02953443487178852, ""13"": 0.0812075812281145, ""14"": -0.0791425251968143, ""15"": -0.08978742467361017, ""16"": -0.14893110111933738, ""17"": -0.1524771323810311, ""18"": -0.16466042346777035, ""19"": -0.03552359368140873, ""20"": -0.01748736436203055, ""21"": 0.04115960214881912, ""22"": 0.035749775817514526, ""23"": 0.17991269348893751, ""24"": 0.6522982710369692, ""25"": 0.17568796317822644, ""26"": 0.06091273648570433, ""27"": 0.012439951597496899, ""28"": -0.012414695534760265, ""29"": -0.05359883796884477, ""30"": -0.1392654329228184, ""31"": -0.1761949820890401, ""32"": -0.11117758521140995, ""33"": -0.06722052765551408, ""34"": -0.06740283905532991, ""35"": 0.03895542271682725, ""36"": 0.03728354798127121, ""37"": 0.06243146049247061, ""38"": -0.07023430435830977, ""39"": -0.08196639565120604, ""40"": -0.12938208605778084, ""41"": -0.16230910521561706, ""42"": -0.16752400510349558, ""43"": -0.033643694001897095, ""44"": -0.009707550541347948, ""45"": 0.04408100396612482, ""46"": 0.0724976386464132, ""47"": 0.1677277144695212, ""48"": 0.54673761871568}","[1, 5, 6, 7, 8, 9, 10, 13, 14, 15, 16, 17, 18, 23, 24, 25, 26, 29, 30, 31, 32, 33, 34, 37, 38, 39, 40, 41, 42, 46, 47, 48]","{""24"": 2693.2052399349855, ""48"": 4959.427098246753}","{""24"": 0.0, ""48"": 0.0}",7945.619474260108,8587.029971388094,15.735268140020944,24,1.0,False,,,,,,False
Germany,2024-06-17,Monday / warm season,2024-06-16T18:00:00+02:00,2024-06-16T16:00:00+00:00,2024-06-16T16:00:00+00:00,24,ordinary,enhanced_ordinary_arima_p1_d1_q3,,1,1,3,n,identity,False,,completed,,success,converged,True,True,True,True,True,4217,5,-36318.325563326405,72646.65112665281,72646.66537504987,72678.38433710391,2.379554612533668,2.073008434756709,"[""DeprecationWarning: Setting the shape on a NumPy array has been deprecated in NumPy 2.5.\nAs an alternative, you can create a new view using np.reshape (with copy=False if needed).""]",[],0,4193,True,joint Ljung-Box and residual ACF rule,"{""1"": 0.05130544245619065, ""2"": 0.03439949906215568, ""3"": 0.022893567284678545, ""4"": 0.005663475719836528, ""5"": -0.06032531878055427, ""6"": -0.13814653035854224, ""7"": -0.1534882855995202, ""8"": -0.12523764837465173, ""9"": -0.07708251742057867, ""10"": -0.06608673088579889, ""11"": 0.03515164763105144, ""12"": 0.021202705800044484, ""13"": 0.07551236626865722, ""14"": -0.08659999217966607, ""15"": -0.08777795527717557, ""16"": -0.1476222004617944, ""17"": -0.14433837992162785, ""18"": -0.1662016141234985, ""19"": -0.03379933158474155, ""20"": 0.001124426058493781, ""21"": 0.03965976090629575, ""22"": 0.02945792707068705, ""23"": 0.175360818669072, ""24"": 0.6505159366370307, ""25"": 0.17143975228155003, ""26"": 0.05505599610959433, ""27"": 0.009830406471903086, ""28"": 0.007667361047381851, ""29"": -0.05178680206305665, ""30"": -0.13875907354489583, ""31"": -0.1714754619155075, ""32"": -0.10900754892246099, ""33"": -0.06521177031362534, ""34"": -0.0742131865642458, ""35"": 0.031616481889872296, ""36"": 0.03051386752588706, ""37"": 0.05651632966104524, ""38"": -0.07815380514574788, ""39"": -0.07988982849967784, ""40"": -0.12735282336610712, ""41"": -0.15567231595289494, ""42"": -0.16722486865800648, ""43"": -0.03170090879535792, ""44"": 0.005626266979318597, ""45"": 0.042599356725972586, ""46"": 0.06660644123522554, ""47"": 0.16411908541653022, ""48"": 0.5449515805201057}","[1, 5, 6, 7, 8, 9, 10, 13, 14, 15, 16, 17, 18, 23, 24, 25, 26, 29, 30, 31, 32, 33, 34, 37, 38, 39, 40, 41, 42, 46, 47, 48]","{""24"": 2643.298165690941, ""48"": 4859.070844011306}","{""24"": 0.0, ""48"": 0.0}",8036.684624795435,8662.051097546779,15.853382442619855,24,1.0,False,,,,,,False
Germany,2024-06-17,Monday / warm season,2024-06-16T18:00:00+02:00,2024-06-16T16:00:00+00:00,2024-06-16T16:00:00+00:00,24,ordinary,enhanced_ordinary_arima_p2_d1_q1,,2,1,1,n,identity,False,,completed,,success,converged,True,True,True,True,True,4217,4,-36241.57829261324,72491.15658522648,72491.16608190264,72516.54315358736,1.1170638657513086,1.0889460051777853,"[""DeprecationWarning: Setting the shape on a NumPy array has been deprecated in NumPy 2.5.\nAs an alternative, you can create a new view using np.reshape (with copy=False if needed).""]",[],0,4193,True,joint Ljung-Box and residual ACF rule,"{""1"": 0.22451313618864352, ""2"": -0.06790691232021641, ""3"": -0.10813877265825918, ""4"": 0.01746188801530988, ""5"": 0.03414856409824019, ""6"": -0.047439207503007265, ""7"": -0.08999191172330578, ""8"": -0.07991005552806633, ""9"": -0.044811178913521946, ""10"": -0.021375456582073037, ""11"": 0.07829354262569252, ""12"": 0.09911280443281631, ""13"": 0.11784383531438125, ""14"": -0.03405049876126556, ""15"": -0.07662047880541303, ""16"": -0.12989130885798644, ""17"": -0.11922912978649146, ""18"": -0.09851141103075742, ""19"": 0.01784750674443796, ""20"": -0.002713961086453662, ""21"": -0.07876485910876851, ""22"": -0.06315485334321953, ""23"": 0.22504060231700837, ""24"": 0.6527577312511206, ""25"": 0.23202828245273868, ""26"": -0.042266246127664206, ""27"": -0.10593650002876126, ""28"": -0.014974140717337691, ""29"": -0.010236523804926205, ""30"": -0.09751432460364602, ""31"": -0.14608562081841817, ""32"": -0.1016866496665409, ""33"": -0.06262871827884647, ""34"": -0.05548304499739421, ""35"": 0.04189693242417989, ""36"": 0.06876617858030179, ""37"": 0.07140917852157685, ""38"": -0.05393706890210507, ""39"": -0.08683959679550673, ""40"": -0.13550310724104994, ""41"": -0.15849944729720872, ""42"": -0.1390714816450716, ""43"": -0.015258225471288705, ""44"": -0.012365076318595762, ""45"": -0.06339254784023456, ""46"": -0.03330900673928796, ""47"": 0.17832830546619216, ""48"": 0.516532092980698}","[1, 2, 3, 7, 8, 11, 12, 13, 15, 16, 17, 18, 21, 22, 23, 24, 25, 27, 30, 31, 32, 33, 34, 36, 37, 38, 39, 40, 41, 42, 45, 47, 48]","{""24"": 2749.4878562427534, ""48"": 4886.612195036264}","{""24"": 0.0, ""48"": 0.0}",10359.222268968158,11456.334164336551,19.04032138164108,24,1.0,False,,,,,,False
Germany,2024-06-17,Monday / warm season,2024-06-16T18:00:00+02:00,2024-06-16T16:00:00+00:00,2024-06-16T16:00:00+00:00,24,ordinary,enhanced_ordinary_arima_p2_d1_q2,,2,1,2,n,identity,False,,completed,,success,converged,True,True,True,True,True,4217,5,-36131.27078968426,72272.54157936852,72272.55582776558,72304.27478981962,1.1731215156683903,1.0545284941825506,"[""DeprecationWarning: Setting the shape on a NumPy array has been deprecated in NumPy 2.5.\nAs an alternative, you can create a new view using np.reshape (with copy=False if needed).""]",[],0,4193,True,joint Ljung-Box and residual ACF rule,"{""1"": 0.058981237941296706, ""2"": 0.03459557358033796, ""3"": -0.06343961180309911, ""4"": 0.04508107586028535, ""5"": 0.026468074919375223, ""6"": -0.05039616245406729, ""7"": -0.0774795728342723, ""8"": -0.06929562858909259, ""9"": -0.02894081554729823, ""10"": -0.03247028326353488, ""11"": 0.07385316722216283, ""12"": 0.053013766790294695, ""13"": 0.1122459011482153, ""14"": -0.053659992846502795, ""15"": -0.047021319110257885, ""16"": -0.11555903509504484, ""17"": -0.08782140346818423, ""18"": -0.1027058504353168, ""19"": 0.026070704290873513, ""20"": 0.008592593268110923, ""21"": -0.028037683052165484, ""22"": -0.011144602821822766, ""23"": 0.145604746889485, ""24"": 0.6192598730606024, ""25"": 0.14377494871618376, ""26"": 0.013916141261363061, ""27"": -0.06474354097326047, ""28"": 0.00944148529237545, ""29"": -0.010634433574373789, ""30"": -0.08947651427601526, ""31"": -0.13018869603661995, ""32"": -0.08774244109771756, ""33"": -0.04929130846494612, ""34"": -0.06677839223265528, ""35"": 0.037486149755074416, ""36"": 0.028922334742547042, ""37"": 0.06301036557881927, ""38"": -0.07127652368546725, ""39"": -0.0669625778427136, ""40"": -0.12136575535585975, ""41"": -0.12918111930423362, ""42"": -0.13617519385335103, ""43"": -0.006937079072460196, ""44"": -0.006294827195175983, ""45"": -0.031649872003029766, ""46"": 0.005985557415283952, ""47"": 0.11100507813710969, ""48"": 0.48920966235469054}","[1, 3, 6, 7, 8, 11, 12, 13, 14, 16, 17, 18, 23, 24, 25, 27, 30, 31, 32, 34, 37, 38, 39, 40, 41, 42, 47, 48]","{""24"": 2068.807956562154, ""48"": 3693.639999655715}","{""24"": 0.0, ""48"": 0.0}",10239.89390498059,11201.12846632473,18.998747638618223,24,1.0,False,,,,,,False
Germany,2024-06-17,Monday / warm season,2024-06-16T18:00:00+02:00,2024-06-16T16:00:00+00:00,2024-06-16T16:00:00+00:00,24,ordinary,enhanced_ordinary_arima_p2_d1_q3,,2,1,3,n,identity,False,,completed,,success,converged,True,True,True,True,True,4217,6,-36126.14758569952,72264.29517139903,72264.3151238931,72302.37502394036,1.2095412034024382,1.0431432362802469,"[""DeprecationWarning: Setting the shape on a NumPy array has been deprecated in NumPy 2.5.\nAs an alternative, you can create a new view using np.reshape (with copy=False if needed).""]",[],0,4193,True,joint Ljung-Box and residual ACF rule,"{""1"": 0.04638147080576317, ""2"": 0.012824188215198942, ""3"": -0.02423939212484239, ""4"": 0.05123357600138424, ""5"": 0.03167171737649289, ""6"": -0.05332952347584145, ""7"": -0.07791409171819358, ""8"": -0.06433266156215584, ""9"": -0.03017631977346143, ""10"": -0.0354487946086333, ""11"": 0.06218660840516527, ""12"": 0.04454231047428012, ""13"": 0.10215283680036719, ""14"": -0.0571621678445714, ""15"": -0.048737919058702305, ""16"": -0.10497150787572185, ""17"": -0.08607329638507052, ""18"": -0.10111477800434493, ""19"": 0.029671101079218817, ""20"": 0.020067242392818558, ""21"": -0.005877006136677682, ""22"": -0.01852976880566407, ""23"": 0.13828946197682118, ""24"": 0.6193894360677283, ""25"": 0.13592968275506292, ""26"": 0.005921363203206137, ""27"": -0.041751729999634106, ""28"": 0.01961096601796532, ""29"": -0.0030124830593859504, ""30"": -0.08872027136244381, ""31"": -0.12907058040782438, ""32"": -0.08079049809089844, ""33"": -0.048471568558254415, ""34"": -0.07082186484760584, ""35"": 0.028034606279609138, ""36"": 0.02246492483081683, ""37"": 0.05381291255821, ""38"": -0.07558567226452197, ""39"": -0.06792423803111626, ""40"": -0.11130747552353545, ""41"": -0.1265274470804438, ""42"": -0.13382701281939663, ""43"": -0.0015608109838502503, ""44"": 0.002026785972055584, ""45"": -0.015461874852724888, ""46"": 0.0003502284285361544, ""47"": 0.10457801112232011, ""48"": 0.4892369021274738}","[4, 6, 7, 8, 11, 13, 14, 16, 17, 18, 23, 24, 25, 30, 31, 32, 34, 37, 38, 39, 40, 41, 42, 47, 48]","{""24"": 2010.6598452640135, ""48"": 3580.987803010624}","{""24"": 0.0, ""48"": 0.0}",10021.271372656256,10890.612161378387,18.72923718741001,24,1.0,False,,,,,,False
Germany,2024-06-17,Monday / warm season,2024-06-16T18:00:00+02:00,2024-06-16T16:00:00+00:00,2024-06-16T16:00:00+00:00,24,ordinary,enhanced_ordinary_arima_p3_d1_q1,,3,1,1,n,identity,False,,completed,,success,converged,True,True,True,True,True,4217,5,-36135.13708725656,72280.27417451312,72280.28842291018,72312.00738496422,1.227881618329265,1.040499150056707,"[""DeprecationWarning: Setting the shape on a NumPy array has been deprecated in NumPy 2.5.\nAs an alternative, you can create a new view using np.reshape (with copy=False if needed).""]",[],0,4193,True,joint Ljung-Box and residual ACF rule,"{""1"": 0.06701202131489159, ""2"": -0.011313788146801203, ""3"": -0.03714838677308367, ""4"": 0.06405960170764924, ""5"": 0.04283058919515632, ""6"": -0.04785472515389613, ""7"": -0.07756427754732972, ""8"": -0.06494855213152226, ""9"": -0.03285201980147635, ""10"": -0.03934697567667339, ""11"": 0.05590289025085433, ""12"": 0.04397852981841567, ""13"": 0.09712661693244228, ""14"": -0.05872341096064864, ""15"": -0.05271429999804151, ""16"": -0.10516325814913408, ""17"": -0.0859774169193027, ""18"": -0.09467921298268885, ""19"": 0.03886230133768044, ""20"": 0.030292156984986007, ""21"": -0.015404855076525172, ""22"": -0.03280339766480259, ""23"": 0.1475163822416691, ""24"": 0.6248916280413228, ""25"": 0.14698803737975866, ""26"": -0.008721133138049805, ""27"": -0.05013168989805401, ""28"": 0.028504043548515674, ""29"": 0.00748817844925934, ""30"": -0.0841568055787613, ""31"": -0.12804243763300352, ""32"": -0.08071107616766027, ""33"": -0.0500538946732648, ""34"": -0.07379392443599142, ""35"": 0.022016158192044773, ""36"": 0.02150751134234711, ""37"": 0.049265180920531955, ""38"": -0.07744869587165368, ""39"": -0.07024907282174131, ""40"": -0.11095355376771478, ""41"": -0.12625561635135343, ""42"": -0.12872668840111004, ""43"": 0.005992214316281069, ""44"": 0.011107001691578423, ""45"": -0.02190023844792721, ""46"": -0.011583014459363486, ""47"": 0.11189451112110259, ""48"": 0.4931209611081824}","[1, 4, 7, 8, 11, 13, 14, 15, 16, 17, 18, 23, 24, 25, 27, 30, 31, 32, 33, 34, 38, 39, 40, 41, 42, 47, 48]","{""24"": 2071.548968497101, ""48"": 3676.4610743683143}","{""24"": 0.0, ""48"": 0.0}",9934.421296182809,10776.672005472092,18.612778225938857,24,1.0,False,,,,,,False
Germany,2024-06-17,Monday / warm season,2024-06-16T18:00:00+02:00,2024-06-16T16:00:00+00:00,2024-06-16T16:00:00+00:00,24,ordinary,enhanced_ordinary_arima_p3_d1_q2,,3,1,2,n,identity,False,,completed,,success,converged,True,True,True,True,True,4217,6,-36128.77385400941,72269.54770801883,72269.5676605129,72307.62756056015,1.193057732875901,1.0481747922014024,"[""DeprecationWarning: Setting the shape on a NumPy array has been deprecated in NumPy 2.5.\nAs an alternative, you can create a new view using np.reshape (with copy=False if needed)."", ""UserWarning: Non-stationary starting autoregressive parameters found. Using zeros as starting parameters."", ""UserWarning: Non-invertible starting MA parameters found. Using zeros as starting parameters.""]",[],0,4193,True,joint Ljung-Box and residual ACF rule,"{""1"": 0.05181517242970691, ""2"": 0.023861950242886586, ""3"": -0.04766488506038079, ""4"": 0.05120129170396724, ""5"": 0.03098371944757055, ""6"": -0.05082369386294872, ""7"": -0.0772033736027102, ""8"": -0.06704567717407857, ""9"": -0.02965168269138226, ""10"": -0.03516762686141696, ""11"": 0.06710157109871383, ""12"": 0.047337464711654995, ""13"": 0.10638971639179932, ""14"": -0.056391587478499136, ""15"": -0.04771226900775739, ""16"": -0.11064466552405541, ""17"": -0.08601395893399023, ""18"": -0.10089982430434967, ""19"": 0.029923401307314135, ""20"": 0.015999499038190774, ""21"": -0.018675232764793905, ""22"": -0.015419089769468104, ""23"": 0.14148445507698967, ""24"": 0.6192897037271837, ""25"": 0.1395010853787042, ""26"": 0.009472409378474383, ""27"": -0.05510140786049352, ""28"": 0.016523838511633117, ""29"": -0.005040793140559703, ""30"": -0.08794388814298182, ""31"": -0.12893930728694872, ""32"": -0.08428912749975169, ""33"": -0.0488968925218914, ""34"": -0.06966359635566556, ""35"": 0.03184422423750199, ""36"": 0.024334733496465186, ""37"": 0.05763787709669413, ""38"": -0.07424423059217496, ""39"": -0.06724492227813474, ""40"": -0.11648904993436271, ""41"": -0.12692486242925285, ""42"": -0.13398319505418355, ""43"": -0.0026022896061599593, ""44"": -0.0005766529318986312, ""45"": -0.024818728623072196, ""46"": 0.002566340345859386, ""47"": 0.10738014968711222, ""48"": 0.4891469511923064}","[1, 4, 6, 7, 8, 11, 13, 14, 16, 17, 18, 23, 24, 25, 27, 30, 31, 32, 34, 37, 38, 39, 40, 41, 42, 47, 48]","{""24"": 2036.3826380412354, ""48"": 3628.6327224633596}","{""24"": 0.0, ""48"": 0.0}",10132.839831933525,11043.849222560446,18.87108802658948,24,1.0,False,,,,,,False
Germany,2024-06-17,Monday / warm season,2024-06-16T18:00:00+02:00,2024-06-16T16:00:00+00:00,2024-06-16T16:00:00+00:00,24,ordinary,enhanced_ordinary_arima_p3_d1_q3,,3,1,3,n,identity,False,,completed,,success,converged,True,True,True,True,True,4217,7,-36122.05104651361,72258.10209302722,72258.12870267322,72302.52858765877,1.198088130350711,1.04610668101868,"[""DeprecationWarning: Setting the shape on a NumPy array has been deprecated in NumPy 2.5.\nAs an alternative, you can create a new view using np.reshape (with copy=False if needed).""]",[],0,4193,True,joint Ljung-Box and residual ACF rule,"{""1"": 0.0469726228255272, ""2"": 0.010396414821082669, ""3"": -0.009201605940140597, ""4"": 0.028889924779680956, ""5"": 0.03764786300793892, ""6"": -0.05638407089190886, ""7"": -0.07809731568758098, ""8"": -0.06290441702576655, ""9"": -0.032495427991668796, ""10"": -0.0311480086113107, ""11"": 0.06330645837565682, ""12"": 0.04818909326167752, ""13"": 0.10287016310969656, ""14"": -0.05327615547608424, ""15"": -0.05144372582874155, ""16"": -0.10290669422558765, ""17"": -0.08942634296522721, ""18"": -0.10105980748212162, ""19"": 0.028674160084785807, ""20"": 0.009158071914772317, ""21"": -0.0007567849695633384, ""22"": -0.017737408991667293, ""23"": 0.1373809101829864, ""24"": 0.6190002716352327, ""25"": 0.1347559478320322, ""26"": 0.006404568762722931, ""27"": -0.03571408130895635, ""28"": 0.007332621420201288, ""29"": -0.0029843867191511808, ""30"": -0.09020483776967124, ""31"": -0.13022086981316994, ""32"": -0.08034452058866595, ""33"": -0.05032895839500418, ""34"": -0.06784215316066704, ""35"": 0.029753808257406852, ""36"": 0.025193386587751544, ""37"": 0.05469482007118303, ""38"": -0.07194594206950386, ""39"": -0.07043039210833676, ""40"": -0.11009862008700928, ""41"": -0.12918284060973864, ""42"": -0.13456986129749943, ""43"": -0.002063546399454375, ""44"": -0.007142389688843877, ""45"": -0.011546559852650136, ""46"": 0.0016540089212531595, ""47"": 0.10359882093319998, ""48"": 0.48892105311816186}","[6, 7, 8, 11, 13, 14, 15, 16, 17, 18, 23, 24, 25, 30, 31, 32, 33, 34, 37, 38, 39, 40, 41, 42, 47, 48]","{""24"": 2000.5857356458348, ""48"": 3568.084698497753}","{""24"": 0.0, ""48"": 0.0}",10093.897449609756,10988.507559325137,18.824467947745912,24,1.0,False,,,,,,False
Germany,2024-06-17,Monday / warm season,2024-06-16T18:00:00+02:00,2024-06-16T16:00:00+00:00,2024-06-16T16:00:00+00:00,24,ordinary,enhanced_ordinary_arima_p4_d1_q1,,4,1,1,n,identity,False,,completed,,success,converged,True,True,True,True,True,4217,6,-36125.55520845815,72263.1104169163,72263.13036941037,72301.19026945763,1.1654664925397855,1.0561474219489644,"[""DeprecationWarning: Setting the shape on a NumPy array has been deprecated in NumPy 2.5.\nAs an alternative, you can create a new view using np.reshape (with copy=False if needed).""]",[],0,4193,True,joint Ljung-Box and residual ACF rule,"{""1"": 0.046367816595074704, ""2"": 0.045133282975875585, ""3"": -0.046716885389222224, ""4"": 0.03627913234862863, ""5"": 0.01746188941213017, ""6"": -0.05719977266150802, ""7"": -0.07882383416707614, ""8"": -0.06769527019598087, ""9"": -0.026458412237771668, ""10"": -0.028408339954545853, ""11"": 0.07794317577116666, ""12"": 0.05491322450884587, ""13"": 0.1156347921056224, ""14"": -0.05144644868661882, ""15"": -0.044416550879563706, ""16"": -0.11339289074519938, ""17"": -0.08922303767447141, ""18"": -0.10911256952274341, ""19"": 0.01784122670036121, ""20"": 0.002691511644842504, ""21"": -0.01787809381291304, ""22"": -0.003640682828326187, ""23"": 0.13966787281129692, ""24"": 0.6160826339048248, ""25"": 0.1365714127229213, ""26"": 0.02128874295231417, ""27"": -0.055137852902015116, ""28"": 0.0038135631181549774, ""29"": -0.018698894479646434, ""30"": -0.09503951447480852, ""31"": -0.1321568890328136, ""32"": -0.08669231048649907, ""33"": -0.04753620171257588, ""34"": -0.06398724598296468, ""35"": 0.04155192021144669, ""36"": 0.03117135258742307, ""37"": 0.06610438483076256, ""38"": -0.06937160099313061, ""39"": -0.06540835571356293, ""40"": -0.11993158993756388, ""41"": -0.13056576486157306, ""42"": -0.1414575515625898, ""43"": -0.013446903337700076, ""44"": -0.012016433519287856, ""45"": -0.024664821583570775, ""46"": 0.012361770887616131, ""47"": 0.10630000102788764, ""48"": 0.48710242346906935}","[6, 7, 8, 11, 12, 13, 14, 16, 17, 18, 23, 24, 25, 27, 30, 31, 32, 34, 37, 38, 39, 40, 41, 42, 47, 48]","{""24"": 2037.2487282802017, ""48"": 3648.614386646794}","{""24"": 0.0, ""48"": 0.0}",10274.91278631978,11254.32590884432,19.04028875099888,24,1.0,False,,,,,,False
Germany,2024-06-17,Monday / warm season,2024-06-16T18:00:00+02:00,2024-06-16T16:00:00+00:00,2024-06-16T16:00:00+00:00,24,ordinary,enhanced_ordinary_arima_p4_d1_q2,,4,1,2,n,identity,False,,failed,AR roots fail stationarity threshold; MA roots fail invertibility threshold,success,converged,True,True,True,False,False,4217,7,-36135.220649989904,72284.44129997981,72284.4679096258,72328.86779461136,1.000404862289859,1.0000851520541179,"[""DeprecationWarning: Setting the shape on a NumPy array has been deprecated in NumPy 2.5.\nAs an alternative, you can create a new view using np.reshape (with copy=False if needed)."", ""UserWarning: Non-stationary starting autoregressive parameters found. Using zeros as starting parameters."", ""UserWarning: Non-invertible starting MA parameters found. Using zeros as starting parameters.""]",[],0,4193,True,joint Ljung-Box and residual ACF rule,"{""1"": 0.0667345945141183, ""2"": -0.011242539217952216, ""3"": -0.03737448380481762, ""4"": 0.0642274087318714, ""5"": 0.042704708633156806, ""6"": -0.04760243057271509, ""7"": -0.07762847524264126, ""8"": -0.06466042764359095, ""9"": -0.032898413995143205, ""10"": -0.039056991612130144, ""11"": 0.055853187674979016, ""12"": 0.0442647679630998, ""13"": 0.09707671315350815, ""14"": -0.058432156707815756, ""15"": -0.0527543954920504, ""16"": -0.10487954839741201, ""17"": -0.0860289812389772, ""18"": -0.09443681353075678, ""19"": 0.03875133032771713, ""20"": 0.03044347553406585, ""21"": -0.015612285132711906, ""22"": -0.03273965016028872, ""23"": 0.14724815619733636, ""24"": 0.6248966366398669, ""25"": 0.14671520577042807, ""26"": -0.008669706613910932, ""27"": -0.050345175526595204, ""28"": 0.028633549795078556, ""29"": 0.0073649828380927835, ""30"": -0.08394652984354824, ""31"": -0.12811764379971333, ""32"": -0.08046491302755523, ""33"": -0.05011707094977717, ""34"": -0.07354796171909878, ""35"": 0.021943726725837498, ""36"": 0.021747037646177997, ""37"": 0.04918984824902749, ""38"": -0.0772042340198135, ""39"": -0.07031950400314795, ""40"": -0.11071292128193952, ""41"": -0.12634693029707011, ""42"": -0.12851829851576876, ""43"": 0.005838729530350439, ""44"": 0.01122873521902238, ""45"": -0.022143991010582818, ""46"": -0.011546232389850182, ""47"": 0.1115940016307172, ""48"": 0.49310279514184774}","[1, 4, 7, 8, 11, 13, 14, 15, 16, 17, 18, 23, 24, 25, 27, 30, 31, 32, 33, 34, 38, 39, 40, 41, 42, 47, 48]","{""24"": 2070.4178316767593, ""48"": 3673.9501971427985}","{""24"": 0.0, ""48"": 0.0}",,,,0,0.0,False,,,,,,False
Germany,2024-07-25,warm-season weekday,2024-07-24T18:00:00+02:00,2024-07-24T16:00:00+00:00,2024-07-24T16:00:00+00:00,24,ordinary,enhanced_ordinary_arima_p1_d1_q1,,1,1,1,n,identity,False,,completed,,success,converged,True,True,True,True,True,5129,3,-44161.80174225195,88329.6034845039,88329.60816743072,88349.2308974997,1.5212415759345428,2.6340293074955565,"[""DeprecationWarning: Setting the shape on a NumPy array has been deprecated in NumPy 2.5.\nAs an alternative, you can create a new view using np.reshape (with copy=False if needed).""]",[],0,5105,True,joint Ljung-Box and residual ACF rule,"{""1"": 0.09012788988940537, ""2"": 0.12221625527821778, ""3"": -0.0801565065811502, ""4"": -0.024886599418234057, ""5"": -0.07349151764827144, ""6"": -0.15854857674493716, ""7"": -0.17964364406072908, ""8"": -0.1485191370812862, ""9"": -0.0687220268521864, ""10"": -0.05383897975217805, ""11"": 0.08309021548724832, ""12"": 0.04806239219310556, ""13"": 0.113876373667025, ""14"": -0.06823678965894432, ""15"": -0.0755745344626135, ""16"": -0.17764094550550782, ""17"": -0.17183359895596712, ""18"": -0.184955387748759, ""19"": -0.043826341709387324, ""20"": -0.03177730268318234, ""21"": -0.012581550183670085, ""22"": 0.08228977452856152, ""23"": 0.20560374587134442, ""24"": 0.6639930431493023, ""25"": 0.2019632447897088, ""26"": 0.10801987455596479, ""27"": -0.04396758550727575, ""28"": -0.02239788749625649, ""29"": -0.071118692933119, ""30"": -0.1604531443068316, ""31"": -0.1928243066196725, ""32"": -0.131408850763575, ""33"": -0.06369947585726356, ""34"": -0.050687719390763046, ""35"": 0.07310317883554165, ""36"": 0.051884437729631624, ""37"": 0.09778121102876826, ""38"": -0.05685980298062976, ""39"": -0.06844921861384883, ""40"": -0.15847572511343355, ""41"": -0.18436306961835397, ""42"": -0.18454764123378065, ""43"": -0.04796626958061422, ""44"": -0.017309510638813436, ""45"": 0.0060452730704507705, ""46"": 0.105564422803588, ""47"": 0.19302189768224795, ""48"": 0.5612985688990403}","[1, 2, 3, 5, 6, 7, 8, 9, 10, 11, 13, 14, 15, 16, 17, 18, 22, 23, 24, 25, 26, 29, 30, 31, 32, 33, 34, 35, 36, 37, 38, 39, 40, 41, 42, 46, 47, 48]","{""24"": 3811.4144195342, ""48"": 7063.453273968066}","{""24"": 0.0, ""48"": 0.0}",5784.157193733423,8157.806247055097,13.032133965657822,24,1.0,False,,,,,,False
Germany,2024-07-25,warm-season weekday,2024-07-24T18:00:00+02:00,2024-07-24T16:00:00+00:00,2024-07-24T16:00:00+00:00,24,ordinary,enhanced_ordinary_arima_p1_d1_q2,,1,1,2,n,identity,False,,completed,,success,converged,True,True,True,True,True,5129,4,-44084.07785965373,88176.15571930746,88176.1635257087,88202.32560330186,1.909107924634034,2.0339909101101474,"[""DeprecationWarning: Setting the shape on a NumPy array has been deprecated in NumPy 2.5.\nAs an alternative, you can create a new view using np.reshape (with copy=False if needed).""]",[],0,5105,True,joint Ljung-Box and residual ACF rule,"{""1"": 0.05044042637178367, ""2"": 0.035598895565976944, ""3"": 0.033125457651730694, ""4"": -0.030164293767937535, ""5"": -0.043750389759439616, ""6"": -0.13935034595020043, ""7"": -0.16947558290180442, ""8"": -0.12229080177622947, ""9"": -0.0729387497828557, ""10"": -0.06294363443706207, ""11"": 0.04589918861176049, ""12"": 0.02359160630269167, ""13"": 0.0810396486471535, ""14"": -0.07950069738241416, ""15"": -0.08494532426886012, ""16"": -0.1410766191203123, ""17"": -0.16261504559587012, ""18"": -0.16370448798569548, ""19"": -0.02592024937705704, ""20"": -0.016544009520652516, ""21"": 0.03868213896346521, ""22"": 0.037676212943753916, ""23"": 0.1706604781975751, ""24"": 0.651814421398336, ""25"": 0.16591640346681114, ""26"": 0.0630772463436295, ""27"": 0.011187369601229553, ""28"": -0.012416477052282951, ""29"": -0.041559105419576886, ""30"": -0.14357775891524932, ""31"": -0.18226155370703326, ""32"": -0.10529544812205237, ""33"": -0.06592788131787723, ""34"": -0.06501267764450518, ""35"": 0.04010971863112747, ""36"": 0.029291250530954587, ""37"": 0.06661072333220802, ""38"": -0.0718299681060278, ""39"": -0.0751940663722411, ""40"": -0.12432382791309032, ""41"": -0.17383765398643203, ""42"": -0.16401598209355472, ""43"": -0.02576343977513693, ""44"": -0.007389230998876607, ""45"": 0.04374090720878427, ""46"": 0.0693451372884088, ""47"": 0.1617983749062391, ""48"": 0.5488091618570027}","[1, 6, 7, 8, 9, 10, 13, 14, 15, 16, 17, 18, 23, 24, 25, 26, 30, 31, 32, 33, 34, 37, 38, 39, 40, 41, 42, 46, 47, 48]","{""24"": 3250.2973242244466, ""48"": 5990.826200595156}","{""24"": 0.0, ""48"": 0.0}",5773.910549891315,8149.806847162943,13.011169376269097,24,1.0,False,,,,,,False
Germany,2024-07-25,warm-season weekday,2024-07-24T18:00:00+02:00,2024-07-24T16:00:00+00:00,2024-07-24T16:00:00+00:00,24,ordinary,enhanced_ordinary_arima_p1_d1_q3,,1,1,3,n,identity,False,,completed,,success,converged,True,True,True,True,True,5129,5,-44078.34287245487,88166.68574490974,88166.69745679731,88199.39809990274,2.304519548948308,2.042252128793364,"[""DeprecationWarning: Setting the shape on a NumPy array has been deprecated in NumPy 2.5.\nAs an alternative, you can create a new view using np.reshape (with copy=False if needed).""]",[],0,5105,True,joint Ljung-Box and residual ACF rule,"{""1"": 0.04259270643451, ""2"": 0.029995971725009295, ""3"": 0.022938091520756244, ""4"": 0.008325332534118568, ""5"": -0.047983466731337646, ""6"": -0.13966005165081982, ""7"": -0.1611419732416428, ""8"": -0.1213583279573447, ""9"": -0.06973501980659416, ""10"": -0.071182768117654, ""11"": 0.03783230361287423, ""12"": 0.01425167205187727, ""13"": 0.0742513670711503, ""14"": -0.08842816391773985, ""15"": -0.08203494378456454, ""16"": -0.13949557034821863, ""17"": -0.15346427645058205, ""18"": -0.16528819778826323, ""19"": -0.023239524525950298, ""20"": 0.004962099235627734, ""21"": 0.03577611735953649, ""22"": 0.030836431708072307, ""23"": 0.1652172454796969, ""24"": 0.6497955397380011, ""25"": 0.16092174454903158, ""26"": 0.056497112353970265, ""27"": 0.0071918709017096205, ""28"": 0.010797589029475982, ""29"": -0.038954405292336174, ""30"": -0.14278908193877765, ""31"": -0.17682024535995258, ""32"": -0.10283485588241313, ""33"": -0.06300177774434008, ""34"": -0.0733281538950876, ""35"": 0.031679860539492274, ""36"": 0.021664416494200315, ""37"": 0.05928061233709806, ""38"": -0.0808064768335568, ""39"": -0.07247242979912964, ""40"": -0.12201119089121103, ""41"": -0.16598779765532523, ""42"": -0.1638331597536096, ""43"": -0.022798740883206846, ""44"": 0.010495674540934696, ""45"": 0.04065114792943528, ""46"": 0.06306170097299843, ""47"": 0.1575081631100514, ""48"": 0.5467463717737087}","[6, 7, 8, 9, 10, 13, 14, 15, 16, 17, 18, 23, 24, 25, 26, 30, 31, 32, 33, 34, 37, 38, 39, 40, 41, 42, 46, 47, 48]","{""24"": 3179.7394148839758, ""48"": 5849.698691491298}","{""24"": 0.0, ""48"": 0.0}",5740.651350553671,8112.601960157444,12.939164038016887,24,1.0,False,,,,,,False
Germany,2024-07-25,warm-season weekday,2024-07-24T18:00:00+02:00,2024-07-24T16:00:00+00:00,2024-07-24T16:00:00+00:00,24,ordinary,enhanced_ordinary_arima_p2_d1_q1,,2,1,1,n,identity,False,,completed,,success,converged,True,True,True,True,True,5129,4,-43958.15853009274,87924.31706018548,87924.32486658673,87950.48694417988,1.111746281419291,1.0872442320249864,"[""DeprecationWarning: Setting the shape on a NumPy array has been deprecated in NumPy 2.5.\nAs an alternative, you can create a new view using np.reshape (with copy=False if needed).""]",[],0,5105,True,joint Ljung-Box and residual ACF rule,"{""1"": 0.2070123176722242, ""2"": -0.06381865382721122, ""3"": -0.10513393308033911, ""4"": 0.015902189246465616, ""5"": 0.04198339864382502, ""6"": -0.051937220027882175, ""7"": -0.10029202782492262, ""8"": -0.07773824448989704, ""9"": -0.03342060025657213, ""10"": -0.017108059602489064, ""11"": 0.08542088246364249, ""12"": 0.0945320108442991, ""13"": 0.12025656047337582, ""14"": -0.02953227919722609, ""15"": -0.06496422526572682, ""16"": -0.12394038102016364, ""17"": -0.12960969884580445, ""18"": -0.10204046068712175, ""19"": 0.02463654180837093, ""20"": -0.0018181956123107424, ""21"": -0.07799111967172305, ""22"": -0.05823023824275668, ""23"": 0.21206040996443323, ""24"": 0.6483444684459327, ""25"": 0.21779945410825133, ""26"": -0.03690402512126318, ""27"": -0.10437332150841672, ""28"": -0.013714606173704052, ""29"": -0.0030769671443881806, ""30"": -0.1038295148198041, ""31"": -0.15424906535237073, ""32"": -0.0976029805787325, ""33"": -0.05492805057948735, ""34"": -0.04801769244359636, ""35"": 0.04626660009959712, ""36"": 0.06233486358086429, ""37"": 0.07688796921445916, ""38"": -0.04867211214437315, ""39"": -0.07532619028237357, ""40"": -0.1335131105068332, ""41"": -0.1712210000161665, ""42"": -0.14111303516459647, ""43"": -0.008656326378991525, ""44"": -0.010259940368878333, ""45"": -0.06389345123736243, ""46"": -0.03424669306955776, ""47"": 0.16733650250316898, ""48"": 0.5133019313703289}","[1, 2, 3, 6, 7, 8, 11, 12, 13, 15, 16, 17, 18, 21, 22, 23, 24, 25, 27, 30, 31, 32, 33, 36, 37, 39, 40, 41, 42, 45, 47, 48]","{""24"": 3250.482390412401, ""48"": 5790.540772198364}","{""24"": 0.0, ""48"": 0.0}",4845.483896349214,6618.671743180657,10.76622848261229,24,1.0,False,,,,,,False
Germany,2024-07-25,warm-season weekday,2024-07-24T18:00:00+02:00,2024-07-24T16:00:00+00:00,2024-07-24T16:00:00+00:00,24,ordinary,enhanced_ordinary_arima_p2_d1_q2,,2,1,2,n,identity,False,,completed,,success,converged,True,True,True,True,True,5129,5,-43841.20039508726,87692.40079017452,87692.41250206208,87725.11314516752,1.1625067541494538,1.0549729279116888,"[""DeprecationWarning: Setting the shape on a NumPy array has been deprecated in NumPy 2.5.\nAs an alternative, you can create a new view using np.reshape (with copy=False if needed).""]",[],0,5105,True,joint Ljung-Box and residual ACF rule,"{""1"": 0.049383465963515207, ""2"": 0.03151516594203194, ""3"": -0.06184120302468623, ""4"": 0.04004699126598184, ""5"": 0.03772017441842939, ""6"": -0.05304035843134233, ""7"": -0.08547086124870794, ""8"": -0.06670186001439014, ""9"": -0.01938900091317239, ""10"": -0.031790817443254835, ""11"": 0.08099501369153156, ""12"": 0.0486447357762729, ""13"": 0.11476425431651689, ""14"": -0.0504762925051877, ""15"": -0.03941912196335908, ""16"": -0.10826128688275359, ""17"": -0.09834986271118834, ""18"": -0.10257418449812307, ""19"": 0.03360851976965878, ""20"": 0.008786580664278362, ""21"": -0.03140650262912782, ""22"": -0.008533270157678118, ""23"": 0.13439362180368647, ""24"": 0.6187421840073715, ""25"": 0.13194480911686, ""26"": 0.016383075840342973, ""27"": -0.06640756898992262, ""28"": 0.008215595791832347, ""29"": -0.0008067819115972505, ""30"": -0.09431896033597433, ""31"": -0.13657906374571183, ""32"": -0.08276683756551734, ""33"": -0.044619627547637604, ""34"": -0.06129581145994102, ""35"": 0.041456163151581606, ""36"": 0.022444872274067697, ""37"": 0.06906807922475669, ""38"": -0.06882861763782003, ""39"": -0.0580943231173328, ""40"": -0.11780063579839209, ""41"": -0.14155673089736562, ""42"": -0.13466256214482536, ""43"": -0.0005570825925766465, ""44"": -0.004955521295711961, ""45"": -0.034370985482462875, ""46"": 0.003209497098508455, ""47"": 0.10185320776682154, ""48"": 0.4896744400169075}","[3, 6, 7, 8, 11, 13, 14, 16, 17, 18, 23, 24, 25, 27, 30, 31, 32, 34, 37, 38, 39, 40, 41, 42, 47, 48]","{""24"": 2500.486223071672, ""48"": 4462.11744016824}","{""24"": 0.0, ""48"": 0.0}",4968.524354969526,6453.169324796663,10.881315773131297,24,1.0,False,,,,,,False
Germany,2024-07-25,warm-season weekday,2024-07-24T18:00:00+02:00,2024-07-24T16:00:00+00:00,2024-07-24T16:00:00+00:00,24,ordinary,enhanced_ordinary_arima_p2_d1_q3,,2,1,3,n,identity,False,,completed,,success,converged,True,True,True,True,True,5129,6,-43835.59267633373,87683.18535266747,87683.20175251128,87722.44017865908,1.1934085269672443,1.0444371310726912,"[""DeprecationWarning: Setting the shape on a NumPy array has been deprecated in NumPy 2.5.\nAs an alternative, you can create a new view using np.reshape (with copy=False if needed).""]",[],0,5105,True,joint Ljung-Box and residual ACF rule,"{""1"": 0.03822663113696592, ""2"": 0.009541783382852545, ""3"": -0.026901621771751195, ""4"": 0.04651330745318742, ""5"": 0.043940340644085356, ""6"": -0.05446640708884734, ""7"": -0.08611191930894824, ""8"": -0.06112014106321782, ""9"": -0.020748351550263295, ""10"": -0.035463328315656246, ""11"": 0.06941255997954995, ""12"": 0.04066781336443524, ""13"": 0.10472134804895858, ""14"": -0.054372181129417434, ""15"": -0.04112814861817646, ""16"": -0.09779949812689795, ""17"": -0.09664224836048944, ""18"": -0.10024512525731612, ""19"": 0.038691371425230735, ""20"": 0.019492929676807002, ""21"": -0.011896205351694706, ""22"": -0.0167827595808822, ""23"": 0.1279418185664738, ""24"": 0.6186205022702788, ""25"": 0.12499243961643632, ""26"": 0.00762141438370733, ""27"": -0.04627292670708805, ""28"": 0.017800984890998017, ""29"": 0.007869275889866176, ""30"": -0.0929413112518647, ""31"": -0.13535624940442423, ""32"": -0.07555970525225846, ""33"": -0.0443136179024419, ""34"": -0.06560308053241343, ""35"": 0.03189458454493842, ""36"": 0.01599373445867107, ""37"": 0.059954915366065675, ""38"": -0.07364301706696968, ""39"": -0.05905433861862587, ""40"": -0.10775119517587517, ""41"": -0.1390453133433948, ""42"": -0.13154921562518263, ""43"": 0.005697721741819781, ""44"": 0.002798317187939078, ""45"": -0.02003315202715639, ""46"": -0.0035308816128545454, ""47"": 0.09641456606125151, ""48"": 0.4896385162116308}","[6, 7, 8, 11, 13, 14, 16, 17, 18, 23, 24, 25, 30, 31, 32, 34, 37, 38, 39, 40, 41, 42, 47, 48]","{""24"": 2434.2333754161755, ""48"": 4333.282769184165}","{""24"": 0.0, ""48"": 0.0}",5054.089378320786,6398.168558428817,10.982884811864317,24,1.0,False,,,,,,False
Germany,2024-07-25,warm-season weekday,2024-07-24T18:00:00+02:00,2024-07-24T16:00:00+00:00,2024-07-24T16:00:00+00:00,24,ordinary,enhanced_ordinary_arima_p3_d1_q1,,3,1,1,n,identity,False,,completed,,success,converged,True,True,True,True,True,5129,5,-43843.66551192723,87697.33102385447,87697.34273574203,87730.04337884746,1.203932665658781,1.042723578966955,"[""DeprecationWarning: Setting the shape on a NumPy array has been deprecated in NumPy 2.5.\nAs an alternative, you can create a new view using np.reshape (with copy=False if needed).""]",[],0,5105,True,joint Ljung-Box and residual ACF rule,"{""1"": 0.054935411839877275, ""2"": -0.008707556273140847, ""3"": -0.03960143836436703, ""4"": 0.05689175191211925, ""5"": 0.05297400632802209, ""6"": -0.04969984560906334, ""7"": -0.08581538767701784, ""8"": -0.06209169385189281, ""9"": -0.022623914161611462, ""10"": -0.03812157621695044, ""11"": 0.06446498387528928, ""12"": 0.040224559121400334, ""13"": 0.10071204915916689, ""14"": -0.055352897606703075, ""15"": -0.04372421195498357, ""16"": -0.09872429867105963, ""17"": -0.09656264466048418, ""18"": -0.09508352230086202, ""19"": 0.04626868469852396, ""20"": 0.02742381171923191, ""21"": -0.020684700774993386, ""22"": -0.028069505053482414, ""23"": 0.13562092380872823, ""24"": 0.6226684471995539, ""25"": 0.13411885672728044, ""26"": -0.003920644821130277, ""27"": -0.05418661743026114, ""28"": 0.024837757797550982, ""29"": 0.01602702839623562, ""30"": -0.08899400735556633, ""31"": -0.1346421393301893, ""32"": -0.07607192395123948, ""33"": -0.04513991918996406, ""34"": -0.06770073919952127, ""35"": 0.027121477010046673, ""36"": 0.01512423794477744, ""37"": 0.05618062520142428, ""38"": -0.0745076852481685, ""39"": -0.06049191972391426, ""40"": -0.10825695768963065, ""41"": -0.1389163177098222, ""42"": -0.1276180003014105, ""43"": 0.012055408580735701, ""44"": 0.01002392150207296, ""45"": -0.026244997532264527, ""46"": -0.012927104474000571, ""47"": 0.1024754283106317, ""48"": 0.49233125524935456}","[1, 4, 5, 7, 8, 11, 13, 14, 16, 17, 18, 23, 24, 25, 27, 30, 31, 32, 34, 37, 38, 39, 40, 41, 42, 47, 48]","{""24"": 2490.6248530481944, ""48"": 4421.766154404483}","{""24"": 0.0, ""48"": 0.0}",5074.846833181616,6400.053418489549,11.015966291551708,24,1.0,False,,,,,,False
Germany,2024-07-25,warm-season weekday,2024-07-24T18:00:00+02:00,2024-07-24T16:00:00+00:00,2024-07-24T16:00:00+00:00,24,ordinary,enhanced_ordinary_arima_p3_d1_q2,,3,1,2,n,identity,False,,completed,,success,converged,True,True,True,True,True,5129,6,-43838.34348832828,87688.68697665655,87688.70337650036,87727.94180264816,1.1792290921511532,1.049161764663786,"[""DeprecationWarning: Setting the shape on a NumPy array has been deprecated in NumPy 2.5.\nAs an alternative, you can create a new view using np.reshape (with copy=False if needed)."", ""UserWarning: Non-stationary starting autoregressive parameters found. Using zeros as starting parameters."", ""UserWarning: Non-invertible starting MA parameters found. Using zeros as starting parameters.""]",[],0,5105,True,joint Ljung-Box and residual ACF rule,"{""1"": 0.04311393322676801, ""2"": 0.02094516040178163, ""3"": -0.04791533600777717, ""4"": 0.045832490560443445, ""5"": 0.04252376213168016, ""6"": -0.05278838285516607, ""7"": -0.08527325981319601, ""8"": -0.0642425063888444, ""9"": -0.020133333275761885, ""10"": -0.03464798583240769, ""11"": 0.07443484180159282, ""12"": 0.04332651210471828, ""13"": 0.10904866694397215, ""14"": -0.053249768169785876, ""15"": -0.04009766678780756, ""16"": -0.10348434524761846, ""17"": -0.09666231505667905, ""18"": -0.10046792007219112, ""19"": 0.0379032578571591, ""20"": 0.015548682454862909, ""21"": -0.023270752578438973, ""22"": -0.012996099502803954, ""23"": 0.13078935381233883, ""24"": 0.6186836241949722, ""25"": 0.1281865843402251, ""26"": 0.011769671840132586, ""27"": -0.058058312550471586, ""28"": 0.014686674399188263, ""29"": 0.005016581681698407, ""30"": -0.09254883822192637, ""31"": -0.13533668866703508, ""32"": -0.07930507898130318, ""33"": -0.04445159203571023, ""34"": -0.06419130239721624, ""35"": 0.035888066927192104, ""36"": 0.017957146293082028, ""37"": 0.06381997164891962, ""38"": -0.07188229047368047, ""39"": -0.058381481285425946, ""40"": -0.11304395502260073, ""41"": -0.13947886757453604, ""42"": -0.13219387547379502, ""43"": 0.003992198276906104, ""44"": 0.00025714477420774566, ""45"": -0.02842224612315618, ""46"": -0.0005171155427025006, ""47"": 0.09878280483415924, ""48"": 0.4895999533351981}","[6, 7, 8, 11, 13, 14, 16, 17, 18, 23, 24, 25, 27, 30, 31, 32, 34, 37, 38, 39, 40, 41, 42, 47, 48]","{""24"": 2464.328278970513, ""48"": 4389.323737514015}","{""24"": 0.0, ""48"": 0.0}",5010.00495688456,6427.0781983329625,10.93071521904908,24,1.0,False,,,,,,False
Germany,2024-07-25,warm-season weekday,2024-07-24T18:00:00+02:00,2024-07-24T16:00:00+00:00,2024-07-24T16:00:00+00:00,24,ordinary,enhanced_ordinary_arima_p3_d1_q3,,3,1,3,n,identity,False,,completed,,success,converged,True,True,True,True,True,5129,7,-43831.4535171093,87676.9070342186,87676.92890494698,87722.7043312088,1.1847411440320694,1.0468573979620033,"[""DeprecationWarning: Setting the shape on a NumPy array has been deprecated in NumPy 2.5.\nAs an alternative, you can create a new view using np.reshape (with copy=False if needed).""]",[],0,5105,True,joint Ljung-Box and residual ACF rule,"{""1"": 0.03879798783458867, ""2"": 0.006856777305359279, ""3"": -0.012051564804559123, ""4"": 0.02711128045181391, ""5"": 0.048058654223673065, ""6"": -0.056783066487430936, ""7"": -0.08687705452099509, ""8"": -0.05929326139448284, ""9"": -0.022996703418297966, ""10"": -0.031608148974516276, ""11"": 0.07052726801742597, ""12"": 0.04395520815955878, ""13"": 0.10548567175422532, ""14"": -0.050881461858601956, ""15"": -0.043800371276354874, ""16"": -0.09548990853395908, ""17"": -0.0997339173685733, ""18"": -0.10042442213921397, ""19"": 0.037447172097060624, ""20"": 0.009788078562158277, ""21"": -0.006168901443598438, ""22"": -0.016374472573099326, ""23"": 0.12732652114398788, ""24"": 0.6181992816122092, ""25"": 0.12406223800784442, ""26"": 0.007857126033376438, ""27"": -0.03984939877144171, ""28"": 0.0068776298480304945, ""29"": 0.007701144341753728, ""30"": -0.09453637145738449, ""31"": -0.13659244090367895, ""32"": -0.07467303713470795, ""33"": -0.04631525399588667, ""34"": -0.06279056221974132, ""35"": 0.03343809146881915, ""36"": 0.018487707957340945, ""37"": 0.061048703263960516, ""38"": -0.07069708189507558, ""39"": -0.06142722349512301, ""40"": -0.10621213851207603, ""41"": -0.14169511145750627, ""42"": -0.13220696411784563, ""43"": 0.004837124865222964, ""44"": -0.00550697072131289, ""45"": -0.01543033859216352, ""46"": -0.0028063843895576035, ""47"": 0.09575007956045267, ""48"": 0.48933328613705507}","[6, 7, 8, 11, 13, 14, 16, 17, 18, 23, 24, 25, 30, 31, 32, 34, 37, 38, 39, 40, 41, 42, 47, 48]","{""24"": 2423.2755395505437, ""48"": 4319.5307195421}","{""24"": 0.0, ""48"": 0.0}",5026.863817072425,6409.122913782445,10.946112972886397,24,1.0,False,,,,,,False
Germany,2024-07-25,warm-season weekday,2024-07-24T18:00:00+02:00,2024-07-24T16:00:00+00:00,2024-07-24T16:00:00+00:00,24,ordinary,enhanced_ordinary_arima_p4_d1_q1,,4,1,1,n,identity,False,,completed,,success,converged,True,True,True,True,True,5129,6,-43836.37789643365,87684.7557928673,87684.77219271111,87724.01061885891,1.1580996242027284,1.055856302957572,"[""DeprecationWarning: Setting the shape on a NumPy array has been deprecated in NumPy 2.5.\nAs an alternative, you can create a new view using np.reshape (with copy=False if needed).""]",[],0,5105,True,joint Ljung-Box and residual ACF rule,"{""1"": 0.03827297137627086, ""2"": 0.03999696596292274, ""3"": -0.04767800666153059, ""4"": 0.03323882600001915, ""5"": 0.03094235064790096, ""6"": -0.05825876007657374, ""7"": -0.08646243891968146, ""8"": -0.06503030196635622, ""9"": -0.01764246138340548, ""10"": -0.029211356551303542, ""11"": 0.0840185210834318, ""12"": 0.04974280102861314, ""13"": 0.11726961681664233, ""14"": -0.04922960519924628, ""15"": -0.03761529353521247, ""16"": -0.10606892507870605, ""17"": -0.09918926827346486, ""18"": -0.10737022370696875, ""19"": 0.027511201175922553, ""20"": 0.004232810438780572, ""21"": -0.022779915586803264, ""22"": -0.0024112361129294936, ""23"": 0.1290837712739609, ""24"": 0.616172267184984, ""25"": 0.1255954587779794, ""26"": 0.02244986950528422, ""27"": -0.058279632727360454, ""28"": 0.0039303280371159365, ""29"": -0.006630960934176151, ""30"": -0.09854972083655036, ""31"": -0.1378630414480006, ""32"": -0.08148346668957268, ""33"": -0.043602636541947966, ""34"": -0.05949757094549062, ""35"": 0.04449145038396786, ""36"": 0.023868080319978755, ""37"": 0.07143723784942488, ""38"": -0.06801857275650701, ""39"": -0.057072421199546135, ""40"": -0.11612544823827364, ""41"": -0.14232915557135434, ""42"": -0.13843431776074083, ""43"": -0.005495054109032084, ""44"": -0.009482303417577486, ""45"": -0.028291131863730227, ""46"": 0.008302104895427596, ""47"": 0.09768340064033376, ""48"": 0.4880621633919919}","[6, 7, 8, 11, 13, 16, 17, 18, 23, 24, 25, 27, 30, 31, 32, 34, 37, 38, 39, 40, 41, 42, 47, 48]","{""24"": 2467.2550348771483, ""48"": 4412.843604065695}","{""24"": 0.0, ""48"": 0.0}",4959.28790954221,6440.912039720889,10.861102421345064,24,1.0,False,,,,,,False
Germany,2024-07-25,warm-season weekday,2024-07-24T18:00:00+02:00,2024-07-24T16:00:00+00:00,2024-07-24T16:00:00+00:00,24,ordinary,enhanced_ordinary_arima_p4_d1_q2,,4,1,2,n,identity,False,,failed,AR roots fail stationarity threshold; MA roots fail invertibility threshold,success,converged,True,True,True,False,False,5129,7,-43838.1115251599,87690.2230503198,87690.24492104817,87736.02034731,1.002354686924049,1.005559038372703,"[""DeprecationWarning: Setting the shape on a NumPy array has been deprecated in NumPy 2.5.\nAs an alternative, you can create a new view using np.reshape (with copy=False if needed)."", ""UserWarning: Non-stationary starting autoregressive parameters found. Using zeros as starting parameters."", ""UserWarning: Non-invertible starting MA parameters found. Using zeros as starting parameters."", ""ConvergenceWarning: Maximum Likelihood optimization failed to converge. Check mle_retvals"", ""DeprecationWarning: Setting the shape on a NumPy array has been deprecated in NumPy 2.5.\nAs an alternative, you can create a new view using np.reshape (with copy=False if needed)."", ""UserWarning: Non-stationary starting autoregressive parameters found. Using zeros as starting parameters."", ""UserWarning: Non-invertible starting MA parameters found. Using zeros as starting parameters.""]",[],1,5105,True,joint Ljung-Box and residual ACF rule,"{""1"": 0.056155297045066804, ""2"": -0.01377263916542546, ""3"": -0.03394282703363259, ""4"": 0.05280478333789644, ""5"": 0.058815039152084456, ""6"": -0.0547927976615058, ""7"": -0.0806733661691862, ""8"": -0.06699306613599777, ""9"": -0.017410760925696152, ""10"": -0.04387038534080859, ""11"": 0.06927996768878553, ""12"": 0.03416667382463675, ""13"": 0.10583601938226103, ""14"": -0.06124797509708604, ""15"": -0.03840278788883402, ""16"": -0.10350483939831764, ""17"": -0.0911617667806466, ""18"": -0.10012305804020118, ""19"": 0.052196351071542926, ""20"": 0.023191492077501194, ""21"": -0.01510558123872557, ""22"": -0.033381197681344864, ""23"": 0.13894637440422392, ""24"": 0.6201900751704156, ""25"": 0.13727596332467482, ""26"": -0.008911562926054465, ""27"": -0.048971913983805244, ""28"": 0.020949326383045797, ""29"": 0.021714009146311927, ""30"": -0.09364801270733959, ""31"": -0.12972853816825763, ""32"": -0.08054606041076569, ""33"": -0.040050601584289025, ""34"": -0.07323665117131622, ""35"": 0.031808683143803106, ""36"": 0.009407261481916873, ""37"": 0.06107630092223236, ""38"": -0.08018602108420606, ""39"": -0.0553293466078577, ""40"": -0.11280835841814847, ""41"": -0.13370524104636866, ""42"": -0.1324703300557038, ""43"": 0.01781917945699732, ""44"": 0.005759693892200852, ""45"": -0.020997121853220155, ""46"": -0.018015577357185803, ""47"": 0.10594799400858386, ""48"": 0.48942343339460703}","[1, 4, 5, 6, 7, 8, 11, 13, 14, 16, 17, 18, 19, 23, 24, 25, 30, 31, 32, 34, 37, 38, 39, 40, 41, 42, 47, 48]","{""24"": 2497.653617623848, ""48"": 4432.568635709275}","{""24"": 0.0, ""48"": 0.0}",,,,0,0.0,False,,,,,,False
Germany,2024-08-18,warm-season Sunday,2024-08-17T18:00:00+02:00,2024-08-17T16:00:00+00:00,2024-08-17T16:00:00+00:00,24,ordinary,enhanced_ordinary_arima_p1_d1_q1,,1,1,1,n,identity,False,,completed,,success,converged,True,True,True,True,True,5705,3,-49004.05085517172,98014.10171034344,98014.1059201312,98034.04847922972,1.5057316876422682,2.621317319561842,"[""DeprecationWarning: Setting the shape on a NumPy array has been deprecated in NumPy 2.5.\nAs an alternative, you can create a new view using np.reshape (with copy=False if needed).""]",[],0,5681,True,joint Ljung-Box and residual ACF rule,"{""1"": 0.08804096198235098, ""2"": 0.12334848440827177, ""3"": -0.07966009825012908, ""4"": -0.023593149167584534, ""5"": -0.07751573575166296, ""6"": -0.15855570155481474, ""7"": -0.18198487453802534, ""8"": -0.15426048823815933, ""9"": -0.06434679014232209, ""10"": -0.05033290508200334, ""11"": 0.08782332971556334, ""12"": 0.045474161000890204, ""13"": 0.11721435443541077, ""14"": -0.06544645937426594, ""15"": -0.07137514501676143, ""16"": -0.18267846698177606, ""17"": -0.17631213251144903, ""18"": -0.18167025800373587, ""19"": -0.05008540258968058, ""20"": -0.03034943163045698, ""21"": -0.014298601219995566, ""22"": 0.08524842401493868, ""23"": 0.2041202172088311, ""24"": 0.6642104286589402, ""25"": 0.20037984552819557, ""26"": 0.11056693295435832, ""27"": -0.041922795242809466, ""28"": -0.020442676803013943, ""29"": -0.07696921653020992, ""30"": -0.16048342299556287, ""31"": -0.19472557139420135, ""32"": -0.13774379492879285, ""33"": -0.05900848950161048, ""34"": -0.04796510645794521, ""35"": 0.08025003687377377, ""36"": 0.047732231784016976, ""37"": 0.10038526590542075, ""38"": -0.05404797890160821, ""39"": -0.06408013821153805, ""40"": -0.16355118360274645, ""41"": -0.18698516562063164, ""42"": -0.18307374080194766, ""43"": -0.056545174901207515, ""44"": -0.014672373701409055, ""45"": 0.005359785606805409, ""46"": 0.10845337745866758, ""47"": 0.1925431596358304, ""48"": 0.5630623706719555}","[1, 2, 3, 5, 6, 7, 8, 9, 10, 11, 13, 14, 15, 16, 17, 18, 19, 22, 23, 24, 25, 26, 29, 30, 31, 32, 33, 35, 37, 38, 39, 40, 41, 42, 43, 46, 47, 48]","{""24"": 4269.545602839144, ""48"": 7929.56294304349}","{""24"": 0.0, ""48"": 0.0}",7557.157412945714,8619.322412233028,19.376877802909608,24,1.0,False,,,,,,False
Germany,2024-08-18,warm-season Sunday,2024-08-17T18:00:00+02:00,2024-08-17T16:00:00+00:00,2024-08-17T16:00:00+00:00,24,ordinary,enhanced_ordinary_arima_p1_d1_q2,,1,1,2,n,identity,False,,completed,,success,converged,True,True,True,True,True,5705,4,-48915.990555175005,97839.98111035,97839.98812789388,97866.57680219838,1.8754829997770717,2.0381117749701523,"[""DeprecationWarning: Setting the shape on a NumPy array has been deprecated in NumPy 2.5.\nAs an alternative, you can create a new view using np.reshape (with copy=False if needed).""]",[],0,5681,True,joint Ljung-Box and residual ACF rule,"{""1"": 0.047004248339005614, ""2"": 0.03525067282462334, ""3"": 0.03403310264893263, ""4"": -0.028927747123765557, ""5"": -0.04773470962407962, ""6"": -0.13734522568556315, ""7"": -0.17036324788201743, ""8"": -0.1281979098171988, ""9"": -0.0684933786536094, ""10"": -0.058988257825700455, ""11"": 0.04922681917531048, ""12"": 0.020746018793133578, ""13"": 0.08303782316142674, ""14"": -0.07644665460771227, ""15"": -0.07984501617310742, ""16"": -0.1468667063464304, ""17"": -0.1657577754819706, ""18"": -0.1584358011430697, ""19"": -0.03178455067222138, ""20"": -0.015741193348426732, ""21"": 0.037901495792957526, ""22"": 0.038931671092877526, ""23"": 0.16852710990687236, ""24"": 0.651260384535796, ""25"": 0.1634929481569132, ""26"": 0.06378884707402943, ""27"": 0.0137705545528359, ""28"": -0.010469315007872243, ""29"": -0.047643347536646195, ""30"": -0.14128789146862725, ""31"": -0.18258770379274136, ""32"": -0.11163762792306006, ""33"": -0.061573131840577555, ""34"": -0.06184556747853879, ""35"": 0.04609527520181726, ""36"": 0.02485344442351352, ""37"": 0.06747552565608775, ""38"": -0.06790020673275708, ""39"": -0.07052841042116875, ""40"": -0.13056805692377788, ""41"": -0.17445993499453313, ""42"": -0.16063201557989065, ""43"": -0.03447382074845433, ""44"": -0.004634829855171229, ""45"": 0.04403448770974546, ""46"": 0.06961464962548981, ""47"": 0.1611318830168249, ""48"": 0.5499499732548977}","[6, 7, 8, 9, 10, 13, 14, 15, 16, 17, 18, 23, 24, 25, 26, 30, 31, 32, 33, 34, 37, 38, 39, 40, 41, 42, 46, 47, 48]","{""24"": 3610.9149871543787, ""48"": 6664.832855427806}","{""24"": 0.0, ""48"": 0.0}",7167.824367941505,8288.003633499906,18.436816635693024,24,1.0,False,,,,,,False
Germany,2024-08-18,warm-season Sunday,2024-08-17T18:00:00+02:00,2024-08-17T16:00:00+00:00,2024-08-17T16:00:00+00:00,24,ordinary,enhanced_ordinary_arima_p1_d1_q3,,1,1,3,n,identity,False,,completed,,success,converged,True,True,True,True,True,5705,5,-48909.91273099311,97829.8254619862,97829.83599014903,97863.07007679668,2.2285122392411223,2.0583528286871564,"[""DeprecationWarning: Setting the shape on a NumPy array has been deprecated in NumPy 2.5.\nAs an alternative, you can create a new view using np.reshape (with copy=False if needed).""]",[],0,5681,True,joint Ljung-Box and residual ACF rule,"{""1"": 0.039341595195312565, ""2"": 0.028946740434109487, ""3"": 0.022828800441705474, ""4"": 0.009377831773619064, ""5"": -0.05133397873157577, ""6"": -0.13732926948135682, ""7"": -0.1617951249686862, ""8"": -0.12723749955731617, ""9"": -0.06530758968685405, ""10"": -0.0669314942660344, ""11"": 0.04147183662132362, ""12"": 0.010971337278943283, ""13"": 0.07641800754180185, ""14"": -0.08480769514075057, ""15"": -0.07698445218568195, ""16"": -0.14531011225128168, ""17"": -0.15653739376394352, ""18"": -0.1595152707187494, ""19"": -0.028614819761779448, ""20"": 0.005605812563018723, ""21"": 0.03413113167678705, ""22"": 0.031793783735329914, ""23"": 0.16290315106109887, ""24"": 0.6493776493840271, ""25"": 0.1582439564609412, ""26"": 0.056774706842297976, ""27"": 0.009085528101843338, ""28"": 0.012521813186203675, ""29"": -0.04460173995021269, ""30"": -0.14016723277739282, ""31"": -0.17668272207325691, ""32"": -0.10923845868895149, ""33"": -0.0587640284181417, ""34"": -0.06977737524735617, ""35"": 0.037994949756544834, ""36"": 0.0166620671141281, ""37"": 0.06044447321778361, ""38"": -0.07642132623182948, ""39"": -0.06783639064088237, ""40"": -0.12826829265394638, ""41"": -0.16650579685359015, ""42"": -0.1600243163484731, ""43"": -0.0311005363404467, ""44"": 0.013170428689342218, ""45"": 0.040258882774572825, ""46"": 0.06305236859288671, ""47"": 0.1564582806337653, ""48"": 0.5480786287949286}","[5, 6, 7, 8, 9, 10, 13, 14, 15, 16, 17, 18, 23, 24, 25, 26, 30, 31, 32, 33, 34, 37, 38, 39, 40, 41, 42, 46, 47, 48]","{""24"": 3529.0551886850276, ""48"": 6500.0265044639955}","{""24"": 0.0, ""48"": 0.0}",7037.398755598294,8176.382311872732,18.12100754795843,24,1.0,False,,,,,,False
Germany,2024-08-18,warm-season Sunday,2024-08-17T18:00:00+02:00,2024-08-17T16:00:00+00:00,2024-08-17T16:00:00+00:00,24,ordinary,enhanced_ordinary_arima_p2_d1_q1,,2,1,1,n,identity,False,,completed,,success,converged,True,True,True,True,True,5705,4,-48771.96526914902,97551.93053829804,97551.9375558419,97578.5262301464,1.1080093243435103,1.0879671051371596,"[""DeprecationWarning: Setting the shape on a NumPy array has been deprecated in NumPy 2.5.\nAs an alternative, you can create a new view using np.reshape (with copy=False if needed).""]",[],0,5681,True,joint Ljung-Box and residual ACF rule,"{""1"": 0.2061460684467942, ""2"": -0.06465139915241915, ""3"": -0.10426125810071311, ""4"": 0.016665623156910832, ""5"": 0.03915150083759916, ""6"": -0.051712137016195696, ""7"": -0.10351239707912593, ""8"": -0.08380087487572031, ""9"": -0.02929584921692101, ""10"": -0.01059451625726118, ""11"": 0.08922896210400519, ""12"": 0.09176475010892265, ""13"": 0.1223785230852734, ""14"": -0.024007339226849923, ""15"": -0.060601303256074414, ""16"": -0.12981945077921006, ""17"": -0.1340496403779943, ""18"": -0.09880802789426477, ""19"": 0.02059802153455316, ""20"": -0.0021362954392966467, ""21"": -0.07893455427813084, ""22"": -0.056984304543805785, ""23"": 0.21135463309561023, ""24"": 0.6474529733405866, ""25"": 0.21631813750616483, ""26"": -0.035684074954909675, ""27"": -0.10124704830900412, ""28"": -0.012487641613697125, ""29"": -0.008129259235380238, ""30"": -0.10394870095261333, ""31"": -0.1567965133854238, ""32"": -0.10380017214129884, ""33"": -0.0507366811165248, ""34"": -0.04138045502717475, ""35"": 0.05251070380639812, ""36"": 0.05829934946833131, ""37"": 0.0776437366485482, ""38"": -0.0430110786793599, ""39"": -0.07051543010710695, ""40"": -0.138537183065453, ""41"": -0.17360955669488604, ""42"": -0.14033435570329522, ""43"": -0.015914789975049016, ""44"": -0.009338600650974105, ""45"": -0.06324783820469611, ""46"": -0.03301836345713927, ""47"": 0.1674278664034483, ""48"": 0.5129899586616783}","[1, 2, 3, 6, 7, 8, 11, 12, 13, 15, 16, 17, 18, 21, 22, 23, 24, 25, 27, 30, 31, 32, 33, 35, 36, 37, 39, 40, 41, 42, 45, 47, 48]","{""24"": 3619.8298291592027, ""48"": 6446.18444263139}","{""24"": 0.0, ""48"": 0.0}",5683.041476184034,7062.974459901837,14.838601274769587,24,1.0,False,,,,,,False
Germany,2024-08-18,warm-season Sunday,2024-08-17T18:00:00+02:00,2024-08-17T16:00:00+00:00,2024-08-17T16:00:00+00:00,24,ordinary,enhanced_ordinary_arima_p2_d1_q2,,2,1,2,n,identity,False,,completed,,success,converged,True,True,True,True,True,5705,5,-48638.8308527769,97287.6617055538,97287.67223371664,97320.90632036426,1.1573916435453844,1.0553023990185946,"[""DeprecationWarning: Setting the shape on a NumPy array has been deprecated in NumPy 2.5.\nAs an alternative, you can create a new view using np.reshape (with copy=False if needed).""]",[],0,5681,True,joint Ljung-Box and residual ACF rule,"{""1"": 0.0459563365289922, ""2"": 0.030497327496992094, ""3"": -0.06159292489523313, ""4"": 0.0416674902695075, ""5"": 0.03492550694177072, ""6"": -0.05111681630517694, ""7"": -0.08658176698190338, ""8"": -0.07202961561337803, ""9"": -0.014300084041404919, ""10"": -0.027271213544047636, ""11"": 0.08508743451964426, ""12"": 0.045025934512344656, ""13"": 0.11748303284885515, ""14"": -0.04666260376975567, ""15"": -0.03413637887383184, ""16"": -0.11301516419693852, ""17"": -0.10154461472546192, ""18"": -0.09712821854981595, ""19"": 0.02874483768300542, ""20"": 0.010131438441118678, ""21"": -0.03343582624819866, ""22"": -0.007470070578447822, ""23"": 0.13147571795496948, ""24"": 0.617624373773923, ""25"": 0.12853318037022046, ""26"": 0.016827679106569557, ""27"": -0.06464434871118827, ""28"": 0.010269000587326646, ""29"": -0.0059189068508234, ""30"": -0.09253283588719709, ""31"": -0.13719795551302033, ""32"": -0.088652845352318, ""33"": -0.039448226985223434, ""34"": -0.057545464307778925, ""35"": 0.04806825636985886, ""36"": 0.01711633738120522, ""37"": 0.07065667419031489, ""38"": -0.06494556772659421, ""39"": -0.05277099251460661, ""40"": -0.12256194882257145, ""41"": -0.142716433336855, ""42"": -0.13150627293052747, ""43"": -0.008428579781740705, ""44"": -0.0023349309552737306, ""45"": -0.0353826029805166, ""46"": 0.0037736934977354417, ""47"": 0.09963861459801769, ""48"": 0.4895192075634123}","[3, 6, 7, 8, 11, 13, 16, 17, 18, 23, 24, 25, 27, 30, 31, 32, 34, 37, 38, 39, 40, 41, 42, 47, 48]","{""24"": 2771.560912450528, ""48"": 4944.456283361266}","{""24"": 0.0, ""48"": 0.0}",6372.397730893135,7694.864484098664,16.54339713390328,24,1.0,False,,,,,,False
Germany,2024-08-18,warm-season Sunday,2024-08-17T18:00:00+02:00,2024-08-17T16:00:00+00:00,2024-08-17T16:00:00+00:00,24,ordinary,enhanced_ordinary_arima_p2_d1_q3,,2,1,3,n,identity,False,,completed,,success,converged,True,True,True,True,True,5705,6,-48632.37775762225,97276.7555152445,97276.77025725924,97316.64905301708,1.1870897895370744,1.044736081911636,"[""DeprecationWarning: Setting the shape on a NumPy array has been deprecated in NumPy 2.5.\nAs an alternative, you can create a new view using np.reshape (with copy=False if needed).""]",[],0,5681,True,joint Ljung-Box and residual ACF rule,"{""1"": 0.034597491398929966, ""2"": 0.007940926356121097, ""3"": -0.026665185463273493, ""4"": 0.04807892760146797, ""5"": 0.04115710566016102, ""6"": -0.05185780548662307, ""7"": -0.0867397074382611, ""8"": -0.06649453396872967, ""9"": -0.015658756649020673, ""10"": -0.030748989233069325, ""11"": 0.0731709501340283, ""12"": 0.036947693901512146, ""13"": 0.10712173678577795, ""14"": -0.05035662981255566, ""15"": -0.03561158038391425, ""16"": -0.10278160442742403, ""17"": -0.09945150720639738, ""18"": -0.09414803016430072, ""19"": 0.03394224692249938, ""20"": 0.020597091816263964, ""21"": -0.013816647959345604, ""22"": -0.01625693769307684, ""23"": 0.12492277256511405, ""24"": 0.6173055222549408, ""25"": 0.12138341809930589, ""26"": 0.007430669206522856, ""27"": -0.04451148546260079, ""28"": 0.019731748653769077, ""29"": 0.0026610321039901535, ""30"": -0.09044629888369447, ""31"": -0.13547039971580732, ""32"": -0.08153031090651977, ""33"": -0.03936005585992877, ""34"": -0.06173997175959891, ""35"": 0.03816771429245671, ""36"": 0.010496211372330486, ""37"": 0.06109176546949864, ""38"": -0.06939909707276781, ""39"": -0.053732639699998204, ""40"": -0.11291968557482238, ""41"": -0.13968366655143574, ""42"": -0.1277946231444184, ""43"": -0.0022043316503225956, ""44"": 0.005375710251197004, ""45"": -0.02093179427087003, ""46"": -0.0037910797298599287, ""47"": 0.09416787476079669, ""48"": 0.48936560111956373}","[6, 7, 8, 11, 13, 14, 16, 17, 18, 23, 24, 25, 30, 31, 32, 34, 37, 38, 39, 40, 41, 42, 47, 48]","{""24"": 2691.8669755857463, ""48"": 4788.816600787054}","{""24"": 0.0, ""48"": 0.0}",6767.847303794711,8034.51129667441,17.50765328538414,24,1.0,False,,,,,,False
Germany,2024-08-18,warm-season Sunday,2024-08-17T18:00:00+02:00,2024-08-17T16:00:00+00:00,2024-08-17T16:00:00+00:00,24,ordinary,enhanced_ordinary_arima_p3_d1_q1,,3,1,1,n,identity,False,,completed,,success,converged,True,True,True,True,True,5705,5,-48641.15420956256,97292.30841912513,97292.31894728796,97325.55303393558,1.197771158722857,1.042716511656114,"[""DeprecationWarning: Setting the shape on a NumPy array has been deprecated in NumPy 2.5.\nAs an alternative, you can create a new view using np.reshape (with copy=False if needed).""]",[],0,5681,True,joint Ljung-Box and residual ACF rule,"{""1"": 0.05119359157591403, ""2"": -0.010767017597201552, ""3"": -0.03902841851046697, ""4"": 0.058665535985423886, ""5"": 0.05061019290959913, ""6"": -0.04704417521784369, ""7"": -0.08653139409329755, ""8"": -0.06738908565374231, ""9"": -0.017564616057161798, ""10"": -0.03316170038128266, ""11"": 0.06795158646529514, ""12"": 0.03611193801604841, ""13"": 0.10280655812143813, ""14"": -0.05108066549390221, ""15"": -0.03823862874529431, ""16"": -0.10359528190557307, ""17"": -0.09931363725126653, ""18"": -0.0889378579775526, ""19"": 0.04203795576173791, ""20"": 0.02861269997444473, ""21"": -0.022374836387703892, ""22"": -0.027712180735528318, ""23"": 0.13257682129085455, ""24"": 0.6212804801532108, ""25"": 0.1303426005281299, ""26"": -0.004275240228031848, ""27"": -0.05212023630316432, ""28"": 0.026930281061114177, ""29"": 0.011243532203362985, ""30"": -0.08646382999298731, ""31"": -0.13475727124298661, ""32"": -0.08191782002600896, ""33"": -0.04026174116465727, ""34"": -0.06352266586915849, ""35"": 0.03310546895051307, ""36"": 0.0092791106738272, ""37"": 0.05695980529125004, ""38"": -0.0701204525275995, ""39"": -0.05515987990459485, ""40"": -0.11319451140001852, ""41"": -0.13953088381945392, ""42"": -0.12388469185235552, ""43"": 0.004605079656487351, ""44"": 0.012589738076879646, ""45"": -0.026912746334828853, ""46"": -0.01327744655794139, ""47"": 0.10016518108121744, ""48"": 0.4919068551936938}","[1, 4, 5, 7, 8, 11, 13, 14, 16, 17, 18, 23, 24, 25, 27, 30, 31, 32, 34, 37, 38, 39, 40, 41, 42, 47, 48]","{""24"": 2752.171637901758, ""48"": 4880.830040992111}","{""24"": 0.0, ""48"": 0.0}",6868.578645675912,8118.0283308144835,17.75109597839807,24,1.0,False,,,,,,False
Germany,2024-08-18,warm-season Sunday,2024-08-17T18:00:00+02:00,2024-08-17T16:00:00+00:00,2024-08-17T16:00:00+00:00,24,ordinary,enhanced_ordinary_arima_p3_d1_q2,,3,1,2,n,identity,False,,completed,,success,converged,True,True,True,True,True,5705,6,-48635.403361249424,97282.80672249883,97282.8214645136,97322.70026027142,1.1740073451581257,1.0492920538417632,"[""DeprecationWarning: Setting the shape on a NumPy array has been deprecated in NumPy 2.5.\nAs an alternative, you can create a new view using np.reshape (with copy=False if needed)."", ""UserWarning: Non-stationary starting autoregressive parameters found. Using zeros as starting parameters."", ""UserWarning: Non-invertible starting MA parameters found. Using zeros as starting parameters.""]",[],0,5681,True,joint Ljung-Box and residual ACF rule,"{""1"": 0.039400140626338336, ""2"": 0.01929632216285431, ""3"": -0.04732714512105403, ""4"": 0.04760540912055092, ""5"": 0.039903451540803776, ""6"": -0.05051406223773583, ""7"": -0.08614642396614615, ""8"": -0.06951851278638137, ""9"": -0.015054819339061104, ""10"": -0.030119999745175267, ""11"": 0.0781765328244115, ""12"": 0.039437981929757525, ""13"": 0.11144618186217072, ""14"": -0.049409353368713, ""15"": -0.03472221189635076, ""16"": -0.10819446330257476, ""17"": -0.0996244503649162, ""18"": -0.09462452839476636, ""19"": 0.03324956714602957, ""20"": 0.01699511493269095, ""21"": -0.025067664326396167, ""22"": -0.012322446374387818, ""23"": 0.127707193596595, ""24"": 0.6174689249685402, ""25"": 0.12454336763339471, ""26"": 0.011760069352430942, ""27"": -0.056094291129786124, ""28"": 0.016878380927817283, ""29"": 6.551934424795239e-05, ""30"": -0.09035409179589664, ""31"": -0.13565985981175863, ""32"": -0.085126195256275, ""33"": -0.0393647758440476, ""34"": -0.06047285975108875, ""35"": 0.04217977006297509, ""36"": 0.01235383473103657, ""37"": 0.06504564494736713, ""38"": -0.06792447148931953, ""39"": -0.05305244111588862, ""40"": -0.11783052824566986, ""41"": -0.14033383938544144, ""42"": -0.12865549764737497, ""43"": -0.0037221995306750554, ""44"": 0.0030247969040641367, ""45"": -0.029251535446907437, ""46"": -0.0004384215459288478, ""47"": 0.09644053063175663, ""48"": 0.4893862764783917}","[6, 7, 8, 11, 13, 16, 17, 18, 23, 24, 25, 27, 30, 31, 32, 34, 37, 38, 39, 40, 41, 42, 47, 48]","{""24"": 2727.238404935963, ""48"": 4854.858846864608}","{""24"": 0.0, ""48"": 0.0}",6587.430549556283,7879.846432722384,17.068146237749474,24,1.0,False,,,,,,False
Germany,2024-08-18,warm-season Sunday,2024-08-17T18:00:00+02:00,2024-08-17T16:00:00+00:00,2024-08-17T16:00:00+00:00,24,ordinary,enhanced_ordinary_arima_p3_d1_q3,,3,1,3,n,identity,False,,completed,,success,converged,True,True,True,True,True,5705,7,-48627.588372024,97269.176744048,97269.1964035179,97315.71920478268,1.178601402011076,1.0472973110188002,"[""DeprecationWarning: Setting the shape on a NumPy array has been deprecated in NumPy 2.5.\nAs an alternative, you can create a new view using np.reshape (with copy=False if needed).""]",[],0,5681,True,joint Ljung-Box and residual ACF rule,"{""1"": 0.03501616156449308, ""2"": 0.005429690795342161, ""3"": -0.011273134501162366, ""4"": 0.027799638512746923, ""5"": 0.04552758290990045, ""6"": -0.054488539088385884, ""7"": -0.08752951361769107, ""8"": -0.0646715323600781, ""9"": -0.018055898921550538, ""10"": -0.026829627928102034, ""11"": 0.07416008800897375, ""12"": 0.04056633512606992, ""13"": 0.10781402995272872, ""14"": -0.04693158573493842, ""15"": -0.03832406029027384, ""16"": -0.10051519331591616, ""17"": -0.1026310652571233, ""18"": -0.09445908446171529, ""19"": 0.03263395161368825, ""20"": 0.010433766799485988, ""21"": -0.007703883559326525, ""22"": -0.01586650319145273, ""23"": 0.12435932536327057, ""24"": 0.616761757477404, ""25"": 0.12054292729914225, ""26"": 0.007723246305088332, ""27"": -0.03778695454383463, ""28"": 0.008420382166076844, ""29"": 0.002423384777949547, ""30"": -0.09210777643969811, ""31"": -0.13684071924406735, ""32"": -0.08059721640584994, ""33"": -0.04142631163902593, ""34"": -0.05887309743053055, ""35"": 0.039652398060617, ""36"": 0.013358619269924965, ""37"": 0.062095257383361434, ""38"": -0.06635957452676626, ""39"": -0.056158953618697695, ""40"": -0.11143989538043138, ""41"": -0.14233343345897573, ""42"": -0.12853397969512143, ""43"": -0.003135681194711564, ""44"": -0.003252558979935458, ""45"": -0.015959012574662864, ""46"": -0.003123915828367283, ""47"": 0.09367990404781475, ""48"": 0.4889580041664862}","[6, 7, 8, 11, 13, 16, 17, 18, 23, 24, 25, 30, 31, 32, 34, 37, 38, 39, 40, 41, 42, 47, 48]","{""24"": 2678.2564967085073, ""48"": 4771.484194788825}","{""24"": 0.0, ""48"": 0.0}",6660.303756287871,7943.327786743908,17.24630163323033,24,1.0,False,,,,,,False
Germany,2024-08-18,warm-season Sunday,2024-08-17T18:00:00+02:00,2024-08-17T16:00:00+00:00,2024-08-17T16:00:00+00:00,24,ordinary,enhanced_ordinary_arima_p4_d1_q1,,4,1,1,n,identity,False,,completed,,success,converged,True,True,True,True,True,5705,6,-48633.7940215206,97279.5880430412,97279.60278505596,97319.48158081378,1.1542749343001044,1.055815281358498,"[""DeprecationWarning: Setting the shape on a NumPy array has been deprecated in NumPy 2.5.\nAs an alternative, you can create a new view using np.reshape (with copy=False if needed).""]",[],0,5681,True,joint Ljung-Box and residual ACF rule,"{""1"": 0.03482706494467462, ""2"": 0.03779454774720856, ""3"": -0.04678984470857235, ""4"": 0.03547902999129828, ""5"": 0.02846391628916416, ""6"": -0.05610895477807472, ""7"": -0.08743623310608235, ""8"": -0.07025521010230902, ""9"": -0.012663108214599796, ""10"": -0.02509595430858233, ""11"": 0.08756147200926043, ""12"": 0.04593307863574288, ""13"": 0.11956125381285808, ""14"": -0.045770483555285166, ""15"": -0.03240062251784977, ""16"": -0.11057930378971877, ""17"": -0.1022223548761434, ""18"": -0.10154638121464207, ""19"": 0.0228753559829756, ""20"": 0.006242684019517935, ""21"": -0.024457315090282657, ""22"": -0.0020014928029547397, ""23"": 0.12610482280684152, ""24"": 0.6151833779076556, ""25"": 0.12222110431113747, ""26"": 0.022207780055268807, ""27"": -0.05618819987242668, ""28"": 0.006580940712054869, ""29"": -0.011360680092990563, ""30"": -0.09641841918871864, ""31"": -0.13828295983207445, ""32"": -0.08719740292405531, ""33"": -0.03844426669428677, ""34"": -0.056184666574176825, ""35"": 0.050659340284659043, ""36"": 0.018380205318820383, ""37"": 0.07265886815785265, ""38"": -0.06439972512183702, ""39"": -0.05182197236393105, ""40"": -0.12073910827518543, ""41"": -0.1432435604062074, ""42"": -0.1348635305374737, ""43"": -0.013128151016253548, ""44"": -0.006248126167412257, ""45"": -0.029069201225639912, ""46"": 0.008215924165169794, ""47"": 0.09544640945442545, ""48"": 0.48806757090319125}","[6, 7, 8, 11, 13, 16, 17, 18, 23, 24, 25, 27, 30, 31, 32, 34, 35, 37, 38, 39, 40, 41, 42, 47, 48]","{""24"": 2733.519157849672, ""48"": 4887.794585452805}","{""24"": 0.0, ""48"": 0.0}",6340.505571710229,7669.5222143409,16.46678238263311,24,1.0,False,,,,,,False
Germany,2024-08-18,warm-season Sunday,2024-08-17T18:00:00+02:00,2024-08-17T16:00:00+00:00,2024-08-17T16:00:00+00:00,24,ordinary,enhanced_ordinary_arima_p4_d1_q2,,4,1,2,n,identity,False,,failed,LinAlgError: LU decomposition error.,failed,failed,False,False,False,False,False,0,0,,,,,,,[],[],0,0,True,residual diagnostics unavailable,{},[],{},{},,,,0,0.0,False,,,,,,False
Germany,2024-09-12,ordinary weekday,2024-09-11T18:00:00+02:00,2024-09-11T16:00:00+00:00,2024-09-11T16:00:00+00:00,24,ordinary,enhanced_ordinary_arima_p1_d1_q1,,1,1,1,n,identity,False,,completed,,success,converged,True,True,True,True,True,6305,3,-54105.666019715616,108217.33203943125,108217.33584835046,108237.57885832584,1.4931602696051651,2.6395010961735346,"[""DeprecationWarning: Setting the shape on a NumPy array has been deprecated in NumPy 2.5.\nAs an alternative, you can create a new view using np.reshape (with copy=False if needed).""]",[],0,6281,True,joint Ljung-Box and residual ACF rule,"{""1"": 0.0852825449005383, ""2"": 0.12638779358635188, ""3"": -0.0782465233010481, ""4"": -0.03104277182475882, ""5"": -0.07628403496298561, ""6"": -0.16132188845564913, ""7"": -0.17745275319455286, ""8"": -0.16409358164541019, ""9"": -0.06467466651081907, ""10"": -0.04272001086566275, ""11"": 0.08722422641474578, ""12"": 0.05574641635456823, ""13"": 0.11495999939918661, ""14"": -0.0575940864701189, ""15"": -0.06994425764102674, ""16"": -0.1916363477821529, ""17"": -0.17320318525475298, ""18"": -0.1824470777323706, ""19"": -0.049384384062299745, ""20"": -0.03803303845740538, ""21"": -0.011712425805213441, ""22"": 0.08644300712468769, ""23"": 0.20600912359075443, ""24"": 0.6587939043064419, ""25"": 0.20098932164405492, ""26"": 0.11280260865913787, ""27"": -0.04230539056739805, ""28"": -0.023661879798196176, ""29"": -0.08125246154854061, ""30"": -0.16097377854874617, ""31"": -0.19391236299382167, ""32"": -0.14272880253706158, ""33"": -0.05685473241436915, ""34"": -0.0417203111640721, ""35"": 0.07922164111441105, ""36"": 0.05603641733034549, ""37"": 0.09814961350729873, ""38"": -0.045389037526704056, ""39"": -0.06469293555931367, ""40"": -0.1666570048754488, ""41"": -0.18915232538687096, ""42"": -0.1812810453516079, ""43"": -0.057883076720922695, ""44"": -0.02233863373095625, ""45"": 0.010342468632767362, ""46"": 0.10903330899003492, ""47"": 0.19391200890626403, ""48"": 0.555632066564237}","[1, 2, 3, 5, 6, 7, 8, 9, 11, 12, 13, 14, 15, 16, 17, 18, 22, 23, 24, 25, 26, 29, 30, 31, 32, 33, 35, 36, 37, 39, 40, 41, 42, 43, 46, 47, 48]","{""24"": 4706.033952520175, ""48"": 8721.326918894492}","{""24"": 0.0, ""48"": 0.0}",8266.33829516582,10535.71557287618,17.321507429581928,24,1.0,False,,,,,,False
Germany,2024-09-12,ordinary weekday,2024-09-11T18:00:00+02:00,2024-09-11T16:00:00+00:00,2024-09-11T16:00:00+00:00,24,ordinary,enhanced_ordinary_arima_p1_d1_q2,,1,1,2,n,identity,False,,completed,,success,converged,True,True,True,True,True,6305,4,-54006.11867177348,108020.23734354696,108020.24369275333,108047.2331020731,1.8456182899155733,2.0364254040100884,"[""DeprecationWarning: Setting the shape on a NumPy array has been deprecated in NumPy 2.5.\nAs an alternative, you can create a new view using np.reshape (with copy=False if needed).""]",[],0,6281,True,joint Ljung-Box and residual ACF rule,"{""1"": 0.044535894168618584, ""2"": 0.03446466055517089, ""3"": 0.035427303232032845, ""4"": -0.03512366383424904, ""5"": -0.04757360472832005, ""6"": -0.13776988054284892, ""7"": -0.16477297894169227, ""8"": -0.1386297661077867, ""9"": -0.06757217285797461, ""10"": -0.05078866266441644, ""11"": 0.04727221535176383, ""12"": 0.031063687090252076, ""13"": 0.07941774634877215, ""14"": -0.06798702424323542, ""15"": -0.07679434918614618, ""16"": -0.1567965536638416, ""17"": -0.16187842985897505, ""18"": -0.15651542478877628, ""19"": -0.032114620491811005, ""20"": -0.022112823422511932, ""21"": 0.039225864711047345, ""22"": 0.03858152857938544, ""23"": 0.16963458906505174, ""24"": 0.6454423736677638, ""25"": 0.16405189021404173, ""26"": 0.06373381752516874, ""27"": 0.01259199853231489, ""28"": -0.012624328341402972, ""29"": -0.051960453107527484, ""30"": -0.14008099763391646, ""31"": -0.1806337008921247, ""32"": -0.1176489172393952, ""33"": -0.05780957674373692, ""34"": -0.05588061645398869, ""35"": 0.04423685177487726, ""36"": 0.033256526148560304, ""37"": 0.06477071289286448, ""38"": -0.05976716653127696, ""39"": -0.06909545562152276, ""40"": -0.13457238430293378, ""41"": -0.17618240954363304, ""42"": -0.15633154559254797, ""43"": -0.03594420703441992, ""44"": -0.012308888397550989, ""45"": 0.048352222791602686, ""46"": 0.06908135273634745, ""47"": 0.16120646539372838, ""48"": 0.5423855100587337}","[6, 7, 8, 9, 10, 13, 14, 15, 16, 17, 18, 23, 24, 25, 26, 29, 30, 31, 32, 33, 34, 37, 38, 39, 40, 41, 42, 46, 47, 48]","{""24"": 3943.8646941708766, ""48"": 7261.720831346005}","{""24"": 0.0, ""48"": 0.0}",8617.4608174806,10826.445929843389,17.99389822744449,24,1.0,False,,,,,,False
Germany,2024-09-12,ordinary weekday,2024-09-11T18:00:00+02:00,2024-09-11T16:00:00+00:00,2024-09-11T16:00:00+00:00,24,ordinary,enhanced_ordinary_arima_p1_d1_q3,,1,1,3,n,identity,False,,completed,,success,converged,True,True,True,True,True,6305,5,-53997.79311469665,108005.5862293933,108005.59575471478,108039.330927551,2.215719813401018,2.020425288855348,"[""DeprecationWarning: Setting the shape on a NumPy array has been deprecated in NumPy 2.5.\nAs an alternative, you can create a new view using np.reshape (with copy=False if needed).""]",[],0,6281,True,joint Ljung-Box and residual ACF rule,"{""1"": 0.03595584238042, ""2"": 0.027500629664204725, ""3"": 0.021685237838898665, ""4"": 0.007731462971484657, ""5"": -0.05106101104575587, ""6"": -0.1378488156974341, ""7"": -0.15516961256609715, ""8"": -0.13718149372094832, ""9"": -0.06427556615277702, ""10"": -0.05929336486948238, ""11"": 0.03921560963993915, ""12"": 0.019164027501367135, ""13"": 0.07244261626572956, ""14"": -0.0768099426038228, ""15"": -0.07371664434588635, ""16"": -0.15494227576540232, ""17"": -0.15162064432187988, ""18"": -0.15758361824821948, ""19"": -0.027883346994197394, ""20"": 0.001120148391445206, ""21"": 0.03461267889327073, ""22"": 0.03048264789553433, ""23"": 0.163287166369551, ""24"": 0.6432732453211588, ""25"": 0.1581061220922776, ""26"": 0.05582612808820528, ""27"": 0.006740575384253309, ""28"": 0.012825564775816051, ""29"": -0.0480215678830948, ""30"": -0.1387362682758482, ""31"": -0.17421700543250537, ""32"": -0.11455984420983495, ""33"": -0.05499126464091644, ""34"": -0.06428712418106736, ""35"": 0.03545246480523947, ""36"": 0.023616127077287143, ""37"": 0.057127652464289115, ""38"": -0.0686755232744975, ""39"": -0.06629603078221269, ""40"": -0.13193897332072496, ""41"": -0.16724274595115954, ""42"": -0.15547625979066854, ""43"": -0.031768018091505264, ""44"": 0.007205343942900272, ""45"": 0.04365023759564248, ""46"": 0.06176398115370116, ""47"": 0.15588623771088297, ""48"": 0.5400752477303229}","[5, 6, 7, 8, 9, 10, 13, 14, 15, 16, 17, 18, 23, 24, 25, 26, 30, 31, 32, 33, 34, 37, 38, 39, 40, 41, 42, 46, 47, 48]","{""24"": 3835.3345683042576, ""48"": 7042.865213513338}","{""24"": 0.0, ""48"": 0.0}",8507.885020760352,10742.093350808487,17.7869327270219,24,1.0,False,,,,,,False
Germany,2024-09-12,ordinary weekday,2024-09-11T18:00:00+02:00,2024-09-11T16:00:00+00:00,2024-09-11T16:00:00+00:00,24,ordinary,enhanced_ordinary_arima_p2_d1_q1,,2,1,1,n,identity,False,,completed,,success,converged,True,True,True,True,True,6305,4,-53837.00795920356,107682.01591840712,107682.02226761349,107709.01167693328,1.1052392512905165,1.0900422015798192,"[""DeprecationWarning: Setting the shape on a NumPy array has been deprecated in NumPy 2.5.\nAs an alternative, you can create a new view using np.reshape (with copy=False if needed).""]",[],0,6281,True,joint Ljung-Box and residual ACF rule,"{""1"": 0.20190735592276693, ""2"": -0.06034449025226065, ""3"": -0.10321402400117158, ""4"": 0.010264055011469195, ""5"": 0.040130682986031174, ""6"": -0.04909263605574702, ""7"": -0.09925054343362363, ""8"": -0.0940242812751496, ""9"": -0.03134059442626557, ""10"": -0.00432578652664726, ""11"": 0.09009756048258241, ""12"": 0.0973032631265405, ""13"": 0.12089590498880767, ""14"": -0.017943741000497865, ""15"": -0.0604358493704089, ""16"": -0.13972875761385728, ""17"": -0.13138670201040667, ""18"": -0.09513004152273176, ""19"": 0.0211151175744078, ""20"": -0.009177914532129116, ""21"": -0.0772534719549287, ""22"": -0.053324181641825945, ""23"": 0.21121176061448568, ""24"": 0.6420109368157297, ""25"": 0.21519472651202018, ""26"": -0.03166947648758891, ""27"": -0.10057370327770457, ""28"": -0.015504081591416294, ""29"": -0.01139038834176595, ""30"": -0.10200876180407466, ""31"": -0.1552324671573592, ""32"": -0.10894799724468453, ""33"": -0.048858572361597206, ""34"": -0.036629786504598645, ""35"": 0.05167699982982408, ""36"": 0.0616753257574844, ""37"": 0.07616049485317239, ""38"": -0.036610746270142464, ""39"": -0.07057857420129973, ""40"": -0.14371571892621623, ""41"": -0.17493254594124602, ""42"": -0.136329129402506, ""43"": -0.017242993089852415, ""44"": -0.016456636347376787, ""45"": -0.0586805997586594, ""46"": -0.029326574868916218, ""47"": 0.16578362317366765, ""48"": 0.5049577684450933}","[1, 2, 3, 7, 8, 11, 12, 13, 15, 16, 17, 18, 21, 22, 23, 24, 25, 27, 30, 31, 32, 35, 36, 37, 39, 40, 41, 42, 45, 47, 48]","{""24"": 3952.214424063451, ""48"": 7011.621046500566}","{""24"": 0.0, ""48"": 0.0}",5992.705342286714,7914.703482607808,12.599820694297472,24,1.0,False,,,,,,False
Germany,2024-09-12,ordinary weekday,2024-09-11T18:00:00+02:00,2024-09-11T16:00:00+00:00,2024-09-11T16:00:00+00:00,24,ordinary,enhanced_ordinary_arima_p2_d1_q2,,2,1,2,n,identity,False,,completed,,success,converged,True,True,True,True,True,6305,5,-53693.826313589976,107397.65262717997,107397.66215250143,107431.39732533765,1.15256580096395,1.0572189903947486,"[""DeprecationWarning: Setting the shape on a NumPy array has been deprecated in NumPy 2.5.\nAs an alternative, you can create a new view using np.reshape (with copy=False if needed).""]",[],0,6281,True,joint Ljung-Box and residual ACF rule,"{""1"": 0.042694151369937934, ""2"": 0.031893323071478234, ""3"": -0.06080013022517999, ""4"": 0.034413024638700884, ""5"": 0.03770409872370737, ""6"": -0.050532987457243175, ""7"": -0.08013190835224769, ""8"": -0.08206755467739496, ""9"": -0.014853544439378126, ""10"": -0.019720124709269454, ""11"": 0.08332550453919323, ""12"": 0.053521106752213304, ""13"": 0.11363767975748658, ""14"": -0.03910428640527273, ""15"": -0.03294590079644819, ""16"": -0.12273888433461536, ""17"": -0.0972426496479044, ""18"": -0.09488965062327709, ""19"": 0.030505081368933144, ""20"": 0.0024474344668677533, ""21"": -0.03182781537390396, ""22"": -0.007054090266812467, ""23"": 0.132376350320798, ""24"": 0.6113333522220384, ""25"": 0.12834969702024432, ""26"": 0.018190394744778515, ""27"": -0.0653961142987346, ""28"": 0.007487516466554031, ""29"": -0.008836166605595708, ""30"": -0.09066361259201651, ""31"": -0.13492194110592112, ""32"": -0.09389886870964768, ""33"": -0.03719201940562511, ""34"": -0.05201352119440781, ""35"": 0.04550043221868677, ""36"": 0.023362394831149793, ""37"": 0.06693491555848646, ""38"": -0.056979881750290826, ""39"": -0.05339063163693868, ""40"": -0.1264358320028663, ""41"": -0.1441042950737277, ""42"": -0.1274493865695764, ""43"": -0.008954335369509233, ""44"": -0.010380416666730752, ""45"": -0.030885858029977502, ""46"": 0.0038445321430817074, ""47"": 0.09951168972278443, ""48"": 0.48072158157340156}","[3, 6, 7, 8, 11, 12, 13, 16, 17, 18, 23, 24, 25, 27, 30, 31, 32, 34, 37, 38, 39, 40, 41, 42, 47, 48]","{""24"": 3011.077737433502, ""48"": 5344.956149690322}","{""24"": 0.0, ""48"": 0.0}",5625.525713514832,7509.9434048721105,11.788669187123752,24,1.0,False,,,,,,False
Germany,2024-09-12,ordinary weekday,2024-09-11T18:00:00+02:00,2024-09-11T16:00:00+00:00,2024-09-11T16:00:00+00:00,24,ordinary,enhanced_ordinary_arima_p2_d1_q3,,2,1,3,n,identity,False,,completed,,success,converged,True,True,True,True,True,6305,6,-53685.90648502074,107383.81297004149,107383.82630760896,107424.30660783072,1.1818494306512866,1.0465594051199798,"[""DeprecationWarning: Setting the shape on a NumPy array has been deprecated in NumPy 2.5.\nAs an alternative, you can create a new view using np.reshape (with copy=False if needed).""]",[],0,6281,True,joint Ljung-Box and residual ACF rule,"{""1"": 0.031187483087739703, ""2"": 0.007209944511301705, ""3"": -0.025056199814620844, ""4"": 0.041306152623758946, ""5"": 0.04396025546144803, ""6"": -0.0505897394870833, ""7"": -0.080060813557659, ""8"": -0.07656869621031126, ""9"": -0.016013264474223743, ""10"": -0.0231506930232518, ""11"": 0.07048448711403722, ""12"": 0.044867791465156716, ""13"": 0.10239468641474099, ""14"": -0.04271542007057893, ""15"": -0.034124224163637376, ""16"": -0.11255475543263191, ""17"": -0.0949713284806502, ""18"": -0.09098650390980224, ""19"": 0.03566855625904288, ""20"": 0.013458729903929278, ""21"": -0.012194398498067131, ""22"": -0.016808743847649178, ""23"": 0.12538400209156045, ""24"": 0.6108555275084968, ""25"": 0.12094013622318266, ""26"": 0.007567029982961784, ""27"": -0.045119125947893954, ""28"": 0.01742880321762134, ""29"": 0.0001151565118717932, ""30"": -0.08798075062880303, ""31"": -0.13291935394935767, ""32"": -0.08691515954197583, ""33"": -0.036784935290230324, ""34"": -0.05644927301429077, ""35"": 0.034924691544526744, ""36"": 0.016342431316650235, ""37"": 0.05680133742393834, ""38"": -0.06169703686605639, ""39"": -0.05393221674298252, ""40"": -0.1168271742806244, ""41"": -0.14088770677893472, ""42"": -0.12280311263855907, ""43"": -0.0024658492854829775, ""44"": -0.002528557728550493, ""45"": -0.016360573988344555, ""46"": -0.00443701859328475, ""47"": 0.09355001805286436, ""48"": 0.48053581634654635}","[6, 7, 8, 11, 13, 16, 17, 18, 23, 24, 25, 30, 31, 32, 34, 37, 38, 39, 40, 41, 42, 47, 48]","{""24"": 2913.5865465450547, ""48"": 5156.553824596766}","{""24"": 0.0, ""48"": 0.0}",5590.784059796025,7402.902708171525,11.664558195396678,24,1.0,False,,,,,,False
Germany,2024-09-12,ordinary weekday,2024-09-11T18:00:00+02:00,2024-09-11T16:00:00+00:00,2024-09-11T16:00:00+00:00,24,ordinary,enhanced_ordinary_arima_p3_d1_q1,,3,1,1,n,identity,False,,completed,,success,converged,True,True,True,True,True,6305,5,-53697.90327343857,107405.80654687714,107405.81607219862,107439.55124503485,1.190819686284309,1.0450070859459957,"[""DeprecationWarning: Setting the shape on a NumPy array has been deprecated in NumPy 2.5.\nAs an alternative, you can create a new view using np.reshape (with copy=False if needed).""]",[],0,6281,True,joint Ljung-Box and residual ACF rule,"{""1"": 0.04663696913179645, ""2"": -0.007078736485718795, ""3"": -0.038712514735835674, ""4"": 0.0509701532052721, ""5"": 0.052477856123566105, ""6"": -0.04568662805802142, ""7"": -0.0800474695916549, ""8"": -0.07800201404946257, ""9"": -0.018192966254050428, ""10"": -0.02573382879325167, ""11"": 0.06636911127956759, ""12"": 0.0433096056914297, ""13"": 0.09894611828176267, ""14"": -0.04372337000899738, ""15"": -0.03679015543096658, ""16"": -0.11416160958199473, ""17"": -0.0950091429712755, ""18"": -0.08601249712587027, ""19"": 0.04311374605435325, ""20"": 0.020296341189568357, ""21"": -0.021049944801897875, ""22"": -0.025700609508019376, ""23"": 0.13270719049730353, ""24"": 0.6146034841048041, ""25"": 0.1294103212536635, ""26"": -0.001524736747493984, ""27"": -0.052994336662838384, ""28"": 0.023667167797565346, ""29"": 0.007781143742357472, ""30"": -0.08417118211784594, ""31"": -0.1323848705065879, ""32"": -0.08781168885876776, ""33"": -0.037987399666758674, ""34"": -0.05823833967379341, ""35"": 0.03068137523003507, ""36"": 0.014481023785837682, ""37"": 0.053457583410184986, ""38"": -0.06252407433600234, ""39"": -0.05537095355291225, ""40"": -0.11797386141682593, ""41"": -0.14072818656765562, ""42"": -0.11922070206789492, ""43"": 0.0036542308126469524, ""44"": 0.0038728772782561597, ""45"": -0.02254833940959786, ""46"": -0.011614215147708091, ""47"": 0.09928349437626498, ""48"": 0.48295315508756576}","[4, 5, 7, 8, 11, 13, 16, 17, 18, 23, 24, 25, 27, 30, 31, 32, 34, 37, 38, 39, 40, 41, 42, 47, 48]","{""24"": 2977.0795083107423, ""48"": 5254.994624648964}","{""24"": 0.0, ""48"": 0.0}",5593.037145899641,7405.221630413378,11.665849967774516,24,1.0,False,,,,,,False
Germany,2024-09-12,ordinary weekday,2024-09-11T18:00:00+02:00,2024-09-11T16:00:00+00:00,2024-09-11T16:00:00+00:00,24,ordinary,enhanced_ordinary_arima_p3_d1_q2,,3,1,2,n,identity,False,,completed,,success,converged,True,True,True,True,True,6305,6,-53689.60992272115,107391.2198454423,107391.23318300978,107431.71348323154,1.17007891092662,1.050724285900307,"[""DeprecationWarning: Setting the shape on a NumPy array has been deprecated in NumPy 2.5.\nAs an alternative, you can create a new view using np.reshape (with copy=False if needed)."", ""UserWarning: Non-stationary starting autoregressive parameters found. Using zeros as starting parameters."", ""UserWarning: Non-invertible starting MA parameters found. Using zeros as starting parameters.""]",[],0,6281,True,joint Ljung-Box and residual ACF rule,"{""1"": 0.035735662115533, ""2"": 0.019183949843422195, ""3"": -0.045795744016240036, ""4"": 0.041065255493400635, ""5"": 0.04318213230825033, ""6"": -0.04942038167323582, ""7"": -0.07948264665193873, ""8"": -0.07948415104115726, ""9"": -0.01558766094707232, ""10"": -0.022763999416361175, ""11"": 0.07554885911933684, ""12"": 0.047199035475488725, ""13"": 0.10680371286278181, ""14"": -0.04199311683328428, ""15"": -0.03342824716266057, ""16"": -0.11773649119035286, ""17"": -0.09503271950543692, ""18"": -0.09166869349397619, ""19"": 0.03546704059643637, ""20"": 0.010002202753064258, ""21"": -0.023186852598189776, ""22"": -0.012616494472761702, ""23"": 0.12822937554984956, ""24"": 0.6110957630123991, ""25"": 0.12404354461739384, ""26"": 0.01229639805573886, ""27"": -0.05650780801260259, ""28"": 0.014790541904868195, ""29"": -0.0021773211028745295, ""30"": -0.08793476969486497, ""31"": -0.13310196904840707, ""32"": -0.09026548723192598, ""33"": -0.03698417648778449, ""34"": -0.05525132754532265, ""35"": 0.038898844253916265, ""36"": 0.018005000943851213, ""37"": 0.06068989143917851, ""38"": -0.06024901928801296, ""39"": -0.05350638918971411, ""40"": -0.12149938442685905, ""41"": -0.14141775925590677, ""42"": -0.1238775677635713, ""43"": -0.0037062316686511695, ""44"": -0.004589172676247543, ""45"": -0.024529325275062387, ""46"": -0.0009297078266657218, ""47"": 0.09592792388077762, ""48"": 0.4805352545809191}","[7, 8, 11, 13, 16, 17, 18, 23, 24, 25, 27, 30, 31, 32, 34, 37, 38, 39, 40, 41, 42, 47, 48]","{""24"": 2954.5032824348214, ""48"": 5231.253043668821}","{""24"": 0.0, ""48"": 0.0}",5603.156358549814,7450.02707373777,11.714937075783382,24,1.0,False,,,,,,False
Germany,2024-09-12,ordinary weekday,2024-09-11T18:00:00+02:00,2024-09-11T16:00:00+00:00,2024-09-11T16:00:00+00:00,24,ordinary,enhanced_ordinary_arima_p3_d1_q3,,3,1,3,n,identity,False,,completed,,success,converged,True,True,True,True,True,6305,7,-53681.516787386085,107377.03357477215,107377.0513610196,107424.27615219294,1.173813441216504,1.0490091833514368,"[""DeprecationWarning: Setting the shape on a NumPy array has been deprecated in NumPy 2.5.\nAs an alternative, you can create a new view using np.reshape (with copy=False if needed).""]",[],0,6281,True,joint Ljung-Box and residual ACF rule,"{""1"": 0.031821612819491224, ""2"": 0.005072723226573587, ""3"": -0.011210136653212006, ""4"": 0.023299964496399678, ""5"": 0.04684177204882609, ""6"": -0.05268797440192737, ""7"": -0.08092706726453638, ""8"": -0.0750217819368419, ""9"": -0.01788787735703511, ""10"": -0.019536022458386426, ""11"": 0.07145898114516294, ""12"": 0.04886238994304251, ""13"": 0.10311933865395025, ""14"": -0.03960529224591046, ""15"": -0.03629182316116586, ""16"": -0.1107172788500378, ""17"": -0.09786594762760299, ""18"": -0.0913233935490342, ""19"": 0.033722297693371116, ""20"": 0.004539662887197458, ""21"": -0.006838108639545109, ""22"": -0.0163243800245541, ""23"": 0.12501972682376952, ""24"": 0.6103569062564772, ""25"": 0.12040087879243569, ""26"": 0.007894052017136586, ""27"": -0.03914848117221669, ""28"": 0.007327533808946955, ""29"": -0.0008049735991206422, ""30"": -0.08953130584604214, ""31"": -0.1341467725680331, ""32"": -0.08634922671480573, ""33"": -0.0383168039545, ""34"": -0.05392364186272275, ""35"": 0.03648556773307428, ""36"": 0.01942914372413671, ""37"": 0.05791529534644719, ""38"": -0.05905964231322587, ""39"": -0.055841588687719886, ""40"": -0.11567754439100332, ""41"": -0.14340875465809916, ""42"": -0.1235507211097047, ""43"": -0.003869345670551867, ""44"": -0.01026197383424126, ""45"": -0.011912265586611188, ""46"": -0.00380950061848517, ""47"": 0.09323014167213937, ""48"": 0.48023530087270594}","[6, 7, 8, 11, 13, 16, 17, 18, 23, 24, 25, 30, 31, 32, 34, 37, 38, 39, 40, 41, 42, 47, 48]","{""24"": 2902.8524592033477, ""48"": 5145.6118418525475}","{""24"": 0.0, ""48"": 0.0}",5603.308231204952,7438.055735485518,11.705866711179969,24,1.0,False,,,,,,False
Germany,2024-09-12,ordinary weekday,2024-09-11T18:00:00+02:00,2024-09-11T16:00:00+00:00,2024-09-11T16:00:00+00:00,24,ordinary,enhanced_ordinary_arima_p4_d1_q1,,4,1,1,n,identity,False,,completed,,success,converged,True,True,True,True,True,6305,6,-53688.99288272556,107389.98576545111,107389.9991030186,107430.47940324034,1.1538715082193405,1.0561000552424102,"[""DeprecationWarning: Setting the shape on a NumPy array has been deprecated in NumPy 2.5.\nAs an alternative, you can create a new view using np.reshape (with copy=False if needed).""]",[],0,6281,True,joint Ljung-Box and residual ACF rule,"{""1"": 0.0318164951700389, ""2"": 0.034821940072998665, ""3"": -0.04541120343349138, ""4"": 0.031184313848807255, ""5"": 0.03369553520562448, ""6"": -0.05451993267137753, ""7"": -0.08057081869754505, ""8"": -0.08005411906255885, ""9"": -0.01345131025382985, ""10"": -0.018597329794294286, ""11"": 0.0833352933627428, ""12"": 0.05299476643823954, ""13"": 0.11356284631578108, ""14"": -0.03898552521411473, ""15"": -0.03139080916684033, ""16"": -0.1196590475856159, ""17"": -0.09715272175921236, ""18"": -0.09784775707155673, ""19"": 0.02686016893123594, ""20"": 0.001213313410577654, ""21"": -0.022584322708095135, ""22"": -0.004027682536986318, ""23"": 0.12695741317020312, ""24"": 0.6092272715193937, ""25"": 0.12217202052201163, ""26"": 0.021063018488251387, ""27"": -0.056635859024855684, ""28"": 0.006396911814223331, ""29"": -0.011749513123155576, ""30"": -0.09320403652695472, ""31"": -0.13530439775385525, ""32"": -0.09195994465417393, ""33"": -0.03615156661643027, ""34"": -0.05166218721580632, ""35"": 0.04599767474224826, ""36"": 0.023343007508226963, ""37"": 0.06698976691355356, ""38"": -0.0573042406845794, ""39"": -0.05249761984490041, ""40"": -0.12379398724266899, ""41"": -0.14389524735276624, ""42"": -0.12932313841595722, ""43"": -0.01153823764239304, ""44"": -0.012171400120853873, ""45"": -0.02433729826890841, ""46"": 0.006157996461667796, ""47"": 0.09522754364395583, ""48"": 0.4795046424826721}","[6, 7, 8, 11, 12, 13, 16, 17, 18, 23, 24, 25, 27, 30, 31, 32, 34, 37, 38, 39, 40, 41, 42, 47, 48]","{""24"": 2962.148910458939, ""48"": 5265.342616153476}","{""24"": 0.0, ""48"": 0.0}",5611.194578345058,7484.330089300987,11.751928210736434,24,1.0,False,,,,,,False
Germany,2024-09-12,ordinary weekday,2024-09-11T18:00:00+02:00,2024-09-11T16:00:00+00:00,2024-09-11T16:00:00+00:00,24,ordinary,enhanced_ordinary_arima_p4_d1_q2,,4,1,2,n,identity,False,,failed,AR roots fail stationarity threshold; MA roots fail invertibility threshold,success,converged,True,True,True,False,False,6305,7,-53687.61597722581,107389.23195445162,107389.24974069904,107436.47453187239,1.0025302793787612,1.0058503066486024,"[""DeprecationWarning: Setting the shape on a NumPy array has been deprecated in NumPy 2.5.\nAs an alternative, you can create a new view using np.reshape (with copy=False if needed)."", ""UserWarning: Non-stationary starting autoregressive parameters found. Using zeros as starting parameters."", ""UserWarning: Non-invertible starting MA parameters found. Using zeros as starting parameters.""]",[],0,6281,True,joint Ljung-Box and residual ACF rule,"{""1"": 0.04712976505304375, ""2"": -0.012561009817909367, ""3"": -0.03323786037377001, ""4"": 0.04684403008501603, ""5"": 0.058480914924625794, ""6"": -0.05058699324840952, ""7"": -0.07459261315449342, ""8"": -0.08283908079006622, ""9"": -0.01273994845114745, ""10"": -0.03138113754263426, ""11"": 0.0711964750334522, ""12"": 0.037280895034401386, ""13"": 0.10407805871732106, ""14"": -0.049489784690678836, ""15"": -0.031211264506960164, ""16"": -0.11886961049692654, ""17"": -0.0893111013519207, ""18"": -0.09080710826143679, ""19"": 0.049185304819066224, ""20"": 0.01601996228112947, ""21"": -0.0156520465236495, ""22"": -0.031392952252330096, ""23"": 0.13551668211731424, ""24"": 0.6118743025880538, ""25"": 0.13203871774733136, ""26"": -0.006889999623184594, ""27"": -0.04798908179737885, ""28"": 0.01980383737177808, ""29"": 0.013550582246579087, ""30"": -0.08856945774377258, ""31"": -0.12724178698784208, ""32"": -0.09215291219081746, ""33"": -0.03271451124408408, ""34"": -0.06365787211034647, ""35"": 0.03534449620148553, ""36"": 0.008844353835859414, ""37"": 0.05829902568164491, ""38"": -0.0680111050099613, ""39"": -0.05006500755652253, ""40"": -0.1223298133995502, ""41"": -0.13536194618684436, ""42"": -0.12371741333241733, ""43"": 0.009433878512519882, ""44"": -0.0003546377222937597, ""45"": -0.01753305461535988, ""46"": -0.0170004900095286, ""47"": 0.10220839765248112, ""48"": 0.4798588383240885}","[5, 6, 7, 8, 11, 13, 16, 17, 18, 23, 24, 25, 30, 31, 32, 34, 37, 38, 39, 40, 41, 42, 47, 48]","{""24"": 2982.0514391789598, ""48"": 5258.871079045481}","{""24"": 0.0, ""48"": 0.0}",,,,0,0.0,False,,,,,,False
Germany,2024-10-03,Germany-specific public holiday,2024-10-02T18:00:00+02:00,2024-10-02T16:00:00+00:00,2024-10-02T16:00:00+00:00,24,ordinary,enhanced_ordinary_arima_p1_d1_q1,,1,1,1,n,identity,False,,completed,,success,converged,True,True,True,True,True,6809,3,-58476.34356212652,116958.68712425305,116958.69065107156,116979.1646852638,1.4867652907214215,2.678077257993566,"[""DeprecationWarning: Setting the shape on a NumPy array has been deprecated in NumPy 2.5.\nAs an alternative, you can create a new view using np.reshape (with copy=False if needed).""]",[],0,6785,True,joint Ljung-Box and residual ACF rule,"{""1"": 0.08305623627670686, ""2"": 0.12820458053138667, ""3"": -0.081748309921284, ""4"": -0.03394415819749841, ""5"": -0.07568944415964203, ""6"": -0.16242673222659998, ""7"": -0.17352495107737742, ""8"": -0.1634334757983321, ""9"": -0.06941951703064059, ""10"": -0.04996496125514791, ""11"": 0.09870114350673234, ""12"": 0.05924168776193585, ""13"": 0.1267695563265432, ""14"": -0.0640103633332421, ""15"": -0.07183326187033207, ""16"": -0.19260360330991516, ""17"": -0.1696418083483123, ""18"": -0.1837951854606858, ""19"": -0.04978701228456979, ""20"": -0.039860523648108034, ""21"": -0.016827108344239745, ""22"": 0.09244076146577083, ""23"": 0.19775558742824698, ""24"": 0.6666891355213318, ""25"": 0.19367772900129637, ""26"": 0.11785802135070458, ""27"": -0.045371851523936454, ""28"": -0.02882258589633681, ""29"": -0.08005389570308759, ""30"": -0.16317469342355148, ""31"": -0.18971927001973482, ""32"": -0.14155763146858008, ""33"": -0.06212222721866362, ""34"": -0.04770255938283898, ""35"": 0.0891801419891584, ""36"": 0.06091247588578433, ""37"": 0.10886101525743043, ""38"": -0.050198076632521536, ""39"": -0.06711673661884111, ""40"": -0.16811183901984156, ""41"": -0.1869377788637866, ""42"": -0.18128774460730493, ""43"": -0.0579792409587895, ""44"": -0.025114027470807435, ""45"": 0.004639499562485003, ""46"": 0.11466883450325939, ""47"": 0.18686862146312574, ""48"": 0.5642222277750799}","[1, 2, 3, 5, 6, 7, 8, 9, 11, 12, 13, 14, 15, 16, 17, 18, 22, 23, 24, 25, 26, 29, 30, 31, 32, 33, 35, 36, 37, 38, 39, 40, 41, 42, 43, 46, 47, 48]","{""24"": 5187.398080558751, ""48"": 9602.688163161654}","{""24"": 0.0, ""48"": 0.0}",13683.33756339841,14333.251029718518,31.143893201432533,24,1.0,False,,,,,,False
Germany,2024-10-03,Germany-specific public holiday,2024-10-02T18:00:00+02:00,2024-10-02T16:00:00+00:00,2024-10-02T16:00:00+00:00,24,ordinary,enhanced_ordinary_arima_p1_d1_q2,,1,1,2,n,identity,False,,completed,,success,converged,True,True,True,True,True,6809,4,-58360.85079992736,116729.70159985471,116729.70747874948,116757.00501453572,1.8426312628605472,2.0096385882484573,"[""DeprecationWarning: Setting the shape on a NumPy array has been deprecated in NumPy 2.5.\nAs an alternative, you can create a new view using np.reshape (with copy=False if needed).""]",[],0,6785,True,joint Ljung-Box and residual ACF rule,"{""1"": 0.041568928756398206, ""2"": 0.03198951729779469, ""3"": 0.03485455679931265, ""4"": -0.03713096766121139, ""5"": -0.04646243782358244, ""6"": -0.1388367059600029, ""7"": -0.16115120464281674, ""8"": -0.13458092801997934, ""9"": -0.0734684327586316, ""10"": -0.0570934537836239, ""11"": 0.05723440685594889, ""12"": 0.033374400157545586, ""13"": 0.08937426539360938, ""14"": -0.07348624809696022, ""15"": -0.08003907229828008, ""16"": -0.15424628392435205, ""17"": -0.15856180841128714, ""18"": -0.1577794463335329, ""19"": -0.031209176220859686, ""20"": -0.023995402809693336, ""21"": 0.036663625875846706, ""22"": 0.041096857425950324, ""23"": 0.160930196399866, ""24"": 0.6525217686825049, ""25"": 0.15596591701994666, ""26"": 0.06560453199367428, ""27"": 0.012019940626135069, ""28"": -0.018036576250449875, ""29"": -0.04892288708099913, ""30"": -0.14251187111645658, ""31"": -0.17696316640462734, ""32"": -0.1130562310001943, ""33"": -0.06403809561849792, ""34"": -0.061404140489849636, ""35"": 0.053072840202271425, ""36"": 0.03686057936302435, ""37"": 0.07363008366147883, ""38"": -0.0641091832470569, ""39"": -0.0721457413203487, ""40"": -0.1329662417970216, ""41"": -0.17421549245296528, ""42"": -0.15614476597232463, ""43"": -0.03455055414952471, ""44"": -0.015469718454517362, ""45"": 0.045045552044778066, ""46"": 0.0715142751152713, ""47"": 0.15420464695402547, ""48"": 0.549521615863518}","[6, 7, 8, 9, 10, 11, 13, 14, 15, 16, 17, 18, 23, 24, 25, 26, 30, 31, 32, 33, 34, 35, 37, 38, 39, 40, 41, 42, 46, 47, 48]","{""24"": 4314.66122311333, ""48"": 7930.762061674299}","{""24"": 0.0, ""48"": 0.0}",13887.155762960238,14530.77257166668,31.59642388861495,24,1.0,False,,,,,,False
Germany,2024-10-03,Germany-specific public holiday,2024-10-02T18:00:00+02:00,2024-10-02T16:00:00+00:00,2024-10-02T16:00:00+00:00,24,ordinary,enhanced_ordinary_arima_p1_d1_q3,,1,1,3,n,identity,False,,completed,,success,converged,True,True,True,True,True,6809,5,-58353.56113014146,116717.12226028292,116717.13107992132,116751.2515286342,2.217509077481515,1.9930846711072023,"[""DeprecationWarning: Setting the shape on a NumPy array has been deprecated in NumPy 2.5.\nAs an alternative, you can create a new view using np.reshape (with copy=False if needed).""]",[],0,6785,True,joint Ljung-Box and residual ACF rule,"{""1"": 0.0329283318933182, ""2"": 0.0258444595586417, ""3"": 0.021089441238998568, ""4"": 0.006362443263203546, ""5"": -0.05025415957493328, ""6"": -0.1398189068026423, ""7"": -0.15088983804515949, ""8"": -0.1333331952391901, ""9"": -0.06982398265856829, ""10"": -0.066334317796362, ""11"": 0.0491285463157954, ""12"": 0.021433854268346167, ""13"": 0.08212976473244991, ""14"": -0.08308018783885356, ""15"": -0.07648964671238294, ""16"": -0.15269177800491465, ""17"": -0.14780013987121252, ""18"": -0.1593009219158833, ""19"": -0.02754518199550596, ""20"": 1.2009420785235787e-05, ""21"": 0.03186327469872277, ""22"": 0.03375848834413876, ""23"": 0.15456749684208596, ""24"": 0.6502799586227482, ""25"": 0.15004568400643606, ""26"": 0.05840091912805704, ""27"": 0.005958261560025519, ""28"": 0.008325430628751894, ""29"": -0.045652327002057576, ""30"": -0.14160251221718903, ""31"": -0.17003055334638265, ""32"": -0.11027317867511902, ""33"": -0.060837555788786635, ""34"": -0.07051166328465958, ""35"": 0.04419444838206142, ""36"": 0.027234740497939666, ""37"": 0.06561057956972813, ""38"": -0.07365671517614404, ""39"": -0.06893531848629338, ""40"": -0.13059863274100955, ""41"": -0.16490116836489002, ""42"": -0.15559581462425306, ""43"": -0.030837831614917578, ""44"": 0.00473648182237404, ""45"": 0.03998847775344341, ""46"": 0.0650865994551852, ""47"": 0.14886492210604266, ""48"": 0.5471291469654654}","[5, 6, 7, 8, 9, 10, 13, 14, 15, 16, 17, 18, 23, 24, 25, 26, 30, 31, 32, 33, 34, 37, 38, 39, 40, 41, 42, 46, 47, 48]","{""24"": 4198.443887948769, ""48"": 7694.685408585061}","{""24"": 0.0, ""48"": 0.0}",14001.385044970948,14640.545790221977,31.849302665667413,24,1.0,False,,,,,,False
Germany,2024-10-03,Germany-specific public holiday,2024-10-02T18:00:00+02:00,2024-10-02T16:00:00+00:00,2024-10-02T16:00:00+00:00,24,ordinary,enhanced_ordinary_arima_p2_d1_q1,,2,1,1,n,identity,False,,completed,,success,converged,True,True,True,True,True,6809,4,-58173.75583799211,116355.51167598422,116355.51755487898,116382.81509066524,1.103919804393529,1.0898376153405114,"[""DeprecationWarning: Setting the shape on a NumPy array has been deprecated in NumPy 2.5.\nAs an alternative, you can create a new view using np.reshape (with copy=False if needed).""]",[],0,6785,True,joint Ljung-Box and residual ACF rule,"{""1"": 0.1972196308905214, ""2"": -0.05663142687127961, ""3"": -0.10608680355952038, ""4"": 0.008050264115416893, ""5"": 0.04144717895572945, ""6"": -0.04711766580576939, ""7"": -0.09231576335040137, ""8"": -0.09213465076890989, ""9"": -0.040423849851742785, ""10"": -0.014152529030242184, ""11"": 0.09948267131939138, ""12"": 0.10448545757956783, ""13"": 0.13032034424735392, ""14"": -0.02636958301959393, ""15"": -0.06654919194234636, ""16"": -0.13945292994789651, ""17"": -0.12540313598274858, ""18"": -0.09385032954455157, ""19"": 0.021849659513188485, ""20"": -0.011567679611584848, ""21"": -0.08012727501377966, ""22"": -0.048821719463885214, ""23"": 0.20412298470319631, ""24"": 0.6460044244370705, ""25"": 0.20875925029154785, ""26"": -0.02725621281194778, ""27"": -0.10264769698666738, ""28"": -0.020586581997115362, ""29"": -0.010458132024293737, ""30"": -0.1008478470735498, ""31"": -0.14834049211360406, ""32"": -0.10669681232369134, ""33"": -0.058459132736402866, ""34"": -0.04602281531835784, ""35"": 0.059567610540185084, ""36"": 0.0693409539873497, ""37"": 0.08480980043489303, ""38"": -0.04380865733712723, ""39"": -0.0771935344347753, ""40"": -0.14481164129908644, ""41"": -0.1705857676869274, ""42"": -0.13321245595303444, ""43"": -0.015850260048788374, ""44"": -0.02031937864047329, ""45"": -0.06305866308761865, ""46"": -0.025388646663282968, ""47"": 0.16038329335760623, ""48"": 0.5092542704994822}","[1, 2, 3, 7, 8, 11, 12, 13, 15, 16, 17, 18, 21, 23, 24, 25, 27, 30, 31, 32, 33, 35, 36, 37, 39, 40, 41, 42, 45, 47, 48]","{""24"": 4298.802528951139, ""48"": 7618.44172478076}","{""24"": 0.0, ""48"": 0.0}",11819.661334794242,12556.229235764396,27.018314947840796,24,1.0,False,,,,,,False
Germany,2024-10-03,Germany-specific public holiday,2024-10-02T18:00:00+02:00,2024-10-02T16:00:00+00:00,2024-10-02T16:00:00+00:00,24,ordinary,enhanced_ordinary_arima_p2_d1_q2,,2,1,2,n,identity,False,,completed,,success,converged,True,True,True,True,True,6809,5,-58025.10089939492,116060.20179878984,116060.21061842825,116094.33106714112,1.1498219505450624,1.0574507253690186,"[""DeprecationWarning: Setting the shape on a NumPy array has been deprecated in NumPy 2.5.\nAs an alternative, you can create a new view using np.reshape (with copy=False if needed).""]",[],0,6785,True,joint Ljung-Box and residual ACF rule,"{""1"": 0.040450306508357015, ""2"": 0.03369376707154631, ""3"": -0.06475159639041236, ""4"": 0.03219803090053564, ""5"": 0.039574842603099826, ""6"": -0.05004352327292191, ""7"": -0.07432582500480985, ""8"": -0.0799164616936007, ""9"": -0.021289073659218342, ""10"": -0.028565499418329192, ""11"": 0.09413894145186771, ""12"": 0.05716453784489747, ""13"": 0.12447925404603091, ""14"": -0.04708495878068887, ""15"": -0.03652661549949087, ""16"": -0.12263719313495243, ""17"": -0.09213277715021333, ""18"": -0.09483081286135862, ""19"": 0.03140312261613736, ""20"": 0.0007174081317315573, ""21"": -0.0369238280935963, ""22"": -0.001834676787665144, ""23"": 0.12373539940918525, ""24"": 0.6184012474094845, ""25"": 0.12064187786594521, ""26"": 0.022617213496327535, ""27"": -0.06859971390678495, ""28"": 0.0021704389522752662, ""29"": -0.006684684026712443, ""30"": -0.09159968187433806, ""31"": -0.12919809772677235, ""32"": -0.09156459193844566, ""33"": -0.04446049294170842, ""34"": -0.060060999362564774, ""35"": 0.054347584233180736, ""36"": 0.027849578516404263, ""37"": 0.07637508350204238, ""38"": -0.06360959763671262, ""39"": -0.057576234931483915, ""40"": -0.12731846365955393, ""41"": -0.14072171450277812, ""42"": -0.12596488832888125, ""43"": -0.0077318087563203125, ""44"": -0.013385163783212556, ""45"": -0.0367657160113449, ""46"": 0.00860281723733079, ""47"": 0.09212973490918344, ""48"": 0.4879882601548959}","[3, 6, 7, 8, 11, 12, 13, 16, 17, 18, 23, 24, 25, 27, 30, 31, 32, 34, 35, 37, 38, 39, 40, 41, 42, 47, 48]","{""24"": 3329.765780355573, ""48"": 5897.915591156473}","{""24"": 0.0, ""48"": 0.0}",11209.289292122672,11980.007252942558,25.66620028414384,24,1.0,False,,,,,,False
Germany,2024-10-03,Germany-specific public holiday,2024-10-02T18:00:00+02:00,2024-10-02T16:00:00+00:00,2024-10-02T16:00:00+00:00,24,ordinary,enhanced_ordinary_arima_p2_d1_q3,,2,1,3,n,identity,False,,completed,,success,converged,True,True,True,True,True,6809,6,-58014.373221023125,116040.74644204623,116040.75879135529,116081.70156406776,1.182226403279898,1.0454944530446746,"[""DeprecationWarning: Setting the shape on a NumPy array has been deprecated in NumPy 2.5.\nAs an alternative, you can create a new view using np.reshape (with copy=False if needed).""]",[],0,6785,True,joint Ljung-Box and residual ACF rule,"{""1"": 0.027865319290179276, ""2"": 0.005770160202375221, ""3"": -0.02485533724690377, ""4"": 0.040152450534250816, ""5"": 0.04625798368434051, ""6"": -0.050670504574053615, ""7"": -0.07452446660620213, ""8"": -0.07278174855300751, ""9"": -0.02263834616171486, ""10"": -0.031851590853815046, ""11"": 0.07985984100317083, ""12"": 0.04754405912595582, ""13"": 0.11177077608162567, ""14"": -0.050604111362432196, ""15"": -0.037918719981059924, ""16"": -0.11035242892809989, ""17"": -0.08981373866965324, ""18"": -0.09094408884248929, ""19"": 0.03718108002451281, ""20"": 0.012850326739414343, ""21"": -0.014621969092538168, ""22"": -0.013223827420942247, ""23"": 0.116205048577155, ""24"": 0.6177457399529698, ""25"": 0.1125496718802076, ""26"": 0.010330196071073699, ""27"": -0.04562306916588654, ""28"": 0.01310196861208682, ""29"": 0.0033637697467187055, ""30"": -0.08918017205750883, ""31"": -0.12731802542107576, ""32"": -0.08285515551022062, ""33"": -0.044043094321784396, ""34"": -0.06456948111262725, ""35"": 0.042657853746951524, ""36"": 0.01997745581334379, ""37"": 0.06484679076603982, ""38"": -0.06848184192324294, ""39"": -0.05808023901695886, ""40"": -0.11583597379664062, ""41"": -0.13740858897608882, ""42"": -0.12123466937779638, ""43"": -0.000480487131465793, ""44"": -0.004875812745010918, ""45"": -0.020148735901556105, ""46"": -0.001131049062113346, ""47"": 0.08582972224404095, ""48"": 0.4873915440898982}","[6, 7, 8, 11, 13, 14, 16, 17, 18, 23, 24, 25, 30, 31, 32, 34, 37, 38, 39, 40, 41, 42, 47, 48]","{""24"": 3205.924682759656, ""48"": 5658.40888993169}","{""24"": 0.0, ""48"": 0.0}",10802.420504643756,11615.495637560636,24.77529989873505,24,1.0,False,,,,,,False
Germany,2024-10-03,Germany-specific public holiday,2024-10-02T18:00:00+02:00,2024-10-02T16:00:00+00:00,2024-10-02T16:00:00+00:00,24,ordinary,enhanced_ordinary_arima_p3_d1_q1,,3,1,1,n,identity,False,,completed,,success,converged,True,True,True,True,True,6809,5,-58022.550910237536,116055.10182047509,116055.11064011346,116089.23108882636,1.1867775708624275,1.045044467653198,"[""DeprecationWarning: Setting the shape on a NumPy array has been deprecated in NumPy 2.5.\nAs an alternative, you can create a new view using np.reshape (with copy=False if needed).""]",[],0,6785,True,joint Ljung-Box and residual ACF rule,"{""1"": 0.04107664097196149, ""2"": -0.002936269654208751, ""3"": -0.043145495954668205, ""4"": 0.04852464029343758, ""5"": 0.05390957051241047, ""6"": -0.045427955523129046, ""7"": -0.07359208476209984, ""8"": -0.07487439304001137, ""9"": -0.024473738798550453, ""10"": -0.034503458525131175, ""11"": 0.07760503024269302, ""12"": 0.0470724445096409, ""13"": 0.1099494051732681, ""14"": -0.051736380972034555, ""15"": -0.03999678153597263, ""16"": -0.11318348735429093, ""17"": -0.08905159739766946, ""18"": -0.08613272885224205, ""19"": 0.04399871881126217, ""20"": 0.01790910354550478, ""21"": -0.025677135933831648, ""22"": -0.0198747482725973, ""23"": 0.12265922454071697, ""24"": 0.6205018983689807, ""25"": 0.12007481164635982, ""26"": 0.0037701384722411816, ""27"": -0.056076814090110644, ""28"": 0.018025224627324154, ""29"": 0.009532668956559128, ""30"": -0.08504223692696335, ""31"": -0.12609936110696401, ""32"": -0.08452769764887727, ""33"": -0.045181664840659296, ""34"": -0.06626227555440536, ""35"": 0.03998828854696644, ""36"": 0.019031704849011483, ""37"": 0.06301479187020816, ""38"": -0.06915951664769313, ""39"": -0.05924857977043391, ""40"": -0.11810817925339832, ""41"": -0.1366467619464821, ""42"": -0.1176954584949876, ""43"": 0.004853957909344784, ""44"": 0.00018253392832242026, ""45"": -0.02816744503015139, ""46"": -0.006480351654399107, ""47"": 0.09083795146774973, ""48"": 0.4889236288352194}","[5, 7, 8, 11, 13, 14, 16, 17, 18, 23, 24, 25, 27, 30, 31, 32, 34, 37, 38, 39, 40, 41, 42, 47, 48]","{""24"": 3267.2631489609753, ""48"": 5750.804563574962}","{""24"": 0.0, ""48"": 0.0}",10813.28756700482,11630.331565793937,24.801908906027883,24,1.0,False,,,,,,False
Germany,2024-10-03,Germany-specific public holiday,2024-10-02T18:00:00+02:00,2024-10-02T16:00:00+00:00,2024-10-02T16:00:00+00:00,24,ordinary,enhanced_ordinary_arima_p3_d1_q2,,3,1,2,n,identity,False,,completed,,success,converged,True,True,True,True,True,6809,6,-58019.63656352882,116051.27312705763,116051.28547636668,116092.22824907915,1.1693282689440043,1.0501503662908214,"[""DeprecationWarning: Setting the shape on a NumPy array has been deprecated in NumPy 2.5.\nAs an alternative, you can create a new view using np.reshape (with copy=False if needed)."", ""UserWarning: Non-stationary starting autoregressive parameters found. Using zeros as starting parameters."", ""UserWarning: Non-invertible starting MA parameters found. Using zeros as starting parameters.""]",[],0,6785,True,joint Ljung-Box and residual ACF rule,"{""1"": 0.032749523873150034, ""2"": 0.01962374024996125, ""3"": -0.04869100428502153, ""4"": 0.039956177247763174, ""5"": 0.045783278862971746, ""6"": -0.048903477885642165, ""7"": -0.07358590703394594, ""8"": -0.07665757565149203, ""9"": -0.022157102636609173, ""10"": -0.0319368547899727, ""11"": 0.08544609433105071, ""12"": 0.049979827182758736, ""13"": 0.11673013813552623, ""14"": -0.05027808787156154, ""15"": -0.03708697892070295, ""16"": -0.11676013658315829, ""17"": -0.08958838314495085, ""18"": -0.0912992963556215, ""19"": 0.03716472376403047, ""20"": 0.00918618484102857, ""21"": -0.027453369170558635, ""22"": -0.008173173653761209, ""23"": 0.11918701401080181, ""24"": 0.6180871549685285, ""25"": 0.11589350913708844, ""26"": 0.015964127400869856, ""27"": -0.05887581430169334, ""28"": 0.010394456238195474, ""29"": 0.000919330595911649, ""30"": -0.08864348911799105, ""31"": -0.12716127202066313, ""32"": -0.08715037411001546, ""33"": -0.0442636572510996, ""34"": -0.0636340957462811, ""35"": 0.0469743062954276, ""36"": 0.021709385323721936, ""37"": 0.06925381914277572, ""38"": -0.06722345129045725, ""39"": -0.057650318778023416, ""40"": -0.12155255096292215, ""41"": -0.13768040019181646, ""42"": -0.12203509429737948, ""43"": -0.0017027710860447129, ""44"": -0.006910130242970406, ""45"": -0.029756268223118672, ""46"": 0.0031495611912475017, ""47"": 0.08824308465226187, ""48"": 0.4875949273465202}","[7, 8, 11, 13, 14, 16, 17, 18, 23, 24, 25, 27, 30, 31, 32, 34, 37, 38, 39, 40, 41, 42, 47, 48]","{""24"": 3258.560729313936, ""48"": 5754.070088537921}","{""24"": 0.0, ""48"": 0.0}",10993.223656385162,11787.694441534648,25.193973281516136,24,1.0,False,,,,,,False
Germany,2024-10-03,Germany-specific public holiday,2024-10-02T18:00:00+02:00,2024-10-02T16:00:00+00:00,2024-10-02T16:00:00+00:00,24,ordinary,enhanced_ordinary_arima_p3_d1_q3,,3,1,3,n,identity,False,,completed,,success,converged,True,True,True,True,True,6809,7,-58009.50144154002,116033.00288308004,116033.01935124648,116080.7838587718,1.1729679002349214,1.0484194251275016,"[""DeprecationWarning: Setting the shape on a NumPy array has been deprecated in NumPy 2.5.\nAs an alternative, you can create a new view using np.reshape (with copy=False if needed).""]",[],0,6785,True,joint Ljung-Box and residual ACF rule,"{""1"": 0.028919839295645764, ""2"": 0.00375684602913239, ""3"": -0.011319687854051203, ""4"": 0.021546834932211118, ""5"": 0.04895386451271148, ""6"": -0.05234009251873918, ""7"": -0.07587155623281368, ""8"": -0.07106478841836587, ""9"": -0.02487612094944242, ""10"": -0.027825365683381786, ""11"": 0.08098023562739638, ""12"": 0.05160380769285397, ""13"": 0.11265581318343686, ""14"": -0.04710321312641089, ""15"": -0.04045877949321259, ""16"": -0.10850344127553566, ""17"": -0.0931521204540774, ""18"": -0.09125359811810678, ""19"": 0.035261404019961334, ""20"": 0.0031961959881053894, ""21"": -0.009332698002341011, ""22"": -0.012885146594259014, ""23"": 0.11606711883641067, ""24"": 0.6172651724463516, ""25"": 0.11222180637861778, ""26"": 0.010536364409729873, ""27"": -0.039683649709627976, ""28"": 0.002190301071875875, ""29"": 0.0024987241119925254, ""30"": -0.0907168334172266, ""31"": -0.12895969278301267, ""32"": -0.08220302652859736, ""33"": -0.04594679306450298, ""34"": -0.06165136786975894, ""35"": 0.04434547463281412, ""36"": 0.023078957849542205, ""37"": 0.06614064881078043, ""38"": -0.06550338333542194, ""39"": -0.060282112356486, ""40"": -0.11469826371354903, ""41"": -0.14032154293242574, ""42"": -0.12203497244110012, ""43"": -0.001849001634077783, ""44"": -0.013227532056459051, ""45"": -0.015583872370469966, ""46"": -0.0007092566540189232, ""47"": 0.08577480690932543, ""48"": 0.4870936113463694}","[6, 7, 8, 11, 12, 13, 16, 17, 18, 23, 24, 25, 30, 31, 32, 34, 37, 38, 39, 40, 41, 42, 47, 48]","{""24"": 3195.7223604921564, ""48"": 5650.858391064525}","{""24"": 0.0, ""48"": 0.0}",10908.410137842233,11708.607555180555,25.00652033676425,24,1.0,False,,,,,,False
Germany,2024-10-03,Germany-specific public holiday,2024-10-02T18:00:00+02:00,2024-10-02T16:00:00+00:00,2024-10-02T16:00:00+00:00,24,ordinary,enhanced_ordinary_arima_p4_d1_q1,,4,1,1,n,identity,False,,completed,,success,converged,True,True,True,True,True,6809,6,-58019.83307054837,116051.66614109674,116051.67849040576,116092.62126311826,1.1555122872115422,1.0547864493267676,"[""DeprecationWarning: Setting the shape on a NumPy array has been deprecated in NumPy 2.5.\nAs an alternative, you can create a new view using np.reshape (with copy=False if needed).""]",[],0,6785,True,joint Ljung-Box and residual ACF rule,"{""1"": 0.029079974946621057, ""2"": 0.03346057269818775, ""3"": -0.04878456667410945, ""4"": 0.031860035732998115, ""5"": 0.03793250474903003, ""6"": -0.05316532996766169, ""7"": -0.07461417058032843, ""8"": -0.07740679494706164, ""9"": -0.02020917646397719, ""10"": -0.028500249706518866, ""11"": 0.09198190764263899, ""12"": 0.05425274351769902, ""13"": 0.12243978124213813, ""14"": -0.04783926624771694, ""15"": -0.035166372096979474, ""16"": -0.11869506640988875, ""17"": -0.09142894197492761, ""18"": -0.09656298091844369, ""19"": 0.030058032736150587, ""20"": 0.001868529293426268, ""21"": -0.027169996873961967, ""22"": -0.0005305826291405264, ""23"": 0.11782824762883441, ""24"": 0.6166309963455118, ""25"": 0.11401952433049654, ""26"": 0.023732829711287026, ""27"": -0.05918698989359767, ""28"": 0.0034562782307416924, ""29"": -0.006987762190042393, ""30"": -0.09308122130487975, ""31"": -0.1291296110187425, ""32"": -0.08882007043218723, ""33"": -0.043441044604690476, ""34"": -0.06060173584352841, ""35"": 0.052909786849949327, ""36"": 0.025671383908505783, ""37"": 0.07456079641489295, ""38"": -0.06478956534129633, ""39"": -0.05663876990671277, ""40"": -0.12369809911257192, ""41"": -0.13980514755217788, ""42"": -0.12667739556872673, ""43"": -0.008204546583260093, ""44"": -0.013146084362415131, ""45"": -0.02973215680642684, ""46"": 0.00946095832438029, ""47"": 0.08739633426140506, ""48"": 0.48694262307774905}","[6, 7, 8, 11, 12, 13, 16, 17, 18, 23, 24, 25, 27, 30, 31, 32, 34, 35, 37, 38, 39, 40, 41, 42, 47, 48]","{""24"": 3267.3806574440273, ""48"": 5789.379496235006}","{""24"": 0.0, ""48"": 0.0}",11119.35197667662,11896.47882625803,25.467694167671368,24,1.0,False,,,,,,False
Germany,2024-10-03,Germany-specific public holiday,2024-10-02T18:00:00+02:00,2024-10-02T16:00:00+00:00,2024-10-02T16:00:00+00:00,24,ordinary,enhanced_ordinary_arima_p4_d1_q2,,4,1,2,n,identity,False,,failed,AR roots fail stationarity threshold; MA roots fail invertibility threshold,success,converged,True,True,True,False,False,6809,7,-58014.75530406539,116043.51060813077,116043.52707629722,116091.29158382255,1.0022914892971537,1.0055908052960234,"[""DeprecationWarning: Setting the shape on a NumPy array has been deprecated in NumPy 2.5.\nAs an alternative, you can create a new view using np.reshape (with copy=False if needed)."", ""UserWarning: Non-stationary starting autoregressive parameters found. Using zeros as starting parameters."", ""UserWarning: Non-invertible starting MA parameters found. Using zeros as starting parameters."", ""ConvergenceWarning: Maximum Likelihood optimization failed to converge. Check mle_retvals"", ""DeprecationWarning: Setting the shape on a NumPy array has been deprecated in NumPy 2.5.\nAs an alternative, you can create a new view using np.reshape (with copy=False if needed)."", ""UserWarning: Non-stationary starting autoregressive parameters found. Using zeros as starting parameters."", ""UserWarning: Non-invertible starting MA parameters found. Using zeros as starting parameters.""]",[],1,6785,True,joint Ljung-Box and residual ACF rule,"{""1"": 0.04247120908472065, ""2"": -0.008136415558396701, ""3"": -0.037169566989154516, ""4"": 0.044117821100354664, ""5"": 0.060061394814915334, ""6"": -0.050858049532386686, ""7"": -0.06806378361532366, ""8"": -0.0801948391904462, ""9"": -0.018945325769025887, ""10"": -0.04060614690767253, ""11"": 0.08269828377418452, ""12"": 0.04062557563802226, ""13"": 0.1153128504422477, ""14"": -0.05797119677226294, ""15"": -0.034339695023987885, ""16"": -0.11839380896690677, ""17"": -0.08331208497762375, ""18"": -0.09144933666959577, ""19"": 0.050200216821595124, ""20"": 0.013366564183322127, ""21"": -0.019806242455251498, ""22"": -0.025325942788304096, ""23"": 0.1262025083796994, ""24"": 0.6179249396989842, ""25"": 0.12344332982604524, ""26"": -0.0013795964710710212, ""27"": -0.05054702135886281, ""28"": 0.013828775271728076, ""29"": 0.015506524109648166, ""30"": -0.09000917777310255, ""31"": -0.12082407797168736, ""32"": -0.08941093913298323, ""33"": -0.039780434659497675, ""34"": -0.07218507458093606, ""35"": 0.04498012528835363, ""36"": 0.012912537995369663, ""37"": 0.06815243867318097, ""38"": -0.07516056032045423, ""39"": -0.053797185353886105, ""40"": -0.12303441711591062, ""41"": -0.13114565388815447, ""42"": -0.12279447716749983, ""43"": 0.0108778792768473, ""44"": -0.004396393483319801, ""45"": -0.02260138818723697, ""46"": -0.011753367967593733, ""47"": 0.09455711344728925, ""48"": 0.48590355860837975}","[5, 6, 7, 8, 11, 13, 14, 16, 17, 18, 19, 23, 24, 25, 27, 30, 31, 32, 34, 37, 38, 39, 40, 41, 42, 47, 48]","{""24"": 3279.2498785671996, ""48"": 5768.070851753895}","{""24"": 0.0, ""48"": 0.0}",,,,0,0.0,False,,,,,,False
Germany,2024-10-26,Austria-specific public holiday / Saturday,2024-10-25T18:00:00+02:00,2024-10-25T16:00:00+00:00,2024-10-25T16:00:00+00:00,24,ordinary,enhanced_ordinary_arima_p1_d1_q1,,1,1,1,n,identity,False,,completed,,success,converged,True,True,True,True,True,7361,3,-63234.2697623297,126474.5395246594,126474.54278685868,126495.25097029455,1.4878841820317372,2.625430041504927,"[""DeprecationWarning: Setting the shape on a NumPy array has been deprecated in NumPy 2.5.\nAs an alternative, you can create a new view using np.reshape (with copy=False if needed).""]",[],0,7337,True,joint Ljung-Box and residual ACF rule,"{""1"": 0.08133116051458769, ""2"": 0.12375788912213435, ""3"": -0.0865180091961737, ""4"": -0.03333864512547399, ""5"": -0.07613865548694856, ""6"": -0.15236526028051273, ""7"": -0.16483907253105423, ""8"": -0.16307216497787214, ""9"": -0.07459364857817637, ""10"": -0.06385145882735321, ""11"": 0.10317723093182542, ""12"": 0.06981691944706721, ""13"": 0.13112746312180043, ""14"": -0.0771912955421323, ""15"": -0.07602146158447139, ""16"": -0.19218634777601173, ""17"": -0.16057806450303014, ""18"": -0.1752305646591848, ""19"": -0.05132379659150655, ""20"": -0.03824873937483039, ""21"": -0.02042071875522245, ""22"": 0.08547847279478549, ""23"": 0.1963038732109275, ""24"": 0.6685099363510616, ""25"": 0.19403140702913219, ""26"": 0.11094278944739389, ""27"": -0.04821338721418707, ""28"": -0.028711922283527234, ""29"": -0.08146982711099446, ""30"": -0.15144325219302193, ""31"": -0.18372437069916142, ""32"": -0.13891503730932328, ""33"": -0.0687446878185389, ""34"": -0.060387599401370735, ""35"": 0.09320987338178757, ""36"": 0.07109575762076001, ""37"": 0.11347939676996739, ""38"": -0.06345048107021418, ""39"": -0.07219467599127675, ""40"": -0.1664161854707535, ""41"": -0.17783570207682128, ""42"": -0.17298336033870687, ""43"": -0.0594040270606967, ""44"": -0.02471735217945825, ""45"": 0.0018916184960605406, ""46"": 0.10590316844497454, ""47"": 0.18794310690313118, ""48"": 0.5685152051150679}","[1, 2, 3, 5, 6, 7, 8, 9, 10, 11, 12, 13, 14, 15, 16, 17, 18, 19, 22, 23, 24, 25, 26, 29, 30, 31, 32, 33, 34, 35, 36, 37, 38, 39, 40, 41, 42, 43, 46, 47, 48]","{""24"": 5578.377615922241, ""48"": 10325.238702927869}","{""24"": 0.0, ""48"": 0.0}",15477.691656368375,16201.084710923991,35.794259725916284,24,1.0,False,,,,,,False
Germany,2024-10-26,Austria-specific public holiday / Saturday,2024-10-25T18:00:00+02:00,2024-10-25T16:00:00+00:00,2024-10-25T16:00:00+00:00,24,ordinary,enhanced_ordinary_arima_p1_d1_q2,,1,1,2,n,identity,False,,completed,,success,converged,True,True,True,True,True,7361,4,-63111.55125105197,126231.10250210394,126231.10793984184,126258.71776295084,1.8482523252357512,2.0122445131572904,"[""DeprecationWarning: Setting the shape on a NumPy array has been deprecated in NumPy 2.5.\nAs an alternative, you can create a new view using np.reshape (with copy=False if needed).""]",[],0,7337,True,joint Ljung-Box and residual ACF rule,"{""1"": 0.03900907859435202, ""2"": 0.03074973131113775, ""3"": 0.03205121819903732, ""4"": -0.03778509279318222, ""5"": -0.04779655647933915, ""6"": -0.13035026638161623, ""7"": -0.1541535046781762, ""8"": -0.1339418136973629, ""9"": -0.07696496688859261, ""10"": -0.07113676808224195, ""11"": 0.06050943737352909, ""12"": 0.04543175524458053, ""13"": 0.09196789391036386, ""14"": -0.08680025390462924, ""15"": -0.08249412893190815, ""16"": -0.1540585913643909, ""17"": -0.1507461033884163, ""18"": -0.15039158381563866, ""19"": -0.03473017418635168, ""20"": -0.022504268764171456, ""21"": 0.035561323915339574, ""22"": 0.03556488449327034, ""23"": 0.15903564921660188, ""24"": 0.6552514409585718, ""25"": 0.1556932518715804, ""26"": 0.06002160332338264, ""27"": 0.011900913234850449, ""28"": -0.018528537363536664, ""29"": -0.05196078263610833, ""30"": -0.13186945122622454, ""31"": -0.17248902649845166, ""32"": -0.11047503615309646, ""33"": -0.0687563173827118, ""34"": -0.07454493856410793, ""35"": 0.05629786294152663, ""36"": 0.04802444652921252, ""37"": 0.07705307704762837, ""38"": -0.07751499105909794, ""39"": -0.0758979124305557, ""40"": -0.13125005046980376, ""41"": -0.16639831989384804, ""42"": -0.14899051148480175, ""43"": -0.038075133497751094, ""44"": -0.014519870878442458, ""45"": 0.044906732163297644, ""46"": 0.06335581145333803, ""47"": 0.15486492837534, ""48"": 0.5552940087338892}","[6, 7, 8, 9, 10, 11, 13, 14, 15, 16, 17, 18, 23, 24, 25, 26, 29, 30, 31, 32, 33, 34, 35, 37, 38, 39, 40, 41, 42, 46, 47, 48]","{""24"": 4661.442188476685, ""48"": 8581.31784788799}","{""24"": 0.0, ""48"": 0.0}",15201.479381811208,15948.02446837206,35.18558560908838,24,1.0,False,,,,,,False
Germany,2024-10-26,Austria-specific public holiday / Saturday,2024-10-25T18:00:00+02:00,2024-10-25T16:00:00+00:00,2024-10-25T16:00:00+00:00,24,ordinary,enhanced_ordinary_arima_p1_d1_q3,,1,1,3,n,identity,False,,completed,,success,converged,True,True,True,True,True,7361,5,-63102.09118583228,126214.18237166456,126214.1905293804,126248.70144772316,2.221753658468056,2.004462978529986,"[""DeprecationWarning: Setting the shape on a NumPy array has been deprecated in NumPy 2.5.\nAs an alternative, you can create a new view using np.reshape (with copy=False if needed).""]",[],0,7337,True,joint Ljung-Box and residual ACF rule,"{""1"": 0.030379542256900784, ""2"": 0.02404078605078978, ""3"": 0.01931199308314859, ""4"": 0.005294538218552943, ""5"": -0.05233850830717488, ""6"": -0.13158899928862136, ""7"": -0.1439341013838714, ""8"": -0.13222265647665196, ""9"": -0.07324108122170105, ""10"": -0.08052675416655669, ""11"": 0.05273145412586718, ""12"": 0.03381509749279154, ""13"": 0.08513554939525203, ""14"": -0.09667021586172748, ""15"": -0.07905249201289995, ""16"": -0.15176253366123443, ""17"": -0.13999236311807156, ""18"": -0.15256212352533902, ""19"": -0.03155421371404495, ""20"": 0.0014779990102419575, ""21"": 0.03138942108073017, ""22"": 0.02786219158730843, ""23"": 0.15257551319115079, ""24"": 0.6531167845403439, ""25"": 0.14966535000636025, ""26"": 0.05258241202470882, ""27"": 0.006277616333740637, ""28"": 0.007823015505514752, ""29"": -0.0491562151803592, ""30"": -0.13162525050508975, ""31"": -0.1654635636142972, ""32"": -0.10712808681086071, ""33"": -0.06557983170135158, ""34"": -0.08372409593986008, ""35"": 0.04757900069104354, ""36"": 0.038905887228588475, ""37"": 0.06937193398638195, ""38"": -0.08734675626110697, ""39"": -0.0727666241680481, ""40"": -0.12820782494044342, ""41"": -0.15698163716970162, ""42"": -0.1492902630613162, ""43"": -0.03470946332431587, ""44"": 0.0058714904249766945, ""45"": 0.040334536340556476, ""46"": 0.05658234809253803, ""47"": 0.1494534228268609, ""48"": 0.5529202763419035}","[5, 6, 7, 8, 9, 10, 11, 13, 14, 15, 16, 17, 18, 23, 24, 25, 26, 30, 31, 32, 33, 34, 37, 38, 39, 40, 41, 42, 46, 47, 48]","{""24"": 4543.072951847575, ""48"": 8339.005603255791}","{""24"": 0.0, ""48"": 0.0}",15151.39706838606,15901.852701396465,35.07488238137704,24,1.0,False,,,,,,False
Germany,2024-10-26,Austria-specific public holiday / Saturday,2024-10-25T18:00:00+02:00,2024-10-25T16:00:00+00:00,2024-10-25T16:00:00+00:00,24,ordinary,enhanced_ordinary_arima_p2_d1_q1,,2,1,1,n,identity,False,,completed,,success,converged,True,True,True,True,True,7361,4,-62923.305408642205,125854.6108172844,125854.61625502232,125882.22607813132,1.1028379058892948,1.0879254562505998,"[""DeprecationWarning: Setting the shape on a NumPy array has been deprecated in NumPy 2.5.\nAs an alternative, you can create a new view using np.reshape (with copy=False if needed).""]",[],0,7337,True,joint Ljung-Box and residual ACF rule,"{""1"": 0.20162881729253077, ""2"": -0.06451627192117346, ""3"": -0.11232998519629833, ""4"": 0.005248476532839605, ""5"": 0.041501386507775025, ""6"": -0.03495342874042489, ""7"": -0.08052014490619867, ""8"": -0.09132963635967681, ""9"": -0.05217945795105706, ""10"": -0.030794646190525746, ""11"": 0.10544986027552959, ""12"": 0.1252003841473119, ""13"": 0.13622745327961616, ""14"": -0.04193853825391424, ""15"": -0.07738655434281934, ""16"": -0.1381632326830944, ""17"": -0.11385957542709586, ""18"": -0.08350172297503058, ""19"": 0.02030378847029634, ""20"": -0.012096068235467205, ""21"": -0.08575131340153132, ""22"": -0.05840380890240287, ""23"": 0.2057256672472144, ""24"": 0.6507523195393674, ""25"": 0.21274762123023994, ""26"": -0.036150583483678785, ""27"": -0.10788197074783595, ""28"": -0.023545345584534794, ""29"": -0.011087643309818089, ""30"": -0.08795594763760674, ""31"": -0.13828728755764225, ""32"": -0.10449594931395256, ""33"": -0.07052067638240592, ""34"": -0.06181453811468706, ""35"": 0.0654243082832732, ""36"": 0.08936836984957072, ""37"": 0.09127647089193688, ""38"": -0.059694991032249324, ""39"": -0.08844198364688162, ""40"": -0.14217377889187566, ""41"": -0.15816909590751604, ""42"": -0.12323513332544894, ""43"": -0.017407375392393624, ""44"": -0.021637336271246668, ""45"": -0.06860927997666875, ""46"": -0.03647125243659578, ""47"": 0.16429546071760048, ""48"": 0.5173053363400215}","[1, 2, 3, 7, 8, 9, 11, 12, 13, 15, 16, 17, 18, 21, 22, 23, 24, 25, 27, 30, 31, 32, 33, 34, 35, 36, 37, 38, 39, 40, 41, 42, 45, 47, 48]","{""24"": 4769.7757644216745, ""48"": 8455.063105858071}","{""24"": 0.0, ""48"": 0.0}",11629.152366362274,12671.43428410807,27.23825117480328,24,1.0,False,,,,,,False
Germany,2024-10-26,Austria-specific public holiday / Saturday,2024-10-25T18:00:00+02:00,2024-10-25T16:00:00+00:00,2024-10-25T16:00:00+00:00,24,ordinary,enhanced_ordinary_arima_p2_d1_q2,,2,1,2,n,identity,False,,completed,,success,converged,True,True,True,True,True,7361,5,-62747.520612439024,125505.04122487803,125505.04938259388,125539.56030093666,1.1507055134291673,1.0551506635575232,"[""DeprecationWarning: Setting the shape on a NumPy array has been deprecated in NumPy 2.5.\nAs an alternative, you can create a new view using np.reshape (with copy=False if needed).""]",[],0,7337,True,joint Ljung-Box and residual ACF rule,"{""1"": 0.03830981567258682, ""2"": 0.030935969304774706, ""3"": -0.06837047112740799, ""4"": 0.03208552032237508, ""5"": 0.037836359605428055, ""6"": -0.04020697591214688, ""7"": -0.06483968121000103, ""8"": -0.07924487479388614, ""9"": -0.027738863511550044, ""10"": -0.0442167153128891, ""11"": 0.0994249567449903, ""12"": 0.07116957544672178, ""13"": 0.12950301048251062, ""14"": -0.06210315161899269, ""15"": -0.0418059417711856, ""16"": -0.12167948588589309, ""17"": -0.08193240667000819, ""18"": -0.08637480711475119, ""19"": 0.028659931668859426, ""20"": 0.0022495170515667794, ""21"": -0.039290448421753756, ""22"": -0.008057368437203125, ""23"": 0.1223948755923222, ""24"": 0.6212033932128629, ""25"": 0.12124321964354849, ""26"": 0.01654907894196917, ""27"": -0.0704353763921462, ""28"": 0.001828893739489333, ""29"": -0.009104541896178202, ""30"": -0.07966410812911176, ""31"": -0.12214835459662811, ""32"": -0.08845962813413691, ""33"": -0.05211152131092412, ""34"": -0.07442549950996818, ""35"": 0.05947367951665605, ""36"": 0.04152919226806282, ""37"": 0.08198971569850184, ""38"": -0.07866289182491265, ""39"": -0.0638573713280965, ""40"": -0.12485207245741867, ""41"": -0.1301854579405754, ""42"": -0.11753447574070121, ""43"": -0.010254571428541335, ""44"": -0.012959137084193321, ""45"": -0.03878620798076537, ""46"": -8.683791189275439e-05, ""47"": 0.09341639346131048, ""48"": 0.4937133450738851}","[3, 7, 8, 11, 12, 13, 14, 16, 17, 18, 23, 24, 25, 27, 30, 31, 32, 33, 34, 35, 37, 38, 39, 40, 41, 42, 47, 48]","{""24"": 3636.256209553345, ""48"": 6443.443364883367}","{""24"": 0.0, ""48"": 0.0}",11135.247345483202,12231.799230525336,26.144855032014487,24,1.0,False,,,,,,False
Germany,2024-10-26,Austria-specific public holiday / Saturday,2024-10-25T18:00:00+02:00,2024-10-25T16:00:00+00:00,2024-10-25T16:00:00+00:00,24,ordinary,enhanced_ordinary_arima_p2_d1_q3,,2,1,3,n,identity,False,,completed,,success,converged,True,True,True,True,True,7361,6,-62734.93263380792,125481.86526761584,125481.87668997102,125523.28815888618,1.1849086709381678,1.0425852693183073,"[""DeprecationWarning: Setting the shape on a NumPy array has been deprecated in NumPy 2.5.\nAs an alternative, you can create a new view using np.reshape (with copy=False if needed).""]",[],0,7337,True,joint Ljung-Box and residual ACF rule,"{""1"": 0.02506434786308422, ""2"": 0.0035348578572410275, ""3"": -0.025714817557333427, ""4"": 0.039695529584048046, ""5"": 0.043775206108585915, ""6"": -0.04176320866592943, ""7"": -0.06562696388863197, ""8"": -0.07142562614597851, ""9"": -0.02810077895336004, ""10"": -0.047182273847740146, ""11"": 0.08469557693222608, ""12"": 0.06204223447052953, ""13"": 0.11619532790079645, ""14"": -0.06538902135933297, ""15"": -0.04224660057009484, ""16"": -0.10862929819369908, ""17"": -0.07999097260236332, ""18"": -0.08320128291220995, ""19"": 0.03349205151706223, ""20"": 0.01474349351082306, ""21"": -0.01482932365145661, ""22"": -0.01895670567417698, ""23"": 0.11455337874749481, ""24"": 0.6208074847361639, ""25"": 0.11273735714512867, ""26"": 0.004660439474908465, ""27"": -0.04526501511253576, ""28"": 0.012875845228865644, ""29"": 0.00023292909880671337, ""30"": -0.07802292930592984, ""31"": -0.12080561021168376, ""32"": -0.07916787268603237, ""33"": -0.0506792307043866, ""34"": -0.07885767535518032, ""35"": 0.04744751411883857, ""36"": 0.03399453233341295, ""37"": 0.06999115037759679, ""38"": -0.08346961268853108, ""39"": -0.06364141496237946, ""40"": -0.11270670463386474, ""41"": -0.12737739384299618, ""42"": -0.11361630021933426, ""43"": -0.003952829423140576, ""44"": -0.004026712725588656, ""45"": -0.02033010093955568, ""46"": -0.009701964379354217, ""47"": 0.08671464188337887, ""48"": 0.49341543300297536}","[7, 8, 11, 12, 13, 14, 16, 17, 18, 23, 24, 25, 30, 31, 32, 33, 34, 37, 38, 39, 40, 41, 42, 47, 48]","{""24"": 3497.404144256355, ""48"": 6180.214824285231}","{""24"": 0.0, ""48"": 0.0}",10934.427399186245,12065.895110842044,25.706783086889,24,1.0,False,,,,,,False
Germany,2024-10-26,Austria-specific public holiday / Saturday,2024-10-25T18:00:00+02:00,2024-10-25T16:00:00+00:00,2024-10-25T16:00:00+00:00,24,ordinary,enhanced_ordinary_arima_p3_d1_q1,,3,1,1,n,identity,False,,completed,,success,converged,True,True,True,True,True,7361,5,-62746.715721747125,125503.43144349424,125503.43960121008,125537.95051955286,1.231550258904024,1.011540175812403,"[""DeprecationWarning: Setting the shape on a NumPy array has been deprecated in NumPy 2.5.\nAs an alternative, you can create a new view using np.reshape (with copy=False if needed).""]",[],0,7337,True,joint Ljung-Box and residual ACF rule,"{""1"": 0.03656216805045349, ""2"": 0.005971128921279958, ""3"": -0.03281849575704316, ""4"": 0.05366225623031222, ""5"": 0.052123535360523304, ""6"": -0.03565945485462565, ""7"": -0.05952389371572022, ""8"": -0.06455336907136643, ""9"": -0.018045521930701407, ""10"": -0.03657896994767854, ""11"": 0.09713446069293213, ""12"": 0.07517789575900681, ""13"": 0.12909666724599206, ""14"": -0.053003897848975204, ""15"": -0.03067001574284461, ""16"": -0.09992629274765455, ""17"": -0.07078887331207259, ""18"": -0.07440560035473755, ""19"": 0.04434184377780008, ""20"": 0.02695394722746856, ""21"": -0.0139105228398856, ""22"": -0.01384007126875904, ""23"": 0.1252599569813776, ""24"": 0.6269961118147472, ""25"": 0.12353567073212032, ""26"": 0.008810150541486036, ""27"": -0.0454459412532555, ""28"": 0.024007905096091634, ""29"": 0.008947594224113729, ""30"": -0.07134644339576654, ""31"": -0.1138861060948134, ""32"": -0.07245510077332196, ""33"": -0.04149015533981224, ""34"": -0.06912656288433033, ""35"": 0.05746862380709235, ""36"": 0.04466311815904078, ""37"": 0.07998438026320216, ""38"": -0.07403109538884224, ""39"": -0.05524607873754872, ""40"": -0.1072452062899932, ""41"": -0.12163946639821442, ""42"": -0.10904938685057015, ""43"": 0.001680449296928001, ""44"": 0.0030903141217867827, ""45"": -0.022844639183044385, ""46"": -0.009201382178259424, ""47"": 0.0918231067387635, ""48"": 0.4946188027131612}","[4, 5, 7, 8, 11, 12, 13, 14, 16, 17, 18, 23, 24, 25, 30, 31, 32, 34, 35, 37, 38, 39, 40, 41, 42, 47, 48]","{""24"": 3582.086303521367, ""48"": 6240.009213373724}","{""24"": 0.0, ""48"": 0.0}",9092.634841913708,10525.7821800006,21.63622725623968,24,1.0,False,,,,,,False
Germany,2024-10-26,Austria-specific public holiday / Saturday,2024-10-25T18:00:00+02:00,2024-10-25T16:00:00+00:00,2024-10-25T16:00:00+00:00,24,ordinary,enhanced_ordinary_arima_p3_d1_q2,,3,1,2,n,identity,False,,completed,,success,converged,True,True,True,True,True,7361,6,-62741.11667938219,125494.23335876438,125494.24478111956,125535.65625003472,1.1711373082869014,1.047596683888443,"[""DeprecationWarning: Setting the shape on a NumPy array has been deprecated in NumPy 2.5.\nAs an alternative, you can create a new view using np.reshape (with copy=False if needed)."", ""UserWarning: Non-stationary starting autoregressive parameters found. Using zeros as starting parameters."", ""UserWarning: Non-invertible starting MA parameters found. Using zeros as starting parameters.""]",[],0,7337,True,joint Ljung-Box and residual ACF rule,"{""1"": 0.03025861865515107, ""2"": 0.01717835500457582, ""3"": -0.05111886873047428, ""4"": 0.039809675095760576, ""5"": 0.043625660062266765, ""6"": -0.03959946197518788, ""7"": -0.06431984378216116, ""8"": -0.0756458463301623, ""9"": -0.028208406617275545, ""10"": -0.04755846157410122, ""11"": 0.09056979509215311, ""12"": 0.06423145040335641, ""13"": 0.12151844011794741, ""14"": -0.06532535345621951, ""15"": -0.041984133127331714, ""16"": -0.11541128444926402, ""17"": -0.07949921066324309, ""18"": -0.08326886712044225, ""19"": 0.03395328193786093, ""20"": 0.010957939646361128, ""21"": -0.028840586780446983, ""22"": -0.014134473765858172, ""23"": 0.11769362760517661, ""24"": 0.6210165819192505, ""25"": 0.11631284642082815, ""26"": 0.01012073288259677, ""27"": -0.0597452253710423, ""28"": 0.010194320687018896, ""29"": -0.0018696380141658322, ""30"": -0.07713467095343893, ""31"": -0.12030743757352085, ""32"": -0.08372932699263193, ""33"": -0.05150938670029475, ""34"": -0.07806126935636261, ""35"": 0.0519832247908904, ""36"": 0.035595504392407176, ""37"": 0.07469241115762727, ""38"": -0.08237509165553118, ""39"": -0.06365840360022598, ""40"": -0.11873792504455882, ""41"": -0.1273083121090785, ""42"": -0.11405405318437316, ""43"": -0.004678299580650156, ""44"": -0.006217560275832361, ""45"": -0.030944785580295713, ""46"": -0.0054552522136256726, ""47"": 0.08934716756895554, ""48"": 0.4934649970607444}","[3, 7, 8, 11, 12, 13, 14, 16, 17, 18, 23, 24, 25, 27, 30, 31, 32, 33, 34, 35, 37, 38, 39, 40, 41, 42, 47, 48]","{""24"": 3557.6979194823584, ""48"": 6287.472708516831}","{""24"": 0.0, ""48"": 0.0}",11034.335949171267,12149.845730521727,25.925638991457344,24,1.0,False,,,,,,False
Germany,2024-10-26,Austria-specific public holiday / Saturday,2024-10-25T18:00:00+02:00,2024-10-25T16:00:00+00:00,2024-10-25T16:00:00+00:00,24,ordinary,enhanced_ordinary_arima_p3_d1_q3,,3,1,3,n,identity,False,,completed,,success,converged,True,True,True,True,True,7361,7,-62729.38088489072,125472.76176978144,125472.7770016596,125521.0884762635,1.1744802936990826,1.04589989960059,"[""DeprecationWarning: Setting the shape on a NumPy array has been deprecated in NumPy 2.5.\nAs an alternative, you can create a new view using np.reshape (with copy=False if needed).""]",[],0,7337,True,joint Ljung-Box and residual ACF rule,"{""1"": 0.026157967638433637, ""2"": 0.0017776488198888165, ""3"": -0.012692617270112255, ""4"": 0.019929531998057783, ""5"": 0.04711703693255076, ""6"": -0.043396813766997694, ""7"": -0.06715043897535873, ""8"": -0.06998320783242892, ""9"": -0.030400242416159406, ""10"": -0.04282032034044646, ""11"": 0.08574286584492122, ""12"": 0.06626747576674843, ""13"": 0.11696535775206181, ""14"": -0.06150326431085865, ""15"": -0.044791623265687225, ""16"": -0.10720715533641932, ""17"": -0.08365319362895136, ""18"": -0.08324680920210459, ""19"": 0.03169297115000444, ""20"": 0.004374301960519744, ""21"": -0.010014819459156206, ""22"": -0.018545396992658433, ""23"": 0.11439173114882233, ""24"": 0.6202526556388032, ""25"": 0.11240254208328629, ""26"": 0.00487100724502593, ""27"": -0.03962013514527547, ""28"": 0.001164361320765102, ""29"": -0.0004963529331302039, ""30"": -0.07933291343091874, ""31"": -0.12269732205444474, ""32"": -0.07882697043107037, ""33"": -0.05255168097077302, ""34"": -0.07566137651016452, ""35"": 0.04922529917512703, ""36"": 0.037073703314054185, ""37"": 0.07130569896309592, ""38"": -0.08006879405917182, ""39"": -0.06580794410409284, ""40"": -0.11189494165291336, ""41"": -0.13060805353729021, ""42"": -0.11409810379514815, ""43"": -0.005251734087965659, ""44"": -0.012954143437020862, ""45"": -0.01601127023284313, ""46"": -0.009190778490521528, ""47"": 0.08665609751073461, ""48"": 0.49315756707322894}","[7, 8, 11, 12, 13, 14, 16, 17, 18, 23, 24, 25, 30, 31, 32, 33, 34, 37, 38, 39, 40, 41, 42, 47, 48]","{""24"": 3484.933015255748, ""48"": 6170.620386327613}","{""24"": 0.0, ""48"": 0.0}",10985.28689717024,12105.982968710992,25.81684512859121,24,1.0,False,,,,,,False
Germany,2024-10-26,Austria-specific public holiday / Saturday,2024-10-25T18:00:00+02:00,2024-10-25T16:00:00+00:00,2024-10-25T16:00:00+00:00,24,ordinary,enhanced_ordinary_arima_p4_d1_q1,,4,1,1,n,identity,False,,completed,,success,converged,True,True,True,True,True,7361,6,-62740.62930332742,125493.25860665484,125493.27002901002,125534.68149792518,1.1540133630092,1.0532772218249946,"[""DeprecationWarning: Setting the shape on a NumPy array has been deprecated in NumPy 2.5.\nAs an alternative, you can create a new view using np.reshape (with copy=False if needed).""]",[],0,7337,True,joint Ljung-Box and residual ACF rule,"{""1"": 0.025681877008827448, ""2"": 0.03324468982056541, ""3"": -0.05106524096891116, ""4"": 0.03009644387813991, ""5"": 0.03433141976963273, ""6"": -0.04467007753566166, ""7"": -0.06579151296751073, ""8"": -0.07663924161267106, ""9"": -0.025501129608598145, ""10"": -0.04305178331648494, ""11"": 0.09829778487549078, ""12"": 0.06879037768395276, ""13"": 0.12829958982730189, ""14"": -0.06199949119815036, ""15"": -0.03933558847836936, ""16"": -0.11784970025134199, ""17"": -0.08198088536849003, ""18"": -0.08950348299836845, ""19"": 0.025498574480906287, ""20"": 0.0021481953932976335, ""21"": -0.028565681600981063, ""22"": -0.005245366256825005, ""23"": 0.11589802624872626, ""24"": 0.6190333457991972, ""25"": 0.11385677212039381, ""26"": 0.01910131795181905, ""27"": -0.060088014789050695, ""28"": 0.0018670009369266712, ""29"": -0.011281921797736637, ""30"": -0.0823919230186939, ""31"": -0.12298885919650275, ""32"": -0.08577841433019245, ""33"": -0.05019714474221011, ""34"": -0.07403636741465244, ""35"": 0.059009594085685554, ""36"": 0.039779359665213176, ""37"": 0.08098977382960268, ""38"": -0.07903955703277318, ""39"": -0.06205357870768273, ""40"": -0.12141151994852623, ""41"": -0.13013561007476257, ""42"": -0.11952249210275617, ""43"": -0.012373993997342398, ""44"": -0.013778572687094592, ""45"": -0.03090871591244311, ""46"": 0.001933648663571117, ""47"": 0.08819715934177082, ""48"": 0.49241683016267895}","[3, 7, 8, 11, 12, 13, 14, 16, 17, 18, 23, 24, 25, 27, 30, 31, 32, 33, 34, 35, 37, 38, 39, 40, 41, 42, 47, 48]","{""24"": 3563.876000508439, ""48"": 6322.066547660806}","{""24"": 0.0, ""48"": 0.0}",11084.472329037531,12185.577209779209,26.031932384101896,24,1.0,False,,,,,,False
Germany,2024-10-26,Austria-specific public holiday / Saturday,2024-10-25T18:00:00+02:00,2024-10-25T16:00:00+00:00,2024-10-25T16:00:00+00:00,24,ordinary,enhanced_ordinary_arima_p4_d1_q2,,4,1,2,n,identity,False,,failed,AR roots fail stationarity threshold; MA roots fail invertibility threshold,success,converged,True,True,True,False,False,7361,7,0.0,14.0,14.015231878144975,62.32670648206045,1.0000000000027776,1.0027701077152729,"[""DeprecationWarning: Setting the shape on a NumPy array has been deprecated in NumPy 2.5.\nAs an alternative, you can create a new view using np.reshape (with copy=False if needed)."", ""UserWarning: Non-stationary starting autoregressive parameters found. Using zeros as starting parameters."", ""UserWarning: Non-invertible starting MA parameters found. Using zeros as starting parameters.""]",[],0,7337,True,joint Ljung-Box and residual ACF rule,"{""1"": 0.966978030806041, ""2"": 0.8809478570588335, ""3"": 0.7618613016857777, ""4"": 0.6285856401695722, ""5"": 0.4957705283234901, ""6"": 0.375135829158323, ""7"": 0.27565408692350973, ""8"": 0.201690442913198, ""9"": 0.15244886574638492, ""10"": 0.12271465823647076, ""11"": 0.1052420127898785, ""12"": 0.092878383763418, ""13"": 0.08284248958028761, ""14"": 0.07776166383681328, ""15"": 0.08552202180450336, ""16"": 0.11404167720928816, ""17"": 0.16891354747605566, ""18"": 0.250602314611961, ""19"": 0.3541171997334919, ""20"": 0.46954339394928485, ""21"": 0.5847187251584496, ""22"": 0.6853491912890418, ""23"": 0.754658678075448, ""24"": 0.7758075738993423, ""25"": 0.7396403611172186, ""26"": 0.6551888524329951, ""27"": 0.5393327164859689, ""28"": 0.4093865993457335, ""29"": 0.27968008752997586, ""30"": 0.16212963671727298, ""31"": 0.06572789324948645, ""32"": -0.00531936101846539, ""33"": -0.05239660410312044, ""34"": -0.08072888721736854, ""35"": -0.09719781873215766, ""36"": -0.10856055512634942, ""37"": -0.11751148950226989, ""38"": -0.12158645498365656, ""39"": -0.11351278290584223, ""40"": -0.08576279344374962, ""41"": -0.03275958554932737, ""42"": 0.04649686184425035, ""43"": 0.1471935450358276, ""44"": 0.2593373937908512, ""45"": 0.37050045418135324, ""46"": 0.46662578156973683, ""47"": 0.5322593915542632, ""48"": 0.5528773287963443}","[1, 2, 3, 4, 5, 6, 7, 8, 9, 10, 11, 12, 13, 14, 15, 16, 17, 18, 19, 20, 21, 22, 23, 24, 25, 26, 27, 28, 29, 30, 31, 33, 34, 35, 36, 37, 38, 39, 40, 43, 44, 45, 46, 47, 48]","{""24"": 41905.078041514316, ""48"": 61512.730336603105}","{""24"": 0.0, ""48"": 0.0}",,,,0,0.0,False,,,,,,False
Germany,2024-10-27,autumn-DST Sunday,2024-10-26T18:00:00+02:00,2024-10-26T16:00:00+00:00,2024-10-26T16:00:00+00:00,25,ordinary,enhanced_ordinary_arima_p1_d1_q1,,1,1,1,n,identity,False,,completed,,success,converged,True,True,True,True,True,7385,3,-63436.59004867045,126879.1800973409,126879.18334893284,126899.90130966944,1.487692433893716,2.6215262928519807,"[""DeprecationWarning: Setting the shape on a NumPy array has been deprecated in NumPy 2.5.\nAs an alternative, you can create a new view using np.reshape (with copy=False if needed).""]",[],0,7361,True,joint Ljung-Box and residual ACF rule,"{""1"": 0.08131103665402241, ""2"": 0.12364548020958584, ""3"": -0.08658094321223585, ""4"": -0.03355489144394436, ""5"": -0.07610998427379474, ""6"": -0.15216888668906337, ""7"": -0.16456868905928992, ""8"": -0.16277709172794821, ""9"": -0.07431165074524264, ""10"": -0.06358307816237017, ""11"": 0.10323832000432896, ""12"": 0.07017529829425517, ""13"": 0.13011415256518682, ""14"": -0.07721176940166377, ""15"": -0.07564886951928798, ""16"": -0.1922667542558606, ""17"": -0.16065769427785648, ""18"": -0.1750891629370453, ""19"": -0.05181288984795932, ""20"": -0.0387054189355304, ""21"": -0.020571426595280377, ""22"": 0.08474303259702903, ""23"": 0.19641382208762564, ""24"": 0.6686096834513112, ""25"": 0.19457115310264428, ""26"": 0.11088821963826914, ""27"": -0.04796473124247038, ""28"": -0.028593756313860966, ""29"": -0.08140352481744254, ""30"": -0.15098657233426754, ""31"": -0.18370312586646156, ""32"": -0.13911049603510486, ""33"": -0.06941991462473833, ""34"": -0.0604652046757233, ""35"": 0.09410536696586744, ""36"": 0.07167311042821509, ""37"": 0.11243440543676535, ""38"": -0.06336535020640628, ""39"": -0.07189016354316574, ""40"": -0.16660777237410204, ""41"": -0.17754686521870897, ""42"": -0.17294624797458277, ""43"": -0.06002173744051982, ""44"": -0.02518314201888259, ""45"": 0.0018203546576678969, ""46"": 0.10503237938734891, ""47"": 0.18816337309507408, ""48"": 0.5690021817765956}","[1, 2, 3, 5, 6, 7, 8, 9, 10, 11, 12, 13, 14, 15, 16, 17, 18, 19, 22, 23, 24, 25, 26, 29, 30, 31, 32, 33, 34, 35, 36, 37, 38, 39, 40, 41, 42, 43, 46, 47, 48]","{""24"": 5593.354855421766, ""48"": 10360.277079060403}","{""24"": 0.0, ""48"": 0.0}",11604.69595141776,12822.426831151512,28.57175183090044,25,1.0,False,,,,,,False
Germany,2024-10-27,autumn-DST Sunday,2024-10-26T18:00:00+02:00,2024-10-26T16:00:00+00:00,2024-10-26T16:00:00+00:00,25,ordinary,enhanced_ordinary_arima_p1_d1_q2,,1,1,2,n,identity,False,,completed,,success,converged,True,True,True,True,True,7385,4,-63313.50897576392,126635.01795152784,126635.02337158204,126662.64623463256,1.847537307041164,2.012488710903886,"[""DeprecationWarning: Setting the shape on a NumPy array has been deprecated in NumPy 2.5.\nAs an alternative, you can create a new view using np.reshape (with copy=False if needed).""]",[],0,7361,True,joint Ljung-Box and residual ACF rule,"{""1"": 0.03895366130752669, ""2"": 0.030731999460023893, ""3"": 0.032000876295032205, ""4"": -0.03803986506716444, ""5"": -0.04772778036632376, ""6"": -0.13016004662811417, ""7"": -0.15389655662793836, ""8"": -0.13369721758157932, ""9"": -0.07664109662759287, ""10"": -0.07100609643886659, ""11"": 0.06070057886429741, ""12"": 0.04586642944054045, ""13"": 0.09080137718999187, ""14"": -0.08677711992918297, ""15"": -0.08191365602703987, ""16"": -0.15439132938242728, ""17"": -0.15089497905687785, ""18"": -0.15010503732859953, ""19"": -0.03534205530603485, ""20"": -0.022947507749248492, ""21"": 0.035561344351371905, ""22"": 0.03487068073429493, ""23"": 0.15901441951045683, ""24"": 0.6553976195274045, ""25"": 0.1561569653233785, ""26"": 0.05996318417352263, ""27"": 0.012179080879299226, ""28"": -0.018474322207742873, ""29"": -0.05195846179299739, ""30"": -0.13140950408548618, ""31"": -0.1724286921477572, ""32"": -0.1105412080255598, ""33"": -0.0693679111976638, ""34"": -0.07481697078913657, ""35"": 0.05738420541475414, ""36"": 0.04858223148632589, ""37"": 0.07583529649642526, ""38"": -0.07729473438619569, ""39"": -0.0754322574241599, ""40"": -0.13176223933353867, ""41"": -0.1661174378795876, ""42"": -0.14880326098169622, ""43"": -0.03887648073543872, ""44"": -0.014874880500064773, ""45"": 0.04500849007586804, ""46"": 0.062396853901088005, ""47"": 0.1550697087781031, ""48"": 0.5558217760676875}","[6, 7, 8, 9, 10, 11, 13, 14, 15, 16, 17, 18, 23, 24, 25, 26, 29, 30, 31, 32, 33, 34, 35, 37, 38, 39, 40, 41, 42, 46, 47, 48]","{""24"": 4674.818531351171, ""48"": 8612.04918947753}","{""24"": 0.0, ""48"": 0.0}",11188.52297543825,12469.60983990202,27.622649602097333,25,1.0,False,,,,,,False
Germany,2024-10-27,autumn-DST Sunday,2024-10-26T18:00:00+02:00,2024-10-26T16:00:00+00:00,2024-10-26T16:00:00+00:00,25,ordinary,enhanced_ordinary_arima_p1_d1_q3,,1,1,3,n,identity,False,,completed,,success,converged,True,True,True,True,True,7385,5,-63303.94379787882,126617.88759575764,126617.89572694073,126652.42294963857,2.2224435564957035,2.0036140481029343,"[""DeprecationWarning: Setting the shape on a NumPy array has been deprecated in NumPy 2.5.\nAs an alternative, you can create a new view using np.reshape (with copy=False if needed).""]",[],0,7361,True,joint Ljung-Box and residual ACF rule,"{""1"": 0.030283936105799145, ""2"": 0.023978693865362305, ""3"": 0.01925246088157095, ""4"": 0.005241217694257631, ""5"": -0.05230908041372531, ""6"": -0.1313960121421461, ""7"": -0.14363829487601798, ""8"": -0.1319482098065965, ""9"": -0.07296470821965692, ""10"": -0.08042491241229495, ""11"": 0.052936341909775975, ""12"": 0.034165210572589075, ""13"": 0.08391034570286748, ""14"": -0.09667347984994677, ""15"": -0.07846187245792466, ""16"": -0.15207322313953658, ""17"": -0.14013804906199204, ""18"": -0.15230851474093762, ""19"": -0.03212979497217984, ""20"": 0.0011379446210477877, ""21"": 0.03141254737645578, ""22"": 0.02714734257435753, ""23"": 0.15252781216130953, ""24"": 0.6532333261280467, ""25"": 0.150096127838786, ""26"": 0.052483511293345414, ""27"": 0.006547927146340891, ""28"": 0.008002477182867633, ""29"": -0.049177408296354704, ""30"": -0.13118241777834613, ""31"": -0.16530338143687573, ""32"": -0.10715073609228543, ""33"": -0.066249338077774, ""34"": -0.08399048075937957, ""35"": 0.048657935770824834, ""36"": 0.039374342622113256, ""37"": 0.06809131440174425, ""38"": -0.08715369940258239, ""39"": -0.07229796702400691, ""40"": -0.12869394977160142, ""41"": -0.1567077391839408, ""42"": -0.1491343052767415, ""43"": -0.035457558287567345, ""44"": 0.005612237097701078, ""45"": 0.040441246229473135, ""46"": 0.05562345502973522, ""47"": 0.14961934500659355, ""48"": 0.553424626392933}","[5, 6, 7, 8, 9, 10, 11, 13, 14, 15, 16, 17, 18, 23, 24, 25, 26, 30, 31, 32, 33, 34, 37, 38, 39, 40, 41, 42, 46, 47, 48]","{""24"": 4555.379296621722, ""48"": 8367.42250073218}","{""24"": 0.0, ""48"": 0.0}",10913.99438593549,12227.31017876113,26.98830038327163,25,1.0,False,,,,,,False
Germany,2024-10-27,autumn-DST Sunday,2024-10-26T18:00:00+02:00,2024-10-26T16:00:00+00:00,2024-10-26T16:00:00+00:00,25,ordinary,enhanced_ordinary_arima_p2_d1_q1,,2,1,1,n,identity,False,,completed,,success,converged,True,True,True,True,True,7385,4,-63126.50356794395,126261.0071358879,126261.01255594211,126288.63541899264,1.1027674019367524,1.0879959420408516,"[""DeprecationWarning: Setting the shape on a NumPy array has been deprecated in NumPy 2.5.\nAs an alternative, you can create a new view using np.reshape (with copy=False if needed).""]",[],0,7361,True,joint Ljung-Box and residual ACF rule,"{""1"": 0.20212259654139855, ""2"": -0.06464050826434, ""3"": -0.11245056993676768, ""4"": 0.004866667286549994, ""5"": 0.04141630422039556, ""6"": -0.03490813179880792, ""7"": -0.08039019494246803, ""8"": -0.09113757397868326, ""9"": -0.05203148132903986, ""10"": -0.030526149344647292, ""11"": 0.10577675220132493, ""12"": 0.1256612572358292, ""13"": 0.13510146717678917, ""14"": -0.04203687556053234, ""15"": -0.07695343941356324, ""16"": -0.13818401413114295, ""17"": -0.11399909224991611, ""18"": -0.08337606486458503, ""19"": 0.019726375846522273, ""20"": -0.012684429035938015, ""21"": -0.08616246957145336, ""22"": -0.059208987112568355, ""23"": 0.20589142772400604, ""24"": 0.6508724305089083, ""25"": 0.21334682550113818, ""26"": -0.03644050544812251, ""27"": -0.10792080153121184, ""28"": -0.023699199685710007, ""29"": -0.011130157173729944, ""30"": -0.08753376780053777, ""31"": -0.13817666546666546, ""32"": -0.10491143574607777, ""33"": -0.0714026583116819, ""34"": -0.061637620160681646, ""35"": 0.06697684428903929, ""36"": 0.09018402578295799, ""37"": 0.09023490224276412, ""38"": -0.059650938264991016, ""39"": -0.08800252803710899, ""40"": -0.14215886861797128, ""41"": -0.15777966310315988, ""42"": -0.12310554708002037, ""43"": -0.018052078000746378, ""44"": -0.02201976396785182, ""45"": -0.06877756279586364, ""46"": -0.03728279371485927, ""47"": 0.16475726284689104, ""48"": 0.5179799703083982}","[1, 2, 3, 7, 8, 9, 11, 12, 13, 15, 16, 17, 18, 21, 22, 23, 24, 25, 27, 30, 31, 32, 33, 34, 35, 36, 37, 38, 39, 40, 41, 42, 45, 47, 48]","{""24"": 4787.981416875973, ""48"": 8494.672737724355}","{""24"": 0.0, ""48"": 0.0}",6128.754445423839,8026.555595821818,15.757340151600992,25,1.0,False,,,,,,False
Germany,2024-10-27,autumn-DST Sunday,2024-10-26T18:00:00+02:00,2024-10-26T16:00:00+00:00,2024-10-26T16:00:00+00:00,25,ordinary,enhanced_ordinary_arima_p2_d1_q2,,2,1,2,n,identity,False,,completed,,success,converged,True,True,True,True,True,7385,5,-62948.89211715818,125907.78423431636,125907.79236549944,125942.31958819728,1.1507444461610246,1.0550768242819706,"[""DeprecationWarning: Setting the shape on a NumPy array has been deprecated in NumPy 2.5.\nAs an alternative, you can create a new view using np.reshape (with copy=False if needed).""]",[],0,7361,True,joint Ljung-Box and residual ACF rule,"{""1"": 0.03832205775585472, ""2"": 0.031061560244041563, ""3"": -0.06832460509352731, ""4"": 0.031826948762499564, ""5"": 0.037770146030820906, ""6"": -0.04013157998487039, ""7"": -0.06466176067771899, ""8"": -0.07904457019907118, ""9"": -0.027493734289682, ""10"": -0.04395500381363622, ""11"": 0.09962716716086072, ""12"": 0.07160279212282274, ""13"": 0.12839984000868043, ""14"": -0.06210054864343807, ""15"": -0.04127323091715526, ""16"": -0.12177609707647041, ""17"": -0.0820336483001037, ""18"": -0.08622578625917725, ""19"": 0.02808704818471362, ""20"": 0.0017641852622217644, ""21"": -0.039387951083046185, ""22"": -0.008786864964522249, ""23"": 0.12233075394371888, ""24"": 0.6211328185201302, ""25"": 0.12160310438039741, ""26"": 0.016386190014335666, ""27"": -0.0703165523784865, ""28"": 0.0017482815150241552, ""29"": -0.009211367756031479, ""30"": -0.07923490182016618, ""31"": -0.12205585747794116, ""32"": -0.08862793745235023, ""33"": -0.05279544729710872, ""34"": -0.07440671929811206, ""35"": 0.06072438095484073, ""36"": 0.042267456968157244, ""37"": 0.0809171048201012, ""38"": -0.07847462134578342, ""39"": -0.06335855549099906, ""40"": -0.12500053048278845, ""41"": -0.12978407597168268, ""42"": -0.11738368323625394, ""43"": -0.010869925187374615, ""44"": -0.013304127330581965, ""45"": -0.03869822048866531, ""46"": -0.0009040186854266761, ""47"": 0.09363056301329913, ""48"": 0.49420126717581997}","[3, 7, 8, 11, 12, 13, 14, 16, 17, 18, 23, 24, 25, 27, 30, 31, 32, 33, 34, 35, 37, 38, 39, 40, 41, 42, 47, 48]","{""24"": 3644.8145773907504, ""48"": 6464.496758586749}","{""24"": 0.0, ""48"": 0.0}",6786.195418829402,8799.394049308694,17.423968528277793,25,1.0,False,,,,,,False
Germany,2024-10-27,autumn-DST Sunday,2024-10-26T18:00:00+02:00,2024-10-26T16:00:00+00:00,2024-10-26T16:00:00+00:00,25,ordinary,enhanced_ordinary_arima_p2_d1_q3,,2,1,3,n,identity,False,,completed,,success,converged,True,True,True,True,True,7385,6,-62936.131090983166,125884.26218196632,125884.27356716555,125925.70460662345,1.185214707073136,1.0423170911844402,"[""DeprecationWarning: Setting the shape on a NumPy array has been deprecated in NumPy 2.5.\nAs an alternative, you can create a new view using np.reshape (with copy=False if needed).""]",[],0,7361,True,joint Ljung-Box and residual ACF rule,"{""1"": 0.025001988545226467, ""2"": 0.0035735936448323953, ""3"": -0.02532512750377729, ""4"": 0.03943206483622452, ""5"": 0.04371379829260364, ""6"": -0.04169253213765531, ""7"": -0.06543664564292677, ""8"": -0.0711551235834662, ""9"": -0.027792630307129258, ""10"": -0.046883161985917944, ""11"": 0.0849727818691187, ""12"": 0.06255154124630431, ""13"": 0.11506743066676726, ""14"": -0.06528882389094966, ""15"": -0.04157996241074343, ""16"": -0.10868952538103684, ""17"": -0.08010644872826037, ""18"": -0.08299909221055814, ""19"": 0.03287709020053532, ""20"": 0.014317167313767115, ""21"": -0.014667460361207998, ""22"": -0.019682190721735448, ""23"": 0.11441264705461038, ""24"": 0.620752293040515, ""25"": 0.11303947405090452, ""26"": 0.00447837798104471, ""27"": -0.044932952427359917, ""28"": 0.012799979379269537, ""29"": 9.755712945410752e-05, ""30"": -0.07761659296379071, ""31"": -0.12068987384411986, ""32"": -0.07922157465126486, ""33"": -0.05132016388362887, ""34"": -0.07888222135454573, ""35"": 0.04873246019227477, ""36"": 0.034734220098842084, ""37"": 0.06885202235819338, ""38"": -0.08320248589031087, ""39"": -0.06306201634493026, ""40"": -0.11289213515461465, ""41"": -0.12701424085171095, ""42"": -0.11344763726753122, ""43"": -0.004649292603760672, ""44"": -0.004342964529246559, ""45"": -0.020070695383575296, ""46"": -0.010605264166968734, ""47"": 0.08684498681038048, ""48"": 0.493867561656472}","[7, 8, 11, 12, 13, 14, 16, 17, 18, 23, 24, 25, 30, 31, 32, 33, 34, 37, 38, 39, 40, 41, 42, 47, 48]","{""24"": 3505.0017900747193, ""48"": 6198.876525972638}","{""24"": 0.0, ""48"": 0.0}",7233.835283739704,9279.066230876366,18.53266042412025,25,1.0,False,,,,,,False
Germany,2024-10-27,autumn-DST Sunday,2024-10-26T18:00:00+02:00,2024-10-26T16:00:00+00:00,2024-10-26T16:00:00+00:00,25,ordinary,enhanced_ordinary_arima_p3_d1_q1,,3,1,1,n,identity,False,,completed,,success,converged,True,True,True,True,True,7385,5,-62947.510924212445,125905.02184842488,125905.02997960798,125939.5572023058,1.2326445503309889,1.0111427878166843,"[""DeprecationWarning: Setting the shape on a NumPy array has been deprecated in NumPy 2.5.\nAs an alternative, you can create a new view using np.reshape (with copy=False if needed).""]",[],0,7361,True,joint Ljung-Box and residual ACF rule,"{""1"": 0.0365383384577266, ""2"": 0.005892825523681402, ""3"": -0.032550862959833685, ""4"": 0.05355293574338363, ""5"": 0.05213427745411081, ""6"": -0.035592408260390264, ""7"": -0.05937971055146894, ""8"": -0.064373472112133, ""9"": -0.017879449641686494, ""10"": -0.036438674545970655, ""11"": 0.09724416242877969, ""12"": 0.0755233549111804, ""13"": 0.12784239308680515, ""14"": -0.05302753836048598, ""15"": -0.03007656030768098, ""16"": -0.09998820858525129, ""17"": -0.0708808796927303, ""18"": -0.07415836766908994, ""19"": 0.043870235038450486, ""20"": 0.026668612399763383, ""21"": -0.013782070904537076, ""22"": -0.014611920460493933, ""23"": 0.12514168968155026, ""24"": 0.6269939366017396, ""25"": 0.12391045724015513, ""26"": 0.008609158206397282, ""27"": -0.04512851573347109, ""28"": 0.024083330643595094, ""29"": 0.008943942432080507, ""30"": -0.07087414088566067, ""31"": -0.1137245365322452, ""32"": -0.07252233199840513, ""33"": -0.042192234592334434, ""34"": -0.06922991453831025, ""35"": 0.05862262817038418, ""36"": 0.04533742599479317, ""37"": 0.07881473939982804, ""38"": -0.07379094272801302, ""39"": -0.05462615860781273, ""40"": -0.10731423705289508, ""41"": -0.12116045030062814, ""42"": -0.1087381889527941, ""43"": 0.001220538910145652, ""44"": 0.00299745192391654, ""45"": -0.02251853325632012, ""46"": -0.010044792113954766, ""47"": 0.0920476707711341, ""48"": 0.49519598345290106}","[4, 5, 7, 8, 11, 12, 13, 14, 16, 17, 18, 23, 24, 25, 30, 31, 32, 34, 35, 37, 38, 39, 40, 41, 42, 47, 48]","{""24"": 3590.3963811134277, ""48"": 6259.857692473554}","{""24"": 0.0, ""48"": 0.0}",8798.325953731948,10710.987513145488,22.25590778599736,25,1.0,False,,,,,,False
Germany,2024-10-27,autumn-DST Sunday,2024-10-26T18:00:00+02:00,2024-10-26T16:00:00+00:00,2024-10-26T16:00:00+00:00,25,ordinary,enhanced_ordinary_arima_p3_d1_q2,,3,1,2,n,identity,False,,completed,,success,converged,True,True,True,True,True,7385,6,-62942.37016908651,125896.74033817304,125896.75172337226,125938.18276283013,1.171456480696095,1.0473647049964725,"[""DeprecationWarning: Setting the shape on a NumPy array has been deprecated in NumPy 2.5.\nAs an alternative, you can create a new view using np.reshape (with copy=False if needed)."", ""UserWarning: Non-stationary starting autoregressive parameters found. Using zeros as starting parameters."", ""UserWarning: Non-invertible starting MA parameters found. Using zeros as starting parameters.""]",[],0,7361,True,joint Ljung-Box and residual ACF rule,"{""1"": 0.030218002066809104, ""2"": 0.0172040219586987, ""3"": -0.05086756075423034, ""4"": 0.0396473887410735, ""5"": 0.04362721882966167, ""6"": -0.03950249726576835, ""7"": -0.06411671394851474, ""8"": -0.07539354907156082, ""9"": -0.027935809331399997, ""10"": -0.04729709045370408, ""11"": 0.09076679266850848, ""12"": 0.0646551141843642, ""13"": 0.1203571659679144, ""14"": -0.06530105031099095, ""15"": -0.04138576715014651, ""16"": -0.11545398273245755, ""17"": -0.07958022792269528, ""18"": -0.08306758074733077, ""19"": 0.033423677646246285, ""20"": 0.010581810982714646, ""21"": -0.02878084599615766, ""22"": -0.014890773981486612, ""23"": 0.11758256091637567, ""24"": 0.6209538838921032, ""25"": 0.1166332787725484, ""26"": 0.009915910139025702, ""27"": -0.05949789045534564, ""28"": 0.0101889817001594, ""29"": -0.0019295905554965378, ""30"": -0.07668445861682235, ""31"": -0.12017635804791599, ""32"": -0.08382311068430882, ""33"": -0.052179160893552165, ""34"": -0.07808794410754065, ""35"": 0.053200276156232185, ""36"": 0.03628634207330443, ""37"": 0.07353513949901591, ""38"": -0.08218636116794018, ""39"": -0.06312666604100362, ""40"": -0.11887465763011111, ""41"": -0.12690742313871797, ""42"": -0.1138762608538269, ""43"": -0.00527880471713836, ""44"": -0.006490349986559347, ""45"": -0.030759775910836958, ""46"": -0.006346714162443774, ""47"": 0.08950081912985276, ""48"": 0.49392717760073396}","[3, 7, 8, 11, 12, 13, 14, 16, 17, 18, 23, 24, 25, 27, 30, 31, 32, 33, 34, 35, 37, 38, 39, 40, 41, 42, 47, 48]","{""24"": 3565.34645322311, ""48"": 6306.365243650035}","{""24"": 0.0, ""48"": 0.0}",7046.37168269401,9077.96850266193,18.068746624772185,25,1.0,False,,,,,,False
Germany,2024-10-27,autumn-DST Sunday,2024-10-26T18:00:00+02:00,2024-10-26T16:00:00+00:00,2024-10-26T16:00:00+00:00,25,ordinary,enhanced_ordinary_arima_p3_d1_q3,,3,1,3,n,identity,False,,completed,,success,converged,True,True,True,True,True,7385,7,-62930.63576098495,125875.2715219699,125875.28670429334,125923.6210174032,1.1746469195742588,1.0457698386801673,"[""DeprecationWarning: Setting the shape on a NumPy array has been deprecated in NumPy 2.5.\nAs an alternative, you can create a new view using np.reshape (with copy=False if needed).""]",[],0,7361,True,joint Ljung-Box and residual ACF rule,"{""1"": 0.026148118817837906, ""2"": 0.0018933239057110135, ""3"": -0.012500463148483581, ""4"": 0.019796118043408265, ""5"": 0.04704560261891422, ""6"": -0.04325893188552733, ""7"": -0.06695235882250945, ""8"": -0.06977908733218068, ""9"": -0.03010764844454601, ""10"": -0.04264301494375809, ""11"": 0.08593333929012749, ""12"": 0.06668301828492451, ""13"": 0.11576790094615848, ""14"": -0.061510299140706375, ""15"": -0.044165456476490804, ""16"": -0.10737055236209003, ""17"": -0.08375348167472044, ""18"": -0.08300794173628215, ""19"": 0.03107231750672703, ""20"": 0.003993023279096826, ""21"": -0.009964063983599284, ""22"": -0.019268876381329233, ""23"": 0.11426755615498185, ""24"": 0.6202010106107776, ""25"": 0.11273306764419433, ""26"": 0.0047045795614164415, ""27"": -0.03938608048594854, ""28"": 0.001152976926714765, ""29"": -0.0006177881184440613, ""30"": -0.07888147661259623, ""31"": -0.12259566819238943, ""32"": -0.07893262556123769, ""33"": -0.05320055062276101, ""34"": -0.07579262098129307, ""35"": 0.05044252462037669, ""36"": 0.03774182510636494, ""37"": 0.07010681865318968, ""38"": -0.07987485662217751, ""39"": -0.06525194238019633, ""40"": -0.11216084740631027, ""41"": -0.13020805410713684, ""42"": -0.11387579957503983, ""43"": -0.005948043073826682, ""44"": -0.013205570951097402, ""45"": -0.01580765886336974, ""46"": -0.01008045029404073, ""47"": 0.0868337558161457, ""48"": 0.493632382823441}","[7, 8, 11, 12, 13, 14, 16, 17, 18, 23, 24, 25, 30, 31, 32, 33, 34, 35, 37, 38, 39, 40, 41, 42, 47, 48]","{""24"": 3492.911918558179, ""48"": 6190.220034767808}","{""24"": 0.0, ""48"": 0.0}",7105.679981576112,9142.877142715522,18.216434307507523,25,1.0,False,,,,,,False
Germany,2024-10-27,autumn-DST Sunday,2024-10-26T18:00:00+02:00,2024-10-26T16:00:00+00:00,2024-10-26T16:00:00+00:00,25,ordinary,enhanced_ordinary_arima_p4_d1_q1,,4,1,1,n,identity,False,,completed,,success,converged,True,True,True,True,True,7385,6,-62941.88423136775,125895.7684627355,125895.77984793474,125937.2108873926,1.1542573051266822,1.053107691082862,"[""DeprecationWarning: Setting the shape on a NumPy array has been deprecated in NumPy 2.5.\nAs an alternative, you can create a new view using np.reshape (with copy=False if needed).""]",[],0,7361,True,joint Ljung-Box and residual ACF rule,"{""1"": 0.025610000082544035, ""2"": 0.033185695064504354, ""3"": -0.05080402772703273, ""4"": 0.02992474455737029, ""5"": 0.03432336957290044, ""6"": -0.04459416745632623, ""7"": -0.06561166522158227, ""8"": -0.07639560316701989, ""9"": -0.025246542226558446, ""10"": -0.042833708629637354, ""11"": 0.09840301496160304, ""12"": 0.06917842656851933, ""13"": 0.12711157386269098, ""14"": -0.06199833247709518, ""15"": -0.03878016255315902, ""16"": -0.11790228472102258, ""17"": -0.0820705998702078, ""18"": -0.08930779774385018, ""19"": 0.024961431065012404, ""20"": 0.0017669382895869324, ""21"": -0.028513852097003644, ""22"": -0.006059520388271963, ""23"": 0.11577529307125553, ""24"": 0.6189644906831788, ""25"": 0.11416529783026365, ""26"": 0.018851522559401243, ""27"": -0.05982710747169033, ""28"": 0.001881106260814858, ""29"": -0.011326478370486955, ""30"": -0.08195455468252542, ""31"": -0.12288995044801788, ""32"": -0.08586097966602389, ""33"": -0.05084831005394573, ""34"": -0.07408396979791113, ""35"": 0.06016704061712774, ""36"": 0.04046547457441539, ""37"": 0.07983315598185514, ""38"": -0.07884815126396023, ""39"": -0.06153206981489119, ""40"": -0.12153329819217631, ""41"": -0.1297146268554686, ""42"": -0.11932517138927662, ""43"": -0.012955070376645209, ""44"": -0.014041247781951349, ""45"": -0.03070229462332867, ""46"": 0.0010253263143499398, ""47"": 0.08836336407765215, ""48"": 0.4928972716963067}","[3, 7, 8, 11, 12, 13, 14, 16, 17, 18, 23, 24, 25, 27, 30, 31, 32, 33, 34, 35, 37, 38, 39, 40, 41, 42, 47, 48]","{""24"": 3571.3567092729804, ""48"": 6340.857123213981}","{""24"": 0.0, ""48"": 0.0}",6842.442515136569,8861.125411935927,17.564926527015206,25,1.0,False,,,,,,False
Germany,2024-10-27,autumn-DST Sunday,2024-10-26T18:00:00+02:00,2024-10-26T16:00:00+00:00,2024-10-26T16:00:00+00:00,25,ordinary,enhanced_ordinary_arima_p4_d1_q2,,4,1,2,n,identity,False,,failed,AR roots fail stationarity threshold; MA roots fail invertibility threshold,success,converged,True,True,True,False,False,7385,7,-62940.00286375478,125894.00572750956,125894.020909833,125942.35522294285,1.002512884752552,1.005635960683281,"[""DeprecationWarning: Setting the shape on a NumPy array has been deprecated in NumPy 2.5.\nAs an alternative, you can create a new view using np.reshape (with copy=False if needed)."", ""UserWarning: Non-stationary starting autoregressive parameters found. Using zeros as starting parameters."", ""UserWarning: Non-invertible starting MA parameters found. Using zeros as starting parameters."", ""ConvergenceWarning: Maximum Likelihood optimization failed to converge. Check mle_retvals"", ""DeprecationWarning: Setting the shape on a NumPy array has been deprecated in NumPy 2.5.\nAs an alternative, you can create a new view using np.reshape (with copy=False if needed)."", ""UserWarning: Non-stationary starting autoregressive parameters found. Using zeros as starting parameters."", ""UserWarning: Non-invertible starting MA parameters found. Using zeros as starting parameters.""]",[],1,7361,True,joint Ljung-Box and residual ACF rule,"{""1"": 0.04177932464559659, ""2"": -0.013411762643143924, ""3"": -0.03849044034683009, ""4"": 0.04552436508323397, ""5"": 0.058192800990677924, ""6"": -0.040546712127513235, ""7"": -0.058927782185057745, ""8"": -0.07762265492865024, ""9"": -0.025755948512970285, ""10"": -0.05577102757120327, ""11"": 0.08673021795463778, ""12"": 0.05695148734804626, ""13"": 0.11763862991176945, ""14"": -0.07265169394041716, ""15"": -0.03973669078018986, ""16"": -0.115462445963874, ""17"": -0.07352667762835911, ""18"": -0.08205591971239486, ""19"": 0.046548921461446686, ""20"": 0.01674242267404593, ""21"": -0.020880182576374192, ""22"": -0.03317823458406024, ""23"": 0.12517557842000984, ""24"": 0.6219150754028415, ""25"": 0.12494505114074322, ""26"": -0.008662264304542986, ""27"": -0.050863652117341326, ""28"": 0.015208349690930531, ""29"": 0.01308084109483094, ""30"": -0.07723776915575202, ""31"": -0.11391397202468952, ""32"": -0.08484863522377102, ""33"": -0.04853123555262883, ""34"": -0.08664333936994936, ""35"": 0.04995967213029682, ""36"": 0.029005379565992043, ""37"": 0.07114347913834543, ""38"": -0.09004601047478566, ""39"": -0.06035212666940355, ""40"": -0.1189270824230801, ""41"": -0.12063319396630587, ""42"": -0.11374988008674072, ""43"": 0.007188041692518819, ""44"": -0.0022578470982990958, ""45"": -0.023672972534726475, ""46"": -0.022306574730225157, ""47"": 0.09601603766475976, ""48"": 0.49320357036434637}","[5, 7, 8, 10, 11, 12, 13, 14, 16, 17, 18, 23, 24, 25, 27, 30, 31, 32, 34, 37, 38, 39, 40, 41, 42, 47, 48]","{""24"": 3597.5862862445415, ""48"": 6338.589185611097}","{""24"": 0.0, ""48"": 0.0}",,,,0,0.0,False,,,,,,False
Germany,2024-11-11,Monday,2024-11-10T18:00:00+01:00,2024-11-10T17:00:00+00:00,2024-11-10T17:00:00+00:00,24,ordinary,enhanced_ordinary_arima_p1_d1_q1,,1,1,1,n,identity,False,,completed,,success,converged,True,True,True,True,True,7746,3,-66537.56889138208,133081.13778276416,133081.1408827383,133102.0021910227,1.4830499948820397,2.623655953820462,"[""DeprecationWarning: Setting the shape on a NumPy array has been deprecated in NumPy 2.5.\nAs an alternative, you can create a new view using np.reshape (with copy=False if needed).""]",[],0,7722,True,joint Ljung-Box and residual ACF rule,"{""1"": 0.08089642809678362, ""2"": 0.12378373360507096, ""3"": -0.09183464899128516, ""4"": -0.032568968346447326, ""5"": -0.07231951942831856, ""6"": -0.14862869674590254, ""7"": -0.16495062935391466, ""8"": -0.16294273785693192, ""9"": -0.07085597716676674, ""10"": -0.06549010663239158, ""11"": 0.10684052848276998, ""12"": 0.05603356174940257, ""13"": 0.13311204292342554, ""14"": -0.07919846838864573, ""15"": -0.07245389938864875, ""16"": -0.19299696695784466, ""17"": -0.16162604303038994, ""18"": -0.17018013680352717, ""19"": -0.050037980778642396, ""20"": -0.03687333065393724, ""21"": -0.026757868309132658, ""22"": 0.08658761073682593, ""23"": 0.19244358170400705, ""24"": 0.6741808291431436, ""25"": 0.19284399685908793, ""26"": 0.11116812741800888, ""27"": -0.0530384874045309, ""28"": -0.0278404156231555, ""29"": -0.07674209916051955, ""30"": -0.14804400532641185, ""31"": -0.18239474355777746, ""32"": -0.14134696110279024, ""33"": -0.06437047714264661, ""34"": -0.06362545392782107, ""35"": 0.09832086152702711, ""36"": 0.05846881778690392, ""37"": 0.11445874353620811, ""38"": -0.06485436413041602, ""39"": -0.07003801805769796, ""40"": -0.16629332661033508, ""41"": -0.17871088838212398, ""42"": -0.1692658364490083, ""43"": -0.05844503738251233, ""44"": -0.024490804860121472, ""45"": -0.003823559135831199, ""46"": 0.10610856838607946, ""47"": 0.18374049058506386, ""48"": 0.5746806591003875}","[1, 2, 3, 5, 6, 7, 8, 9, 10, 11, 12, 13, 14, 15, 16, 17, 18, 19, 22, 23, 24, 25, 26, 27, 29, 30, 31, 32, 33, 34, 35, 36, 37, 38, 39, 40, 41, 42, 43, 46, 47, 48]","{""24"": 5896.793326610831, ""48"": 10907.862910215805}","{""24"": 0.0, ""48"": 0.0}",8053.100051634928,10434.553747348918,16.045501786633253,24,1.0,False,,,,,,False
Germany,2024-11-11,Monday,2024-11-10T18:00:00+01:00,2024-11-10T17:00:00+00:00,2024-11-10T17:00:00+00:00,24,ordinary,enhanced_ordinary_arima_p1_d1_q2,,1,1,2,n,identity,False,,completed,,success,converged,True,True,True,True,True,7746,4,-66401.67945773086,132811.35891546172,132811.36408275276,132839.17812647313,1.849667303227979,1.986733114377792,"[""DeprecationWarning: Setting the shape on a NumPy array has been deprecated in NumPy 2.5.\nAs an alternative, you can create a new view using np.reshape (with copy=False if needed).""]",[],0,7722,True,joint Ljung-Box and residual ACF rule,"{""1"": 0.037591015305201037, ""2"": 0.02890605851737825, ""3"": 0.030381730650071784, ""4"": -0.03782653244006473, ""5"": -0.043194817818590005, ""6"": -0.12622827890867366, ""7"": -0.1553168445461286, ""8"": -0.13232632324344287, ""9"": -0.07488604521811405, ""10"": -0.07180836160746515, ""11"": 0.06341585403235617, ""12"": 0.03141896973761565, ""13"": 0.0928808609911672, ""14"": -0.08759045406983555, ""15"": -0.08019408247777418, ""16"": -0.1538730433699154, ""17"": -0.15251372547490802, ""18"": -0.14497172043354195, ""19"": -0.03273093501559809, ""20"": -0.022012348405166186, ""21"": 0.03250100955138748, ""22"": 0.03516409396872375, ""23"": 0.15452225146613896, ""24"": 0.660241192849529, ""25"": 0.15407014581530276, ""26"": 0.05870366901569022, ""27"": 0.009688679937388285, ""28"": -0.01798959993594111, ""29"": -0.046648691328252764, ""30"": -0.1279499153794142, ""31"": -0.17232437381918214, ""32"": -0.11109761954507098, ""33"": -0.06592737856993539, ""34"": -0.07695909150347166, ""35"": 0.06066879142202695, ""36"": 0.03522803264759519, ""37"": 0.07677744138590302, ""38"": -0.07768310646366233, ""39"": -0.07508511935745445, ""40"": -0.13023936417853116, ""41"": -0.16784140170585618, ""42"": -0.14512604494676876, ""43"": -0.03615981139260064, ""44"": -0.015152717202696892, ""45"": 0.04208162744025205, ""46"": 0.06229263072367484, ""47"": 0.1500923639785716, ""48"": 0.5608968479673073}","[6, 7, 8, 9, 10, 11, 13, 14, 15, 16, 17, 18, 23, 24, 25, 26, 30, 31, 32, 33, 34, 35, 37, 38, 39, 40, 41, 42, 46, 47, 48]","{""24"": 4911.25858666787, ""48"": 9039.353727447624}","{""24"": 0.0, ""48"": 0.0}",8309.725800686889,10077.567371824827,16.098126915559554,24,1.0,False,,,,,,False
Germany,2024-11-11,Monday,2024-11-10T18:00:00+01:00,2024-11-10T17:00:00+00:00,2024-11-10T17:00:00+00:00,24,ordinary,enhanced_ordinary_arima_p1_d1_q3,,1,1,3,n,identity,False,,completed,,success,converged,True,True,True,True,True,7746,5,-66391.99116056165,132793.9823211233,132793.9900730613,132828.75633488756,2.2350351420734325,1.9785518686505352,"[""DeprecationWarning: Setting the shape on a NumPy array has been deprecated in NumPy 2.5.\nAs an alternative, you can create a new view using np.reshape (with copy=False if needed).""]",[],0,7722,True,joint Ljung-Box and residual ACF rule,"{""1"": 0.028594738019594272, ""2"": 0.022611430899719714, ""3"": 0.018726564748723216, ""4"": 0.005537544560564498, ""5"": -0.04822501440464243, ""6"": -0.1277024270828712, ""7"": -0.14475356724620067, ""8"": -0.13138124259635145, ""9"": -0.07089208775257495, ""10"": -0.0812438507358194, ""11"": 0.05548053534830179, ""12"": 0.01933690163781715, ""13"": 0.08580363176188006, ""14"": -0.09752239597091926, ""15"": -0.07647784851745518, ""16"": -0.15217209769452758, ""17"": -0.14165244630842125, ""18"": -0.14725309775893863, ""19"": -0.030064375308846012, ""20"": 0.0024467743017329868, ""21"": 0.028880130239280318, ""22"": 0.0280652565113856, ""23"": 0.14774756795835056, ""24"": 0.6580943223750495, ""25"": 0.14781313895644171, ""26"": 0.05177680356506333, ""27"": 0.004576230645199282, ""28"": 0.00875756813854594, ""29"": -0.04407669862509145, ""30"": -0.12799913673851648, ""31"": -0.16499849634860994, ""32"": -0.10840590481538717, ""33"": -0.06248644010541665, ""34"": -0.08625625393056663, ""35"": 0.05184480182910709, ""36"": 0.025656313225762294, ""37"": 0.0689153674507343, ""38"": -0.08774988351425347, ""39"": -0.0716357450779601, ""40"": -0.1277831429578829, ""41"": -0.15839465823075835, ""42"": -0.14545707156922325, ""43"": -0.03325006023029352, ""44"": 0.005727833475439701, ""45"": 0.03789964248562693, ""46"": 0.05606469745997839, ""47"": 0.14447944302392352, ""48"": 0.5584717366769181}","[6, 7, 8, 9, 10, 11, 13, 14, 15, 16, 17, 18, 23, 24, 25, 26, 30, 31, 32, 33, 34, 35, 37, 38, 39, 40, 41, 42, 46, 47, 48]","{""24"": 4791.892024551365, ""48"": 8794.231507526412}","{""24"": 0.0, ""48"": 0.0}",8382.162550273097,10006.750340589597,16.11603029531109,24,1.0,False,,,,,,False
Germany,2024-11-11,Monday,2024-11-10T18:00:00+01:00,2024-11-10T17:00:00+00:00,2024-11-10T17:00:00+00:00,24,ordinary,enhanced_ordinary_arima_p2_d1_q1,,2,1,1,n,identity,False,,completed,,success,converged,True,True,True,True,True,7746,4,-66213.73988715271,132435.47977430542,132435.48494159646,132463.29898531683,1.101718751700184,1.086663381740792,"[""DeprecationWarning: Setting the shape on a NumPy array has been deprecated in NumPy 2.5.\nAs an alternative, you can create a new view using np.reshape (with copy=False if needed).""]",[],0,7722,True,joint Ljung-Box and residual ACF rule,"{""1"": 0.20316585965464345, ""2"": -0.06570834628190243, ""3"": -0.11945136775886583, ""4"": 0.0037703118919115513, ""5"": 0.04554468962648995, ""6"": -0.03182492163288591, ""7"": -0.08240722115690151, ""8"": -0.09168008411321563, ""9"": -0.048092982223858674, ""10"": -0.027700195408416485, ""11"": 0.10802062979916364, ""12"": 0.11394344481085927, ""13"": 0.1367319920676814, ""14"": -0.03914621428602837, ""15"": -0.0728733456348784, ""16"": -0.13904362874385737, ""17"": -0.11552119040044911, ""18"": -0.07861388017532107, ""19"": 0.023102763625472526, ""20"": -0.012922200137678893, ""21"": -0.09249807828126799, ""22"": -0.059668771690392974, ""23"": 0.204773240780396, ""24"": 0.656694820412822, ""25"": 0.2144631144175936, ""26"": -0.038081027317328084, ""27"": -0.11460510782097166, ""28"": -0.024446187058555873, ""29"": -0.0059737595369312715, ""30"": -0.08414713043503864, ""31"": -0.13888151310839744, ""32"": -0.10685238154566963, ""33"": -0.06677550992950644, ""34"": -0.059830328821396245, ""35"": 0.06968291617599467, ""36"": 0.07947334172502062, ""37"": 0.09073318950797526, ""38"": -0.05732227295289844, ""39"": -0.08529238072834433, ""40"": -0.14230113767931654, ""41"": -0.15938606797819707, ""42"": -0.11971192966978093, ""43"": -0.015378499221328014, ""44"": -0.023063799613675166, ""45"": -0.07467347257312665, ""46"": -0.03848223799961092, ""47"": 0.16276631042628523, ""48"": 0.5237589526399162}","[1, 2, 3, 7, 8, 11, 12, 13, 15, 16, 17, 18, 21, 22, 23, 24, 25, 27, 30, 31, 32, 33, 34, 35, 36, 37, 38, 39, 40, 41, 42, 45, 47, 48]","{""24"": 5082.309730376496, ""48"": 9009.242967843044}","{""24"": 0.0, ""48"": 0.0}",11705.504047381884,12865.749870890706,19.018038695271635,24,1.0,False,,,,,,False
Germany,2024-11-11,Monday,2024-11-10T18:00:00+01:00,2024-11-10T17:00:00+00:00,2024-11-10T17:00:00+00:00,24,ordinary,enhanced_ordinary_arima_p2_d1_q2,,2,1,2,n,identity,False,,completed,,success,converged,True,True,True,True,True,7746,5,-66024.0899274959,132058.1798549918,132058.18760692977,132092.95386875604,1.1495597840375351,1.0543898503538172,"[""DeprecationWarning: Setting the shape on a NumPy array has been deprecated in NumPy 2.5.\nAs an alternative, you can create a new view using np.reshape (with copy=False if needed).""]",[],0,7722,True,joint Ljung-Box and residual ACF rule,"{""1"": 0.03765367671025927, ""2"": 0.0314523163220334, ""3"": -0.07483477857668283, ""4"": 0.03196831897393817, ""5"": 0.0414524738452261, ""6"": -0.03716204250556965, ""7"": -0.06635429741839637, ""8"": -0.07965817608265349, ""9"": -0.023757150592751217, ""10"": -0.044121854882282506, ""11"": 0.10409771823344892, ""12"": 0.057647348251940025, ""13"": 0.1322960834015227, ""14"": -0.062131428299033786, ""15"": -0.037354229940132, ""16"": -0.12275122386675646, ""17"": -0.08361901537858342, ""18"": -0.08134916365151343, ""19"": 0.030415020436692763, ""20"": 0.0030683540138505363, ""21"": -0.04573211114841844, ""22"": -0.006904796719586687, ""23"": 0.11875815752339614, ""24"": 0.6272796479979478, ""25"": 0.12041650540319754, ""26"": 0.01657027959447089, ""27"": -0.07613626274827331, ""28"": 0.002075457211365006, ""29"": -0.004308223019094408, ""30"": -0.07633884526695883, ""31"": -0.12182518829502505, ""32"": -0.09109233055937319, ""33"": -0.0473911853046784, ""34"": -0.07568755136189688, ""35"": 0.06589440429639049, ""36"": 0.029425905845846916, ""37"": 0.08363555866603682, ""38"": -0.07823598736628834, ""39"": -0.06095571201147247, ""40"": -0.12483215824546533, ""41"": -0.13146531066024042, ""42"": -0.11374034331722013, ""43"": -0.008721087217529289, ""44"": -0.012953658365753207, ""45"": -0.044319277545380766, ""46"": 0.00024952018120862, ""47"": 0.08951963021760165, ""48"": 0.5004301977428075}","[3, 7, 8, 11, 12, 13, 14, 16, 17, 18, 23, 24, 25, 27, 30, 31, 32, 34, 35, 37, 38, 39, 40, 41, 42, 47, 48]","{""24"": 3885.621607343594, ""48"": 6884.309900385488}","{""24"": 0.0, ""48"": 0.0}",11784.428193382257,12930.018583077654,19.2913216151074,24,1.0,False,,,,,,False
Germany,2024-11-11,Monday,2024-11-10T18:00:00+01:00,2024-11-10T17:00:00+00:00,2024-11-10T17:00:00+00:00,24,ordinary,enhanced_ordinary_arima_p2_d1_q3,,2,1,3,n,identity,False,,completed,,success,converged,True,True,True,True,True,7746,6,-66008.02548862025,132028.0509772405,132028.061831356,132069.7797937576,1.188002913601669,1.0402057851771966,"[""DeprecationWarning: Setting the shape on a NumPy array has been deprecated in NumPy 2.5.\nAs an alternative, you can create a new view using np.reshape (with copy=False if needed).""]",[],0,7722,True,joint Ljung-Box and residual ACF rule,"{""1"": 0.022992422399594658, ""2"": 0.001888722073290742, ""3"": -0.026600662157986642, ""4"": 0.04006174899556929, ""5"": 0.0478930685032781, ""6"": -0.03903639801625289, ""7"": -0.06763944093305634, ""8"": -0.07070436579977236, ""9"": -0.02453931898868942, ""10"": -0.0467236733050236, ""11"": 0.0881846295836717, ""12"": 0.04788341423037715, ""13"": 0.1177645043832956, ""14"": -0.0650344457616059, ""15"": -0.03807170778024634, ""16"": -0.10831157713790134, ""17"": -0.081879890544019, ""18"": -0.07807529045187216, ""19"": 0.03562361784999106, ""20"": 0.01644722207361911, ""21"": -0.017471803885297923, ""22"": -0.01855257947885965, ""23"": 0.11018921008955739, ""24"": 0.6266419118357124, ""25"": 0.11119050002240381, ""26"": 0.0038101785104781424, ""27"": -0.04736498635964814, ""28"": 0.014091684359407757, ""29"": 0.005789710385170574, ""30"": -0.07467429832224433, ""31"": -0.1208711908181007, ""32"": -0.08046424006180956, ""33"": -0.04623767672850648, ""34"": -0.08000565214894821, ""35"": 0.05285032070011564, ""36"": 0.021356384277607388, ""37"": 0.07041887775604014, ""38"": -0.0828510298532817, ""39"": -0.06107349008425372, ""40"": -0.11148561592150778, ""41"": -0.12881907477506147, ""42"": -0.10977300461511297, ""43"": -0.0018842683905500625, ""44"": -0.0035441325790954207, ""45"": -0.022918157731391615, ""46"": -0.010133197928858952, ""47"": 0.08211087221397471, ""48"": 0.4998535510836309}","[7, 8, 11, 13, 14, 16, 17, 18, 23, 24, 25, 30, 31, 32, 34, 35, 37, 38, 39, 40, 41, 42, 47, 48]","{""24"": 3719.613108469715, ""48"": 6571.940451657485}","{""24"": 0.0, ""48"": 0.0}",11702.04875347643,12702.287115755478,19.35099085863565,24,1.0,False,,,,,,False
Germany,2024-11-11,Monday,2024-11-10T18:00:00+01:00,2024-11-10T17:00:00+00:00,2024-11-10T17:00:00+00:00,24,ordinary,enhanced_ordinary_arima_p3_d1_q1,,3,1,1,n,identity,False,,completed,,success,converged,True,True,True,True,True,7746,5,-66020.63669808018,132051.27339616037,132051.28114809835,132086.04740992462,1.2321118275835568,1.0108330995460877,"[""DeprecationWarning: Setting the shape on a NumPy array has been deprecated in NumPy 2.5.\nAs an alternative, you can create a new view using np.reshape (with copy=False if needed)."", ""ConvergenceWarning: Maximum Likelihood optimization failed to converge. Check mle_retvals"", ""DeprecationWarning: Setting the shape on a NumPy array has been deprecated in NumPy 2.5.\nAs an alternative, you can create a new view using np.reshape (with copy=False if needed).""]",[],1,7722,True,joint Ljung-Box and residual ACF rule,"{""1"": 0.03521171809270248, ""2"": 0.006043884283152764, ""3"": -0.038747763307126384, ""4"": 0.05404336776813035, ""5"": 0.05656756017611902, ""6"": -0.03256537558332986, ""7"": -0.06146960172273956, ""8"": -0.06519819107250838, ""9"": -0.014827352666395476, ""10"": -0.03675563424236838, ""11"": 0.10080655576307676, ""12"": 0.060722454777709156, ""13"": 0.13079754669294644, ""14"": -0.05322342989233385, ""15"": -0.02682499210534109, ""16"": -0.10134748356618661, ""17"": -0.0728219833600957, ""18"": -0.06932139792748548, ""19"": 0.04673658994980772, ""20"": 0.02802583942193767, ""21"": -0.019657601189952578, ""22"": -0.013184080488218543, ""23"": 0.12121447207457217, ""24"": 0.6327766426234906, ""25"": 0.12242246229639839, ""26"": 0.008431548094670626, ""27"": -0.05058342885896794, ""28"": 0.024852582468862065, ""29"": 0.014518474890581494, ""30"": -0.06769708385005163, ""31"": -0.11384571737062897, ""32"": -0.07495369297116897, ""33"": -0.0373213721956531, ""34"": -0.07039175858705425, ""35"": 0.06314585189201907, ""36"": 0.03193966934980061, ""37"": 0.0808399064214742, ""38"": -0.07349220064818701, ""39"": -0.052614953151687426, ""40"": -0.10719593438836232, ""41"": -0.12290023103201796, ""42"": -0.1049374474122021, ""43"": 0.004112300162999551, ""44"": 0.0036469273933251284, ""45"": -0.027472208324819263, ""46"": -0.009048509127964519, ""47"": 0.08781004840856699, ""48"": 0.5012669960409026}","[4, 5, 7, 8, 11, 12, 13, 14, 16, 17, 18, 23, 24, 25, 27, 30, 31, 32, 34, 35, 37, 38, 39, 40, 41, 42, 47, 48]","{""24"": 3819.4688771832302, ""48"": 6655.896728956562}","{""24"": 0.0, ""48"": 0.0}",11150.987522526126,11937.047377492328,19.00587685778732,24,1.0,False,,,,,,False
Germany,2024-11-11,Monday,2024-11-10T18:00:00+01:00,2024-11-10T17:00:00+00:00,2024-11-10T17:00:00+00:00,24,ordinary,enhanced_ordinary_arima_p3_d1_q2,,3,1,2,n,identity,False,,completed,,success,converged,True,True,True,True,True,7746,6,-66016.18354635054,132044.36709270108,132044.3779468166,132086.0959092182,1.1716999867714506,1.046236082052589,"[""DeprecationWarning: Setting the shape on a NumPy array has been deprecated in NumPy 2.5.\nAs an alternative, you can create a new view using np.reshape (with copy=False if needed)."", ""UserWarning: Non-stationary starting autoregressive parameters found. Using zeros as starting parameters."", ""UserWarning: Non-invertible starting MA parameters found. Using zeros as starting parameters.""]",[],0,7722,True,joint Ljung-Box and residual ACF rule,"{""1"": 0.02890279289747564, ""2"": 0.017263942722436806, ""3"": -0.056453388231028905, ""4"": 0.04037736989012212, ""5"": 0.0478693259986516, ""6"": -0.03649172417937871, ""7"": -0.06595408153887199, ""8"": -0.07585226836228431, ""9"": -0.024427893611924677, ""10"": -0.04756035817847827, ""11"": 0.09471211997155678, ""12"": 0.05007914745681262, ""13"": 0.12374729174224432, ""14"": -0.06541388618635438, ""15"": -0.0376257200320203, ""16"": -0.11623429376687462, ""17"": -0.08116121323221266, ""18"": -0.07804823306130468, ""19"": 0.036253745712329345, ""20"": 0.012365913450424001, ""21"": -0.034322166636215394, ""22"": -0.013178503051285234, ""23"": 0.11368209342574684, ""24"": 0.6269959645907901, ""25"": 0.11514321736110006, ""26"": 0.00992463447438918, ""27"": -0.06459444137597756, ""28"": 0.011139843004506586, ""29"": 0.003558219660838148, ""30"": -0.07357499624115613, ""31"": -0.12003003956727659, ""32"": -0.08603083362968299, ""33"": -0.04692541835423324, ""34"": -0.07943032644391955, ""35"": 0.05792886368962949, ""36"": 0.022926440513906705, ""37"": 0.07577345804197308, ""38"": -0.08202412432899576, ""39"": -0.060872365728155894, ""40"": -0.11846312951021258, ""41"": -0.12853871521475743, ""42"": -0.11007843696709681, ""43"": -0.0026123077615904495, ""44"": -0.005747823250718289, ""45"": -0.0357097905490895, ""46"": -0.005328692782271436, ""47"": 0.08509843055270841, ""48"": 0.5000689839138432}","[3, 7, 8, 11, 12, 13, 14, 16, 17, 18, 23, 24, 25, 27, 30, 31, 32, 34, 35, 37, 38, 39, 40, 41, 42, 47, 48]","{""24"": 3796.1745749159772, ""48"": 6707.5773466963265}","{""24"": 0.0, ""48"": 0.0}",11751.026302713208,12814.475419818837,19.34096546065968,24,1.0,False,,,,,,False
Germany,2024-11-11,Monday,2024-11-10T18:00:00+01:00,2024-11-10T17:00:00+00:00,2024-11-10T17:00:00+00:00,24,ordinary,enhanced_ordinary_arima_p3_d1_q3,,3,1,3,n,identity,False,,completed,,success,converged,True,True,True,True,True,7746,7,-66001.66918120434,132017.3383624087,132017.35283643298,132066.02198167864,1.1754879816212442,1.0443384109699867,"[""DeprecationWarning: Setting the shape on a NumPy array has been deprecated in NumPy 2.5.\nAs an alternative, you can create a new view using np.reshape (with copy=False if needed).""]",[],0,7722,True,joint Ljung-Box and residual ACF rule,"{""1"": 0.024522082929610643, ""2"": 0.00020394127494080956, ""3"": -0.014229631465104616, ""4"": 0.0189757888837289, ""5"": 0.05140245581492378, ""6"": -0.040328365831728004, ""7"": -0.06943508482187503, ""8"": -0.06899983980709477, ""9"": -0.02742558574007136, ""10"": -0.04225994683259898, ""11"": 0.08938089109796239, ""12"": 0.05241913873425285, ""13"": 0.11869227093214578, ""14"": -0.06105914419417325, ""15"": -0.041162834906432876, ""16"": -0.10689140975295305, ""17"": -0.08584702705281201, ""18"": -0.077985748300357, ""19"": 0.03384483561493759, ""20"": 0.00497842646442586, ""21"": -0.013100356066230808, ""22"": -0.018368830383618466, ""23"": 0.1102436514094222, ""24"": 0.6259715537582871, ""25"": 0.11106806077532103, ""26"": 0.0038671436655118054, ""27"": -0.042136159960739446, ""28"": 0.001340444782811533, ""29"": 0.004907592399393404, ""30"": -0.07577837841296266, ""31"": -0.12304828777796253, ""32"": -0.07996555124872431, ""33"": -0.048627249435330346, ""34"": -0.07668641990236755, ""35"": 0.054761004286456375, ""36"": 0.024720761084942693, ""37"": 0.07187153352677192, ""38"": -0.07918968865172385, ""39"": -0.06374435724700539, ""40"": -0.11062654289482127, ""41"": -0.13226986741081412, ""42"": -0.11017301715492209, ""43"": -0.0030954847638271815, ""44"": -0.013365709659700813, ""45"": -0.018791741469383366, ""46"": -0.00972816760247005, ""47"": 0.08226837382935875, ""48"": 0.49959798830807906}","[5, 7, 8, 11, 12, 13, 14, 16, 17, 18, 23, 24, 25, 30, 31, 32, 34, 35, 37, 38, 39, 40, 41, 42, 47, 48]","{""24"": 3705.4526881743845, ""48"": 6561.592441621005}","{""24"": 0.0, ""48"": 0.0}",11748.764335405567,12795.845757678777,19.359199972948563,24,1.0,False,,,,,,False
Germany,2024-11-11,Monday,2024-11-10T18:00:00+01:00,2024-11-10T17:00:00+00:00,2024-11-10T17:00:00+00:00,24,ordinary,enhanced_ordinary_arima_p4_d1_q1,,4,1,1,n,identity,False,,completed,,success,converged,True,True,True,True,True,7746,6,-66015.55314242339,132043.10628484678,132043.1171389623,132084.8351013639,1.1537076458047588,1.0521607683043992,"[""DeprecationWarning: Setting the shape on a NumPy array has been deprecated in NumPy 2.5.\nAs an alternative, you can create a new view using np.reshape (with copy=False if needed).""]",[],0,7722,True,joint Ljung-Box and residual ACF rule,"{""1"": 0.023719437554466514, ""2"": 0.03422256292310234, ""3"": -0.056666698844892574, ""4"": 0.030318950577161878, ""5"": 0.03800590332074551, ""6"": -0.04176216142076344, ""7"": -0.06726092202352495, ""8"": -0.07676042664960381, ""9"": -0.021586816682453457, ""10"": -0.04326542622931072, ""11"": 0.10290759589028388, ""12"": 0.05471862487089654, ""13"": 0.13104224457567007, ""14"": -0.062322219139127236, ""15"": -0.034827513750780865, ""16"": -0.11863530330735643, ""17"": -0.0834934775338784, ""18"": -0.0845033712504439, ""19"": 0.02731973964195048, ""20"": 0.003231165431615763, ""21"": -0.0342047890473912, ""22"": -0.0037218653729312948, ""23"": 0.11150050959668042, ""24"": 0.624889883543332, ""25"": 0.11224884187187734, ""26"": 0.0194725615468841, ""27"": -0.06504004752297145, ""28"": 0.0024820043235538065, ""29"": -0.006407920548895018, ""30"": -0.07907288453951905, ""31"": -0.12257905251954769, ""32"": -0.08805056634010866, ""33"": -0.04545287654551326, ""34"": -0.07563061667880505, ""35"": 0.06538372930276955, ""36"": 0.02718922074369836, ""37"": 0.08257014228937905, ""38"": -0.07880708532202123, ""39"": -0.059168891649691004, ""40"": -0.12108657326959463, ""41"": -0.13124978590954497, ""42"": -0.11569259199443462, ""43"": -0.01071620609177837, ""44"": -0.01359992102042251, ""45"": -0.035806083944765636, ""46"": 0.002565335490926788, ""47"": 0.08364824686969473, ""48"": 0.4989696784798521}","[3, 7, 8, 11, 12, 13, 14, 16, 17, 18, 23, 24, 25, 27, 30, 31, 32, 34, 35, 37, 38, 39, 40, 41, 42, 47, 48]","{""24"": 3801.0057652658193, ""48"": 6740.839146252062}","{""24"": 0.0, ""48"": 0.0}",11797.871660696375,12926.313652438435,19.33512980957649,24,1.0,False,,,,,,False
Germany,2024-11-11,Monday,2024-11-10T18:00:00+01:00,2024-11-10T17:00:00+00:00,2024-11-10T17:00:00+00:00,24,ordinary,enhanced_ordinary_arima_p4_d1_q2,,4,1,2,n,identity,False,,failed,AR roots fail stationarity threshold; MA roots fail invertibility threshold,success,converged,True,True,True,False,False,7746,7,-66013.89977943726,132041.7995588745,132041.8140328988,132090.48317814447,1.002501651982903,1.0055192594907358,"[""DeprecationWarning: Setting the shape on a NumPy array has been deprecated in NumPy 2.5.\nAs an alternative, you can create a new view using np.reshape (with copy=False if needed)."", ""UserWarning: Non-stationary starting autoregressive parameters found. Using zeros as starting parameters."", ""UserWarning: Non-invertible starting MA parameters found. Using zeros as starting parameters."", ""ConvergenceWarning: Maximum Likelihood optimization failed to converge. Check mle_retvals"", ""DeprecationWarning: Setting the shape on a NumPy array has been deprecated in NumPy 2.5.\nAs an alternative, you can create a new view using np.reshape (with copy=False if needed)."", ""UserWarning: Non-stationary starting autoregressive parameters found. Using zeros as starting parameters."", ""UserWarning: Non-invertible starting MA parameters found. Using zeros as starting parameters.""]",[],1,7722,True,joint Ljung-Box and residual ACF rule,"{""1"": 0.040504910529289354, ""2"": -0.01247892264364547, ""3"": -0.04463726331182134, ""4"": 0.046290018173258854, ""5"": 0.06237414347553495, ""6"": -0.0372368977469513, ""7"": -0.061201689866233214, ""8"": -0.07795301320333857, ""9"": -0.022436536618734827, ""10"": -0.05511572916148195, ""11"": 0.09053214368828749, ""12"": 0.042839687273612925, ""13"": 0.12082118402510647, ""14"": -0.0718490727640945, ""15"": -0.03614410017313906, ""16"": -0.11624155771691917, ""17"": -0.0755208868401932, ""18"": -0.07682024997051257, ""19"": 0.04932182382639361, ""20"": 0.01844313566591854, ""21"": -0.026663294777539176, ""22"": -0.031060358678565735, ""23"": 0.12135642279585553, ""24"": 0.6280132732083971, ""25"": 0.1235550126914456, ""26"": -0.008216778770373788, ""27"": -0.05638130681231143, ""28"": 0.01623723485036389, ""29"": 0.01839759802760071, ""30"": -0.07379713713939341, ""31"": -0.11432021557327107, ""32"": -0.0869271362089949, ""33"": -0.04361869988703123, ""34"": -0.08704541398150958, ""35"": 0.054478085299466544, ""36"": 0.016077228038330123, ""37"": 0.07310504398977341, ""38"": -0.0890858081848832, ""39"": -0.058329554938603645, ""40"": -0.11854741174232726, ""41"": -0.12270507132455725, ""42"": -0.10981858577792804, ""43"": 0.009680192681297993, ""44"": -0.0015601069152585871, ""45"": -0.028888745668155948, ""46"": -0.02097627374674437, ""47"": 0.09157805837360512, ""48"": 0.4993829712322354}","[5, 7, 8, 10, 11, 13, 14, 16, 17, 18, 23, 24, 25, 27, 30, 31, 32, 34, 35, 37, 38, 39, 40, 41, 42, 47, 48]","{""24"": 3829.3583886650936, ""48"": 6741.548334573401}","{""24"": 0.0, ""48"": 0.0}",,,,0,0.0,False,,,,,,False
Germany,2024-12-25,Christmas holiday / cold season,2024-12-24T18:00:00+01:00,2024-12-24T17:00:00+00:00,2024-12-24T17:00:00+00:00,24,ordinary,enhanced_ordinary_arima_p1_d1_q1,,1,1,1,n,identity,False,,completed,,success,converged,True,True,True,True,True,8802,3,-75604.38036135529,151214.76072271058,151214.7634506033,151236.0085846017,1.466794111162017,2.6076922283909374,"[""DeprecationWarning: Setting the shape on a NumPy array has been deprecated in NumPy 2.5.\nAs an alternative, you can create a new view using np.reshape (with copy=False if needed).""]",[],0,8778,True,joint Ljung-Box and residual ACF rule,"{""1"": 0.08020463904217176, ""2"": 0.12416425079386857, ""3"": -0.1016389361258064, ""4"": -0.027462862412429304, ""5"": -0.06445674493005422, ""6"": -0.1429862938934257, ""7"": -0.16770681318966676, ""8"": -0.16471226032334982, ""9"": -0.06428065344847346, ""10"": -0.06273089455065199, ""11"": 0.10341147265510045, ""12"": 0.02947346166863258, ""13"": 0.130487066806845, ""14"": -0.07545461145893492, ""15"": -0.06492696536837102, ""16"": -0.1945526230655484, ""17"": -0.16533714246009265, ""18"": -0.16384284238964011, ""19"": -0.040463259322322954, ""20"": -0.033117679825111025, ""21"": -0.03180937866329708, ""22"": 0.0842841238849243, ""23"": 0.19143568904433023, ""24"": 0.6743238881708571, ""25"": 0.19326345721451504, ""26"": 0.11001934035779497, ""27"": -0.0600507417962598, ""28"": -0.02412061403589163, ""29"": -0.06630709162090676, ""30"": -0.1448171279294881, ""31"": -0.18590076275742137, ""32"": -0.14495532489012597, ""33"": -0.05298930516206325, ""34"": -0.06232862748820363, ""35"": 0.09454249645231413, ""36"": 0.030666748718865343, ""37"": 0.11196154101824461, ""38"": -0.061007902006959464, ""39"": -0.06095688097198278, ""40"": -0.16769349259450864, ""41"": -0.18390219765446494, ""42"": -0.16219809642961874, ""43"": -0.05001899795532881, ""44"": -0.020386765646844017, ""45"": -0.008873808341848245, ""46"": 0.107732781164865, ""47"": 0.18225375697347343, ""48"": 0.571498222475221}","[1, 2, 3, 5, 6, 7, 8, 9, 10, 11, 13, 14, 15, 16, 17, 18, 22, 23, 24, 25, 26, 27, 29, 30, 31, 32, 33, 34, 35, 37, 38, 39, 40, 41, 42, 43, 46, 47, 48]","{""24"": 6631.358393054659, ""48"": 12223.015460013938}","{""24"": 0.0, ""48"": 0.0}",13609.54951691626,14217.632421662607,31.143076789936767,24,1.0,False,,,,,,False
Germany,2024-12-25,Christmas holiday / cold season,2024-12-24T18:00:00+01:00,2024-12-24T17:00:00+00:00,2024-12-24T17:00:00+00:00,24,ordinary,enhanced_ordinary_arima_p1_d1_q2,,1,1,2,n,identity,False,,completed,,success,converged,True,True,True,True,True,8802,4,-75432.85081471677,150873.70162943355,150873.7061764382,150902.03211195505,1.8392270511991036,1.9365969021281368,"[""DeprecationWarning: Setting the shape on a NumPy array has been deprecated in NumPy 2.5.\nAs an alternative, you can create a new view using np.reshape (with copy=False if needed).""]",[],0,8778,True,joint Ljung-Box and residual ACF rule,"{""1"": 0.03398529958501133, ""2"": 0.02521567026433431, ""3"": 0.02798929954340714, ""4"": -0.03455853331951165, ""5"": -0.033605278642142467, ""6"": -0.11957010867302258, ""7"": -0.15837774230885138, ""8"": -0.1326605399695151, ""9"": -0.0707178864193347, ""10"": -0.06735678574162209, ""11"": 0.05896107562884526, ""12"": 0.0035042221078490456, ""13"": 0.08948652515795934, ""14"": -0.08275361828895549, ""15"": -0.07508387000430401, ""16"": -0.153316146259936, ""17"": -0.15681049518469142, ""18"": -0.1370974745922351, ""19"": -0.02212868194133008, ""20"": -0.019161685936558058, ""21"": 0.03128726829128714, ""22"": 0.03131490849419446, ""23"": 0.15126673780622987, ""24"": 0.6594672202941888, ""25"": 0.15223789628206347, ""26"": 0.056023707287046934, ""27"": 0.005812857046868358, ""28"": -0.014981491010837443, ""29"": -0.03431395752265341, ""30"": -0.1230990957534303, ""31"": -0.177105564544032, ""32"": -0.11275561804596113, ""33"": -0.05675921664849035, ""34"": -0.07454842785874434, ""35"": 0.05548789048908775, ""36"": 0.007384286729952278, ""37"": 0.07319548366152843, ""38"": -0.07325291068799465, ""39"": -0.06801484155277568, ""40"": -0.1298152201202355, ""41"": -0.17378694312737805, ""42"": -0.13631098132332847, ""43"": -0.02554846355980223, ""44"": -0.012946473056875041, ""45"": 0.03950241107123556, ""46"": 0.06352518172193829, ""47"": 0.14675659186181633, ""48"": 0.5560742526295706}","[6, 7, 8, 9, 10, 11, 13, 14, 15, 16, 17, 18, 23, 24, 25, 26, 30, 31, 32, 33, 34, 35, 37, 38, 39, 40, 41, 42, 46, 47, 48]","{""24"": 5481.939083930303, ""48"": 10044.14837316252}","{""24"": 0.0, ""48"": 0.0}",12097.068213376528,12791.494124522864,27.786861703946403,24,1.0,False,,,,,,False
Germany,2024-12-25,Christmas holiday / cold season,2024-12-24T18:00:00+01:00,2024-12-24T17:00:00+00:00,2024-12-24T17:00:00+00:00,24,ordinary,enhanced_ordinary_arima_p1_d1_q3,,1,1,3,n,identity,False,,completed,,success,converged,True,True,True,True,True,8802,5,-75423.49404883174,150856.98809766347,150856.9949189459,150892.40120081534,2.214762968051528,1.942854832710533,"[""DeprecationWarning: Setting the shape on a NumPy array has been deprecated in NumPy 2.5.\nAs an alternative, you can create a new view using np.reshape (with copy=False if needed).""]",[],0,8778,True,joint Ljung-Box and residual ACF rule,"{""1"": 0.02471757986740919, ""2"": 0.01970632004565579, ""3"": 0.018351807898847366, ""4"": 0.00771030944686158, ""5"": -0.039208776611446367, ""6"": -0.12091966353908391, ""7"": -0.14778813642758906, ""8"": -0.13303024090319976, ""9"": -0.06665866533501326, ""10"": -0.0762016989627629, ""11"": 0.05088745370874993, ""12"": -0.008919946635136875, ""13"": 0.08216940633723367, ""14"": -0.09219360866909222, ""15"": -0.07130594025625792, ""16"": -0.15272313693967257, ""17"": -0.14604863334035453, ""18"": -0.1392797616359001, ""19"": -0.019985545387246915, ""20"": 0.0047302289476508635, ""21"": 0.0287228667967411, ""22"": 0.025193636381793522, ""23"": 0.14453248896102422, ""24"": 0.6571456914909616, ""25"": 0.1461614825506007, ""26"": 0.04988678035866244, ""27"": 0.001695800446241582, ""28"": 0.011042746757986064, ""29"": -0.03184657405909221, ""30"": -0.12312572278831868, ""31"": -0.17000617485282926, ""32"": -0.11128908231402201, ""33"": -0.05303430077754325, ""34"": -0.08359858665585175, ""35"": 0.046676631485907775, ""36"": -0.002547617180715224, ""37"": 0.06528185084293846, ""38"": -0.08298436903187936, ""39"": -0.06446446993256881, ""40"": -0.12849607303143384, ""41"": -0.16462064725649558, ""42"": -0.13624849286775764, ""43"": -0.02291122771882131, ""44"": 0.007160255721543888, ""45"": 0.03609370794787445, ""46"": 0.05838417481692975, ""47"": 0.14126457675061524, ""48"": 0.5534168284381022}","[6, 7, 8, 9, 10, 11, 13, 14, 15, 16, 17, 18, 23, 24, 25, 30, 31, 32, 33, 34, 37, 38, 39, 40, 41, 42, 46, 47, 48]","{""24"": 5359.942040222357, ""48"": 9793.076374353994}","{""24"": 0.0, ""48"": 0.0}",11780.469608667314,12493.82573404641,27.08319379829129,24,1.0,False,,,,,,False
Germany,2024-12-25,Christmas holiday / cold season,2024-12-24T18:00:00+01:00,2024-12-24T17:00:00+00:00,2024-12-24T17:00:00+00:00,24,ordinary,enhanced_ordinary_arima_p2_d1_q1,,2,1,1,n,identity,False,,completed,,success,converged,True,True,True,True,True,8802,4,-75350.3902129673,150708.7804259346,150708.78497293923,150737.1109084561,1.198087828841362,1.9888952941525333,"[""DeprecationWarning: Setting the shape on a NumPy array has been deprecated in NumPy 2.5.\nAs an alternative, you can create a new view using np.reshape (with copy=False if needed).""]",[],0,8778,True,joint Ljung-Box and residual ACF rule,"{""1"": 0.08762218784182835, ""2"": -0.08733711443860698, ""3"": -0.09362529968589621, ""4"": 0.06605676917138312, ""5"": 0.09556155745975313, ""6"": -0.020280959581243943, ""7"": -0.09986932774300511, ""8"": -0.12584764826423692, ""9"": -0.0928083650276936, ""10"": -0.11879258576993579, ""11"": -0.014242238349182172, ""12"": -0.05745036784979752, ""13"": 0.022676423455453825, ""14"": -0.12309050042219087, ""15"": -0.09982082305352036, ""16"": -0.1530443721210261, ""17"": -0.10767279077442021, ""18"": -0.04737396312538417, ""19"": 0.08919060538392873, ""20"": 0.052527273425273496, ""21"": -0.050932826021108976, ""22"": -0.061234081169631534, ""23"": 0.15689991862854766, ""24"": 0.6618777488421719, ""25"": 0.1686795266786609, ""26"": -0.03195083853086712, ""27"": -0.0714387699105312, ""28"": 0.05660210615356881, ""29"": 0.07476731345222475, ""30"": -0.03840963458074803, ""31"": -0.12583380773305583, ""32"": -0.10521623993704268, ""33"": -0.07338118965713919, ""34"": -0.11982408182349516, ""35"": -0.02049882682146122, ""36"": -0.05737970778020435, ""37"": 0.006117133359899305, ""38"": -0.11106125196439086, ""39"": -0.08494580325582399, ""40"": -0.12682577384459293, ""41"": -0.1285016809152855, ""42"": -0.0605964770079049, ""43"": 0.06948533382739581, ""44"": 0.05471928777340517, ""45"": -0.021569790410166132, ""46"": -0.014713245484524485, ""47"": 0.14320740744947724, ""48"": 0.544741995739971}","[1, 2, 3, 4, 5, 7, 8, 9, 10, 12, 14, 15, 16, 17, 19, 20, 21, 22, 23, 24, 25, 27, 28, 29, 31, 32, 33, 34, 36, 38, 39, 40, 41, 42, 43, 44, 47, 48]","{""24"": 5567.815088208642, ""48"": 9775.022656856687}","{""24"": 0.0, ""48"": 0.0}",10743.005952791898,11482.117714708222,24.74972201127335,24,1.0,False,,,,,,False
Germany,2024-12-25,Christmas holiday / cold season,2024-12-24T18:00:00+01:00,2024-12-24T17:00:00+00:00,2024-12-24T17:00:00+00:00,24,ordinary,enhanced_ordinary_arima_p2_d1_q2,,2,1,2,n,identity,False,,completed,,success,converged,True,True,True,True,True,8802,5,-75007.65356862628,150025.30713725256,150025.31395853497,150060.72024040442,1.14513568791181,1.0506870703299271,"[""DeprecationWarning: Setting the shape on a NumPy array has been deprecated in NumPy 2.5.\nAs an alternative, you can create a new view using np.reshape (with copy=False if needed).""]",[],0,8778,True,joint Ljung-Box and residual ACF rule,"{""1"": 0.03587425086381258, ""2"": 0.03118085831897249, ""3"": -0.08794961725948298, ""4"": 0.03496946622849544, ""5"": 0.04901818003078765, ""6"": -0.03292153873578283, ""7"": -0.07115942172545565, ""8"": -0.08170377557519834, ""9"": -0.013708924492139073, ""10"": -0.03503109177984216, ""11"": 0.10516325243354088, ""12"": 0.033272942617505914, ""13"": 0.1341660897761606, ""14"": -0.05212957253372506, ""15"": -0.02627297967661393, ""16"": -0.12479219812618123, ""17"": -0.08965735689543529, ""18"": -0.07621771714337969, ""19"": 0.03971214037652589, ""20"": 0.004909031819744028, ""21"": -0.0533548272875595, ""22"": -0.010244935867654044, ""23"": 0.11697811539596237, ""24"": 0.6274732956863325, ""25"": 0.12029970314298429, ""26"": 0.014339787593108291, ""27"": -0.08637512712312972, ""28"": 0.003907181102332723, ""29"": 0.005765474462631171, ""30"": -0.07453365518535303, ""31"": -0.1283782899059201, ""32"": -0.09507670921792172, ""33"": -0.032466195258915205, ""34"": -0.06831451784879855, ""35"": 0.06565886840088528, ""36"": 0.0033775046032522345, ""37"": 0.0850390534745675, ""38"": -0.06841942879345708, ""39"": -0.04856863807010825, ""40"": -0.1270940700522398, ""41"": -0.1395077594578216, ""42"": -0.10810435581830675, ""43"": -0.0008117247777051788, ""44"": -0.01134689579875752, ""45"": -0.05210430619591779, ""46"": 0.0010352351842186664, ""47"": 0.086876836972866, ""48"": 0.49623333459630387}","[3, 7, 8, 11, 13, 14, 16, 17, 18, 21, 23, 24, 25, 27, 30, 31, 32, 34, 35, 37, 38, 40, 41, 42, 45, 47, 48]","{""24"": 4425.645687535435, ""48"": 7792.138375481037}","{""24"": 0.0, ""48"": 0.0}",6100.223278206539,7353.562723727153,14.418917121057936,24,1.0,False,,,,,,False
Germany,2024-12-25,Christmas holiday / cold season,2024-12-24T18:00:00+01:00,2024-12-24T17:00:00+00:00,2024-12-24T17:00:00+00:00,24,ordinary,enhanced_ordinary_arima_p2_d1_q3,,2,1,3,n,identity,False,,completed,,success,converged,True,True,True,True,True,8802,6,-74979.96253162486,149971.9250632497,149971.9346141309,150014.42078703197,1.2088233569650235,1.0111012803065844,"[""DeprecationWarning: Setting the shape on a NumPy array has been deprecated in NumPy 2.5.\nAs an alternative, you can create a new view using np.reshape (with copy=False if needed).""]",[],0,8778,True,joint Ljung-Box and residual ACF rule,"{""1"": 0.01997450845044473, ""2"": 0.0033262720335895776, ""3"": -0.011525698318906465, ""4"": 0.04290795810160948, ""5"": 0.05426599712332608, ""6"": -0.03513006257702137, ""7"": -0.06993077226752593, ""8"": -0.06305879463841498, ""9"": -0.006306685585024008, ""10"": -0.024376172169799138, ""11"": 0.09924290796410826, ""12"": 0.03551480310699244, ""13"": 0.1298001182444895, ""14"": -0.0421131833570696, ""15"": -0.017811122746859934, ""16"": -0.09726660166380806, ""17"": -0.08299831973339654, ""18"": -0.06964922358984825, ""19"": 0.045773427095582554, ""20"": 0.023162637300485598, ""21"": -0.004861344201312441, ""22"": -0.013671287341651473, ""23"": 0.11190437129845018, ""24"": 0.629548623346167, ""25"": 0.11355913421530582, ""26"": 0.008480396577816091, ""27"": -0.03848735444396016, ""28"": 0.01939587851912006, ""29"": 0.01758963553520195, ""30"": -0.07116998451671001, ""31"": -0.12450563795108455, ""32"": -0.07479970824304, ""33"": -0.023714121222483744, ""34"": -0.06173882760076493, ""35"": 0.0618341290052482, ""36"": 0.006740436479378805, ""37"": 0.0802839400474137, ""38"": -0.06337265895286083, ""39"": -0.04210412250474526, ""40"": -0.10411932526095936, ""41"": -0.1343346278829401, ""42"": -0.10268255659869877, ""43"": 0.005745426026870636, ""44"": -0.0018263417277813194, ""45"": -0.01776972557721989, ""46"": -0.004940377446984199, ""47"": 0.08000571421051565, ""48"": 0.49538335535103795}","[5, 7, 8, 11, 13, 16, 17, 18, 23, 24, 25, 30, 31, 32, 34, 35, 37, 38, 40, 41, 42, 47, 48]","{""24"": 4216.4216536398135, ""48"": 7334.888245852786}","{""24"": 0.0, ""48"": 0.0}",8692.80314394446,9790.343598688218,20.279153776821435,24,1.0,False,,,,,,False
Germany,2024-12-25,Christmas holiday / cold season,2024-12-24T18:00:00+01:00,2024-12-24T17:00:00+00:00,2024-12-24T17:00:00+00:00,24,ordinary,enhanced_ordinary_arima_p3_d1_q1,,3,1,1,n,identity,False,,completed,,success,converged,True,True,True,True,True,8802,5,-74998.050755233,150006.101510466,150006.1083317484,150041.51461361785,1.223726327434787,1.0107637313188846,"[""DeprecationWarning: Setting the shape on a NumPy array has been deprecated in NumPy 2.5.\nAs an alternative, you can create a new view using np.reshape (with copy=False if needed)."", ""ConvergenceWarning: Maximum Likelihood optimization failed to converge. Check mle_retvals"", ""DeprecationWarning: Setting the shape on a NumPy array has been deprecated in NumPy 2.5.\nAs an alternative, you can create a new view using np.reshape (with copy=False if needed).""]",[],1,8778,True,joint Ljung-Box and residual ACF rule,"{""1"": 0.03386995467240274, ""2"": 0.002501389527904334, ""3"": -0.05176983473225163, ""4"": 0.05816266240982312, ""5"": 0.06673069095489799, ""6"": -0.027396617004853015, ""7"": -0.06709872842829197, ""8"": -0.06890968483266921, ""9"": -0.007583647670278874, ""10"": -0.029790595460466664, ""11"": 0.09777373549466968, ""12"": 0.032352398514781236, ""13"": 0.12867429034620245, ""14"": -0.04534180070980155, ""15"": -0.018642420009387588, ""16"": -0.10497529386264894, ""17"": -0.07984701699593394, ""18"": -0.06318075351700614, ""19"": 0.05797402074604846, ""20"": 0.03077743725001281, ""21"": -0.02770384555508864, ""22"": -0.01857107577492961, ""23"": 0.1192389941467742, ""24"": 0.6330863869760498, ""25"": 0.12245189454979453, ""26"": 0.0043031272503765, ""27"": -0.06111902421543957, ""28"": 0.02803069683853337, ""29"": 0.027392236663389063, ""30"": -0.06439095017882063, ""31"": -0.12105075324701271, ""32"": -0.07978535468866145, ""33"": -0.024281563200369928, ""34"": -0.06441464861072262, ""35"": 0.059502843158072624, ""36"": 0.003041315857445933, ""37"": 0.07917019427430667, ""38"": -0.06497695757032725, ""39"": -0.04199963593775765, ""40"": -0.1101958110540543, ""41"": -0.13106326354984915, ""42"": -0.09736051646853155, ""43"": 0.014944698373970092, ""44"": 0.00657894695373936, ""45"": -0.03478424412750889, ""46"": -0.008793798545122666, ""47"": 0.08585727917576715, ""48"": 0.4976890962676473}","[3, 4, 5, 7, 8, 11, 13, 16, 17, 18, 19, 23, 24, 25, 27, 30, 31, 32, 34, 35, 37, 38, 40, 41, 42, 47, 48]","{""24"": 4348.315133519948, ""48"": 7537.539417046328}","{""24"": 0.0, ""48"": 0.0}",8796.224693872979,9880.129275014957,20.507734066229467,24,1.0,False,,,,,,False
Germany,2024-12-25,Christmas holiday / cold season,2024-12-24T18:00:00+01:00,2024-12-24T17:00:00+00:00,2024-12-24T17:00:00+00:00,24,ordinary,enhanced_ordinary_arima_p3_d1_q2,,3,1,2,n,identity,False,,completed,,success,converged,True,True,True,True,True,8802,6,-74995.78900609718,150003.57801219437,150003.58756307556,150046.07373597662,1.1700240921851697,1.0409069351008118,"[""DeprecationWarning: Setting the shape on a NumPy array has been deprecated in NumPy 2.5.\nAs an alternative, you can create a new view using np.reshape (with copy=False if needed)."", ""UserWarning: Non-stationary starting autoregressive parameters found. Using zeros as starting parameters."", ""UserWarning: Non-invertible starting MA parameters found. Using zeros as starting parameters.""]",[],0,8778,True,joint Ljung-Box and residual ACF rule,"{""1"": 0.025721485823168796, ""2"": 0.016755274939036908, ""3"": -0.06746605511877712, ""4"": 0.044694398475936974, ""5"": 0.05673652992890033, ""6"": -0.03190210383235785, ""7"": -0.0706012652949945, ""8"": -0.07757362059396283, ""9"": -0.014407514677760467, ""10"": -0.03829695384498503, ""11"": 0.09524697515847365, ""12"": 0.024679568021656804, ""13"": 0.12514794126707413, ""14"": -0.05530024465296564, ""15"": -0.026405166195862674, ""16"": -0.11759352786615995, ""17"": -0.08672581020151963, ""18"": -0.07213638998806296, ""19"": 0.04680282281740408, ""20"": 0.015453419384976108, ""21"": -0.040346887902853575, ""22"": -0.016252875302742983, ""23"": 0.11132206239562496, ""24"": 0.6271883633760034, ""25"": 0.1144064195087224, ""26"": 0.007871463231496552, ""27"": -0.07348455728827573, ""28"": 0.014302250844494591, ""29"": 0.015084757176670219, ""30"": -0.07100449489203735, ""31"": -0.12646986057312, ""32"": -0.089543167115493, ""33"": -0.03195425692060014, ""34"": -0.07202032784963754, ""35"": 0.05711628895367289, ""36"": -0.003938983265008705, ""37"": 0.07662883398329486, ""38"": -0.07230229323491345, ""39"": -0.04850919173781178, ""40"": -0.120249857219732, ""41"": -0.13628721259286472, ""42"": -0.103644862698216, ""43"": 0.0064629275193050385, ""44"": -0.003501276201373528, ""45"": -0.04256625701213641, ""46"": -0.004399270770114409, ""47"": 0.08179155392646183, ""48"": 0.4955584871314711}","[3, 5, 7, 8, 11, 13, 14, 16, 17, 18, 23, 24, 25, 27, 30, 31, 32, 34, 35, 37, 38, 40, 41, 42, 47, 48]","{""24"": 4314.185624814663, ""48"": 7569.464004606579}","{""24"": 0.0, ""48"": 0.0}",6254.226423144134,7541.216951789883,14.786610632442528,24,1.0,False,,,,,,False
Germany,2024-12-25,Christmas holiday / cold season,2024-12-24T18:00:00+01:00,2024-12-24T17:00:00+00:00,2024-12-24T17:00:00+00:00,24,ordinary,enhanced_ordinary_arima_p3_d1_q3,,3,1,3,n,identity,False,,completed,,success,converged,True,True,True,True,True,8802,7,-74973.49665755336,149960.99331510672,149961.00605106304,150010.57165951934,1.1751673487250014,1.0381239836392104,"[""DeprecationWarning: Setting the shape on a NumPy array has been deprecated in NumPy 2.5.\nAs an alternative, you can create a new view using np.reshape (with copy=False if needed).""]",[],0,8778,True,joint Ljung-Box and residual ACF rule,"{""1"": 0.020556727426713536, ""2"": -0.0036262004551941827, ""3"": -0.016709650209428637, ""4"": 0.01964758881937253, ""5"": 0.060664142298071405, ""6"": -0.03600855494657146, ""7"": -0.07469077044768682, ""8"": -0.06858991512982217, ""9"": -0.01893080128196643, ""10"": -0.031883956386194054, ""11"": 0.08927828015791563, ""12"": 0.027745785241348624, ""13"": 0.11959417925757501, ""14"": -0.05016446880955136, ""15"": -0.031478363812563366, ""16"": -0.10558088403593903, ""17"": -0.09213729839833529, ""18"": -0.07162130246353643, ""19"": 0.04392902243567067, ""20"": 0.006699313992323904, ""21"": -0.014520237181916596, ""22"": -0.022249089353133553, ""23"": 0.10730704766987423, ""24"": 0.625952343675675, ""25"": 0.10954777840221093, ""26"": 0.0009486223555307917, ""27"": -0.0464702947649367, ""28"": 0.002859526906305126, ""29"": 0.016588413246960962, ""30"": -0.07305455472696136, ""31"": -0.13013717815511536, ""32"": -0.08136544786067952, ""33"": -0.03506064114980817, ""34"": -0.0686719954821854, ""35"": 0.05342137047672652, ""36"": -0.0010378265884416961, ""37"": 0.07213423846086052, ""38"": -0.06910319643908439, ""39"": -0.05279707000681462, ""40"": -0.11015286671972156, ""41"": -0.14066378354578116, ""42"": -0.10343809297997875, ""43"": 0.006065348250972086, ""44"": -0.012827902730990689, ""45"": -0.0222147188308718, ""46"": -0.009374093997615698, ""47"": 0.07841266701200315, ""48"": 0.49471013469471875}","[5, 7, 8, 11, 13, 14, 16, 17, 18, 23, 24, 25, 30, 31, 32, 34, 35, 37, 38, 39, 40, 41, 42, 47, 48]","{""24"": 4181.684133236472, ""48"": 7351.343167573451}","{""24"": 0.0, ""48"": 0.0}",6283.3153329057,7581.331251568267,14.85851180825594,24,1.0,False,,,,,,False
Germany,2024-12-25,Christmas holiday / cold season,2024-12-24T18:00:00+01:00,2024-12-24T17:00:00+00:00,2024-12-24T17:00:00+00:00,24,ordinary,enhanced_ordinary_arima_p4_d1_q1,,4,1,1,n,identity,False,,completed,,success,converged,True,True,True,True,True,8802,6,-75370.38363380921,150752.76726761842,150752.7768184996,150795.26299140067,1.416761156425628,2.3649699546181684,"[""DeprecationWarning: Setting the shape on a NumPy array has been deprecated in NumPy 2.5.\nAs an alternative, you can create a new view using np.reshape (with copy=False if needed).""]",[],0,8778,True,joint Ljung-Box and residual ACF rule,"{""1"": 0.019789817642626842, ""2"": -0.018043508308108358, ""3"": -0.038890233717917146, ""4"": 0.05641600540136239, ""5"": 0.038575753246581225, ""6"": -0.07893433892218332, ""7"": -0.12743809399870756, ""8"": -0.1281019250597529, ""9"": -0.07243792754114305, ""10"": -0.10148121559353851, ""11"": 0.017360627611523648, ""12"": -0.04755299713545971, ""13"": 0.051151192416591794, ""14"": -0.11299197943277284, ""15"": -0.07620986264938893, ""16"": -0.15091822283024134, ""17"": -0.12434542451046396, ""18"": -0.09805398115125412, ""19"": 0.04276026858630384, ""20"": 0.039296378105146, ""21"": -0.0076265712869687365, ""22"": -0.01215176148569003, ""23"": 0.1311429687779902, ""24"": 0.6543409644588852, ""25"": 0.1362861670899963, ""26"": 0.014792121243544197, ""27"": -0.03355214012243778, ""28"": 0.04809167226996551, ""29"": 0.02903741488429448, ""30"": -0.08311602674609052, ""31"": -0.14890372944080368, ""32"": -0.10636078034748915, ""33"": -0.057091440535063806, ""34"": -0.10529897461786784, ""35"": 0.01221257198828996, ""36"": -0.042934036375817684, ""37"": 0.034248686435813976, ""38"": -0.10174274027356842, ""39"": -0.06787486461512175, ""40"": -0.12436276630759965, ""41"": -0.1429327439289528, ""42"": -0.09965219768754263, ""43"": 0.030020016030182152, ""44"": 0.03960967247006384, ""45"": 0.008386465759990773, ""46"": 0.02563842280530914, ""47"": 0.1263474957580755, ""48"": 0.5463393546232486}","[4, 6, 7, 8, 9, 10, 13, 14, 15, 16, 17, 18, 23, 24, 25, 30, 31, 32, 33, 34, 38, 39, 40, 41, 42, 47, 48]","{""24"": 5121.213491450433, ""48"": 9175.083842808372}","{""24"": 0.0, ""48"": 0.0}",11258.230470026174,11998.690714507868,25.918443993428376,24,1.0,False,,,,,,False
Germany,2024-12-25,Christmas holiday / cold season,2024-12-24T18:00:00+01:00,2024-12-24T17:00:00+00:00,2024-12-24T17:00:00+00:00,24,ordinary,enhanced_ordinary_arima_p4_d1_q2,,4,1,2,n,identity,False,,failed,AR roots fail stationarity threshold; MA roots fail invertibility threshold,success,converged,True,True,True,False,False,8802,7,-75161.3598088291,150336.7196176582,150336.73235361453,150386.29796207082,1.000834766753352,1.0063939529832735,"[""DeprecationWarning: Setting the shape on a NumPy array has been deprecated in NumPy 2.5.\nAs an alternative, you can create a new view using np.reshape (with copy=False if needed)."", ""UserWarning: Non-stationary starting autoregressive parameters found. Using zeros as starting parameters."", ""UserWarning: Non-invertible starting MA parameters found. Using zeros as starting parameters."", ""ConvergenceWarning: Maximum Likelihood optimization failed to converge. Check mle_retvals"", ""DeprecationWarning: Setting the shape on a NumPy array has been deprecated in NumPy 2.5.\nAs an alternative, you can create a new view using np.reshape (with copy=False if needed)."", ""UserWarning: Non-stationary starting autoregressive parameters found. Using zeros as starting parameters."", ""UserWarning: Non-invertible starting MA parameters found. Using zeros as starting parameters.""]",[],1,8778,True,joint Ljung-Box and residual ACF rule,"{""1"": 0.01899357905270724, ""2"": -0.028806156334666558, ""3"": 0.014947561477549212, ""4"": 0.010495959480364697, ""5"": 0.046886863205119415, ""6"": -0.09786696736741092, ""7"": -0.1414555291159867, ""8"": -0.10259509919113763, ""9"": -0.10757412723432938, ""10"": -0.050321980683067855, ""11"": -0.027590816342436677, ""12"": 0.01110380706410038, ""13"": 0.005024586291056328, ""14"": -0.0616799752449012, ""15"": -0.11466160561545317, ""16"": -0.11940623398929973, ""17"": -0.14453656874734136, ""18"": -0.10874694301526219, ""19"": 0.04695785149764266, ""20"": -2.2200401656061483e-05, ""21"": 0.04464255322250656, ""22"": -0.042116740575664606, ""23"": 0.16591636817156252, ""24"": 0.6184927031030187, ""25"": 0.1701189238689018, ""26"": -0.016931546105649623, ""27"": 0.020621279952177725, ""28"": 0.004783052392469875, ""29"": 0.03890240294531598, ""30"": -0.09871061750626256, ""31"": -0.1638811813056132, ""32"": -0.08106353327077274, ""33"": -0.0918357087918518, ""34"": -0.056841786021688545, ""35"": -0.030790073353656494, ""36"": 0.015761719541910236, ""37"": -0.01205423298072652, ""38"": -0.0497297288984332, ""39"": -0.10914042625275859, ""40"": -0.09093824065192506, ""41"": -0.16569874419160094, ""42"": -0.10592548353789913, ""43"": 0.03402335189580297, ""44"": 0.0028427012414202896, ""45"": 0.0559946325239741, ""46"": -0.006159034269853954, ""47"": 0.1648272744023316, ""48"": 0.5081265773168472}","[6, 7, 8, 9, 10, 14, 15, 16, 17, 18, 23, 24, 25, 30, 31, 32, 33, 34, 39, 40, 41, 42, 45, 47, 48]","{""24"": 4742.200340773554, ""48"": 8610.339760527471}","{""24"": 0.0, ""48"": 0.0}",,,,0,0.0,False,,,,,,False
