country,model_family,target_date,branch,specification_id,forecast_origin_local,forecast_origin_utc,information_cutoff_utc,timestamp_utc,interval_end_utc,timestamp_local,local_date,actual_load_mwh,forecast_mwh,bridge_used,source_timestamp_utc,source_actual_mwh,source_kind,is_target_day,evaluated,status,mapping_issue_count
Germany,enhanced_arima,2024-02-15,ordinary,enhanced_ordinary_arima_p1_d1_q2,2024-02-14T18:00:00+01:00,2024-02-14T17:00:00+00:00,2024-02-14T17:00:00+00:00,2024-02-14 17:00:00+00:00,2024-02-14 18:00:00+00:00,2024-02-14T18:00:00+01:00,2024-02-14,66548.75,67892.2156842923,True,,,arima_forecast,False,False,completed,0
Germany,enhanced_arima,2024-02-15,ordinary,enhanced_ordinary_arima_p1_d1_q2,2024-02-14T18:00:00+01:00,2024-02-14T17:00:00+00:00,2024-02-14T17:00:00+00:00,2024-02-14 18:00:00+00:00,2024-02-14 19:00:00+00:00,2024-02-14T19:00:00+01:00,2024-02-14,65346.0,69772.83495091535,True,,,arima_forecast,False,False,completed,0
Germany,enhanced_arima,2024-02-15,ordinary,enhanced_ordinary_arima_p1_d1_q2,2024-02-14T18:00:00+01:00,2024-02-14T17:00:00+00:00,2024-02-14T17:00:00+00:00,2024-02-14 19:00:00+00:00,2024-02-14 20:00:00+00:00,2024-02-14T20:00:00+01:00,2024-02-14,61898.5,70497.7790109655,True,,,arima_forecast,False,False,completed,0
Germany,enhanced_arima,2024-02-15,ordinary,enhanced_ordinary_arima_p1_d1_q2,2024-02-14T18:00:00+01:00,2024-02-14T17:00:00+00:00,2024-02-14T17:00:00+00:00,2024-02-14 20:00:00+00:00,2024-02-14 21:00:00+00:00,2024-02-14T21:00:00+01:00,2024-02-14,58506.5,70777.23158253556,True,,,arima_forecast,False,False,completed,0
Germany,enhanced_arima,2024-02-15,ordinary,enhanced_ordinary_arima_p1_d1_q2,2024-02-14T18:00:00+01:00,2024-02-14T17:00:00+00:00,2024-02-14T17:00:00+00:00,2024-02-14 21:00:00+00:00,2024-02-14 22:00:00+00:00,2024-02-14T22:00:00+01:00,2024-02-14,54654.75,70884.95539746236,True,,,arima_forecast,False,False,completed,0
Germany,enhanced_arima,2024-02-15,ordinary,enhanced_ordinary_arima_p1_d1_q2,2024-02-14T18:00:00+01:00,2024-02-14T17:00:00+00:00,2024-02-14T17:00:00+00:00,2024-02-14 22:00:00+00:00,2024-02-14 23:00:00+00:00,2024-02-14T23:00:00+01:00,2024-02-14,50626.0,70926.4809423417,True,,,arima_forecast,False,False,completed,0
Germany,enhanced_arima,2024-02-15,ordinary,enhanced_ordinary_arima_p1_d1_q2,2024-02-14T18:00:00+01:00,2024-02-14T17:00:00+00:00,2024-02-14T17:00:00+00:00,2024-02-14 23:00:00+00:00,2024-02-15 00:00:00+00:00,2024-02-15T00:00:00+01:00,2024-02-15,47680.25,70942.48827441306,False,,,arima_forecast,True,True,completed,0
Germany,enhanced_arima,2024-02-15,ordinary,enhanced_ordinary_arima_p1_d1_q2,2024-02-14T18:00:00+01:00,2024-02-14T17:00:00+00:00,2024-02-14T17:00:00+00:00,2024-02-15 00:00:00+00:00,2024-02-15 01:00:00+00:00,2024-02-15T01:00:00+01:00,2024-02-15,45667.25,70948.65880584827,False,,,arima_forecast,True,True,completed,0
Germany,enhanced_arima,2024-02-15,ordinary,enhanced_ordinary_arima_p1_d1_q2,2024-02-14T18:00:00+01:00,2024-02-14T17:00:00+00:00,2024-02-14T17:00:00+00:00,2024-02-15 01:00:00+00:00,2024-02-15 02:00:00+00:00,2024-02-15T02:00:00+01:00,2024-02-15,45412.5,70951.03743196931,False,,,arima_forecast,True,True,completed,0
Germany,enhanced_arima,2024-02-15,ordinary,enhanced_ordinary_arima_p1_d1_q2,2024-02-14T18:00:00+01:00,2024-02-14T17:00:00+00:00,2024-02-14T17:00:00+00:00,2024-02-15 02:00:00+00:00,2024-02-15 03:00:00+00:00,2024-02-15T03:00:00+01:00,2024-02-15,45907.25,70951.9543484915,False,,,arima_forecast,True,True,completed,0
Germany,enhanced_arima,2024-02-15,ordinary,enhanced_ordinary_arima_p1_d1_q2,2024-02-14T18:00:00+01:00,2024-02-14T17:00:00+00:00,2024-02-14T17:00:00+00:00,2024-02-15 03:00:00+00:00,2024-02-15 04:00:00+00:00,2024-02-15T04:00:00+01:00,2024-02-15,47408.0,70952.30780290843,False,,,arima_forecast,True,True,completed,0
Germany,enhanced_arima,2024-02-15,ordinary,enhanced_ordinary_arima_p1_d1_q2,2024-02-14T18:00:00+01:00,2024-02-14T17:00:00+00:00,2024-02-14T17:00:00+00:00,2024-02-15 04:00:00+00:00,2024-02-15 05:00:00+00:00,2024-02-15T05:00:00+01:00,2024-02-15,50554.25,70952.44405307059,False,,,arima_forecast,True,True,completed,0
Germany,enhanced_arima,2024-02-15,ordinary,enhanced_ordinary_arima_p1_d1_q2,2024-02-14T18:00:00+01:00,2024-02-14T17:00:00+00:00,2024-02-14T17:00:00+00:00,2024-02-15 05:00:00+00:00,2024-02-15 06:00:00+00:00,2024-02-15T06:00:00+01:00,2024-02-15,57544.75,70952.49657499648,False,,,arima_forecast,True,True,completed,0
Germany,enhanced_arima,2024-02-15,ordinary,enhanced_ordinary_arima_p1_d1_q2,2024-02-14T18:00:00+01:00,2024-02-14T17:00:00+00:00,2024-02-14T17:00:00+00:00,2024-02-15 06:00:00+00:00,2024-02-15 07:00:00+00:00,2024-02-15T07:00:00+01:00,2024-02-15,62828.0,70952.51682123072,False,,,arima_forecast,True,True,completed,0
Germany,enhanced_arima,2024-02-15,ordinary,enhanced_ordinary_arima_p1_d1_q2,2024-02-14T18:00:00+01:00,2024-02-14T17:00:00+00:00,2024-02-14T17:00:00+00:00,2024-02-15 07:00:00+00:00,2024-02-15 08:00:00+00:00,2024-02-15T08:00:00+01:00,2024-02-15,64527.25,70952.5246257808,False,,,arima_forecast,True,True,completed,0
Germany,enhanced_arima,2024-02-15,ordinary,enhanced_ordinary_arima_p1_d1_q2,2024-02-14T18:00:00+01:00,2024-02-14T17:00:00+00:00,2024-02-14T17:00:00+00:00,2024-02-15 08:00:00+00:00,2024-02-15 09:00:00+00:00,2024-02-15T09:00:00+01:00,2024-02-15,64477.25,70952.527634291,False,,,arima_forecast,True,True,completed,0
Germany,enhanced_arima,2024-02-15,ordinary,enhanced_ordinary_arima_p1_d1_q2,2024-02-14T18:00:00+01:00,2024-02-14T17:00:00+00:00,2024-02-14T17:00:00+00:00,2024-02-15 09:00:00+00:00,2024-02-15 10:00:00+00:00,2024-02-15T10:00:00+01:00,2024-02-15,65051.25,70952.52879401621,False,,,arima_forecast,True,True,completed,0
Germany,enhanced_arima,2024-02-15,ordinary,enhanced_ordinary_arima_p1_d1_q2,2024-02-14T18:00:00+01:00,2024-02-14T17:00:00+00:00,2024-02-14T17:00:00+00:00,2024-02-15 10:00:00+00:00,2024-02-15 11:00:00+00:00,2024-02-15T11:00:00+01:00,2024-02-15,65208.75,70952.5292410689,False,,,arima_forecast,True,True,completed,0
Germany,enhanced_arima,2024-02-15,ordinary,enhanced_ordinary_arima_p1_d1_q2,2024-02-14T18:00:00+01:00,2024-02-14T17:00:00+00:00,2024-02-14T17:00:00+00:00,2024-02-15 11:00:00+00:00,2024-02-15 12:00:00+00:00,2024-02-15T12:00:00+01:00,2024-02-15,65389.75,70952.52941339948,False,,,arima_forecast,True,True,completed,0
Germany,enhanced_arima,2024-02-15,ordinary,enhanced_ordinary_arima_p1_d1_q2,2024-02-14T18:00:00+01:00,2024-02-14T17:00:00+00:00,2024-02-14T17:00:00+00:00,2024-02-15 12:00:00+00:00,2024-02-15 13:00:00+00:00,2024-02-15T13:00:00+01:00,2024-02-15,64235.25,70952.52947982974,False,,,arima_forecast,True,True,completed,0
Germany,enhanced_arima,2024-02-15,ordinary,enhanced_ordinary_arima_p1_d1_q2,2024-02-14T18:00:00+01:00,2024-02-14T17:00:00+00:00,2024-02-14T17:00:00+00:00,2024-02-15 13:00:00+00:00,2024-02-15 14:00:00+00:00,2024-02-15T14:00:00+01:00,2024-02-15,62474.25,70952.52950543739,False,,,arima_forecast,True,True,completed,0
Germany,enhanced_arima,2024-02-15,ordinary,enhanced_ordinary_arima_p1_d1_q2,2024-02-14T18:00:00+01:00,2024-02-14T17:00:00+00:00,2024-02-14T17:00:00+00:00,2024-02-15 14:00:00+00:00,2024-02-15 15:00:00+00:00,2024-02-15T15:00:00+01:00,2024-02-15,61944.5,70952.52951530866,False,,,arima_forecast,True,True,completed,0
Germany,enhanced_arima,2024-02-15,ordinary,enhanced_ordinary_arima_p1_d1_q2,2024-02-14T18:00:00+01:00,2024-02-14T17:00:00+00:00,2024-02-14T17:00:00+00:00,2024-02-15 15:00:00+00:00,2024-02-15 16:00:00+00:00,2024-02-15T16:00:00+01:00,2024-02-15,61673.0,70952.52951911386,False,,,arima_forecast,True,True,completed,0
Germany,enhanced_arima,2024-02-15,ordinary,enhanced_ordinary_arima_p1_d1_q2,2024-02-14T18:00:00+01:00,2024-02-14T17:00:00+00:00,2024-02-14T17:00:00+00:00,2024-02-15 16:00:00+00:00,2024-02-15 17:00:00+00:00,2024-02-15T17:00:00+01:00,2024-02-15,63904.25,70952.52952058069,False,,,arima_forecast,True,True,completed,0
Germany,enhanced_arima,2024-02-15,ordinary,enhanced_ordinary_arima_p1_d1_q2,2024-02-14T18:00:00+01:00,2024-02-14T17:00:00+00:00,2024-02-14T17:00:00+00:00,2024-02-15 17:00:00+00:00,2024-02-15 18:00:00+00:00,2024-02-15T18:00:00+01:00,2024-02-15,65648.0,70952.52952114613,False,,,arima_forecast,True,True,completed,0
Germany,enhanced_arima,2024-02-15,ordinary,enhanced_ordinary_arima_p1_d1_q2,2024-02-14T18:00:00+01:00,2024-02-14T17:00:00+00:00,2024-02-14T17:00:00+00:00,2024-02-15 18:00:00+00:00,2024-02-15 19:00:00+00:00,2024-02-15T19:00:00+01:00,2024-02-15,65265.5,70952.5295213641,False,,,arima_forecast,True,True,completed,0
Germany,enhanced_arima,2024-02-15,ordinary,enhanced_ordinary_arima_p1_d1_q2,2024-02-14T18:00:00+01:00,2024-02-14T17:00:00+00:00,2024-02-14T17:00:00+00:00,2024-02-15 19:00:00+00:00,2024-02-15 20:00:00+00:00,2024-02-15T20:00:00+01:00,2024-02-15,62290.75,70952.52952144812,False,,,arima_forecast,True,True,completed,0
Germany,enhanced_arima,2024-02-15,ordinary,enhanced_ordinary_arima_p1_d1_q2,2024-02-14T18:00:00+01:00,2024-02-14T17:00:00+00:00,2024-02-14T17:00:00+00:00,2024-02-15 20:00:00+00:00,2024-02-15 21:00:00+00:00,2024-02-15T21:00:00+01:00,2024-02-15,58331.75,70952.52952148051,False,,,arima_forecast,True,True,completed,0
Germany,enhanced_arima,2024-02-15,ordinary,enhanced_ordinary_arima_p1_d1_q2,2024-02-14T18:00:00+01:00,2024-02-14T17:00:00+00:00,2024-02-14T17:00:00+00:00,2024-02-15 21:00:00+00:00,2024-02-15 22:00:00+00:00,2024-02-15T22:00:00+01:00,2024-02-15,54842.5,70952.529521493,False,,,arima_forecast,True,True,completed,0
Germany,enhanced_arima,2024-02-15,ordinary,enhanced_ordinary_arima_p1_d1_q2,2024-02-14T18:00:00+01:00,2024-02-14T17:00:00+00:00,2024-02-14T17:00:00+00:00,2024-02-15 22:00:00+00:00,2024-02-15 23:00:00+00:00,2024-02-15T23:00:00+01:00,2024-02-15,51035.0,70952.52952149781,False,,,arima_forecast,True,True,completed,0
Germany,enhanced_arima,2024-03-31,ordinary,enhanced_ordinary_arima_p1_d1_q2,2024-03-30T18:00:00+01:00,2024-03-30T17:00:00+00:00,2024-03-30T17:00:00+00:00,2024-03-30 17:00:00+00:00,2024-03-30 18:00:00+00:00,2024-03-30T18:00:00+01:00,2024-03-30,52547.0,54103.487703127605,True,,,arima_forecast,False,False,completed,0
Germany,enhanced_arima,2024-03-31,ordinary,enhanced_ordinary_arima_p1_d1_q2,2024-03-30T18:00:00+01:00,2024-03-30T17:00:00+00:00,2024-03-30T17:00:00+00:00,2024-03-30 18:00:00+00:00,2024-03-30 19:00:00+00:00,2024-03-30T19:00:00+01:00,2024-03-30,51822.75,56717.07164135969,True,,,arima_forecast,False,False,completed,0
Germany,enhanced_arima,2024-03-31,ordinary,enhanced_ordinary_arima_p1_d1_q2,2024-03-30T18:00:00+01:00,2024-03-30T17:00:00+00:00,2024-03-30T17:00:00+00:00,2024-03-30 19:00:00+00:00,2024-03-30 20:00:00+00:00,2024-03-30T20:00:00+01:00,2024-03-30,48928.0,57873.23151177671,True,,,arima_forecast,False,False,completed,0
Germany,enhanced_arima,2024-03-31,ordinary,enhanced_ordinary_arima_p1_d1_q2,2024-03-30T18:00:00+01:00,2024-03-30T17:00:00+00:00,2024-03-30T17:00:00+00:00,2024-03-30 20:00:00+00:00,2024-03-30 21:00:00+00:00,2024-03-30T21:00:00+01:00,2024-03-30,46342.5,58384.67697423501,True,,,arima_forecast,False,False,completed,0
Germany,enhanced_arima,2024-03-31,ordinary,enhanced_ordinary_arima_p1_d1_q2,2024-03-30T18:00:00+01:00,2024-03-30T17:00:00+00:00,2024-03-30T17:00:00+00:00,2024-03-30 21:00:00+00:00,2024-03-30 22:00:00+00:00,2024-03-30T22:00:00+01:00,2024-03-30,43930.0,58610.92290073896,True,,,arima_forecast,False,False,completed,0
Germany,enhanced_arima,2024-03-31,ordinary,enhanced_ordinary_arima_p1_d1_q2,2024-03-30T18:00:00+01:00,2024-03-30T17:00:00+00:00,2024-03-30T17:00:00+00:00,2024-03-30 22:00:00+00:00,2024-03-30 23:00:00+00:00,2024-03-30T23:00:00+01:00,2024-03-30,40857.0,58711.006336837105,True,,,arima_forecast,False,False,completed,0
Germany,enhanced_arima,2024-03-31,ordinary,enhanced_ordinary_arima_p1_d1_q2,2024-03-30T18:00:00+01:00,2024-03-30T17:00:00+00:00,2024-03-30T17:00:00+00:00,2024-03-30 23:00:00+00:00,2024-03-31 00:00:00+00:00,2024-03-31T00:00:00+01:00,2024-03-31,37333.25,58755.279815418544,False,,,arima_forecast,True,True,completed,0
Germany,enhanced_arima,2024-03-31,ordinary,enhanced_ordinary_arima_p1_d1_q2,2024-03-30T18:00:00+01:00,2024-03-30T17:00:00+00:00,2024-03-30T17:00:00+00:00,2024-03-31 00:00:00+00:00,2024-03-31 01:00:00+00:00,2024-03-31T01:00:00+01:00,2024-03-31,34967.25,58774.86488345897,False,,,arima_forecast,True,True,completed,0
Germany,enhanced_arima,2024-03-31,ordinary,enhanced_ordinary_arima_p1_d1_q2,2024-03-30T18:00:00+01:00,2024-03-30T17:00:00+00:00,2024-03-30T17:00:00+00:00,2024-03-31 01:00:00+00:00,2024-03-31 02:00:00+00:00,2024-03-31T03:00:00+02:00,2024-03-31,35233.0,58783.528645657876,False,,,arima_forecast,True,True,completed,0
Germany,enhanced_arima,2024-03-31,ordinary,enhanced_ordinary_arima_p1_d1_q2,2024-03-30T18:00:00+01:00,2024-03-30T17:00:00+00:00,2024-03-30T17:00:00+00:00,2024-03-31 02:00:00+00:00,2024-03-31 03:00:00+00:00,2024-03-31T04:00:00+02:00,2024-03-31,32660.5,58787.3611968282,False,,,arima_forecast,True,True,completed,0
Germany,enhanced_arima,2024-03-31,ordinary,enhanced_ordinary_arima_p1_d1_q2,2024-03-30T18:00:00+01:00,2024-03-30T17:00:00+00:00,2024-03-30T17:00:00+00:00,2024-03-31 03:00:00+00:00,2024-03-31 04:00:00+00:00,2024-03-31T05:00:00+02:00,2024-03-31,33094.75,58789.056585983155,False,,,arima_forecast,True,True,completed,0
Germany,enhanced_arima,2024-03-31,ordinary,enhanced_ordinary_arima_p1_d1_q2,2024-03-30T18:00:00+01:00,2024-03-30T17:00:00+00:00,2024-03-30T17:00:00+00:00,2024-03-31 04:00:00+00:00,2024-03-31 05:00:00+00:00,2024-03-31T06:00:00+02:00,2024-03-31,33936.5,58789.80656798183,False,,,arima_forecast,True,True,completed,0
Germany,enhanced_arima,2024-03-31,ordinary,enhanced_ordinary_arima_p1_d1_q2,2024-03-30T18:00:00+01:00,2024-03-30T17:00:00+00:00,2024-03-30T17:00:00+00:00,2024-03-31 05:00:00+00:00,2024-03-31 06:00:00+00:00,2024-03-31T07:00:00+02:00,2024-03-31,34424.5,58790.13833428852,False,,,arima_forecast,True,True,completed,0
Germany,enhanced_arima,2024-03-31,ordinary,enhanced_ordinary_arima_p1_d1_q2,2024-03-30T18:00:00+01:00,2024-03-30T17:00:00+00:00,2024-03-30T17:00:00+00:00,2024-03-31 06:00:00+00:00,2024-03-31 07:00:00+00:00,2024-03-31T08:00:00+02:00,2024-03-31,36927.75,58790.28509632074,False,,,arima_forecast,True,True,completed,0
Germany,enhanced_arima,2024-03-31,ordinary,enhanced_ordinary_arima_p1_d1_q2,2024-03-30T18:00:00+01:00,2024-03-30T17:00:00+00:00,2024-03-30T17:00:00+00:00,2024-03-31 07:00:00+00:00,2024-03-31 08:00:00+00:00,2024-03-31T09:00:00+02:00,2024-03-31,41260.5,58790.350018808844,False,,,arima_forecast,True,True,completed,0
Germany,enhanced_arima,2024-03-31,ordinary,enhanced_ordinary_arima_p1_d1_q2,2024-03-30T18:00:00+01:00,2024-03-30T17:00:00+00:00,2024-03-30T17:00:00+00:00,2024-03-31 08:00:00+00:00,2024-03-31 09:00:00+00:00,2024-03-31T10:00:00+02:00,2024-03-31,42728.5,58790.378738290296,False,,,arima_forecast,True,True,completed,0
Germany,enhanced_arima,2024-03-31,ordinary,enhanced_ordinary_arima_p1_d1_q2,2024-03-30T18:00:00+01:00,2024-03-30T17:00:00+00:00,2024-03-30T17:00:00+00:00,2024-03-31 09:00:00+00:00,2024-03-31 10:00:00+00:00,2024-03-31T11:00:00+02:00,2024-03-31,44419.25,58790.391442803615,False,,,arima_forecast,True,True,completed,0
Germany,enhanced_arima,2024-03-31,ordinary,enhanced_ordinary_arima_p1_d1_q2,2024-03-30T18:00:00+01:00,2024-03-30T17:00:00+00:00,2024-03-30T17:00:00+00:00,2024-03-31 10:00:00+00:00,2024-03-31 11:00:00+00:00,2024-03-31T12:00:00+02:00,2024-03-31,43098.75,58790.39706284446,False,,,arima_forecast,True,True,completed,0
Germany,enhanced_arima,2024-03-31,ordinary,enhanced_ordinary_arima_p1_d1_q2,2024-03-30T18:00:00+01:00,2024-03-30T17:00:00+00:00,2024-03-30T17:00:00+00:00,2024-03-31 11:00:00+00:00,2024-03-31 12:00:00+00:00,2024-03-31T13:00:00+02:00,2024-03-31,40175.75,58790.39954895772,False,,,arima_forecast,True,True,completed,0
Germany,enhanced_arima,2024-03-31,ordinary,enhanced_ordinary_arima_p1_d1_q2,2024-03-30T18:00:00+01:00,2024-03-30T17:00:00+00:00,2024-03-30T17:00:00+00:00,2024-03-31 12:00:00+00:00,2024-03-31 13:00:00+00:00,2024-03-31T14:00:00+02:00,2024-03-31,37691.25,58790.40064872894,False,,,arima_forecast,True,True,completed,0
Germany,enhanced_arima,2024-03-31,ordinary,enhanced_ordinary_arima_p1_d1_q2,2024-03-30T18:00:00+01:00,2024-03-30T17:00:00+00:00,2024-03-30T17:00:00+00:00,2024-03-31 13:00:00+00:00,2024-03-31 14:00:00+00:00,2024-03-31T15:00:00+02:00,2024-03-31,35956.25,58790.40113522999,False,,,arima_forecast,True,True,completed,0
Germany,enhanced_arima,2024-03-31,ordinary,enhanced_ordinary_arima_p1_d1_q2,2024-03-30T18:00:00+01:00,2024-03-30T17:00:00+00:00,2024-03-30T17:00:00+00:00,2024-03-31 14:00:00+00:00,2024-03-31 15:00:00+00:00,2024-03-31T16:00:00+02:00,2024-03-31,35175.0,58790.40135044137,False,,,arima_forecast,True,True,completed,0
Germany,enhanced_arima,2024-03-31,ordinary,enhanced_ordinary_arima_p1_d1_q2,2024-03-30T18:00:00+01:00,2024-03-30T17:00:00+00:00,2024-03-30T17:00:00+00:00,2024-03-31 15:00:00+00:00,2024-03-31 16:00:00+00:00,2024-03-31T17:00:00+02:00,2024-03-31,36616.0,58790.401445643496,False,,,arima_forecast,True,True,completed,0
Germany,enhanced_arima,2024-03-31,ordinary,enhanced_ordinary_arima_p1_d1_q2,2024-03-30T18:00:00+01:00,2024-03-30T17:00:00+00:00,2024-03-30T17:00:00+00:00,2024-03-31 16:00:00+00:00,2024-03-31 17:00:00+00:00,2024-03-31T18:00:00+02:00,2024-03-31,38920.0,58790.401487757656,False,,,arima_forecast,True,True,completed,0
Germany,enhanced_arima,2024-03-31,ordinary,enhanced_ordinary_arima_p1_d1_q2,2024-03-30T18:00:00+01:00,2024-03-30T17:00:00+00:00,2024-03-30T17:00:00+00:00,2024-03-31 17:00:00+00:00,2024-03-31 18:00:00+00:00,2024-03-31T19:00:00+02:00,2024-03-31,38962.75,58790.40150638751,False,,,arima_forecast,True,True,completed,0
Germany,enhanced_arima,2024-03-31,ordinary,enhanced_ordinary_arima_p1_d1_q2,2024-03-30T18:00:00+01:00,2024-03-30T17:00:00+00:00,2024-03-30T17:00:00+00:00,2024-03-31 18:00:00+00:00,2024-03-31 19:00:00+00:00,2024-03-31T20:00:00+02:00,2024-03-31,39883.75,58790.40151462872,False,,,arima_forecast,True,True,completed,0
Germany,enhanced_arima,2024-03-31,ordinary,enhanced_ordinary_arima_p1_d1_q2,2024-03-30T18:00:00+01:00,2024-03-30T17:00:00+00:00,2024-03-30T17:00:00+00:00,2024-03-31 19:00:00+00:00,2024-03-31 20:00:00+00:00,2024-03-31T21:00:00+02:00,2024-03-31,38590.75,58790.401518274346,False,,,arima_forecast,True,True,completed,0
Germany,enhanced_arima,2024-03-31,ordinary,enhanced_ordinary_arima_p1_d1_q2,2024-03-30T18:00:00+01:00,2024-03-30T17:00:00+00:00,2024-03-30T17:00:00+00:00,2024-03-31 20:00:00+00:00,2024-03-31 21:00:00+00:00,2024-03-31T22:00:00+02:00,2024-03-31,37514.0,58790.40151988705,False,,,arima_forecast,True,True,completed,0
Germany,enhanced_arima,2024-03-31,ordinary,enhanced_ordinary_arima_p1_d1_q2,2024-03-30T18:00:00+01:00,2024-03-30T17:00:00+00:00,2024-03-30T17:00:00+00:00,2024-03-31 21:00:00+00:00,2024-03-31 22:00:00+00:00,2024-03-31T23:00:00+02:00,2024-03-31,35148.0,58790.40152060045,False,,,arima_forecast,True,True,completed,0
Germany,enhanced_arima,2024-07-25,ordinary,enhanced_ordinary_arima_p1_d1_q2,2024-07-24T18:00:00+02:00,2024-07-24T16:00:00+00:00,2024-07-24T16:00:00+00:00,2024-07-24 16:00:00+00:00,2024-07-24 17:00:00+00:00,2024-07-24T18:00:00+02:00,2024-07-24,54756.0,55576.73780257993,True,,,arima_forecast,False,False,completed,0
Germany,enhanced_arima,2024-07-25,ordinary,enhanced_ordinary_arima_p1_d1_q2,2024-07-24T18:00:00+02:00,2024-07-24T16:00:00+00:00,2024-07-24T16:00:00+00:00,2024-07-24 17:00:00+00:00,2024-07-24 18:00:00+00:00,2024-07-24T19:00:00+02:00,2024-07-24,54574.25,55941.50795507681,True,,,arima_forecast,False,False,completed,0
Germany,enhanced_arima,2024-07-25,ordinary,enhanced_ordinary_arima_p1_d1_q2,2024-07-24T18:00:00+02:00,2024-07-24T16:00:00+00:00,2024-07-24T16:00:00+00:00,2024-07-24 18:00:00+00:00,2024-07-24 19:00:00+00:00,2024-07-24T20:00:00+02:00,2024-07-24,53042.5,56132.57633198212,True,,,arima_forecast,False,False,completed,0
Germany,enhanced_arima,2024-07-25,ordinary,enhanced_ordinary_arima_p1_d1_q2,2024-07-24T18:00:00+02:00,2024-07-24T16:00:00+00:00,2024-07-24T16:00:00+00:00,2024-07-24 19:00:00+00:00,2024-07-24 20:00:00+00:00,2024-07-24T21:00:00+02:00,2024-07-24,51080.25,56232.65887547789,True,,,arima_forecast,False,False,completed,0
Germany,enhanced_arima,2024-07-25,ordinary,enhanced_ordinary_arima_p1_d1_q2,2024-07-24T18:00:00+02:00,2024-07-24T16:00:00+00:00,2024-07-24T16:00:00+00:00,2024-07-24 20:00:00+00:00,2024-07-24 21:00:00+00:00,2024-07-24T22:00:00+02:00,2024-07-24,48999.25,56285.08259768048,True,,,arima_forecast,False,False,completed,0
Germany,enhanced_arima,2024-07-25,ordinary,enhanced_ordinary_arima_p1_d1_q2,2024-07-24T18:00:00+02:00,2024-07-24T16:00:00+00:00,2024-07-24T16:00:00+00:00,2024-07-24 21:00:00+00:00,2024-07-24 22:00:00+00:00,2024-07-24T23:00:00+02:00,2024-07-24,45783.0,56312.54239789719,True,,,arima_forecast,False,False,completed,0
Germany,enhanced_arima,2024-07-25,ordinary,enhanced_ordinary_arima_p1_d1_q2,2024-07-24T18:00:00+02:00,2024-07-24T16:00:00+00:00,2024-07-24T16:00:00+00:00,2024-07-24 22:00:00+00:00,2024-07-24 23:00:00+00:00,2024-07-25T00:00:00+02:00,2024-07-25,43334.5,56326.925974573176,False,,,arima_forecast,True,True,completed,0
Germany,enhanced_arima,2024-07-25,ordinary,enhanced_ordinary_arima_p1_d1_q2,2024-07-24T18:00:00+02:00,2024-07-24T16:00:00+00:00,2024-07-24T16:00:00+00:00,2024-07-24 23:00:00+00:00,2024-07-25 00:00:00+00:00,2024-07-25T01:00:00+02:00,2024-07-25,41599.75,56334.460161871015,False,,,arima_forecast,True,True,completed,0
Germany,enhanced_arima,2024-07-25,ordinary,enhanced_ordinary_arima_p1_d1_q2,2024-07-24T18:00:00+02:00,2024-07-24T16:00:00+00:00,2024-07-24T16:00:00+00:00,2024-07-25 00:00:00+00:00,2024-07-25 01:00:00+00:00,2024-07-25T02:00:00+02:00,2024-07-25,40436.75,56338.40660575752,False,,,arima_forecast,True,True,completed,0
Germany,enhanced_arima,2024-07-25,ordinary,enhanced_ordinary_arima_p1_d1_q2,2024-07-24T18:00:00+02:00,2024-07-24T16:00:00+00:00,2024-07-24T16:00:00+00:00,2024-07-25 01:00:00+00:00,2024-07-25 02:00:00+00:00,2024-07-25T03:00:00+02:00,2024-07-25,40311.25,56340.47377222599,False,,,arima_forecast,True,True,completed,0
Germany,enhanced_arima,2024-07-25,ordinary,enhanced_ordinary_arima_p1_d1_q2,2024-07-24T18:00:00+02:00,2024-07-24T16:00:00+00:00,2024-07-24T16:00:00+00:00,2024-07-25 02:00:00+00:00,2024-07-25 03:00:00+00:00,2024-07-25T04:00:00+02:00,2024-07-25,40917.75,56341.55656405866,False,,,arima_forecast,True,True,completed,0
Germany,enhanced_arima,2024-07-25,ordinary,enhanced_ordinary_arima_p1_d1_q2,2024-07-24T18:00:00+02:00,2024-07-24T16:00:00+00:00,2024-07-24T16:00:00+00:00,2024-07-25 03:00:00+00:00,2024-07-25 04:00:00+00:00,2024-07-25T05:00:00+02:00,2024-07-25,43374.5,56342.123735677764,False,,,arima_forecast,True,True,completed,0
Germany,enhanced_arima,2024-07-25,ordinary,enhanced_ordinary_arima_p1_d1_q2,2024-07-24T18:00:00+02:00,2024-07-24T16:00:00+00:00,2024-07-24T16:00:00+00:00,2024-07-25 04:00:00+00:00,2024-07-25 05:00:00+00:00,2024-07-25T06:00:00+02:00,2024-07-25,48967.5,56342.420822925575,False,,,arima_forecast,True,True,completed,0
Germany,enhanced_arima,2024-07-25,ordinary,enhanced_ordinary_arima_p1_d1_q2,2024-07-24T18:00:00+02:00,2024-07-24T16:00:00+00:00,2024-07-24T16:00:00+00:00,2024-07-25 05:00:00+00:00,2024-07-25 06:00:00+00:00,2024-07-25T07:00:00+02:00,2024-07-25,53719.25,56342.576438668395,False,,,arima_forecast,True,True,completed,0
Germany,enhanced_arima,2024-07-25,ordinary,enhanced_ordinary_arima_p1_d1_q2,2024-07-24T18:00:00+02:00,2024-07-24T16:00:00+00:00,2024-07-24T16:00:00+00:00,2024-07-25 06:00:00+00:00,2024-07-25 07:00:00+00:00,2024-07-25T08:00:00+02:00,2024-07-25,56795.75,56342.65795095003,False,,,arima_forecast,True,True,completed,0
Germany,enhanced_arima,2024-07-25,ordinary,enhanced_ordinary_arima_p1_d1_q2,2024-07-24T18:00:00+02:00,2024-07-24T16:00:00+00:00,2024-07-24T16:00:00+00:00,2024-07-25 07:00:00+00:00,2024-07-25 08:00:00+00:00,2024-07-25T09:00:00+02:00,2024-07-25,57086.75,56342.70064747891,False,,,arima_forecast,True,True,completed,0
Germany,enhanced_arima,2024-07-25,ordinary,enhanced_ordinary_arima_p1_d1_q2,2024-07-24T18:00:00+02:00,2024-07-24T16:00:00+00:00,2024-07-24T16:00:00+00:00,2024-07-25 08:00:00+00:00,2024-07-25 09:00:00+00:00,2024-07-25T10:00:00+02:00,2024-07-25,57013.0,56342.72301212804,False,,,arima_forecast,True,True,completed,0
Germany,enhanced_arima,2024-07-25,ordinary,enhanced_ordinary_arima_p1_d1_q2,2024-07-24T18:00:00+02:00,2024-07-24T16:00:00+00:00,2024-07-24T16:00:00+00:00,2024-07-25 09:00:00+00:00,2024-07-25 10:00:00+00:00,2024-07-25T11:00:00+02:00,2024-07-25,57703.5,56342.73472683984,False,,,arima_forecast,True,True,completed,0
Germany,enhanced_arima,2024-07-25,ordinary,enhanced_ordinary_arima_p1_d1_q2,2024-07-24T18:00:00+02:00,2024-07-24T16:00:00+00:00,2024-07-24T16:00:00+00:00,2024-07-25 10:00:00+00:00,2024-07-25 11:00:00+00:00,2024-07-25T12:00:00+02:00,2024-07-25,57394.75,56342.740863062754,False,,,arima_forecast,True,True,completed,0
Germany,enhanced_arima,2024-07-25,ordinary,enhanced_ordinary_arima_p1_d1_q2,2024-07-24T18:00:00+02:00,2024-07-24T16:00:00+00:00,2024-07-24T16:00:00+00:00,2024-07-25 11:00:00+00:00,2024-07-25 12:00:00+00:00,2024-07-25T13:00:00+02:00,2024-07-25,56078.25,56342.74407724611,False,,,arima_forecast,True,True,completed,0
Germany,enhanced_arima,2024-07-25,ordinary,enhanced_ordinary_arima_p1_d1_q2,2024-07-24T18:00:00+02:00,2024-07-24T16:00:00+00:00,2024-07-24T16:00:00+00:00,2024-07-25 12:00:00+00:00,2024-07-25 13:00:00+00:00,2024-07-25T14:00:00+02:00,2024-07-25,55278.25,56342.74576085096,False,,,arima_forecast,True,True,completed,0
Germany,enhanced_arima,2024-07-25,ordinary,enhanced_ordinary_arima_p1_d1_q2,2024-07-24T18:00:00+02:00,2024-07-24T16:00:00+00:00,2024-07-24T16:00:00+00:00,2024-07-25 13:00:00+00:00,2024-07-25 14:00:00+00:00,2024-07-25T15:00:00+02:00,2024-07-25,54678.0,56342.74664273135,False,,,arima_forecast,True,True,completed,0
Germany,enhanced_arima,2024-07-25,ordinary,enhanced_ordinary_arima_p1_d1_q2,2024-07-24T18:00:00+02:00,2024-07-24T16:00:00+00:00,2024-07-24T16:00:00+00:00,2024-07-25 14:00:00+00:00,2024-07-25 15:00:00+00:00,2024-07-25T16:00:00+02:00,2024-07-25,53848.25,56342.74710466458,False,,,arima_forecast,True,True,completed,0
Germany,enhanced_arima,2024-07-25,ordinary,enhanced_ordinary_arima_p1_d1_q2,2024-07-24T18:00:00+02:00,2024-07-24T16:00:00+00:00,2024-07-24T16:00:00+00:00,2024-07-25 15:00:00+00:00,2024-07-25 16:00:00+00:00,2024-07-25T17:00:00+02:00,2024-07-25,54999.25,56342.74734662745,False,,,arima_forecast,True,True,completed,0
Germany,enhanced_arima,2024-07-25,ordinary,enhanced_ordinary_arima_p1_d1_q2,2024-07-24T18:00:00+02:00,2024-07-24T16:00:00+00:00,2024-07-24T16:00:00+00:00,2024-07-25 16:00:00+00:00,2024-07-25 17:00:00+00:00,2024-07-25T18:00:00+02:00,2024-07-25,55209.5,56342.74747336878,False,,,arima_forecast,True,True,completed,0
Germany,enhanced_arima,2024-07-25,ordinary,enhanced_ordinary_arima_p1_d1_q2,2024-07-24T18:00:00+02:00,2024-07-24T16:00:00+00:00,2024-07-24T16:00:00+00:00,2024-07-25 17:00:00+00:00,2024-07-25 18:00:00+00:00,2024-07-25T19:00:00+02:00,2024-07-25,54614.75,56342.7475397565,False,,,arima_forecast,True,True,completed,0
Germany,enhanced_arima,2024-07-25,ordinary,enhanced_ordinary_arima_p1_d1_q2,2024-07-24T18:00:00+02:00,2024-07-24T16:00:00+00:00,2024-07-24T16:00:00+00:00,2024-07-25 18:00:00+00:00,2024-07-25 19:00:00+00:00,2024-07-25T20:00:00+02:00,2024-07-25,53021.5,56342.74757453071,False,,,arima_forecast,True,True,completed,0
Germany,enhanced_arima,2024-07-25,ordinary,enhanced_ordinary_arima_p1_d1_q2,2024-07-24T18:00:00+02:00,2024-07-24T16:00:00+00:00,2024-07-24T16:00:00+00:00,2024-07-25 19:00:00+00:00,2024-07-25 20:00:00+00:00,2024-07-25T21:00:00+02:00,2024-07-25,51656.0,56342.74759274561,False,,,arima_forecast,True,True,completed,0
Germany,enhanced_arima,2024-07-25,ordinary,enhanced_ordinary_arima_p1_d1_q2,2024-07-24T18:00:00+02:00,2024-07-24T16:00:00+00:00,2024-07-24T16:00:00+00:00,2024-07-25 20:00:00+00:00,2024-07-25 21:00:00+00:00,2024-07-25T22:00:00+02:00,2024-07-25,48748.5,56342.74760228666,False,,,arima_forecast,True,True,completed,0
Germany,enhanced_arima,2024-07-25,ordinary,enhanced_ordinary_arima_p1_d1_q2,2024-07-24T18:00:00+02:00,2024-07-24T16:00:00+00:00,2024-07-24T16:00:00+00:00,2024-07-25 21:00:00+00:00,2024-07-25 22:00:00+00:00,2024-07-25T23:00:00+02:00,2024-07-25,45392.0,56342.74760728431,False,,,arima_forecast,True,True,completed,0
Germany,enhanced_arima,2024-11-03,ordinary,enhanced_ordinary_arima_p1_d1_q2,2024-11-02T18:00:00+01:00,2024-11-02T17:00:00+00:00,2024-11-02T17:00:00+00:00,2024-11-02 17:00:00+00:00,2024-11-02 18:00:00+00:00,2024-11-02T18:00:00+01:00,2024-11-02,54814.25,57101.505111899794,True,,,arima_forecast,False,False,completed,0
Germany,enhanced_arima,2024-11-03,ordinary,enhanced_ordinary_arima_p1_d1_q2,2024-11-02T18:00:00+01:00,2024-11-02T17:00:00+00:00,2024-11-02T17:00:00+00:00,2024-11-02 18:00:00+00:00,2024-11-02 19:00:00+00:00,2024-11-02T19:00:00+01:00,2024-11-02,52947.75,59183.6753364736,True,,,arima_forecast,False,False,completed,0
Germany,enhanced_arima,2024-11-03,ordinary,enhanced_ordinary_arima_p1_d1_q2,2024-11-02T18:00:00+01:00,2024-11-02T17:00:00+00:00,2024-11-02T17:00:00+00:00,2024-11-02 19:00:00+00:00,2024-11-02 20:00:00+00:00,2024-11-02T20:00:00+01:00,2024-11-02,49610.75,60311.07953967932,True,,,arima_forecast,False,False,completed,0
Germany,enhanced_arima,2024-11-03,ordinary,enhanced_ordinary_arima_p1_d1_q2,2024-11-02T18:00:00+01:00,2024-11-02T17:00:00+00:00,2024-11-02T17:00:00+00:00,2024-11-02 20:00:00+00:00,2024-11-02 21:00:00+00:00,2024-11-02T21:00:00+01:00,2024-11-02,47551.75,60921.51965759335,True,,,arima_forecast,False,False,completed,0
Germany,enhanced_arima,2024-11-03,ordinary,enhanced_ordinary_arima_p1_d1_q2,2024-11-02T18:00:00+01:00,2024-11-02T17:00:00+00:00,2024-11-02T17:00:00+00:00,2024-11-02 21:00:00+00:00,2024-11-02 22:00:00+00:00,2024-11-02T22:00:00+01:00,2024-11-02,45846.5,61252.04631032298,True,,,arima_forecast,False,False,completed,0
Germany,enhanced_arima,2024-11-03,ordinary,enhanced_ordinary_arima_p1_d1_q2,2024-11-02T18:00:00+01:00,2024-11-02T17:00:00+00:00,2024-11-02T17:00:00+00:00,2024-11-02 22:00:00+00:00,2024-11-02 23:00:00+00:00,2024-11-02T23:00:00+01:00,2024-11-02,43878.75,61431.012051529455,True,,,arima_forecast,False,False,completed,0
Germany,enhanced_arima,2024-11-03,ordinary,enhanced_ordinary_arima_p1_d1_q2,2024-11-02T18:00:00+01:00,2024-11-02T17:00:00+00:00,2024-11-02T17:00:00+00:00,2024-11-02 23:00:00+00:00,2024-11-03 00:00:00+00:00,2024-11-03T00:00:00+01:00,2024-11-03,41313.5,61527.91418108868,False,,,arima_forecast,True,True,completed,0
Germany,enhanced_arima,2024-11-03,ordinary,enhanced_ordinary_arima_p1_d1_q2,2024-11-02T18:00:00+01:00,2024-11-02T17:00:00+00:00,2024-11-02T17:00:00+00:00,2024-11-03 00:00:00+00:00,2024-11-03 01:00:00+00:00,2024-11-03T01:00:00+01:00,2024-11-03,39506.0,61580.38245043348,False,,,arima_forecast,True,True,completed,0
Germany,enhanced_arima,2024-11-03,ordinary,enhanced_ordinary_arima_p1_d1_q2,2024-11-02T18:00:00+01:00,2024-11-02T17:00:00+00:00,2024-11-02T17:00:00+00:00,2024-11-03 01:00:00+00:00,2024-11-03 02:00:00+00:00,2024-11-03T02:00:00+01:00,2024-11-03,38689.25,61608.79172585973,False,,,arima_forecast,True,True,completed,0
Germany,enhanced_arima,2024-11-03,ordinary,enhanced_ordinary_arima_p1_d1_q2,2024-11-02T18:00:00+01:00,2024-11-02T17:00:00+00:00,2024-11-02T17:00:00+00:00,2024-11-03 02:00:00+00:00,2024-11-03 03:00:00+00:00,2024-11-03T03:00:00+01:00,2024-11-03,38567.0,61624.17410725563,False,,,arima_forecast,True,True,completed,0
Germany,enhanced_arima,2024-11-03,ordinary,enhanced_ordinary_arima_p1_d1_q2,2024-11-02T18:00:00+01:00,2024-11-02T17:00:00+00:00,2024-11-02T17:00:00+00:00,2024-11-03 03:00:00+00:00,2024-11-03 04:00:00+00:00,2024-11-03T04:00:00+01:00,2024-11-03,38867.25,61632.50299470027,False,,,arima_forecast,True,True,completed,0
Germany,enhanced_arima,2024-11-03,ordinary,enhanced_ordinary_arima_p1_d1_q2,2024-11-02T18:00:00+01:00,2024-11-02T17:00:00+00:00,2024-11-02T17:00:00+00:00,2024-11-03 04:00:00+00:00,2024-11-03 05:00:00+00:00,2024-11-03T05:00:00+01:00,2024-11-03,39303.5,61637.01272334891,False,,,arima_forecast,True,True,completed,0
Germany,enhanced_arima,2024-11-03,ordinary,enhanced_ordinary_arima_p1_d1_q2,2024-11-02T18:00:00+01:00,2024-11-02T17:00:00+00:00,2024-11-02T17:00:00+00:00,2024-11-03 05:00:00+00:00,2024-11-03 06:00:00+00:00,2024-11-03T06:00:00+01:00,2024-11-03,40316.25,61639.45454437478,False,,,arima_forecast,True,True,completed,0
Germany,enhanced_arima,2024-11-03,ordinary,enhanced_ordinary_arima_p1_d1_q2,2024-11-02T18:00:00+01:00,2024-11-02T17:00:00+00:00,2024-11-02T17:00:00+00:00,2024-11-03 06:00:00+00:00,2024-11-03 07:00:00+00:00,2024-11-03T07:00:00+01:00,2024-11-03,42537.25,61640.776683773154,False,,,arima_forecast,True,True,completed,0
Germany,enhanced_arima,2024-11-03,ordinary,enhanced_ordinary_arima_p1_d1_q2,2024-11-02T18:00:00+01:00,2024-11-02T17:00:00+00:00,2024-11-02T17:00:00+00:00,2024-11-03 07:00:00+00:00,2024-11-03 08:00:00+00:00,2024-11-03T08:00:00+01:00,2024-11-03,45518.75,61641.49256449096,False,,,arima_forecast,True,True,completed,0
Germany,enhanced_arima,2024-11-03,ordinary,enhanced_ordinary_arima_p1_d1_q2,2024-11-02T18:00:00+01:00,2024-11-02T17:00:00+00:00,2024-11-02T17:00:00+00:00,2024-11-03 08:00:00+00:00,2024-11-03 09:00:00+00:00,2024-11-03T09:00:00+01:00,2024-11-03,49264.0,61641.88018262166,False,,,arima_forecast,True,True,completed,0
Germany,enhanced_arima,2024-11-03,ordinary,enhanced_ordinary_arima_p1_d1_q2,2024-11-02T18:00:00+01:00,2024-11-02T17:00:00+00:00,2024-11-02T17:00:00+00:00,2024-11-03 09:00:00+00:00,2024-11-03 10:00:00+00:00,2024-11-03T10:00:00+01:00,2024-11-03,51759.75,61642.09006090376,False,,,arima_forecast,True,True,completed,0
Germany,enhanced_arima,2024-11-03,ordinary,enhanced_ordinary_arima_p1_d1_q2,2024-11-02T18:00:00+01:00,2024-11-02T17:00:00+00:00,2024-11-02T17:00:00+00:00,2024-11-03 10:00:00+00:00,2024-11-03 11:00:00+00:00,2024-11-03T11:00:00+01:00,2024-11-03,52807.75,61642.2037008236,False,,,arima_forecast,True,True,completed,0
Germany,enhanced_arima,2024-11-03,ordinary,enhanced_ordinary_arima_p1_d1_q2,2024-11-02T18:00:00+01:00,2024-11-02T17:00:00+00:00,2024-11-02T17:00:00+00:00,2024-11-03 11:00:00+00:00,2024-11-03 12:00:00+00:00,2024-11-03T12:00:00+01:00,2024-11-03,52449.75,61642.26523187508,False,,,arima_forecast,True,True,completed,0
Germany,enhanced_arima,2024-11-03,ordinary,enhanced_ordinary_arima_p1_d1_q2,2024-11-02T18:00:00+01:00,2024-11-02T17:00:00+00:00,2024-11-02T17:00:00+00:00,2024-11-03 12:00:00+00:00,2024-11-03 13:00:00+00:00,2024-11-03T13:00:00+01:00,2024-11-03,50137.5,61642.29854825106,False,,,arima_forecast,True,True,completed,0
Germany,enhanced_arima,2024-11-03,ordinary,enhanced_ordinary_arima_p1_d1_q2,2024-11-02T18:00:00+01:00,2024-11-02T17:00:00+00:00,2024-11-02T17:00:00+00:00,2024-11-03 13:00:00+00:00,2024-11-03 14:00:00+00:00,2024-11-03T14:00:00+01:00,2024-11-03,48064.25,61642.316587613015,False,,,arima_forecast,True,True,completed,0
Germany,enhanced_arima,2024-11-03,ordinary,enhanced_ordinary_arima_p1_d1_q2,2024-11-02T18:00:00+01:00,2024-11-02T17:00:00+00:00,2024-11-02T17:00:00+00:00,2024-11-03 14:00:00+00:00,2024-11-03 15:00:00+00:00,2024-11-03T15:00:00+01:00,2024-11-03,47943.75,61642.32635513934,False,,,arima_forecast,True,True,completed,0
Germany,enhanced_arima,2024-11-03,ordinary,enhanced_ordinary_arima_p1_d1_q2,2024-11-02T18:00:00+01:00,2024-11-02T17:00:00+00:00,2024-11-02T17:00:00+00:00,2024-11-03 15:00:00+00:00,2024-11-03 16:00:00+00:00,2024-11-03T16:00:00+01:00,2024-11-03,50110.25,61642.33164382809,False,,,arima_forecast,True,True,completed,0
Germany,enhanced_arima,2024-11-03,ordinary,enhanced_ordinary_arima_p1_d1_q2,2024-11-02T18:00:00+01:00,2024-11-02T17:00:00+00:00,2024-11-02T17:00:00+00:00,2024-11-03 16:00:00+00:00,2024-11-03 17:00:00+00:00,2024-11-03T17:00:00+01:00,2024-11-03,54699.0,61642.334507421976,False,,,arima_forecast,True,True,completed,0
Germany,enhanced_arima,2024-11-03,ordinary,enhanced_ordinary_arima_p1_d1_q2,2024-11-02T18:00:00+01:00,2024-11-02T17:00:00+00:00,2024-11-02T17:00:00+00:00,2024-11-03 17:00:00+00:00,2024-11-03 18:00:00+00:00,2024-11-03T18:00:00+01:00,2024-11-03,55599.0,61642.33605793295,False,,,arima_forecast,True,True,completed,0
Germany,enhanced_arima,2024-11-03,ordinary,enhanced_ordinary_arima_p1_d1_q2,2024-11-02T18:00:00+01:00,2024-11-02T17:00:00+00:00,2024-11-02T17:00:00+00:00,2024-11-03 18:00:00+00:00,2024-11-03 19:00:00+00:00,2024-11-03T19:00:00+01:00,2024-11-03,54283.5,61642.3368974669,False,,,arima_forecast,True,True,completed,0
Germany,enhanced_arima,2024-11-03,ordinary,enhanced_ordinary_arima_p1_d1_q2,2024-11-02T18:00:00+01:00,2024-11-02T17:00:00+00:00,2024-11-02T17:00:00+00:00,2024-11-03 19:00:00+00:00,2024-11-03 20:00:00+00:00,2024-11-03T20:00:00+01:00,2024-11-03,52126.5,61642.33735203785,False,,,arima_forecast,True,True,completed,0
Germany,enhanced_arima,2024-11-03,ordinary,enhanced_ordinary_arima_p1_d1_q2,2024-11-02T18:00:00+01:00,2024-11-02T17:00:00+00:00,2024-11-02T17:00:00+00:00,2024-11-03 20:00:00+00:00,2024-11-03 21:00:00+00:00,2024-11-03T21:00:00+01:00,2024-11-03,49748.75,61642.33759816816,False,,,arima_forecast,True,True,completed,0
Germany,enhanced_arima,2024-11-03,ordinary,enhanced_ordinary_arima_p1_d1_q2,2024-11-02T18:00:00+01:00,2024-11-02T17:00:00+00:00,2024-11-02T17:00:00+00:00,2024-11-03 21:00:00+00:00,2024-11-03 22:00:00+00:00,2024-11-03T22:00:00+01:00,2024-11-03,48060.5,61642.33773143697,False,,,arima_forecast,True,True,completed,0
Germany,enhanced_arima,2024-11-03,ordinary,enhanced_ordinary_arima_p1_d1_q2,2024-11-02T18:00:00+01:00,2024-11-02T17:00:00+00:00,2024-11-02T17:00:00+00:00,2024-11-03 22:00:00+00:00,2024-11-03 23:00:00+00:00,2024-11-03T23:00:00+01:00,2024-11-03,44868.75,61642.33780359621,False,,,arima_forecast,True,True,completed,0
Germany,enhanced_arima,2024-02-15,ordinary,enhanced_ordinary_arima_p1_d1_q1,2024-02-14T18:00:00+01:00,2024-02-14T17:00:00+00:00,2024-02-14T17:00:00+00:00,2024-02-14 17:00:00+00:00,2024-02-14 18:00:00+00:00,2024-02-14T18:00:00+01:00,2024-02-14,66548.75,67837.85487801713,True,,,arima_forecast,False,False,completed,0
Germany,enhanced_arima,2024-02-15,ordinary,enhanced_ordinary_arima_p1_d1_q1,2024-02-14T18:00:00+01:00,2024-02-14T17:00:00+00:00,2024-02-14T17:00:00+00:00,2024-02-14 18:00:00+00:00,2024-02-14 19:00:00+00:00,2024-02-14T19:00:00+01:00,2024-02-14,65346.0,69266.97076665069,True,,,arima_forecast,False,False,completed,0
Germany,enhanced_arima,2024-02-15,ordinary,enhanced_ordinary_arima_p1_d1_q1,2024-02-14T18:00:00+01:00,2024-02-14T17:00:00+00:00,2024-02-14T17:00:00+00:00,2024-02-14 19:00:00+00:00,2024-02-14 20:00:00+00:00,2024-02-14T20:00:00+01:00,2024-02-14,61898.5,70064.66183700989,True,,,arima_forecast,False,False,completed,0
Germany,enhanced_arima,2024-02-15,ordinary,enhanced_ordinary_arima_p1_d1_q1,2024-02-14T18:00:00+01:00,2024-02-14T17:00:00+00:00,2024-02-14T17:00:00+00:00,2024-02-14 20:00:00+00:00,2024-02-14 21:00:00+00:00,2024-02-14T21:00:00+01:00,2024-02-14,58506.5,70509.90987377982,True,,,arima_forecast,False,False,completed,0
Germany,enhanced_arima,2024-02-15,ordinary,enhanced_ordinary_arima_p1_d1_q1,2024-02-14T18:00:00+01:00,2024-02-14T17:00:00+00:00,2024-02-14T17:00:00+00:00,2024-02-14 21:00:00+00:00,2024-02-14 22:00:00+00:00,2024-02-14T22:00:00+01:00,2024-02-14,54654.75,70758.43442371393,True,,,arima_forecast,False,False,completed,0
Germany,enhanced_arima,2024-02-15,ordinary,enhanced_ordinary_arima_p1_d1_q1,2024-02-14T18:00:00+01:00,2024-02-14T17:00:00+00:00,2024-02-14T17:00:00+00:00,2024-02-14 22:00:00+00:00,2024-02-14 23:00:00+00:00,2024-02-14T23:00:00+01:00,2024-02-14,50626.0,70897.1536247418,True,,,arima_forecast,False,False,completed,0
Germany,enhanced_arima,2024-02-15,ordinary,enhanced_ordinary_arima_p1_d1_q1,2024-02-14T18:00:00+01:00,2024-02-14T17:00:00+00:00,2024-02-14T17:00:00+00:00,2024-02-14 23:00:00+00:00,2024-02-15 00:00:00+00:00,2024-02-15T00:00:00+01:00,2024-02-15,47680.25,70974.58266239184,False,,,arima_forecast,True,True,completed,0
Germany,enhanced_arima,2024-02-15,ordinary,enhanced_ordinary_arima_p1_d1_q1,2024-02-14T18:00:00+01:00,2024-02-14T17:00:00+00:00,2024-02-14T17:00:00+00:00,2024-02-15 00:00:00+00:00,2024-02-15 01:00:00+00:00,2024-02-15T01:00:00+01:00,2024-02-15,45667.25,71017.8013071576,False,,,arima_forecast,True,True,completed,0
Germany,enhanced_arima,2024-02-15,ordinary,enhanced_ordinary_arima_p1_d1_q1,2024-02-14T18:00:00+01:00,2024-02-14T17:00:00+00:00,2024-02-14T17:00:00+00:00,2024-02-15 01:00:00+00:00,2024-02-15 02:00:00+00:00,2024-02-15T02:00:00+01:00,2024-02-15,45412.5,71041.9247021019,False,,,arima_forecast,True,True,completed,0
Germany,enhanced_arima,2024-02-15,ordinary,enhanced_ordinary_arima_p1_d1_q1,2024-02-14T18:00:00+01:00,2024-02-14T17:00:00+00:00,2024-02-14T17:00:00+00:00,2024-02-15 02:00:00+00:00,2024-02-15 03:00:00+00:00,2024-02-15T03:00:00+01:00,2024-02-15,45907.25,71055.38968201491,False,,,arima_forecast,True,True,completed,0
Germany,enhanced_arima,2024-02-15,ordinary,enhanced_ordinary_arima_p1_d1_q1,2024-02-14T18:00:00+01:00,2024-02-14T17:00:00+00:00,2024-02-14T17:00:00+00:00,2024-02-15 03:00:00+00:00,2024-02-15 04:00:00+00:00,2024-02-15T04:00:00+01:00,2024-02-15,47408.0,71062.90544355992,False,,,arima_forecast,True,True,completed,0
Germany,enhanced_arima,2024-02-15,ordinary,enhanced_ordinary_arima_p1_d1_q1,2024-02-14T18:00:00+01:00,2024-02-14T17:00:00+00:00,2024-02-14T17:00:00+00:00,2024-02-15 04:00:00+00:00,2024-02-15 05:00:00+00:00,2024-02-15T05:00:00+01:00,2024-02-15,50554.25,71067.10052383234,False,,,arima_forecast,True,True,completed,0
Germany,enhanced_arima,2024-02-15,ordinary,enhanced_ordinary_arima_p1_d1_q1,2024-02-14T18:00:00+01:00,2024-02-14T17:00:00+00:00,2024-02-14T17:00:00+00:00,2024-02-15 05:00:00+00:00,2024-02-15 06:00:00+00:00,2024-02-15T06:00:00+01:00,2024-02-15,57544.75,71069.44209605848,False,,,arima_forecast,True,True,completed,0
Germany,enhanced_arima,2024-02-15,ordinary,enhanced_ordinary_arima_p1_d1_q1,2024-02-14T18:00:00+01:00,2024-02-14T17:00:00+00:00,2024-02-14T17:00:00+00:00,2024-02-15 06:00:00+00:00,2024-02-15 07:00:00+00:00,2024-02-15T07:00:00+01:00,2024-02-15,62828.0,71070.7490938116,False,,,arima_forecast,True,True,completed,0
Germany,enhanced_arima,2024-02-15,ordinary,enhanced_ordinary_arima_p1_d1_q1,2024-02-14T18:00:00+01:00,2024-02-14T17:00:00+00:00,2024-02-14T17:00:00+00:00,2024-02-15 07:00:00+00:00,2024-02-15 08:00:00+00:00,2024-02-15T08:00:00+01:00,2024-02-15,64527.25,71071.47862207794,False,,,arima_forecast,True,True,completed,0
Germany,enhanced_arima,2024-02-15,ordinary,enhanced_ordinary_arima_p1_d1_q1,2024-02-14T18:00:00+01:00,2024-02-14T17:00:00+00:00,2024-02-14T17:00:00+00:00,2024-02-15 08:00:00+00:00,2024-02-15 09:00:00+00:00,2024-02-15T09:00:00+01:00,2024-02-15,64477.25,71071.885823613,False,,,arima_forecast,True,True,completed,0
Germany,enhanced_arima,2024-02-15,ordinary,enhanced_ordinary_arima_p1_d1_q1,2024-02-14T18:00:00+01:00,2024-02-14T17:00:00+00:00,2024-02-14T17:00:00+00:00,2024-02-15 09:00:00+00:00,2024-02-15 10:00:00+00:00,2024-02-15T10:00:00+01:00,2024-02-15,65051.25,71072.11311170836,False,,,arima_forecast,True,True,completed,0
Germany,enhanced_arima,2024-02-15,ordinary,enhanced_ordinary_arima_p1_d1_q1,2024-02-14T18:00:00+01:00,2024-02-14T17:00:00+00:00,2024-02-14T17:00:00+00:00,2024-02-15 10:00:00+00:00,2024-02-15 11:00:00+00:00,2024-02-15T11:00:00+01:00,2024-02-15,65208.75,71072.2399773359,False,,,arima_forecast,True,True,completed,0
Germany,enhanced_arima,2024-02-15,ordinary,enhanced_ordinary_arima_p1_d1_q1,2024-02-14T18:00:00+01:00,2024-02-14T17:00:00+00:00,2024-02-14T17:00:00+00:00,2024-02-15 11:00:00+00:00,2024-02-15 12:00:00+00:00,2024-02-15T12:00:00+01:00,2024-02-15,65389.75,71072.31079005239,False,,,arima_forecast,True,True,completed,0
Germany,enhanced_arima,2024-02-15,ordinary,enhanced_ordinary_arima_p1_d1_q1,2024-02-14T18:00:00+01:00,2024-02-14T17:00:00+00:00,2024-02-14T17:00:00+00:00,2024-02-15 12:00:00+00:00,2024-02-15 13:00:00+00:00,2024-02-15T13:00:00+01:00,2024-02-15,64235.25,71072.35031565843,False,,,arima_forecast,True,True,completed,0
Germany,enhanced_arima,2024-02-15,ordinary,enhanced_ordinary_arima_p1_d1_q1,2024-02-14T18:00:00+01:00,2024-02-14T17:00:00+00:00,2024-02-14T17:00:00+00:00,2024-02-15 13:00:00+00:00,2024-02-15 14:00:00+00:00,2024-02-15T14:00:00+01:00,2024-02-15,62474.25,71072.3723777062,False,,,arima_forecast,True,True,completed,0
Germany,enhanced_arima,2024-02-15,ordinary,enhanced_ordinary_arima_p1_d1_q1,2024-02-14T18:00:00+01:00,2024-02-14T17:00:00+00:00,2024-02-14T17:00:00+00:00,2024-02-15 14:00:00+00:00,2024-02-15 15:00:00+00:00,2024-02-15T15:00:00+01:00,2024-02-15,61944.5,71072.38469210186,False,,,arima_forecast,True,True,completed,0
Germany,enhanced_arima,2024-02-15,ordinary,enhanced_ordinary_arima_p1_d1_q1,2024-02-14T18:00:00+01:00,2024-02-14T17:00:00+00:00,2024-02-14T17:00:00+00:00,2024-02-15 15:00:00+00:00,2024-02-15 16:00:00+00:00,2024-02-15T16:00:00+01:00,2024-02-15,61673.0,71072.39156564062,False,,,arima_forecast,True,True,completed,0
Germany,enhanced_arima,2024-02-15,ordinary,enhanced_ordinary_arima_p1_d1_q1,2024-02-14T18:00:00+01:00,2024-02-14T17:00:00+00:00,2024-02-14T17:00:00+00:00,2024-02-15 16:00:00+00:00,2024-02-15 17:00:00+00:00,2024-02-15T17:00:00+01:00,2024-02-15,63904.25,71072.39540225074,False,,,arima_forecast,True,True,completed,0
Germany,enhanced_arima,2024-02-15,ordinary,enhanced_ordinary_arima_p1_d1_q1,2024-02-14T18:00:00+01:00,2024-02-14T17:00:00+00:00,2024-02-14T17:00:00+00:00,2024-02-15 17:00:00+00:00,2024-02-15 18:00:00+00:00,2024-02-15T18:00:00+01:00,2024-02-15,65648.0,71072.39754373532,False,,,arima_forecast,True,True,completed,0
Germany,enhanced_arima,2024-02-15,ordinary,enhanced_ordinary_arima_p1_d1_q1,2024-02-14T18:00:00+01:00,2024-02-14T17:00:00+00:00,2024-02-14T17:00:00+00:00,2024-02-15 18:00:00+00:00,2024-02-15 19:00:00+00:00,2024-02-15T19:00:00+01:00,2024-02-15,65265.5,71072.39873904995,False,,,arima_forecast,True,True,completed,0
Germany,enhanced_arima,2024-02-15,ordinary,enhanced_ordinary_arima_p1_d1_q1,2024-02-14T18:00:00+01:00,2024-02-14T17:00:00+00:00,2024-02-14T17:00:00+00:00,2024-02-15 19:00:00+00:00,2024-02-15 20:00:00+00:00,2024-02-15T20:00:00+01:00,2024-02-15,62290.75,71072.39940623993,False,,,arima_forecast,True,True,completed,0
Germany,enhanced_arima,2024-02-15,ordinary,enhanced_ordinary_arima_p1_d1_q1,2024-02-14T18:00:00+01:00,2024-02-14T17:00:00+00:00,2024-02-14T17:00:00+00:00,2024-02-15 20:00:00+00:00,2024-02-15 21:00:00+00:00,2024-02-15T21:00:00+01:00,2024-02-15,58331.75,71072.39977864604,False,,,arima_forecast,True,True,completed,0
Germany,enhanced_arima,2024-02-15,ordinary,enhanced_ordinary_arima_p1_d1_q1,2024-02-14T18:00:00+01:00,2024-02-14T17:00:00+00:00,2024-02-14T17:00:00+00:00,2024-02-15 21:00:00+00:00,2024-02-15 22:00:00+00:00,2024-02-15T22:00:00+01:00,2024-02-15,54842.5,71072.39998651233,False,,,arima_forecast,True,True,completed,0
Germany,enhanced_arima,2024-02-15,ordinary,enhanced_ordinary_arima_p1_d1_q1,2024-02-14T18:00:00+01:00,2024-02-14T17:00:00+00:00,2024-02-14T17:00:00+00:00,2024-02-15 22:00:00+00:00,2024-02-15 23:00:00+00:00,2024-02-15T23:00:00+01:00,2024-02-15,51035.0,71072.40010253727,False,,,arima_forecast,True,True,completed,0
Germany,enhanced_arima,2024-03-31,ordinary,enhanced_ordinary_arima_p1_d1_q1,2024-03-30T18:00:00+01:00,2024-03-30T17:00:00+00:00,2024-03-30T17:00:00+00:00,2024-03-30 17:00:00+00:00,2024-03-30 18:00:00+00:00,2024-03-30T18:00:00+01:00,2024-03-30,52547.0,54080.47271092376,True,,,arima_forecast,False,False,completed,0
Germany,enhanced_arima,2024-03-31,ordinary,enhanced_ordinary_arima_p1_d1_q1,2024-03-30T18:00:00+01:00,2024-03-30T17:00:00+00:00,2024-03-30T17:00:00+00:00,2024-03-30 18:00:00+00:00,2024-03-30 19:00:00+00:00,2024-03-30T19:00:00+01:00,2024-03-30,51822.75,56354.42450475165,True,,,arima_forecast,False,False,completed,0
Germany,enhanced_arima,2024-03-31,ordinary,enhanced_ordinary_arima_p1_d1_q1,2024-03-30T18:00:00+01:00,2024-03-30T17:00:00+00:00,2024-03-30T17:00:00+00:00,2024-03-30 19:00:00+00:00,2024-03-30 20:00:00+00:00,2024-03-30T20:00:00+01:00,2024-03-30,48928.0,57724.01638279437,True,,,arima_forecast,False,False,completed,0
Germany,enhanced_arima,2024-03-31,ordinary,enhanced_ordinary_arima_p1_d1_q1,2024-03-30T18:00:00+01:00,2024-03-30T17:00:00+00:00,2024-03-30T17:00:00+00:00,2024-03-30 20:00:00+00:00,2024-03-30 21:00:00+00:00,2024-03-30T21:00:00+01:00,2024-03-30,46342.5,58548.91597718856,True,,,arima_forecast,False,False,completed,0
Germany,enhanced_arima,2024-03-31,ordinary,enhanced_ordinary_arima_p1_d1_q1,2024-03-30T18:00:00+01:00,2024-03-30T17:00:00+00:00,2024-03-30T17:00:00+00:00,2024-03-30 21:00:00+00:00,2024-03-30 22:00:00+00:00,2024-03-30T22:00:00+01:00,2024-03-30,43930.0,59045.74963379884,True,,,arima_forecast,False,False,completed,0
Germany,enhanced_arima,2024-03-31,ordinary,enhanced_ordinary_arima_p1_d1_q1,2024-03-30T18:00:00+01:00,2024-03-30T17:00:00+00:00,2024-03-30T17:00:00+00:00,2024-03-30 22:00:00+00:00,2024-03-30 23:00:00+00:00,2024-03-30T23:00:00+01:00,2024-03-30,40857.0,59344.99051598406,True,,,arima_forecast,False,False,completed,0
Germany,enhanced_arima,2024-03-31,ordinary,enhanced_ordinary_arima_p1_d1_q1,2024-03-30T18:00:00+01:00,2024-03-30T17:00:00+00:00,2024-03-30T17:00:00+00:00,2024-03-30 23:00:00+00:00,2024-03-31 00:00:00+00:00,2024-03-31T00:00:00+01:00,2024-03-31,37333.25,59525.22207715066,False,,,arima_forecast,True,True,completed,0
Germany,enhanced_arima,2024-03-31,ordinary,enhanced_ordinary_arima_p1_d1_q1,2024-03-30T18:00:00+01:00,2024-03-30T17:00:00+00:00,2024-03-30T17:00:00+00:00,2024-03-31 00:00:00+00:00,2024-03-31 01:00:00+00:00,2024-03-31T01:00:00+01:00,2024-03-31,34967.25,59633.774810331175,False,,,arima_forecast,True,True,completed,0
Germany,enhanced_arima,2024-03-31,ordinary,enhanced_ordinary_arima_p1_d1_q1,2024-03-30T18:00:00+01:00,2024-03-30T17:00:00+00:00,2024-03-30T17:00:00+00:00,2024-03-31 01:00:00+00:00,2024-03-31 02:00:00+00:00,2024-03-31T03:00:00+02:00,2024-03-31,35233.0,59699.15567816967,False,,,arima_forecast,True,True,completed,0
Germany,enhanced_arima,2024-03-31,ordinary,enhanced_ordinary_arima_p1_d1_q1,2024-03-30T18:00:00+01:00,2024-03-30T17:00:00+00:00,2024-03-30T17:00:00+00:00,2024-03-31 02:00:00+00:00,2024-03-31 03:00:00+00:00,2024-03-31T04:00:00+02:00,2024-03-31,32660.5,59738.53430783721,False,,,arima_forecast,True,True,completed,0
Germany,enhanced_arima,2024-03-31,ordinary,enhanced_ordinary_arima_p1_d1_q1,2024-03-30T18:00:00+01:00,2024-03-30T17:00:00+00:00,2024-03-30T17:00:00+00:00,2024-03-31 03:00:00+00:00,2024-03-31 04:00:00+00:00,2024-03-31T05:00:00+02:00,2024-03-31,33094.75,59762.251895653935,False,,,arima_forecast,True,True,completed,0
Germany,enhanced_arima,2024-03-31,ordinary,enhanced_ordinary_arima_p1_d1_q1,2024-03-30T18:00:00+01:00,2024-03-30T17:00:00+00:00,2024-03-30T17:00:00+00:00,2024-03-31 04:00:00+00:00,2024-03-31 05:00:00+00:00,2024-03-31T06:00:00+02:00,2024-03-31,33936.5,59776.53690192747,False,,,arima_forecast,True,True,completed,0
Germany,enhanced_arima,2024-03-31,ordinary,enhanced_ordinary_arima_p1_d1_q1,2024-03-30T18:00:00+01:00,2024-03-30T17:00:00+00:00,2024-03-30T17:00:00+00:00,2024-03-31 05:00:00+00:00,2024-03-31 06:00:00+00:00,2024-03-31T07:00:00+02:00,2024-03-31,34424.5,59785.14070286254,False,,,arima_forecast,True,True,completed,0
Germany,enhanced_arima,2024-03-31,ordinary,enhanced_ordinary_arima_p1_d1_q1,2024-03-30T18:00:00+01:00,2024-03-30T17:00:00+00:00,2024-03-30T17:00:00+00:00,2024-03-31 06:00:00+00:00,2024-03-31 07:00:00+00:00,2024-03-31T08:00:00+02:00,2024-03-31,36927.75,59790.32273702569,False,,,arima_forecast,True,True,completed,0
Germany,enhanced_arima,2024-03-31,ordinary,enhanced_ordinary_arima_p1_d1_q1,2024-03-30T18:00:00+01:00,2024-03-30T17:00:00+00:00,2024-03-30T17:00:00+00:00,2024-03-31 07:00:00+00:00,2024-03-31 08:00:00+00:00,2024-03-31T09:00:00+02:00,2024-03-31,41260.5,59793.44385503744,False,,,arima_forecast,True,True,completed,0
Germany,enhanced_arima,2024-03-31,ordinary,enhanced_ordinary_arima_p1_d1_q1,2024-03-30T18:00:00+01:00,2024-03-30T17:00:00+00:00,2024-03-30T17:00:00+00:00,2024-03-31 08:00:00+00:00,2024-03-31 09:00:00+00:00,2024-03-31T10:00:00+02:00,2024-03-31,42728.5,59795.323691668505,False,,,arima_forecast,True,True,completed,0
Germany,enhanced_arima,2024-03-31,ordinary,enhanced_ordinary_arima_p1_d1_q1,2024-03-30T18:00:00+01:00,2024-03-30T17:00:00+00:00,2024-03-30T17:00:00+00:00,2024-03-31 09:00:00+00:00,2024-03-31 10:00:00+00:00,2024-03-31T11:00:00+02:00,2024-03-31,44419.25,59796.45590959368,False,,,arima_forecast,True,True,completed,0
Germany,enhanced_arima,2024-03-31,ordinary,enhanced_ordinary_arima_p1_d1_q1,2024-03-30T18:00:00+01:00,2024-03-30T17:00:00+00:00,2024-03-30T17:00:00+00:00,2024-03-31 10:00:00+00:00,2024-03-31 11:00:00+00:00,2024-03-31T12:00:00+02:00,2024-03-31,43098.75,59797.13783982575,False,,,arima_forecast,True,True,completed,0
Germany,enhanced_arima,2024-03-31,ordinary,enhanced_ordinary_arima_p1_d1_q1,2024-03-30T18:00:00+01:00,2024-03-30T17:00:00+00:00,2024-03-30T17:00:00+00:00,2024-03-31 11:00:00+00:00,2024-03-31 12:00:00+00:00,2024-03-31T13:00:00+02:00,2024-03-31,40175.75,59797.548563619355,False,,,arima_forecast,True,True,completed,0
Germany,enhanced_arima,2024-03-31,ordinary,enhanced_ordinary_arima_p1_d1_q1,2024-03-30T18:00:00+01:00,2024-03-30T17:00:00+00:00,2024-03-30T17:00:00+00:00,2024-03-31 12:00:00+00:00,2024-03-31 13:00:00+00:00,2024-03-31T14:00:00+02:00,2024-03-31,37691.25,59797.795940882745,False,,,arima_forecast,True,True,completed,0
Germany,enhanced_arima,2024-03-31,ordinary,enhanced_ordinary_arima_p1_d1_q1,2024-03-30T18:00:00+01:00,2024-03-30T17:00:00+00:00,2024-03-30T17:00:00+00:00,2024-03-31 13:00:00+00:00,2024-03-31 14:00:00+00:00,2024-03-31T15:00:00+02:00,2024-03-31,35956.25,59797.94493519814,False,,,arima_forecast,True,True,completed,0
Germany,enhanced_arima,2024-03-31,ordinary,enhanced_ordinary_arima_p1_d1_q1,2024-03-30T18:00:00+01:00,2024-03-30T17:00:00+00:00,2024-03-30T17:00:00+00:00,2024-03-31 14:00:00+00:00,2024-03-31 15:00:00+00:00,2024-03-31T16:00:00+02:00,2024-03-31,35175.0,59798.03467386577,False,,,arima_forecast,True,True,completed,0
Germany,enhanced_arima,2024-03-31,ordinary,enhanced_ordinary_arima_p1_d1_q1,2024-03-30T18:00:00+01:00,2024-03-30T17:00:00+00:00,2024-03-30T17:00:00+00:00,2024-03-31 15:00:00+00:00,2024-03-31 16:00:00+00:00,2024-03-31T17:00:00+02:00,2024-03-31,36616.0,59798.088723098765,False,,,arima_forecast,True,True,completed,0
Germany,enhanced_arima,2024-03-31,ordinary,enhanced_ordinary_arima_p1_d1_q1,2024-03-30T18:00:00+01:00,2024-03-30T17:00:00+00:00,2024-03-30T17:00:00+00:00,2024-03-31 16:00:00+00:00,2024-03-31 17:00:00+00:00,2024-03-31T18:00:00+02:00,2024-03-31,38920.0,59798.12127673105,False,,,arima_forecast,True,True,completed,0
Germany,enhanced_arima,2024-03-31,ordinary,enhanced_ordinary_arima_p1_d1_q1,2024-03-30T18:00:00+01:00,2024-03-30T17:00:00+00:00,2024-03-30T17:00:00+00:00,2024-03-31 17:00:00+00:00,2024-03-31 18:00:00+00:00,2024-03-31T19:00:00+02:00,2024-03-31,38962.75,59798.14088365082,False,,,arima_forecast,True,True,completed,0
Germany,enhanced_arima,2024-03-31,ordinary,enhanced_ordinary_arima_p1_d1_q1,2024-03-30T18:00:00+01:00,2024-03-30T17:00:00+00:00,2024-03-30T17:00:00+00:00,2024-03-31 18:00:00+00:00,2024-03-31 19:00:00+00:00,2024-03-31T20:00:00+02:00,2024-03-31,39883.75,59798.15269281852,False,,,arima_forecast,True,True,completed,0
Germany,enhanced_arima,2024-03-31,ordinary,enhanced_ordinary_arima_p1_d1_q1,2024-03-30T18:00:00+01:00,2024-03-30T17:00:00+00:00,2024-03-30T17:00:00+00:00,2024-03-31 19:00:00+00:00,2024-03-31 20:00:00+00:00,2024-03-31T21:00:00+02:00,2024-03-31,38590.75,59798.15980543199,False,,,arima_forecast,True,True,completed,0
Germany,enhanced_arima,2024-03-31,ordinary,enhanced_ordinary_arima_p1_d1_q1,2024-03-30T18:00:00+01:00,2024-03-30T17:00:00+00:00,2024-03-30T17:00:00+00:00,2024-03-31 20:00:00+00:00,2024-03-31 21:00:00+00:00,2024-03-31T22:00:00+02:00,2024-03-31,37514.0,59798.164089330035,False,,,arima_forecast,True,True,completed,0
Germany,enhanced_arima,2024-03-31,ordinary,enhanced_ordinary_arima_p1_d1_q1,2024-03-30T18:00:00+01:00,2024-03-30T17:00:00+00:00,2024-03-30T17:00:00+00:00,2024-03-31 21:00:00+00:00,2024-03-31 22:00:00+00:00,2024-03-31T23:00:00+02:00,2024-03-31,35148.0,59798.16666950433,False,,,arima_forecast,True,True,completed,0
Germany,enhanced_arima,2024-07-25,ordinary,enhanced_ordinary_arima_p1_d1_q1,2024-07-24T18:00:00+02:00,2024-07-24T16:00:00+00:00,2024-07-24T16:00:00+00:00,2024-07-24 16:00:00+00:00,2024-07-24 17:00:00+00:00,2024-07-24T18:00:00+02:00,2024-07-24,54756.0,55578.70179241188,True,,,arima_forecast,False,False,completed,0
Germany,enhanced_arima,2024-07-25,ordinary,enhanced_ordinary_arima_p1_d1_q1,2024-07-24T18:00:00+02:00,2024-07-24T16:00:00+00:00,2024-07-24T16:00:00+00:00,2024-07-24 17:00:00+00:00,2024-07-24 18:00:00+00:00,2024-07-24T19:00:00+02:00,2024-07-24,54574.25,55849.99453048889,True,,,arima_forecast,False,False,completed,0
Germany,enhanced_arima,2024-07-25,ordinary,enhanced_ordinary_arima_p1_d1_q1,2024-07-24T18:00:00+02:00,2024-07-24T16:00:00+00:00,2024-07-24T16:00:00+00:00,2024-07-24 18:00:00+00:00,2024-07-24 19:00:00+00:00,2024-07-24T20:00:00+02:00,2024-07-24,53042.5,56028.33092516069,True,,,arima_forecast,False,False,completed,0
Germany,enhanced_arima,2024-07-25,ordinary,enhanced_ordinary_arima_p1_d1_q1,2024-07-24T18:00:00+02:00,2024-07-24T16:00:00+00:00,2024-07-24T16:00:00+00:00,2024-07-24 19:00:00+00:00,2024-07-24 20:00:00+00:00,2024-07-24T21:00:00+02:00,2024-07-24,51080.25,56145.56174339036,True,,,arima_forecast,False,False,completed,0
Germany,enhanced_arima,2024-07-25,ordinary,enhanced_ordinary_arima_p1_d1_q1,2024-07-24T18:00:00+02:00,2024-07-24T16:00:00+00:00,2024-07-24T16:00:00+00:00,2024-07-24 20:00:00+00:00,2024-07-24 21:00:00+00:00,2024-07-24T22:00:00+02:00,2024-07-24,48999.25,56222.62433494993,True,,,arima_forecast,False,False,completed,0
Germany,enhanced_arima,2024-07-25,ordinary,enhanced_ordinary_arima_p1_d1_q1,2024-07-24T18:00:00+02:00,2024-07-24T16:00:00+00:00,2024-07-24T16:00:00+00:00,2024-07-24 21:00:00+00:00,2024-07-24 22:00:00+00:00,2024-07-24T23:00:00+02:00,2024-07-24,45783.0,56273.2820298083,True,,,arima_forecast,False,False,completed,0
Germany,enhanced_arima,2024-07-25,ordinary,enhanced_ordinary_arima_p1_d1_q1,2024-07-24T18:00:00+02:00,2024-07-24T16:00:00+00:00,2024-07-24T16:00:00+00:00,2024-07-24 22:00:00+00:00,2024-07-24 23:00:00+00:00,2024-07-25T00:00:00+02:00,2024-07-25,43334.5,56306.58226013316,False,,,arima_forecast,True,True,completed,0
Germany,enhanced_arima,2024-07-25,ordinary,enhanced_ordinary_arima_p1_d1_q1,2024-07-24T18:00:00+02:00,2024-07-24T16:00:00+00:00,2024-07-24T16:00:00+00:00,2024-07-24 23:00:00+00:00,2024-07-25 00:00:00+00:00,2024-07-25T01:00:00+02:00,2024-07-25,41599.75,56328.472425936976,False,,,arima_forecast,True,True,completed,0
Germany,enhanced_arima,2024-07-25,ordinary,enhanced_ordinary_arima_p1_d1_q1,2024-07-24T18:00:00+02:00,2024-07-24T16:00:00+00:00,2024-07-24T16:00:00+00:00,2024-07-25 00:00:00+00:00,2024-07-25 01:00:00+00:00,2024-07-25T02:00:00+02:00,2024-07-25,40436.75,56342.86209694657,False,,,arima_forecast,True,True,completed,0
Germany,enhanced_arima,2024-07-25,ordinary,enhanced_ordinary_arima_p1_d1_q1,2024-07-24T18:00:00+02:00,2024-07-24T16:00:00+00:00,2024-07-24T16:00:00+00:00,2024-07-25 01:00:00+00:00,2024-07-25 02:00:00+00:00,2024-07-25T03:00:00+02:00,2024-07-25,40311.25,56352.32125927636,False,,,arima_forecast,True,True,completed,0
Germany,enhanced_arima,2024-07-25,ordinary,enhanced_ordinary_arima_p1_d1_q1,2024-07-24T18:00:00+02:00,2024-07-24T16:00:00+00:00,2024-07-24T16:00:00+00:00,2024-07-25 02:00:00+00:00,2024-07-25 03:00:00+00:00,2024-07-25T04:00:00+02:00,2024-07-25,40917.75,56358.53931331816,False,,,arima_forecast,True,True,completed,0
Germany,enhanced_arima,2024-07-25,ordinary,enhanced_ordinary_arima_p1_d1_q1,2024-07-24T18:00:00+02:00,2024-07-24T16:00:00+00:00,2024-07-24T16:00:00+00:00,2024-07-25 03:00:00+00:00,2024-07-25 04:00:00+00:00,2024-07-25T05:00:00+02:00,2024-07-25,43374.5,56362.62679957949,False,,,arima_forecast,True,True,completed,0
Germany,enhanced_arima,2024-07-25,ordinary,enhanced_ordinary_arima_p1_d1_q1,2024-07-24T18:00:00+02:00,2024-07-24T16:00:00+00:00,2024-07-24T16:00:00+00:00,2024-07-25 04:00:00+00:00,2024-07-25 05:00:00+00:00,2024-07-25T06:00:00+02:00,2024-07-25,48967.5,56365.31374051379,False,,,arima_forecast,True,True,completed,0
Germany,enhanced_arima,2024-07-25,ordinary,enhanced_ordinary_arima_p1_d1_q1,2024-07-24T18:00:00+02:00,2024-07-24T16:00:00+00:00,2024-07-24T16:00:00+00:00,2024-07-25 05:00:00+00:00,2024-07-25 06:00:00+00:00,2024-07-25T07:00:00+02:00,2024-07-25,53719.25,56367.080022067494,False,,,arima_forecast,True,True,completed,0
Germany,enhanced_arima,2024-07-25,ordinary,enhanced_ordinary_arima_p1_d1_q1,2024-07-24T18:00:00+02:00,2024-07-24T16:00:00+00:00,2024-07-24T16:00:00+00:00,2024-07-25 06:00:00+00:00,2024-07-25 07:00:00+00:00,2024-07-25T08:00:00+02:00,2024-07-25,56795.75,56368.241101005675,False,,,arima_forecast,True,True,completed,0
Germany,enhanced_arima,2024-07-25,ordinary,enhanced_ordinary_arima_p1_d1_q1,2024-07-24T18:00:00+02:00,2024-07-24T16:00:00+00:00,2024-07-24T16:00:00+00:00,2024-07-25 07:00:00+00:00,2024-07-25 08:00:00+00:00,2024-07-25T09:00:00+02:00,2024-07-25,57086.75,56369.00434529018,False,,,arima_forecast,True,True,completed,0
Germany,enhanced_arima,2024-07-25,ordinary,enhanced_ordinary_arima_p1_d1_q1,2024-07-24T18:00:00+02:00,2024-07-24T16:00:00+00:00,2024-07-24T16:00:00+00:00,2024-07-25 08:00:00+00:00,2024-07-25 09:00:00+00:00,2024-07-25T10:00:00+02:00,2024-07-25,57013.0,56369.50606986607,False,,,arima_forecast,True,True,completed,0
Germany,enhanced_arima,2024-07-25,ordinary,enhanced_ordinary_arima_p1_d1_q1,2024-07-24T18:00:00+02:00,2024-07-24T16:00:00+00:00,2024-07-24T16:00:00+00:00,2024-07-25 09:00:00+00:00,2024-07-25 10:00:00+00:00,2024-07-25T11:00:00+02:00,2024-07-25,57703.5,56369.835882424326,False,,,arima_forecast,True,True,completed,0
Germany,enhanced_arima,2024-07-25,ordinary,enhanced_ordinary_arima_p1_d1_q1,2024-07-24T18:00:00+02:00,2024-07-24T16:00:00+00:00,2024-07-24T16:00:00+00:00,2024-07-25 10:00:00+00:00,2024-07-25 11:00:00+00:00,2024-07-25T12:00:00+02:00,2024-07-25,57394.75,56370.05268727864,False,,,arima_forecast,True,True,completed,0
Germany,enhanced_arima,2024-07-25,ordinary,enhanced_ordinary_arima_p1_d1_q1,2024-07-24T18:00:00+02:00,2024-07-24T16:00:00+00:00,2024-07-24T16:00:00+00:00,2024-07-25 11:00:00+00:00,2024-07-25 12:00:00+00:00,2024-07-25T13:00:00+02:00,2024-07-25,56078.25,56370.19520563848,False,,,arima_forecast,True,True,completed,0
Germany,enhanced_arima,2024-07-25,ordinary,enhanced_ordinary_arima_p1_d1_q1,2024-07-24T18:00:00+02:00,2024-07-24T16:00:00+00:00,2024-07-24T16:00:00+00:00,2024-07-25 12:00:00+00:00,2024-07-25 13:00:00+00:00,2024-07-25T14:00:00+02:00,2024-07-25,55278.25,56370.288891192504,False,,,arima_forecast,True,True,completed,0
Germany,enhanced_arima,2024-07-25,ordinary,enhanced_ordinary_arima_p1_d1_q1,2024-07-24T18:00:00+02:00,2024-07-24T16:00:00+00:00,2024-07-24T16:00:00+00:00,2024-07-25 13:00:00+00:00,2024-07-25 14:00:00+00:00,2024-07-25T15:00:00+02:00,2024-07-25,54678.0,56370.350476121224,False,,,arima_forecast,True,True,completed,0
Germany,enhanced_arima,2024-07-25,ordinary,enhanced_ordinary_arima_p1_d1_q1,2024-07-24T18:00:00+02:00,2024-07-24T16:00:00+00:00,2024-07-24T16:00:00+00:00,2024-07-25 14:00:00+00:00,2024-07-25 15:00:00+00:00,2024-07-25T16:00:00+02:00,2024-07-25,53848.25,56370.39095945385,False,,,arima_forecast,True,True,completed,0
Germany,enhanced_arima,2024-07-25,ordinary,enhanced_ordinary_arima_p1_d1_q1,2024-07-24T18:00:00+02:00,2024-07-24T16:00:00+00:00,2024-07-24T16:00:00+00:00,2024-07-25 15:00:00+00:00,2024-07-25 16:00:00+00:00,2024-07-25T17:00:00+02:00,2024-07-25,54999.25,56370.4175714879,False,,,arima_forecast,True,True,completed,0
Germany,enhanced_arima,2024-07-25,ordinary,enhanced_ordinary_arima_p1_d1_q1,2024-07-24T18:00:00+02:00,2024-07-24T16:00:00+00:00,2024-07-24T16:00:00+00:00,2024-07-25 16:00:00+00:00,2024-07-25 17:00:00+00:00,2024-07-25T18:00:00+02:00,2024-07-25,55209.5,56370.43506511579,False,,,arima_forecast,True,True,completed,0
Germany,enhanced_arima,2024-07-25,ordinary,enhanced_ordinary_arima_p1_d1_q1,2024-07-24T18:00:00+02:00,2024-07-24T16:00:00+00:00,2024-07-24T16:00:00+00:00,2024-07-25 17:00:00+00:00,2024-07-25 18:00:00+00:00,2024-07-25T19:00:00+02:00,2024-07-25,54614.75,56370.44656468835,False,,,arima_forecast,True,True,completed,0
Germany,enhanced_arima,2024-07-25,ordinary,enhanced_ordinary_arima_p1_d1_q1,2024-07-24T18:00:00+02:00,2024-07-24T16:00:00+00:00,2024-07-24T16:00:00+00:00,2024-07-25 18:00:00+00:00,2024-07-25 19:00:00+00:00,2024-07-25T20:00:00+02:00,2024-07-25,53021.5,56370.45412402195,False,,,arima_forecast,True,True,completed,0
Germany,enhanced_arima,2024-07-25,ordinary,enhanced_ordinary_arima_p1_d1_q1,2024-07-24T18:00:00+02:00,2024-07-24T16:00:00+00:00,2024-07-24T16:00:00+00:00,2024-07-25 19:00:00+00:00,2024-07-25 20:00:00+00:00,2024-07-25T21:00:00+02:00,2024-07-25,51656.0,56370.459093208774,False,,,arima_forecast,True,True,completed,0
Germany,enhanced_arima,2024-07-25,ordinary,enhanced_ordinary_arima_p1_d1_q1,2024-07-24T18:00:00+02:00,2024-07-24T16:00:00+00:00,2024-07-24T16:00:00+00:00,2024-07-25 20:00:00+00:00,2024-07-25 21:00:00+00:00,2024-07-25T22:00:00+02:00,2024-07-25,48748.5,56370.46235974244,False,,,arima_forecast,True,True,completed,0
Germany,enhanced_arima,2024-07-25,ordinary,enhanced_ordinary_arima_p1_d1_q1,2024-07-24T18:00:00+02:00,2024-07-24T16:00:00+00:00,2024-07-24T16:00:00+00:00,2024-07-25 21:00:00+00:00,2024-07-25 22:00:00+00:00,2024-07-25T23:00:00+02:00,2024-07-25,45392.0,56370.4645070238,False,,,arima_forecast,True,True,completed,0
Germany,enhanced_arima,2024-11-03,ordinary,enhanced_ordinary_arima_p1_d1_q1,2024-11-02T18:00:00+01:00,2024-11-02T17:00:00+00:00,2024-11-02T17:00:00+00:00,2024-11-02 17:00:00+00:00,2024-11-02 18:00:00+00:00,2024-11-02T18:00:00+01:00,2024-11-02,54814.25,56795.43333360966,True,,,arima_forecast,False,False,completed,0
Germany,enhanced_arima,2024-11-03,ordinary,enhanced_ordinary_arima_p1_d1_q1,2024-11-02T18:00:00+01:00,2024-11-02T17:00:00+00:00,2024-11-02T17:00:00+00:00,2024-11-02 18:00:00+00:00,2024-11-02 19:00:00+00:00,2024-11-02T19:00:00+01:00,2024-11-02,52947.75,58601.25207972015,True,,,arima_forecast,False,False,completed,0
Germany,enhanced_arima,2024-11-03,ordinary,enhanced_ordinary_arima_p1_d1_q1,2024-11-02T18:00:00+01:00,2024-11-02T17:00:00+00:00,2024-11-02T17:00:00+00:00,2024-11-02 19:00:00+00:00,2024-11-02 20:00:00+00:00,2024-11-02T20:00:00+01:00,2024-11-02,49610.75,59816.25295286715,True,,,arima_forecast,False,False,completed,0
Germany,enhanced_arima,2024-11-03,ordinary,enhanced_ordinary_arima_p1_d1_q1,2024-11-02T18:00:00+01:00,2024-11-02T17:00:00+00:00,2024-11-02T17:00:00+00:00,2024-11-02 20:00:00+00:00,2024-11-02 21:00:00+00:00,2024-11-02T21:00:00+01:00,2024-11-02,47551.75,60633.7365042632,True,,,arima_forecast,False,False,completed,0
Germany,enhanced_arima,2024-11-03,ordinary,enhanced_ordinary_arima_p1_d1_q1,2024-11-02T18:00:00+01:00,2024-11-02T17:00:00+00:00,2024-11-02T17:00:00+00:00,2024-11-02 21:00:00+00:00,2024-11-02 22:00:00+00:00,2024-11-02T22:00:00+01:00,2024-11-02,45846.5,61183.760270972256,True,,,arima_forecast,False,False,completed,0
Germany,enhanced_arima,2024-11-03,ordinary,enhanced_ordinary_arima_p1_d1_q1,2024-11-02T18:00:00+01:00,2024-11-02T17:00:00+00:00,2024-11-02T17:00:00+00:00,2024-11-02 22:00:00+00:00,2024-11-02 23:00:00+00:00,2024-11-02T23:00:00+01:00,2024-11-02,43878.75,61553.83027840932,True,,,arima_forecast,False,False,completed,0
Germany,enhanced_arima,2024-11-03,ordinary,enhanced_ordinary_arima_p1_d1_q1,2024-11-02T18:00:00+01:00,2024-11-02T17:00:00+00:00,2024-11-02T17:00:00+00:00,2024-11-02 23:00:00+00:00,2024-11-03 00:00:00+00:00,2024-11-03T00:00:00+01:00,2024-11-03,41313.5,61802.82281053914,False,,,arima_forecast,True,True,completed,0
Germany,enhanced_arima,2024-11-03,ordinary,enhanced_ordinary_arima_p1_d1_q1,2024-11-02T18:00:00+01:00,2024-11-02T17:00:00+00:00,2024-11-02T17:00:00+00:00,2024-11-03 00:00:00+00:00,2024-11-03 01:00:00+00:00,2024-11-03T01:00:00+01:00,2024-11-03,39506.0,61970.351331658116,False,,,arima_forecast,True,True,completed,0
Germany,enhanced_arima,2024-11-03,ordinary,enhanced_ordinary_arima_p1_d1_q1,2024-11-02T18:00:00+01:00,2024-11-02T17:00:00+00:00,2024-11-02T17:00:00+00:00,2024-11-03 01:00:00+00:00,2024-11-03 02:00:00+00:00,2024-11-03T02:00:00+01:00,2024-11-03,38689.25,62083.06879008244,False,,,arima_forecast,True,True,completed,0
Germany,enhanced_arima,2024-11-03,ordinary,enhanced_ordinary_arima_p1_d1_q1,2024-11-02T18:00:00+01:00,2024-11-02T17:00:00+00:00,2024-11-02T17:00:00+00:00,2024-11-03 02:00:00+00:00,2024-11-03 03:00:00+00:00,2024-11-03T03:00:00+01:00,2024-11-03,38567.0,62158.907968681866,False,,,arima_forecast,True,True,completed,0
Germany,enhanced_arima,2024-11-03,ordinary,enhanced_ordinary_arima_p1_d1_q1,2024-11-02T18:00:00+01:00,2024-11-02T17:00:00+00:00,2024-11-02T17:00:00+00:00,2024-11-03 03:00:00+00:00,2024-11-03 04:00:00+00:00,2024-11-03T04:00:00+01:00,2024-11-03,38867.25,62209.9345007829,False,,,arima_forecast,True,True,completed,0
Germany,enhanced_arima,2024-11-03,ordinary,enhanced_ordinary_arima_p1_d1_q1,2024-11-02T18:00:00+01:00,2024-11-02T17:00:00+00:00,2024-11-02T17:00:00+00:00,2024-11-03 04:00:00+00:00,2024-11-03 05:00:00+00:00,2024-11-03T05:00:00+01:00,2024-11-03,39303.5,62244.266451976764,False,,,arima_forecast,True,True,completed,0
Germany,enhanced_arima,2024-11-03,ordinary,enhanced_ordinary_arima_p1_d1_q1,2024-11-02T18:00:00+01:00,2024-11-02T17:00:00+00:00,2024-11-02T17:00:00+00:00,2024-11-03 05:00:00+00:00,2024-11-03 06:00:00+00:00,2024-11-03T06:00:00+01:00,2024-11-03,40316.25,62267.36586367975,False,,,arima_forecast,True,True,completed,0
Germany,enhanced_arima,2024-11-03,ordinary,enhanced_ordinary_arima_p1_d1_q1,2024-11-02T18:00:00+01:00,2024-11-02T17:00:00+00:00,2024-11-02T17:00:00+00:00,2024-11-03 06:00:00+00:00,2024-11-03 07:00:00+00:00,2024-11-03T07:00:00+01:00,2024-11-03,42537.25,62282.90773655529,False,,,arima_forecast,True,True,completed,0
Germany,enhanced_arima,2024-11-03,ordinary,enhanced_ordinary_arima_p1_d1_q1,2024-11-02T18:00:00+01:00,2024-11-02T17:00:00+00:00,2024-11-02T17:00:00+00:00,2024-11-03 07:00:00+00:00,2024-11-03 08:00:00+00:00,2024-11-03T08:00:00+01:00,2024-11-03,45518.75,62293.364704706044,False,,,arima_forecast,True,True,completed,0
Germany,enhanced_arima,2024-11-03,ordinary,enhanced_ordinary_arima_p1_d1_q1,2024-11-02T18:00:00+01:00,2024-11-02T17:00:00+00:00,2024-11-02T17:00:00+00:00,2024-11-03 08:00:00+00:00,2024-11-03 09:00:00+00:00,2024-11-03T09:00:00+01:00,2024-11-03,49264.0,62300.40041937066,False,,,arima_forecast,True,True,completed,0
Germany,enhanced_arima,2024-11-03,ordinary,enhanced_ordinary_arima_p1_d1_q1,2024-11-02T18:00:00+01:00,2024-11-02T17:00:00+00:00,2024-11-02T17:00:00+00:00,2024-11-03 09:00:00+00:00,2024-11-03 10:00:00+00:00,2024-11-03T10:00:00+01:00,2024-11-03,51759.75,62305.134227500144,False,,,arima_forecast,True,True,completed,0
Germany,enhanced_arima,2024-11-03,ordinary,enhanced_ordinary_arima_p1_d1_q1,2024-11-02T18:00:00+01:00,2024-11-02T17:00:00+00:00,2024-11-02T17:00:00+00:00,2024-11-03 10:00:00+00:00,2024-11-03 11:00:00+00:00,2024-11-03T11:00:00+01:00,2024-11-03,52807.75,62308.31925424938,False,,,arima_forecast,True,True,completed,0
Germany,enhanced_arima,2024-11-03,ordinary,enhanced_ordinary_arima_p1_d1_q1,2024-11-02T18:00:00+01:00,2024-11-02T17:00:00+00:00,2024-11-02T17:00:00+00:00,2024-11-03 11:00:00+00:00,2024-11-03 12:00:00+00:00,2024-11-03T12:00:00+01:00,2024-11-03,52449.75,62310.46222141574,False,,,arima_forecast,True,True,completed,0
Germany,enhanced_arima,2024-11-03,ordinary,enhanced_ordinary_arima_p1_d1_q1,2024-11-02T18:00:00+01:00,2024-11-02T17:00:00+00:00,2024-11-02T17:00:00+00:00,2024-11-03 12:00:00+00:00,2024-11-03 13:00:00+00:00,2024-11-03T13:00:00+01:00,2024-11-03,50137.5,62311.90406433817,False,,,arima_forecast,True,True,completed,0
Germany,enhanced_arima,2024-11-03,ordinary,enhanced_ordinary_arima_p1_d1_q1,2024-11-02T18:00:00+01:00,2024-11-02T17:00:00+00:00,2024-11-02T17:00:00+00:00,2024-11-03 13:00:00+00:00,2024-11-03 14:00:00+00:00,2024-11-03T14:00:00+01:00,2024-11-03,48064.25,62312.87417300132,False,,,arima_forecast,True,True,completed,0
Germany,enhanced_arima,2024-11-03,ordinary,enhanced_ordinary_arima_p1_d1_q1,2024-11-02T18:00:00+01:00,2024-11-02T17:00:00+00:00,2024-11-02T17:00:00+00:00,2024-11-03 14:00:00+00:00,2024-11-03 15:00:00+00:00,2024-11-03T15:00:00+01:00,2024-11-03,47943.75,62313.52688683283,False,,,arima_forecast,True,True,completed,0
Germany,enhanced_arima,2024-11-03,ordinary,enhanced_ordinary_arima_p1_d1_q1,2024-11-02T18:00:00+01:00,2024-11-02T17:00:00+00:00,2024-11-02T17:00:00+00:00,2024-11-03 15:00:00+00:00,2024-11-03 16:00:00+00:00,2024-11-03T16:00:00+01:00,2024-11-03,50110.25,62313.966049332885,False,,,arima_forecast,True,True,completed,0
Germany,enhanced_arima,2024-11-03,ordinary,enhanced_ordinary_arima_p1_d1_q1,2024-11-02T18:00:00+01:00,2024-11-02T17:00:00+00:00,2024-11-02T17:00:00+00:00,2024-11-03 16:00:00+00:00,2024-11-03 17:00:00+00:00,2024-11-03T17:00:00+01:00,2024-11-03,54699.0,62314.26152905485,False,,,arima_forecast,True,True,completed,0
Germany,enhanced_arima,2024-11-03,ordinary,enhanced_ordinary_arima_p1_d1_q1,2024-11-02T18:00:00+01:00,2024-11-02T17:00:00+00:00,2024-11-02T17:00:00+00:00,2024-11-03 17:00:00+00:00,2024-11-03 18:00:00+00:00,2024-11-03T18:00:00+01:00,2024-11-03,55599.0,62314.460335342,False,,,arima_forecast,True,True,completed,0
Germany,enhanced_arima,2024-11-03,ordinary,enhanced_ordinary_arima_p1_d1_q1,2024-11-02T18:00:00+01:00,2024-11-02T17:00:00+00:00,2024-11-02T17:00:00+00:00,2024-11-03 18:00:00+00:00,2024-11-03 19:00:00+00:00,2024-11-03T19:00:00+01:00,2024-11-03,54283.5,62314.59409727852,False,,,arima_forecast,True,True,completed,0
Germany,enhanced_arima,2024-11-03,ordinary,enhanced_ordinary_arima_p1_d1_q1,2024-11-02T18:00:00+01:00,2024-11-02T17:00:00+00:00,2024-11-02T17:00:00+00:00,2024-11-03 19:00:00+00:00,2024-11-03 20:00:00+00:00,2024-11-03T20:00:00+01:00,2024-11-03,52126.5,62314.684095718294,False,,,arima_forecast,True,True,completed,0
Germany,enhanced_arima,2024-11-03,ordinary,enhanced_ordinary_arima_p1_d1_q1,2024-11-02T18:00:00+01:00,2024-11-02T17:00:00+00:00,2024-11-02T17:00:00+00:00,2024-11-03 20:00:00+00:00,2024-11-03 21:00:00+00:00,2024-11-03T21:00:00+01:00,2024-11-03,49748.75,62314.74464896216,False,,,arima_forecast,True,True,completed,0
Germany,enhanced_arima,2024-11-03,ordinary,enhanced_ordinary_arima_p1_d1_q1,2024-11-02T18:00:00+01:00,2024-11-02T17:00:00+00:00,2024-11-02T17:00:00+00:00,2024-11-03 21:00:00+00:00,2024-11-03 22:00:00+00:00,2024-11-03T22:00:00+01:00,2024-11-03,48060.5,62314.78539072781,False,,,arima_forecast,True,True,completed,0
Germany,enhanced_arima,2024-11-03,ordinary,enhanced_ordinary_arima_p1_d1_q1,2024-11-02T18:00:00+01:00,2024-11-02T17:00:00+00:00,2024-11-02T17:00:00+00:00,2024-11-03 22:00:00+00:00,2024-11-03 23:00:00+00:00,2024-11-03T23:00:00+01:00,2024-11-03,44868.75,62314.81280282603,False,,,arima_forecast,True,True,completed,0
Germany,enhanced_arima,2024-02-15,weekly_differenced,weekly_differenced_arima_p2_d0_q0,2024-02-14T18:00:00+01:00,2024-02-14T17:00:00+00:00,2024-02-14T17:00:00+00:00,2024-02-14 17:00:00+00:00,2024-02-14 18:00:00+00:00,2024-02-14T18:00:00+01:00,2024-02-14,66548.75,65680.11122491887,True,2024-02-07 17:00:00+00:00,68682.25,observed,False,False,completed,0
Germany,enhanced_arima,2024-02-15,weekly_differenced,weekly_differenced_arima_p2_d0_q0,2024-02-14T18:00:00+01:00,2024-02-14T17:00:00+00:00,2024-02-14T17:00:00+00:00,2024-02-14 18:00:00+00:00,2024-02-14 19:00:00+00:00,2024-02-14T19:00:00+01:00,2024-02-14,65346.0,64577.269477616675,True,2024-02-07 18:00:00+00:00,67514.75,observed,False,False,completed,0
Germany,enhanced_arima,2024-02-15,weekly_differenced,weekly_differenced_arima_p2_d0_q0,2024-02-14T18:00:00+01:00,2024-02-14T17:00:00+00:00,2024-02-14T17:00:00+00:00,2024-02-14 19:00:00+00:00,2024-02-14 20:00:00+00:00,2024-02-14T20:00:00+01:00,2024-02-14,61898.5,61626.122135067955,True,2024-02-07 19:00:00+00:00,64466.5,observed,False,False,completed,0
Germany,enhanced_arima,2024-02-15,weekly_differenced,weekly_differenced_arima_p2_d0_q0,2024-02-14T18:00:00+01:00,2024-02-14T17:00:00+00:00,2024-02-14T17:00:00+00:00,2024-02-14 20:00:00+00:00,2024-02-14 21:00:00+00:00,2024-02-14T21:00:00+01:00,2024-02-14,58506.5,58309.194218444965,True,2024-02-07 20:00:00+00:00,61039.25,observed,False,False,completed,0
Germany,enhanced_arima,2024-02-15,weekly_differenced,weekly_differenced_arima_p2_d0_q0,2024-02-14T18:00:00+01:00,2024-02-14T17:00:00+00:00,2024-02-14T17:00:00+00:00,2024-02-14 21:00:00+00:00,2024-02-14 22:00:00+00:00,2024-02-14T22:00:00+01:00,2024-02-14,54654.75,54813.076320580556,True,2024-02-07 21:00:00+00:00,57428.5,observed,False,False,completed,0
Germany,enhanced_arima,2024-02-15,weekly_differenced,weekly_differenced_arima_p2_d0_q0,2024-02-14T18:00:00+01:00,2024-02-14T17:00:00+00:00,2024-02-14T17:00:00+00:00,2024-02-14 22:00:00+00:00,2024-02-14 23:00:00+00:00,2024-02-14T23:00:00+01:00,2024-02-14,50626.0,50902.66719123693,True,2024-02-07 22:00:00+00:00,53403.25,observed,False,False,completed,0
Germany,enhanced_arima,2024-02-15,weekly_differenced,weekly_differenced_arima_p2_d0_q0,2024-02-14T18:00:00+01:00,2024-02-14T17:00:00+00:00,2024-02-14T17:00:00+00:00,2024-02-14 23:00:00+00:00,2024-02-15 00:00:00+00:00,2024-02-15T00:00:00+01:00,2024-02-15,47680.25,48063.85591120619,False,2024-02-07 23:00:00+00:00,50451.25,observed,True,True,completed,0
Germany,enhanced_arima,2024-02-15,weekly_differenced,weekly_differenced_arima_p2_d0_q0,2024-02-14T18:00:00+01:00,2024-02-14T17:00:00+00:00,2024-02-14T17:00:00+00:00,2024-02-15 00:00:00+00:00,2024-02-15 01:00:00+00:00,2024-02-15T01:00:00+01:00,2024-02-15,45667.25,46721.57466869294,False,2024-02-08 00:00:00+00:00,48998.25,observed,True,True,completed,0
Germany,enhanced_arima,2024-02-15,weekly_differenced,weekly_differenced_arima_p2_d0_q0,2024-02-14T18:00:00+01:00,2024-02-14T17:00:00+00:00,2024-02-14T17:00:00+00:00,2024-02-15 01:00:00+00:00,2024-02-15 02:00:00+00:00,2024-02-15T02:00:00+01:00,2024-02-15,45412.5,46524.740587228756,False,2024-02-08 01:00:00+00:00,48693.5,observed,True,True,completed,0
Germany,enhanced_arima,2024-02-15,weekly_differenced,weekly_differenced_arima_p2_d0_q0,2024-02-14T18:00:00+01:00,2024-02-14T17:00:00+00:00,2024-02-14T17:00:00+00:00,2024-02-15 02:00:00+00:00,2024-02-15 03:00:00+00:00,2024-02-15T03:00:00+01:00,2024-02-15,45907.25,47348.24551457763,False,2024-02-08 02:00:00+00:00,49412.0,observed,True,True,completed,0
Germany,enhanced_arima,2024-02-15,weekly_differenced,weekly_differenced_arima_p2_d0_q0,2024-02-14T18:00:00+01:00,2024-02-14T17:00:00+00:00,2024-02-14T17:00:00+00:00,2024-02-15 03:00:00+00:00,2024-02-15 04:00:00+00:00,2024-02-15T04:00:00+01:00,2024-02-15,47408.0,49023.33473685208,False,2024-02-08 03:00:00+00:00,50985.0,observed,True,True,completed,0
Germany,enhanced_arima,2024-02-15,weekly_differenced,weekly_differenced_arima_p2_d0_q0,2024-02-14T18:00:00+01:00,2024-02-14T17:00:00+00:00,2024-02-14T17:00:00+00:00,2024-02-15 04:00:00+00:00,2024-02-15 05:00:00+00:00,2024-02-15T05:00:00+01:00,2024-02-15,50554.25,51867.80046634466,False,2024-02-08 04:00:00+00:00,53730.25,observed,True,True,completed,0
Germany,enhanced_arima,2024-02-15,weekly_differenced,weekly_differenced_arima_p2_d0_q0,2024-02-14T18:00:00+01:00,2024-02-14T17:00:00+00:00,2024-02-14T17:00:00+00:00,2024-02-15 05:00:00+00:00,2024-02-15 06:00:00+00:00,2024-02-15T06:00:00+01:00,2024-02-15,57544.75,58605.455529461804,False,2024-02-08 05:00:00+00:00,60371.5,observed,True,True,completed,0
Germany,enhanced_arima,2024-02-15,weekly_differenced,weekly_differenced_arima_p2_d0_q0,2024-02-14T18:00:00+01:00,2024-02-14T17:00:00+00:00,2024-02-14T17:00:00+00:00,2024-02-15 06:00:00+00:00,2024-02-15 07:00:00+00:00,2024-02-15T07:00:00+01:00,2024-02-15,62828.0,64200.37113460525,False,2024-02-08 06:00:00+00:00,65872.75,observed,True,True,completed,0
Germany,enhanced_arima,2024-02-15,weekly_differenced,weekly_differenced_arima_p2_d0_q0,2024-02-14T18:00:00+01:00,2024-02-14T17:00:00+00:00,2024-02-14T17:00:00+00:00,2024-02-15 07:00:00+00:00,2024-02-15 08:00:00+00:00,2024-02-15T08:00:00+01:00,2024-02-15,64527.25,66523.37120389864,False,2024-02-08 07:00:00+00:00,68104.75,observed,True,True,completed,0
Germany,enhanced_arima,2024-02-15,weekly_differenced,weekly_differenced_arima_p2_d0_q0,2024-02-14T18:00:00+01:00,2024-02-14T17:00:00+00:00,2024-02-14T17:00:00+00:00,2024-02-15 08:00:00+00:00,2024-02-15 09:00:00+00:00,2024-02-15T09:00:00+01:00,2024-02-15,64477.25,67133.77976435341,False,2024-02-08 08:00:00+00:00,68626.75,observed,True,True,completed,0
Germany,enhanced_arima,2024-02-15,weekly_differenced,weekly_differenced_arima_p2_d0_q0,2024-02-14T18:00:00+01:00,2024-02-14T17:00:00+00:00,2024-02-14T17:00:00+00:00,2024-02-15 09:00:00+00:00,2024-02-15 10:00:00+00:00,2024-02-15T10:00:00+01:00,2024-02-15,65051.25,67295.16976454968,False,2024-02-08 09:00:00+00:00,68702.25,observed,True,True,completed,0
Germany,enhanced_arima,2024-02-15,weekly_differenced,weekly_differenced_arima_p2_d0_q0,2024-02-14T18:00:00+01:00,2024-02-14T17:00:00+00:00,2024-02-14T17:00:00+00:00,2024-02-15 10:00:00+00:00,2024-02-15 11:00:00+00:00,2024-02-15T11:00:00+01:00,2024-02-15,65208.75,67881.11255503068,False,2024-02-08 10:00:00+00:00,69204.75,observed,True,True,completed,0
Germany,enhanced_arima,2024-02-15,weekly_differenced,weekly_differenced_arima_p2_d0_q0,2024-02-14T18:00:00+01:00,2024-02-14T17:00:00+00:00,2024-02-14T17:00:00+00:00,2024-02-15 11:00:00+00:00,2024-02-15 12:00:00+00:00,2024-02-15T12:00:00+01:00,2024-02-15,65389.75,67734.17767724313,False,2024-02-08 11:00:00+00:00,68976.75,observed,True,True,completed,0
Germany,enhanced_arima,2024-02-15,weekly_differenced,weekly_differenced_arima_p2_d0_q0,2024-02-14T18:00:00+01:00,2024-02-14T17:00:00+00:00,2024-02-14T17:00:00+00:00,2024-02-15 12:00:00+00:00,2024-02-15 13:00:00+00:00,2024-02-15T13:00:00+01:00,2024-02-15,64235.25,66614.43279544945,False,2024-02-08 12:00:00+00:00,67778.25,observed,True,True,completed,0
Germany,enhanced_arima,2024-02-15,weekly_differenced,weekly_differenced_arima_p2_d0_q0,2024-02-14T18:00:00+01:00,2024-02-14T17:00:00+00:00,2024-02-14T17:00:00+00:00,2024-02-15 13:00:00+00:00,2024-02-15 14:00:00+00:00,2024-02-15T14:00:00+01:00,2024-02-15,62474.25,65170.69369443798,False,2024-02-08 13:00:00+00:00,66258.0,observed,True,True,completed,0
Germany,enhanced_arima,2024-02-15,weekly_differenced,weekly_differenced_arima_p2_d0_q0,2024-02-14T18:00:00+01:00,2024-02-14T17:00:00+00:00,2024-02-14T17:00:00+00:00,2024-02-15 14:00:00+00:00,2024-02-15 15:00:00+00:00,2024-02-15T15:00:00+01:00,2024-02-15,61944.5,64054.27430707222,False,2024-02-08 14:00:00+00:00,65067.25,observed,True,True,completed,0
Germany,enhanced_arima,2024-02-15,weekly_differenced,weekly_differenced_arima_p2_d0_q0,2024-02-14T18:00:00+01:00,2024-02-14T17:00:00+00:00,2024-02-14T17:00:00+00:00,2024-02-15 15:00:00+00:00,2024-02-15 16:00:00+00:00,2024-02-15T16:00:00+01:00,2024-02-15,61673.0,63677.73675493749,False,2024-02-08 15:00:00+00:00,64618.5,observed,True,True,completed,0
Germany,enhanced_arima,2024-02-15,weekly_differenced,weekly_differenced_arima_p2_d0_q0,2024-02-14T18:00:00+01:00,2024-02-14T17:00:00+00:00,2024-02-14T17:00:00+00:00,2024-02-15 16:00:00+00:00,2024-02-15 17:00:00+00:00,2024-02-15T17:00:00+01:00,2024-02-15,63904.25,66264.39139430191,False,2024-02-08 16:00:00+00:00,67135.0,observed,True,True,completed,0
Germany,enhanced_arima,2024-02-15,weekly_differenced,weekly_differenced_arima_p2_d0_q0,2024-02-14T18:00:00+01:00,2024-02-14T17:00:00+00:00,2024-02-14T17:00:00+00:00,2024-02-15 17:00:00+00:00,2024-02-15 18:00:00+00:00,2024-02-15T18:00:00+01:00,2024-02-15,65648.0,67089.54686378568,False,2024-02-08 17:00:00+00:00,67892.0,observed,True,True,completed,0
Germany,enhanced_arima,2024-02-15,weekly_differenced,weekly_differenced_arima_p2_d0_q0,2024-02-14T18:00:00+01:00,2024-02-14T17:00:00+00:00,2024-02-14T17:00:00+00:00,2024-02-15 18:00:00+00:00,2024-02-15 19:00:00+00:00,2024-02-15T19:00:00+01:00,2024-02-15,65265.5,65619.26013207901,False,2024-02-08 18:00:00+00:00,66355.5,observed,True,True,completed,0
Germany,enhanced_arima,2024-02-15,weekly_differenced,weekly_differenced_arima_p2_d0_q0,2024-02-14T18:00:00+01:00,2024-02-14T17:00:00+00:00,2024-02-14T17:00:00+00:00,2024-02-15 19:00:00+00:00,2024-02-15 20:00:00+00:00,2024-02-15T20:00:00+01:00,2024-02-15,62290.75,61971.33654495645,False,2024-02-08 19:00:00+00:00,62643.25,observed,True,True,completed,0
Germany,enhanced_arima,2024-02-15,weekly_differenced,weekly_differenced_arima_p2_d0_q0,2024-02-14T18:00:00+01:00,2024-02-14T17:00:00+00:00,2024-02-14T17:00:00+00:00,2024-02-15 20:00:00+00:00,2024-02-15 21:00:00+00:00,2024-02-15T21:00:00+01:00,2024-02-15,58331.75,58498.07987125724,False,2024-02-08 20:00:00+00:00,59107.5,observed,True,True,completed,0
Germany,enhanced_arima,2024-02-15,weekly_differenced,weekly_differenced_arima_p2_d0_q0,2024-02-14T18:00:00+01:00,2024-02-14T17:00:00+00:00,2024-02-14T17:00:00+00:00,2024-02-15 21:00:00+00:00,2024-02-15 22:00:00+00:00,2024-02-15T22:00:00+01:00,2024-02-15,54842.5,55411.2923476981,False,2024-02-08 21:00:00+00:00,55960.0,observed,True,True,completed,0
Germany,enhanced_arima,2024-02-15,weekly_differenced,weekly_differenced_arima_p2_d0_q0,2024-02-14T18:00:00+01:00,2024-02-14T17:00:00+00:00,2024-02-14T17:00:00+00:00,2024-02-15 22:00:00+00:00,2024-02-15 23:00:00+00:00,2024-02-15T23:00:00+01:00,2024-02-15,51035.0,51335.774722475515,False,2024-02-08 22:00:00+00:00,51825.5,observed,True,True,completed,0
Germany,enhanced_arima,2024-03-31,weekly_differenced,weekly_differenced_arima_p2_d0_q0,2024-03-30T18:00:00+01:00,2024-03-30T17:00:00+00:00,2024-03-30T17:00:00+00:00,2024-03-30 17:00:00+00:00,2024-03-30 18:00:00+00:00,2024-03-30T18:00:00+01:00,2024-03-30,52547.0,53446.78645758073,True,2024-03-23 17:00:00+00:00,55736.5,observed,False,False,completed,0
Germany,enhanced_arima,2024-03-31,weekly_differenced,weekly_differenced_arima_p2_d0_q0,2024-03-30T18:00:00+01:00,2024-03-30T17:00:00+00:00,2024-03-30T17:00:00+00:00,2024-03-30 18:00:00+00:00,2024-03-30 19:00:00+00:00,2024-03-30T19:00:00+01:00,2024-03-30,51822.75,53936.172569307906,True,2024-03-23 18:00:00+00:00,55805.75,observed,False,False,completed,0
Germany,enhanced_arima,2024-03-31,weekly_differenced,weekly_differenced_arima_p2_d0_q0,2024-03-30T18:00:00+01:00,2024-03-30T17:00:00+00:00,2024-03-30T17:00:00+00:00,2024-03-30 19:00:00+00:00,2024-03-30 20:00:00+00:00,2024-03-30T20:00:00+01:00,2024-03-30,48928.0,51274.526529206196,True,2024-03-23 19:00:00+00:00,52929.0,observed,False,False,completed,0
Germany,enhanced_arima,2024-03-31,weekly_differenced,weekly_differenced_arima_p2_d0_q0,2024-03-30T18:00:00+01:00,2024-03-30T17:00:00+00:00,2024-03-30T17:00:00+00:00,2024-03-30 20:00:00+00:00,2024-03-30 21:00:00+00:00,2024-03-30T21:00:00+01:00,2024-03-30,46342.5,48541.580766561674,True,2024-03-23 20:00:00+00:00,50068.75,observed,False,False,completed,0
Germany,enhanced_arima,2024-03-31,weekly_differenced,weekly_differenced_arima_p2_d0_q0,2024-03-30T18:00:00+01:00,2024-03-30T17:00:00+00:00,2024-03-30T17:00:00+00:00,2024-03-30 21:00:00+00:00,2024-03-30 22:00:00+00:00,2024-03-30T22:00:00+01:00,2024-03-30,43930.0,47209.36344527888,True,2024-03-23 21:00:00+00:00,48647.5,observed,False,False,completed,0
Germany,enhanced_arima,2024-03-31,weekly_differenced,weekly_differenced_arima_p2_d0_q0,2024-03-30T18:00:00+01:00,2024-03-30T17:00:00+00:00,2024-03-30T17:00:00+00:00,2024-03-30 22:00:00+00:00,2024-03-30 23:00:00+00:00,2024-03-30T23:00:00+01:00,2024-03-30,40857.0,44729.07169195873,True,2024-03-23 22:00:00+00:00,46095.5,observed,False,False,completed,0
Germany,enhanced_arima,2024-03-31,weekly_differenced,weekly_differenced_arima_p2_d0_q0,2024-03-30T18:00:00+01:00,2024-03-30T17:00:00+00:00,2024-03-30T17:00:00+00:00,2024-03-30 23:00:00+00:00,2024-03-31 00:00:00+00:00,2024-03-31T00:00:00+01:00,2024-03-31,37333.25,42323.33653532888,False,2024-03-23 23:00:00+00:00,43626.5,observed,True,True,completed,0
Germany,enhanced_arima,2024-03-31,weekly_differenced,weekly_differenced_arima_p2_d0_q0,2024-03-30T18:00:00+01:00,2024-03-30T17:00:00+00:00,2024-03-30T17:00:00+00:00,2024-03-31 00:00:00+00:00,2024-03-31 01:00:00+00:00,2024-03-31T01:00:00+01:00,2024-03-31,34967.25,41031.944319552465,False,2024-03-24 00:00:00+00:00,42276.5,observed,True,True,completed,0
Germany,enhanced_arima,2024-03-31,weekly_differenced,weekly_differenced_arima_p2_d0_q0,2024-03-30T18:00:00+01:00,2024-03-30T17:00:00+00:00,2024-03-30T17:00:00+00:00,2024-03-31 01:00:00+00:00,2024-03-31 02:00:00+00:00,2024-03-31T03:00:00+02:00,2024-03-31,35233.0,39746.279554791734,False,2024-03-24 02:00:00+00:00,40935.25,observed,True,True,completed,0
Germany,enhanced_arima,2024-03-31,weekly_differenced,weekly_differenced_arima_p2_d0_q0,2024-03-30T18:00:00+01:00,2024-03-30T17:00:00+00:00,2024-03-30T17:00:00+00:00,2024-03-31 02:00:00+00:00,2024-03-31 03:00:00+00:00,2024-03-31T04:00:00+02:00,2024-03-31,32660.5,39685.567209178436,False,2024-03-24 03:00:00+00:00,40821.25,observed,True,True,completed,0
Germany,enhanced_arima,2024-03-31,weekly_differenced,weekly_differenced_arima_p2_d0_q0,2024-03-30T18:00:00+01:00,2024-03-30T17:00:00+00:00,2024-03-30T17:00:00+00:00,2024-03-31 03:00:00+00:00,2024-03-31 04:00:00+00:00,2024-03-31T05:00:00+02:00,2024-03-31,33094.75,39589.3971510694,False,2024-03-24 04:00:00+00:00,40673.75,observed,True,True,completed,0
Germany,enhanced_arima,2024-03-31,weekly_differenced,weekly_differenced_arima_p2_d0_q0,2024-03-30T18:00:00+01:00,2024-03-30T17:00:00+00:00,2024-03-30T17:00:00+00:00,2024-03-31 04:00:00+00:00,2024-03-31 05:00:00+00:00,2024-03-31T06:00:00+02:00,2024-03-31,33936.5,39848.69556765131,False,2024-03-24 05:00:00+00:00,40883.5,observed,True,True,completed,0
Germany,enhanced_arima,2024-03-31,weekly_differenced,weekly_differenced_arima_p2_d0_q0,2024-03-30T18:00:00+01:00,2024-03-30T17:00:00+00:00,2024-03-30T17:00:00+00:00,2024-03-31 05:00:00+00:00,2024-03-31 06:00:00+00:00,2024-03-31T07:00:00+02:00,2024-03-31,34424.5,42070.56846840466,False,2024-03-24 06:00:00+00:00,43057.5,observed,True,True,completed,0
Germany,enhanced_arima,2024-03-31,weekly_differenced,weekly_differenced_arima_p2_d0_q0,2024-03-30T18:00:00+01:00,2024-03-30T17:00:00+00:00,2024-03-30T17:00:00+00:00,2024-03-31 06:00:00+00:00,2024-03-31 07:00:00+00:00,2024-03-31T08:00:00+02:00,2024-03-31,36927.75,45304.841191154715,False,2024-03-24 07:00:00+00:00,46245.5,observed,True,True,completed,0
Germany,enhanced_arima,2024-03-31,weekly_differenced,weekly_differenced_arima_p2_d0_q0,2024-03-30T18:00:00+01:00,2024-03-30T17:00:00+00:00,2024-03-30T17:00:00+00:00,2024-03-31 07:00:00+00:00,2024-03-31 08:00:00+00:00,2024-03-31T09:00:00+02:00,2024-03-31,41260.5,48447.575113273684,False,2024-03-24 08:00:00+00:00,49343.5,observed,True,True,completed,0
Germany,enhanced_arima,2024-03-31,weekly_differenced,weekly_differenced_arima_p2_d0_q0,2024-03-30T18:00:00+01:00,2024-03-30T17:00:00+00:00,2024-03-30T17:00:00+00:00,2024-03-31 08:00:00+00:00,2024-03-31 09:00:00+00:00,2024-03-31T10:00:00+02:00,2024-03-31,42728.5,50304.824739456795,False,2024-03-24 09:00:00+00:00,51157.5,observed,True,True,completed,0
Germany,enhanced_arima,2024-03-31,weekly_differenced,weekly_differenced_arima_p2_d0_q0,2024-03-30T18:00:00+01:00,2024-03-30T17:00:00+00:00,2024-03-30T17:00:00+00:00,2024-03-31 09:00:00+00:00,2024-03-31 10:00:00+00:00,2024-03-31T11:00:00+02:00,2024-03-31,44419.25,52618.14072609787,False,2024-03-24 10:00:00+00:00,53429.0,observed,True,True,completed,0
Germany,enhanced_arima,2024-03-31,weekly_differenced,weekly_differenced_arima_p2_d0_q0,2024-03-30T18:00:00+01:00,2024-03-30T17:00:00+00:00,2024-03-30T17:00:00+00:00,2024-03-31 10:00:00+00:00,2024-03-31 11:00:00+00:00,2024-03-31T12:00:00+02:00,2024-03-31,43098.75,52215.57118932693,False,2024-03-24 11:00:00+00:00,52986.0,observed,True,True,completed,0
Germany,enhanced_arima,2024-03-31,weekly_differenced,weekly_differenced_arima_p2_d0_q0,2024-03-30T18:00:00+01:00,2024-03-30T17:00:00+00:00,2024-03-30T17:00:00+00:00,2024-03-31 11:00:00+00:00,2024-03-31 12:00:00+00:00,2024-03-31T13:00:00+02:00,2024-03-31,40175.75,50294.1622874995,False,2024-03-24 12:00:00+00:00,51025.5,observed,True,True,completed,0
Germany,enhanced_arima,2024-03-31,weekly_differenced,weekly_differenced_arima_p2_d0_q0,2024-03-30T18:00:00+01:00,2024-03-30T17:00:00+00:00,2024-03-30T17:00:00+00:00,2024-03-31 12:00:00+00:00,2024-03-31 13:00:00+00:00,2024-03-31T14:00:00+02:00,2024-03-31,37691.25,48908.45849640904,False,2024-03-24 13:00:00+00:00,49602.0,observed,True,True,completed,0
Germany,enhanced_arima,2024-03-31,weekly_differenced,weekly_differenced_arima_p2_d0_q0,2024-03-30T18:00:00+01:00,2024-03-30T17:00:00+00:00,2024-03-30T17:00:00+00:00,2024-03-31 13:00:00+00:00,2024-03-31 14:00:00+00:00,2024-03-31T15:00:00+02:00,2024-03-31,35956.25,47931.00275381862,False,2024-03-24 14:00:00+00:00,48588.0,observed,True,True,completed,0
Germany,enhanced_arima,2024-03-31,weekly_differenced,weekly_differenced_arima_p2_d0_q0,2024-03-30T18:00:00+01:00,2024-03-30T17:00:00+00:00,2024-03-30T17:00:00+00:00,2024-03-31 14:00:00+00:00,2024-03-31 15:00:00+00:00,2024-03-31T16:00:00+02:00,2024-03-31,35175.0,47641.08654788976,False,2024-03-24 15:00:00+00:00,48262.75,observed,True,True,completed,0
Germany,enhanced_arima,2024-03-31,weekly_differenced,weekly_differenced_arima_p2_d0_q0,2024-03-30T18:00:00+01:00,2024-03-30T17:00:00+00:00,2024-03-30T17:00:00+00:00,2024-03-31 15:00:00+00:00,2024-03-31 16:00:00+00:00,2024-03-31T17:00:00+02:00,2024-03-31,36616.0,49702.49998102066,False,2024-03-24 16:00:00+00:00,50290.0,observed,True,True,completed,0
Germany,enhanced_arima,2024-03-31,weekly_differenced,weekly_differenced_arima_p2_d0_q0,2024-03-30T18:00:00+01:00,2024-03-30T17:00:00+00:00,2024-03-30T17:00:00+00:00,2024-03-31 16:00:00+00:00,2024-03-31 17:00:00+00:00,2024-03-31T18:00:00+02:00,2024-03-31,38920.0,52697.281822425924,False,2024-03-24 17:00:00+00:00,53251.75,observed,True,True,completed,0
Germany,enhanced_arima,2024-03-31,weekly_differenced,weekly_differenced_arima_p2_d0_q0,2024-03-30T18:00:00+01:00,2024-03-30T17:00:00+00:00,2024-03-30T17:00:00+00:00,2024-03-31 17:00:00+00:00,2024-03-31 18:00:00+00:00,2024-03-31T19:00:00+02:00,2024-03-31,38962.75,52778.71955511502,False,2024-03-24 18:00:00+00:00,53301.25,observed,True,True,completed,0
Germany,enhanced_arima,2024-03-31,weekly_differenced,weekly_differenced_arima_p2_d0_q0,2024-03-30T18:00:00+01:00,2024-03-30T17:00:00+00:00,2024-03-30T17:00:00+00:00,2024-03-31 18:00:00+00:00,2024-03-31 19:00:00+00:00,2024-03-31T20:00:00+02:00,2024-03-31,39883.75,50884.84941968511,False,2024-03-24 19:00:00+00:00,51376.5,observed,True,True,completed,0
Germany,enhanced_arima,2024-03-31,weekly_differenced,weekly_differenced_arima_p2_d0_q0,2024-03-30T18:00:00+01:00,2024-03-30T17:00:00+00:00,2024-03-30T17:00:00+00:00,2024-03-31 19:00:00+00:00,2024-03-31 20:00:00+00:00,2024-03-31T21:00:00+02:00,2024-03-31,38590.75,49636.45645597575,False,2024-03-24 20:00:00+00:00,50098.25,observed,True,True,completed,0
Germany,enhanced_arima,2024-03-31,weekly_differenced,weekly_differenced_arima_p2_d0_q0,2024-03-30T18:00:00+01:00,2024-03-30T17:00:00+00:00,2024-03-30T17:00:00+00:00,2024-03-31 20:00:00+00:00,2024-03-31 21:00:00+00:00,2024-03-31T22:00:00+02:00,2024-03-31,37514.0,48099.574543053364,False,2024-03-24 21:00:00+00:00,48532.5,observed,True,True,completed,0
Germany,enhanced_arima,2024-03-31,weekly_differenced,weekly_differenced_arima_p2_d0_q0,2024-03-30T18:00:00+01:00,2024-03-30T17:00:00+00:00,2024-03-30T17:00:00+00:00,2024-03-31 21:00:00+00:00,2024-03-31 22:00:00+00:00,2024-03-31T23:00:00+02:00,2024-03-31,35148.0,45442.23643774891,False,2024-03-24 22:00:00+00:00,45847.25,observed,True,True,completed,0
Germany,enhanced_arima,2024-07-25,weekly_differenced,weekly_differenced_arima_p2_d0_q0,2024-07-24T18:00:00+02:00,2024-07-24T16:00:00+00:00,2024-07-24T16:00:00+00:00,2024-07-24 16:00:00+00:00,2024-07-24 17:00:00+00:00,2024-07-24T18:00:00+02:00,2024-07-24,54756.0,55517.59072882036,True,2024-07-17 16:00:00+00:00,57368.5,observed,False,False,completed,0
Germany,enhanced_arima,2024-07-25,weekly_differenced,weekly_differenced_arima_p2_d0_q0,2024-07-24T18:00:00+02:00,2024-07-24T16:00:00+00:00,2024-07-24T16:00:00+00:00,2024-07-24 17:00:00+00:00,2024-07-24 18:00:00+00:00,2024-07-24T19:00:00+02:00,2024-07-24,54574.25,54902.28121527114,True,2024-07-17 17:00:00+00:00,56683.5,observed,False,False,completed,0
Germany,enhanced_arima,2024-07-25,weekly_differenced,weekly_differenced_arima_p2_d0_q0,2024-07-24T18:00:00+02:00,2024-07-24T16:00:00+00:00,2024-07-24T16:00:00+00:00,2024-07-24 18:00:00+00:00,2024-07-24 19:00:00+00:00,2024-07-24T20:00:00+02:00,2024-07-24,53042.5,53291.74257144341,True,2024-07-17 18:00:00+00:00,54999.75,observed,False,False,completed,0
Germany,enhanced_arima,2024-07-25,weekly_differenced,weekly_differenced_arima_p2_d0_q0,2024-07-24T18:00:00+02:00,2024-07-24T16:00:00+00:00,2024-07-24T16:00:00+00:00,2024-07-24 19:00:00+00:00,2024-07-24 20:00:00+00:00,2024-07-24T21:00:00+02:00,2024-07-24,51080.25,51280.78598186897,True,2024-07-17 19:00:00+00:00,52916.0,observed,False,False,completed,0
Germany,enhanced_arima,2024-07-25,weekly_differenced,weekly_differenced_arima_p2_d0_q0,2024-07-24T18:00:00+02:00,2024-07-24T16:00:00+00:00,2024-07-24T16:00:00+00:00,2024-07-24 20:00:00+00:00,2024-07-24 21:00:00+00:00,2024-07-24T22:00:00+02:00,2024-07-24,48999.25,49188.62792477926,True,2024-07-17 20:00:00+00:00,50753.0,observed,False,False,completed,0
Germany,enhanced_arima,2024-07-25,weekly_differenced,weekly_differenced_arima_p2_d0_q0,2024-07-24T18:00:00+02:00,2024-07-24T16:00:00+00:00,2024-07-24T16:00:00+00:00,2024-07-24 21:00:00+00:00,2024-07-24 22:00:00+00:00,2024-07-24T23:00:00+02:00,2024-07-24,45783.0,45637.7152732378,True,2024-07-17 21:00:00+00:00,47133.75,observed,False,False,completed,0
Germany,enhanced_arima,2024-07-25,weekly_differenced,weekly_differenced_arima_p2_d0_q0,2024-07-24T18:00:00+02:00,2024-07-24T16:00:00+00:00,2024-07-24T16:00:00+00:00,2024-07-24 22:00:00+00:00,2024-07-24 23:00:00+00:00,2024-07-25T00:00:00+02:00,2024-07-25,43334.5,43134.14274149879,False,2024-07-17 22:00:00+00:00,44564.5,observed,True,True,completed,0
Germany,enhanced_arima,2024-07-25,weekly_differenced,weekly_differenced_arima_p2_d0_q0,2024-07-24T18:00:00+02:00,2024-07-24T16:00:00+00:00,2024-07-24T16:00:00+00:00,2024-07-24 23:00:00+00:00,2024-07-25 00:00:00+00:00,2024-07-25T01:00:00+02:00,2024-07-25,41599.75,41108.4147878318,False,2024-07-17 23:00:00+00:00,42475.75,observed,True,True,completed,0
Germany,enhanced_arima,2024-07-25,weekly_differenced,weekly_differenced_arima_p2_d0_q0,2024-07-24T18:00:00+02:00,2024-07-24T16:00:00+00:00,2024-07-24T16:00:00+00:00,2024-07-25 00:00:00+00:00,2024-07-25 01:00:00+00:00,2024-07-25T02:00:00+02:00,2024-07-25,40436.75,39971.09837134641,False,2024-07-18 00:00:00+00:00,41278.0,observed,True,True,completed,0
Germany,enhanced_arima,2024-07-25,weekly_differenced,weekly_differenced_arima_p2_d0_q0,2024-07-24T18:00:00+02:00,2024-07-24T16:00:00+00:00,2024-07-24T16:00:00+00:00,2024-07-25 01:00:00+00:00,2024-07-25 02:00:00+00:00,2024-07-25T03:00:00+02:00,2024-07-25,40311.25,39932.28330345307,False,2024-07-18 01:00:00+00:00,41181.25,observed,True,True,completed,0
Germany,enhanced_arima,2024-07-25,weekly_differenced,weekly_differenced_arima_p2_d0_q0,2024-07-24T18:00:00+02:00,2024-07-24T16:00:00+00:00,2024-07-24T16:00:00+00:00,2024-07-25 02:00:00+00:00,2024-07-25 03:00:00+00:00,2024-07-25T04:00:00+02:00,2024-07-25,40917.75,41239.06614674533,False,2024-07-18 02:00:00+00:00,42432.5,observed,True,True,completed,0
Germany,enhanced_arima,2024-07-25,weekly_differenced,weekly_differenced_arima_p2_d0_q0,2024-07-24T18:00:00+02:00,2024-07-24T16:00:00+00:00,2024-07-24T16:00:00+00:00,2024-07-25 03:00:00+00:00,2024-07-25 04:00:00+00:00,2024-07-25T05:00:00+02:00,2024-07-25,43374.5,43964.29373850658,False,2024-07-18 03:00:00+00:00,45104.5,observed,True,True,completed,0
Germany,enhanced_arima,2024-07-25,weekly_differenced,weekly_differenced_arima_p2_d0_q0,2024-07-24T18:00:00+02:00,2024-07-24T16:00:00+00:00,2024-07-24T16:00:00+00:00,2024-07-25 04:00:00+00:00,2024-07-25 05:00:00+00:00,2024-07-25T06:00:00+02:00,2024-07-25,48967.5,49337.06064555712,False,2024-07-18 04:00:00+00:00,50426.25,observed,True,True,completed,0
Germany,enhanced_arima,2024-07-25,weekly_differenced,weekly_differenced_arima_p2_d0_q0,2024-07-24T18:00:00+02:00,2024-07-24T16:00:00+00:00,2024-07-24T16:00:00+00:00,2024-07-25 05:00:00+00:00,2024-07-25 06:00:00+00:00,2024-07-25T07:00:00+02:00,2024-07-25,53719.25,54368.20822246068,False,2024-07-18 05:00:00+00:00,55408.5,observed,True,True,completed,0
Germany,enhanced_arima,2024-07-25,weekly_differenced,weekly_differenced_arima_p2_d0_q0,2024-07-24T18:00:00+02:00,2024-07-24T16:00:00+00:00,2024-07-24T16:00:00+00:00,2024-07-25 06:00:00+00:00,2024-07-25 07:00:00+00:00,2024-07-25T08:00:00+02:00,2024-07-25,56795.75,57993.3243212829,False,2024-07-18 06:00:00+00:00,58986.75,observed,True,True,completed,0
Germany,enhanced_arima,2024-07-25,weekly_differenced,weekly_differenced_arima_p2_d0_q0,2024-07-24T18:00:00+02:00,2024-07-24T16:00:00+00:00,2024-07-24T16:00:00+00:00,2024-07-25 07:00:00+00:00,2024-07-25 08:00:00+00:00,2024-07-25T09:00:00+02:00,2024-07-25,57086.75,58847.993263847726,False,2024-07-18 07:00:00+00:00,59796.5,observed,True,True,completed,0
Germany,enhanced_arima,2024-07-25,weekly_differenced,weekly_differenced_arima_p2_d0_q0,2024-07-24T18:00:00+02:00,2024-07-24T16:00:00+00:00,2024-07-24T16:00:00+00:00,2024-07-25 08:00:00+00:00,2024-07-25 09:00:00+00:00,2024-07-25T10:00:00+02:00,2024-07-25,57013.0,59334.545917559095,False,2024-07-18 08:00:00+00:00,60240.0,observed,True,True,completed,0
Germany,enhanced_arima,2024-07-25,weekly_differenced,weekly_differenced_arima_p2_d0_q0,2024-07-24T18:00:00+02:00,2024-07-24T16:00:00+00:00,2024-07-24T16:00:00+00:00,2024-07-25 09:00:00+00:00,2024-07-25 10:00:00+00:00,2024-07-25T11:00:00+02:00,2024-07-25,57703.5,59348.05980995206,False,2024-07-18 09:00:00+00:00,60212.25,observed,True,True,completed,0
Germany,enhanced_arima,2024-07-25,weekly_differenced,weekly_differenced_arima_p2_d0_q0,2024-07-24T18:00:00+02:00,2024-07-24T16:00:00+00:00,2024-07-24T16:00:00+00:00,2024-07-25 10:00:00+00:00,2024-07-25 11:00:00+00:00,2024-07-25T12:00:00+02:00,2024-07-25,57394.75,58573.609255610485,False,2024-07-18 10:00:00+00:00,59398.25,observed,True,True,completed,0
Germany,enhanced_arima,2024-07-25,weekly_differenced,weekly_differenced_arima_p2_d0_q0,2024-07-24T18:00:00+02:00,2024-07-24T16:00:00+00:00,2024-07-24T16:00:00+00:00,2024-07-25 11:00:00+00:00,2024-07-25 12:00:00+00:00,2024-07-25T13:00:00+02:00,2024-07-25,56078.25,57790.765484814925,False,2024-07-18 11:00:00+00:00,58577.5,observed,True,True,completed,0
Germany,enhanced_arima,2024-07-25,weekly_differenced,weekly_differenced_arima_p2_d0_q0,2024-07-24T18:00:00+02:00,2024-07-24T16:00:00+00:00,2024-07-24T16:00:00+00:00,2024-07-25 12:00:00+00:00,2024-07-25 13:00:00+00:00,2024-07-25T14:00:00+02:00,2024-07-25,55278.25,57070.8467697092,False,2024-07-18 12:00:00+00:00,57821.25,observed,True,True,completed,0
Germany,enhanced_arima,2024-07-25,weekly_differenced,weekly_differenced_arima_p2_d0_q0,2024-07-24T18:00:00+02:00,2024-07-24T16:00:00+00:00,2024-07-24T16:00:00+00:00,2024-07-25 13:00:00+00:00,2024-07-25 14:00:00+00:00,2024-07-25T15:00:00+02:00,2024-07-25,54678.0,56215.16854639612,False,2024-07-18 13:00:00+00:00,56930.75,observed,True,True,completed,0
Germany,enhanced_arima,2024-07-25,weekly_differenced,weekly_differenced_arima_p2_d0_q0,2024-07-24T18:00:00+02:00,2024-07-24T16:00:00+00:00,2024-07-24T16:00:00+00:00,2024-07-25 14:00:00+00:00,2024-07-25 15:00:00+00:00,2024-07-25T16:00:00+02:00,2024-07-25,53848.25,55304.043532439304,False,2024-07-18 14:00:00+00:00,55986.25,observed,True,True,completed,0
Germany,enhanced_arima,2024-07-25,weekly_differenced,weekly_differenced_arima_p2_d0_q0,2024-07-24T18:00:00+02:00,2024-07-24T16:00:00+00:00,2024-07-24T16:00:00+00:00,2024-07-25 15:00:00+00:00,2024-07-25 16:00:00+00:00,2024-07-25T17:00:00+02:00,2024-07-25,54999.25,55674.0318396787,False,2024-07-18 15:00:00+00:00,56324.25,observed,True,True,completed,0
Germany,enhanced_arima,2024-07-25,weekly_differenced,weekly_differenced_arima_p2_d0_q0,2024-07-24T18:00:00+02:00,2024-07-24T16:00:00+00:00,2024-07-24T16:00:00+00:00,2024-07-25 16:00:00+00:00,2024-07-25 17:00:00+00:00,2024-07-25T18:00:00+02:00,2024-07-25,55209.5,56105.19108243898,False,2024-07-18 16:00:00+00:00,56724.75,observed,True,True,completed,0
Germany,enhanced_arima,2024-07-25,weekly_differenced,weekly_differenced_arima_p2_d0_q0,2024-07-24T18:00:00+02:00,2024-07-24T16:00:00+00:00,2024-07-24T16:00:00+00:00,2024-07-25 17:00:00+00:00,2024-07-25 18:00:00+00:00,2024-07-25T19:00:00+02:00,2024-07-25,54614.75,55859.076481274766,False,2024-07-18 17:00:00+00:00,56449.25,observed,True,True,completed,0
Germany,enhanced_arima,2024-07-25,weekly_differenced,weekly_differenced_arima_p2_d0_q0,2024-07-24T18:00:00+02:00,2024-07-24T16:00:00+00:00,2024-07-24T16:00:00+00:00,2024-07-25 18:00:00+00:00,2024-07-25 19:00:00+00:00,2024-07-25T20:00:00+02:00,2024-07-25,53021.5,53865.240962418786,False,2024-07-18 18:00:00+00:00,54427.25,observed,True,True,completed,0
Germany,enhanced_arima,2024-07-25,weekly_differenced,weekly_differenced_arima_p2_d0_q0,2024-07-24T18:00:00+02:00,2024-07-24T16:00:00+00:00,2024-07-24T16:00:00+00:00,2024-07-25 19:00:00+00:00,2024-07-25 20:00:00+00:00,2024-07-25T21:00:00+02:00,2024-07-25,51656.0,51885.9852531036,False,2024-07-18 19:00:00+00:00,52421.0,observed,True,True,completed,0
Germany,enhanced_arima,2024-07-25,weekly_differenced,weekly_differenced_arima_p2_d0_q0,2024-07-24T18:00:00+02:00,2024-07-24T16:00:00+00:00,2024-07-24T16:00:00+00:00,2024-07-25 20:00:00+00:00,2024-07-25 21:00:00+00:00,2024-07-25T22:00:00+02:00,2024-07-25,48748.5,49966.60797292508,False,2024-07-18 20:00:00+00:00,50475.75,observed,True,True,completed,0
Germany,enhanced_arima,2024-07-25,weekly_differenced,weekly_differenced_arima_p2_d0_q0,2024-07-24T18:00:00+02:00,2024-07-24T16:00:00+00:00,2024-07-24T16:00:00+00:00,2024-07-25 21:00:00+00:00,2024-07-25 22:00:00+00:00,2024-07-25T23:00:00+02:00,2024-07-25,45392.0,46426.15572141083,False,2024-07-18 21:00:00+00:00,46910.5,observed,True,True,completed,0
Germany,enhanced_arima,2024-11-03,weekly_differenced,weekly_differenced_arima_p2_d0_q0,2024-11-02T18:00:00+01:00,2024-11-02T17:00:00+00:00,2024-11-02T17:00:00+00:00,2024-11-02 17:00:00+00:00,2024-11-02 18:00:00+00:00,2024-11-02T18:00:00+01:00,2024-11-02,54814.25,57114.32161585751,True,2024-10-26 16:00:00+00:00,51134.25,observed,False,False,completed,0
Germany,enhanced_arima,2024-11-03,weekly_differenced,weekly_differenced_arima_p2_d0_q0,2024-11-02T18:00:00+01:00,2024-11-02T17:00:00+00:00,2024-11-02T17:00:00+00:00,2024-11-02 18:00:00+00:00,2024-11-02 19:00:00+00:00,2024-11-02T19:00:00+01:00,2024-11-02,52947.75,56712.12322214884,True,2024-10-26 17:00:00+00:00,50837.5,observed,False,False,completed,0
Germany,enhanced_arima,2024-11-03,weekly_differenced,weekly_differenced_arima_p2_d0_q0,2024-11-02T18:00:00+01:00,2024-11-02T17:00:00+00:00,2024-11-02T17:00:00+00:00,2024-11-02 19:00:00+00:00,2024-11-02 20:00:00+00:00,2024-11-02T20:00:00+01:00,2024-11-02,49610.75,53727.15518170802,True,2024-10-26 18:00:00+00:00,48047.0,observed,False,False,completed,0
Germany,enhanced_arima,2024-11-03,weekly_differenced,weekly_differenced_arima_p2_d0_q0,2024-11-02T18:00:00+01:00,2024-11-02T17:00:00+00:00,2024-11-02T17:00:00+00:00,2024-11-02 20:00:00+00:00,2024-11-02 21:00:00+00:00,2024-11-02T21:00:00+01:00,2024-11-02,47551.75,50878.77072897493,True,2024-10-26 19:00:00+00:00,45420.75,observed,False,False,completed,0
Germany,enhanced_arima,2024-11-03,weekly_differenced,weekly_differenced_arima_p2_d0_q0,2024-11-02T18:00:00+01:00,2024-11-02T17:00:00+00:00,2024-11-02T17:00:00+00:00,2024-11-02 21:00:00+00:00,2024-11-02 22:00:00+00:00,2024-11-02T22:00:00+01:00,2024-11-02,45846.5,49406.89282443955,True,2024-10-26 20:00:00+00:00,44175.25,observed,False,False,completed,0
Germany,enhanced_arima,2024-11-03,weekly_differenced,weekly_differenced_arima_p2_d0_q0,2024-11-02T18:00:00+01:00,2024-11-02T17:00:00+00:00,2024-11-02T17:00:00+00:00,2024-11-02 22:00:00+00:00,2024-11-02 23:00:00+00:00,2024-11-02T23:00:00+01:00,2024-11-02,43878.75,46293.29351748758,True,2024-10-26 21:00:00+00:00,41283.5,observed,False,False,completed,0
Germany,enhanced_arima,2024-11-03,weekly_differenced,weekly_differenced_arima_p2_d0_q0,2024-11-02T18:00:00+01:00,2024-11-02T17:00:00+00:00,2024-11-02T17:00:00+00:00,2024-11-02 23:00:00+00:00,2024-11-03 00:00:00+00:00,2024-11-03T00:00:00+01:00,2024-11-03,41313.5,43576.59322489001,False,2024-10-26 22:00:00+00:00,38781.0,observed,True,True,completed,0
Germany,enhanced_arima,2024-11-03,weekly_differenced,weekly_differenced_arima_p2_d0_q0,2024-11-02T18:00:00+01:00,2024-11-02T17:00:00+00:00,2024-11-02T17:00:00+00:00,2024-11-03 00:00:00+00:00,2024-11-03 01:00:00+00:00,2024-11-03T01:00:00+01:00,2024-11-03,39506.0,41711.23932425201,False,2024-10-26 23:00:00+00:00,37121.25,observed,True,True,completed,0
Germany,enhanced_arima,2024-11-03,weekly_differenced,weekly_differenced_arima_p2_d0_q0,2024-11-02T18:00:00+01:00,2024-11-02T17:00:00+00:00,2024-11-02T17:00:00+00:00,2024-11-03 01:00:00+00:00,2024-11-03 02:00:00+00:00,2024-11-03T02:00:00+01:00,2024-11-03,38689.25,40359.10046319846,False,2024-10-27 00:00:00+00:00,35966.0,observed,True,True,completed,0
Germany,enhanced_arima,2024-11-03,weekly_differenced,weekly_differenced_arima_p2_d0_q0,2024-11-02T18:00:00+01:00,2024-11-02T17:00:00+00:00,2024-11-02T17:00:00+00:00,2024-11-03 02:00:00+00:00,2024-11-03 03:00:00+00:00,2024-11-03T03:00:00+01:00,2024-11-03,38567.0,39963.73577278259,False,2024-10-27 02:00:00+00:00,35759.0,observed,True,True,completed,0
Germany,enhanced_arima,2024-11-03,weekly_differenced,weekly_differenced_arima_p2_d0_q0,2024-11-02T18:00:00+01:00,2024-11-02T17:00:00+00:00,2024-11-02T17:00:00+00:00,2024-11-03 03:00:00+00:00,2024-11-03 04:00:00+00:00,2024-11-03T04:00:00+01:00,2024-11-03,38867.25,39933.34511908533,False,2024-10-27 03:00:00+00:00,35908.75,observed,True,True,completed,0
Germany,enhanced_arima,2024-11-03,weekly_differenced,weekly_differenced_arima_p2_d0_q0,2024-11-02T18:00:00+01:00,2024-11-02T17:00:00+00:00,2024-11-02T17:00:00+00:00,2024-11-03 04:00:00+00:00,2024-11-03 05:00:00+00:00,2024-11-03T05:00:00+01:00,2024-11-03,39303.5,40346.096064480924,False,2024-10-27 04:00:00+00:00,36493.75,observed,True,True,completed,0
Germany,enhanced_arima,2024-11-03,weekly_differenced,weekly_differenced_arima_p2_d0_q0,2024-11-02T18:00:00+01:00,2024-11-02T17:00:00+00:00,2024-11-02T17:00:00+00:00,2024-11-03 05:00:00+00:00,2024-11-03 06:00:00+00:00,2024-11-03T06:00:00+01:00,2024-11-03,40316.25,41905.15318464505,False,2024-10-27 05:00:00+00:00,38217.5,observed,True,True,completed,0
Germany,enhanced_arima,2024-11-03,weekly_differenced,weekly_differenced_arima_p2_d0_q0,2024-11-02T18:00:00+01:00,2024-11-02T17:00:00+00:00,2024-11-02T17:00:00+00:00,2024-11-03 06:00:00+00:00,2024-11-03 07:00:00+00:00,2024-11-03T07:00:00+01:00,2024-11-03,42537.25,44139.68898535515,False,2024-10-27 06:00:00+00:00,40609.5,observed,True,True,completed,0
Germany,enhanced_arima,2024-11-03,weekly_differenced,weekly_differenced_arima_p2_d0_q0,2024-11-02T18:00:00+01:00,2024-11-02T17:00:00+00:00,2024-11-02T17:00:00+00:00,2024-11-03 07:00:00+00:00,2024-11-03 08:00:00+00:00,2024-11-03T08:00:00+01:00,2024-11-03,45518.75,47806.38772405154,False,2024-10-27 07:00:00+00:00,44426.75,observed,True,True,completed,0
Germany,enhanced_arima,2024-11-03,weekly_differenced,weekly_differenced_arima_p2_d0_q0,2024-11-02T18:00:00+01:00,2024-11-02T17:00:00+00:00,2024-11-02T17:00:00+00:00,2024-11-03 08:00:00+00:00,2024-11-03 09:00:00+00:00,2024-11-03T09:00:00+01:00,2024-11-03,49264.0,50481.94650587936,False,2024-10-27 08:00:00+00:00,47246.25,observed,True,True,completed,0
Germany,enhanced_arima,2024-11-03,weekly_differenced,weekly_differenced_arima_p2_d0_q0,2024-11-02T18:00:00+01:00,2024-11-02T17:00:00+00:00,2024-11-02T17:00:00+00:00,2024-11-03 09:00:00+00:00,2024-11-03 10:00:00+00:00,2024-11-03T10:00:00+01:00,2024-11-03,51759.75,52481.32534278476,False,2024-10-27 09:00:00+00:00,49383.25,observed,True,True,completed,0
Germany,enhanced_arima,2024-11-03,weekly_differenced,weekly_differenced_arima_p2_d0_q0,2024-11-02T18:00:00+01:00,2024-11-02T17:00:00+00:00,2024-11-02T17:00:00+00:00,2024-11-03 10:00:00+00:00,2024-11-03 11:00:00+00:00,2024-11-03T11:00:00+01:00,2024-11-03,52807.75,53959.74682773654,False,2024-10-27 10:00:00+00:00,50993.25,observed,True,True,completed,0
Germany,enhanced_arima,2024-11-03,weekly_differenced,weekly_differenced_arima_p2_d0_q0,2024-11-02T18:00:00+01:00,2024-11-02T17:00:00+00:00,2024-11-02T17:00:00+00:00,2024-11-03 11:00:00+00:00,2024-11-03 12:00:00+00:00,2024-11-03T12:00:00+01:00,2024-11-03,52449.75,53601.44567546173,False,2024-10-27 11:00:00+00:00,50760.75,observed,True,True,completed,0
Germany,enhanced_arima,2024-11-03,weekly_differenced,weekly_differenced_arima_p2_d0_q0,2024-11-02T18:00:00+01:00,2024-11-02T17:00:00+00:00,2024-11-02T17:00:00+00:00,2024-11-03 12:00:00+00:00,2024-11-03 13:00:00+00:00,2024-11-03T13:00:00+01:00,2024-11-03,50137.5,51728.66822621082,False,2024-10-27 12:00:00+00:00,49008.25,observed,True,True,completed,0
Germany,enhanced_arima,2024-11-03,weekly_differenced,weekly_differenced_arima_p2_d0_q0,2024-11-02T18:00:00+01:00,2024-11-02T17:00:00+00:00,2024-11-02T17:00:00+00:00,2024-11-03 13:00:00+00:00,2024-11-03 14:00:00+00:00,2024-11-03T14:00:00+01:00,2024-11-03,48064.25,49573.671949222844,False,2024-10-27 13:00:00+00:00,46968.25,observed,True,True,completed,0
Germany,enhanced_arima,2024-11-03,weekly_differenced,weekly_differenced_arima_p2_d0_q0,2024-11-02T18:00:00+01:00,2024-11-02T17:00:00+00:00,2024-11-02T17:00:00+00:00,2024-11-03 14:00:00+00:00,2024-11-03 15:00:00+00:00,2024-11-03T15:00:00+01:00,2024-11-03,47943.75,47811.72495945284,False,2024-10-27 14:00:00+00:00,45316.25,observed,True,True,completed,0
Germany,enhanced_arima,2024-11-03,weekly_differenced,weekly_differenced_arima_p2_d0_q0,2024-11-02T18:00:00+01:00,2024-11-02T17:00:00+00:00,2024-11-02T17:00:00+00:00,2024-11-03 15:00:00+00:00,2024-11-03 16:00:00+00:00,2024-11-03T16:00:00+01:00,2024-11-03,50110.25,48630.35555221756,False,2024-10-27 15:00:00+00:00,46240.0,observed,True,True,completed,0
Germany,enhanced_arima,2024-11-03,weekly_differenced,weekly_differenced_arima_p2_d0_q0,2024-11-02T18:00:00+01:00,2024-11-02T17:00:00+00:00,2024-11-02T17:00:00+00:00,2024-11-03 16:00:00+00:00,2024-11-03 17:00:00+00:00,2024-11-03T17:00:00+01:00,2024-11-03,54699.0,52121.851756997756,False,2024-10-27 16:00:00+00:00,49832.0,observed,True,True,completed,0
Germany,enhanced_arima,2024-11-03,weekly_differenced,weekly_differenced_arima_p2_d0_q0,2024-11-02T18:00:00+01:00,2024-11-02T17:00:00+00:00,2024-11-02T17:00:00+00:00,2024-11-03 17:00:00+00:00,2024-11-03 18:00:00+00:00,2024-11-03T18:00:00+01:00,2024-11-03,55599.0,53576.01091033879,False,2024-10-27 17:00:00+00:00,51382.25,observed,True,True,completed,0
Germany,enhanced_arima,2024-11-03,weekly_differenced,weekly_differenced_arima_p2_d0_q0,2024-11-02T18:00:00+01:00,2024-11-02T17:00:00+00:00,2024-11-02T17:00:00+00:00,2024-11-03 18:00:00+00:00,2024-11-03 19:00:00+00:00,2024-11-03T19:00:00+01:00,2024-11-03,54283.5,52029.63924731365,False,2024-10-27 18:00:00+00:00,49927.75,observed,True,True,completed,0
Germany,enhanced_arima,2024-11-03,weekly_differenced,weekly_differenced_arima_p2_d0_q0,2024-11-02T18:00:00+01:00,2024-11-02T17:00:00+00:00,2024-11-02T17:00:00+00:00,2024-11-03 19:00:00+00:00,2024-11-03 20:00:00+00:00,2024-11-03T20:00:00+01:00,2024-11-03,52126.5,49676.30151085043,False,2024-10-27 19:00:00+00:00,47662.25,observed,True,True,completed,0
Germany,enhanced_arima,2024-11-03,weekly_differenced,weekly_differenced_arima_p2_d0_q0,2024-11-02T18:00:00+01:00,2024-11-02T17:00:00+00:00,2024-11-02T17:00:00+00:00,2024-11-03 20:00:00+00:00,2024-11-03 21:00:00+00:00,2024-11-03T21:00:00+01:00,2024-11-03,49748.75,47520.07057818504,False,2024-10-27 20:00:00+00:00,45590.0,observed,True,True,completed,0
Germany,enhanced_arima,2024-11-03,weekly_differenced,weekly_differenced_arima_p2_d0_q0,2024-11-02T18:00:00+01:00,2024-11-02T17:00:00+00:00,2024-11-02T17:00:00+00:00,2024-11-03 21:00:00+00:00,2024-11-03 22:00:00+00:00,2024-11-03T22:00:00+01:00,2024-11-03,48060.5,46248.77710370465,False,2024-10-27 21:00:00+00:00,44399.0,observed,True,True,completed,0
Germany,enhanced_arima,2024-11-03,weekly_differenced,weekly_differenced_arima_p2_d0_q0,2024-11-02T18:00:00+01:00,2024-11-02T17:00:00+00:00,2024-11-02T17:00:00+00:00,2024-11-03 22:00:00+00:00,2024-11-03 23:00:00+00:00,2024-11-03T23:00:00+01:00,2024-11-03,44868.75,44218.75917746909,False,2024-10-27 22:00:00+00:00,42445.75,observed,True,True,completed,0
Austria,enhanced_arima,2024-02-15,ordinary,enhanced_ordinary_arima_p3_d1_q3,2024-02-14T08:00:00+01:00,2024-02-14T07:00:00+00:00,2024-02-14T07:00:00+00:00,2024-02-14 07:00:00+00:00,2024-02-14 08:00:00+00:00,2024-02-14T08:00:00+01:00,2024-02-14,8872.0,9223.074975834617,True,,,arima_forecast,False,False,completed,0
Austria,enhanced_arima,2024-02-15,ordinary,enhanced_ordinary_arima_p3_d1_q3,2024-02-14T08:00:00+01:00,2024-02-14T07:00:00+00:00,2024-02-14T07:00:00+00:00,2024-02-14 08:00:00+00:00,2024-02-14 09:00:00+00:00,2024-02-14T09:00:00+01:00,2024-02-14,8675.25,9088.849754962344,True,,,arima_forecast,False,False,completed,0
Austria,enhanced_arima,2024-02-15,ordinary,enhanced_ordinary_arima_p3_d1_q3,2024-02-14T08:00:00+01:00,2024-02-14T07:00:00+00:00,2024-02-14T07:00:00+00:00,2024-02-14 09:00:00+00:00,2024-02-14 10:00:00+00:00,2024-02-14T10:00:00+01:00,2024-02-14,8429.75,8805.082795300623,True,,,arima_forecast,False,False,completed,0
Austria,enhanced_arima,2024-02-15,ordinary,enhanced_ordinary_arima_p3_d1_q3,2024-02-14T08:00:00+01:00,2024-02-14T07:00:00+00:00,2024-02-14T07:00:00+00:00,2024-02-14 10:00:00+00:00,2024-02-14 11:00:00+00:00,2024-02-14T11:00:00+01:00,2024-02-14,8233.75,8451.348257458167,True,,,arima_forecast,False,False,completed,0
Austria,enhanced_arima,2024-02-15,ordinary,enhanced_ordinary_arima_p3_d1_q3,2024-02-14T08:00:00+01:00,2024-02-14T07:00:00+00:00,2024-02-14T07:00:00+00:00,2024-02-14 11:00:00+00:00,2024-02-14 12:00:00+00:00,2024-02-14T12:00:00+01:00,2024-02-14,7984.0,8101.342709578585,True,,,arima_forecast,False,False,completed,0
Austria,enhanced_arima,2024-02-15,ordinary,enhanced_ordinary_arima_p3_d1_q3,2024-02-14T08:00:00+01:00,2024-02-14T07:00:00+00:00,2024-02-14T07:00:00+00:00,2024-02-14 12:00:00+00:00,2024-02-14 13:00:00+00:00,2024-02-14T13:00:00+01:00,2024-02-14,7965.75,7798.550816762352,True,,,arima_forecast,False,False,completed,0
Austria,enhanced_arima,2024-02-15,ordinary,enhanced_ordinary_arima_p3_d1_q3,2024-02-14T08:00:00+01:00,2024-02-14T07:00:00+00:00,2024-02-14T07:00:00+00:00,2024-02-14 13:00:00+00:00,2024-02-14 14:00:00+00:00,2024-02-14T14:00:00+01:00,2024-02-14,7987.75,7563.946804569972,True,,,arima_forecast,False,False,completed,0
Austria,enhanced_arima,2024-02-15,ordinary,enhanced_ordinary_arima_p3_d1_q3,2024-02-14T08:00:00+01:00,2024-02-14T07:00:00+00:00,2024-02-14T07:00:00+00:00,2024-02-14 14:00:00+00:00,2024-02-14 15:00:00+00:00,2024-02-14T15:00:00+01:00,2024-02-14,8143.25,7401.7037152793655,True,,,arima_forecast,False,False,completed,0
Austria,enhanced_arima,2024-02-15,ordinary,enhanced_ordinary_arima_p3_d1_q3,2024-02-14T08:00:00+01:00,2024-02-14T07:00:00+00:00,2024-02-14T07:00:00+00:00,2024-02-14 15:00:00+00:00,2024-02-14 16:00:00+00:00,2024-02-14T16:00:00+01:00,2024-02-14,8328.5,7305.088091280878,True,,,arima_forecast,False,False,completed,0
Austria,enhanced_arima,2024-02-15,ordinary,enhanced_ordinary_arima_p3_d1_q3,2024-02-14T08:00:00+01:00,2024-02-14T07:00:00+00:00,2024-02-14T07:00:00+00:00,2024-02-14 16:00:00+00:00,2024-02-14 17:00:00+00:00,2024-02-14T17:00:00+01:00,2024-02-14,8743.0,7261.487854043362,True,,,arima_forecast,False,False,completed,0
Austria,enhanced_arima,2024-02-15,ordinary,enhanced_ordinary_arima_p3_d1_q3,2024-02-14T08:00:00+01:00,2024-02-14T07:00:00+00:00,2024-02-14T07:00:00+00:00,2024-02-14 17:00:00+00:00,2024-02-14 18:00:00+00:00,2024-02-14T18:00:00+01:00,2024-02-14,8828.5,7256.279993018284,True,,,arima_forecast,False,False,completed,0
Austria,enhanced_arima,2024-02-15,ordinary,enhanced_ordinary_arima_p3_d1_q3,2024-02-14T08:00:00+01:00,2024-02-14T07:00:00+00:00,2024-02-14T07:00:00+00:00,2024-02-14 18:00:00+00:00,2024-02-14 19:00:00+00:00,2024-02-14T19:00:00+01:00,2024-02-14,8450.5,7275.480617266831,True,,,arima_forecast,False,False,completed,0
Austria,enhanced_arima,2024-02-15,ordinary,enhanced_ordinary_arima_p3_d1_q3,2024-02-14T08:00:00+01:00,2024-02-14T07:00:00+00:00,2024-02-14T07:00:00+00:00,2024-02-14 19:00:00+00:00,2024-02-14 20:00:00+00:00,2024-02-14T20:00:00+01:00,2024-02-14,7872.0,7307.30123093044,True,,,arima_forecast,False,False,completed,0
Austria,enhanced_arima,2024-02-15,ordinary,enhanced_ordinary_arima_p3_d1_q3,2024-02-14T08:00:00+01:00,2024-02-14T07:00:00+00:00,2024-02-14T07:00:00+00:00,2024-02-14 20:00:00+00:00,2024-02-14 21:00:00+00:00,2024-02-14T21:00:00+01:00,2024-02-14,7265.5,7342.828352176663,True,,,arima_forecast,False,False,completed,0
Austria,enhanced_arima,2024-02-15,ordinary,enhanced_ordinary_arima_p3_d1_q3,2024-02-14T08:00:00+01:00,2024-02-14T07:00:00+00:00,2024-02-14T07:00:00+00:00,2024-02-14 21:00:00+00:00,2024-02-14 22:00:00+00:00,2024-02-14T22:00:00+01:00,2024-02-14,7075.0,7376.073605936927,True,,,arima_forecast,False,False,completed,0
Austria,enhanced_arima,2024-02-15,ordinary,enhanced_ordinary_arima_p3_d1_q3,2024-02-14T08:00:00+01:00,2024-02-14T07:00:00+00:00,2024-02-14T07:00:00+00:00,2024-02-14 22:00:00+00:00,2024-02-14 23:00:00+00:00,2024-02-14T23:00:00+01:00,2024-02-14,6547.5,7403.628130907744,True,,,arima_forecast,False,False,completed,0
Austria,enhanced_arima,2024-02-15,ordinary,enhanced_ordinary_arima_p3_d1_q3,2024-02-14T08:00:00+01:00,2024-02-14T07:00:00+00:00,2024-02-14T07:00:00+00:00,2024-02-14 23:00:00+00:00,2024-02-15 00:00:00+00:00,2024-02-15T00:00:00+01:00,2024-02-15,6185.75,7424.116823776169,False,,,arima_forecast,True,True,completed,0
Austria,enhanced_arima,2024-02-15,ordinary,enhanced_ordinary_arima_p3_d1_q3,2024-02-14T08:00:00+01:00,2024-02-14T07:00:00+00:00,2024-02-14T07:00:00+00:00,2024-02-15 00:00:00+00:00,2024-02-15 01:00:00+00:00,2024-02-15T01:00:00+01:00,2024-02-15,5892.5,7437.599080774297,False,,,arima_forecast,True,True,completed,0
Austria,enhanced_arima,2024-02-15,ordinary,enhanced_ordinary_arima_p3_d1_q3,2024-02-14T08:00:00+01:00,2024-02-14T07:00:00+00:00,2024-02-14T07:00:00+00:00,2024-02-15 01:00:00+00:00,2024-02-15 02:00:00+00:00,2024-02-15T02:00:00+01:00,2024-02-15,5809.75,7445.013604368101,False,,,arima_forecast,True,True,completed,0
Austria,enhanced_arima,2024-02-15,ordinary,enhanced_ordinary_arima_p3_d1_q3,2024-02-14T08:00:00+01:00,2024-02-14T07:00:00+00:00,2024-02-14T07:00:00+00:00,2024-02-15 02:00:00+00:00,2024-02-15 03:00:00+00:00,2024-02-15T03:00:00+01:00,2024-02-15,5751.25,7447.721928610017,False,,,arima_forecast,True,True,completed,0
Austria,enhanced_arima,2024-02-15,ordinary,enhanced_ordinary_arima_p3_d1_q3,2024-02-14T08:00:00+01:00,2024-02-14T07:00:00+00:00,2024-02-14T07:00:00+00:00,2024-02-15 03:00:00+00:00,2024-02-15 04:00:00+00:00,2024-02-15T04:00:00+01:00,2024-02-15,5938.5,7447.171746886311,False,,,arima_forecast,True,True,completed,0
Austria,enhanced_arima,2024-02-15,ordinary,enhanced_ordinary_arima_p3_d1_q3,2024-02-14T08:00:00+01:00,2024-02-14T07:00:00+00:00,2024-02-14T07:00:00+00:00,2024-02-15 04:00:00+00:00,2024-02-15 05:00:00+00:00,2024-02-15T05:00:00+01:00,2024-02-15,6613.0,7444.6776553203645,False,,,arima_forecast,True,True,completed,0
Austria,enhanced_arima,2024-02-15,ordinary,enhanced_ordinary_arima_p3_d1_q3,2024-02-14T08:00:00+01:00,2024-02-14T07:00:00+00:00,2024-02-14T07:00:00+00:00,2024-02-15 05:00:00+00:00,2024-02-15 06:00:00+00:00,2024-02-15T06:00:00+01:00,2024-02-15,7800.5,7441.302720533961,False,,,arima_forecast,True,True,completed,0
Austria,enhanced_arima,2024-02-15,ordinary,enhanced_ordinary_arima_p3_d1_q3,2024-02-14T08:00:00+01:00,2024-02-14T07:00:00+00:00,2024-02-14T07:00:00+00:00,2024-02-15 06:00:00+00:00,2024-02-15 07:00:00+00:00,2024-02-15T07:00:00+01:00,2024-02-15,8627.5,7437.81763366485,False,,,arima_forecast,True,True,completed,0
Austria,enhanced_arima,2024-02-15,ordinary,enhanced_ordinary_arima_p3_d1_q3,2024-02-14T08:00:00+01:00,2024-02-14T07:00:00+00:00,2024-02-14T07:00:00+00:00,2024-02-15 07:00:00+00:00,2024-02-15 08:00:00+00:00,2024-02-15T08:00:00+01:00,2024-02-15,8883.0,7434.713094383699,False,,,arima_forecast,True,True,completed,0
Austria,enhanced_arima,2024-02-15,ordinary,enhanced_ordinary_arima_p3_d1_q3,2024-02-14T08:00:00+01:00,2024-02-14T07:00:00+00:00,2024-02-14T07:00:00+00:00,2024-02-15 08:00:00+00:00,2024-02-15 09:00:00+00:00,2024-02-15T09:00:00+01:00,2024-02-15,8733.0,7432.243512814274,False,,,arima_forecast,True,True,completed,0
Austria,enhanced_arima,2024-02-15,ordinary,enhanced_ordinary_arima_p3_d1_q3,2024-02-14T08:00:00+01:00,2024-02-14T07:00:00+00:00,2024-02-14T07:00:00+00:00,2024-02-15 09:00:00+00:00,2024-02-15 10:00:00+00:00,2024-02-15T10:00:00+01:00,2024-02-15,8431.25,7430.484449354742,False,,,arima_forecast,True,True,completed,0
Austria,enhanced_arima,2024-02-15,ordinary,enhanced_ordinary_arima_p3_d1_q3,2024-02-14T08:00:00+01:00,2024-02-14T07:00:00+00:00,2024-02-14T07:00:00+00:00,2024-02-15 10:00:00+00:00,2024-02-15 11:00:00+00:00,2024-02-15T11:00:00+01:00,2024-02-15,8117.5,7429.391154108578,False,,,arima_forecast,True,True,completed,0
Austria,enhanced_arima,2024-02-15,ordinary,enhanced_ordinary_arima_p3_d1_q3,2024-02-14T08:00:00+01:00,2024-02-14T07:00:00+00:00,2024-02-14T07:00:00+00:00,2024-02-15 11:00:00+00:00,2024-02-15 12:00:00+00:00,2024-02-15T12:00:00+01:00,2024-02-15,7709.75,7428.850250096673,False,,,arima_forecast,True,True,completed,0
Austria,enhanced_arima,2024-02-15,ordinary,enhanced_ordinary_arima_p3_d1_q3,2024-02-14T08:00:00+01:00,2024-02-14T07:00:00+00:00,2024-02-14T07:00:00+00:00,2024-02-15 12:00:00+00:00,2024-02-15 13:00:00+00:00,2024-02-15T13:00:00+01:00,2024-02-15,7568.5,7428.720523792607,False,,,arima_forecast,True,True,completed,0
Austria,enhanced_arima,2024-02-15,ordinary,enhanced_ordinary_arima_p3_d1_q3,2024-02-14T08:00:00+01:00,2024-02-14T07:00:00+00:00,2024-02-14T07:00:00+00:00,2024-02-15 13:00:00+00:00,2024-02-15 14:00:00+00:00,2024-02-15T14:00:00+01:00,2024-02-15,7498.75,7428.861729509952,False,,,arima_forecast,True,True,completed,0
Austria,enhanced_arima,2024-02-15,ordinary,enhanced_ordinary_arima_p3_d1_q3,2024-02-14T08:00:00+01:00,2024-02-14T07:00:00+00:00,2024-02-14T07:00:00+00:00,2024-02-15 14:00:00+00:00,2024-02-15 15:00:00+00:00,2024-02-15T15:00:00+01:00,2024-02-15,7634.5,7429.1522745910925,False,,,arima_forecast,True,True,completed,0
Austria,enhanced_arima,2024-02-15,ordinary,enhanced_ordinary_arima_p3_d1_q3,2024-02-14T08:00:00+01:00,2024-02-14T07:00:00+00:00,2024-02-14T07:00:00+00:00,2024-02-15 15:00:00+00:00,2024-02-15 16:00:00+00:00,2024-02-15T16:00:00+01:00,2024-02-15,7994.25,7429.4977528700765,False,,,arima_forecast,True,True,completed,0
Austria,enhanced_arima,2024-02-15,ordinary,enhanced_ordinary_arima_p3_d1_q3,2024-02-14T08:00:00+01:00,2024-02-14T07:00:00+00:00,2024-02-14T07:00:00+00:00,2024-02-15 16:00:00+00:00,2024-02-15 17:00:00+00:00,2024-02-15T17:00:00+01:00,2024-02-15,8497.75,7429.832721052801,False,,,arima_forecast,True,True,completed,0
Austria,enhanced_arima,2024-02-15,ordinary,enhanced_ordinary_arima_p3_d1_q3,2024-02-14T08:00:00+01:00,2024-02-14T07:00:00+00:00,2024-02-14T07:00:00+00:00,2024-02-15 17:00:00+00:00,2024-02-15 18:00:00+00:00,2024-02-15T18:00:00+01:00,2024-02-15,8659.25,7430.118068502213,False,,,arima_forecast,True,True,completed,0
Austria,enhanced_arima,2024-02-15,ordinary,enhanced_ordinary_arima_p3_d1_q3,2024-02-14T08:00:00+01:00,2024-02-14T07:00:00+00:00,2024-02-14T07:00:00+00:00,2024-02-15 18:00:00+00:00,2024-02-15 19:00:00+00:00,2024-02-15T19:00:00+01:00,2024-02-15,8319.25,7430.336001023257,False,,,arima_forecast,True,True,completed,0
Austria,enhanced_arima,2024-02-15,ordinary,enhanced_ordinary_arima_p3_d1_q3,2024-02-14T08:00:00+01:00,2024-02-14T07:00:00+00:00,2024-02-14T07:00:00+00:00,2024-02-15 19:00:00+00:00,2024-02-15 20:00:00+00:00,2024-02-15T20:00:00+01:00,2024-02-15,7817.75,7430.484195146707,False,,,arima_forecast,True,True,completed,0
Austria,enhanced_arima,2024-02-15,ordinary,enhanced_ordinary_arima_p3_d1_q3,2024-02-14T08:00:00+01:00,2024-02-14T07:00:00+00:00,2024-02-14T07:00:00+00:00,2024-02-15 20:00:00+00:00,2024-02-15 21:00:00+00:00,2024-02-15T21:00:00+01:00,2024-02-15,7240.5,7430.570192083295,False,,,arima_forecast,True,True,completed,0
Austria,enhanced_arima,2024-02-15,ordinary,enhanced_ordinary_arima_p3_d1_q3,2024-02-14T08:00:00+01:00,2024-02-14T07:00:00+00:00,2024-02-14T07:00:00+00:00,2024-02-15 21:00:00+00:00,2024-02-15 22:00:00+00:00,2024-02-15T22:00:00+01:00,2024-02-15,7037.75,7430.60666156393,False,,,arima_forecast,True,True,completed,0
Austria,enhanced_arima,2024-02-15,ordinary,enhanced_ordinary_arima_p3_d1_q3,2024-02-14T08:00:00+01:00,2024-02-14T07:00:00+00:00,2024-02-14T07:00:00+00:00,2024-02-15 22:00:00+00:00,2024-02-15 23:00:00+00:00,2024-02-15T23:00:00+01:00,2024-02-15,6525.0,7430.607813243791,False,,,arima_forecast,True,True,completed,0
Austria,enhanced_arima,2024-03-31,ordinary,enhanced_ordinary_arima_p3_d1_q3,2024-03-30T08:00:00+01:00,2024-03-30T07:00:00+00:00,2024-03-30T07:00:00+00:00,2024-03-30 07:00:00+00:00,2024-03-30 08:00:00+00:00,2024-03-30T08:00:00+01:00,2024-03-30,6170.25,6135.920985040216,True,,,arima_forecast,False,False,completed,0
Austria,enhanced_arima,2024-03-31,ordinary,enhanced_ordinary_arima_p3_d1_q3,2024-03-30T08:00:00+01:00,2024-03-30T07:00:00+00:00,2024-03-30T07:00:00+00:00,2024-03-30 08:00:00+00:00,2024-03-30 09:00:00+00:00,2024-03-30T09:00:00+01:00,2024-03-30,6365.5,6356.529330006823,True,,,arima_forecast,False,False,completed,0
Austria,enhanced_arima,2024-03-31,ordinary,enhanced_ordinary_arima_p3_d1_q3,2024-03-30T08:00:00+01:00,2024-03-30T07:00:00+00:00,2024-03-30T07:00:00+00:00,2024-03-30 09:00:00+00:00,2024-03-30 10:00:00+00:00,2024-03-30T10:00:00+01:00,2024-03-30,6271.75,6507.515560543365,True,,,arima_forecast,False,False,completed,0
Austria,enhanced_arima,2024-03-31,ordinary,enhanced_ordinary_arima_p3_d1_q3,2024-03-30T08:00:00+01:00,2024-03-30T07:00:00+00:00,2024-03-30T07:00:00+00:00,2024-03-30 10:00:00+00:00,2024-03-30 11:00:00+00:00,2024-03-30T11:00:00+01:00,2024-03-30,6148.25,6600.071766555677,True,,,arima_forecast,False,False,completed,0
Austria,enhanced_arima,2024-03-31,ordinary,enhanced_ordinary_arima_p3_d1_q3,2024-03-30T08:00:00+01:00,2024-03-30T07:00:00+00:00,2024-03-30T07:00:00+00:00,2024-03-30 11:00:00+00:00,2024-03-30 12:00:00+00:00,2024-03-30T12:00:00+01:00,2024-03-30,5845.0,6645.165055376083,True,,,arima_forecast,False,False,completed,0
Austria,enhanced_arima,2024-03-31,ordinary,enhanced_ordinary_arima_p3_d1_q3,2024-03-30T08:00:00+01:00,2024-03-30T07:00:00+00:00,2024-03-30T07:00:00+00:00,2024-03-30 12:00:00+00:00,2024-03-30 13:00:00+00:00,2024-03-30T13:00:00+01:00,2024-03-30,5542.0,6656.14284210119,True,,,arima_forecast,False,False,completed,0
Austria,enhanced_arima,2024-03-31,ordinary,enhanced_ordinary_arima_p3_d1_q3,2024-03-30T08:00:00+01:00,2024-03-30T07:00:00+00:00,2024-03-30T07:00:00+00:00,2024-03-30 13:00:00+00:00,2024-03-30 14:00:00+00:00,2024-03-30T14:00:00+01:00,2024-03-30,5438.0,6645.316610185314,True,,,arima_forecast,False,False,completed,0
Austria,enhanced_arima,2024-03-31,ordinary,enhanced_ordinary_arima_p3_d1_q3,2024-03-30T08:00:00+01:00,2024-03-30T07:00:00+00:00,2024-03-30T07:00:00+00:00,2024-03-30 14:00:00+00:00,2024-03-30 15:00:00+00:00,2024-03-30T15:00:00+01:00,2024-03-30,5528.25,6622.899731205871,True,,,arima_forecast,False,False,completed,0
Austria,enhanced_arima,2024-03-31,ordinary,enhanced_ordinary_arima_p3_d1_q3,2024-03-30T08:00:00+01:00,2024-03-30T07:00:00+00:00,2024-03-30T07:00:00+00:00,2024-03-30 15:00:00+00:00,2024-03-30 16:00:00+00:00,2024-03-30T16:00:00+01:00,2024-03-30,5818.25,6596.496262259991,True,,,arima_forecast,False,False,completed,0
Austria,enhanced_arima,2024-03-31,ordinary,enhanced_ordinary_arima_p3_d1_q3,2024-03-30T08:00:00+01:00,2024-03-30T07:00:00+00:00,2024-03-30T07:00:00+00:00,2024-03-30 16:00:00+00:00,2024-03-30 17:00:00+00:00,2024-03-30T17:00:00+01:00,2024-03-30,6291.75,6571.1642391315345,True,,,arima_forecast,False,False,completed,0
Austria,enhanced_arima,2024-03-31,ordinary,enhanced_ordinary_arima_p3_d1_q3,2024-03-30T08:00:00+01:00,2024-03-30T07:00:00+00:00,2024-03-30T07:00:00+00:00,2024-03-30 17:00:00+00:00,2024-03-30 18:00:00+00:00,2024-03-30T18:00:00+01:00,2024-03-30,6487.25,6549.781149877466,True,,,arima_forecast,False,False,completed,0
Austria,enhanced_arima,2024-03-31,ordinary,enhanced_ordinary_arima_p3_d1_q3,2024-03-30T08:00:00+01:00,2024-03-30T07:00:00+00:00,2024-03-30T07:00:00+00:00,2024-03-30 18:00:00+00:00,2024-03-30 19:00:00+00:00,2024-03-30T19:00:00+01:00,2024-03-30,6389.25,6533.547761904969,True,,,arima_forecast,False,False,completed,0
Austria,enhanced_arima,2024-03-31,ordinary,enhanced_ordinary_arima_p3_d1_q3,2024-03-30T08:00:00+01:00,2024-03-30T07:00:00+00:00,2024-03-30T07:00:00+00:00,2024-03-30 19:00:00+00:00,2024-03-30 20:00:00+00:00,2024-03-30T20:00:00+01:00,2024-03-30,6125.0,6522.507611910687,True,,,arima_forecast,False,False,completed,0
Austria,enhanced_arima,2024-03-31,ordinary,enhanced_ordinary_arima_p3_d1_q3,2024-03-30T08:00:00+01:00,2024-03-30T07:00:00+00:00,2024-03-30T07:00:00+00:00,2024-03-30 20:00:00+00:00,2024-03-30 21:00:00+00:00,2024-03-30T21:00:00+01:00,2024-03-30,5756.75,6516.008156247933,True,,,arima_forecast,False,False,completed,0
Austria,enhanced_arima,2024-03-31,ordinary,enhanced_ordinary_arima_p3_d1_q3,2024-03-30T08:00:00+01:00,2024-03-30T07:00:00+00:00,2024-03-30T07:00:00+00:00,2024-03-30 21:00:00+00:00,2024-03-30 22:00:00+00:00,2024-03-30T22:00:00+01:00,2024-03-30,5651.0,6513.066830870544,True,,,arima_forecast,False,False,completed,0
Austria,enhanced_arima,2024-03-31,ordinary,enhanced_ordinary_arima_p3_d1_q3,2024-03-30T08:00:00+01:00,2024-03-30T07:00:00+00:00,2024-03-30T07:00:00+00:00,2024-03-30 22:00:00+00:00,2024-03-30 23:00:00+00:00,2024-03-30T23:00:00+01:00,2024-03-30,5260.75,6512.632559854094,True,,,arima_forecast,False,False,completed,0
Austria,enhanced_arima,2024-03-31,ordinary,enhanced_ordinary_arima_p3_d1_q3,2024-03-30T08:00:00+01:00,2024-03-30T07:00:00+00:00,2024-03-30T07:00:00+00:00,2024-03-30 23:00:00+00:00,2024-03-31 00:00:00+00:00,2024-03-31T00:00:00+01:00,2024-03-31,4921.25,6513.750720915825,False,,,arima_forecast,True,True,completed,0
Austria,enhanced_arima,2024-03-31,ordinary,enhanced_ordinary_arima_p3_d1_q3,2024-03-30T08:00:00+01:00,2024-03-30T07:00:00+00:00,2024-03-30T07:00:00+00:00,2024-03-31 00:00:00+00:00,2024-03-31 01:00:00+00:00,2024-03-31T01:00:00+01:00,2024-03-31,4636.75,6515.648960763402,False,,,arima_forecast,True,True,completed,0
Austria,enhanced_arima,2024-03-31,ordinary,enhanced_ordinary_arima_p3_d1_q3,2024-03-30T08:00:00+01:00,2024-03-30T07:00:00+00:00,2024-03-30T07:00:00+00:00,2024-03-31 01:00:00+00:00,2024-03-31 02:00:00+00:00,2024-03-31T03:00:00+02:00,2024-03-31,4463.0,6517.764577785429,False,,,arima_forecast,True,True,completed,0
Austria,enhanced_arima,2024-03-31,ordinary,enhanced_ordinary_arima_p3_d1_q3,2024-03-30T08:00:00+01:00,2024-03-30T07:00:00+00:00,2024-03-30T07:00:00+00:00,2024-03-31 02:00:00+00:00,2024-03-31 03:00:00+00:00,2024-03-31T04:00:00+02:00,2024-03-31,4502.0,6519.73346653234,False,,,arima_forecast,True,True,completed,0
Austria,enhanced_arima,2024-03-31,ordinary,enhanced_ordinary_arima_p3_d1_q3,2024-03-30T08:00:00+01:00,2024-03-30T07:00:00+00:00,2024-03-30T07:00:00+00:00,2024-03-31 03:00:00+00:00,2024-03-31 04:00:00+00:00,2024-03-31T05:00:00+02:00,2024-03-31,4592.75,6521.35757465275,False,,,arima_forecast,True,True,completed,0
Austria,enhanced_arima,2024-03-31,ordinary,enhanced_ordinary_arima_p3_d1_q3,2024-03-30T08:00:00+01:00,2024-03-30T07:00:00+00:00,2024-03-30T07:00:00+00:00,2024-03-31 04:00:00+00:00,2024-03-31 05:00:00+00:00,2024-03-31T06:00:00+02:00,2024-03-31,4793.5,6522.5637923828635,False,,,arima_forecast,True,True,completed,0
Austria,enhanced_arima,2024-03-31,ordinary,enhanced_ordinary_arima_p3_d1_q3,2024-03-30T08:00:00+01:00,2024-03-30T07:00:00+00:00,2024-03-30T07:00:00+00:00,2024-03-31 05:00:00+00:00,2024-03-31 06:00:00+00:00,2024-03-31T07:00:00+02:00,2024-03-31,5071.0,6523.363102009578,False,,,arima_forecast,True,True,completed,0
Austria,enhanced_arima,2024-03-31,ordinary,enhanced_ordinary_arima_p3_d1_q3,2024-03-30T08:00:00+01:00,2024-03-30T07:00:00+00:00,2024-03-30T07:00:00+00:00,2024-03-31 06:00:00+00:00,2024-03-31 07:00:00+00:00,2024-03-31T08:00:00+02:00,2024-03-31,5332.25,6523.815219724045,False,,,arima_forecast,True,True,completed,0
Austria,enhanced_arima,2024-03-31,ordinary,enhanced_ordinary_arima_p3_d1_q3,2024-03-30T08:00:00+01:00,2024-03-30T07:00:00+00:00,2024-03-30T07:00:00+00:00,2024-03-31 07:00:00+00:00,2024-03-31 08:00:00+00:00,2024-03-31T09:00:00+02:00,2024-03-31,5437.25,6524.001133888819,False,,,arima_forecast,True,True,completed,0
Austria,enhanced_arima,2024-03-31,ordinary,enhanced_ordinary_arima_p3_d1_q3,2024-03-30T08:00:00+01:00,2024-03-30T07:00:00+00:00,2024-03-30T07:00:00+00:00,2024-03-31 08:00:00+00:00,2024-03-31 09:00:00+00:00,2024-03-31T10:00:00+02:00,2024-03-31,5408.25,6524.0039422445025,False,,,arima_forecast,True,True,completed,0
Austria,enhanced_arima,2024-03-31,ordinary,enhanced_ordinary_arima_p3_d1_q3,2024-03-30T08:00:00+01:00,2024-03-30T07:00:00+00:00,2024-03-30T07:00:00+00:00,2024-03-31 09:00:00+00:00,2024-03-31 10:00:00+00:00,2024-03-31T11:00:00+02:00,2024-03-31,5485.0,6523.897143909473,False,,,arima_forecast,True,True,completed,0
Austria,enhanced_arima,2024-03-31,ordinary,enhanced_ordinary_arima_p3_d1_q3,2024-03-30T08:00:00+01:00,2024-03-30T07:00:00+00:00,2024-03-30T07:00:00+00:00,2024-03-31 10:00:00+00:00,2024-03-31 11:00:00+00:00,2024-03-31T12:00:00+02:00,2024-03-31,5190.5,6523.738908560716,False,,,arima_forecast,True,True,completed,0
Austria,enhanced_arima,2024-03-31,ordinary,enhanced_ordinary_arima_p3_d1_q3,2024-03-30T08:00:00+01:00,2024-03-30T07:00:00+00:00,2024-03-30T07:00:00+00:00,2024-03-31 11:00:00+00:00,2024-03-31 12:00:00+00:00,2024-03-31T13:00:00+02:00,2024-03-31,4962.25,6523.570660318337,False,,,arima_forecast,True,True,completed,0
Austria,enhanced_arima,2024-03-31,ordinary,enhanced_ordinary_arima_p3_d1_q3,2024-03-30T08:00:00+01:00,2024-03-30T07:00:00+00:00,2024-03-30T07:00:00+00:00,2024-03-31 12:00:00+00:00,2024-03-31 13:00:00+00:00,2024-03-31T14:00:00+02:00,2024-03-31,4844.0,6523.4184207763565,False,,,arima_forecast,True,True,completed,0
Austria,enhanced_arima,2024-03-31,ordinary,enhanced_ordinary_arima_p3_d1_q3,2024-03-30T08:00:00+01:00,2024-03-30T07:00:00+00:00,2024-03-30T07:00:00+00:00,2024-03-31 13:00:00+00:00,2024-03-31 14:00:00+00:00,2024-03-31T15:00:00+02:00,2024-03-31,4883.5,6523.295622650178,False,,,arima_forecast,True,True,completed,0
Austria,enhanced_arima,2024-03-31,ordinary,enhanced_ordinary_arima_p3_d1_q3,2024-03-30T08:00:00+01:00,2024-03-30T07:00:00+00:00,2024-03-30T07:00:00+00:00,2024-03-31 14:00:00+00:00,2024-03-31 15:00:00+00:00,2024-03-31T16:00:00+02:00,2024-03-31,5057.25,6523.206433169982,False,,,arima_forecast,True,True,completed,0
Austria,enhanced_arima,2024-03-31,ordinary,enhanced_ordinary_arima_p3_d1_q3,2024-03-30T08:00:00+01:00,2024-03-30T07:00:00+00:00,2024-03-30T07:00:00+00:00,2024-03-31 15:00:00+00:00,2024-03-31 16:00:00+00:00,2024-03-31T17:00:00+02:00,2024-03-31,5418.75,6523.148947370199,False,,,arima_forecast,True,True,completed,0
Austria,enhanced_arima,2024-03-31,ordinary,enhanced_ordinary_arima_p3_d1_q3,2024-03-30T08:00:00+01:00,2024-03-30T07:00:00+00:00,2024-03-30T07:00:00+00:00,2024-03-31 16:00:00+00:00,2024-03-31 17:00:00+00:00,2024-03-31T18:00:00+02:00,2024-03-31,5862.5,6523.117886543324,False,,,arima_forecast,True,True,completed,0
Austria,enhanced_arima,2024-03-31,ordinary,enhanced_ordinary_arima_p3_d1_q3,2024-03-30T08:00:00+01:00,2024-03-30T07:00:00+00:00,2024-03-30T07:00:00+00:00,2024-03-31 17:00:00+00:00,2024-03-31 18:00:00+00:00,2024-03-31T19:00:00+02:00,2024-03-31,5970.5,6523.106648913747,False,,,arima_forecast,True,True,completed,0
Austria,enhanced_arima,2024-03-31,ordinary,enhanced_ordinary_arima_p3_d1_q3,2024-03-30T08:00:00+01:00,2024-03-30T07:00:00+00:00,2024-03-30T07:00:00+00:00,2024-03-31 18:00:00+00:00,2024-03-31 19:00:00+00:00,2024-03-31T20:00:00+02:00,2024-03-31,5882.5,6523.108705921109,False,,,arima_forecast,True,True,completed,0
Austria,enhanced_arima,2024-03-31,ordinary,enhanced_ordinary_arima_p3_d1_q3,2024-03-30T08:00:00+01:00,2024-03-30T07:00:00+00:00,2024-03-30T07:00:00+00:00,2024-03-31 19:00:00+00:00,2024-03-31 20:00:00+00:00,2024-03-31T21:00:00+02:00,2024-03-31,5562.25,6523.11842566824,False,,,arima_forecast,True,True,completed,0
Austria,enhanced_arima,2024-03-31,ordinary,enhanced_ordinary_arima_p3_d1_q3,2024-03-30T08:00:00+01:00,2024-03-30T07:00:00+00:00,2024-03-30T07:00:00+00:00,2024-03-31 20:00:00+00:00,2024-03-31 21:00:00+00:00,2024-03-31T22:00:00+02:00,2024-03-31,5555.75,6523.131447032245,False,,,arima_forecast,True,True,completed,0
Austria,enhanced_arima,2024-03-31,ordinary,enhanced_ordinary_arima_p3_d1_q3,2024-03-30T08:00:00+01:00,2024-03-30T07:00:00+00:00,2024-03-30T07:00:00+00:00,2024-03-31 21:00:00+00:00,2024-03-31 22:00:00+00:00,2024-03-31T23:00:00+02:00,2024-03-31,5194.5,6523.144736824876,False,,,arima_forecast,True,True,completed,0
Austria,enhanced_arima,2024-07-25,ordinary,enhanced_ordinary_arima_p3_d1_q3,2024-07-24T08:00:00+02:00,2024-07-24T06:00:00+00:00,2024-07-24T06:00:00+00:00,2024-07-24 06:00:00+00:00,2024-07-24 07:00:00+00:00,2024-07-24T08:00:00+02:00,2024-07-24,7358.0,7342.156304930234,True,,,arima_forecast,False,False,completed,0
Austria,enhanced_arima,2024-07-25,ordinary,enhanced_ordinary_arima_p3_d1_q3,2024-07-24T08:00:00+02:00,2024-07-24T06:00:00+00:00,2024-07-24T06:00:00+00:00,2024-07-24 07:00:00+00:00,2024-07-24 08:00:00+00:00,2024-07-24T09:00:00+02:00,2024-07-24,7380.25,7283.268154858663,True,,,arima_forecast,False,False,completed,0
Austria,enhanced_arima,2024-07-25,ordinary,enhanced_ordinary_arima_p3_d1_q3,2024-07-24T08:00:00+02:00,2024-07-24T06:00:00+00:00,2024-07-24T06:00:00+00:00,2024-07-24 08:00:00+00:00,2024-07-24 09:00:00+00:00,2024-07-24T10:00:00+02:00,2024-07-24,7396.5,7146.589485730145,True,,,arima_forecast,False,False,completed,0
Austria,enhanced_arima,2024-07-25,ordinary,enhanced_ordinary_arima_p3_d1_q3,2024-07-24T08:00:00+02:00,2024-07-24T06:00:00+00:00,2024-07-24T06:00:00+00:00,2024-07-24 09:00:00+00:00,2024-07-24 10:00:00+00:00,2024-07-24T11:00:00+02:00,2024-07-24,7398.75,6953.6662743550005,True,,,arima_forecast,False,False,completed,0
Austria,enhanced_arima,2024-07-25,ordinary,enhanced_ordinary_arima_p3_d1_q3,2024-07-24T08:00:00+02:00,2024-07-24T06:00:00+00:00,2024-07-24T06:00:00+00:00,2024-07-24 10:00:00+00:00,2024-07-24 11:00:00+00:00,2024-07-24T12:00:00+02:00,2024-07-24,7162.5,6756.870646423295,True,,,arima_forecast,False,False,completed,0
Austria,enhanced_arima,2024-07-25,ordinary,enhanced_ordinary_arima_p3_d1_q3,2024-07-24T08:00:00+02:00,2024-07-24T06:00:00+00:00,2024-07-24T06:00:00+00:00,2024-07-24 11:00:00+00:00,2024-07-24 12:00:00+00:00,2024-07-24T13:00:00+02:00,2024-07-24,6750.75,6582.168243873104,True,,,arima_forecast,False,False,completed,0
Austria,enhanced_arima,2024-07-25,ordinary,enhanced_ordinary_arima_p3_d1_q3,2024-07-24T08:00:00+02:00,2024-07-24T06:00:00+00:00,2024-07-24T06:00:00+00:00,2024-07-24 12:00:00+00:00,2024-07-24 13:00:00+00:00,2024-07-24T14:00:00+02:00,2024-07-24,6624.5,6444.304216708367,True,,,arima_forecast,False,False,completed,0
Austria,enhanced_arima,2024-07-25,ordinary,enhanced_ordinary_arima_p3_d1_q3,2024-07-24T08:00:00+02:00,2024-07-24T06:00:00+00:00,2024-07-24T06:00:00+00:00,2024-07-24 13:00:00+00:00,2024-07-24 14:00:00+00:00,2024-07-24T15:00:00+02:00,2024-07-24,6461.0,6347.252548480362,True,,,arima_forecast,False,False,completed,0
Austria,enhanced_arima,2024-07-25,ordinary,enhanced_ordinary_arima_p3_d1_q3,2024-07-24T08:00:00+02:00,2024-07-24T06:00:00+00:00,2024-07-24T06:00:00+00:00,2024-07-24 14:00:00+00:00,2024-07-24 15:00:00+00:00,2024-07-24T16:00:00+02:00,2024-07-24,6416.5,6288.209357930329,True,,,arima_forecast,False,False,completed,0
Austria,enhanced_arima,2024-07-25,ordinary,enhanced_ordinary_arima_p3_d1_q3,2024-07-24T08:00:00+02:00,2024-07-24T06:00:00+00:00,2024-07-24T06:00:00+00:00,2024-07-24 15:00:00+00:00,2024-07-24 16:00:00+00:00,2024-07-24T17:00:00+02:00,2024-07-24,6571.25,6260.445338462482,True,,,arima_forecast,False,False,completed,0
Austria,enhanced_arima,2024-07-25,ordinary,enhanced_ordinary_arima_p3_d1_q3,2024-07-24T08:00:00+02:00,2024-07-24T06:00:00+00:00,2024-07-24T06:00:00+00:00,2024-07-24 16:00:00+00:00,2024-07-24 17:00:00+00:00,2024-07-24T18:00:00+02:00,2024-07-24,6759.75,6255.6997955993875,True,,,arima_forecast,False,False,completed,0
Austria,enhanced_arima,2024-07-25,ordinary,enhanced_ordinary_arima_p3_d1_q3,2024-07-24T08:00:00+02:00,2024-07-24T06:00:00+00:00,2024-07-24T06:00:00+00:00,2024-07-24 17:00:00+00:00,2024-07-24 18:00:00+00:00,2024-07-24T19:00:00+02:00,2024-07-24,6938.0,6265.839801809378,True,,,arima_forecast,False,False,completed,0
Austria,enhanced_arima,2024-07-25,ordinary,enhanced_ordinary_arima_p3_d1_q3,2024-07-24T08:00:00+02:00,2024-07-24T06:00:00+00:00,2024-07-24T06:00:00+00:00,2024-07-24 18:00:00+00:00,2024-07-24 19:00:00+00:00,2024-07-24T20:00:00+02:00,2024-07-24,6814.5,6283.87714765427,True,,,arima_forecast,False,False,completed,0
Austria,enhanced_arima,2024-07-25,ordinary,enhanced_ordinary_arima_p3_d1_q3,2024-07-24T08:00:00+02:00,2024-07-24T06:00:00+00:00,2024-07-24T06:00:00+00:00,2024-07-24 19:00:00+00:00,2024-07-24 20:00:00+00:00,2024-07-24T21:00:00+02:00,2024-07-24,6585.0,6304.447494917987,True,,,arima_forecast,False,False,completed,0
Austria,enhanced_arima,2024-07-25,ordinary,enhanced_ordinary_arima_p3_d1_q3,2024-07-24T08:00:00+02:00,2024-07-24T06:00:00+00:00,2024-07-24T06:00:00+00:00,2024-07-24 20:00:00+00:00,2024-07-24 21:00:00+00:00,2024-07-24T22:00:00+02:00,2024-07-24,6239.25,6323.895022114151,True,,,arima_forecast,False,False,completed,0
Austria,enhanced_arima,2024-07-25,ordinary,enhanced_ordinary_arima_p3_d1_q3,2024-07-24T08:00:00+02:00,2024-07-24T06:00:00+00:00,2024-07-24T06:00:00+00:00,2024-07-24 21:00:00+00:00,2024-07-24 22:00:00+00:00,2024-07-24T23:00:00+02:00,2024-07-24,5699.0,6340.10118648468,True,,,arima_forecast,False,False,completed,0
Austria,enhanced_arima,2024-07-25,ordinary,enhanced_ordinary_arima_p3_d1_q3,2024-07-24T08:00:00+02:00,2024-07-24T06:00:00+00:00,2024-07-24T06:00:00+00:00,2024-07-24 22:00:00+00:00,2024-07-24 23:00:00+00:00,2024-07-25T00:00:00+02:00,2024-07-25,5389.75,6352.177401495416,False,,,arima_forecast,True,True,completed,0
Austria,enhanced_arima,2024-07-25,ordinary,enhanced_ordinary_arima_p3_d1_q3,2024-07-24T08:00:00+02:00,2024-07-24T06:00:00+00:00,2024-07-24T06:00:00+00:00,2024-07-24 23:00:00+00:00,2024-07-25 00:00:00+00:00,2024-07-25T01:00:00+02:00,2024-07-25,5075.25,6360.113593298,False,,,arima_forecast,True,True,completed,0
Austria,enhanced_arima,2024-07-25,ordinary,enhanced_ordinary_arima_p3_d1_q3,2024-07-24T08:00:00+02:00,2024-07-24T06:00:00+00:00,2024-07-24T06:00:00+00:00,2024-07-25 00:00:00+00:00,2024-07-25 01:00:00+00:00,2024-07-25T02:00:00+02:00,2024-07-25,4961.5,6364.445420564513,False,,,arima_forecast,True,True,completed,0
Austria,enhanced_arima,2024-07-25,ordinary,enhanced_ordinary_arima_p3_d1_q3,2024-07-24T08:00:00+02:00,2024-07-24T06:00:00+00:00,2024-07-24T06:00:00+00:00,2024-07-25 01:00:00+00:00,2024-07-25 02:00:00+00:00,2024-07-25T03:00:00+02:00,2024-07-25,4857.0,6365.97661792438,False,,,arima_forecast,True,True,completed,0
Austria,enhanced_arima,2024-07-25,ordinary,enhanced_ordinary_arima_p3_d1_q3,2024-07-24T08:00:00+02:00,2024-07-24T06:00:00+00:00,2024-07-24T06:00:00+00:00,2024-07-25 02:00:00+00:00,2024-07-25 03:00:00+00:00,2024-07-25T04:00:00+02:00,2024-07-25,4957.25,6365.571843029731,False,,,arima_forecast,True,True,completed,0
Austria,enhanced_arima,2024-07-25,ordinary,enhanced_ordinary_arima_p3_d1_q3,2024-07-24T08:00:00+02:00,2024-07-24T06:00:00+00:00,2024-07-24T06:00:00+00:00,2024-07-25 03:00:00+00:00,2024-07-25 04:00:00+00:00,2024-07-25T05:00:00+02:00,2024-07-25,5464.5,6364.020329577213,False,,,arima_forecast,True,True,completed,0
Austria,enhanced_arima,2024-07-25,ordinary,enhanced_ordinary_arima_p3_d1_q3,2024-07-24T08:00:00+02:00,2024-07-24T06:00:00+00:00,2024-07-24T06:00:00+00:00,2024-07-25 04:00:00+00:00,2024-07-25 05:00:00+00:00,2024-07-25T06:00:00+02:00,2024-07-25,6251.0,6361.961265658136,False,,,arima_forecast,True,True,completed,0
Austria,enhanced_arima,2024-07-25,ordinary,enhanced_ordinary_arima_p3_d1_q3,2024-07-24T08:00:00+02:00,2024-07-24T06:00:00+00:00,2024-07-24T06:00:00+00:00,2024-07-25 05:00:00+00:00,2024-07-25 06:00:00+00:00,2024-07-25T07:00:00+02:00,2024-07-25,6757.0,6359.85719073314,False,,,arima_forecast,True,True,completed,0
Austria,enhanced_arima,2024-07-25,ordinary,enhanced_ordinary_arima_p3_d1_q3,2024-07-24T08:00:00+02:00,2024-07-24T06:00:00+00:00,2024-07-24T06:00:00+00:00,2024-07-25 06:00:00+00:00,2024-07-25 07:00:00+00:00,2024-07-25T08:00:00+02:00,2024-07-25,6981.75,6358.000631879668,False,,,arima_forecast,True,True,completed,0
Austria,enhanced_arima,2024-07-25,ordinary,enhanced_ordinary_arima_p3_d1_q3,2024-07-24T08:00:00+02:00,2024-07-24T06:00:00+00:00,2024-07-24T06:00:00+00:00,2024-07-25 07:00:00+00:00,2024-07-25 08:00:00+00:00,2024-07-25T09:00:00+02:00,2024-07-25,6944.0,6356.540469757058,False,,,arima_forecast,True,True,completed,0
Austria,enhanced_arima,2024-07-25,ordinary,enhanced_ordinary_arima_p3_d1_q3,2024-07-24T08:00:00+02:00,2024-07-24T06:00:00+00:00,2024-07-24T06:00:00+00:00,2024-07-25 08:00:00+00:00,2024-07-25 09:00:00+00:00,2024-07-25T10:00:00+02:00,2024-07-25,7023.75,6355.517079937409,False,,,arima_forecast,True,True,completed,0
Austria,enhanced_arima,2024-07-25,ordinary,enhanced_ordinary_arima_p3_d1_q3,2024-07-24T08:00:00+02:00,2024-07-24T06:00:00+00:00,2024-07-24T06:00:00+00:00,2024-07-25 09:00:00+00:00,2024-07-25 10:00:00+00:00,2024-07-25T11:00:00+02:00,2024-07-25,7090.5,6354.898312559858,False,,,arima_forecast,True,True,completed,0
Austria,enhanced_arima,2024-07-25,ordinary,enhanced_ordinary_arima_p3_d1_q3,2024-07-24T08:00:00+02:00,2024-07-24T06:00:00+00:00,2024-07-24T06:00:00+00:00,2024-07-25 10:00:00+00:00,2024-07-25 11:00:00+00:00,2024-07-25T12:00:00+02:00,2024-07-25,6808.0,6354.611281996774,False,,,arima_forecast,True,True,completed,0
Austria,enhanced_arima,2024-07-25,ordinary,enhanced_ordinary_arima_p3_d1_q3,2024-07-24T08:00:00+02:00,2024-07-24T06:00:00+00:00,2024-07-24T06:00:00+00:00,2024-07-25 11:00:00+00:00,2024-07-25 12:00:00+00:00,2024-07-25T13:00:00+02:00,2024-07-25,6669.25,6354.5673989315865,False,,,arima_forecast,True,True,completed,0
Austria,enhanced_arima,2024-07-25,ordinary,enhanced_ordinary_arima_p3_d1_q3,2024-07-24T08:00:00+02:00,2024-07-24T06:00:00+00:00,2024-07-24T06:00:00+00:00,2024-07-25 12:00:00+00:00,2024-07-25 13:00:00+00:00,2024-07-25T14:00:00+02:00,2024-07-25,6425.5,6354.679938231072,False,,,arima_forecast,True,True,completed,0
Austria,enhanced_arima,2024-07-25,ordinary,enhanced_ordinary_arima_p3_d1_q3,2024-07-24T08:00:00+02:00,2024-07-24T06:00:00+00:00,2024-07-24T06:00:00+00:00,2024-07-25 13:00:00+00:00,2024-07-25 14:00:00+00:00,2024-07-25T15:00:00+02:00,2024-07-25,6289.5,6354.874681736523,False,,,arima_forecast,True,True,completed,0
Austria,enhanced_arima,2024-07-25,ordinary,enhanced_ordinary_arima_p3_d1_q3,2024-07-24T08:00:00+02:00,2024-07-24T06:00:00+00:00,2024-07-24T06:00:00+00:00,2024-07-25 14:00:00+00:00,2024-07-25 15:00:00+00:00,2024-07-25T16:00:00+02:00,2024-07-25,6222.25,6355.094876515803,False,,,arima_forecast,True,True,completed,0
Austria,enhanced_arima,2024-07-25,ordinary,enhanced_ordinary_arima_p3_d1_q3,2024-07-24T08:00:00+02:00,2024-07-24T06:00:00+00:00,2024-07-24T06:00:00+00:00,2024-07-25 15:00:00+00:00,2024-07-25 16:00:00+00:00,2024-07-25T17:00:00+02:00,2024-07-25,6340.5,6355.302021407687,False,,,arima_forecast,True,True,completed,0
Austria,enhanced_arima,2024-07-25,ordinary,enhanced_ordinary_arima_p3_d1_q3,2024-07-24T08:00:00+02:00,2024-07-24T06:00:00+00:00,2024-07-24T06:00:00+00:00,2024-07-25 16:00:00+00:00,2024-07-25 17:00:00+00:00,2024-07-25T18:00:00+02:00,2024-07-25,6696.5,6355.473965407926,False,,,arima_forecast,True,True,completed,0
Austria,enhanced_arima,2024-07-25,ordinary,enhanced_ordinary_arima_p3_d1_q3,2024-07-24T08:00:00+02:00,2024-07-24T06:00:00+00:00,2024-07-24T06:00:00+00:00,2024-07-25 17:00:00+00:00,2024-07-25 18:00:00+00:00,2024-07-25T19:00:00+02:00,2024-07-25,6868.25,6355.601589113755,False,,,arima_forecast,True,True,completed,0
Austria,enhanced_arima,2024-07-25,ordinary,enhanced_ordinary_arima_p3_d1_q3,2024-07-24T08:00:00+02:00,2024-07-24T06:00:00+00:00,2024-07-24T06:00:00+00:00,2024-07-25 18:00:00+00:00,2024-07-25 19:00:00+00:00,2024-07-25T20:00:00+02:00,2024-07-25,6719.5,6355.685042467299,False,,,arima_forecast,True,True,completed,0
Austria,enhanced_arima,2024-07-25,ordinary,enhanced_ordinary_arima_p3_d1_q3,2024-07-24T08:00:00+02:00,2024-07-24T06:00:00+00:00,2024-07-24T06:00:00+00:00,2024-07-25 19:00:00+00:00,2024-07-25 20:00:00+00:00,2024-07-25T21:00:00+02:00,2024-07-25,6436.25,6355.730199991947,False,,,arima_forecast,True,True,completed,0
Austria,enhanced_arima,2024-07-25,ordinary,enhanced_ordinary_arima_p3_d1_q3,2024-07-24T08:00:00+02:00,2024-07-24T06:00:00+00:00,2024-07-24T06:00:00+00:00,2024-07-25 20:00:00+00:00,2024-07-25 21:00:00+00:00,2024-07-25T22:00:00+02:00,2024-07-25,6107.0,6355.745714794888,False,,,arima_forecast,True,True,completed,0
Austria,enhanced_arima,2024-07-25,ordinary,enhanced_ordinary_arima_p3_d1_q3,2024-07-24T08:00:00+02:00,2024-07-24T06:00:00+00:00,2024-07-24T06:00:00+00:00,2024-07-25 21:00:00+00:00,2024-07-25 22:00:00+00:00,2024-07-25T23:00:00+02:00,2024-07-25,5587.25,6355.740829236107,False,,,arima_forecast,True,True,completed,0
Austria,enhanced_arima,2024-11-03,ordinary,enhanced_ordinary_arima_p3_d1_q3,2024-11-02T08:00:00+01:00,2024-11-02T07:00:00+00:00,2024-11-02T07:00:00+00:00,2024-11-02 07:00:00+00:00,2024-11-02 08:00:00+00:00,2024-11-02T08:00:00+01:00,2024-11-02,6101.75,6037.331489254143,True,,,arima_forecast,False,False,completed,0
Austria,enhanced_arima,2024-11-03,ordinary,enhanced_ordinary_arima_p3_d1_q3,2024-11-02T08:00:00+01:00,2024-11-02T07:00:00+00:00,2024-11-02T07:00:00+00:00,2024-11-02 08:00:00+00:00,2024-11-02 09:00:00+00:00,2024-11-02T09:00:00+01:00,2024-11-02,6211.5,6130.5393536236625,True,,,arima_forecast,False,False,completed,0
Austria,enhanced_arima,2024-11-03,ordinary,enhanced_ordinary_arima_p3_d1_q3,2024-11-02T08:00:00+01:00,2024-11-02T07:00:00+00:00,2024-11-02T07:00:00+00:00,2024-11-02 09:00:00+00:00,2024-11-02 10:00:00+00:00,2024-11-02T10:00:00+01:00,2024-11-02,6261.5,6224.131195486896,True,,,arima_forecast,False,False,completed,0
Austria,enhanced_arima,2024-11-03,ordinary,enhanced_ordinary_arima_p3_d1_q3,2024-11-02T08:00:00+01:00,2024-11-02T07:00:00+00:00,2024-11-02T07:00:00+00:00,2024-11-02 10:00:00+00:00,2024-11-02 11:00:00+00:00,2024-11-02T11:00:00+01:00,2024-11-02,6334.5,6293.9530941221155,True,,,arima_forecast,False,False,completed,0
Austria,enhanced_arima,2024-11-03,ordinary,enhanced_ordinary_arima_p3_d1_q3,2024-11-02T08:00:00+01:00,2024-11-02T07:00:00+00:00,2024-11-02T07:00:00+00:00,2024-11-02 11:00:00+00:00,2024-11-02 12:00:00+00:00,2024-11-02T12:00:00+01:00,2024-11-02,6150.75,6343.924263746187,True,,,arima_forecast,False,False,completed,0
Austria,enhanced_arima,2024-11-03,ordinary,enhanced_ordinary_arima_p3_d1_q3,2024-11-02T08:00:00+01:00,2024-11-02T07:00:00+00:00,2024-11-02T07:00:00+00:00,2024-11-02 12:00:00+00:00,2024-11-02 13:00:00+00:00,2024-11-02T13:00:00+01:00,2024-11-02,5969.5,6375.601091847931,True,,,arima_forecast,False,False,completed,0
Austria,enhanced_arima,2024-11-03,ordinary,enhanced_ordinary_arima_p3_d1_q3,2024-11-02T08:00:00+01:00,2024-11-02T07:00:00+00:00,2024-11-02T07:00:00+00:00,2024-11-02 13:00:00+00:00,2024-11-02 14:00:00+00:00,2024-11-02T14:00:00+01:00,2024-11-02,5911.5,6392.6709306970915,True,,,arima_forecast,False,False,completed,0
Austria,enhanced_arima,2024-11-03,ordinary,enhanced_ordinary_arima_p3_d1_q3,2024-11-02T08:00:00+01:00,2024-11-02T07:00:00+00:00,2024-11-02T07:00:00+00:00,2024-11-02 14:00:00+00:00,2024-11-02 15:00:00+00:00,2024-11-02T15:00:00+01:00,2024-11-02,6113.5,6398.933555972296,True,,,arima_forecast,False,False,completed,0
Austria,enhanced_arima,2024-11-03,ordinary,enhanced_ordinary_arima_p3_d1_q3,2024-11-02T08:00:00+01:00,2024-11-02T07:00:00+00:00,2024-11-02T07:00:00+00:00,2024-11-02 15:00:00+00:00,2024-11-02 16:00:00+00:00,2024-11-02T16:00:00+01:00,2024-11-02,6520.25,6397.961053386151,True,,,arima_forecast,False,False,completed,0
Austria,enhanced_arima,2024-11-03,ordinary,enhanced_ordinary_arima_p3_d1_q3,2024-11-02T08:00:00+01:00,2024-11-02T07:00:00+00:00,2024-11-02T07:00:00+00:00,2024-11-02 16:00:00+00:00,2024-11-02 17:00:00+00:00,2024-11-02T17:00:00+01:00,2024-11-02,6938.5,6392.743018781643,True,,,arima_forecast,False,False,completed,0
Austria,enhanced_arima,2024-11-03,ordinary,enhanced_ordinary_arima_p3_d1_q3,2024-11-02T08:00:00+01:00,2024-11-02T07:00:00+00:00,2024-11-02T07:00:00+00:00,2024-11-02 17:00:00+00:00,2024-11-02 18:00:00+00:00,2024-11-02T18:00:00+01:00,2024-11-02,6754.75,6385.57573413516,True,,,arima_forecast,False,False,completed,0
Austria,enhanced_arima,2024-11-03,ordinary,enhanced_ordinary_arima_p3_d1_q3,2024-11-02T08:00:00+01:00,2024-11-02T07:00:00+00:00,2024-11-02T07:00:00+00:00,2024-11-02 18:00:00+00:00,2024-11-02 19:00:00+00:00,2024-11-02T19:00:00+01:00,2024-11-02,6411.75,6378.069223112236,True,,,arima_forecast,False,False,completed,0
Austria,enhanced_arima,2024-11-03,ordinary,enhanced_ordinary_arima_p3_d1_q3,2024-11-02T08:00:00+01:00,2024-11-02T07:00:00+00:00,2024-11-02T07:00:00+00:00,2024-11-02 19:00:00+00:00,2024-11-02 20:00:00+00:00,2024-11-02T20:00:00+01:00,2024-11-02,6041.25,6371.232824120641,True,,,arima_forecast,False,False,completed,0
Austria,enhanced_arima,2024-11-03,ordinary,enhanced_ordinary_arima_p3_d1_q3,2024-11-02T08:00:00+01:00,2024-11-02T07:00:00+00:00,2024-11-02T07:00:00+00:00,2024-11-02 20:00:00+00:00,2024-11-02 21:00:00+00:00,2024-11-02T21:00:00+01:00,2024-11-02,5723.25,6365.596434401736,True,,,arima_forecast,False,False,completed,0
Austria,enhanced_arima,2024-11-03,ordinary,enhanced_ordinary_arima_p3_d1_q3,2024-11-02T08:00:00+01:00,2024-11-02T07:00:00+00:00,2024-11-02T07:00:00+00:00,2024-11-02 21:00:00+00:00,2024-11-02 22:00:00+00:00,2024-11-02T22:00:00+01:00,2024-11-02,5636.25,6361.339445042339,True,,,arima_forecast,False,False,completed,0
Austria,enhanced_arima,2024-11-03,ordinary,enhanced_ordinary_arima_p3_d1_q3,2024-11-02T08:00:00+01:00,2024-11-02T07:00:00+00:00,2024-11-02T07:00:00+00:00,2024-11-02 22:00:00+00:00,2024-11-02 23:00:00+00:00,2024-11-02T23:00:00+01:00,2024-11-02,5261.25,6358.409223641532,True,,,arima_forecast,False,False,completed,0
Austria,enhanced_arima,2024-11-03,ordinary,enhanced_ordinary_arima_p3_d1_q3,2024-11-02T08:00:00+01:00,2024-11-02T07:00:00+00:00,2024-11-02T07:00:00+00:00,2024-11-02 23:00:00+00:00,2024-11-03 00:00:00+00:00,2024-11-03T00:00:00+01:00,2024-11-03,5071.5,6356.619511962601,False,,,arima_forecast,True,True,completed,0
Austria,enhanced_arima,2024-11-03,ordinary,enhanced_ordinary_arima_p3_d1_q3,2024-11-02T08:00:00+01:00,2024-11-02T07:00:00+00:00,2024-11-02T07:00:00+00:00,2024-11-03 00:00:00+00:00,2024-11-03 01:00:00+00:00,2024-11-03T01:00:00+01:00,2024-11-03,4823.0,6355.725260604267,False,,,arima_forecast,True,True,completed,0
Austria,enhanced_arima,2024-11-03,ordinary,enhanced_ordinary_arima_p3_d1_q3,2024-11-02T08:00:00+01:00,2024-11-02T07:00:00+00:00,2024-11-02T07:00:00+00:00,2024-11-03 01:00:00+00:00,2024-11-03 02:00:00+00:00,2024-11-03T02:00:00+01:00,2024-11-03,4797.25,6355.474553708472,False,,,arima_forecast,True,True,completed,0
Austria,enhanced_arima,2024-11-03,ordinary,enhanced_ordinary_arima_p3_d1_q3,2024-11-02T08:00:00+01:00,2024-11-02T07:00:00+00:00,2024-11-02T07:00:00+00:00,2024-11-03 02:00:00+00:00,2024-11-03 03:00:00+00:00,2024-11-03T03:00:00+01:00,2024-11-03,4717.25,6355.640685221354,False,,,arima_forecast,True,True,completed,0
Austria,enhanced_arima,2024-11-03,ordinary,enhanced_ordinary_arima_p3_d1_q3,2024-11-02T08:00:00+01:00,2024-11-02T07:00:00+00:00,2024-11-02T07:00:00+00:00,2024-11-03 03:00:00+00:00,2024-11-03 04:00:00+00:00,2024-11-03T04:00:00+01:00,2024-11-03,4730.0,6356.038543058941,False,,,arima_forecast,True,True,completed,0
Austria,enhanced_arima,2024-11-03,ordinary,enhanced_ordinary_arima_p3_d1_q3,2024-11-02T08:00:00+01:00,2024-11-02T07:00:00+00:00,2024-11-02T07:00:00+00:00,2024-11-03 04:00:00+00:00,2024-11-03 05:00:00+00:00,2024-11-03T05:00:00+01:00,2024-11-03,4944.5,6356.529632673298,False,,,arima_forecast,True,True,completed,0
Austria,enhanced_arima,2024-11-03,ordinary,enhanced_ordinary_arima_p3_d1_q3,2024-11-02T08:00:00+01:00,2024-11-02T07:00:00+00:00,2024-11-02T07:00:00+00:00,2024-11-03 05:00:00+00:00,2024-11-03 06:00:00+00:00,2024-11-03T06:00:00+01:00,2024-11-03,5233.75,6357.019672463032,False,,,arima_forecast,True,True,completed,0
Austria,enhanced_arima,2024-11-03,ordinary,enhanced_ordinary_arima_p3_d1_q3,2024-11-02T08:00:00+01:00,2024-11-02T07:00:00+00:00,2024-11-02T07:00:00+00:00,2024-11-03 06:00:00+00:00,2024-11-03 07:00:00+00:00,2024-11-03T07:00:00+01:00,2024-11-03,5434.25,6357.4519950092545,False,,,arima_forecast,True,True,completed,0
Austria,enhanced_arima,2024-11-03,ordinary,enhanced_ordinary_arima_p3_d1_q3,2024-11-02T08:00:00+01:00,2024-11-02T07:00:00+00:00,2024-11-02T07:00:00+00:00,2024-11-03 07:00:00+00:00,2024-11-03 08:00:00+00:00,2024-11-03T08:00:00+01:00,2024-11-03,5586.5,6357.799190678644,False,,,arima_forecast,True,True,completed,0
Austria,enhanced_arima,2024-11-03,ordinary,enhanced_ordinary_arima_p3_d1_q3,2024-11-02T08:00:00+01:00,2024-11-02T07:00:00+00:00,2024-11-02T07:00:00+00:00,2024-11-03 08:00:00+00:00,2024-11-03 09:00:00+00:00,2024-11-03T09:00:00+01:00,2024-11-03,5767.25,6358.054665970754,False,,,arima_forecast,True,True,completed,0
Austria,enhanced_arima,2024-11-03,ordinary,enhanced_ordinary_arima_p3_d1_q3,2024-11-02T08:00:00+01:00,2024-11-02T07:00:00+00:00,2024-11-02T07:00:00+00:00,2024-11-03 09:00:00+00:00,2024-11-03 10:00:00+00:00,2024-11-03T10:00:00+01:00,2024-11-03,5840.5,6358.2251338830565,False,,,arima_forecast,True,True,completed,0
Austria,enhanced_arima,2024-11-03,ordinary,enhanced_ordinary_arima_p3_d1_q3,2024-11-02T08:00:00+01:00,2024-11-02T07:00:00+00:00,2024-11-02T07:00:00+00:00,2024-11-03 10:00:00+00:00,2024-11-03 11:00:00+00:00,2024-11-03T11:00:00+01:00,2024-11-03,5833.25,6358.32454046861,False,,,arima_forecast,True,True,completed,0
Austria,enhanced_arima,2024-11-03,ordinary,enhanced_ordinary_arima_p3_d1_q3,2024-11-02T08:00:00+01:00,2024-11-02T07:00:00+00:00,2024-11-02T07:00:00+00:00,2024-11-03 11:00:00+00:00,2024-11-03 12:00:00+00:00,2024-11-03T12:00:00+01:00,2024-11-03,5593.5,6358.369563969275,False,,,arima_forecast,True,True,completed,0
Austria,enhanced_arima,2024-11-03,ordinary,enhanced_ordinary_arima_p3_d1_q3,2024-11-02T08:00:00+01:00,2024-11-02T07:00:00+00:00,2024-11-02T07:00:00+00:00,2024-11-03 12:00:00+00:00,2024-11-03 13:00:00+00:00,2024-11-03T13:00:00+01:00,2024-11-03,5388.25,6358.376585483693,False,,,arima_forecast,True,True,completed,0
Austria,enhanced_arima,2024-11-03,ordinary,enhanced_ordinary_arima_p3_d1_q3,2024-11-02T08:00:00+01:00,2024-11-02T07:00:00+00:00,2024-11-02T07:00:00+00:00,2024-11-03 13:00:00+00:00,2024-11-03 14:00:00+00:00,2024-11-03T14:00:00+01:00,2024-11-03,5369.0,6358.359898889456,False,,,arima_forecast,True,True,completed,0
Austria,enhanced_arima,2024-11-03,ordinary,enhanced_ordinary_arima_p3_d1_q3,2024-11-02T08:00:00+01:00,2024-11-02T07:00:00+00:00,2024-11-02T07:00:00+00:00,2024-11-03 14:00:00+00:00,2024-11-03 15:00:00+00:00,2024-11-03T15:00:00+01:00,2024-11-03,5666.75,6358.330875746141,False,,,arima_forecast,True,True,completed,0
Austria,enhanced_arima,2024-11-03,ordinary,enhanced_ordinary_arima_p3_d1_q3,2024-11-02T08:00:00+01:00,2024-11-02T07:00:00+00:00,2024-11-02T07:00:00+00:00,2024-11-03 15:00:00+00:00,2024-11-03 16:00:00+00:00,2024-11-03T16:00:00+01:00,2024-11-03,6172.25,6358.297802703561,False,,,arima_forecast,True,True,completed,0
Austria,enhanced_arima,2024-11-03,ordinary,enhanced_ordinary_arima_p3_d1_q3,2024-11-02T08:00:00+01:00,2024-11-02T07:00:00+00:00,2024-11-02T07:00:00+00:00,2024-11-03 16:00:00+00:00,2024-11-03 17:00:00+00:00,2024-11-03T17:00:00+01:00,2024-11-03,6717.5,6358.266142928152,False,,,arima_forecast,True,True,completed,0
Austria,enhanced_arima,2024-11-03,ordinary,enhanced_ordinary_arima_p3_d1_q3,2024-11-02T08:00:00+01:00,2024-11-02T07:00:00+00:00,2024-11-02T07:00:00+00:00,2024-11-03 17:00:00+00:00,2024-11-03 18:00:00+00:00,2024-11-03T18:00:00+01:00,2024-11-03,6740.5,6358.239022479378,False,,,arima_forecast,True,True,completed,0
Austria,enhanced_arima,2024-11-03,ordinary,enhanced_ordinary_arima_p3_d1_q3,2024-11-02T08:00:00+01:00,2024-11-02T07:00:00+00:00,2024-11-02T07:00:00+00:00,2024-11-03 18:00:00+00:00,2024-11-03 19:00:00+00:00,2024-11-03T19:00:00+01:00,2024-11-03,6602.5,6358.217795524726,False,,,arima_forecast,True,True,completed,0
Austria,enhanced_arima,2024-11-03,ordinary,enhanced_ordinary_arima_p3_d1_q3,2024-11-02T08:00:00+01:00,2024-11-02T07:00:00+00:00,2024-11-02T07:00:00+00:00,2024-11-03 19:00:00+00:00,2024-11-03 20:00:00+00:00,2024-11-03T20:00:00+01:00,2024-11-03,6312.25,6358.202591200354,False,,,arima_forecast,True,True,completed,0
Austria,enhanced_arima,2024-11-03,ordinary,enhanced_ordinary_arima_p3_d1_q3,2024-11-02T08:00:00+01:00,2024-11-02T07:00:00+00:00,2024-11-02T07:00:00+00:00,2024-11-03 20:00:00+00:00,2024-11-03 21:00:00+00:00,2024-11-03T21:00:00+01:00,2024-11-03,6020.75,6358.1927857122055,False,,,arima_forecast,True,True,completed,0
Austria,enhanced_arima,2024-11-03,ordinary,enhanced_ordinary_arima_p3_d1_q3,2024-11-02T08:00:00+01:00,2024-11-02T07:00:00+00:00,2024-11-02T07:00:00+00:00,2024-11-03 21:00:00+00:00,2024-11-03 22:00:00+00:00,2024-11-03T22:00:00+01:00,2024-11-03,6001.75,6358.187374411141,False,,,arima_forecast,True,True,completed,0
Austria,enhanced_arima,2024-11-03,ordinary,enhanced_ordinary_arima_p3_d1_q3,2024-11-02T08:00:00+01:00,2024-11-02T07:00:00+00:00,2024-11-02T07:00:00+00:00,2024-11-03 22:00:00+00:00,2024-11-03 23:00:00+00:00,2024-11-03T23:00:00+01:00,2024-11-03,5659.75,6358.185240275125,False,,,arima_forecast,True,True,completed,0
Austria,enhanced_arima,2024-02-15,ordinary,enhanced_ordinary_arima_p2_d1_q1,2024-02-14T08:00:00+01:00,2024-02-14T07:00:00+00:00,2024-02-14T07:00:00+00:00,2024-02-14 07:00:00+00:00,2024-02-14 08:00:00+00:00,2024-02-14T08:00:00+01:00,2024-02-14,8872.0,9249.220990208614,True,,,arima_forecast,False,False,completed,0
Austria,enhanced_arima,2024-02-15,ordinary,enhanced_ordinary_arima_p2_d1_q1,2024-02-14T08:00:00+01:00,2024-02-14T07:00:00+00:00,2024-02-14T07:00:00+00:00,2024-02-14 08:00:00+00:00,2024-02-14 09:00:00+00:00,2024-02-14T09:00:00+01:00,2024-02-14,8675.25,9266.558504069404,True,,,arima_forecast,False,False,completed,0
Austria,enhanced_arima,2024-02-15,ordinary,enhanced_ordinary_arima_p2_d1_q1,2024-02-14T08:00:00+01:00,2024-02-14T07:00:00+00:00,2024-02-14T07:00:00+00:00,2024-02-14 09:00:00+00:00,2024-02-14 10:00:00+00:00,2024-02-14T10:00:00+01:00,2024-02-14,8429.75,9030.342456807146,True,,,arima_forecast,False,False,completed,0
Austria,enhanced_arima,2024-02-15,ordinary,enhanced_ordinary_arima_p2_d1_q1,2024-02-14T08:00:00+01:00,2024-02-14T07:00:00+00:00,2024-02-14T07:00:00+00:00,2024-02-14 10:00:00+00:00,2024-02-14 11:00:00+00:00,2024-02-14T11:00:00+01:00,2024-02-14,8233.75,8682.276354793488,True,,,arima_forecast,False,False,completed,0
Austria,enhanced_arima,2024-02-15,ordinary,enhanced_ordinary_arima_p2_d1_q1,2024-02-14T08:00:00+01:00,2024-02-14T07:00:00+00:00,2024-02-14T07:00:00+00:00,2024-02-14 11:00:00+00:00,2024-02-14 12:00:00+00:00,2024-02-14T12:00:00+01:00,2024-02-14,7984.0,8348.538319530371,True,,,arima_forecast,False,False,completed,0
Austria,enhanced_arima,2024-02-15,ordinary,enhanced_ordinary_arima_p2_d1_q1,2024-02-14T08:00:00+01:00,2024-02-14T07:00:00+00:00,2024-02-14T07:00:00+00:00,2024-02-14 12:00:00+00:00,2024-02-14 13:00:00+00:00,2024-02-14T13:00:00+01:00,2024-02-14,7965.75,8111.738729839239,True,,,arima_forecast,False,False,completed,0
Austria,enhanced_arima,2024-02-15,ordinary,enhanced_ordinary_arima_p2_d1_q1,2024-02-14T08:00:00+01:00,2024-02-14T07:00:00+00:00,2024-02-14T07:00:00+00:00,2024-02-14 13:00:00+00:00,2024-02-14 14:00:00+00:00,2024-02-14T14:00:00+01:00,2024-02-14,7987.75,8003.1039136452455,True,,,arima_forecast,False,False,completed,0
Austria,enhanced_arima,2024-02-15,ordinary,enhanced_ordinary_arima_p2_d1_q1,2024-02-14T08:00:00+01:00,2024-02-14T07:00:00+00:00,2024-02-14T07:00:00+00:00,2024-02-14 14:00:00+00:00,2024-02-14 15:00:00+00:00,2024-02-14T15:00:00+01:00,2024-02-14,8143.25,8010.542420747001,True,,,arima_forecast,False,False,completed,0
Austria,enhanced_arima,2024-02-15,ordinary,enhanced_ordinary_arima_p2_d1_q1,2024-02-14T08:00:00+01:00,2024-02-14T07:00:00+00:00,2024-02-14T07:00:00+00:00,2024-02-14 15:00:00+00:00,2024-02-14 16:00:00+00:00,2024-02-14T16:00:00+01:00,2024-02-14,8328.5,8095.47473177216,True,,,arima_forecast,False,False,completed,0
Austria,enhanced_arima,2024-02-15,ordinary,enhanced_ordinary_arima_p2_d1_q1,2024-02-14T08:00:00+01:00,2024-02-14T07:00:00+00:00,2024-02-14T07:00:00+00:00,2024-02-14 16:00:00+00:00,2024-02-14 17:00:00+00:00,2024-02-14T17:00:00+01:00,2024-02-14,8743.0,8211.26637716231,True,,,arima_forecast,False,False,completed,0
Austria,enhanced_arima,2024-02-15,ordinary,enhanced_ordinary_arima_p2_d1_q1,2024-02-14T08:00:00+01:00,2024-02-14T07:00:00+00:00,2024-02-14T07:00:00+00:00,2024-02-14 17:00:00+00:00,2024-02-14 18:00:00+00:00,2024-02-14T18:00:00+01:00,2024-02-14,8828.5,8317.945814417122,True,,,arima_forecast,False,False,completed,0
Austria,enhanced_arima,2024-02-15,ordinary,enhanced_ordinary_arima_p2_d1_q1,2024-02-14T08:00:00+01:00,2024-02-14T07:00:00+00:00,2024-02-14T07:00:00+00:00,2024-02-14 18:00:00+00:00,2024-02-14 19:00:00+00:00,2024-02-14T19:00:00+01:00,2024-02-14,8450.5,8390.537176312717,True,,,arima_forecast,False,False,completed,0
Austria,enhanced_arima,2024-02-15,ordinary,enhanced_ordinary_arima_p2_d1_q1,2024-02-14T08:00:00+01:00,2024-02-14T07:00:00+00:00,2024-02-14T07:00:00+00:00,2024-02-14 19:00:00+00:00,2024-02-14 20:00:00+00:00,2024-02-14T20:00:00+01:00,2024-02-14,7872.0,8420.847768263206,True,,,arima_forecast,False,False,completed,0
Austria,enhanced_arima,2024-02-15,ordinary,enhanced_ordinary_arima_p2_d1_q1,2024-02-14T08:00:00+01:00,2024-02-14T07:00:00+00:00,2024-02-14T07:00:00+00:00,2024-02-14 20:00:00+00:00,2024-02-14 21:00:00+00:00,2024-02-14T21:00:00+01:00,2024-02-14,7265.5,8414.309579289542,True,,,arima_forecast,False,False,completed,0
Austria,enhanced_arima,2024-02-15,ordinary,enhanced_ordinary_arima_p2_d1_q1,2024-02-14T08:00:00+01:00,2024-02-14T07:00:00+00:00,2024-02-14T07:00:00+00:00,2024-02-14 21:00:00+00:00,2024-02-14 22:00:00+00:00,2024-02-14T22:00:00+01:00,2024-02-14,7075.0,8384.260584778958,True,,,arima_forecast,False,False,completed,0
Austria,enhanced_arima,2024-02-15,ordinary,enhanced_ordinary_arima_p2_d1_q1,2024-02-14T08:00:00+01:00,2024-02-14T07:00:00+00:00,2024-02-14T07:00:00+00:00,2024-02-14 22:00:00+00:00,2024-02-14 23:00:00+00:00,2024-02-14T23:00:00+01:00,2024-02-14,6547.5,8345.966994157496,True,,,arima_forecast,False,False,completed,0
Austria,enhanced_arima,2024-02-15,ordinary,enhanced_ordinary_arima_p2_d1_q1,2024-02-14T08:00:00+01:00,2024-02-14T07:00:00+00:00,2024-02-14T07:00:00+00:00,2024-02-14 23:00:00+00:00,2024-02-15 00:00:00+00:00,2024-02-15T00:00:00+01:00,2024-02-15,6185.75,8312.028893639073,False,,,arima_forecast,True,True,completed,0
Austria,enhanced_arima,2024-02-15,ordinary,enhanced_ordinary_arima_p2_d1_q1,2024-02-14T08:00:00+01:00,2024-02-14T07:00:00+00:00,2024-02-14T07:00:00+00:00,2024-02-15 00:00:00+00:00,2024-02-15 01:00:00+00:00,2024-02-15T01:00:00+01:00,2024-02-15,5892.5,8289.932130987494,False,,,arima_forecast,True,True,completed,0
Austria,enhanced_arima,2024-02-15,ordinary,enhanced_ordinary_arima_p2_d1_q1,2024-02-14T08:00:00+01:00,2024-02-14T07:00:00+00:00,2024-02-14T07:00:00+00:00,2024-02-15 01:00:00+00:00,2024-02-15 02:00:00+00:00,2024-02-15T02:00:00+01:00,2024-02-15,5809.75,8281.708159161682,False,,,arima_forecast,True,True,completed,0
Austria,enhanced_arima,2024-02-15,ordinary,enhanced_ordinary_arima_p2_d1_q1,2024-02-14T08:00:00+01:00,2024-02-14T07:00:00+00:00,2024-02-14T07:00:00+00:00,2024-02-15 02:00:00+00:00,2024-02-15 03:00:00+00:00,2024-02-15T03:00:00+01:00,2024-02-15,5751.25,8285.125289901895,False,,,arima_forecast,True,True,completed,0
Austria,enhanced_arima,2024-02-15,ordinary,enhanced_ordinary_arima_p2_d1_q1,2024-02-14T08:00:00+01:00,2024-02-14T07:00:00+00:00,2024-02-14T07:00:00+00:00,2024-02-15 03:00:00+00:00,2024-02-15 04:00:00+00:00,2024-02-15T04:00:00+01:00,2024-02-15,5938.5,8295.61696746996,False,,,arima_forecast,True,True,completed,0
Austria,enhanced_arima,2024-02-15,ordinary,enhanced_ordinary_arima_p2_d1_q1,2024-02-14T08:00:00+01:00,2024-02-14T07:00:00+00:00,2024-02-14T07:00:00+00:00,2024-02-15 04:00:00+00:00,2024-02-15 05:00:00+00:00,2024-02-15T05:00:00+01:00,2024-02-15,6613.0,8308.210991991222,False,,,arima_forecast,True,True,completed,0
Austria,enhanced_arima,2024-02-15,ordinary,enhanced_ordinary_arima_p2_d1_q1,2024-02-14T08:00:00+01:00,2024-02-14T07:00:00+00:00,2024-02-14T07:00:00+00:00,2024-02-15 05:00:00+00:00,2024-02-15 06:00:00+00:00,2024-02-15T06:00:00+01:00,2024-02-15,7800.5,8318.955707722153,False,,,arima_forecast,True,True,completed,0
Austria,enhanced_arima,2024-02-15,ordinary,enhanced_ordinary_arima_p2_d1_q1,2024-02-14T08:00:00+01:00,2024-02-14T07:00:00+00:00,2024-02-14T07:00:00+00:00,2024-02-15 06:00:00+00:00,2024-02-15 07:00:00+00:00,2024-02-15T07:00:00+01:00,2024-02-15,8627.5,8325.629582887868,False,,,arima_forecast,True,True,completed,0
Austria,enhanced_arima,2024-02-15,ordinary,enhanced_ordinary_arima_p2_d1_q1,2024-02-14T08:00:00+01:00,2024-02-14T07:00:00+00:00,2024-02-14T07:00:00+00:00,2024-02-15 07:00:00+00:00,2024-02-15 08:00:00+00:00,2024-02-15T08:00:00+01:00,2024-02-15,8883.0,8327.775113529757,False,,,arima_forecast,True,True,completed,0
Austria,enhanced_arima,2024-02-15,ordinary,enhanced_ordinary_arima_p2_d1_q1,2024-02-14T08:00:00+01:00,2024-02-14T07:00:00+00:00,2024-02-14T07:00:00+00:00,2024-02-15 08:00:00+00:00,2024-02-15 09:00:00+00:00,2024-02-15T09:00:00+01:00,2024-02-15,8733.0,8326.261470508438,False,,,arima_forecast,True,True,completed,0
Austria,enhanced_arima,2024-02-15,ordinary,enhanced_ordinary_arima_p2_d1_q1,2024-02-14T08:00:00+01:00,2024-02-14T07:00:00+00:00,2024-02-14T07:00:00+00:00,2024-02-15 09:00:00+00:00,2024-02-15 10:00:00+00:00,2024-02-15T10:00:00+01:00,2024-02-15,8431.25,8322.638822358293,False,,,arima_forecast,True,True,completed,0
Austria,enhanced_arima,2024-02-15,ordinary,enhanced_ordinary_arima_p2_d1_q1,2024-02-14T08:00:00+01:00,2024-02-14T07:00:00+00:00,2024-02-14T07:00:00+00:00,2024-02-15 10:00:00+00:00,2024-02-15 11:00:00+00:00,2024-02-15T11:00:00+01:00,2024-02-15,8117.5,8318.518664064599,False,,,arima_forecast,True,True,completed,0
Austria,enhanced_arima,2024-02-15,ordinary,enhanced_ordinary_arima_p2_d1_q1,2024-02-14T08:00:00+01:00,2024-02-14T07:00:00+00:00,2024-02-14T07:00:00+00:00,2024-02-15 11:00:00+00:00,2024-02-15 12:00:00+00:00,2024-02-15T12:00:00+01:00,2024-02-15,7709.75,8315.133728063554,False,,,arima_forecast,True,True,completed,0
Austria,enhanced_arima,2024-02-15,ordinary,enhanced_ordinary_arima_p2_d1_q1,2024-02-14T08:00:00+01:00,2024-02-14T07:00:00+00:00,2024-02-14T07:00:00+00:00,2024-02-15 12:00:00+00:00,2024-02-15 13:00:00+00:00,2024-02-15T13:00:00+01:00,2024-02-15,7568.5,8313.135693204451,False,,,arima_forecast,True,True,completed,0
Austria,enhanced_arima,2024-02-15,ordinary,enhanced_ordinary_arima_p2_d1_q1,2024-02-14T08:00:00+01:00,2024-02-14T07:00:00+00:00,2024-02-14T07:00:00+00:00,2024-02-15 13:00:00+00:00,2024-02-15 14:00:00+00:00,2024-02-15T14:00:00+01:00,2024-02-15,7498.75,8312.608447458224,False,,,arima_forecast,True,True,completed,0
Austria,enhanced_arima,2024-02-15,ordinary,enhanced_ordinary_arima_p2_d1_q1,2024-02-14T08:00:00+01:00,2024-02-14T07:00:00+00:00,2024-02-14T07:00:00+00:00,2024-02-15 14:00:00+00:00,2024-02-15 15:00:00+00:00,2024-02-15T15:00:00+01:00,2024-02-15,7634.5,8313.22540419339,False,,,arima_forecast,True,True,completed,0
Austria,enhanced_arima,2024-02-15,ordinary,enhanced_ordinary_arima_p2_d1_q1,2024-02-14T08:00:00+01:00,2024-02-14T07:00:00+00:00,2024-02-14T07:00:00+00:00,2024-02-15 15:00:00+00:00,2024-02-15 16:00:00+00:00,2024-02-15T16:00:00+01:00,2024-02-15,7994.25,8314.464330451856,False,,,arima_forecast,True,True,completed,0
Austria,enhanced_arima,2024-02-15,ordinary,enhanced_ordinary_arima_p2_d1_q1,2024-02-14T08:00:00+01:00,2024-02-14T07:00:00+00:00,2024-02-14T07:00:00+00:00,2024-02-15 16:00:00+00:00,2024-02-15 17:00:00+00:00,2024-02-15T17:00:00+01:00,2024-02-15,8497.75,8315.805446363418,False,,,arima_forecast,True,True,completed,0
Austria,enhanced_arima,2024-02-15,ordinary,enhanced_ordinary_arima_p2_d1_q1,2024-02-14T08:00:00+01:00,2024-02-14T07:00:00+00:00,2024-02-14T07:00:00+00:00,2024-02-15 17:00:00+00:00,2024-02-15 18:00:00+00:00,2024-02-15T18:00:00+01:00,2024-02-15,8659.25,8316.866355872584,False,,,arima_forecast,True,True,completed,0
Austria,enhanced_arima,2024-02-15,ordinary,enhanced_ordinary_arima_p2_d1_q1,2024-02-14T08:00:00+01:00,2024-02-14T07:00:00+00:00,2024-02-14T07:00:00+00:00,2024-02-15 18:00:00+00:00,2024-02-15 19:00:00+00:00,2024-02-15T19:00:00+01:00,2024-02-15,8319.25,8317.458519438529,False,,,arima_forecast,True,True,completed,0
Austria,enhanced_arima,2024-02-15,ordinary,enhanced_ordinary_arima_p2_d1_q1,2024-02-14T08:00:00+01:00,2024-02-14T07:00:00+00:00,2024-02-14T07:00:00+00:00,2024-02-15 19:00:00+00:00,2024-02-15 20:00:00+00:00,2024-02-15T20:00:00+01:00,2024-02-15,7817.75,8317.575289262637,False,,,arima_forecast,True,True,completed,0
Austria,enhanced_arima,2024-02-15,ordinary,enhanced_ordinary_arima_p2_d1_q1,2024-02-14T08:00:00+01:00,2024-02-14T07:00:00+00:00,2024-02-14T07:00:00+00:00,2024-02-15 20:00:00+00:00,2024-02-15 21:00:00+00:00,2024-02-15T21:00:00+01:00,2024-02-15,7240.5,8317.336232476377,False,,,arima_forecast,True,True,completed,0
Austria,enhanced_arima,2024-02-15,ordinary,enhanced_ordinary_arima_p2_d1_q1,2024-02-14T08:00:00+01:00,2024-02-14T07:00:00+00:00,2024-02-14T07:00:00+00:00,2024-02-15 21:00:00+00:00,2024-02-15 22:00:00+00:00,2024-02-15T22:00:00+01:00,2024-02-15,7037.75,8316.916075784597,False,,,arima_forecast,True,True,completed,0
Austria,enhanced_arima,2024-02-15,ordinary,enhanced_ordinary_arima_p2_d1_q1,2024-02-14T08:00:00+01:00,2024-02-14T07:00:00+00:00,2024-02-14T07:00:00+00:00,2024-02-15 22:00:00+00:00,2024-02-15 23:00:00+00:00,2024-02-15T23:00:00+01:00,2024-02-15,6525.0,8316.481676912847,False,,,arima_forecast,True,True,completed,0
Austria,enhanced_arima,2024-03-31,ordinary,enhanced_ordinary_arima_p2_d1_q1,2024-03-30T08:00:00+01:00,2024-03-30T07:00:00+00:00,2024-03-30T07:00:00+00:00,2024-03-30 07:00:00+00:00,2024-03-30 08:00:00+00:00,2024-03-30T08:00:00+01:00,2024-03-30,6170.25,6096.398884939937,True,,,arima_forecast,False,False,completed,0
Austria,enhanced_arima,2024-03-31,ordinary,enhanced_ordinary_arima_p2_d1_q1,2024-03-30T08:00:00+01:00,2024-03-30T07:00:00+00:00,2024-03-30T07:00:00+00:00,2024-03-30 08:00:00+00:00,2024-03-30 09:00:00+00:00,2024-03-30T09:00:00+01:00,2024-03-30,6365.5,6182.01052030246,True,,,arima_forecast,False,False,completed,0
Austria,enhanced_arima,2024-03-31,ordinary,enhanced_ordinary_arima_p2_d1_q1,2024-03-30T08:00:00+01:00,2024-03-30T07:00:00+00:00,2024-03-30T07:00:00+00:00,2024-03-30 09:00:00+00:00,2024-03-30 10:00:00+00:00,2024-03-30T10:00:00+01:00,2024-03-30,6271.75,6148.224258438714,True,,,arima_forecast,False,False,completed,0
Austria,enhanced_arima,2024-03-31,ordinary,enhanced_ordinary_arima_p2_d1_q1,2024-03-30T08:00:00+01:00,2024-03-30T07:00:00+00:00,2024-03-30T07:00:00+00:00,2024-03-30 10:00:00+00:00,2024-03-30 11:00:00+00:00,2024-03-30T11:00:00+01:00,2024-03-30,6148.25,6039.385660769962,True,,,arima_forecast,False,False,completed,0
Austria,enhanced_arima,2024-03-31,ordinary,enhanced_ordinary_arima_p2_d1_q1,2024-03-30T08:00:00+01:00,2024-03-30T07:00:00+00:00,2024-03-30T07:00:00+00:00,2024-03-30 11:00:00+00:00,2024-03-30 12:00:00+00:00,2024-03-30T12:00:00+01:00,2024-03-30,5845.0,5906.543818446875,True,,,arima_forecast,False,False,completed,0
Austria,enhanced_arima,2024-03-31,ordinary,enhanced_ordinary_arima_p2_d1_q1,2024-03-30T08:00:00+01:00,2024-03-30T07:00:00+00:00,2024-03-30T07:00:00+00:00,2024-03-30 12:00:00+00:00,2024-03-30 13:00:00+00:00,2024-03-30T13:00:00+01:00,2024-03-30,5542.0,5791.958893352452,True,,,arima_forecast,False,False,completed,0
Austria,enhanced_arima,2024-03-31,ordinary,enhanced_ordinary_arima_p2_d1_q1,2024-03-30T08:00:00+01:00,2024-03-30T07:00:00+00:00,2024-03-30T07:00:00+00:00,2024-03-30 13:00:00+00:00,2024-03-30 14:00:00+00:00,2024-03-30T14:00:00+01:00,2024-03-30,5438.0,5720.5290083085765,True,,,arima_forecast,False,False,completed,0
Austria,enhanced_arima,2024-03-31,ordinary,enhanced_ordinary_arima_p2_d1_q1,2024-03-30T08:00:00+01:00,2024-03-30T07:00:00+00:00,2024-03-30T07:00:00+00:00,2024-03-30 14:00:00+00:00,2024-03-30 15:00:00+00:00,2024-03-30T15:00:00+01:00,2024-03-30,5528.25,5698.352463286533,True,,,arima_forecast,False,False,completed,0
Austria,enhanced_arima,2024-03-31,ordinary,enhanced_ordinary_arima_p2_d1_q1,2024-03-30T08:00:00+01:00,2024-03-30T07:00:00+00:00,2024-03-30T07:00:00+00:00,2024-03-30 15:00:00+00:00,2024-03-30 16:00:00+00:00,2024-03-30T16:00:00+01:00,2024-03-30,5818.25,5716.689629126791,True,,,arima_forecast,False,False,completed,0
Austria,enhanced_arima,2024-03-31,ordinary,enhanced_ordinary_arima_p2_d1_q1,2024-03-30T08:00:00+01:00,2024-03-30T07:00:00+00:00,2024-03-30T07:00:00+00:00,2024-03-30 16:00:00+00:00,2024-03-30 17:00:00+00:00,2024-03-30T17:00:00+01:00,2024-03-30,6291.75,5758.675152386237,True,,,arima_forecast,False,False,completed,0
Austria,enhanced_arima,2024-03-31,ordinary,enhanced_ordinary_arima_p2_d1_q1,2024-03-30T08:00:00+01:00,2024-03-30T07:00:00+00:00,2024-03-30T07:00:00+00:00,2024-03-30 17:00:00+00:00,2024-03-30 18:00:00+00:00,2024-03-30T18:00:00+01:00,2024-03-30,6487.25,5806.1892149624,True,,,arima_forecast,False,False,completed,0
Austria,enhanced_arima,2024-03-31,ordinary,enhanced_ordinary_arima_p2_d1_q1,2024-03-30T08:00:00+01:00,2024-03-30T07:00:00+00:00,2024-03-30T07:00:00+00:00,2024-03-30 18:00:00+00:00,2024-03-30 19:00:00+00:00,2024-03-30T19:00:00+01:00,2024-03-30,6389.25,5845.0229596067375,True,,,arima_forecast,False,False,completed,0
Austria,enhanced_arima,2024-03-31,ordinary,enhanced_ordinary_arima_p2_d1_q1,2024-03-30T08:00:00+01:00,2024-03-30T07:00:00+00:00,2024-03-30T07:00:00+00:00,2024-03-30 19:00:00+00:00,2024-03-30 20:00:00+00:00,2024-03-30T20:00:00+01:00,2024-03-30,6125.0,5867.4774908541085,True,,,arima_forecast,False,False,completed,0
Austria,enhanced_arima,2024-03-31,ordinary,enhanced_ordinary_arima_p2_d1_q1,2024-03-30T08:00:00+01:00,2024-03-30T07:00:00+00:00,2024-03-30T07:00:00+00:00,2024-03-30 20:00:00+00:00,2024-03-30 21:00:00+00:00,2024-03-30T21:00:00+01:00,2024-03-30,5756.75,5872.469992345925,True,,,arima_forecast,False,False,completed,0
Austria,enhanced_arima,2024-03-31,ordinary,enhanced_ordinary_arima_p2_d1_q1,2024-03-30T08:00:00+01:00,2024-03-30T07:00:00+00:00,2024-03-30T07:00:00+00:00,2024-03-30 21:00:00+00:00,2024-03-30 22:00:00+00:00,2024-03-30T22:00:00+01:00,2024-03-30,5651.0,5863.858159375027,True,,,arima_forecast,False,False,completed,0
Austria,enhanced_arima,2024-03-31,ordinary,enhanced_ordinary_arima_p2_d1_q1,2024-03-30T08:00:00+01:00,2024-03-30T07:00:00+00:00,2024-03-30T07:00:00+00:00,2024-03-30 22:00:00+00:00,2024-03-30 23:00:00+00:00,2024-03-30T23:00:00+01:00,2024-03-30,5260.75,5847.954563942523,True,,,arima_forecast,False,False,completed,0
Austria,enhanced_arima,2024-03-31,ordinary,enhanced_ordinary_arima_p2_d1_q1,2024-03-30T08:00:00+01:00,2024-03-30T07:00:00+00:00,2024-03-30T07:00:00+00:00,2024-03-30 23:00:00+00:00,2024-03-31 00:00:00+00:00,2024-03-31T00:00:00+01:00,2024-03-31,4921.25,5831.12872899012,False,,,arima_forecast,True,True,completed,0
Austria,enhanced_arima,2024-03-31,ordinary,enhanced_ordinary_arima_p2_d1_q1,2024-03-30T08:00:00+01:00,2024-03-30T07:00:00+00:00,2024-03-30T07:00:00+00:00,2024-03-31 00:00:00+00:00,2024-03-31 01:00:00+00:00,2024-03-31T01:00:00+01:00,2024-03-31,4636.75,5818.105247927093,False,,,arima_forecast,True,True,completed,0
Austria,enhanced_arima,2024-03-31,ordinary,enhanced_ordinary_arima_p2_d1_q1,2024-03-30T08:00:00+01:00,2024-03-30T07:00:00+00:00,2024-03-30T07:00:00+00:00,2024-03-31 01:00:00+00:00,2024-03-31 02:00:00+00:00,2024-03-31T03:00:00+02:00,2024-03-31,4463.0,5811.2017503286215,False,,,arima_forecast,True,True,completed,0
Austria,enhanced_arima,2024-03-31,ordinary,enhanced_ordinary_arima_p2_d1_q1,2024-03-30T08:00:00+01:00,2024-03-30T07:00:00+00:00,2024-03-30T07:00:00+00:00,2024-03-31 02:00:00+00:00,2024-03-31 03:00:00+00:00,2024-03-31T04:00:00+02:00,2024-03-31,4502.0,5810.429588302645,False,,,arima_forecast,True,True,completed,0
Austria,enhanced_arima,2024-03-31,ordinary,enhanced_ordinary_arima_p2_d1_q1,2024-03-30T08:00:00+01:00,2024-03-30T07:00:00+00:00,2024-03-30T07:00:00+00:00,2024-03-31 03:00:00+00:00,2024-03-31 04:00:00+00:00,2024-03-31T05:00:00+02:00,2024-03-31,4592.75,5814.174765944716,False,,,arima_forecast,True,True,completed,0
Austria,enhanced_arima,2024-03-31,ordinary,enhanced_ordinary_arima_p2_d1_q1,2024-03-30T08:00:00+01:00,2024-03-30T07:00:00+00:00,2024-03-30T07:00:00+00:00,2024-03-31 04:00:00+00:00,2024-03-31 05:00:00+00:00,2024-03-31T06:00:00+02:00,2024-03-31,4793.5,5820.106906438676,False,,,arima_forecast,True,True,completed,0
Austria,enhanced_arima,2024-03-31,ordinary,enhanced_ordinary_arima_p2_d1_q1,2024-03-30T08:00:00+01:00,2024-03-30T07:00:00+00:00,2024-03-30T07:00:00+00:00,2024-03-31 05:00:00+00:00,2024-03-31 06:00:00+00:00,2024-03-31T07:00:00+02:00,2024-03-31,5071.0,5826.008173789725,False,,,arima_forecast,True,True,completed,0
Austria,enhanced_arima,2024-03-31,ordinary,enhanced_ordinary_arima_p2_d1_q1,2024-03-30T08:00:00+01:00,2024-03-30T07:00:00+00:00,2024-03-30T07:00:00+00:00,2024-03-31 06:00:00+00:00,2024-03-31 07:00:00+00:00,2024-03-31T08:00:00+02:00,2024-03-31,5332.25,5830.326604165014,False,,,arima_forecast,True,True,completed,0
Austria,enhanced_arima,2024-03-31,ordinary,enhanced_ordinary_arima_p2_d1_q1,2024-03-30T08:00:00+01:00,2024-03-30T07:00:00+00:00,2024-03-30T07:00:00+00:00,2024-03-31 07:00:00+00:00,2024-03-31 08:00:00+00:00,2024-03-31T09:00:00+02:00,2024-03-31,5437.25,5832.389195791604,False,,,arima_forecast,True,True,completed,0
Austria,enhanced_arima,2024-03-31,ordinary,enhanced_ordinary_arima_p2_d1_q1,2024-03-30T08:00:00+01:00,2024-03-30T07:00:00+00:00,2024-03-30T07:00:00+00:00,2024-03-31 08:00:00+00:00,2024-03-31 09:00:00+00:00,2024-03-31T10:00:00+02:00,2024-03-31,5408.25,5832.319286157922,False,,,arima_forecast,True,True,completed,0
Austria,enhanced_arima,2024-03-31,ordinary,enhanced_ordinary_arima_p2_d1_q1,2024-03-30T08:00:00+01:00,2024-03-30T07:00:00+00:00,2024-03-30T07:00:00+00:00,2024-03-31 09:00:00+00:00,2024-03-31 10:00:00+00:00,2024-03-31T11:00:00+02:00,2024-03-31,5485.0,5830.76776789061,False,,,arima_forecast,True,True,completed,0
Austria,enhanced_arima,2024-03-31,ordinary,enhanced_ordinary_arima_p2_d1_q1,2024-03-30T08:00:00+01:00,2024-03-30T07:00:00+00:00,2024-03-30T07:00:00+00:00,2024-03-31 10:00:00+00:00,2024-03-31 11:00:00+00:00,2024-03-31T12:00:00+02:00,2024-03-31,5190.5,5828.584453992661,False,,,arima_forecast,True,True,completed,0
Austria,enhanced_arima,2024-03-31,ordinary,enhanced_ordinary_arima_p2_d1_q1,2024-03-30T08:00:00+01:00,2024-03-30T07:00:00+00:00,2024-03-30T07:00:00+00:00,2024-03-31 11:00:00+00:00,2024-03-31 12:00:00+00:00,2024-03-31T13:00:00+02:00,2024-03-31,4962.25,5826.534278237148,False,,,arima_forecast,True,True,completed,0
Austria,enhanced_arima,2024-03-31,ordinary,enhanced_ordinary_arima_p2_d1_q1,2024-03-30T08:00:00+01:00,2024-03-30T07:00:00+00:00,2024-03-30T07:00:00+00:00,2024-03-31 12:00:00+00:00,2024-03-31 13:00:00+00:00,2024-03-31T14:00:00+02:00,2024-03-31,4844.0,5825.120110990818,False,,,arima_forecast,True,True,completed,0
Austria,enhanced_arima,2024-03-31,ordinary,enhanced_ordinary_arima_p2_d1_q1,2024-03-30T08:00:00+01:00,2024-03-30T07:00:00+00:00,2024-03-30T07:00:00+00:00,2024-03-31 13:00:00+00:00,2024-03-31 14:00:00+00:00,2024-03-31T15:00:00+02:00,2024-03-31,4883.5,5824.527445630851,False,,,arima_forecast,True,True,completed,0
Austria,enhanced_arima,2024-03-31,ordinary,enhanced_ordinary_arima_p2_d1_q1,2024-03-30T08:00:00+01:00,2024-03-30T07:00:00+00:00,2024-03-30T07:00:00+00:00,2024-03-31 14:00:00+00:00,2024-03-31 15:00:00+00:00,2024-03-31T16:00:00+02:00,2024-03-31,5057.25,5824.669447153007,False,,,arima_forecast,True,True,completed,0
Austria,enhanced_arima,2024-03-31,ordinary,enhanced_ordinary_arima_p2_d1_q1,2024-03-30T08:00:00+01:00,2024-03-30T07:00:00+00:00,2024-03-30T07:00:00+00:00,2024-03-31 15:00:00+00:00,2024-03-31 16:00:00+00:00,2024-03-31T17:00:00+02:00,2024-03-31,5418.75,5825.290683160037,False,,,arima_forecast,True,True,completed,0
Austria,enhanced_arima,2024-03-31,ordinary,enhanced_ordinary_arima_p2_d1_q1,2024-03-30T08:00:00+01:00,2024-03-30T07:00:00+00:00,2024-03-30T07:00:00+00:00,2024-03-31 16:00:00+00:00,2024-03-31 17:00:00+00:00,2024-03-31T18:00:00+02:00,2024-03-31,5862.5,5826.084693857079,False,,,arima_forecast,True,True,completed,0
Austria,enhanced_arima,2024-03-31,ordinary,enhanced_ordinary_arima_p2_d1_q1,2024-03-30T08:00:00+01:00,2024-03-30T07:00:00+00:00,2024-03-30T07:00:00+00:00,2024-03-31 17:00:00+00:00,2024-03-31 18:00:00+00:00,2024-03-31T19:00:00+02:00,2024-03-31,5970.5,5826.790195132504,False,,,arima_forecast,True,True,completed,0
Austria,enhanced_arima,2024-03-31,ordinary,enhanced_ordinary_arima_p2_d1_q1,2024-03-30T08:00:00+01:00,2024-03-30T07:00:00+00:00,2024-03-30T07:00:00+00:00,2024-03-31 18:00:00+00:00,2024-03-31 19:00:00+00:00,2024-03-31T20:00:00+02:00,2024-03-31,5882.5,5827.246801606195,False,,,arima_forecast,True,True,completed,0
Austria,enhanced_arima,2024-03-31,ordinary,enhanced_ordinary_arima_p2_d1_q1,2024-03-30T08:00:00+01:00,2024-03-30T07:00:00+00:00,2024-03-30T07:00:00+00:00,2024-03-31 19:00:00+00:00,2024-03-31 20:00:00+00:00,2024-03-31T21:00:00+02:00,2024-03-31,5562.25,5827.407533146419,False,,,arima_forecast,True,True,completed,0
Austria,enhanced_arima,2024-03-31,ordinary,enhanced_ordinary_arima_p2_d1_q1,2024-03-30T08:00:00+01:00,2024-03-30T07:00:00+00:00,2024-03-30T07:00:00+00:00,2024-03-31 20:00:00+00:00,2024-03-31 21:00:00+00:00,2024-03-31T22:00:00+02:00,2024-03-31,5555.75,5827.317612359352,False,,,arima_forecast,True,True,completed,0
Austria,enhanced_arima,2024-03-31,ordinary,enhanced_ordinary_arima_p2_d1_q1,2024-03-30T08:00:00+01:00,2024-03-30T07:00:00+00:00,2024-03-30T07:00:00+00:00,2024-03-31 21:00:00+00:00,2024-03-31 22:00:00+00:00,2024-03-31T23:00:00+02:00,2024-03-31,5194.5,5827.075158455568,False,,,arima_forecast,True,True,completed,0
Austria,enhanced_arima,2024-07-25,ordinary,enhanced_ordinary_arima_p2_d1_q1,2024-07-24T08:00:00+02:00,2024-07-24T06:00:00+00:00,2024-07-24T06:00:00+00:00,2024-07-24 06:00:00+00:00,2024-07-24 07:00:00+00:00,2024-07-24T08:00:00+02:00,2024-07-24,7358.0,7404.130333644447,True,,,arima_forecast,False,False,completed,0
Austria,enhanced_arima,2024-07-25,ordinary,enhanced_ordinary_arima_p2_d1_q1,2024-07-24T08:00:00+02:00,2024-07-24T06:00:00+00:00,2024-07-24T06:00:00+00:00,2024-07-24 07:00:00+00:00,2024-07-24 08:00:00+00:00,2024-07-24T09:00:00+02:00,2024-07-24,7380.25,7461.683821907943,True,,,arima_forecast,False,False,completed,0
Austria,enhanced_arima,2024-07-25,ordinary,enhanced_ordinary_arima_p2_d1_q1,2024-07-24T08:00:00+02:00,2024-07-24T06:00:00+00:00,2024-07-24T06:00:00+00:00,2024-07-24 08:00:00+00:00,2024-07-24 09:00:00+00:00,2024-07-24T10:00:00+02:00,2024-07-24,7396.5,7301.693382104471,True,,,arima_forecast,False,False,completed,0
Austria,enhanced_arima,2024-07-25,ordinary,enhanced_ordinary_arima_p2_d1_q1,2024-07-24T08:00:00+02:00,2024-07-24T06:00:00+00:00,2024-07-24T06:00:00+00:00,2024-07-24 09:00:00+00:00,2024-07-24 10:00:00+00:00,2024-07-24T11:00:00+02:00,2024-07-24,7398.75,7014.601978552216,True,,,arima_forecast,False,False,completed,0
Austria,enhanced_arima,2024-07-25,ordinary,enhanced_ordinary_arima_p2_d1_q1,2024-07-24T08:00:00+02:00,2024-07-24T06:00:00+00:00,2024-07-24T06:00:00+00:00,2024-07-24 10:00:00+00:00,2024-07-24 11:00:00+00:00,2024-07-24T12:00:00+02:00,2024-07-24,7162.5,6696.851275158126,True,,,arima_forecast,False,False,completed,0
Austria,enhanced_arima,2024-07-25,ordinary,enhanced_ordinary_arima_p2_d1_q1,2024-07-24T08:00:00+02:00,2024-07-24T06:00:00+00:00,2024-07-24T06:00:00+00:00,2024-07-24 11:00:00+00:00,2024-07-24 12:00:00+00:00,2024-07-24T13:00:00+02:00,2024-07-24,6750.75,6427.663697464554,True,,,arima_forecast,False,False,completed,0
Austria,enhanced_arima,2024-07-25,ordinary,enhanced_ordinary_arima_p2_d1_q1,2024-07-24T08:00:00+02:00,2024-07-24T06:00:00+00:00,2024-07-24T06:00:00+00:00,2024-07-24 12:00:00+00:00,2024-07-24 13:00:00+00:00,2024-07-24T14:00:00+02:00,2024-07-24,6624.5,6255.509645950255,True,,,arima_forecast,False,False,completed,0
Austria,enhanced_arima,2024-07-25,ordinary,enhanced_ordinary_arima_p2_d1_q1,2024-07-24T08:00:00+02:00,2024-07-24T06:00:00+00:00,2024-07-24T06:00:00+00:00,2024-07-24 13:00:00+00:00,2024-07-24 14:00:00+00:00,2024-07-24T15:00:00+02:00,2024-07-24,6461.0,6194.884690622963,True,,,arima_forecast,False,False,completed,0
Austria,enhanced_arima,2024-07-25,ordinary,enhanced_ordinary_arima_p2_d1_q1,2024-07-24T08:00:00+02:00,2024-07-24T06:00:00+00:00,2024-07-24T06:00:00+00:00,2024-07-24 14:00:00+00:00,2024-07-24 15:00:00+00:00,2024-07-24T16:00:00+02:00,2024-07-24,6416.5,6231.543606572637,True,,,arima_forecast,False,False,completed,0
Austria,enhanced_arima,2024-07-25,ordinary,enhanced_ordinary_arima_p2_d1_q1,2024-07-24T08:00:00+02:00,2024-07-24T06:00:00+00:00,2024-07-24T06:00:00+00:00,2024-07-24 15:00:00+00:00,2024-07-24 16:00:00+00:00,2024-07-24T17:00:00+02:00,2024-07-24,6571.25,6332.897268286043,True,,,arima_forecast,False,False,completed,0
Austria,enhanced_arima,2024-07-25,ordinary,enhanced_ordinary_arima_p2_d1_q1,2024-07-24T08:00:00+02:00,2024-07-24T06:00:00+00:00,2024-07-24T06:00:00+00:00,2024-07-24 16:00:00+00:00,2024-07-24 17:00:00+00:00,2024-07-24T18:00:00+02:00,2024-07-24,6759.75,6459.939745767147,True,,,arima_forecast,False,False,completed,0
Austria,enhanced_arima,2024-07-25,ordinary,enhanced_ordinary_arima_p2_d1_q1,2024-07-24T08:00:00+02:00,2024-07-24T06:00:00+00:00,2024-07-24T06:00:00+00:00,2024-07-24 17:00:00+00:00,2024-07-24 18:00:00+00:00,2024-07-24T19:00:00+02:00,2024-07-24,6938.0,6577.637013827658,True,,,arima_forecast,False,False,completed,0
Austria,enhanced_arima,2024-07-25,ordinary,enhanced_ordinary_arima_p2_d1_q1,2024-07-24T08:00:00+02:00,2024-07-24T06:00:00+00:00,2024-07-24T06:00:00+00:00,2024-07-24 18:00:00+00:00,2024-07-24 19:00:00+00:00,2024-07-24T20:00:00+02:00,2024-07-24,6814.5,6661.822669504645,True,,,arima_forecast,False,False,completed,0
Austria,enhanced_arima,2024-07-25,ordinary,enhanced_ordinary_arima_p2_d1_q1,2024-07-24T08:00:00+02:00,2024-07-24T06:00:00+00:00,2024-07-24T06:00:00+00:00,2024-07-24 19:00:00+00:00,2024-07-24 20:00:00+00:00,2024-07-24T21:00:00+02:00,2024-07-24,6585.0,6701.92154376113,True,,,arima_forecast,False,False,completed,0
Austria,enhanced_arima,2024-07-25,ordinary,enhanced_ordinary_arima_p2_d1_q1,2024-07-24T08:00:00+02:00,2024-07-24T06:00:00+00:00,2024-07-24T06:00:00+00:00,2024-07-24 20:00:00+00:00,2024-07-24 21:00:00+00:00,2024-07-24T22:00:00+02:00,2024-07-24,6239.25,6699.931469193557,True,,,arima_forecast,False,False,completed,0
Austria,enhanced_arima,2024-07-25,ordinary,enhanced_ordinary_arima_p2_d1_q1,2024-07-24T08:00:00+02:00,2024-07-24T06:00:00+00:00,2024-07-24T06:00:00+00:00,2024-07-24 21:00:00+00:00,2024-07-24 22:00:00+00:00,2024-07-24T23:00:00+02:00,2024-07-24,5699.0,6666.828459018415,True,,,arima_forecast,False,False,completed,0
Austria,enhanced_arima,2024-07-25,ordinary,enhanced_ordinary_arima_p2_d1_q1,2024-07-24T08:00:00+02:00,2024-07-24T06:00:00+00:00,2024-07-24T06:00:00+00:00,2024-07-24 22:00:00+00:00,2024-07-24 23:00:00+00:00,2024-07-25T00:00:00+02:00,2024-07-25,5389.75,6617.849298397227,False,,,arima_forecast,True,True,completed,0
Austria,enhanced_arima,2024-07-25,ordinary,enhanced_ordinary_arima_p2_d1_q1,2024-07-24T08:00:00+02:00,2024-07-24T06:00:00+00:00,2024-07-24T06:00:00+00:00,2024-07-24 23:00:00+00:00,2024-07-25 00:00:00+00:00,2024-07-25T01:00:00+02:00,2024-07-25,5075.25,6567.994646931418,False,,,arima_forecast,True,True,completed,0
Austria,enhanced_arima,2024-07-25,ordinary,enhanced_ordinary_arima_p2_d1_q1,2024-07-24T08:00:00+02:00,2024-07-24T06:00:00+00:00,2024-07-24T06:00:00+00:00,2024-07-25 00:00:00+00:00,2024-07-25 01:00:00+00:00,2024-07-25T02:00:00+02:00,2024-07-25,4961.5,6528.710140234209,False,,,arima_forecast,True,True,completed,0
Austria,enhanced_arima,2024-07-25,ordinary,enhanced_ordinary_arima_p2_d1_q1,2024-07-24T08:00:00+02:00,2024-07-24T06:00:00+00:00,2024-07-24T06:00:00+00:00,2024-07-25 01:00:00+00:00,2024-07-25 02:00:00+00:00,2024-07-25T03:00:00+02:00,2024-07-25,4857.0,6506.198207595962,False,,,arima_forecast,True,True,completed,0
Austria,enhanced_arima,2024-07-25,ordinary,enhanced_ordinary_arima_p2_d1_q1,2024-07-24T08:00:00+02:00,2024-07-24T06:00:00+00:00,2024-07-24T06:00:00+00:00,2024-07-25 02:00:00+00:00,2024-07-25 03:00:00+00:00,2024-07-25T04:00:00+02:00,2024-07-25,4957.25,6501.332865958809,False,,,arima_forecast,True,True,completed,0
Austria,enhanced_arima,2024-07-25,ordinary,enhanced_ordinary_arima_p2_d1_q1,2024-07-24T08:00:00+02:00,2024-07-24T06:00:00+00:00,2024-07-24T06:00:00+00:00,2024-07-25 03:00:00+00:00,2024-07-25 04:00:00+00:00,2024-07-25T05:00:00+02:00,2024-07-25,5464.5,6510.795718806248,False,,,arima_forecast,True,True,completed,0
Austria,enhanced_arima,2024-07-25,ordinary,enhanced_ordinary_arima_p2_d1_q1,2024-07-24T08:00:00+02:00,2024-07-24T06:00:00+00:00,2024-07-24T06:00:00+00:00,2024-07-25 04:00:00+00:00,2024-07-25 05:00:00+00:00,2024-07-25T06:00:00+02:00,2024-07-25,6251.0,6528.871882429604,False,,,arima_forecast,True,True,completed,0
Austria,enhanced_arima,2024-07-25,ordinary,enhanced_ordinary_arima_p2_d1_q1,2024-07-24T08:00:00+02:00,2024-07-24T06:00:00+00:00,2024-07-24T06:00:00+00:00,2024-07-25 05:00:00+00:00,2024-07-25 06:00:00+00:00,2024-07-25T07:00:00+02:00,2024-07-25,6757.0,6549.336349163245,False,,,arima_forecast,True,True,completed,0
Austria,enhanced_arima,2024-07-25,ordinary,enhanced_ordinary_arima_p2_d1_q1,2024-07-24T08:00:00+02:00,2024-07-24T06:00:00+00:00,2024-07-24T06:00:00+00:00,2024-07-25 06:00:00+00:00,2024-07-25 07:00:00+00:00,2024-07-25T08:00:00+02:00,2024-07-25,6981.75,6566.98338076445,False,,,arima_forecast,True,True,completed,0
Austria,enhanced_arima,2024-07-25,ordinary,enhanced_ordinary_arima_p2_d1_q1,2024-07-24T08:00:00+02:00,2024-07-24T06:00:00+00:00,2024-07-24T06:00:00+00:00,2024-07-25 07:00:00+00:00,2024-07-25 08:00:00+00:00,2024-07-25T09:00:00+02:00,2024-07-25,6944.0,6578.543821889962,False,,,arima_forecast,True,True,completed,0
Austria,enhanced_arima,2024-07-25,ordinary,enhanced_ordinary_arima_p2_d1_q1,2024-07-24T08:00:00+02:00,2024-07-24T06:00:00+00:00,2024-07-24T06:00:00+00:00,2024-07-25 08:00:00+00:00,2024-07-25 09:00:00+00:00,2024-07-25T10:00:00+02:00,2024-07-25,7023.75,6582.93686805422,False,,,arima_forecast,True,True,completed,0
Austria,enhanced_arima,2024-07-25,ordinary,enhanced_ordinary_arima_p2_d1_q1,2024-07-24T08:00:00+02:00,2024-07-24T06:00:00+00:00,2024-07-24T06:00:00+00:00,2024-07-25 09:00:00+00:00,2024-07-25 10:00:00+00:00,2024-07-25T11:00:00+02:00,2024-07-25,7090.5,6580.966068566736,False,,,arima_forecast,True,True,completed,0
Austria,enhanced_arima,2024-07-25,ordinary,enhanced_ordinary_arima_p2_d1_q1,2024-07-24T08:00:00+02:00,2024-07-24T06:00:00+00:00,2024-07-24T06:00:00+00:00,2024-07-25 10:00:00+00:00,2024-07-25 11:00:00+00:00,2024-07-25T12:00:00+02:00,2024-07-25,6808.0,6574.667036471841,False,,,arima_forecast,True,True,completed,0
Austria,enhanced_arima,2024-07-25,ordinary,enhanced_ordinary_arima_p2_d1_q1,2024-07-24T08:00:00+02:00,2024-07-24T06:00:00+00:00,2024-07-24T06:00:00+00:00,2024-07-25 11:00:00+00:00,2024-07-25 12:00:00+00:00,2024-07-25T13:00:00+02:00,2024-07-25,6669.25,6566.540872964853,False,,,arima_forecast,True,True,completed,0
Austria,enhanced_arima,2024-07-25,ordinary,enhanced_ordinary_arima_p2_d1_q1,2024-07-24T08:00:00+02:00,2024-07-24T06:00:00+00:00,2024-07-24T06:00:00+00:00,2024-07-25 12:00:00+00:00,2024-07-25 13:00:00+00:00,2024-07-25T14:00:00+02:00,2024-07-25,6425.5,6558.874516229169,False,,,arima_forecast,True,True,completed,0
Austria,enhanced_arima,2024-07-25,ordinary,enhanced_ordinary_arima_p2_d1_q1,2024-07-24T08:00:00+02:00,2024-07-24T06:00:00+00:00,2024-07-24T06:00:00+00:00,2024-07-25 13:00:00+00:00,2024-07-25 14:00:00+00:00,2024-07-25T15:00:00+02:00,2024-07-25,6289.5,6553.279320913706,False,,,arima_forecast,True,True,completed,0
Austria,enhanced_arima,2024-07-25,ordinary,enhanced_ordinary_arima_p2_d1_q1,2024-07-24T08:00:00+02:00,2024-07-24T06:00:00+00:00,2024-07-24T06:00:00+00:00,2024-07-25 14:00:00+00:00,2024-07-25 15:00:00+00:00,2024-07-25T16:00:00+02:00,2024-07-25,6222.25,6550.497187514146,False,,,arima_forecast,True,True,completed,0
Austria,enhanced_arima,2024-07-25,ordinary,enhanced_ordinary_arima_p2_d1_q1,2024-07-24T08:00:00+02:00,2024-07-24T06:00:00+00:00,2024-07-24T06:00:00+00:00,2024-07-25 15:00:00+00:00,2024-07-25 16:00:00+00:00,2024-07-25T17:00:00+02:00,2024-07-25,6340.5,6550.450975600156,False,,,arima_forecast,True,True,completed,0
Austria,enhanced_arima,2024-07-25,ordinary,enhanced_ordinary_arima_p2_d1_q1,2024-07-24T08:00:00+02:00,2024-07-24T06:00:00+00:00,2024-07-24T06:00:00+00:00,2024-07-25 16:00:00+00:00,2024-07-25 17:00:00+00:00,2024-07-25T18:00:00+02:00,2024-07-25,6696.5,6552.466744785625,False,,,arima_forecast,True,True,completed,0
Austria,enhanced_arima,2024-07-25,ordinary,enhanced_ordinary_arima_p2_d1_q1,2024-07-24T08:00:00+02:00,2024-07-24T06:00:00+00:00,2024-07-24T06:00:00+00:00,2024-07-25 17:00:00+00:00,2024-07-25 18:00:00+00:00,2024-07-25T19:00:00+02:00,2024-07-25,6868.25,6555.574797602618,False,,,arima_forecast,True,True,completed,0
Austria,enhanced_arima,2024-07-25,ordinary,enhanced_ordinary_arima_p2_d1_q1,2024-07-24T08:00:00+02:00,2024-07-24T06:00:00+00:00,2024-07-24T06:00:00+00:00,2024-07-25 18:00:00+00:00,2024-07-25 19:00:00+00:00,2024-07-25T20:00:00+02:00,2024-07-25,6719.5,6558.802022150641,False,,,arima_forecast,True,True,completed,0
Austria,enhanced_arima,2024-07-25,ordinary,enhanced_ordinary_arima_p2_d1_q1,2024-07-24T08:00:00+02:00,2024-07-24T06:00:00+00:00,2024-07-24T06:00:00+00:00,2024-07-25 19:00:00+00:00,2024-07-25 20:00:00+00:00,2024-07-25T21:00:00+02:00,2024-07-25,6436.25,6561.391878824259,False,,,arima_forecast,True,True,completed,0
Austria,enhanced_arima,2024-07-25,ordinary,enhanced_ordinary_arima_p2_d1_q1,2024-07-24T08:00:00+02:00,2024-07-24T06:00:00+00:00,2024-07-24T06:00:00+00:00,2024-07-25 20:00:00+00:00,2024-07-25 21:00:00+00:00,2024-07-25T22:00:00+02:00,2024-07-25,6107.0,6562.920591521326,False,,,arima_forecast,True,True,completed,0
Austria,enhanced_arima,2024-07-25,ordinary,enhanced_ordinary_arima_p2_d1_q1,2024-07-24T08:00:00+02:00,2024-07-24T06:00:00+00:00,2024-07-24T06:00:00+00:00,2024-07-25 21:00:00+00:00,2024-07-25 22:00:00+00:00,2024-07-25T23:00:00+02:00,2024-07-25,5587.25,6563.30934129992,False,,,arima_forecast,True,True,completed,0
Austria,enhanced_arima,2024-11-03,ordinary,enhanced_ordinary_arima_p2_d1_q1,2024-11-02T08:00:00+01:00,2024-11-02T07:00:00+00:00,2024-11-02T07:00:00+00:00,2024-11-02 07:00:00+00:00,2024-11-02 08:00:00+00:00,2024-11-02T08:00:00+01:00,2024-11-02,6101.75,6040.513456690065,True,,,arima_forecast,False,False,completed,0
Austria,enhanced_arima,2024-11-03,ordinary,enhanced_ordinary_arima_p2_d1_q1,2024-11-02T08:00:00+01:00,2024-11-02T07:00:00+00:00,2024-11-02T07:00:00+00:00,2024-11-02 08:00:00+00:00,2024-11-02 09:00:00+00:00,2024-11-02T09:00:00+01:00,2024-11-02,6211.5,6088.075209223503,True,,,arima_forecast,False,False,completed,0
Austria,enhanced_arima,2024-11-03,ordinary,enhanced_ordinary_arima_p2_d1_q1,2024-11-02T08:00:00+01:00,2024-11-02T07:00:00+00:00,2024-11-02T07:00:00+00:00,2024-11-02 09:00:00+00:00,2024-11-02 10:00:00+00:00,2024-11-02T10:00:00+01:00,2024-11-02,6261.5,6019.34729309632,True,,,arima_forecast,False,False,completed,0
Austria,enhanced_arima,2024-11-03,ordinary,enhanced_ordinary_arima_p2_d1_q1,2024-11-02T08:00:00+01:00,2024-11-02T07:00:00+00:00,2024-11-02T07:00:00+00:00,2024-11-02 10:00:00+00:00,2024-11-02 11:00:00+00:00,2024-11-02T11:00:00+01:00,2024-11-02,6334.5,5878.248779617243,True,,,arima_forecast,False,False,completed,0
Austria,enhanced_arima,2024-11-03,ordinary,enhanced_ordinary_arima_p2_d1_q1,2024-11-02T08:00:00+01:00,2024-11-02T07:00:00+00:00,2024-11-02T07:00:00+00:00,2024-11-02 11:00:00+00:00,2024-11-02 12:00:00+00:00,2024-11-02T12:00:00+01:00,2024-11-02,6150.75,5714.288793759437,True,,,arima_forecast,False,False,completed,0
Austria,enhanced_arima,2024-11-03,ordinary,enhanced_ordinary_arima_p2_d1_q1,2024-11-02T08:00:00+01:00,2024-11-02T07:00:00+00:00,2024-11-02T07:00:00+00:00,2024-11-02 12:00:00+00:00,2024-11-02 13:00:00+00:00,2024-11-02T13:00:00+01:00,2024-11-02,5969.5,5570.034035009186,True,,,arima_forecast,False,False,completed,0
Austria,enhanced_arima,2024-11-03,ordinary,enhanced_ordinary_arima_p2_d1_q1,2024-11-02T08:00:00+01:00,2024-11-02T07:00:00+00:00,2024-11-02T07:00:00+00:00,2024-11-02 13:00:00+00:00,2024-11-02 14:00:00+00:00,2024-11-02T14:00:00+01:00,2024-11-02,5911.5,5473.204704247347,True,,,arima_forecast,False,False,completed,0
Austria,enhanced_arima,2024-11-03,ordinary,enhanced_ordinary_arima_p2_d1_q1,2024-11-02T08:00:00+01:00,2024-11-02T07:00:00+00:00,2024-11-02T07:00:00+00:00,2024-11-02 14:00:00+00:00,2024-11-02 15:00:00+00:00,2024-11-02T15:00:00+01:00,2024-11-02,6113.5,5434.05048825301,True,,,arima_forecast,False,False,completed,0
Austria,enhanced_arima,2024-11-03,ordinary,enhanced_ordinary_arima_p2_d1_q1,2024-11-02T08:00:00+01:00,2024-11-02T07:00:00+00:00,2024-11-02T07:00:00+00:00,2024-11-02 15:00:00+00:00,2024-11-02 16:00:00+00:00,2024-11-02T16:00:00+01:00,2024-11-02,6520.25,5447.308129025094,True,,,arima_forecast,False,False,completed,0
Austria,enhanced_arima,2024-11-03,ordinary,enhanced_ordinary_arima_p2_d1_q1,2024-11-02T08:00:00+01:00,2024-11-02T07:00:00+00:00,2024-11-02T07:00:00+00:00,2024-11-02 16:00:00+00:00,2024-11-02 17:00:00+00:00,2024-11-02T17:00:00+01:00,2024-11-02,6938.5,5497.179449370426,True,,,arima_forecast,False,False,completed,0
Austria,enhanced_arima,2024-11-03,ordinary,enhanced_ordinary_arima_p2_d1_q1,2024-11-02T08:00:00+01:00,2024-11-02T07:00:00+00:00,2024-11-02T07:00:00+00:00,2024-11-02 17:00:00+00:00,2024-11-02 18:00:00+00:00,2024-11-02T18:00:00+01:00,2024-11-02,6754.75,5563.468960961409,True,,,arima_forecast,False,False,completed,0
Austria,enhanced_arima,2024-11-03,ordinary,enhanced_ordinary_arima_p2_d1_q1,2024-11-02T08:00:00+01:00,2024-11-02T07:00:00+00:00,2024-11-02T07:00:00+00:00,2024-11-02 18:00:00+00:00,2024-11-02 19:00:00+00:00,2024-11-02T19:00:00+01:00,2024-11-02,6411.75,5627.213391886198,True,,,arima_forecast,False,False,completed,0
Austria,enhanced_arima,2024-11-03,ordinary,enhanced_ordinary_arima_p2_d1_q1,2024-11-02T08:00:00+01:00,2024-11-02T07:00:00+00:00,2024-11-02T07:00:00+00:00,2024-11-02 19:00:00+00:00,2024-11-02 20:00:00+00:00,2024-11-02T20:00:00+01:00,2024-11-02,6041.25,5674.657595431758,True,,,arima_forecast,False,False,completed,0
Austria,enhanced_arima,2024-11-03,ordinary,enhanced_ordinary_arima_p2_d1_q1,2024-11-02T08:00:00+01:00,2024-11-02T07:00:00+00:00,2024-11-02T07:00:00+00:00,2024-11-02 20:00:00+00:00,2024-11-02 21:00:00+00:00,2024-11-02T21:00:00+01:00,2024-11-02,5723.25,5699.08420152443,True,,,arima_forecast,False,False,completed,0
Austria,enhanced_arima,2024-11-03,ordinary,enhanced_ordinary_arima_p2_d1_q1,2024-11-02T08:00:00+01:00,2024-11-02T07:00:00+00:00,2024-11-02T07:00:00+00:00,2024-11-02 21:00:00+00:00,2024-11-02 22:00:00+00:00,2024-11-02T22:00:00+01:00,2024-11-02,5636.25,5700.608832318074,True,,,arima_forecast,False,False,completed,0
Austria,enhanced_arima,2024-11-03,ordinary,enhanced_ordinary_arima_p2_d1_q1,2024-11-02T08:00:00+01:00,2024-11-02T07:00:00+00:00,2024-11-02T07:00:00+00:00,2024-11-02 22:00:00+00:00,2024-11-02 23:00:00+00:00,2024-11-02T23:00:00+01:00,2024-11-02,5261.25,5684.484229588013,True,,,arima_forecast,False,False,completed,0
Austria,enhanced_arima,2024-11-03,ordinary,enhanced_ordinary_arima_p2_d1_q1,2024-11-02T08:00:00+01:00,2024-11-02T07:00:00+00:00,2024-11-02T07:00:00+00:00,2024-11-02 23:00:00+00:00,2024-11-03 00:00:00+00:00,2024-11-03T00:00:00+01:00,2024-11-03,5071.5,5658.6601665369035,False,,,arima_forecast,True,True,completed,0
Austria,enhanced_arima,2024-11-03,ordinary,enhanced_ordinary_arima_p2_d1_q1,2024-11-02T08:00:00+01:00,2024-11-02T07:00:00+00:00,2024-11-02T07:00:00+00:00,2024-11-03 00:00:00+00:00,2024-11-03 01:00:00+00:00,2024-11-03T01:00:00+01:00,2024-11-03,4823.0,5631.331353980415,False,,,arima_forecast,True,True,completed,0
Austria,enhanced_arima,2024-11-03,ordinary,enhanced_ordinary_arima_p2_d1_q1,2024-11-02T08:00:00+01:00,2024-11-02T07:00:00+00:00,2024-11-02T07:00:00+00:00,2024-11-03 01:00:00+00:00,2024-11-03 02:00:00+00:00,2024-11-03T02:00:00+01:00,2024-11-03,4797.25,5609.029326737129,False,,,arima_forecast,True,True,completed,0
Austria,enhanced_arima,2024-11-03,ordinary,enhanced_ordinary_arima_p2_d1_q1,2024-11-02T08:00:00+01:00,2024-11-02T07:00:00+00:00,2024-11-02T07:00:00+00:00,2024-11-03 02:00:00+00:00,2024-11-03 03:00:00+00:00,2024-11-03T03:00:00+01:00,2024-11-03,4717.25,5595.555737652828,False,,,arima_forecast,True,True,completed,0
Austria,enhanced_arima,2024-11-03,ordinary,enhanced_ordinary_arima_p2_d1_q1,2024-11-02T08:00:00+01:00,2024-11-02T07:00:00+00:00,2024-11-02T07:00:00+00:00,2024-11-03 03:00:00+00:00,2024-11-03 04:00:00+00:00,2024-11-03T04:00:00+01:00,2024-11-03,4730.0,5591.792030235856,False,,,arima_forecast,True,True,completed,0
Austria,enhanced_arima,2024-11-03,ordinary,enhanced_ordinary_arima_p2_d1_q1,2024-11-02T08:00:00+01:00,2024-11-02T07:00:00+00:00,2024-11-02T07:00:00+00:00,2024-11-03 04:00:00+00:00,2024-11-03 05:00:00+00:00,2024-11-03T05:00:00+01:00,2024-11-03,4944.5,5596.214254096047,False,,,arima_forecast,True,True,completed,0
Austria,enhanced_arima,2024-11-03,ordinary,enhanced_ordinary_arima_p2_d1_q1,2024-11-02T08:00:00+01:00,2024-11-02T07:00:00+00:00,2024-11-02T07:00:00+00:00,2024-11-03 05:00:00+00:00,2024-11-03 06:00:00+00:00,2024-11-03T06:00:00+01:00,2024-11-03,5233.75,5605.824592841884,False,,,arima_forecast,True,True,completed,0
Austria,enhanced_arima,2024-11-03,ordinary,enhanced_ordinary_arima_p2_d1_q1,2024-11-02T08:00:00+01:00,2024-11-02T07:00:00+00:00,2024-11-02T07:00:00+00:00,2024-11-03 06:00:00+00:00,2024-11-03 07:00:00+00:00,2024-11-03T07:00:00+01:00,2024-11-03,5434.25,5617.187672039226,False,,,arima_forecast,True,True,completed,0
Austria,enhanced_arima,2024-11-03,ordinary,enhanced_ordinary_arima_p2_d1_q1,2024-11-02T08:00:00+01:00,2024-11-02T07:00:00+00:00,2024-11-02T07:00:00+00:00,2024-11-03 07:00:00+00:00,2024-11-03 08:00:00+00:00,2024-11-03T08:00:00+01:00,2024-11-03,5586.5,5627.31231012727,False,,,arima_forecast,True,True,completed,0
Austria,enhanced_arima,2024-11-03,ordinary,enhanced_ordinary_arima_p2_d1_q1,2024-11-02T08:00:00+01:00,2024-11-02T07:00:00+00:00,2024-11-02T07:00:00+00:00,2024-11-03 08:00:00+00:00,2024-11-03 09:00:00+00:00,2024-11-03T09:00:00+01:00,2024-11-03,5767.25,5634.217609244494,False,,,arima_forecast,True,True,completed,0
Austria,enhanced_arima,2024-11-03,ordinary,enhanced_ordinary_arima_p2_d1_q1,2024-11-02T08:00:00+01:00,2024-11-02T07:00:00+00:00,2024-11-02T07:00:00+00:00,2024-11-03 09:00:00+00:00,2024-11-03 10:00:00+00:00,2024-11-03T10:00:00+01:00,2024-11-03,5840.5,5637.1328469040445,False,,,arima_forecast,True,True,completed,0
Austria,enhanced_arima,2024-11-03,ordinary,enhanced_ordinary_arima_p2_d1_q1,2024-11-02T08:00:00+01:00,2024-11-02T07:00:00+00:00,2024-11-02T07:00:00+00:00,2024-11-03 10:00:00+00:00,2024-11-03 11:00:00+00:00,2024-11-03T11:00:00+01:00,2024-11-03,5833.25,5636.3755733741855,False,,,arima_forecast,True,True,completed,0
Austria,enhanced_arima,2024-11-03,ordinary,enhanced_ordinary_arima_p2_d1_q1,2024-11-02T08:00:00+01:00,2024-11-02T07:00:00+00:00,2024-11-02T07:00:00+00:00,2024-11-03 11:00:00+00:00,2024-11-03 12:00:00+00:00,2024-11-03T12:00:00+01:00,2024-11-03,5593.5,5633.014046667418,False,,,arima_forecast,True,True,completed,0
Austria,enhanced_arima,2024-11-03,ordinary,enhanced_ordinary_arima_p2_d1_q1,2024-11-02T08:00:00+01:00,2024-11-02T07:00:00+00:00,2024-11-02T07:00:00+00:00,2024-11-03 12:00:00+00:00,2024-11-03 13:00:00+00:00,2024-11-03T13:00:00+01:00,2024-11-03,5388.25,5628.442842420243,False,,,arima_forecast,True,True,completed,0
Austria,enhanced_arima,2024-11-03,ordinary,enhanced_ordinary_arima_p2_d1_q1,2024-11-02T08:00:00+01:00,2024-11-02T07:00:00+00:00,2024-11-02T07:00:00+00:00,2024-11-03 13:00:00+00:00,2024-11-03 14:00:00+00:00,2024-11-03T14:00:00+01:00,2024-11-03,5369.0,5623.988574440672,False,,,arima_forecast,True,True,completed,0
Austria,enhanced_arima,2024-11-03,ordinary,enhanced_ordinary_arima_p2_d1_q1,2024-11-02T08:00:00+01:00,2024-11-02T07:00:00+00:00,2024-11-02T07:00:00+00:00,2024-11-03 14:00:00+00:00,2024-11-03 15:00:00+00:00,2024-11-03T15:00:00+01:00,2024-11-03,5666.75,5620.627294578603,False,,,arima_forecast,True,True,completed,0
Austria,enhanced_arima,2024-11-03,ordinary,enhanced_ordinary_arima_p2_d1_q1,2024-11-02T08:00:00+01:00,2024-11-02T07:00:00+00:00,2024-11-02T07:00:00+00:00,2024-11-03 15:00:00+00:00,2024-11-03 16:00:00+00:00,2024-11-03T16:00:00+01:00,2024-11-03,6172.25,5618.850018982682,False,,,arima_forecast,True,True,completed,0
Austria,enhanced_arima,2024-11-03,ordinary,enhanced_ordinary_arima_p2_d1_q1,2024-11-02T08:00:00+01:00,2024-11-02T07:00:00+00:00,2024-11-02T07:00:00+00:00,2024-11-03 16:00:00+00:00,2024-11-03 17:00:00+00:00,2024-11-03T17:00:00+01:00,2024-11-03,6717.5,5618.670512317477,False,,,arima_forecast,True,True,completed,0
Austria,enhanced_arima,2024-11-03,ordinary,enhanced_ordinary_arima_p2_d1_q1,2024-11-02T08:00:00+01:00,2024-11-02T07:00:00+00:00,2024-11-02T07:00:00+00:00,2024-11-03 17:00:00+00:00,2024-11-03 18:00:00+00:00,2024-11-03T18:00:00+01:00,2024-11-03,6740.5,5619.738810344767,False,,,arima_forecast,True,True,completed,0
Austria,enhanced_arima,2024-11-03,ordinary,enhanced_ordinary_arima_p2_d1_q1,2024-11-02T08:00:00+01:00,2024-11-02T07:00:00+00:00,2024-11-02T07:00:00+00:00,2024-11-03 18:00:00+00:00,2024-11-03 19:00:00+00:00,2024-11-03T19:00:00+01:00,2024-11-03,6602.5,5621.509037133517,False,,,arima_forecast,True,True,completed,0
Austria,enhanced_arima,2024-11-03,ordinary,enhanced_ordinary_arima_p2_d1_q1,2024-11-02T08:00:00+01:00,2024-11-02T07:00:00+00:00,2024-11-02T07:00:00+00:00,2024-11-03 19:00:00+00:00,2024-11-03 20:00:00+00:00,2024-11-03T20:00:00+01:00,2024-11-03,6312.25,5623.410398833557,False,,,arima_forecast,True,True,completed,0
Austria,enhanced_arima,2024-11-03,ordinary,enhanced_ordinary_arima_p2_d1_q1,2024-11-02T08:00:00+01:00,2024-11-02T07:00:00+00:00,2024-11-02T07:00:00+00:00,2024-11-03 20:00:00+00:00,2024-11-03 21:00:00+00:00,2024-11-03T21:00:00+01:00,2024-11-03,6020.75,5624.98201134246,False,,,arima_forecast,True,True,completed,0
Austria,enhanced_arima,2024-11-03,ordinary,enhanced_ordinary_arima_p2_d1_q1,2024-11-02T08:00:00+01:00,2024-11-02T07:00:00+00:00,2024-11-02T07:00:00+00:00,2024-11-03 21:00:00+00:00,2024-11-03 22:00:00+00:00,2024-11-03T22:00:00+01:00,2024-11-03,6001.75,5625.949990462018,False,,,arima_forecast,True,True,completed,0
Austria,enhanced_arima,2024-11-03,ordinary,enhanced_ordinary_arima_p2_d1_q1,2024-11-02T08:00:00+01:00,2024-11-02T07:00:00+00:00,2024-11-02T07:00:00+00:00,2024-11-03 22:00:00+00:00,2024-11-03 23:00:00+00:00,2024-11-03T23:00:00+01:00,2024-11-03,5659.75,5626.243526873754,False,,,arima_forecast,True,True,completed,0
Austria,enhanced_arima,2024-02-15,weekly_differenced,weekly_differenced_arima_p1_d0_q1,2024-02-14T08:00:00+01:00,2024-02-14T07:00:00+00:00,2024-02-14T07:00:00+00:00,2024-02-14 07:00:00+00:00,2024-02-14 08:00:00+00:00,2024-02-14T08:00:00+01:00,2024-02-14,8872.0,8973.085796529647,True,2024-02-07 07:00:00+00:00,8832.0,observed,False,False,completed,0
Austria,enhanced_arima,2024-02-15,weekly_differenced,weekly_differenced_arima_p1_d0_q1,2024-02-14T08:00:00+01:00,2024-02-14T07:00:00+00:00,2024-02-14T07:00:00+00:00,2024-02-14 08:00:00+00:00,2024-02-14 09:00:00+00:00,2024-02-14T09:00:00+01:00,2024-02-14,8675.25,8869.220838719979,True,2024-02-07 08:00:00+00:00,8727.75,observed,False,False,completed,0
Austria,enhanced_arima,2024-02-15,weekly_differenced,weekly_differenced_arima_p1_d0_q1,2024-02-14T08:00:00+01:00,2024-02-14T07:00:00+00:00,2024-02-14T07:00:00+00:00,2024-02-14 09:00:00+00:00,2024-02-14 10:00:00+00:00,2024-02-14T10:00:00+01:00,2024-02-14,8429.75,8570.848172238886,True,2024-02-07 09:00:00+00:00,8429.0,observed,False,False,completed,0
Austria,enhanced_arima,2024-02-15,weekly_differenced,weekly_differenced_arima_p1_d0_q1,2024-02-14T08:00:00+01:00,2024-02-14T07:00:00+00:00,2024-02-14T07:00:00+00:00,2024-02-14 10:00:00+00:00,2024-02-14 11:00:00+00:00,2024-02-14T11:00:00+01:00,2024-02-14,8233.75,8474.967951416511,True,2024-02-07 10:00:00+00:00,8332.75,observed,False,False,completed,0
Austria,enhanced_arima,2024-02-15,weekly_differenced,weekly_differenced_arima_p1_d0_q1,2024-02-14T08:00:00+01:00,2024-02-14T07:00:00+00:00,2024-02-14T07:00:00+00:00,2024-02-14 11:00:00+00:00,2024-02-14 12:00:00+00:00,2024-02-14T12:00:00+01:00,2024-02-14,7984.0,8337.830327493251,True,2024-02-07 11:00:00+00:00,8195.25,observed,False,False,completed,0
Austria,enhanced_arima,2024-02-15,weekly_differenced,weekly_differenced_arima_p1_d0_q1,2024-02-14T08:00:00+01:00,2024-02-14T07:00:00+00:00,2024-02-14T07:00:00+00:00,2024-02-14 12:00:00+00:00,2024-02-14 13:00:00+00:00,2024-02-14T13:00:00+01:00,2024-02-14,7965.75,8436.935448681625,True,2024-02-07 12:00:00+00:00,8294.0,observed,False,False,completed,0
Austria,enhanced_arima,2024-02-15,weekly_differenced,weekly_differenced_arima_p1_d0_q1,2024-02-14T08:00:00+01:00,2024-02-14T07:00:00+00:00,2024-02-14T07:00:00+00:00,2024-02-14 13:00:00+00:00,2024-02-14 14:00:00+00:00,2024-02-14T14:00:00+01:00,2024-02-14,7987.75,8349.783460226885,True,2024-02-07 13:00:00+00:00,8206.5,observed,False,False,completed,0
Austria,enhanced_arima,2024-02-15,weekly_differenced,weekly_differenced_arima_p1_d0_q1,2024-02-14T08:00:00+01:00,2024-02-14T07:00:00+00:00,2024-02-14T07:00:00+00:00,2024-02-14 14:00:00+00:00,2024-02-14 15:00:00+00:00,2024-02-14T15:00:00+01:00,2024-02-14,8143.25,8400.874504466428,True,2024-02-07 14:00:00+00:00,8257.25,observed,False,False,completed,0
Austria,enhanced_arima,2024-02-15,weekly_differenced,weekly_differenced_arima_p1_d0_q1,2024-02-14T08:00:00+01:00,2024-02-14T07:00:00+00:00,2024-02-14T07:00:00+00:00,2024-02-14 15:00:00+00:00,2024-02-14 16:00:00+00:00,2024-02-14T16:00:00+01:00,2024-02-14,8328.5,8556.95872088801,True,2024-02-07 15:00:00+00:00,8413.0,observed,False,False,completed,0
Austria,enhanced_arima,2024-02-15,weekly_differenced,weekly_differenced_arima_p1_d0_q1,2024-02-14T08:00:00+01:00,2024-02-14T07:00:00+00:00,2024-02-14T07:00:00+00:00,2024-02-14 16:00:00+00:00,2024-02-14 17:00:00+00:00,2024-02-14T17:00:00+01:00,2024-02-14,8743.0,8892.536246186792,True,2024-02-07 16:00:00+00:00,8748.25,observed,False,False,completed,0
Austria,enhanced_arima,2024-02-15,weekly_differenced,weekly_differenced_arima_p1_d0_q1,2024-02-14T08:00:00+01:00,2024-02-14T07:00:00+00:00,2024-02-14T07:00:00+00:00,2024-02-14 17:00:00+00:00,2024-02-14 18:00:00+00:00,2024-02-14T18:00:00+01:00,2024-02-14,8828.5,8912.857214321255,True,2024-02-07 17:00:00+00:00,8768.25,observed,False,False,completed,0
Austria,enhanced_arima,2024-02-15,weekly_differenced,weekly_differenced_arima_p1_d0_q1,2024-02-14T08:00:00+01:00,2024-02-14T07:00:00+00:00,2024-02-14T07:00:00+00:00,2024-02-14 18:00:00+00:00,2024-02-14 19:00:00+00:00,2024-02-14T19:00:00+01:00,2024-02-14,8450.5,8501.42175656799,True,2024-02-07 18:00:00+00:00,8356.5,observed,False,False,completed,0
Austria,enhanced_arima,2024-02-15,weekly_differenced,weekly_differenced_arima_p1_d0_q1,2024-02-14T08:00:00+01:00,2024-02-14T07:00:00+00:00,2024-02-14T07:00:00+00:00,2024-02-14 19:00:00+00:00,2024-02-14 20:00:00+00:00,2024-02-14T20:00:00+01:00,2024-02-14,7872.0,7954.2300015753835,True,2024-02-07 19:00:00+00:00,7809.0,observed,False,False,completed,0
Austria,enhanced_arima,2024-02-15,weekly_differenced,weekly_differenced_arima_p1_d0_q1,2024-02-14T08:00:00+01:00,2024-02-14T07:00:00+00:00,2024-02-14T07:00:00+00:00,2024-02-14 20:00:00+00:00,2024-02-14 21:00:00+00:00,2024-02-14T21:00:00+01:00,2024-02-14,7265.5,7370.282075416242,True,2024-02-07 20:00:00+00:00,7224.75,observed,False,False,completed,0
Austria,enhanced_arima,2024-02-15,weekly_differenced,weekly_differenced_arima_p1_d0_q1,2024-02-14T08:00:00+01:00,2024-02-14T07:00:00+00:00,2024-02-14T07:00:00+00:00,2024-02-14 21:00:00+00:00,2024-02-14 22:00:00+00:00,2024-02-14T22:00:00+01:00,2024-02-14,7075.0,7121.078101639349,True,2024-02-07 21:00:00+00:00,6975.25,observed,False,False,completed,0
Austria,enhanced_arima,2024-02-15,weekly_differenced,weekly_differenced_arima_p1_d0_q1,2024-02-14T08:00:00+01:00,2024-02-14T07:00:00+00:00,2024-02-14T07:00:00+00:00,2024-02-14 22:00:00+00:00,2024-02-14 23:00:00+00:00,2024-02-14T23:00:00+01:00,2024-02-14,6547.5,6654.618201320005,True,2024-02-07 22:00:00+00:00,6508.5,observed,False,False,completed,0
Austria,enhanced_arima,2024-02-15,weekly_differenced,weekly_differenced_arima_p1_d0_q1,2024-02-14T08:00:00+01:00,2024-02-14T07:00:00+00:00,2024-02-14T07:00:00+00:00,2024-02-14 23:00:00+00:00,2024-02-15 00:00:00+00:00,2024-02-15T00:00:00+01:00,2024-02-15,6185.75,6341.152493109541,False,2024-02-07 23:00:00+00:00,6194.75,observed,True,True,completed,0
Austria,enhanced_arima,2024-02-15,weekly_differenced,weekly_differenced_arima_p1_d0_q1,2024-02-14T08:00:00+01:00,2024-02-14T07:00:00+00:00,2024-02-14T07:00:00+00:00,2024-02-15 00:00:00+00:00,2024-02-15 01:00:00+00:00,2024-02-15T01:00:00+01:00,2024-02-15,5892.5,6042.181093283848,False,2024-02-08 00:00:00+00:00,5895.5,observed,True,True,completed,0
Austria,enhanced_arima,2024-02-15,weekly_differenced,weekly_differenced_arima_p1_d0_q1,2024-02-14T08:00:00+01:00,2024-02-14T07:00:00+00:00,2024-02-14T07:00:00+00:00,2024-02-15 01:00:00+00:00,2024-02-15 02:00:00+00:00,2024-02-15T02:00:00+01:00,2024-02-15,5809.75,5927.704115790938,False,2024-02-08 01:00:00+00:00,5780.75,observed,True,True,completed,0
Austria,enhanced_arima,2024-02-15,weekly_differenced,weekly_differenced_arima_p1_d0_q1,2024-02-14T08:00:00+01:00,2024-02-14T07:00:00+00:00,2024-02-14T07:00:00+00:00,2024-02-15 02:00:00+00:00,2024-02-15 03:00:00+00:00,2024-02-15T03:00:00+01:00,2024-02-15,5751.25,5885.4716722975445,False,2024-02-08 02:00:00+00:00,5738.25,observed,True,True,completed,0
Austria,enhanced_arima,2024-02-15,weekly_differenced,weekly_differenced_arima_p1_d0_q1,2024-02-14T08:00:00+01:00,2024-02-14T07:00:00+00:00,2024-02-14T07:00:00+00:00,2024-02-15 03:00:00+00:00,2024-02-15 04:00:00+00:00,2024-02-15T04:00:00+01:00,2024-02-15,5938.5,6054.733872234798,False,2024-02-08 03:00:00+00:00,5907.25,observed,True,True,completed,0
Austria,enhanced_arima,2024-02-15,weekly_differenced,weekly_differenced_arima_p1_d0_q1,2024-02-14T08:00:00+01:00,2024-02-14T07:00:00+00:00,2024-02-14T07:00:00+00:00,2024-02-15 04:00:00+00:00,2024-02-15 05:00:00+00:00,2024-02-15T05:00:00+01:00,2024-02-15,6613.0,6763.740822842979,False,2024-02-08 04:00:00+00:00,6616.0,observed,True,True,completed,0
Austria,enhanced_arima,2024-02-15,weekly_differenced,weekly_differenced_arima_p1_d0_q1,2024-02-14T08:00:00+01:00,2024-02-14T07:00:00+00:00,2024-02-14T07:00:00+00:00,2024-02-15 05:00:00+00:00,2024-02-15 06:00:00+00:00,2024-02-15T06:00:00+01:00,2024-02-15,7800.5,7929.992629215384,False,2024-02-08 05:00:00+00:00,7782.0,observed,True,True,completed,0
Austria,enhanced_arima,2024-02-15,weekly_differenced,weekly_differenced_arima_p1_d0_q1,2024-02-14T08:00:00+01:00,2024-02-14T07:00:00+00:00,2024-02-14T07:00:00+00:00,2024-02-15 06:00:00+00:00,2024-02-15 07:00:00+00:00,2024-02-15T07:00:00+01:00,2024-02-15,8627.5,8725.739394341308,False,2024-02-08 06:00:00+00:00,8577.5,observed,True,True,completed,0
Austria,enhanced_arima,2024-02-15,weekly_differenced,weekly_differenced_arima_p1_d0_q1,2024-02-14T08:00:00+01:00,2024-02-14T07:00:00+00:00,2024-02-14T07:00:00+00:00,2024-02-15 07:00:00+00:00,2024-02-15 08:00:00+00:00,2024-02-15T08:00:00+01:00,2024-02-15,8883.0,8974.731219148165,False,2024-02-08 07:00:00+00:00,8826.25,observed,True,True,completed,0
Austria,enhanced_arima,2024-02-15,weekly_differenced,weekly_differenced_arima_p1_d0_q1,2024-02-14T08:00:00+01:00,2024-02-14T07:00:00+00:00,2024-02-14T07:00:00+00:00,2024-02-15 08:00:00+00:00,2024-02-15 09:00:00+00:00,2024-02-15T09:00:00+01:00,2024-02-15,8733.0,8941.96820254277,False,2024-02-08 08:00:00+00:00,8793.25,observed,True,True,completed,0
Austria,enhanced_arima,2024-02-15,weekly_differenced,weekly_differenced_arima_p1_d0_q1,2024-02-14T08:00:00+01:00,2024-02-14T07:00:00+00:00,2024-02-14T07:00:00+00:00,2024-02-15 09:00:00+00:00,2024-02-15 10:00:00+00:00,2024-02-15T10:00:00+01:00,2024-02-15,8431.25,8713.700441451787,False,2024-02-08 09:00:00+00:00,8564.75,observed,True,True,completed,0
Austria,enhanced_arima,2024-02-15,weekly_differenced,weekly_differenced_arima_p1_d0_q1,2024-02-14T08:00:00+01:00,2024-02-14T07:00:00+00:00,2024-02-14T07:00:00+00:00,2024-02-15 10:00:00+00:00,2024-02-15 11:00:00+00:00,2024-02-15T11:00:00+01:00,2024-02-15,8117.5,8598.678030861385,False,2024-02-08 10:00:00+00:00,8449.5,observed,True,True,completed,0
Austria,enhanced_arima,2024-02-15,weekly_differenced,weekly_differenced_arima_p1_d0_q1,2024-02-14T08:00:00+01:00,2024-02-14T07:00:00+00:00,2024-02-14T07:00:00+00:00,2024-02-15 11:00:00+00:00,2024-02-15 12:00:00+00:00,2024-02-15T12:00:00+01:00,2024-02-15,7709.75,8350.401063856069,False,2024-02-08 11:00:00+00:00,8201.0,observed,True,True,completed,0
Austria,enhanced_arima,2024-02-15,weekly_differenced,weekly_differenced_arima_p1_d0_q1,2024-02-14T08:00:00+01:00,2024-02-14T07:00:00+00:00,2024-02-14T07:00:00+00:00,2024-02-15 12:00:00+00:00,2024-02-15 13:00:00+00:00,2024-02-15T13:00:00+01:00,2024-02-15,7568.5,8229.119631656766,False,2024-02-08 12:00:00+00:00,8079.5,observed,True,True,completed,0
Austria,enhanced_arima,2024-02-15,weekly_differenced,weekly_differenced_arima_p1_d0_q1,2024-02-14T08:00:00+01:00,2024-02-14T07:00:00+00:00,2024-02-14T07:00:00+00:00,2024-02-15 13:00:00+00:00,2024-02-15 14:00:00+00:00,2024-02-15T14:00:00+01:00,2024-02-15,7498.75,8163.083823658131,False,2024-02-08 13:00:00+00:00,8013.25,observed,True,True,completed,0
Austria,enhanced_arima,2024-02-15,weekly_differenced,weekly_differenced_arima_p1_d0_q1,2024-02-14T08:00:00+01:00,2024-02-14T07:00:00+00:00,2024-02-14T07:00:00+00:00,2024-02-15 14:00:00+00:00,2024-02-15 15:00:00+00:00,2024-02-15T15:00:00+01:00,2024-02-15,7634.5,8289.793727465109,False,2024-02-08 14:00:00+00:00,8139.75,observed,True,True,completed,0
Austria,enhanced_arima,2024-02-15,weekly_differenced,weekly_differenced_arima_p1_d0_q1,2024-02-14T08:00:00+01:00,2024-02-14T07:00:00+00:00,2024-02-14T07:00:00+00:00,2024-02-15 15:00:00+00:00,2024-02-15 16:00:00+00:00,2024-02-15T16:00:00+01:00,2024-02-15,7994.25,8503.499428928759,False,2024-02-08 15:00:00+00:00,8353.25,observed,True,True,completed,0
Austria,enhanced_arima,2024-02-15,weekly_differenced,weekly_differenced_arima_p1_d0_q1,2024-02-14T08:00:00+01:00,2024-02-14T07:00:00+00:00,2024-02-14T07:00:00+00:00,2024-02-15 16:00:00+00:00,2024-02-15 17:00:00+00:00,2024-02-15T17:00:00+01:00,2024-02-15,8497.75,8881.951012181382,False,2024-02-08 16:00:00+00:00,8731.5,observed,True,True,completed,0
Austria,enhanced_arima,2024-02-15,weekly_differenced,weekly_differenced_arima_p1_d0_q1,2024-02-14T08:00:00+01:00,2024-02-14T07:00:00+00:00,2024-02-14T07:00:00+00:00,2024-02-15 17:00:00+00:00,2024-02-15 18:00:00+00:00,2024-02-15T18:00:00+01:00,2024-02-15,8659.25,8867.148559670917,False,2024-02-08 17:00:00+00:00,8716.5,observed,True,True,completed,0
Austria,enhanced_arima,2024-02-15,weekly_differenced,weekly_differenced_arima_p1_d0_q1,2024-02-14T08:00:00+01:00,2024-02-14T07:00:00+00:00,2024-02-14T07:00:00+00:00,2024-02-15 18:00:00+00:00,2024-02-15 19:00:00+00:00,2024-02-15T19:00:00+01:00,2024-02-15,8319.25,8454.59215219467,False,2024-02-08 18:00:00+00:00,8303.75,observed,True,True,completed,0
Austria,enhanced_arima,2024-02-15,weekly_differenced,weekly_differenced_arima_p1_d0_q1,2024-02-14T08:00:00+01:00,2024-02-14T07:00:00+00:00,2024-02-14T07:00:00+00:00,2024-02-15 19:00:00+00:00,2024-02-15 20:00:00+00:00,2024-02-15T20:00:00+01:00,2024-02-15,7817.75,7931.281868932358,False,2024-02-08 19:00:00+00:00,7780.25,observed,True,True,completed,0
Austria,enhanced_arima,2024-02-15,weekly_differenced,weekly_differenced_arima_p1_d0_q1,2024-02-14T08:00:00+01:00,2024-02-14T07:00:00+00:00,2024-02-14T07:00:00+00:00,2024-02-15 20:00:00+00:00,2024-02-15 21:00:00+00:00,2024-02-15T21:00:00+01:00,2024-02-15,7240.5,7322.967787478494,False,2024-02-08 20:00:00+00:00,7171.75,observed,True,True,completed,0
Austria,enhanced_arima,2024-02-15,weekly_differenced,weekly_differenced_arima_p1_d0_q1,2024-02-14T08:00:00+01:00,2024-02-14T07:00:00+00:00,2024-02-14T07:00:00+00:00,2024-02-15 21:00:00+00:00,2024-02-15 22:00:00+00:00,2024-02-15T22:00:00+01:00,2024-02-15,7037.75,7093.649983874124,False,2024-02-08 21:00:00+00:00,6942.25,observed,True,True,completed,0
Austria,enhanced_arima,2024-02-15,weekly_differenced,weekly_differenced_arima_p1_d0_q1,2024-02-14T08:00:00+01:00,2024-02-14T07:00:00+00:00,2024-02-14T07:00:00+00:00,2024-02-15 22:00:00+00:00,2024-02-15 23:00:00+00:00,2024-02-15T23:00:00+01:00,2024-02-15,6525.0,6600.828532637926,False,2024-02-08 22:00:00+00:00,6449.25,observed,True,True,completed,0
Austria,enhanced_arima,2024-03-31,weekly_differenced,weekly_differenced_arima_p1_d0_q1,2024-03-30T08:00:00+01:00,2024-03-30T07:00:00+00:00,2024-03-30T07:00:00+00:00,2024-03-30 07:00:00+00:00,2024-03-30 08:00:00+00:00,2024-03-30T08:00:00+01:00,2024-03-30,6170.25,6140.2482765068835,True,2024-03-23 07:00:00+00:00,6356.0,observed,False,False,completed,0
Austria,enhanced_arima,2024-03-31,weekly_differenced,weekly_differenced_arima_p1_d0_q1,2024-03-30T08:00:00+01:00,2024-03-30T07:00:00+00:00,2024-03-30T07:00:00+00:00,2024-03-30 08:00:00+00:00,2024-03-30 09:00:00+00:00,2024-03-30T09:00:00+01:00,2024-03-30,6365.5,6236.251578621037,True,2024-03-23 08:00:00+00:00,6445.75,observed,False,False,completed,0
Austria,enhanced_arima,2024-03-31,weekly_differenced,weekly_differenced_arima_p1_d0_q1,2024-03-30T08:00:00+01:00,2024-03-30T07:00:00+00:00,2024-03-30T07:00:00+00:00,2024-03-30 09:00:00+00:00,2024-03-30 10:00:00+00:00,2024-03-30T10:00:00+01:00,2024-03-30,6271.75,6182.592903761026,True,2024-03-23 09:00:00+00:00,6386.0,observed,False,False,completed,0
Austria,enhanced_arima,2024-03-31,weekly_differenced,weekly_differenced_arima_p1_d0_q1,2024-03-30T08:00:00+01:00,2024-03-30T07:00:00+00:00,2024-03-30T07:00:00+00:00,2024-03-30 10:00:00+00:00,2024-03-30 11:00:00+00:00,2024-03-30T11:00:00+01:00,2024-03-30,6148.25,6097.2764475565655,True,2024-03-23 10:00:00+00:00,6294.75,observed,False,False,completed,0
Austria,enhanced_arima,2024-03-31,weekly_differenced,weekly_differenced_arima_p1_d0_q1,2024-03-30T08:00:00+01:00,2024-03-30T07:00:00+00:00,2024-03-30T07:00:00+00:00,2024-03-30 11:00:00+00:00,2024-03-30 12:00:00+00:00,2024-03-30T12:00:00+01:00,2024-03-30,5845.0,5990.806296959522,True,2024-03-23 11:00:00+00:00,6182.5,observed,False,False,completed,0
Austria,enhanced_arima,2024-03-31,weekly_differenced,weekly_differenced_arima_p1_d0_q1,2024-03-30T08:00:00+01:00,2024-03-30T07:00:00+00:00,2024-03-30T07:00:00+00:00,2024-03-30 12:00:00+00:00,2024-03-30 13:00:00+00:00,2024-03-30T13:00:00+01:00,2024-03-30,5542.0,5903.18643305896,True,2024-03-23 12:00:00+00:00,6089.25,observed,False,False,completed,0
Austria,enhanced_arima,2024-03-31,weekly_differenced,weekly_differenced_arima_p1_d0_q1,2024-03-30T08:00:00+01:00,2024-03-30T07:00:00+00:00,2024-03-30T07:00:00+00:00,2024-03-30 13:00:00+00:00,2024-03-30 14:00:00+00:00,2024-03-30T14:00:00+01:00,2024-03-30,5438.0,5916.420733823263,True,2024-03-23 13:00:00+00:00,6097.0,observed,False,False,completed,0
Austria,enhanced_arima,2024-03-31,weekly_differenced,weekly_differenced_arima_p1_d0_q1,2024-03-30T08:00:00+01:00,2024-03-30T07:00:00+00:00,2024-03-30T07:00:00+00:00,2024-03-30 14:00:00+00:00,2024-03-30 15:00:00+00:00,2024-03-30T15:00:00+01:00,2024-03-30,5528.25,6010.262976771232,True,2024-03-23 14:00:00+00:00,6185.5,observed,False,False,completed,0
Austria,enhanced_arima,2024-03-31,weekly_differenced,weekly_differenced_arima_p1_d0_q1,2024-03-30T08:00:00+01:00,2024-03-30T07:00:00+00:00,2024-03-30T07:00:00+00:00,2024-03-30 15:00:00+00:00,2024-03-30 16:00:00+00:00,2024-03-30T16:00:00+01:00,2024-03-30,5818.25,6188.966841573999,True,2024-03-23 15:00:00+00:00,6359.0,observed,False,False,completed,0
Austria,enhanced_arima,2024-03-31,weekly_differenced,weekly_differenced_arima_p1_d0_q1,2024-03-30T08:00:00+01:00,2024-03-30T07:00:00+00:00,2024-03-30T07:00:00+00:00,2024-03-30 16:00:00+00:00,2024-03-30 17:00:00+00:00,2024-03-30T17:00:00+01:00,2024-03-30,6291.75,6548.285912589527,True,2024-03-23 16:00:00+00:00,6713.25,observed,False,False,completed,0
Austria,enhanced_arima,2024-03-31,weekly_differenced,weekly_differenced_arima_p1_d0_q1,2024-03-30T08:00:00+01:00,2024-03-30T07:00:00+00:00,2024-03-30T07:00:00+00:00,2024-03-30 17:00:00+00:00,2024-03-30 18:00:00+00:00,2024-03-30T18:00:00+01:00,2024-03-30,6487.25,6672.473681331483,True,2024-03-23 17:00:00+00:00,6832.5,observed,False,False,completed,0
Austria,enhanced_arima,2024-03-31,weekly_differenced,weekly_differenced_arima_p1_d0_q1,2024-03-30T08:00:00+01:00,2024-03-30T07:00:00+00:00,2024-03-30T07:00:00+00:00,2024-03-30 18:00:00+00:00,2024-03-30 19:00:00+00:00,2024-03-30T19:00:00+01:00,2024-03-30,6389.25,6506.783548874147,True,2024-03-23 18:00:00+00:00,6662.0,observed,False,False,completed,0
Austria,enhanced_arima,2024-03-31,weekly_differenced,weekly_differenced_arima_p1_d0_q1,2024-03-30T08:00:00+01:00,2024-03-30T07:00:00+00:00,2024-03-30T07:00:00+00:00,2024-03-30 19:00:00+00:00,2024-03-30 20:00:00+00:00,2024-03-30T20:00:00+01:00,2024-03-30,6125.0,6191.968828195024,True,2024-03-23 19:00:00+00:00,6342.5,observed,False,False,completed,0
Austria,enhanced_arima,2024-03-31,weekly_differenced,weekly_differenced_arima_p1_d0_q1,2024-03-30T08:00:00+01:00,2024-03-30T07:00:00+00:00,2024-03-30T07:00:00+00:00,2024-03-30 20:00:00+00:00,2024-03-30 21:00:00+00:00,2024-03-30T21:00:00+01:00,2024-03-30,5756.75,5821.032746456793,True,2024-03-23 20:00:00+00:00,5967.0,observed,False,False,completed,0
Austria,enhanced_arima,2024-03-31,weekly_differenced,weekly_differenced_arima_p1_d0_q1,2024-03-30T08:00:00+01:00,2024-03-30T07:00:00+00:00,2024-03-30T07:00:00+00:00,2024-03-30 21:00:00+00:00,2024-03-30 22:00:00+00:00,2024-03-30T22:00:00+01:00,2024-03-30,5651.0,5732.2284472301235,True,2024-03-23 21:00:00+00:00,5873.75,observed,False,False,completed,0
Austria,enhanced_arima,2024-03-31,weekly_differenced,weekly_differenced_arima_p1_d0_q1,2024-03-30T08:00:00+01:00,2024-03-30T07:00:00+00:00,2024-03-30T07:00:00+00:00,2024-03-30 22:00:00+00:00,2024-03-30 23:00:00+00:00,2024-03-30T23:00:00+01:00,2024-03-30,5260.75,5330.808992658942,True,2024-03-23 22:00:00+00:00,5468.0,observed,False,False,completed,0
Austria,enhanced_arima,2024-03-31,weekly_differenced,weekly_differenced_arima_p1_d0_q1,2024-03-30T08:00:00+01:00,2024-03-30T07:00:00+00:00,2024-03-30T07:00:00+00:00,2024-03-30 23:00:00+00:00,2024-03-31 00:00:00+00:00,2024-03-31T00:00:00+01:00,2024-03-31,4921.25,5066.027365569587,False,2024-03-23 23:00:00+00:00,5199.0,observed,True,True,completed,0
Austria,enhanced_arima,2024-03-31,weekly_differenced,weekly_differenced_arima_p1_d0_q1,2024-03-30T08:00:00+01:00,2024-03-30T07:00:00+00:00,2024-03-30T07:00:00+00:00,2024-03-31 00:00:00+00:00,2024-03-31 01:00:00+00:00,2024-03-31T01:00:00+01:00,2024-03-31,4636.75,4822.886471525352,False,2024-03-24 00:00:00+00:00,4951.75,observed,True,True,completed,0
Austria,enhanced_arima,2024-03-31,weekly_differenced,weekly_differenced_arima_p1_d0_q1,2024-03-30T08:00:00+01:00,2024-03-30T07:00:00+00:00,2024-03-30T07:00:00+00:00,2024-03-31 01:00:00+00:00,2024-03-31 02:00:00+00:00,2024-03-31T03:00:00+02:00,2024-03-31,4463.0,4688.889140827797,False,2024-03-24 02:00:00+00:00,4813.75,observed,True,True,completed,0
Austria,enhanced_arima,2024-03-31,weekly_differenced,weekly_differenced_arima_p1_d0_q1,2024-03-30T08:00:00+01:00,2024-03-30T07:00:00+00:00,2024-03-30T07:00:00+00:00,2024-03-31 02:00:00+00:00,2024-03-31 03:00:00+00:00,2024-03-31T04:00:00+02:00,2024-03-31,4502.0,4665.288130466225,False,2024-03-24 03:00:00+00:00,4786.25,observed,True,True,completed,0
Austria,enhanced_arima,2024-03-31,weekly_differenced,weekly_differenced_arima_p1_d0_q1,2024-03-30T08:00:00+01:00,2024-03-30T07:00:00+00:00,2024-03-30T07:00:00+00:00,2024-03-31 03:00:00+00:00,2024-03-31 04:00:00+00:00,2024-03-31T05:00:00+02:00,2024-03-31,4592.75,4830.586126016666,False,2024-03-24 04:00:00+00:00,4947.75,observed,True,True,completed,0
Austria,enhanced_arima,2024-03-31,weekly_differenced,weekly_differenced_arima_p1_d0_q1,2024-03-30T08:00:00+01:00,2024-03-30T07:00:00+00:00,2024-03-30T07:00:00+00:00,2024-03-31 04:00:00+00:00,2024-03-31 05:00:00+00:00,2024-03-31T06:00:00+02:00,2024-03-31,4793.5,5088.535743491665,False,2024-03-24 05:00:00+00:00,5202.0,observed,True,True,completed,0
Austria,enhanced_arima,2024-03-31,weekly_differenced,weekly_differenced_arima_p1_d0_q1,2024-03-30T08:00:00+01:00,2024-03-30T07:00:00+00:00,2024-03-30T07:00:00+00:00,2024-03-31 05:00:00+00:00,2024-03-31 06:00:00+00:00,2024-03-31T07:00:00+02:00,2024-03-31,5071.0,5383.38953114216,False,2024-03-24 06:00:00+00:00,5493.25,observed,True,True,completed,0
Austria,enhanced_arima,2024-03-31,weekly_differenced,weekly_differenced_arima_p1_d0_q1,2024-03-30T08:00:00+01:00,2024-03-30T07:00:00+00:00,2024-03-30T07:00:00+00:00,2024-03-31 06:00:00+00:00,2024-03-31 07:00:00+00:00,2024-03-31T08:00:00+02:00,2024-03-31,5332.25,5621.14997121269,False,2024-03-24 07:00:00+00:00,5727.5,observed,True,True,completed,0
Austria,enhanced_arima,2024-03-31,weekly_differenced,weekly_differenced_arima_p1_d0_q1,2024-03-30T08:00:00+01:00,2024-03-30T07:00:00+00:00,2024-03-30T07:00:00+00:00,2024-03-31 07:00:00+00:00,2024-03-31 08:00:00+00:00,2024-03-31T09:00:00+02:00,2024-03-31,5437.25,5853.569481651126,False,2024-03-24 08:00:00+00:00,5956.5,observed,True,True,completed,0
Austria,enhanced_arima,2024-03-31,weekly_differenced,weekly_differenced_arima_p1_d0_q1,2024-03-30T08:00:00+01:00,2024-03-30T07:00:00+00:00,2024-03-30T07:00:00+00:00,2024-03-31 08:00:00+00:00,2024-03-31 09:00:00+00:00,2024-03-31T10:00:00+02:00,2024-03-31,5408.25,5897.400417774132,False,2024-03-24 09:00:00+00:00,5997.0,observed,True,True,completed,0
Austria,enhanced_arima,2024-03-31,weekly_differenced,weekly_differenced_arima_p1_d0_q1,2024-03-30T08:00:00+01:00,2024-03-30T07:00:00+00:00,2024-03-30T07:00:00+00:00,2024-03-31 09:00:00+00:00,2024-03-31 10:00:00+00:00,2024-03-31T11:00:00+02:00,2024-03-31,5485.0,5916.645073889474,False,2024-03-24 10:00:00+00:00,6013.0,observed,True,True,completed,0
Austria,enhanced_arima,2024-03-31,weekly_differenced,weekly_differenced_arima_p1_d0_q1,2024-03-30T08:00:00+01:00,2024-03-30T07:00:00+00:00,2024-03-30T07:00:00+00:00,2024-03-31 10:00:00+00:00,2024-03-31 11:00:00+00:00,2024-03-31T12:00:00+02:00,2024-03-31,5190.5,5724.05568487631,False,2024-03-24 11:00:00+00:00,5817.25,observed,True,True,completed,0
Austria,enhanced_arima,2024-03-31,weekly_differenced,weekly_differenced_arima_p1_d0_q1,2024-03-30T08:00:00+01:00,2024-03-30T07:00:00+00:00,2024-03-30T07:00:00+00:00,2024-03-31 11:00:00+00:00,2024-03-31 12:00:00+00:00,2024-03-31T13:00:00+02:00,2024-03-31,4962.25,5560.134427724552,False,2024-03-24 12:00:00+00:00,5650.25,observed,True,True,completed,0
Austria,enhanced_arima,2024-03-31,weekly_differenced,weekly_differenced_arima_p1_d0_q1,2024-03-30T08:00:00+01:00,2024-03-30T07:00:00+00:00,2024-03-30T07:00:00+00:00,2024-03-31 12:00:00+00:00,2024-03-31 13:00:00+00:00,2024-03-31T14:00:00+02:00,2024-03-31,4844.0,5466.633423034344,False,2024-03-24 13:00:00+00:00,5553.75,observed,True,True,completed,0
Austria,enhanced_arima,2024-03-31,weekly_differenced,weekly_differenced_arima_p1_d0_q1,2024-03-30T08:00:00+01:00,2024-03-30T07:00:00+00:00,2024-03-30T07:00:00+00:00,2024-03-31 13:00:00+00:00,2024-03-31 14:00:00+00:00,2024-03-31T15:00:00+02:00,2024-03-31,4883.5,5522.554736476709,False,2024-03-24 14:00:00+00:00,5606.75,observed,True,True,completed,0
Austria,enhanced_arima,2024-03-31,weekly_differenced,weekly_differenced_arima_p1_d0_q1,2024-03-30T08:00:00+01:00,2024-03-30T07:00:00+00:00,2024-03-30T07:00:00+00:00,2024-03-31 14:00:00+00:00,2024-03-31 15:00:00+00:00,2024-03-31T16:00:00+02:00,2024-03-31,5057.25,5715.400380216357,False,2024-03-24 15:00:00+00:00,5796.75,observed,True,True,completed,0
Austria,enhanced_arima,2024-03-31,weekly_differenced,weekly_differenced_arima_p1_d0_q1,2024-03-30T08:00:00+01:00,2024-03-30T07:00:00+00:00,2024-03-30T07:00:00+00:00,2024-03-31 15:00:00+00:00,2024-03-31 16:00:00+00:00,2024-03-31T17:00:00+02:00,2024-03-31,5418.75,6189.172314297638,False,2024-03-24 16:00:00+00:00,6267.75,observed,True,True,completed,0
Austria,enhanced_arima,2024-03-31,weekly_differenced,weekly_differenced_arima_p1_d0_q1,2024-03-30T08:00:00+01:00,2024-03-30T07:00:00+00:00,2024-03-30T07:00:00+00:00,2024-03-31 16:00:00+00:00,2024-03-31 17:00:00+00:00,2024-03-31T18:00:00+02:00,2024-03-31,5862.5,6509.6224479945995,False,2024-03-24 17:00:00+00:00,6585.5,observed,True,True,completed,0
Austria,enhanced_arima,2024-03-31,weekly_differenced,weekly_differenced_arima_p1_d0_q1,2024-03-30T08:00:00+01:00,2024-03-30T07:00:00+00:00,2024-03-30T07:00:00+00:00,2024-03-31 17:00:00+00:00,2024-03-31 18:00:00+00:00,2024-03-31T19:00:00+02:00,2024-03-31,5970.5,6500.502641126067,False,2024-03-24 18:00:00+00:00,6573.75,observed,True,True,completed,0
Austria,enhanced_arima,2024-03-31,weekly_differenced,weekly_differenced_arima_p1_d0_q1,2024-03-30T08:00:00+01:00,2024-03-30T07:00:00+00:00,2024-03-30T07:00:00+00:00,2024-03-31 18:00:00+00:00,2024-03-31 19:00:00+00:00,2024-03-31T20:00:00+02:00,2024-03-31,5882.5,6265.064705336665,False,2024-03-24 19:00:00+00:00,6335.75,observed,True,True,completed,0
Austria,enhanced_arima,2024-03-31,weekly_differenced,weekly_differenced_arima_p1_d0_q1,2024-03-30T08:00:00+01:00,2024-03-30T07:00:00+00:00,2024-03-30T07:00:00+00:00,2024-03-31 19:00:00+00:00,2024-03-31 20:00:00+00:00,2024-03-31T21:00:00+02:00,2024-03-31,5562.25,5992.06040534466,False,2024-03-24 20:00:00+00:00,6060.25,observed,True,True,completed,0
Austria,enhanced_arima,2024-03-31,weekly_differenced,weekly_differenced_arima_p1_d0_q1,2024-03-30T08:00:00+01:00,2024-03-30T07:00:00+00:00,2024-03-30T07:00:00+00:00,2024-03-31 20:00:00+00:00,2024-03-31 21:00:00+00:00,2024-03-31T22:00:00+02:00,2024-03-31,5555.75,5911.49146015747,False,2024-03-24 21:00:00+00:00,5977.25,observed,True,True,completed,0
Austria,enhanced_arima,2024-03-31,weekly_differenced,weekly_differenced_arima_p1_d0_q1,2024-03-30T08:00:00+01:00,2024-03-30T07:00:00+00:00,2024-03-30T07:00:00+00:00,2024-03-31 21:00:00+00:00,2024-03-31 22:00:00+00:00,2024-03-31T23:00:00+02:00,2024-03-31,5194.5,5546.3595442557025,False,2024-03-24 22:00:00+00:00,5609.75,observed,True,True,completed,0
Austria,enhanced_arima,2024-07-25,weekly_differenced,weekly_differenced_arima_p1_d0_q1,2024-07-24T08:00:00+02:00,2024-07-24T06:00:00+00:00,2024-07-24T06:00:00+00:00,2024-07-24 06:00:00+00:00,2024-07-24 07:00:00+00:00,2024-07-24T08:00:00+02:00,2024-07-24,7358.0,7480.6102647423395,True,2024-07-17 06:00:00+00:00,7739.5,observed,False,False,completed,0
Austria,enhanced_arima,2024-07-25,weekly_differenced,weekly_differenced_arima_p1_d0_q1,2024-07-24T08:00:00+02:00,2024-07-24T06:00:00+00:00,2024-07-24T06:00:00+00:00,2024-07-24 07:00:00+00:00,2024-07-24 08:00:00+00:00,2024-07-24T09:00:00+02:00,2024-07-24,7380.25,7566.791753454878,True,2024-07-17 07:00:00+00:00,7815.75,observed,False,False,completed,0
Austria,enhanced_arima,2024-07-25,weekly_differenced,weekly_differenced_arima_p1_d0_q1,2024-07-24T08:00:00+02:00,2024-07-24T06:00:00+00:00,2024-07-24T06:00:00+00:00,2024-07-24 08:00:00+00:00,2024-07-24 09:00:00+00:00,2024-07-24T10:00:00+02:00,2024-07-24,7396.5,7465.093153306318,True,2024-07-17 08:00:00+00:00,7704.5,observed,False,False,completed,0
Austria,enhanced_arima,2024-07-25,weekly_differenced,weekly_differenced_arima_p1_d0_q1,2024-07-24T08:00:00+02:00,2024-07-24T06:00:00+00:00,2024-07-24T06:00:00+00:00,2024-07-24 09:00:00+00:00,2024-07-24 10:00:00+00:00,2024-07-24T11:00:00+02:00,2024-07-24,7398.75,7414.529010710244,True,2024-07-17 09:00:00+00:00,7644.75,observed,False,False,completed,0
Austria,enhanced_arima,2024-07-25,weekly_differenced,weekly_differenced_arima_p1_d0_q1,2024-07-24T08:00:00+02:00,2024-07-24T06:00:00+00:00,2024-07-24T06:00:00+00:00,2024-07-24 10:00:00+00:00,2024-07-24 11:00:00+00:00,2024-07-24T12:00:00+02:00,2024-07-24,7162.5,7208.363315373192,True,2024-07-17 10:00:00+00:00,7429.75,observed,False,False,completed,0
Austria,enhanced_arima,2024-07-25,weekly_differenced,weekly_differenced_arima_p1_d0_q1,2024-07-24T08:00:00+02:00,2024-07-24T06:00:00+00:00,2024-07-24T06:00:00+00:00,2024-07-24 11:00:00+00:00,2024-07-24 12:00:00+00:00,2024-07-24T13:00:00+02:00,2024-07-24,6750.75,7180.609521600434,True,2024-07-17 11:00:00+00:00,7393.5,observed,False,False,completed,0
Austria,enhanced_arima,2024-07-25,weekly_differenced,weekly_differenced_arima_p1_d0_q1,2024-07-24T08:00:00+02:00,2024-07-24T06:00:00+00:00,2024-07-24T06:00:00+00:00,2024-07-24 12:00:00+00:00,2024-07-24 13:00:00+00:00,2024-07-24T14:00:00+02:00,2024-07-24,6624.5,7099.530568786363,True,2024-07-17 12:00:00+00:00,7304.25,observed,False,False,completed,0
Austria,enhanced_arima,2024-07-25,weekly_differenced,weekly_differenced_arima_p1_d0_q1,2024-07-24T08:00:00+02:00,2024-07-24T06:00:00+00:00,2024-07-24T06:00:00+00:00,2024-07-24 13:00:00+00:00,2024-07-24 14:00:00+00:00,2024-07-24T15:00:00+02:00,2024-07-24,6461.0,7114.888901120695,True,2024-07-17 13:00:00+00:00,7311.75,observed,False,False,completed,0
Austria,enhanced_arima,2024-07-25,weekly_differenced,weekly_differenced_arima_p1_d0_q1,2024-07-24T08:00:00+02:00,2024-07-24T06:00:00+00:00,2024-07-24T06:00:00+00:00,2024-07-24 14:00:00+00:00,2024-07-24 15:00:00+00:00,2024-07-24T16:00:00+02:00,2024-07-24,6416.5,7103.946486540485,True,2024-07-17 14:00:00+00:00,7293.25,observed,False,False,completed,0
Austria,enhanced_arima,2024-07-25,weekly_differenced,weekly_differenced_arima_p1_d0_q1,2024-07-24T08:00:00+02:00,2024-07-24T06:00:00+00:00,2024-07-24T06:00:00+00:00,2024-07-24 15:00:00+00:00,2024-07-24 16:00:00+00:00,2024-07-24T17:00:00+02:00,2024-07-24,6571.25,7165.21483495684,True,2024-07-17 15:00:00+00:00,7347.25,observed,False,False,completed,0
Austria,enhanced_arima,2024-07-25,weekly_differenced,weekly_differenced_arima_p1_d0_q1,2024-07-24T08:00:00+02:00,2024-07-24T06:00:00+00:00,2024-07-24T06:00:00+00:00,2024-07-24 16:00:00+00:00,2024-07-24 17:00:00+00:00,2024-07-24T18:00:00+02:00,2024-07-24,6759.75,7200.455015784064,True,2024-07-17 16:00:00+00:00,7375.5,observed,False,False,completed,0
Austria,enhanced_arima,2024-07-25,weekly_differenced,weekly_differenced_arima_p1_d0_q1,2024-07-24T08:00:00+02:00,2024-07-24T06:00:00+00:00,2024-07-24T06:00:00+00:00,2024-07-24 17:00:00+00:00,2024-07-24 18:00:00+00:00,2024-07-24T19:00:00+02:00,2024-07-24,6938.0,7077.677674797952,True,2024-07-17 17:00:00+00:00,7246.0,observed,False,False,completed,0
Austria,enhanced_arima,2024-07-25,weekly_differenced,weekly_differenced_arima_p1_d0_q1,2024-07-24T08:00:00+02:00,2024-07-24T06:00:00+00:00,2024-07-24T06:00:00+00:00,2024-07-24 18:00:00+00:00,2024-07-24 19:00:00+00:00,2024-07-24T20:00:00+02:00,2024-07-24,6814.5,6817.143050348897,True,2024-07-17 18:00:00+00:00,6979.0,observed,False,False,completed,0
Austria,enhanced_arima,2024-07-25,weekly_differenced,weekly_differenced_arima_p1_d0_q1,2024-07-24T08:00:00+02:00,2024-07-24T06:00:00+00:00,2024-07-24T06:00:00+00:00,2024-07-24 19:00:00+00:00,2024-07-24 20:00:00+00:00,2024-07-24T21:00:00+02:00,2024-07-24,6585.0,6500.1109889545,True,2024-07-17 19:00:00+00:00,6655.75,observed,False,False,completed,0
Austria,enhanced_arima,2024-07-25,weekly_differenced,weekly_differenced_arima_p1_d0_q1,2024-07-24T08:00:00+02:00,2024-07-24T06:00:00+00:00,2024-07-24T06:00:00+00:00,2024-07-24 20:00:00+00:00,2024-07-24 21:00:00+00:00,2024-07-24T22:00:00+02:00,2024-07-24,6239.25,6173.090960295435,True,2024-07-17 20:00:00+00:00,6322.75,observed,False,False,completed,0
Austria,enhanced_arima,2024-07-25,weekly_differenced,weekly_differenced_arima_p1_d0_q1,2024-07-24T08:00:00+02:00,2024-07-24T06:00:00+00:00,2024-07-24T06:00:00+00:00,2024-07-24 21:00:00+00:00,2024-07-24 22:00:00+00:00,2024-07-24T23:00:00+02:00,2024-07-24,5699.0,5706.342071637415,True,2024-07-17 21:00:00+00:00,5850.25,observed,False,False,completed,0
Austria,enhanced_arima,2024-07-25,weekly_differenced,weekly_differenced_arima_p1_d0_q1,2024-07-24T08:00:00+02:00,2024-07-24T06:00:00+00:00,2024-07-24T06:00:00+00:00,2024-07-24 22:00:00+00:00,2024-07-24 23:00:00+00:00,2024-07-25T00:00:00+02:00,2024-07-25,5389.75,5448.873081701198,False,2024-07-17 22:00:00+00:00,5587.25,observed,True,True,completed,0
Austria,enhanced_arima,2024-07-25,weekly_differenced,weekly_differenced_arima_p1_d0_q1,2024-07-24T08:00:00+02:00,2024-07-24T06:00:00+00:00,2024-07-24T06:00:00+00:00,2024-07-24 23:00:00+00:00,2024-07-25 00:00:00+00:00,2024-07-25T01:00:00+02:00,2024-07-25,5075.25,5150.442414001785,False,2024-07-17 23:00:00+00:00,5283.5,observed,True,True,completed,0
Austria,enhanced_arima,2024-07-25,weekly_differenced,weekly_differenced_arima_p1_d0_q1,2024-07-24T08:00:00+02:00,2024-07-24T06:00:00+00:00,2024-07-24T06:00:00+00:00,2024-07-25 00:00:00+00:00,2024-07-25 01:00:00+00:00,2024-07-25T02:00:00+02:00,2024-07-25,4961.5,5038.55816967711,False,2024-07-18 00:00:00+00:00,5166.5,observed,True,True,completed,0
Austria,enhanced_arima,2024-07-25,weekly_differenced,weekly_differenced_arima_p1_d0_q1,2024-07-24T08:00:00+02:00,2024-07-24T06:00:00+00:00,2024-07-24T06:00:00+00:00,2024-07-25 01:00:00+00:00,2024-07-25 02:00:00+00:00,2024-07-25T03:00:00+02:00,2024-07-25,4857.0,4947.478139825754,False,2024-07-18 01:00:00+00:00,5070.5,observed,True,True,completed,0
Austria,enhanced_arima,2024-07-25,weekly_differenced,weekly_differenced_arima_p1_d0_q1,2024-07-24T08:00:00+02:00,2024-07-24T06:00:00+00:00,2024-07-24T06:00:00+00:00,2024-07-25 02:00:00+00:00,2024-07-25 03:00:00+00:00,2024-07-25T04:00:00+02:00,2024-07-25,4957.25,5104.209817372497,False,2024-07-18 02:00:00+00:00,5222.5,observed,True,True,completed,0
Austria,enhanced_arima,2024-07-25,weekly_differenced,weekly_differenced_arima_p1_d0_q1,2024-07-24T08:00:00+02:00,2024-07-24T06:00:00+00:00,2024-07-24T06:00:00+00:00,2024-07-25 03:00:00+00:00,2024-07-25 04:00:00+00:00,2024-07-25T05:00:00+02:00,2024-07-25,5464.5,5600.260408479746,False,2024-07-18 03:00:00+00:00,5714.0,observed,True,True,completed,0
Austria,enhanced_arima,2024-07-25,weekly_differenced,weekly_differenced_arima_p1_d0_q1,2024-07-24T08:00:00+02:00,2024-07-24T06:00:00+00:00,2024-07-24T06:00:00+00:00,2024-07-25 04:00:00+00:00,2024-07-25 05:00:00+00:00,2024-07-25T06:00:00+02:00,2024-07-25,6251.0,6542.636843522245,False,2024-07-18 04:00:00+00:00,6652.0,observed,True,True,completed,0
Austria,enhanced_arima,2024-07-25,weekly_differenced,weekly_differenced_arima_p1_d0_q1,2024-07-24T08:00:00+02:00,2024-07-24T06:00:00+00:00,2024-07-24T06:00:00+00:00,2024-07-25 05:00:00+00:00,2024-07-25 06:00:00+00:00,2024-07-25T07:00:00+02:00,2024-07-25,6757.0,7100.595787641769,False,2024-07-18 05:00:00+00:00,7205.75,observed,True,True,completed,0
Austria,enhanced_arima,2024-07-25,weekly_differenced,weekly_differenced_arima_p1_d0_q1,2024-07-24T08:00:00+02:00,2024-07-24T06:00:00+00:00,2024-07-24T06:00:00+00:00,2024-07-25 06:00:00+00:00,2024-07-25 07:00:00+00:00,2024-07-25T08:00:00+02:00,2024-07-25,6981.75,7311.143650897877,False,2024-07-18 06:00:00+00:00,7412.25,observed,True,True,completed,0
Austria,enhanced_arima,2024-07-25,weekly_differenced,weekly_differenced_arima_p1_d0_q1,2024-07-24T08:00:00+02:00,2024-07-24T06:00:00+00:00,2024-07-24T06:00:00+00:00,2024-07-25 07:00:00+00:00,2024-07-25 08:00:00+00:00,2024-07-25T09:00:00+02:00,2024-07-25,6944.0,7212.036598030186,False,2024-07-18 07:00:00+00:00,7309.25,observed,True,True,completed,0
Austria,enhanced_arima,2024-07-25,weekly_differenced,weekly_differenced_arima_p1_d0_q1,2024-07-24T08:00:00+02:00,2024-07-24T06:00:00+00:00,2024-07-24T06:00:00+00:00,2024-07-25 08:00:00+00:00,2024-07-25 09:00:00+00:00,2024-07-25T10:00:00+02:00,2024-07-25,7023.75,7109.780557847031,False,2024-07-18 08:00:00+00:00,7203.25,observed,True,True,completed,0
Austria,enhanced_arima,2024-07-25,weekly_differenced,weekly_differenced_arima_p1_d0_q1,2024-07-24T08:00:00+02:00,2024-07-24T06:00:00+00:00,2024-07-24T06:00:00+00:00,2024-07-25 09:00:00+00:00,2024-07-25 10:00:00+00:00,2024-07-25T11:00:00+02:00,2024-07-25,7090.5,7002.881232254813,False,2024-07-18 09:00:00+00:00,7092.75,observed,True,True,completed,0
Austria,enhanced_arima,2024-07-25,weekly_differenced,weekly_differenced_arima_p1_d0_q1,2024-07-24T08:00:00+02:00,2024-07-24T06:00:00+00:00,2024-07-24T06:00:00+00:00,2024-07-25 10:00:00+00:00,2024-07-25 11:00:00+00:00,2024-07-25T12:00:00+02:00,2024-07-25,6808.0,6797.34410494178,False,2024-07-18 10:00:00+00:00,6883.75,observed,True,True,completed,0
Austria,enhanced_arima,2024-07-25,weekly_differenced,weekly_differenced_arima_p1_d0_q1,2024-07-24T08:00:00+02:00,2024-07-24T06:00:00+00:00,2024-07-24T06:00:00+00:00,2024-07-25 11:00:00+00:00,2024-07-25 12:00:00+00:00,2024-07-25T13:00:00+02:00,2024-07-25,6669.25,6677.174449729474,False,2024-07-18 11:00:00+00:00,6760.25,observed,True,True,completed,0
Austria,enhanced_arima,2024-07-25,weekly_differenced,weekly_differenced_arima_p1_d0_q1,2024-07-24T08:00:00+02:00,2024-07-24T06:00:00+00:00,2024-07-24T06:00:00+00:00,2024-07-25 12:00:00+00:00,2024-07-25 13:00:00+00:00,2024-07-25T14:00:00+02:00,2024-07-25,6425.5,6577.12733860456,False,2024-07-18 12:00:00+00:00,6657.0,observed,True,True,completed,0
Austria,enhanced_arima,2024-07-25,weekly_differenced,weekly_differenced_arima_p1_d0_q1,2024-07-24T08:00:00+02:00,2024-07-24T06:00:00+00:00,2024-07-24T06:00:00+00:00,2024-07-25 13:00:00+00:00,2024-07-25 14:00:00+00:00,2024-07-25T15:00:00+02:00,2024-07-25,6289.5,6593.20764944326,False,2024-07-18 13:00:00+00:00,6670.0,observed,True,True,completed,0
Austria,enhanced_arima,2024-07-25,weekly_differenced,weekly_differenced_arima_p1_d0_q1,2024-07-24T08:00:00+02:00,2024-07-24T06:00:00+00:00,2024-07-24T06:00:00+00:00,2024-07-25 14:00:00+00:00,2024-07-25 15:00:00+00:00,2024-07-25T16:00:00+02:00,2024-07-25,6222.25,6673.920073440179,False,2024-07-18 14:00:00+00:00,6747.75,observed,True,True,completed,0
Austria,enhanced_arima,2024-07-25,weekly_differenced,weekly_differenced_arima_p1_d0_q1,2024-07-24T08:00:00+02:00,2024-07-24T06:00:00+00:00,2024-07-24T06:00:00+00:00,2024-07-25 15:00:00+00:00,2024-07-25 16:00:00+00:00,2024-07-25T17:00:00+02:00,2024-07-25,6340.5,6892.269122252806,False,2024-07-18 15:00:00+00:00,6963.25,observed,True,True,completed,0
Austria,enhanced_arima,2024-07-25,weekly_differenced,weekly_differenced_arima_p1_d0_q1,2024-07-24T08:00:00+02:00,2024-07-24T06:00:00+00:00,2024-07-24T06:00:00+00:00,2024-07-25 16:00:00+00:00,2024-07-25 17:00:00+00:00,2024-07-25T18:00:00+02:00,2024-07-25,6696.5,7005.5091348725955,False,2024-07-18 16:00:00+00:00,7073.75,observed,True,True,completed,0
Austria,enhanced_arima,2024-07-25,weekly_differenced,weekly_differenced_arima_p1_d0_q1,2024-07-24T08:00:00+02:00,2024-07-24T06:00:00+00:00,2024-07-24T06:00:00+00:00,2024-07-25 17:00:00+00:00,2024-07-25 18:00:00+00:00,2024-07-25T19:00:00+02:00,2024-07-25,6868.25,7087.144284233091,False,2024-07-18 17:00:00+00:00,7152.75,observed,True,True,completed,0
Austria,enhanced_arima,2024-07-25,weekly_differenced,weekly_differenced_arima_p1_d0_q1,2024-07-24T08:00:00+02:00,2024-07-24T06:00:00+00:00,2024-07-24T06:00:00+00:00,2024-07-25 18:00:00+00:00,2024-07-25 19:00:00+00:00,2024-07-25T20:00:00+02:00,2024-07-25,6719.5,6958.178583565131,False,2024-07-18 18:00:00+00:00,7021.25,observed,True,True,completed,0
Austria,enhanced_arima,2024-07-25,weekly_differenced,weekly_differenced_arima_p1_d0_q1,2024-07-24T08:00:00+02:00,2024-07-24T06:00:00+00:00,2024-07-24T06:00:00+00:00,2024-07-25 19:00:00+00:00,2024-07-25 20:00:00+00:00,2024-07-25T21:00:00+02:00,2024-07-25,6436.25,6695.615892508854,False,2024-07-18 19:00:00+00:00,6756.25,observed,True,True,completed,0
Austria,enhanced_arima,2024-07-25,weekly_differenced,weekly_differenced_arima_p1_d0_q1,2024-07-24T08:00:00+02:00,2024-07-24T06:00:00+00:00,2024-07-24T06:00:00+00:00,2024-07-25 20:00:00+00:00,2024-07-25 21:00:00+00:00,2024-07-25T22:00:00+02:00,2024-07-25,6107.0,6418.209922991776,False,2024-07-18 20:00:00+00:00,6476.5,observed,True,True,completed,0
Austria,enhanced_arima,2024-07-25,weekly_differenced,weekly_differenced_arima_p1_d0_q1,2024-07-24T08:00:00+02:00,2024-07-24T06:00:00+00:00,2024-07-24T06:00:00+00:00,2024-07-25 21:00:00+00:00,2024-07-25 22:00:00+00:00,2024-07-25T23:00:00+02:00,2024-07-25,5587.25,5958.964244881916,False,2024-07-18 21:00:00+00:00,6015.0,observed,True,True,completed,0
Austria,enhanced_arima,2024-11-03,weekly_differenced,weekly_differenced_arima_p1_d0_q1,2024-11-02T08:00:00+01:00,2024-11-02T07:00:00+00:00,2024-11-02T07:00:00+00:00,2024-11-02 07:00:00+00:00,2024-11-02 08:00:00+00:00,2024-11-02T08:00:00+01:00,2024-11-02,6101.75,6117.854720331394,True,2024-10-26 06:00:00+00:00,6100.5,observed,False,False,completed,0
Austria,enhanced_arima,2024-11-03,weekly_differenced,weekly_differenced_arima_p1_d0_q1,2024-11-02T08:00:00+01:00,2024-11-02T07:00:00+00:00,2024-11-02T07:00:00+00:00,2024-11-02 08:00:00+00:00,2024-11-02 09:00:00+00:00,2024-11-02T09:00:00+01:00,2024-11-02,6211.5,6328.760247370729,True,2024-10-26 07:00:00+00:00,6312.0,observed,False,False,completed,0
Austria,enhanced_arima,2024-11-03,weekly_differenced,weekly_differenced_arima_p1_d0_q1,2024-11-02T08:00:00+01:00,2024-11-02T07:00:00+00:00,2024-11-02T07:00:00+00:00,2024-11-02 09:00:00+00:00,2024-11-02 10:00:00+00:00,2024-11-02T10:00:00+01:00,2024-11-02,6261.5,6439.692181087415,True,2024-10-26 08:00:00+00:00,6423.5,observed,False,False,completed,0
Austria,enhanced_arima,2024-11-03,weekly_differenced,weekly_differenced_arima_p1_d0_q1,2024-11-02T08:00:00+01:00,2024-11-02T07:00:00+00:00,2024-11-02T07:00:00+00:00,2024-11-02 10:00:00+00:00,2024-11-02 11:00:00+00:00,2024-11-02T11:00:00+01:00,2024-11-02,6334.5,6413.649348488472,True,2024-10-26 09:00:00+00:00,6398.0,observed,False,False,completed,0
Austria,enhanced_arima,2024-11-03,weekly_differenced,weekly_differenced_arima_p1_d0_q1,2024-11-02T08:00:00+01:00,2024-11-02T07:00:00+00:00,2024-11-02T07:00:00+00:00,2024-11-02 11:00:00+00:00,2024-11-02 12:00:00+00:00,2024-11-02T12:00:00+01:00,2024-11-02,6150.75,6178.380628685643,True,2024-10-26 10:00:00+00:00,6163.25,observed,False,False,completed,0
Austria,enhanced_arima,2024-11-03,weekly_differenced,weekly_differenced_arima_p1_d0_q1,2024-11-02T08:00:00+01:00,2024-11-02T07:00:00+00:00,2024-11-02T07:00:00+00:00,2024-11-02 12:00:00+00:00,2024-11-02 13:00:00+00:00,2024-11-02T13:00:00+01:00,2024-11-02,5969.5,5926.13495058088,True,2024-10-26 11:00:00+00:00,5911.5,observed,False,False,completed,0
Austria,enhanced_arima,2024-11-03,weekly_differenced,weekly_differenced_arima_p1_d0_q1,2024-11-02T08:00:00+01:00,2024-11-02T07:00:00+00:00,2024-11-02T07:00:00+00:00,2024-11-02 13:00:00+00:00,2024-11-02 14:00:00+00:00,2024-11-02T14:00:00+01:00,2024-11-02,5911.5,5765.6612906546525,True,2024-10-26 12:00:00+00:00,5751.5,observed,False,False,completed,0
Austria,enhanced_arima,2024-11-03,weekly_differenced,weekly_differenced_arima_p1_d0_q1,2024-11-02T08:00:00+01:00,2024-11-02T07:00:00+00:00,2024-11-02T07:00:00+00:00,2024-11-02 14:00:00+00:00,2024-11-02 15:00:00+00:00,2024-11-02T15:00:00+01:00,2024-11-02,6113.5,5819.208670852489,True,2024-10-26 13:00:00+00:00,5805.5,observed,False,False,completed,0
Austria,enhanced_arima,2024-11-03,weekly_differenced,weekly_differenced_arima_p1_d0_q1,2024-11-02T08:00:00+01:00,2024-11-02T07:00:00+00:00,2024-11-02T07:00:00+00:00,2024-11-02 15:00:00+00:00,2024-11-02 16:00:00+00:00,2024-11-02T16:00:00+01:00,2024-11-02,6520.25,6058.026156565411,True,2024-10-26 14:00:00+00:00,6044.75,observed,False,False,completed,0
Austria,enhanced_arima,2024-11-03,weekly_differenced,weekly_differenced_arima_p1_d0_q1,2024-11-02T08:00:00+01:00,2024-11-02T07:00:00+00:00,2024-11-02T07:00:00+00:00,2024-11-02 16:00:00+00:00,2024-11-02 17:00:00+00:00,2024-11-02T17:00:00+01:00,2024-11-02,6938.5,6511.3628547000635,True,2024-10-26 15:00:00+00:00,6498.5,observed,False,False,completed,0
Austria,enhanced_arima,2024-11-03,weekly_differenced,weekly_differenced_arima_p1_d0_q1,2024-11-02T08:00:00+01:00,2024-11-02T07:00:00+00:00,2024-11-02T07:00:00+00:00,2024-11-02 17:00:00+00:00,2024-11-02 18:00:00+00:00,2024-11-02T18:00:00+01:00,2024-11-02,6754.75,6768.967911834585,True,2024-10-26 16:00:00+00:00,6756.5,observed,False,False,completed,0
Austria,enhanced_arima,2024-11-03,weekly_differenced,weekly_differenced_arima_p1_d0_q1,2024-11-02T08:00:00+01:00,2024-11-02T07:00:00+00:00,2024-11-02T07:00:00+00:00,2024-11-02 18:00:00+00:00,2024-11-02 19:00:00+00:00,2024-11-02T19:00:00+01:00,2024-11-02,6411.75,6557.34051245638,True,2024-10-26 17:00:00+00:00,6545.25,observed,False,False,completed,0
Austria,enhanced_arima,2024-11-03,weekly_differenced,weekly_differenced_arima_p1_d0_q1,2024-11-02T08:00:00+01:00,2024-11-02T07:00:00+00:00,2024-11-02T07:00:00+00:00,2024-11-02 19:00:00+00:00,2024-11-02 20:00:00+00:00,2024-11-02T20:00:00+01:00,2024-11-02,6041.25,6153.479877278184,True,2024-10-26 18:00:00+00:00,6141.75,observed,False,False,completed,0
Austria,enhanced_arima,2024-11-03,weekly_differenced,weekly_differenced_arima_p1_d0_q1,2024-11-02T08:00:00+01:00,2024-11-02T07:00:00+00:00,2024-11-02T07:00:00+00:00,2024-11-02 20:00:00+00:00,2024-11-02 21:00:00+00:00,2024-11-02T21:00:00+01:00,2024-11-02,5723.25,5765.635261628919,True,2024-10-26 19:00:00+00:00,5754.25,observed,False,False,completed,0
Austria,enhanced_arima,2024-11-03,weekly_differenced,weekly_differenced_arima_p1_d0_q1,2024-11-02T08:00:00+01:00,2024-11-02T07:00:00+00:00,2024-11-02T07:00:00+00:00,2024-11-02 21:00:00+00:00,2024-11-02 22:00:00+00:00,2024-11-02T22:00:00+01:00,2024-11-02,5636.25,5677.30595391603,True,2024-10-26 20:00:00+00:00,5666.25,observed,False,False,completed,0
Austria,enhanced_arima,2024-11-03,weekly_differenced,weekly_differenced_arima_p1_d0_q1,2024-11-02T08:00:00+01:00,2024-11-02T07:00:00+00:00,2024-11-02T07:00:00+00:00,2024-11-02 22:00:00+00:00,2024-11-02 23:00:00+00:00,2024-11-02T23:00:00+01:00,2024-11-02,5261.25,5332.991274156133,True,2024-10-26 21:00:00+00:00,5322.25,observed,False,False,completed,0
Austria,enhanced_arima,2024-11-03,weekly_differenced,weekly_differenced_arima_p1_d0_q1,2024-11-02T08:00:00+01:00,2024-11-02T07:00:00+00:00,2024-11-02T07:00:00+00:00,2024-11-02 23:00:00+00:00,2024-11-03 00:00:00+00:00,2024-11-03T00:00:00+01:00,2024-11-03,5071.5,5024.440572570918,False,2024-10-26 22:00:00+00:00,5014.0,observed,True,True,completed,0
Austria,enhanced_arima,2024-11-03,weekly_differenced,weekly_differenced_arima_p1_d0_q1,2024-11-02T08:00:00+01:00,2024-11-02T07:00:00+00:00,2024-11-02T07:00:00+00:00,2024-11-03 00:00:00+00:00,2024-11-03 01:00:00+00:00,2024-11-03T01:00:00+01:00,2024-11-03,4823.0,4752.903228245436,False,2024-10-26 23:00:00+00:00,4742.75,observed,True,True,completed,0
Austria,enhanced_arima,2024-11-03,weekly_differenced,weekly_differenced_arima_p1_d0_q1,2024-11-02T08:00:00+01:00,2024-11-02T07:00:00+00:00,2024-11-02T07:00:00+00:00,2024-11-03 01:00:00+00:00,2024-11-03 02:00:00+00:00,2024-11-03T02:00:00+01:00,2024-11-03,4797.25,4657.878647845975,False,2024-10-27 00:00:00+00:00,4648.0,observed,True,True,completed,0
Austria,enhanced_arima,2024-11-03,weekly_differenced,weekly_differenced_arima_p1_d0_q1,2024-11-02T08:00:00+01:00,2024-11-02T07:00:00+00:00,2024-11-02T07:00:00+00:00,2024-11-03 02:00:00+00:00,2024-11-03 03:00:00+00:00,2024-11-03T03:00:00+01:00,2024-11-03,4717.25,4492.866264394896,False,2024-10-27 02:00:00+00:00,4483.25,observed,True,True,completed,0
Austria,enhanced_arima,2024-11-03,weekly_differenced,weekly_differenced_arima_p1_d0_q1,2024-11-02T08:00:00+01:00,2024-11-02T07:00:00+00:00,2024-11-02T07:00:00+00:00,2024-11-03 03:00:00+00:00,2024-11-03 04:00:00+00:00,2024-11-03T04:00:00+01:00,2024-11-03,4730.0,4554.365536099884,False,2024-10-27 03:00:00+00:00,4545.0,observed,True,True,completed,0
Austria,enhanced_arima,2024-11-03,weekly_differenced,weekly_differenced_arima_p1_d0_q1,2024-11-02T08:00:00+01:00,2024-11-02T07:00:00+00:00,2024-11-02T07:00:00+00:00,2024-11-03 04:00:00+00:00,2024-11-03 05:00:00+00:00,2024-11-03T05:00:00+01:00,2024-11-03,4944.5,4813.125945235212,False,2024-10-27 04:00:00+00:00,4804.0,observed,True,True,completed,0
Austria,enhanced_arima,2024-11-03,weekly_differenced,weekly_differenced_arima_p1_d0_q1,2024-11-02T08:00:00+01:00,2024-11-02T07:00:00+00:00,2024-11-02T07:00:00+00:00,2024-11-03 05:00:00+00:00,2024-11-03 06:00:00+00:00,2024-11-03T06:00:00+01:00,2024-11-03,5233.75,5232.896997072696,False,2024-10-27 05:00:00+00:00,5224.0,observed,True,True,completed,0
Austria,enhanced_arima,2024-11-03,weekly_differenced,weekly_differenced_arima_p1_d0_q1,2024-11-02T08:00:00+01:00,2024-11-02T07:00:00+00:00,2024-11-02T07:00:00+00:00,2024-11-03 06:00:00+00:00,2024-11-03 07:00:00+00:00,2024-11-03T07:00:00+01:00,2024-11-03,5434.25,5577.178218860131,False,2024-10-27 06:00:00+00:00,5568.5,observed,True,True,completed,0
Austria,enhanced_arima,2024-11-03,weekly_differenced,weekly_differenced_arima_p1_d0_q1,2024-11-02T08:00:00+01:00,2024-11-02T07:00:00+00:00,2024-11-02T07:00:00+00:00,2024-11-03 07:00:00+00:00,2024-11-03 08:00:00+00:00,2024-11-03T08:00:00+01:00,2024-11-03,5586.5,5799.469158845117,False,2024-10-27 07:00:00+00:00,5791.0,observed,True,True,completed,0
Austria,enhanced_arima,2024-11-03,weekly_differenced,weekly_differenced_arima_p1_d0_q1,2024-11-02T08:00:00+01:00,2024-11-02T07:00:00+00:00,2024-11-02T07:00:00+00:00,2024-11-03 08:00:00+00:00,2024-11-03 09:00:00+00:00,2024-11-03T09:00:00+01:00,2024-11-03,5767.25,5905.519385342238,False,2024-10-27 08:00:00+00:00,5897.25,observed,True,True,completed,0
Austria,enhanced_arima,2024-11-03,weekly_differenced,weekly_differenced_arima_p1_d0_q1,2024-11-02T08:00:00+01:00,2024-11-02T07:00:00+00:00,2024-11-02T07:00:00+00:00,2024-11-03 09:00:00+00:00,2024-11-03 10:00:00+00:00,2024-11-03T10:00:00+01:00,2024-11-03,5840.5,5932.828485841681,False,2024-10-27 09:00:00+00:00,5924.75,observed,True,True,completed,0
Austria,enhanced_arima,2024-11-03,weekly_differenced,weekly_differenced_arima_p1_d0_q1,2024-11-02T08:00:00+01:00,2024-11-02T07:00:00+00:00,2024-11-02T07:00:00+00:00,2024-11-03 10:00:00+00:00,2024-11-03 11:00:00+00:00,2024-11-03T11:00:00+01:00,2024-11-03,5833.25,5816.396066157451,False,2024-10-27 10:00:00+00:00,5808.5,observed,True,True,completed,0
Austria,enhanced_arima,2024-11-03,weekly_differenced,weekly_differenced_arima_p1_d0_q1,2024-11-02T08:00:00+01:00,2024-11-02T07:00:00+00:00,2024-11-02T07:00:00+00:00,2024-11-03 11:00:00+00:00,2024-11-03 12:00:00+00:00,2024-11-03T12:00:00+01:00,2024-11-03,5593.5,5420.221749613419,False,2024-10-27 11:00:00+00:00,5412.5,observed,True,True,completed,0
Austria,enhanced_arima,2024-11-03,weekly_differenced,weekly_differenced_arima_p1_d0_q1,2024-11-02T08:00:00+01:00,2024-11-02T07:00:00+00:00,2024-11-02T07:00:00+00:00,2024-11-03 12:00:00+00:00,2024-11-03 13:00:00+00:00,2024-11-03T13:00:00+01:00,2024-11-03,5388.25,5169.055176265528,False,2024-10-27 12:00:00+00:00,5161.5,observed,True,True,completed,0
Austria,enhanced_arima,2024-11-03,weekly_differenced,weekly_differenced_arima_p1_d0_q1,2024-11-02T08:00:00+01:00,2024-11-02T07:00:00+00:00,2024-11-02T07:00:00+00:00,2024-11-03 13:00:00+00:00,2024-11-03 14:00:00+00:00,2024-11-03T14:00:00+01:00,2024-11-03,5369.0,5168.14600215855,False,2024-10-27 13:00:00+00:00,5160.75,observed,True,True,completed,0
Austria,enhanced_arima,2024-11-03,weekly_differenced,weekly_differenced_arima_p1_d0_q1,2024-11-02T08:00:00+01:00,2024-11-02T07:00:00+00:00,2024-11-02T07:00:00+00:00,2024-11-03 14:00:00+00:00,2024-11-03 15:00:00+00:00,2024-11-03T15:00:00+01:00,2024-11-03,5666.75,5513.99389861586,False,2024-10-27 14:00:00+00:00,5506.75,observed,True,True,completed,0
Austria,enhanced_arima,2024-11-03,weekly_differenced,weekly_differenced_arima_p1_d0_q1,2024-11-02T08:00:00+01:00,2024-11-02T07:00:00+00:00,2024-11-02T07:00:00+00:00,2024-11-03 15:00:00+00:00,2024-11-03 16:00:00+00:00,2024-11-03T16:00:00+01:00,2024-11-03,6172.25,6098.098551560751,False,2024-10-27 15:00:00+00:00,6091.0,observed,True,True,completed,0
Austria,enhanced_arima,2024-11-03,weekly_differenced,weekly_differenced_arima_p1_d0_q1,2024-11-02T08:00:00+01:00,2024-11-02T07:00:00+00:00,2024-11-02T07:00:00+00:00,2024-11-03 16:00:00+00:00,2024-11-03 17:00:00+00:00,2024-11-03T17:00:00+01:00,2024-11-03,6717.5,6627.959660867901,False,2024-10-27 16:00:00+00:00,6621.0,observed,True,True,completed,0
Austria,enhanced_arima,2024-11-03,weekly_differenced,weekly_differenced_arima_p1_d0_q1,2024-11-02T08:00:00+01:00,2024-11-02T07:00:00+00:00,2024-11-02T07:00:00+00:00,2024-11-03 17:00:00+00:00,2024-11-03 18:00:00+00:00,2024-11-03T18:00:00+01:00,2024-11-03,6740.5,6514.826939743654,False,2024-10-27 17:00:00+00:00,6508.0,observed,True,True,completed,0
Austria,enhanced_arima,2024-11-03,weekly_differenced,weekly_differenced_arima_p1_d0_q1,2024-11-02T08:00:00+01:00,2024-11-02T07:00:00+00:00,2024-11-02T07:00:00+00:00,2024-11-03 18:00:00+00:00,2024-11-03 19:00:00+00:00,2024-11-03T19:00:00+01:00,2024-11-03,6602.5,6287.450114133817,False,2024-10-27 18:00:00+00:00,6280.75,observed,True,True,completed,0
Austria,enhanced_arima,2024-11-03,weekly_differenced,weekly_differenced_arima_p1_d0_q1,2024-11-02T08:00:00+01:00,2024-11-02T07:00:00+00:00,2024-11-02T07:00:00+00:00,2024-11-03 19:00:00+00:00,2024-11-03 20:00:00+00:00,2024-11-03T20:00:00+01:00,2024-11-03,6312.25,5950.07892215777,False,2024-10-27 19:00:00+00:00,5943.5,observed,True,True,completed,0
Austria,enhanced_arima,2024-11-03,weekly_differenced,weekly_differenced_arima_p1_d0_q1,2024-11-02T08:00:00+01:00,2024-11-02T07:00:00+00:00,2024-11-02T07:00:00+00:00,2024-11-03 20:00:00+00:00,2024-11-03 21:00:00+00:00,2024-11-03T21:00:00+01:00,2024-11-03,6020.75,5619.213113567715,False,2024-10-27 20:00:00+00:00,5612.75,observed,True,True,completed,0
Austria,enhanced_arima,2024-11-03,weekly_differenced,weekly_differenced_arima_p1_d0_q1,2024-11-02T08:00:00+01:00,2024-11-02T07:00:00+00:00,2024-11-02T07:00:00+00:00,2024-11-03 21:00:00+00:00,2024-11-03 22:00:00+00:00,2024-11-03T22:00:00+01:00,2024-11-03,6001.75,5559.102449231938,False,2024-10-27 21:00:00+00:00,5552.75,observed,True,True,completed,0
Austria,enhanced_arima,2024-11-03,weekly_differenced,weekly_differenced_arima_p1_d0_q1,2024-11-02T08:00:00+01:00,2024-11-02T07:00:00+00:00,2024-11-02T07:00:00+00:00,2024-11-03 22:00:00+00:00,2024-11-03 23:00:00+00:00,2024-11-03T23:00:00+01:00,2024-11-03,5659.75,5244.996700641036,False,2024-10-27 22:00:00+00:00,5238.75,observed,True,True,completed,0
Austria,enhanced_arima,2024-02-15,weekly_differenced,weekly_differenced_arima_p2_d0_q0,2024-02-14T08:00:00+01:00,2024-02-14T07:00:00+00:00,2024-02-14T07:00:00+00:00,2024-02-14 07:00:00+00:00,2024-02-14 08:00:00+00:00,2024-02-14T08:00:00+01:00,2024-02-14,8872.0,8996.443336239021,True,2024-02-07 07:00:00+00:00,8832.0,observed,False,False,completed,0
Austria,enhanced_arima,2024-02-15,weekly_differenced,weekly_differenced_arima_p2_d0_q0,2024-02-14T08:00:00+01:00,2024-02-14T07:00:00+00:00,2024-02-14T07:00:00+00:00,2024-02-14 08:00:00+00:00,2024-02-14 09:00:00+00:00,2024-02-14T09:00:00+01:00,2024-02-14,8675.25,8897.650398604646,True,2024-02-07 08:00:00+00:00,8727.75,observed,False,False,completed,0
Austria,enhanced_arima,2024-02-15,weekly_differenced,weekly_differenced_arima_p2_d0_q0,2024-02-14T08:00:00+01:00,2024-02-14T07:00:00+00:00,2024-02-14T07:00:00+00:00,2024-02-14 09:00:00+00:00,2024-02-14 10:00:00+00:00,2024-02-14T10:00:00+01:00,2024-02-14,8429.75,8602.18641717336,True,2024-02-07 09:00:00+00:00,8429.0,observed,False,False,completed,0
Austria,enhanced_arima,2024-02-15,weekly_differenced,weekly_differenced_arima_p2_d0_q0,2024-02-14T08:00:00+01:00,2024-02-14T07:00:00+00:00,2024-02-14T07:00:00+00:00,2024-02-14 10:00:00+00:00,2024-02-14 11:00:00+00:00,2024-02-14T11:00:00+01:00,2024-02-14,8233.75,8507.77347821218,True,2024-02-07 10:00:00+00:00,8332.75,observed,False,False,completed,0
Austria,enhanced_arima,2024-02-15,weekly_differenced,weekly_differenced_arima_p2_d0_q0,2024-02-14T08:00:00+01:00,2024-02-14T07:00:00+00:00,2024-02-14T07:00:00+00:00,2024-02-14 11:00:00+00:00,2024-02-14 12:00:00+00:00,2024-02-14T12:00:00+01:00,2024-02-14,7984.0,8371.15060799016,True,2024-02-07 11:00:00+00:00,8195.25,observed,False,False,completed,0
Austria,enhanced_arima,2024-02-15,weekly_differenced,weekly_differenced_arima_p2_d0_q0,2024-02-14T08:00:00+01:00,2024-02-14T07:00:00+00:00,2024-02-14T07:00:00+00:00,2024-02-14 12:00:00+00:00,2024-02-14 13:00:00+00:00,2024-02-14T13:00:00+01:00,2024-02-14,7965.75,8470.148568746106,True,2024-02-07 12:00:00+00:00,8294.0,observed,False,False,completed,0
Austria,enhanced_arima,2024-02-15,weekly_differenced,weekly_differenced_arima_p2_d0_q0,2024-02-14T08:00:00+01:00,2024-02-14T07:00:00+00:00,2024-02-14T07:00:00+00:00,2024-02-14 13:00:00+00:00,2024-02-14 14:00:00+00:00,2024-02-14T14:00:00+01:00,2024-02-14,7987.75,8382.490676736534,True,2024-02-07 13:00:00+00:00,8206.5,observed,False,False,completed,0
Austria,enhanced_arima,2024-02-15,weekly_differenced,weekly_differenced_arima_p2_d0_q0,2024-02-14T08:00:00+01:00,2024-02-14T07:00:00+00:00,2024-02-14T07:00:00+00:00,2024-02-14 14:00:00+00:00,2024-02-14 15:00:00+00:00,2024-02-14T15:00:00+01:00,2024-02-14,8143.25,8432.827327511346,True,2024-02-07 14:00:00+00:00,8257.25,observed,False,False,completed,0
Austria,enhanced_arima,2024-02-15,weekly_differenced,weekly_differenced_arima_p2_d0_q0,2024-02-14T08:00:00+01:00,2024-02-14T07:00:00+00:00,2024-02-14T07:00:00+00:00,2024-02-14 15:00:00+00:00,2024-02-14 16:00:00+00:00,2024-02-14T16:00:00+01:00,2024-02-14,8328.5,8588.009450505297,True,2024-02-07 15:00:00+00:00,8413.0,observed,False,False,completed,0
Austria,enhanced_arima,2024-02-15,weekly_differenced,weekly_differenced_arima_p2_d0_q0,2024-02-14T08:00:00+01:00,2024-02-14T07:00:00+00:00,2024-02-14T07:00:00+00:00,2024-02-14 16:00:00+00:00,2024-02-14 17:00:00+00:00,2024-02-14T17:00:00+01:00,2024-02-14,8743.0,8922.604441368021,True,2024-02-07 16:00:00+00:00,8748.25,observed,False,False,completed,0
Austria,enhanced_arima,2024-02-15,weekly_differenced,weekly_differenced_arima_p2_d0_q0,2024-02-14T08:00:00+01:00,2024-02-14T07:00:00+00:00,2024-02-14T07:00:00+00:00,2024-02-14 17:00:00+00:00,2024-02-14 18:00:00+00:00,2024-02-14T18:00:00+01:00,2024-02-14,8828.5,8941.906983189663,True,2024-02-07 17:00:00+00:00,8768.25,observed,False,False,completed,0
Austria,enhanced_arima,2024-02-15,weekly_differenced,weekly_differenced_arima_p2_d0_q0,2024-02-14T08:00:00+01:00,2024-02-14T07:00:00+00:00,2024-02-14T07:00:00+00:00,2024-02-14 18:00:00+00:00,2024-02-14 19:00:00+00:00,2024-02-14T19:00:00+01:00,2024-02-14,8450.5,8529.446395000119,True,2024-02-07 18:00:00+00:00,8356.5,observed,False,False,completed,0
Austria,enhanced_arima,2024-02-15,weekly_differenced,weekly_differenced_arima_p2_d0_q0,2024-02-14T08:00:00+01:00,2024-02-14T07:00:00+00:00,2024-02-14T07:00:00+00:00,2024-02-14 19:00:00+00:00,2024-02-14 20:00:00+00:00,2024-02-14T20:00:00+01:00,2024-02-14,7872.0,7981.241620812462,True,2024-02-07 19:00:00+00:00,7809.0,observed,False,False,completed,0
Austria,enhanced_arima,2024-02-15,weekly_differenced,weekly_differenced_arima_p2_d0_q0,2024-02-14T08:00:00+01:00,2024-02-14T07:00:00+00:00,2024-02-14T07:00:00+00:00,2024-02-14 20:00:00+00:00,2024-02-14 21:00:00+00:00,2024-02-14T21:00:00+01:00,2024-02-14,7265.5,7396.304615667945,True,2024-02-07 20:00:00+00:00,7224.75,observed,False,False,completed,0
Austria,enhanced_arima,2024-02-15,weekly_differenced,weekly_differenced_arima_p2_d0_q0,2024-02-14T08:00:00+01:00,2024-02-14T07:00:00+00:00,2024-02-14T07:00:00+00:00,2024-02-14 21:00:00+00:00,2024-02-14 22:00:00+00:00,2024-02-14T22:00:00+01:00,2024-02-14,7075.0,7146.142642684061,True,2024-02-07 21:00:00+00:00,6975.25,observed,False,False,completed,0
Austria,enhanced_arima,2024-02-15,weekly_differenced,weekly_differenced_arima_p2_d0_q0,2024-02-14T08:00:00+01:00,2024-02-14T07:00:00+00:00,2024-02-14T07:00:00+00:00,2024-02-14 22:00:00+00:00,2024-02-14 23:00:00+00:00,2024-02-14T23:00:00+01:00,2024-02-14,6547.5,6678.759830357649,True,2024-02-07 22:00:00+00:00,6508.5,observed,False,False,completed,0
Austria,enhanced_arima,2024-02-15,weekly_differenced,weekly_differenced_arima_p2_d0_q0,2024-02-14T08:00:00+01:00,2024-02-14T07:00:00+00:00,2024-02-14T07:00:00+00:00,2024-02-14 23:00:00+00:00,2024-02-15 00:00:00+00:00,2024-02-15T00:00:00+01:00,2024-02-15,6185.75,6364.4082274275315,False,2024-02-07 23:00:00+00:00,6194.75,observed,True,True,completed,0
Austria,enhanced_arima,2024-02-15,weekly_differenced,weekly_differenced_arima_p2_d0_q0,2024-02-14T08:00:00+01:00,2024-02-14T07:00:00+00:00,2024-02-14T07:00:00+00:00,2024-02-15 00:00:00+00:00,2024-02-15 01:00:00+00:00,2024-02-15T01:00:00+01:00,2024-02-15,5892.5,6064.588516533005,False,2024-02-08 00:00:00+00:00,5895.5,observed,True,True,completed,0
Austria,enhanced_arima,2024-02-15,weekly_differenced,weekly_differenced_arima_p2_d0_q0,2024-02-14T08:00:00+01:00,2024-02-14T07:00:00+00:00,2024-02-14T07:00:00+00:00,2024-02-15 01:00:00+00:00,2024-02-15 02:00:00+00:00,2024-02-15T02:00:00+01:00,2024-02-15,5809.75,5949.300496216438,False,2024-02-08 01:00:00+00:00,5780.75,observed,True,True,completed,0
Austria,enhanced_arima,2024-02-15,weekly_differenced,weekly_differenced_arima_p2_d0_q0,2024-02-14T08:00:00+01:00,2024-02-14T07:00:00+00:00,2024-02-14T07:00:00+00:00,2024-02-15 02:00:00+00:00,2024-02-15 03:00:00+00:00,2024-02-15T03:00:00+01:00,2024-02-15,5751.25,5906.293405696729,False,2024-02-08 02:00:00+00:00,5738.25,observed,True,True,completed,0
Austria,enhanced_arima,2024-02-15,weekly_differenced,weekly_differenced_arima_p2_d0_q0,2024-02-14T08:00:00+01:00,2024-02-14T07:00:00+00:00,2024-02-14T07:00:00+00:00,2024-02-15 03:00:00+00:00,2024-02-15 04:00:00+00:00,2024-02-15T04:00:00+01:00,2024-02-15,5938.5,6074.816142975682,False,2024-02-08 03:00:00+00:00,5907.25,observed,True,True,completed,0
Austria,enhanced_arima,2024-02-15,weekly_differenced,weekly_differenced_arima_p2_d0_q0,2024-02-14T08:00:00+01:00,2024-02-14T07:00:00+00:00,2024-02-14T07:00:00+00:00,2024-02-15 04:00:00+00:00,2024-02-15 05:00:00+00:00,2024-02-15T05:00:00+01:00,2024-02-15,6613.0,6783.117410623993,False,2024-02-08 04:00:00+00:00,6616.0,observed,True,True,completed,0
Austria,enhanced_arima,2024-02-15,weekly_differenced,weekly_differenced_arima_p2_d0_q0,2024-02-14T08:00:00+01:00,2024-02-14T07:00:00+00:00,2024-02-14T07:00:00+00:00,2024-02-15 05:00:00+00:00,2024-02-15 06:00:00+00:00,2024-02-15T06:00:00+01:00,2024-02-15,7800.5,7948.695812575603,False,2024-02-08 05:00:00+00:00,7782.0,observed,True,True,completed,0
Austria,enhanced_arima,2024-02-15,weekly_differenced,weekly_differenced_arima_p2_d0_q0,2024-02-14T08:00:00+01:00,2024-02-14T07:00:00+00:00,2024-02-14T07:00:00+00:00,2024-02-15 06:00:00+00:00,2024-02-15 07:00:00+00:00,2024-02-15T07:00:00+01:00,2024-02-15,8627.5,8743.799917773133,False,2024-02-08 06:00:00+00:00,8577.5,observed,True,True,completed,0
Austria,enhanced_arima,2024-02-15,weekly_differenced,weekly_differenced_arima_p2_d0_q0,2024-02-14T08:00:00+01:00,2024-02-14T07:00:00+00:00,2024-02-14T07:00:00+00:00,2024-02-15 07:00:00+00:00,2024-02-15 08:00:00+00:00,2024-02-15T08:00:00+01:00,2024-02-15,8883.0,8992.178301420841,False,2024-02-08 07:00:00+00:00,8826.25,observed,True,True,completed,0
Austria,enhanced_arima,2024-02-15,weekly_differenced,weekly_differenced_arima_p2_d0_q0,2024-02-14T08:00:00+01:00,2024-02-14T07:00:00+00:00,2024-02-14T07:00:00+00:00,2024-02-15 08:00:00+00:00,2024-02-15 09:00:00+00:00,2024-02-15T09:00:00+01:00,2024-02-15,8733.0,8958.829571145912,False,2024-02-08 08:00:00+00:00,8793.25,observed,True,True,completed,0
Austria,enhanced_arima,2024-02-15,weekly_differenced,weekly_differenced_arima_p2_d0_q0,2024-02-14T08:00:00+01:00,2024-02-14T07:00:00+00:00,2024-02-14T07:00:00+00:00,2024-02-15 09:00:00+00:00,2024-02-15 10:00:00+00:00,2024-02-15T10:00:00+01:00,2024-02-15,8431.25,8730.002383021323,False,2024-02-08 09:00:00+00:00,8564.75,observed,True,True,completed,0
Austria,enhanced_arima,2024-02-15,weekly_differenced,weekly_differenced_arima_p2_d0_q0,2024-02-14T08:00:00+01:00,2024-02-14T07:00:00+00:00,2024-02-14T07:00:00+00:00,2024-02-15 10:00:00+00:00,2024-02-15 11:00:00+00:00,2024-02-15T11:00:00+01:00,2024-02-15,8117.5,8614.445450808782,False,2024-02-08 10:00:00+00:00,8449.5,observed,True,True,completed,0
Austria,enhanced_arima,2024-02-15,weekly_differenced,weekly_differenced_arima_p2_d0_q0,2024-02-14T08:00:00+01:00,2024-02-14T07:00:00+00:00,2024-02-14T07:00:00+00:00,2024-02-15 11:00:00+00:00,2024-02-15 12:00:00+00:00,2024-02-15T12:00:00+01:00,2024-02-15,7709.75,8365.657550697075,False,2024-02-08 11:00:00+00:00,8201.0,observed,True,True,completed,0
Austria,enhanced_arima,2024-02-15,weekly_differenced,weekly_differenced_arima_p2_d0_q0,2024-02-14T08:00:00+01:00,2024-02-14T07:00:00+00:00,2024-02-14T07:00:00+00:00,2024-02-15 12:00:00+00:00,2024-02-15 13:00:00+00:00,2024-02-15T13:00:00+01:00,2024-02-15,7568.5,8243.887523075533,False,2024-02-08 12:00:00+00:00,8079.5,observed,True,True,completed,0
Austria,enhanced_arima,2024-02-15,weekly_differenced,weekly_differenced_arima_p2_d0_q0,2024-02-14T08:00:00+01:00,2024-02-14T07:00:00+00:00,2024-02-14T07:00:00+00:00,2024-02-15 13:00:00+00:00,2024-02-15 14:00:00+00:00,2024-02-15T14:00:00+01:00,2024-02-15,7498.75,8177.384272382908,False,2024-02-08 13:00:00+00:00,8013.25,observed,True,True,completed,0
Austria,enhanced_arima,2024-02-15,weekly_differenced,weekly_differenced_arima_p2_d0_q0,2024-02-14T08:00:00+01:00,2024-02-14T07:00:00+00:00,2024-02-14T07:00:00+00:00,2024-02-15 14:00:00+00:00,2024-02-15 15:00:00+00:00,2024-02-15T15:00:00+01:00,2024-02-15,7634.5,8303.646765732912,False,2024-02-08 14:00:00+00:00,8139.75,observed,True,True,completed,0
Austria,enhanced_arima,2024-02-15,weekly_differenced,weekly_differenced_arima_p2_d0_q0,2024-02-14T08:00:00+01:00,2024-02-14T07:00:00+00:00,2024-02-14T07:00:00+00:00,2024-02-15 15:00:00+00:00,2024-02-15 16:00:00+00:00,2024-02-15T16:00:00+01:00,2024-02-15,7994.25,8516.924030787684,False,2024-02-08 15:00:00+00:00,8353.25,observed,True,True,completed,0
Austria,enhanced_arima,2024-02-15,weekly_differenced,weekly_differenced_arima_p2_d0_q0,2024-02-14T08:00:00+01:00,2024-02-14T07:00:00+00:00,2024-02-14T07:00:00+00:00,2024-02-15 16:00:00+00:00,2024-02-15 17:00:00+00:00,2024-02-15T17:00:00+01:00,2024-02-15,8497.75,8894.96515319447,False,2024-02-08 16:00:00+00:00,8731.5,observed,True,True,completed,0
Austria,enhanced_arima,2024-02-15,weekly_differenced,weekly_differenced_arima_p2_d0_q0,2024-02-14T08:00:00+01:00,2024-02-14T07:00:00+00:00,2024-02-14T07:00:00+00:00,2024-02-15 17:00:00+00:00,2024-02-15 18:00:00+00:00,2024-02-15T18:00:00+01:00,2024-02-15,8659.25,8879.76927379514,False,2024-02-08 17:00:00+00:00,8716.5,observed,True,True,completed,0
Austria,enhanced_arima,2024-02-15,weekly_differenced,weekly_differenced_arima_p2_d0_q0,2024-02-14T08:00:00+01:00,2024-02-14T07:00:00+00:00,2024-02-14T07:00:00+00:00,2024-02-15 18:00:00+00:00,2024-02-15 19:00:00+00:00,2024-02-15T19:00:00+01:00,2024-02-15,8319.25,8466.835585746656,False,2024-02-08 18:00:00+00:00,8303.75,observed,True,True,completed,0
Austria,enhanced_arima,2024-02-15,weekly_differenced,weekly_differenced_arima_p2_d0_q0,2024-02-14T08:00:00+01:00,2024-02-14T07:00:00+00:00,2024-02-14T07:00:00+00:00,2024-02-15 19:00:00+00:00,2024-02-15 20:00:00+00:00,2024-02-15T20:00:00+01:00,2024-02-15,7817.75,7943.163331642234,False,2024-02-08 19:00:00+00:00,7780.25,observed,True,True,completed,0
Austria,enhanced_arima,2024-02-15,weekly_differenced,weekly_differenced_arima_p2_d0_q0,2024-02-14T08:00:00+01:00,2024-02-14T07:00:00+00:00,2024-02-14T07:00:00+00:00,2024-02-15 20:00:00+00:00,2024-02-15 21:00:00+00:00,2024-02-15T21:00:00+01:00,2024-02-15,7240.5,7334.501800690425,False,2024-02-08 20:00:00+00:00,7171.75,observed,True,True,completed,0
Austria,enhanced_arima,2024-02-15,weekly_differenced,weekly_differenced_arima_p2_d0_q0,2024-02-14T08:00:00+01:00,2024-02-14T07:00:00+00:00,2024-02-14T07:00:00+00:00,2024-02-15 21:00:00+00:00,2024-02-15 22:00:00+00:00,2024-02-15T22:00:00+01:00,2024-02-15,7037.75,7104.850325987382,False,2024-02-08 21:00:00+00:00,6942.25,observed,True,True,completed,0
Austria,enhanced_arima,2024-02-15,weekly_differenced,weekly_differenced_arima_p2_d0_q0,2024-02-14T08:00:00+01:00,2024-02-14T07:00:00+00:00,2024-02-14T07:00:00+00:00,2024-02-15 22:00:00+00:00,2024-02-15 23:00:00+00:00,2024-02-15T23:00:00+01:00,2024-02-15,6525.0,6611.708281902944,False,2024-02-08 22:00:00+00:00,6449.25,observed,True,True,completed,0
Austria,enhanced_arima,2024-03-31,weekly_differenced,weekly_differenced_arima_p2_d0_q0,2024-03-30T08:00:00+01:00,2024-03-30T07:00:00+00:00,2024-03-30T07:00:00+00:00,2024-03-30 07:00:00+00:00,2024-03-30 08:00:00+00:00,2024-03-30T08:00:00+01:00,2024-03-30,6170.25,6118.768464022695,True,2024-03-23 07:00:00+00:00,6356.0,observed,False,False,completed,0
Austria,enhanced_arima,2024-03-31,weekly_differenced,weekly_differenced_arima_p2_d0_q0,2024-03-30T08:00:00+01:00,2024-03-30T07:00:00+00:00,2024-03-30T07:00:00+00:00,2024-03-30 08:00:00+00:00,2024-03-30 09:00:00+00:00,2024-03-30T09:00:00+01:00,2024-03-30,6365.5,6198.270435820835,True,2024-03-23 08:00:00+00:00,6445.75,observed,False,False,completed,0
Austria,enhanced_arima,2024-03-31,weekly_differenced,weekly_differenced_arima_p2_d0_q0,2024-03-30T08:00:00+01:00,2024-03-30T07:00:00+00:00,2024-03-30T07:00:00+00:00,2024-03-30 09:00:00+00:00,2024-03-30 10:00:00+00:00,2024-03-30T10:00:00+01:00,2024-03-30,6271.75,6139.287265806951,True,2024-03-23 09:00:00+00:00,6386.0,observed,False,False,completed,0
Austria,enhanced_arima,2024-03-31,weekly_differenced,weekly_differenced_arima_p2_d0_q0,2024-03-30T08:00:00+01:00,2024-03-30T07:00:00+00:00,2024-03-30T07:00:00+00:00,2024-03-30 10:00:00+00:00,2024-03-30 11:00:00+00:00,2024-03-30T11:00:00+01:00,2024-03-30,6148.25,6055.556706633059,True,2024-03-23 10:00:00+00:00,6294.75,observed,False,False,completed,0
Austria,enhanced_arima,2024-03-31,weekly_differenced,weekly_differenced_arima_p2_d0_q0,2024-03-30T08:00:00+01:00,2024-03-30T07:00:00+00:00,2024-03-30T07:00:00+00:00,2024-03-30 11:00:00+00:00,2024-03-30 12:00:00+00:00,2024-03-30T12:00:00+01:00,2024-03-30,5845.0,5954.783399517187,True,2024-03-23 11:00:00+00:00,6182.5,observed,False,False,completed,0
Austria,enhanced_arima,2024-03-31,weekly_differenced,weekly_differenced_arima_p2_d0_q0,2024-03-30T08:00:00+01:00,2024-03-30T07:00:00+00:00,2024-03-30T07:00:00+00:00,2024-03-30 12:00:00+00:00,2024-03-30 13:00:00+00:00,2024-03-30T13:00:00+01:00,2024-03-30,5542.0,5875.146229666074,True,2024-03-23 12:00:00+00:00,6089.25,observed,False,False,completed,0
Austria,enhanced_arima,2024-03-31,weekly_differenced,weekly_differenced_arima_p2_d0_q0,2024-03-30T08:00:00+01:00,2024-03-30T07:00:00+00:00,2024-03-30T07:00:00+00:00,2024-03-30 13:00:00+00:00,2024-03-30 14:00:00+00:00,2024-03-30T14:00:00+01:00,2024-03-30,5438.0,5897.470215959438,True,2024-03-23 13:00:00+00:00,6097.0,observed,False,False,completed,0
Austria,enhanced_arima,2024-03-31,weekly_differenced,weekly_differenced_arima_p2_d0_q0,2024-03-30T08:00:00+01:00,2024-03-30T07:00:00+00:00,2024-03-30T07:00:00+00:00,2024-03-30 14:00:00+00:00,2024-03-30 15:00:00+00:00,2024-03-30T15:00:00+01:00,2024-03-30,5528.25,6000.758054125539,True,2024-03-23 14:00:00+00:00,6185.5,observed,False,False,completed,0
Austria,enhanced_arima,2024-03-31,weekly_differenced,weekly_differenced_arima_p2_d0_q0,2024-03-30T08:00:00+01:00,2024-03-30T07:00:00+00:00,2024-03-30T07:00:00+00:00,2024-03-30 15:00:00+00:00,2024-03-30 16:00:00+00:00,2024-03-30T16:00:00+01:00,2024-03-30,5818.25,6188.794732766873,True,2024-03-23 15:00:00+00:00,6359.0,observed,False,False,completed,0
Austria,enhanced_arima,2024-03-31,weekly_differenced,weekly_differenced_arima_p2_d0_q0,2024-03-30T08:00:00+01:00,2024-03-30T07:00:00+00:00,2024-03-30T07:00:00+00:00,2024-03-30 16:00:00+00:00,2024-03-30 17:00:00+00:00,2024-03-30T17:00:00+01:00,2024-03-30,6291.75,6557.050839925118,True,2024-03-23 16:00:00+00:00,6713.25,observed,False,False,completed,0
Austria,enhanced_arima,2024-03-31,weekly_differenced,weekly_differenced_arima_p2_d0_q0,2024-03-30T08:00:00+01:00,2024-03-30T07:00:00+00:00,2024-03-30T07:00:00+00:00,2024-03-30 17:00:00+00:00,2024-03-30 18:00:00+00:00,2024-03-30T18:00:00+01:00,2024-03-30,6487.25,6689.618308891376,True,2024-03-23 17:00:00+00:00,6832.5,observed,False,False,completed,0
Austria,enhanced_arima,2024-03-31,weekly_differenced,weekly_differenced_arima_p2_d0_q0,2024-03-30T08:00:00+01:00,2024-03-30T07:00:00+00:00,2024-03-30T07:00:00+00:00,2024-03-30 18:00:00+00:00,2024-03-30 19:00:00+00:00,2024-03-30T19:00:00+01:00,2024-03-30,6389.25,6531.667771813175,True,2024-03-23 18:00:00+00:00,6662.0,observed,False,False,completed,0
Austria,enhanced_arima,2024-03-31,weekly_differenced,weekly_differenced_arima_p2_d0_q0,2024-03-30T08:00:00+01:00,2024-03-30T07:00:00+00:00,2024-03-30T07:00:00+00:00,2024-03-30 19:00:00+00:00,2024-03-30 20:00:00+00:00,2024-03-30T20:00:00+01:00,2024-03-30,6125.0,6223.920302297096,True,2024-03-23 19:00:00+00:00,6342.5,observed,False,False,completed,0
Austria,enhanced_arima,2024-03-31,weekly_differenced,weekly_differenced_arima_p2_d0_q0,2024-03-30T08:00:00+01:00,2024-03-30T07:00:00+00:00,2024-03-30T07:00:00+00:00,2024-03-30 20:00:00+00:00,2024-03-30 21:00:00+00:00,2024-03-30T21:00:00+01:00,2024-03-30,5756.75,5859.378736222995,True,2024-03-23 20:00:00+00:00,5967.0,observed,False,False,completed,0
Austria,enhanced_arima,2024-03-31,weekly_differenced,weekly_differenced_arima_p2_d0_q0,2024-03-30T08:00:00+01:00,2024-03-30T07:00:00+00:00,2024-03-30T07:00:00+00:00,2024-03-30 21:00:00+00:00,2024-03-30 22:00:00+00:00,2024-03-30T22:00:00+01:00,2024-03-30,5651.0,5776.315365030486,True,2024-03-23 21:00:00+00:00,5873.75,observed,False,False,completed,0
Austria,enhanced_arima,2024-03-31,weekly_differenced,weekly_differenced_arima_p2_d0_q0,2024-03-30T08:00:00+01:00,2024-03-30T07:00:00+00:00,2024-03-30T07:00:00+00:00,2024-03-30 22:00:00+00:00,2024-03-30 23:00:00+00:00,2024-03-30T23:00:00+01:00,2024-03-30,5260.75,5380.013865546098,True,2024-03-23 22:00:00+00:00,5468.0,observed,False,False,completed,0
Austria,enhanced_arima,2024-03-31,weekly_differenced,weekly_differenced_arima_p2_d0_q0,2024-03-30T08:00:00+01:00,2024-03-30T07:00:00+00:00,2024-03-30T07:00:00+00:00,2024-03-30 23:00:00+00:00,2024-03-31 00:00:00+00:00,2024-03-31T00:00:00+01:00,2024-03-31,4921.25,5119.764043456373,False,2024-03-23 23:00:00+00:00,5199.0,observed,True,True,completed,0
Austria,enhanced_arima,2024-03-31,weekly_differenced,weekly_differenced_arima_p2_d0_q0,2024-03-30T08:00:00+01:00,2024-03-30T07:00:00+00:00,2024-03-30T07:00:00+00:00,2024-03-31 00:00:00+00:00,2024-03-31 01:00:00+00:00,2024-03-31T01:00:00+01:00,2024-03-31,4636.75,4880.60844275923,False,2024-03-24 00:00:00+00:00,4951.75,observed,True,True,completed,0
Austria,enhanced_arima,2024-03-31,weekly_differenced,weekly_differenced_arima_p2_d0_q0,2024-03-30T08:00:00+01:00,2024-03-30T07:00:00+00:00,2024-03-30T07:00:00+00:00,2024-03-31 01:00:00+00:00,2024-03-31 02:00:00+00:00,2024-03-31T03:00:00+02:00,2024-03-31,4463.0,4750.0901902393825,False,2024-03-24 02:00:00+00:00,4813.75,observed,True,True,completed,0
Austria,enhanced_arima,2024-03-31,weekly_differenced,weekly_differenced_arima_p2_d0_q0,2024-03-30T08:00:00+01:00,2024-03-30T07:00:00+00:00,2024-03-30T07:00:00+00:00,2024-03-31 02:00:00+00:00,2024-03-31 03:00:00+00:00,2024-03-31T04:00:00+02:00,2024-03-31,4502.0,4729.501655070387,False,2024-03-24 03:00:00+00:00,4786.25,observed,True,True,completed,0
Austria,enhanced_arima,2024-03-31,weekly_differenced,weekly_differenced_arima_p2_d0_q0,2024-03-30T08:00:00+01:00,2024-03-30T07:00:00+00:00,2024-03-30T07:00:00+00:00,2024-03-31 03:00:00+00:00,2024-03-31 04:00:00+00:00,2024-03-31T05:00:00+02:00,2024-03-31,4592.75,4897.3836442786305,False,2024-03-24 04:00:00+00:00,4947.75,observed,True,True,completed,0
Austria,enhanced_arima,2024-03-31,weekly_differenced,weekly_differenced_arima_p2_d0_q0,2024-03-30T08:00:00+01:00,2024-03-30T07:00:00+00:00,2024-03-30T07:00:00+00:00,2024-03-31 04:00:00+00:00,2024-03-31 05:00:00+00:00,2024-03-31T06:00:00+02:00,2024-03-31,4793.5,5157.524948498393,False,2024-03-24 05:00:00+00:00,5202.0,observed,True,True,completed,0
Austria,enhanced_arima,2024-03-31,weekly_differenced,weekly_differenced_arima_p2_d0_q0,2024-03-30T08:00:00+01:00,2024-03-30T07:00:00+00:00,2024-03-30T07:00:00+00:00,2024-03-31 05:00:00+00:00,2024-03-31 06:00:00+00:00,2024-03-31T07:00:00+02:00,2024-03-31,5071.0,5454.212114856247,False,2024-03-24 06:00:00+00:00,5493.25,observed,True,True,completed,0
Austria,enhanced_arima,2024-03-31,weekly_differenced,weekly_differenced_arima_p2_d0_q0,2024-03-30T08:00:00+01:00,2024-03-30T07:00:00+00:00,2024-03-30T07:00:00+00:00,2024-03-31 06:00:00+00:00,2024-03-31 07:00:00+00:00,2024-03-31T08:00:00+02:00,2024-03-31,5332.25,5693.479365382045,False,2024-03-24 07:00:00+00:00,5727.5,observed,True,True,completed,0
Austria,enhanced_arima,2024-03-31,weekly_differenced,weekly_differenced_arima_p2_d0_q0,2024-03-30T08:00:00+01:00,2024-03-30T07:00:00+00:00,2024-03-30T07:00:00+00:00,2024-03-31 07:00:00+00:00,2024-03-31 08:00:00+00:00,2024-03-31T09:00:00+02:00,2024-03-31,5437.25,5927.108607007666,False,2024-03-24 08:00:00+00:00,5956.5,observed,True,True,completed,0
Austria,enhanced_arima,2024-03-31,weekly_differenced,weekly_differenced_arima_p2_d0_q0,2024-03-30T08:00:00+01:00,2024-03-30T07:00:00+00:00,2024-03-30T07:00:00+00:00,2024-03-31 08:00:00+00:00,2024-03-31 09:00:00+00:00,2024-03-31T10:00:00+02:00,2024-03-31,5408.25,5971.879497619505,False,2024-03-24 09:00:00+00:00,5997.0,observed,True,True,completed,0
Austria,enhanced_arima,2024-03-31,weekly_differenced,weekly_differenced_arima_p2_d0_q0,2024-03-30T08:00:00+01:00,2024-03-30T07:00:00+00:00,2024-03-30T07:00:00+00:00,2024-03-31 09:00:00+00:00,2024-03-31 10:00:00+00:00,2024-03-31T11:00:00+02:00,2024-03-31,5485.0,5991.819544866287,False,2024-03-24 10:00:00+00:00,6013.0,observed,True,True,completed,0
Austria,enhanced_arima,2024-03-31,weekly_differenced,weekly_differenced_arima_p2_d0_q0,2024-03-30T08:00:00+01:00,2024-03-30T07:00:00+00:00,2024-03-30T07:00:00+00:00,2024-03-31 10:00:00+00:00,2024-03-31 11:00:00+00:00,2024-03-31T12:00:00+02:00,2024-03-31,5190.5,5799.704222549674,False,2024-03-24 11:00:00+00:00,5817.25,observed,True,True,completed,0
Austria,enhanced_arima,2024-03-31,weekly_differenced,weekly_differenced_arima_p2_d0_q0,2024-03-30T08:00:00+01:00,2024-03-30T07:00:00+00:00,2024-03-30T07:00:00+00:00,2024-03-31 11:00:00+00:00,2024-03-31 12:00:00+00:00,2024-03-31T13:00:00+02:00,2024-03-31,4962.25,5636.057094813907,False,2024-03-24 12:00:00+00:00,5650.25,observed,True,True,completed,0
Austria,enhanced_arima,2024-03-31,weekly_differenced,weekly_differenced_arima_p2_d0_q0,2024-03-30T08:00:00+01:00,2024-03-30T07:00:00+00:00,2024-03-30T07:00:00+00:00,2024-03-31 12:00:00+00:00,2024-03-31 13:00:00+00:00,2024-03-31T14:00:00+02:00,2024-03-31,4844.0,5542.649941917175,False,2024-03-24 13:00:00+00:00,5553.75,observed,True,True,completed,0
Austria,enhanced_arima,2024-03-31,weekly_differenced,weekly_differenced_arima_p2_d0_q0,2024-03-30T08:00:00+01:00,2024-03-30T07:00:00+00:00,2024-03-30T07:00:00+00:00,2024-03-31 13:00:00+00:00,2024-03-31 14:00:00+00:00,2024-03-31T15:00:00+02:00,2024-03-31,4883.5,5598.502883721077,False,2024-03-24 14:00:00+00:00,5606.75,observed,True,True,completed,0
Austria,enhanced_arima,2024-03-31,weekly_differenced,weekly_differenced_arima_p2_d0_q0,2024-03-30T08:00:00+01:00,2024-03-30T07:00:00+00:00,2024-03-30T07:00:00+00:00,2024-03-31 14:00:00+00:00,2024-03-31 15:00:00+00:00,2024-03-31T16:00:00+02:00,2024-03-31,5057.25,5791.134498581681,False,2024-03-24 15:00:00+00:00,5796.75,observed,True,True,completed,0
Austria,enhanced_arima,2024-03-31,weekly_differenced,weekly_differenced_arima_p2_d0_q0,2024-03-30T08:00:00+01:00,2024-03-30T07:00:00+00:00,2024-03-30T07:00:00+00:00,2024-03-31 15:00:00+00:00,2024-03-31 16:00:00+00:00,2024-03-31T17:00:00+02:00,2024-03-31,5418.75,6264.561936336888,False,2024-03-24 16:00:00+00:00,6267.75,observed,True,True,completed,0
Austria,enhanced_arima,2024-03-31,weekly_differenced,weekly_differenced_arima_p2_d0_q0,2024-03-30T08:00:00+01:00,2024-03-30T07:00:00+00:00,2024-03-30T07:00:00+00:00,2024-03-31 16:00:00+00:00,2024-03-31 17:00:00+00:00,2024-03-31T18:00:00+02:00,2024-03-31,5862.5,6584.551024740283,False,2024-03-24 17:00:00+00:00,6585.5,observed,True,True,completed,0
Austria,enhanced_arima,2024-03-31,weekly_differenced,weekly_differenced_arima_p2_d0_q0,2024-03-30T08:00:00+01:00,2024-03-30T07:00:00+00:00,2024-03-30T07:00:00+00:00,2024-03-31 17:00:00+00:00,2024-03-31 18:00:00+00:00,2024-03-31T19:00:00+02:00,2024-03-31,5970.5,6574.866369111548,False,2024-03-24 18:00:00+00:00,6573.75,observed,True,True,completed,0
Austria,enhanced_arima,2024-03-31,weekly_differenced,weekly_differenced_arima_p2_d0_q0,2024-03-30T08:00:00+01:00,2024-03-30T07:00:00+00:00,2024-03-30T07:00:00+00:00,2024-03-31 18:00:00+00:00,2024-03-31 19:00:00+00:00,2024-03-31T20:00:00+02:00,2024-03-31,5882.5,6338.771445237553,False,2024-03-24 19:00:00+00:00,6335.75,observed,True,True,completed,0
Austria,enhanced_arima,2024-03-31,weekly_differenced,weekly_differenced_arima_p2_d0_q0,2024-03-30T08:00:00+01:00,2024-03-30T07:00:00+00:00,2024-03-30T07:00:00+00:00,2024-03-31 19:00:00+00:00,2024-03-31 20:00:00+00:00,2024-03-31T21:00:00+02:00,2024-03-31,5562.25,6065.02868571978,False,2024-03-24 20:00:00+00:00,6060.25,observed,True,True,completed,0
Austria,enhanced_arima,2024-03-31,weekly_differenced,weekly_differenced_arima_p2_d0_q0,2024-03-30T08:00:00+01:00,2024-03-30T07:00:00+00:00,2024-03-30T07:00:00+00:00,2024-03-31 20:00:00+00:00,2024-03-31 21:00:00+00:00,2024-03-31T22:00:00+02:00,2024-03-31,5555.75,5983.649560057936,False,2024-03-24 21:00:00+00:00,5977.25,observed,True,True,completed,0
Austria,enhanced_arima,2024-03-31,weekly_differenced,weekly_differenced_arima_p2_d0_q0,2024-03-30T08:00:00+01:00,2024-03-30T07:00:00+00:00,2024-03-30T07:00:00+00:00,2024-03-31 21:00:00+00:00,2024-03-31 22:00:00+00:00,2024-03-31T23:00:00+02:00,2024-03-31,5194.5,5617.644648810063,False,2024-03-24 22:00:00+00:00,5609.75,observed,True,True,completed,0
Austria,enhanced_arima,2024-07-25,weekly_differenced,weekly_differenced_arima_p2_d0_q0,2024-07-24T08:00:00+02:00,2024-07-24T06:00:00+00:00,2024-07-24T06:00:00+00:00,2024-07-24 06:00:00+00:00,2024-07-24 07:00:00+00:00,2024-07-24T08:00:00+02:00,2024-07-24,7358.0,7473.049322343142,True,2024-07-17 06:00:00+00:00,7739.5,observed,False,False,completed,0
Austria,enhanced_arima,2024-07-25,weekly_differenced,weekly_differenced_arima_p2_d0_q0,2024-07-24T08:00:00+02:00,2024-07-24T06:00:00+00:00,2024-07-24T06:00:00+00:00,2024-07-24 07:00:00+00:00,2024-07-24 08:00:00+00:00,2024-07-24T09:00:00+02:00,2024-07-24,7380.25,7555.740374184146,True,2024-07-17 07:00:00+00:00,7815.75,observed,False,False,completed,0
Austria,enhanced_arima,2024-07-25,weekly_differenced,weekly_differenced_arima_p2_d0_q0,2024-07-24T08:00:00+02:00,2024-07-24T06:00:00+00:00,2024-07-24T06:00:00+00:00,2024-07-24 08:00:00+00:00,2024-07-24 09:00:00+00:00,2024-07-24T10:00:00+02:00,2024-07-24,7396.5,7458.398240883121,True,2024-07-17 08:00:00+00:00,7704.5,observed,False,False,completed,0
Austria,enhanced_arima,2024-07-25,weekly_differenced,weekly_differenced_arima_p2_d0_q0,2024-07-24T08:00:00+02:00,2024-07-24T06:00:00+00:00,2024-07-24T06:00:00+00:00,2024-07-24 09:00:00+00:00,2024-07-24 10:00:00+00:00,2024-07-24T11:00:00+02:00,2024-07-24,7398.75,7416.674489251975,True,2024-07-17 09:00:00+00:00,7644.75,observed,False,False,completed,0
Austria,enhanced_arima,2024-07-25,weekly_differenced,weekly_differenced_arima_p2_d0_q0,2024-07-24T08:00:00+02:00,2024-07-24T06:00:00+00:00,2024-07-24T06:00:00+00:00,2024-07-24 10:00:00+00:00,2024-07-24 11:00:00+00:00,2024-07-24T12:00:00+02:00,2024-07-24,7162.5,7221.578929995802,True,2024-07-17 10:00:00+00:00,7429.75,observed,False,False,completed,0
Austria,enhanced_arima,2024-07-25,weekly_differenced,weekly_differenced_arima_p2_d0_q0,2024-07-24T08:00:00+02:00,2024-07-24T06:00:00+00:00,2024-07-24T06:00:00+00:00,2024-07-24 11:00:00+00:00,2024-07-24 12:00:00+00:00,2024-07-24T13:00:00+02:00,2024-07-24,6750.75,7205.646134200025,True,2024-07-17 11:00:00+00:00,7393.5,observed,False,False,completed,0
Austria,enhanced_arima,2024-07-25,weekly_differenced,weekly_differenced_arima_p2_d0_q0,2024-07-24T08:00:00+02:00,2024-07-24T06:00:00+00:00,2024-07-24T06:00:00+00:00,2024-07-24 12:00:00+00:00,2024-07-24 13:00:00+00:00,2024-07-24T14:00:00+02:00,2024-07-24,6624.5,7136.198475375725,True,2024-07-17 12:00:00+00:00,7304.25,observed,False,False,completed,0
Austria,enhanced_arima,2024-07-25,weekly_differenced,weekly_differenced_arima_p2_d0_q0,2024-07-24T08:00:00+02:00,2024-07-24T06:00:00+00:00,2024-07-24T06:00:00+00:00,2024-07-24 13:00:00+00:00,2024-07-24 14:00:00+00:00,2024-07-24T15:00:00+02:00,2024-07-24,6461.0,7162.42824074275,True,2024-07-17 13:00:00+00:00,7311.75,observed,False,False,completed,0
Austria,enhanced_arima,2024-07-25,weekly_differenced,weekly_differenced_arima_p2_d0_q0,2024-07-24T08:00:00+02:00,2024-07-24T06:00:00+00:00,2024-07-24T06:00:00+00:00,2024-07-24 14:00:00+00:00,2024-07-24 15:00:00+00:00,2024-07-24T16:00:00+02:00,2024-07-24,6416.5,7161.27910193686,True,2024-07-17 14:00:00+00:00,7293.25,observed,False,False,completed,0
Austria,enhanced_arima,2024-07-25,weekly_differenced,weekly_differenced_arima_p2_d0_q0,2024-07-24T08:00:00+02:00,2024-07-24T06:00:00+00:00,2024-07-24T06:00:00+00:00,2024-07-24 15:00:00+00:00,2024-07-24 16:00:00+00:00,2024-07-24T17:00:00+02:00,2024-07-24,6571.25,7231.1128046978365,True,2024-07-17 15:00:00+00:00,7347.25,observed,False,False,completed,0
Austria,enhanced_arima,2024-07-25,weekly_differenced,weekly_differenced_arima_p2_d0_q0,2024-07-24T08:00:00+02:00,2024-07-24T06:00:00+00:00,2024-07-24T06:00:00+00:00,2024-07-24 16:00:00+00:00,2024-07-24 17:00:00+00:00,2024-07-24T18:00:00+02:00,2024-07-24,6759.75,7273.650940069936,True,2024-07-17 16:00:00+00:00,7375.5,observed,False,False,completed,0
Austria,enhanced_arima,2024-07-25,weekly_differenced,weekly_differenced_arima_p2_d0_q0,2024-07-24T08:00:00+02:00,2024-07-24T06:00:00+00:00,2024-07-24T06:00:00+00:00,2024-07-24 17:00:00+00:00,2024-07-24 18:00:00+00:00,2024-07-24T19:00:00+02:00,2024-07-24,6938.0,7156.934535790737,True,2024-07-17 17:00:00+00:00,7246.0,observed,False,False,completed,0
Austria,enhanced_arima,2024-07-25,weekly_differenced,weekly_differenced_arima_p2_d0_q0,2024-07-24T08:00:00+02:00,2024-07-24T06:00:00+00:00,2024-07-24T06:00:00+00:00,2024-07-24 18:00:00+00:00,2024-07-24 19:00:00+00:00,2024-07-24T20:00:00+02:00,2024-07-24,6814.5,6901.2962722063785,True,2024-07-17 18:00:00+00:00,6979.0,observed,False,False,completed,0
Austria,enhanced_arima,2024-07-25,weekly_differenced,weekly_differenced_arima_p2_d0_q0,2024-07-24T08:00:00+02:00,2024-07-24T06:00:00+00:00,2024-07-24T06:00:00+00:00,2024-07-24 19:00:00+00:00,2024-07-24 20:00:00+00:00,2024-07-24T21:00:00+02:00,2024-07-24,6585.0,6588.09160988115,True,2024-07-17 19:00:00+00:00,6655.75,observed,False,False,completed,0
Austria,enhanced_arima,2024-07-25,weekly_differenced,weekly_differenced_arima_p2_d0_q0,2024-07-24T08:00:00+02:00,2024-07-24T06:00:00+00:00,2024-07-24T06:00:00+00:00,2024-07-24 20:00:00+00:00,2024-07-24 21:00:00+00:00,2024-07-24T22:00:00+02:00,2024-07-24,6239.25,6263.9361798745895,True,2024-07-17 20:00:00+00:00,6322.75,observed,False,False,completed,0
Austria,enhanced_arima,2024-07-25,weekly_differenced,weekly_differenced_arima_p2_d0_q0,2024-07-24T08:00:00+02:00,2024-07-24T06:00:00+00:00,2024-07-24T06:00:00+00:00,2024-07-24 21:00:00+00:00,2024-07-24 22:00:00+00:00,2024-07-24T23:00:00+02:00,2024-07-24,5699.0,5799.197550294312,True,2024-07-17 21:00:00+00:00,5850.25,observed,False,False,completed,0
Austria,enhanced_arima,2024-07-25,weekly_differenced,weekly_differenced_arima_p2_d0_q0,2024-07-24T08:00:00+02:00,2024-07-24T06:00:00+00:00,2024-07-24T06:00:00+00:00,2024-07-24 22:00:00+00:00,2024-07-24 23:00:00+00:00,2024-07-25T00:00:00+02:00,2024-07-25,5389.75,5542.990028979463,False,2024-07-17 22:00:00+00:00,5587.25,observed,True,True,completed,0
Austria,enhanced_arima,2024-07-25,weekly_differenced,weekly_differenced_arima_p2_d0_q0,2024-07-24T08:00:00+02:00,2024-07-24T06:00:00+00:00,2024-07-24T06:00:00+00:00,2024-07-24 23:00:00+00:00,2024-07-25 00:00:00+00:00,2024-07-25T01:00:00+02:00,2024-07-25,5075.25,5245.17155300735,False,2024-07-17 23:00:00+00:00,5283.5,observed,True,True,completed,0
Austria,enhanced_arima,2024-07-25,weekly_differenced,weekly_differenced_arima_p2_d0_q0,2024-07-24T08:00:00+02:00,2024-07-24T06:00:00+00:00,2024-07-24T06:00:00+00:00,2024-07-25 00:00:00+00:00,2024-07-25 01:00:00+00:00,2024-07-25T02:00:00+02:00,2024-07-25,4961.5,5133.341994995796,False,2024-07-18 00:00:00+00:00,5166.5,observed,True,True,completed,0
Austria,enhanced_arima,2024-07-25,weekly_differenced,weekly_differenced_arima_p2_d0_q0,2024-07-24T08:00:00+02:00,2024-07-24T06:00:00+00:00,2024-07-24T06:00:00+00:00,2024-07-25 01:00:00+00:00,2024-07-25 02:00:00+00:00,2024-07-25T03:00:00+02:00,2024-07-25,4857.0,5041.842415422178,False,2024-07-18 01:00:00+00:00,5070.5,observed,True,True,completed,0
Austria,enhanced_arima,2024-07-25,weekly_differenced,weekly_differenced_arima_p2_d0_q0,2024-07-24T08:00:00+02:00,2024-07-24T06:00:00+00:00,2024-07-24T06:00:00+00:00,2024-07-25 02:00:00+00:00,2024-07-25 03:00:00+00:00,2024-07-25T04:00:00+02:00,2024-07-25,4957.25,5197.754932056094,False,2024-07-18 02:00:00+00:00,5222.5,observed,True,True,completed,0
Austria,enhanced_arima,2024-07-25,weekly_differenced,weekly_differenced_arima_p2_d0_q0,2024-07-24T08:00:00+02:00,2024-07-24T06:00:00+00:00,2024-07-24T06:00:00+00:00,2024-07-25 03:00:00+00:00,2024-07-25 04:00:00+00:00,2024-07-25T05:00:00+02:00,2024-07-25,5464.5,5692.652978386232,False,2024-07-18 03:00:00+00:00,5714.0,observed,True,True,completed,0
Austria,enhanced_arima,2024-07-25,weekly_differenced,weekly_differenced_arima_p2_d0_q0,2024-07-24T08:00:00+02:00,2024-07-24T06:00:00+00:00,2024-07-24T06:00:00+00:00,2024-07-25 04:00:00+00:00,2024-07-25 05:00:00+00:00,2024-07-25T06:00:00+02:00,2024-07-25,6251.0,6633.60179430534,False,2024-07-18 04:00:00+00:00,6652.0,observed,True,True,completed,0
Austria,enhanced_arima,2024-07-25,weekly_differenced,weekly_differenced_arima_p2_d0_q0,2024-07-24T08:00:00+02:00,2024-07-24T06:00:00+00:00,2024-07-24T06:00:00+00:00,2024-07-25 05:00:00+00:00,2024-07-25 06:00:00+00:00,2024-07-25T07:00:00+02:00,2024-07-25,6757.0,7189.909042693064,False,2024-07-18 05:00:00+00:00,7205.75,observed,True,True,completed,0
Austria,enhanced_arima,2024-07-25,weekly_differenced,weekly_differenced_arima_p2_d0_q0,2024-07-24T08:00:00+02:00,2024-07-24T06:00:00+00:00,2024-07-24T06:00:00+00:00,2024-07-25 06:00:00+00:00,2024-07-25 07:00:00+00:00,2024-07-25T08:00:00+02:00,2024-07-25,6981.75,7398.625480925741,False,2024-07-18 06:00:00+00:00,7412.25,observed,True,True,completed,0
Austria,enhanced_arima,2024-07-25,weekly_differenced,weekly_differenced_arima_p2_d0_q0,2024-07-24T08:00:00+02:00,2024-07-24T06:00:00+00:00,2024-07-24T06:00:00+00:00,2024-07-25 07:00:00+00:00,2024-07-25 08:00:00+00:00,2024-07-25T09:00:00+02:00,2024-07-25,6944.0,7297.545641061041,False,2024-07-18 07:00:00+00:00,7309.25,observed,True,True,completed,0
Austria,enhanced_arima,2024-07-25,weekly_differenced,weekly_differenced_arima_p2_d0_q0,2024-07-24T08:00:00+02:00,2024-07-24T06:00:00+00:00,2024-07-24T06:00:00+00:00,2024-07-25 08:00:00+00:00,2024-07-25 09:00:00+00:00,2024-07-25T10:00:00+02:00,2024-07-25,7023.75,7193.20848958489,False,2024-07-18 08:00:00+00:00,7203.25,observed,True,True,completed,0
Austria,enhanced_arima,2024-07-25,weekly_differenced,weekly_differenced_arima_p2_d0_q0,2024-07-24T08:00:00+02:00,2024-07-24T06:00:00+00:00,2024-07-24T06:00:00+00:00,2024-07-25 09:00:00+00:00,2024-07-25 10:00:00+00:00,2024-07-25T11:00:00+02:00,2024-07-25,7090.5,7084.148049379989,False,2024-07-18 09:00:00+00:00,7092.75,observed,True,True,completed,0
Austria,enhanced_arima,2024-07-25,weekly_differenced,weekly_differenced_arima_p2_d0_q0,2024-07-24T08:00:00+02:00,2024-07-24T06:00:00+00:00,2024-07-24T06:00:00+00:00,2024-07-25 10:00:00+00:00,2024-07-25 11:00:00+00:00,2024-07-25T12:00:00+02:00,2024-07-25,6808.0,6876.393974559686,False,2024-07-18 10:00:00+00:00,6883.75,observed,True,True,completed,0
Austria,enhanced_arima,2024-07-25,weekly_differenced,weekly_differenced_arima_p2_d0_q0,2024-07-24T08:00:00+02:00,2024-07-24T06:00:00+00:00,2024-07-24T06:00:00+00:00,2024-07-25 11:00:00+00:00,2024-07-25 12:00:00+00:00,2024-07-25T13:00:00+02:00,2024-07-25,6669.25,6753.972074135074,False,2024-07-18 11:00:00+00:00,6760.25,observed,True,True,completed,0
Austria,enhanced_arima,2024-07-25,weekly_differenced,weekly_differenced_arima_p2_d0_q0,2024-07-24T08:00:00+02:00,2024-07-24T06:00:00+00:00,2024-07-24T06:00:00+00:00,2024-07-25 12:00:00+00:00,2024-07-25 13:00:00+00:00,2024-07-25T14:00:00+02:00,2024-07-25,6425.5,6651.654783949614,False,2024-07-18 12:00:00+00:00,6657.0,observed,True,True,completed,0
Austria,enhanced_arima,2024-07-25,weekly_differenced,weekly_differenced_arima_p2_d0_q0,2024-07-24T08:00:00+02:00,2024-07-24T06:00:00+00:00,2024-07-24T06:00:00+00:00,2024-07-25 13:00:00+00:00,2024-07-25 14:00:00+00:00,2024-07-25T15:00:00+02:00,2024-07-25,6289.5,6665.461588494268,False,2024-07-18 13:00:00+00:00,6670.0,observed,True,True,completed,0
Austria,enhanced_arima,2024-07-25,weekly_differenced,weekly_differenced_arima_p2_d0_q0,2024-07-24T08:00:00+02:00,2024-07-24T06:00:00+00:00,2024-07-24T06:00:00+00:00,2024-07-25 14:00:00+00:00,2024-07-25 15:00:00+00:00,2024-07-25T16:00:00+02:00,2024-07-25,6222.25,6743.909395510628,False,2024-07-18 14:00:00+00:00,6747.75,observed,True,True,completed,0
Austria,enhanced_arima,2024-07-25,weekly_differenced,weekly_differenced_arima_p2_d0_q0,2024-07-24T08:00:00+02:00,2024-07-24T06:00:00+00:00,2024-07-24T06:00:00+00:00,2024-07-25 15:00:00+00:00,2024-07-25 16:00:00+00:00,2024-07-25T17:00:00+02:00,2024-07-25,6340.5,6960.012866984721,False,2024-07-18 15:00:00+00:00,6963.25,observed,True,True,completed,0
Austria,enhanced_arima,2024-07-25,weekly_differenced,weekly_differenced_arima_p2_d0_q0,2024-07-24T08:00:00+02:00,2024-07-24T06:00:00+00:00,2024-07-24T06:00:00+00:00,2024-07-25 16:00:00+00:00,2024-07-25 17:00:00+00:00,2024-07-25T18:00:00+02:00,2024-07-25,6696.5,7071.0347104298935,False,2024-07-18 16:00:00+00:00,7073.75,observed,True,True,completed,0
Austria,enhanced_arima,2024-07-25,weekly_differenced,weekly_differenced_arima_p2_d0_q0,2024-07-24T08:00:00+02:00,2024-07-24T06:00:00+00:00,2024-07-24T06:00:00+00:00,2024-07-25 17:00:00+00:00,2024-07-25 18:00:00+00:00,2024-07-25T19:00:00+02:00,2024-07-25,6868.25,7150.485934393201,False,2024-07-18 17:00:00+00:00,7152.75,observed,True,True,completed,0
Austria,enhanced_arima,2024-07-25,weekly_differenced,weekly_differenced_arima_p2_d0_q0,2024-07-24T08:00:00+02:00,2024-07-24T06:00:00+00:00,2024-07-24T06:00:00+00:00,2024-07-25 18:00:00+00:00,2024-07-25 19:00:00+00:00,2024-07-25T20:00:00+02:00,2024-07-25,6719.5,7019.376071992627,False,2024-07-18 18:00:00+00:00,7021.25,observed,True,True,completed,0
Austria,enhanced_arima,2024-07-25,weekly_differenced,weekly_differenced_arima_p2_d0_q0,2024-07-24T08:00:00+02:00,2024-07-24T06:00:00+00:00,2024-07-24T06:00:00+00:00,2024-07-25 19:00:00+00:00,2024-07-25 20:00:00+00:00,2024-07-25T21:00:00+02:00,2024-07-25,6436.25,6754.7133760687875,False,2024-07-18 19:00:00+00:00,6756.25,observed,True,True,completed,0
Austria,enhanced_arima,2024-07-25,weekly_differenced,weekly_differenced_arima_p2_d0_q0,2024-07-24T08:00:00+02:00,2024-07-24T06:00:00+00:00,2024-07-24T06:00:00+00:00,2024-07-25 20:00:00+00:00,2024-07-25 21:00:00+00:00,2024-07-25T22:00:00+02:00,2024-07-25,6107.0,6475.2549892594825,False,2024-07-18 20:00:00+00:00,6476.5,observed,True,True,completed,0
Austria,enhanced_arima,2024-07-25,weekly_differenced,weekly_differenced_arima_p2_d0_q0,2024-07-24T08:00:00+02:00,2024-07-24T06:00:00+00:00,2024-07-24T06:00:00+00:00,2024-07-25 21:00:00+00:00,2024-07-25 22:00:00+00:00,2024-07-25T23:00:00+02:00,2024-07-25,5587.25,6014.007092008385,False,2024-07-18 21:00:00+00:00,6015.0,observed,True,True,completed,0
Austria,enhanced_arima,2024-11-03,weekly_differenced,weekly_differenced_arima_p2_d0_q0,2024-11-02T08:00:00+01:00,2024-11-02T07:00:00+00:00,2024-11-02T07:00:00+00:00,2024-11-02 07:00:00+00:00,2024-11-02 08:00:00+00:00,2024-11-02T08:00:00+01:00,2024-11-02,6101.75,6130.521773914498,True,2024-10-26 06:00:00+00:00,6100.5,observed,False,False,completed,0
Austria,enhanced_arima,2024-11-03,weekly_differenced,weekly_differenced_arima_p2_d0_q0,2024-11-02T08:00:00+01:00,2024-11-02T07:00:00+00:00,2024-11-02T07:00:00+00:00,2024-11-02 08:00:00+00:00,2024-11-02 09:00:00+00:00,2024-11-02T09:00:00+01:00,2024-11-02,6211.5,6274.605858456697,True,2024-10-26 07:00:00+00:00,6312.0,observed,False,False,completed,0
Austria,enhanced_arima,2024-11-03,weekly_differenced,weekly_differenced_arima_p2_d0_q0,2024-11-02T08:00:00+01:00,2024-11-02T07:00:00+00:00,2024-11-02T07:00:00+00:00,2024-11-02 09:00:00+00:00,2024-11-02 10:00:00+00:00,2024-11-02T10:00:00+01:00,2024-11-02,6261.5,6345.026653644163,True,2024-10-26 08:00:00+00:00,6423.5,observed,False,False,completed,0
Austria,enhanced_arima,2024-11-03,weekly_differenced,weekly_differenced_arima_p2_d0_q0,2024-11-02T08:00:00+01:00,2024-11-02T07:00:00+00:00,2024-11-02T07:00:00+00:00,2024-11-02 10:00:00+00:00,2024-11-02 11:00:00+00:00,2024-11-02T11:00:00+01:00,2024-11-02,6334.5,6297.080506182073,True,2024-10-26 09:00:00+00:00,6398.0,observed,False,False,completed,0
Austria,enhanced_arima,2024-11-03,weekly_differenced,weekly_differenced_arima_p2_d0_q0,2024-11-02T08:00:00+01:00,2024-11-02T07:00:00+00:00,2024-11-02T07:00:00+00:00,2024-11-02 11:00:00+00:00,2024-11-02 12:00:00+00:00,2024-11-02T12:00:00+01:00,2024-11-02,6150.75,6052.768285557716,True,2024-10-26 10:00:00+00:00,6163.25,observed,False,False,completed,0
Austria,enhanced_arima,2024-11-03,weekly_differenced,weekly_differenced_arima_p2_d0_q0,2024-11-02T08:00:00+01:00,2024-11-02T07:00:00+00:00,2024-11-02T07:00:00+00:00,2024-11-02 12:00:00+00:00,2024-11-02 13:00:00+00:00,2024-11-02T13:00:00+01:00,2024-11-02,5969.5,5800.095635483375,True,2024-10-26 11:00:00+00:00,5911.5,observed,False,False,completed,0
Austria,enhanced_arima,2024-11-03,weekly_differenced,weekly_differenced_arima_p2_d0_q0,2024-11-02T08:00:00+01:00,2024-11-02T07:00:00+00:00,2024-11-02T07:00:00+00:00,2024-11-02 13:00:00+00:00,2024-11-02 14:00:00+00:00,2024-11-02T14:00:00+01:00,2024-11-02,5911.5,5644.718502180273,True,2024-10-26 12:00:00+00:00,5751.5,observed,False,False,completed,0
Austria,enhanced_arima,2024-11-03,weekly_differenced,weekly_differenced_arima_p2_d0_q0,2024-11-02T08:00:00+01:00,2024-11-02T07:00:00+00:00,2024-11-02T07:00:00+00:00,2024-11-02 14:00:00+00:00,2024-11-02 15:00:00+00:00,2024-11-02T15:00:00+01:00,2024-11-02,6113.5,5706.665367598838,True,2024-10-26 13:00:00+00:00,5805.5,observed,False,False,completed,0
Austria,enhanced_arima,2024-11-03,weekly_differenced,weekly_differenced_arima_p2_d0_q0,2024-11-02T08:00:00+01:00,2024-11-02T07:00:00+00:00,2024-11-02T07:00:00+00:00,2024-11-02 15:00:00+00:00,2024-11-02 16:00:00+00:00,2024-11-02T16:00:00+01:00,2024-11-02,6520.25,5955.62089215978,True,2024-10-26 14:00:00+00:00,6044.75,observed,False,False,completed,0
Austria,enhanced_arima,2024-11-03,weekly_differenced,weekly_differenced_arima_p2_d0_q0,2024-11-02T08:00:00+01:00,2024-11-02T07:00:00+00:00,2024-11-02T07:00:00+00:00,2024-11-02 16:00:00+00:00,2024-11-02 17:00:00+00:00,2024-11-02T17:00:00+01:00,2024-11-02,6938.5,6419.758449666134,True,2024-10-26 15:00:00+00:00,6498.5,observed,False,False,completed,0
Austria,enhanced_arima,2024-11-03,weekly_differenced,weekly_differenced_arima_p2_d0_q0,2024-11-02T08:00:00+01:00,2024-11-02T07:00:00+00:00,2024-11-02T07:00:00+00:00,2024-11-02 17:00:00+00:00,2024-11-02 18:00:00+00:00,2024-11-02T18:00:00+01:00,2024-11-02,6754.75,6688.111372117112,True,2024-10-26 16:00:00+00:00,6756.5,observed,False,False,completed,0
Austria,enhanced_arima,2024-11-03,weekly_differenced,weekly_differenced_arima_p2_d0_q0,2024-11-02T08:00:00+01:00,2024-11-02T07:00:00+00:00,2024-11-02T07:00:00+00:00,2024-11-02 18:00:00+00:00,2024-11-02 19:00:00+00:00,2024-11-02T19:00:00+01:00,2024-11-02,6411.75,6486.724669573972,True,2024-10-26 17:00:00+00:00,6545.25,observed,False,False,completed,0
Austria,enhanced_arima,2024-11-03,weekly_differenced,weekly_differenced_arima_p2_d0_q0,2024-11-02T08:00:00+01:00,2024-11-02T07:00:00+00:00,2024-11-02T07:00:00+00:00,2024-11-02 19:00:00+00:00,2024-11-02 20:00:00+00:00,2024-11-02T20:00:00+01:00,2024-11-02,6041.25,6092.330602737606,True,2024-10-26 18:00:00+00:00,6141.75,observed,False,False,completed,0
Austria,enhanced_arima,2024-11-03,weekly_differenced,weekly_differenced_arima_p2_d0_q0,2024-11-02T08:00:00+01:00,2024-11-02T07:00:00+00:00,2024-11-02T07:00:00+00:00,2024-11-02 20:00:00+00:00,2024-11-02 21:00:00+00:00,2024-11-02T21:00:00+01:00,2024-11-02,5723.25,5713.0428122279345,True,2024-10-26 19:00:00+00:00,5754.25,observed,False,False,completed,0
Austria,enhanced_arima,2024-11-03,weekly_differenced,weekly_differenced_arima_p2_d0_q0,2024-11-02T08:00:00+01:00,2024-11-02T07:00:00+00:00,2024-11-02T07:00:00+00:00,2024-11-02 21:00:00+00:00,2024-11-02 22:00:00+00:00,2024-11-02T22:00:00+01:00,2024-11-02,5636.25,5632.314792674806,True,2024-10-26 20:00:00+00:00,5666.25,observed,False,False,completed,0
Austria,enhanced_arima,2024-11-03,weekly_differenced,weekly_differenced_arima_p2_d0_q0,2024-11-02T08:00:00+01:00,2024-11-02T07:00:00+00:00,2024-11-02T07:00:00+00:00,2024-11-02 22:00:00+00:00,2024-11-02 23:00:00+00:00,2024-11-02T23:00:00+01:00,2024-11-02,5261.25,5294.659380587946,True,2024-10-26 21:00:00+00:00,5322.25,observed,False,False,completed,0
Austria,enhanced_arima,2024-11-03,weekly_differenced,weekly_differenced_arima_p2_d0_q0,2024-11-02T08:00:00+01:00,2024-11-02T07:00:00+00:00,2024-11-02T07:00:00+00:00,2024-11-02 23:00:00+00:00,2024-11-03 00:00:00+00:00,2024-11-03T00:00:00+01:00,2024-11-03,5071.5,4991.876636561616,False,2024-10-26 22:00:00+00:00,5014.0,observed,True,True,completed,0
Austria,enhanced_arima,2024-11-03,weekly_differenced,weekly_differenced_arima_p2_d0_q0,2024-11-02T08:00:00+01:00,2024-11-02T07:00:00+00:00,2024-11-02T07:00:00+00:00,2024-11-03 00:00:00+00:00,2024-11-03 01:00:00+00:00,2024-11-03T01:00:00+01:00,2024-11-03,4823.0,4725.288073987573,False,2024-10-26 23:00:00+00:00,4742.75,observed,True,True,completed,0
Austria,enhanced_arima,2024-11-03,weekly_differenced,weekly_differenced_arima_p2_d0_q0,2024-11-02T08:00:00+01:00,2024-11-02T07:00:00+00:00,2024-11-02T07:00:00+00:00,2024-11-03 01:00:00+00:00,2024-11-03 02:00:00+00:00,2024-11-03T02:00:00+01:00,2024-11-03,4797.25,4634.475643083999,False,2024-10-27 00:00:00+00:00,4648.0,observed,True,True,completed,0
Austria,enhanced_arima,2024-11-03,weekly_differenced,weekly_differenced_arima_p2_d0_q0,2024-11-02T08:00:00+01:00,2024-11-02T07:00:00+00:00,2024-11-02T07:00:00+00:00,2024-11-03 02:00:00+00:00,2024-11-03 03:00:00+00:00,2024-11-03T03:00:00+01:00,2024-11-03,4717.25,4473.024241809099,False,2024-10-27 02:00:00+00:00,4483.25,observed,True,True,completed,0
Austria,enhanced_arima,2024-11-03,weekly_differenced,weekly_differenced_arima_p2_d0_q0,2024-11-02T08:00:00+01:00,2024-11-02T07:00:00+00:00,2024-11-02T07:00:00+00:00,2024-11-03 03:00:00+00:00,2024-11-03 04:00:00+00:00,2024-11-03T04:00:00+01:00,2024-11-03,4730.0,4537.516811804008,False,2024-10-27 03:00:00+00:00,4545.0,observed,True,True,completed,0
Austria,enhanced_arima,2024-11-03,weekly_differenced,weekly_differenced_arima_p2_d0_q0,2024-11-02T08:00:00+01:00,2024-11-02T07:00:00+00:00,2024-11-02T07:00:00+00:00,2024-11-03 04:00:00+00:00,2024-11-03 05:00:00+00:00,2024-11-03T05:00:00+01:00,2024-11-03,4944.5,4798.781302609428,False,2024-10-27 04:00:00+00:00,4804.0,observed,True,True,completed,0
Austria,enhanced_arima,2024-11-03,weekly_differenced,weekly_differenced_arima_p2_d0_q0,2024-11-02T08:00:00+01:00,2024-11-02T07:00:00+00:00,2024-11-02T07:00:00+00:00,2024-11-03 05:00:00+00:00,2024-11-03 06:00:00+00:00,2024-11-03T06:00:00+01:00,2024-11-03,5233.75,5220.638963170726,False,2024-10-27 05:00:00+00:00,5224.0,observed,True,True,completed,0
Austria,enhanced_arima,2024-11-03,weekly_differenced,weekly_differenced_arima_p2_d0_q0,2024-11-02T08:00:00+01:00,2024-11-02T07:00:00+00:00,2024-11-02T07:00:00+00:00,2024-11-03 06:00:00+00:00,2024-11-03 07:00:00+00:00,2024-11-03T07:00:00+01:00,2024-11-03,5434.25,5566.653556052972,False,2024-10-27 06:00:00+00:00,5568.5,observed,True,True,completed,0
Austria,enhanced_arima,2024-11-03,weekly_differenced,weekly_differenced_arima_p2_d0_q0,2024-11-02T08:00:00+01:00,2024-11-02T07:00:00+00:00,2024-11-02T07:00:00+00:00,2024-11-03 07:00:00+00:00,2024-11-03 08:00:00+00:00,2024-11-03T08:00:00+01:00,2024-11-03,5586.5,5790.381194957135,False,2024-10-27 07:00:00+00:00,5791.0,observed,True,True,completed,0
Austria,enhanced_arima,2024-11-03,weekly_differenced,weekly_differenced_arima_p2_d0_q0,2024-11-02T08:00:00+01:00,2024-11-02T07:00:00+00:00,2024-11-02T07:00:00+00:00,2024-11-03 08:00:00+00:00,2024-11-03 09:00:00+00:00,2024-11-03T09:00:00+01:00,2024-11-03,5767.25,5897.620586649084,False,2024-10-27 08:00:00+00:00,5897.25,observed,True,True,completed,0
Austria,enhanced_arima,2024-11-03,weekly_differenced,weekly_differenced_arima_p2_d0_q0,2024-11-02T08:00:00+01:00,2024-11-02T07:00:00+00:00,2024-11-02T07:00:00+00:00,2024-11-03 09:00:00+00:00,2024-11-03 10:00:00+00:00,2024-11-03T10:00:00+01:00,2024-11-03,5840.5,5925.913519594154,False,2024-10-27 09:00:00+00:00,5924.75,observed,True,True,completed,0
Austria,enhanced_arima,2024-11-03,weekly_differenced,weekly_differenced_arima_p2_d0_q0,2024-11-02T08:00:00+01:00,2024-11-02T07:00:00+00:00,2024-11-02T07:00:00+00:00,2024-11-03 10:00:00+00:00,2024-11-03 11:00:00+00:00,2024-11-03T11:00:00+01:00,2024-11-03,5833.25,5810.2954876879785,False,2024-10-27 10:00:00+00:00,5808.5,observed,True,True,completed,0
Austria,enhanced_arima,2024-11-03,weekly_differenced,weekly_differenced_arima_p2_d0_q0,2024-11-02T08:00:00+01:00,2024-11-02T07:00:00+00:00,2024-11-02T07:00:00+00:00,2024-11-03 11:00:00+00:00,2024-11-03 12:00:00+00:00,2024-11-03T12:00:00+01:00,2024-11-03,5593.5,5414.796371881465,False,2024-10-27 11:00:00+00:00,5412.5,observed,True,True,completed,0
Austria,enhanced_arima,2024-11-03,weekly_differenced,weekly_differenced_arima_p2_d0_q0,2024-11-02T08:00:00+01:00,2024-11-02T07:00:00+00:00,2024-11-02T07:00:00+00:00,2024-11-03 12:00:00+00:00,2024-11-03 13:00:00+00:00,2024-11-03T13:00:00+01:00,2024-11-03,5388.25,5164.191127903639,False,2024-10-27 12:00:00+00:00,5161.5,observed,True,True,completed,0
Austria,enhanced_arima,2024-11-03,weekly_differenced,weekly_differenced_arima_p2_d0_q0,2024-11-02T08:00:00+01:00,2024-11-02T07:00:00+00:00,2024-11-02T07:00:00+00:00,2024-11-03 13:00:00+00:00,2024-11-03 14:00:00+00:00,2024-11-03T14:00:00+01:00,2024-11-03,5369.0,5163.750446810055,False,2024-10-27 13:00:00+00:00,5160.75,observed,True,True,completed,0
Austria,enhanced_arima,2024-11-03,weekly_differenced,weekly_differenced_arima_p2_d0_q0,2024-11-02T08:00:00+01:00,2024-11-02T07:00:00+00:00,2024-11-02T07:00:00+00:00,2024-11-03 14:00:00+00:00,2024-11-03 15:00:00+00:00,2024-11-03T15:00:00+01:00,2024-11-03,5666.75,5509.991368387902,False,2024-10-27 14:00:00+00:00,5506.75,observed,True,True,completed,0
Austria,enhanced_arima,2024-11-03,weekly_differenced,weekly_differenced_arima_p2_d0_q0,2024-11-02T08:00:00+01:00,2024-11-02T07:00:00+00:00,2024-11-02T07:00:00+00:00,2024-11-03 15:00:00+00:00,2024-11-03 16:00:00+00:00,2024-11-03T16:00:00+01:00,2024-11-03,6172.25,6094.427836825682,False,2024-10-27 15:00:00+00:00,6091.0,observed,True,True,completed,0
Austria,enhanced_arima,2024-11-03,weekly_differenced,weekly_differenced_arima_p2_d0_q0,2024-11-02T08:00:00+01:00,2024-11-02T07:00:00+00:00,2024-11-02T07:00:00+00:00,2024-11-03 16:00:00+00:00,2024-11-03 17:00:00+00:00,2024-11-03T17:00:00+01:00,2024-11-03,6717.5,6624.57119450722,False,2024-10-27 16:00:00+00:00,6621.0,observed,True,True,completed,0
Austria,enhanced_arima,2024-11-03,weekly_differenced,weekly_differenced_arima_p2_d0_q0,2024-11-02T08:00:00+01:00,2024-11-02T07:00:00+00:00,2024-11-02T07:00:00+00:00,2024-11-03 17:00:00+00:00,2024-11-03 18:00:00+00:00,2024-11-03T18:00:00+01:00,2024-11-03,6740.5,6511.680614086884,False,2024-10-27 17:00:00+00:00,6508.0,observed,True,True,completed,0
Austria,enhanced_arima,2024-11-03,weekly_differenced,weekly_differenced_arima_p2_d0_q0,2024-11-02T08:00:00+01:00,2024-11-02T07:00:00+00:00,2024-11-02T07:00:00+00:00,2024-11-03 18:00:00+00:00,2024-11-03 19:00:00+00:00,2024-11-03T19:00:00+01:00,2024-11-03,6602.5,6284.51347173332,False,2024-10-27 18:00:00+00:00,6280.75,observed,True,True,completed,0
Austria,enhanced_arima,2024-11-03,weekly_differenced,weekly_differenced_arima_p2_d0_q0,2024-11-02T08:00:00+01:00,2024-11-02T07:00:00+00:00,2024-11-02T07:00:00+00:00,2024-11-03 19:00:00+00:00,2024-11-03 20:00:00+00:00,2024-11-03T20:00:00+01:00,2024-11-03,6312.25,5947.325666038019,False,2024-10-27 19:00:00+00:00,5943.5,observed,True,True,completed,0
Austria,enhanced_arima,2024-11-03,weekly_differenced,weekly_differenced_arima_p2_d0_q0,2024-11-02T08:00:00+01:00,2024-11-02T07:00:00+00:00,2024-11-02T07:00:00+00:00,2024-11-03 20:00:00+00:00,2024-11-03 21:00:00+00:00,2024-11-03T21:00:00+01:00,2024-11-03,6020.75,5616.621887906996,False,2024-10-27 20:00:00+00:00,5612.75,observed,True,True,completed,0
Austria,enhanced_arima,2024-11-03,weekly_differenced,weekly_differenced_arima_p2_d0_q0,2024-11-02T08:00:00+01:00,2024-11-02T07:00:00+00:00,2024-11-02T07:00:00+00:00,2024-11-03 21:00:00+00:00,2024-11-03 22:00:00+00:00,2024-11-03T22:00:00+01:00,2024-11-03,6001.75,5556.6558470373,False,2024-10-27 21:00:00+00:00,5552.75,observed,True,True,completed,0
Austria,enhanced_arima,2024-11-03,weekly_differenced,weekly_differenced_arima_p2_d0_q0,2024-11-02T08:00:00+01:00,2024-11-02T07:00:00+00:00,2024-11-02T07:00:00+00:00,2024-11-03 22:00:00+00:00,2024-11-03 23:00:00+00:00,2024-11-03T23:00:00+01:00,2024-11-03,5659.75,5242.680460507683,False,2024-10-27 22:00:00+00:00,5238.75,observed,True,True,completed,0
