country,target_date,branch,specification_id,diagnostic,lag,value,threshold,flagged
Austria,2024-01-08,weekly_differenced,weekly_differenced_arima_p1_d0_q1,ljung_box_pvalue,24,0.0029192747371452,0.01,True
Austria,2024-01-08,weekly_differenced,weekly_differenced_arima_p1_d0_q1,ljung_box_pvalue,48,0.1147641451689693,0.01,False
Austria,2024-01-08,weekly_differenced,weekly_differenced_arima_p1_d0_q1,ljung_box_statistic,24,44.672881108771726,0.01,True
Austria,2024-01-08,weekly_differenced,weekly_differenced_arima_p1_d0_q1,ljung_box_statistic,48,57.74355205781838,0.01,False
Austria,2024-01-08,weekly_differenced,weekly_differenced_arima_p1_d0_q1,residual_acf,1,0.2012179736030956,0.1941733059080797,True
Austria,2024-01-08,weekly_differenced,weekly_differenced_arima_p1_d0_q1,residual_acf,10,-0.0979591892360624,0.1941733059080797,False
Austria,2024-01-08,weekly_differenced,weekly_differenced_arima_p1_d0_q1,residual_acf,11,0.0920816690612893,0.1941733059080797,False
Austria,2024-01-08,weekly_differenced,weekly_differenced_arima_p1_d0_q1,residual_acf,12,-0.1567020748348495,0.1941733059080797,False
Austria,2024-01-08,weekly_differenced,weekly_differenced_arima_p1_d0_q1,residual_acf,13,0.0170655838006459,0.1941733059080797,False
Austria,2024-01-08,weekly_differenced,weekly_differenced_arima_p1_d0_q1,residual_acf,14,-0.1302247439494478,0.1941733059080797,False
Austria,2024-01-08,weekly_differenced,weekly_differenced_arima_p1_d0_q1,residual_acf,15,0.0317710299773029,0.1941733059080797,False
Austria,2024-01-08,weekly_differenced,weekly_differenced_arima_p1_d0_q1,residual_acf,16,-0.0708009184155614,0.1941733059080797,False
Austria,2024-01-08,weekly_differenced,weekly_differenced_arima_p1_d0_q1,residual_acf,17,-0.0263528463077093,0.1941733059080797,False
Austria,2024-01-08,weekly_differenced,weekly_differenced_arima_p1_d0_q1,residual_acf,18,-0.0161733152838427,0.1941733059080797,False
Austria,2024-01-08,weekly_differenced,weekly_differenced_arima_p1_d0_q1,residual_acf,19,-0.0221008602544422,0.1941733059080797,False
Austria,2024-01-08,weekly_differenced,weekly_differenced_arima_p1_d0_q1,residual_acf,2,0.2804120824948125,0.1941733059080797,True
Austria,2024-01-08,weekly_differenced,weekly_differenced_arima_p1_d0_q1,residual_acf,20,0.0080336211845995,0.1941733059080797,False
Austria,2024-01-08,weekly_differenced,weekly_differenced_arima_p1_d0_q1,residual_acf,21,-0.0308570755797784,0.1941733059080797,False
Austria,2024-01-08,weekly_differenced,weekly_differenced_arima_p1_d0_q1,residual_acf,22,0.0137051570853235,0.1941733059080797,False
Austria,2024-01-08,weekly_differenced,weekly_differenced_arima_p1_d0_q1,residual_acf,23,0.0685904473195727,0.1941733059080797,False
Austria,2024-01-08,weekly_differenced,weekly_differenced_arima_p1_d0_q1,residual_acf,24,0.1053054423286129,0.1941733059080797,False
Austria,2024-01-08,weekly_differenced,weekly_differenced_arima_p1_d0_q1,residual_acf,25,0.0437341415400814,0.1941733059080797,False
Austria,2024-01-08,weekly_differenced,weekly_differenced_arima_p1_d0_q1,residual_acf,26,0.0432880468921394,0.1941733059080797,False
Austria,2024-01-08,weekly_differenced,weekly_differenced_arima_p1_d0_q1,residual_acf,27,0.0175367847683416,0.1941733059080797,False
Austria,2024-01-08,weekly_differenced,weekly_differenced_arima_p1_d0_q1,residual_acf,28,0.0365571473369274,0.1941733059080797,False
Austria,2024-01-08,weekly_differenced,weekly_differenced_arima_p1_d0_q1,residual_acf,29,0.0073848707875371,0.1941733059080797,False
Austria,2024-01-08,weekly_differenced,weekly_differenced_arima_p1_d0_q1,residual_acf,3,-0.0767862424979419,0.1941733059080797,False
Austria,2024-01-08,weekly_differenced,weekly_differenced_arima_p1_d0_q1,residual_acf,30,-0.0213789694251188,0.1941733059080797,False
Austria,2024-01-08,weekly_differenced,weekly_differenced_arima_p1_d0_q1,residual_acf,31,-0.0512076544135169,0.1941733059080797,False
Austria,2024-01-08,weekly_differenced,weekly_differenced_arima_p1_d0_q1,residual_acf,32,-0.1050880622359538,0.1941733059080797,False
Austria,2024-01-08,weekly_differenced,weekly_differenced_arima_p1_d0_q1,residual_acf,33,-0.074720304977363,0.1941733059080797,False
Austria,2024-01-08,weekly_differenced,weekly_differenced_arima_p1_d0_q1,residual_acf,34,-0.1060393806626908,0.1941733059080797,False
Austria,2024-01-08,weekly_differenced,weekly_differenced_arima_p1_d0_q1,residual_acf,35,0.0060359382711749,0.1941733059080797,False
Austria,2024-01-08,weekly_differenced,weekly_differenced_arima_p1_d0_q1,residual_acf,36,-0.0318438047482382,0.1941733059080797,False
Austria,2024-01-08,weekly_differenced,weekly_differenced_arima_p1_d0_q1,residual_acf,37,-0.0019343793876544,0.1941733059080797,False
Austria,2024-01-08,weekly_differenced,weekly_differenced_arima_p1_d0_q1,residual_acf,38,0.0293568389297214,0.1941733059080797,False
Austria,2024-01-08,weekly_differenced,weekly_differenced_arima_p1_d0_q1,residual_acf,39,-0.0087081117608575,0.1941733059080797,False
Austria,2024-01-08,weekly_differenced,weekly_differenced_arima_p1_d0_q1,residual_acf,4,-0.0241579054155104,0.1941733059080797,False
Austria,2024-01-08,weekly_differenced,weekly_differenced_arima_p1_d0_q1,residual_acf,40,0.0187718120365354,0.1941733059080797,False
Austria,2024-01-08,weekly_differenced,weekly_differenced_arima_p1_d0_q1,residual_acf,41,0.067105194387623,0.1941733059080797,False
Austria,2024-01-08,weekly_differenced,weekly_differenced_arima_p1_d0_q1,residual_acf,42,0.0373134229518881,0.1941733059080797,False
Austria,2024-01-08,weekly_differenced,weekly_differenced_arima_p1_d0_q1,residual_acf,43,-0.0324321708644917,0.1941733059080797,False
Austria,2024-01-08,weekly_differenced,weekly_differenced_arima_p1_d0_q1,residual_acf,44,-0.0575991468334822,0.1941733059080797,False
Austria,2024-01-08,weekly_differenced,weekly_differenced_arima_p1_d0_q1,residual_acf,45,-0.0512663607775109,0.1941733059080797,False
Austria,2024-01-08,weekly_differenced,weekly_differenced_arima_p1_d0_q1,residual_acf,46,-0.0304928331446289,0.1941733059080797,False
Austria,2024-01-08,weekly_differenced,weekly_differenced_arima_p1_d0_q1,residual_acf,47,0.0195828230940525,0.1941733059080797,False
Austria,2024-01-08,weekly_differenced,weekly_differenced_arima_p1_d0_q1,residual_acf,48,0.0720593358962843,0.1941733059080797,False
Austria,2024-01-08,weekly_differenced,weekly_differenced_arima_p1_d0_q1,residual_acf,5,-0.1231030665356388,0.1941733059080797,False
Austria,2024-01-08,weekly_differenced,weekly_differenced_arima_p1_d0_q1,residual_acf,6,-0.0775440211564565,0.1941733059080797,False
Austria,2024-01-08,weekly_differenced,weekly_differenced_arima_p1_d0_q1,residual_acf,7,-0.0811726050921864,0.1941733059080797,False
Austria,2024-01-08,weekly_differenced,weekly_differenced_arima_p1_d0_q1,residual_acf,8,-0.0544237453335947,0.1941733059080797,False
Austria,2024-01-08,weekly_differenced,weekly_differenced_arima_p1_d0_q1,residual_acf,9,0.013004984575614,0.1941733059080797,False
Austria,2024-01-08,weekly_differenced,weekly_differenced_arima_p2_d0_q0,ljung_box_pvalue,24,0.5098136733196876,0.01,False
Austria,2024-01-08,weekly_differenced,weekly_differenced_arima_p2_d0_q0,ljung_box_pvalue,48,0.8791690559777142,0.01,False
Austria,2024-01-08,weekly_differenced,weekly_differenced_arima_p2_d0_q0,ljung_box_statistic,24,21.177157169403063,0.01,False
Austria,2024-01-08,weekly_differenced,weekly_differenced_arima_p2_d0_q0,ljung_box_statistic,48,35.09337541709641,0.01,False
Austria,2024-01-08,weekly_differenced,weekly_differenced_arima_p2_d0_q0,residual_acf,1,0.1348444484186903,0.1941733059080797,False
Austria,2024-01-08,weekly_differenced,weekly_differenced_arima_p2_d0_q0,residual_acf,10,-0.0133263991834571,0.1941733059080797,False
Austria,2024-01-08,weekly_differenced,weekly_differenced_arima_p2_d0_q0,residual_acf,11,0.144070298958172,0.1941733059080797,False
Austria,2024-01-08,weekly_differenced,weekly_differenced_arima_p2_d0_q0,residual_acf,12,-0.072948924343833,0.1941733059080797,False
Austria,2024-01-08,weekly_differenced,weekly_differenced_arima_p2_d0_q0,residual_acf,13,0.0095172390418579,0.1941733059080797,False
Austria,2024-01-08,weekly_differenced,weekly_differenced_arima_p2_d0_q0,residual_acf,14,-0.0337955852694179,0.1941733059080797,False
Austria,2024-01-08,weekly_differenced,weekly_differenced_arima_p2_d0_q0,residual_acf,15,0.0672768625040398,0.1941733059080797,False
Austria,2024-01-08,weekly_differenced,weekly_differenced_arima_p2_d0_q0,residual_acf,16,-0.0192936699886402,0.1941733059080797,False
Austria,2024-01-08,weekly_differenced,weekly_differenced_arima_p2_d0_q0,residual_acf,17,-0.0172207783097522,0.1941733059080797,False
Austria,2024-01-08,weekly_differenced,weekly_differenced_arima_p2_d0_q0,residual_acf,18,0.0533823033228053,0.1941733059080797,False
Austria,2024-01-08,weekly_differenced,weekly_differenced_arima_p2_d0_q0,residual_acf,19,0.0229435448455436,0.1941733059080797,False
Austria,2024-01-08,weekly_differenced,weekly_differenced_arima_p2_d0_q0,residual_acf,2,-0.0286449282527082,0.1941733059080797,False
Austria,2024-01-08,weekly_differenced,weekly_differenced_arima_p2_d0_q0,residual_acf,20,0.0192899239130794,0.1941733059080797,False
Austria,2024-01-08,weekly_differenced,weekly_differenced_arima_p2_d0_q0,residual_acf,21,-0.0807665089624036,0.1941733059080797,False
Austria,2024-01-08,weekly_differenced,weekly_differenced_arima_p2_d0_q0,residual_acf,22,-0.059742118242829,0.1941733059080797,False
Austria,2024-01-08,weekly_differenced,weekly_differenced_arima_p2_d0_q0,residual_acf,23,0.05626848011444,0.1941733059080797,False
Austria,2024-01-08,weekly_differenced,weekly_differenced_arima_p2_d0_q0,residual_acf,24,0.1108045826377174,0.1941733059080797,False
Austria,2024-01-08,weekly_differenced,weekly_differenced_arima_p2_d0_q0,residual_acf,25,-0.0004578453703947,0.1941733059080797,False
Austria,2024-01-08,weekly_differenced,weekly_differenced_arima_p2_d0_q0,residual_acf,26,-0.025477271940692,0.1941733059080797,False
Austria,2024-01-08,weekly_differenced,weekly_differenced_arima_p2_d0_q0,residual_acf,27,-0.0047010392742647,0.1941733059080797,False
Austria,2024-01-08,weekly_differenced,weekly_differenced_arima_p2_d0_q0,residual_acf,28,0.036157133256451,0.1941733059080797,False
Austria,2024-01-08,weekly_differenced,weekly_differenced_arima_p2_d0_q0,residual_acf,29,0.0325370569512619,0.1941733059080797,False
Austria,2024-01-08,weekly_differenced,weekly_differenced_arima_p2_d0_q0,residual_acf,3,-0.1069170101884589,0.1941733059080797,False
Austria,2024-01-08,weekly_differenced,weekly_differenced_arima_p2_d0_q0,residual_acf,30,0.0112538648949423,0.1941733059080797,False
Austria,2024-01-08,weekly_differenced,weekly_differenced_arima_p2_d0_q0,residual_acf,31,-0.0156125357302172,0.1941733059080797,False
Austria,2024-01-08,weekly_differenced,weekly_differenced_arima_p2_d0_q0,residual_acf,32,-0.0599528184900718,0.1941733059080797,False
Austria,2024-01-08,weekly_differenced,weekly_differenced_arima_p2_d0_q0,residual_acf,33,-0.0544270725364078,0.1941733059080797,False
Austria,2024-01-08,weekly_differenced,weekly_differenced_arima_p2_d0_q0,residual_acf,34,-0.0743797578390574,0.1941733059080797,False
Austria,2024-01-08,weekly_differenced,weekly_differenced_arima_p2_d0_q0,residual_acf,35,0.0261329354284599,0.1941733059080797,False
Austria,2024-01-08,weekly_differenced,weekly_differenced_arima_p2_d0_q0,residual_acf,36,0.0105341168635519,0.1941733059080797,False
Austria,2024-01-08,weekly_differenced,weekly_differenced_arima_p2_d0_q0,residual_acf,37,-0.0216268037247916,0.1941733059080797,False
Austria,2024-01-08,weekly_differenced,weekly_differenced_arima_p2_d0_q0,residual_acf,38,0.0240197913152962,0.1941733059080797,False
Austria,2024-01-08,weekly_differenced,weekly_differenced_arima_p2_d0_q0,residual_acf,39,-0.0767052566733539,0.1941733059080797,False
Austria,2024-01-08,weekly_differenced,weekly_differenced_arima_p2_d0_q0,residual_acf,4,-0.0509863270696356,0.1941733059080797,False
Austria,2024-01-08,weekly_differenced,weekly_differenced_arima_p2_d0_q0,residual_acf,40,-0.0146929285616429,0.1941733059080797,False
Austria,2024-01-08,weekly_differenced,weekly_differenced_arima_p2_d0_q0,residual_acf,41,0.0910958440931337,0.1941733059080797,False
Austria,2024-01-08,weekly_differenced,weekly_differenced_arima_p2_d0_q0,residual_acf,42,0.0796875497904228,0.1941733059080797,False
Austria,2024-01-08,weekly_differenced,weekly_differenced_arima_p2_d0_q0,residual_acf,43,-0.0624617420388603,0.1941733059080797,False
Austria,2024-01-08,weekly_differenced,weekly_differenced_arima_p2_d0_q0,residual_acf,44,-0.0973335227532479,0.1941733059080797,False
Austria,2024-01-08,weekly_differenced,weekly_differenced_arima_p2_d0_q0,residual_acf,45,-0.0484798091863833,0.1941733059080797,False
Austria,2024-01-08,weekly_differenced,weekly_differenced_arima_p2_d0_q0,residual_acf,46,-0.0662683373566171,0.1941733059080797,False
Austria,2024-01-08,weekly_differenced,weekly_differenced_arima_p2_d0_q0,residual_acf,47,0.0023252705471789,0.1941733059080797,False
Austria,2024-01-08,weekly_differenced,weekly_differenced_arima_p2_d0_q0,residual_acf,48,0.0467423350693055,0.1941733059080797,False
Austria,2024-01-08,weekly_differenced,weekly_differenced_arima_p2_d0_q0,residual_acf,5,0.0072976663614069,0.1941733059080797,False
Austria,2024-01-08,weekly_differenced,weekly_differenced_arima_p2_d0_q0,residual_acf,6,0.0331820140015637,0.1941733059080797,False
Austria,2024-01-08,weekly_differenced,weekly_differenced_arima_p2_d0_q0,residual_acf,7,0.0282828889928037,0.1941733059080797,False
Austria,2024-01-08,weekly_differenced,weekly_differenced_arima_p2_d0_q0,residual_acf,8,0.0826836453305023,0.1941733059080797,False
Austria,2024-01-08,weekly_differenced,weekly_differenced_arima_p2_d0_q0,residual_acf,9,0.0859437971087456,0.1941733059080797,False
Austria,2024-01-08,weekly_differenced,weekly_differenced_arima_p2_d0_q1,ljung_box_pvalue,24,0.5490966575266204,0.01,False
Austria,2024-01-08,weekly_differenced,weekly_differenced_arima_p2_d0_q1,ljung_box_pvalue,48,0.9626586944653396,0.01,False
Austria,2024-01-08,weekly_differenced,weekly_differenced_arima_p2_d0_q1,ljung_box_statistic,24,19.56261314522074,0.01,False
Austria,2024-01-08,weekly_differenced,weekly_differenced_arima_p2_d0_q1,ljung_box_statistic,48,29.61722384286193,0.01,False
Austria,2024-01-08,weekly_differenced,weekly_differenced_arima_p2_d0_q1,residual_acf,1,-0.009051355507779,0.1941733059080797,False
Austria,2024-01-08,weekly_differenced,weekly_differenced_arima_p2_d0_q1,residual_acf,10,-0.0630582757658333,0.1941733059080797,False
Austria,2024-01-08,weekly_differenced,weekly_differenced_arima_p2_d0_q1,residual_acf,11,0.1644927989693687,0.1941733059080797,False
Austria,2024-01-08,weekly_differenced,weekly_differenced_arima_p2_d0_q1,residual_acf,12,-0.1305395511208994,0.1941733059080797,False
Austria,2024-01-08,weekly_differenced,weekly_differenced_arima_p2_d0_q1,residual_acf,13,0.047890181498365,0.1941733059080797,False
Austria,2024-01-08,weekly_differenced,weekly_differenced_arima_p2_d0_q1,residual_acf,14,-0.0692598343835112,0.1941733059080797,False
Austria,2024-01-08,weekly_differenced,weekly_differenced_arima_p2_d0_q1,residual_acf,15,0.0754071601583805,0.1941733059080797,False
Austria,2024-01-08,weekly_differenced,weekly_differenced_arima_p2_d0_q1,residual_acf,16,-0.0393731606199341,0.1941733059080797,False
Austria,2024-01-08,weekly_differenced,weekly_differenced_arima_p2_d0_q1,residual_acf,17,-0.0307899539444909,0.1941733059080797,False
Austria,2024-01-08,weekly_differenced,weekly_differenced_arima_p2_d0_q1,residual_acf,18,0.0493037414856634,0.1941733059080797,False
Austria,2024-01-08,weekly_differenced,weekly_differenced_arima_p2_d0_q1,residual_acf,19,0.0034757379917526,0.1941733059080797,False
Austria,2024-01-08,weekly_differenced,weekly_differenced_arima_p2_d0_q1,residual_acf,2,0.0599297116186886,0.1941733059080797,False
Austria,2024-01-08,weekly_differenced,weekly_differenced_arima_p2_d0_q1,residual_acf,20,0.0383109703630371,0.1941733059080797,False
Austria,2024-01-08,weekly_differenced,weekly_differenced_arima_p2_d0_q1,residual_acf,21,-0.0658238422778221,0.1941733059080797,False
Austria,2024-01-08,weekly_differenced,weekly_differenced_arima_p2_d0_q1,residual_acf,22,-0.0445734840765114,0.1941733059080797,False
Austria,2024-01-08,weekly_differenced,weekly_differenced_arima_p2_d0_q1,residual_acf,23,0.0437482663781539,0.1941733059080797,False
Austria,2024-01-08,weekly_differenced,weekly_differenced_arima_p2_d0_q1,residual_acf,24,0.0920147618043511,0.1941733059080797,False
Austria,2024-01-08,weekly_differenced,weekly_differenced_arima_p2_d0_q1,residual_acf,25,-0.0023149970555694,0.1941733059080797,False
Austria,2024-01-08,weekly_differenced,weekly_differenced_arima_p2_d0_q1,residual_acf,26,-0.0071962545041225,0.1941733059080797,False
Austria,2024-01-08,weekly_differenced,weekly_differenced_arima_p2_d0_q1,residual_acf,27,0.000180421447999,0.1941733059080797,False
Austria,2024-01-08,weekly_differenced,weekly_differenced_arima_p2_d0_q1,residual_acf,28,0.0380630404457706,0.1941733059080797,False
Austria,2024-01-08,weekly_differenced,weekly_differenced_arima_p2_d0_q1,residual_acf,29,0.0200490363889405,0.1941733059080797,False
Austria,2024-01-08,weekly_differenced,weekly_differenced_arima_p2_d0_q1,residual_acf,3,-0.0709356465366988,0.1941733059080797,False
Austria,2024-01-08,weekly_differenced,weekly_differenced_arima_p2_d0_q1,residual_acf,30,0.00619620636126,0.1941733059080797,False
Austria,2024-01-08,weekly_differenced,weekly_differenced_arima_p2_d0_q1,residual_acf,31,-0.011909320893878,0.1941733059080797,False
Austria,2024-01-08,weekly_differenced,weekly_differenced_arima_p2_d0_q1,residual_acf,32,-0.0539260209006962,0.1941733059080797,False
Austria,2024-01-08,weekly_differenced,weekly_differenced_arima_p2_d0_q1,residual_acf,33,-0.0313584915555413,0.1941733059080797,False
Austria,2024-01-08,weekly_differenced,weekly_differenced_arima_p2_d0_q1,residual_acf,34,-0.0775750516410108,0.1941733059080797,False
Austria,2024-01-08,weekly_differenced,weekly_differenced_arima_p2_d0_q1,residual_acf,35,0.0336868479786739,0.1941733059080797,False
Austria,2024-01-08,weekly_differenced,weekly_differenced_arima_p2_d0_q1,residual_acf,36,-0.0153776207726691,0.1941733059080797,False
Austria,2024-01-08,weekly_differenced,weekly_differenced_arima_p2_d0_q1,residual_acf,37,-0.0216202740770266,0.1941733059080797,False
Austria,2024-01-08,weekly_differenced,weekly_differenced_arima_p2_d0_q1,residual_acf,38,0.0421491092268349,0.1941733059080797,False
Austria,2024-01-08,weekly_differenced,weekly_differenced_arima_p2_d0_q1,residual_acf,39,-0.0766934913102448,0.1941733059080797,False
Austria,2024-01-08,weekly_differenced,weekly_differenced_arima_p2_d0_q1,residual_acf,4,-0.0198813607657879,0.1941733059080797,False
Austria,2024-01-08,weekly_differenced,weekly_differenced_arima_p2_d0_q1,residual_acf,40,-0.0144261906758798,0.1941733059080797,False
Austria,2024-01-08,weekly_differenced,weekly_differenced_arima_p2_d0_q1,residual_acf,41,0.0768907162784943,0.1941733059080797,False
Austria,2024-01-08,weekly_differenced,weekly_differenced_arima_p2_d0_q1,residual_acf,42,0.0574057906064687,0.1941733059080797,False
Austria,2024-01-08,weekly_differenced,weekly_differenced_arima_p2_d0_q1,residual_acf,43,-0.0433064065444696,0.1941733059080797,False
Austria,2024-01-08,weekly_differenced,weekly_differenced_arima_p2_d0_q1,residual_acf,44,-0.0716520186276815,0.1941733059080797,False
Austria,2024-01-08,weekly_differenced,weekly_differenced_arima_p2_d0_q1,residual_acf,45,-0.0246218829782789,0.1941733059080797,False
Austria,2024-01-08,weekly_differenced,weekly_differenced_arima_p2_d0_q1,residual_acf,46,-0.0530246613033408,0.1941733059080797,False
Austria,2024-01-08,weekly_differenced,weekly_differenced_arima_p2_d0_q1,residual_acf,47,0.0007140688737898,0.1941733059080797,False
Austria,2024-01-08,weekly_differenced,weekly_differenced_arima_p2_d0_q1,residual_acf,48,0.0496661954650342,0.1941733059080797,False
Austria,2024-01-08,weekly_differenced,weekly_differenced_arima_p2_d0_q1,residual_acf,5,0.0037834138657181,0.1941733059080797,False
Austria,2024-01-08,weekly_differenced,weekly_differenced_arima_p2_d0_q1,residual_acf,6,0.0175453181328094,0.1941733059080797,False
Austria,2024-01-08,weekly_differenced,weekly_differenced_arima_p2_d0_q1,residual_acf,7,0.0047450569752704,0.1941733059080797,False
Austria,2024-01-08,weekly_differenced,weekly_differenced_arima_p2_d0_q1,residual_acf,8,0.0491638660567516,0.1941733059080797,False
Austria,2024-01-08,weekly_differenced,weekly_differenced_arima_p2_d0_q1,residual_acf,9,0.0765640738984284,0.1941733059080797,False
Austria,2024-01-08,weekly_differenced,weekly_differenced_arima_p2_d0_q2,ljung_box_pvalue,24,0.692148826127339,0.01,False
Austria,2024-01-08,weekly_differenced,weekly_differenced_arima_p2_d0_q2,ljung_box_pvalue,48,0.978930093888716,0.01,False
Austria,2024-01-08,weekly_differenced,weekly_differenced_arima_p2_d0_q2,ljung_box_statistic,24,16.390076121237932,0.01,False
Austria,2024-01-08,weekly_differenced,weekly_differenced_arima_p2_d0_q2,ljung_box_statistic,48,27.08423702810248,0.01,False
Austria,2024-01-08,weekly_differenced,weekly_differenced_arima_p2_d0_q2,residual_acf,1,-0.0259753918101211,0.1941733059080797,False
Austria,2024-01-08,weekly_differenced,weekly_differenced_arima_p2_d0_q2,residual_acf,10,-0.0744925443726639,0.1941733059080797,False
Austria,2024-01-08,weekly_differenced,weekly_differenced_arima_p2_d0_q2,residual_acf,11,0.1529297651767823,0.1941733059080797,False
Austria,2024-01-08,weekly_differenced,weekly_differenced_arima_p2_d0_q2,residual_acf,12,-0.1245017365279927,0.1941733059080797,False
Austria,2024-01-08,weekly_differenced,weekly_differenced_arima_p2_d0_q2,residual_acf,13,0.0224894522513873,0.1941733059080797,False
Austria,2024-01-08,weekly_differenced,weekly_differenced_arima_p2_d0_q2,residual_acf,14,-0.0520501766757256,0.1941733059080797,False
Austria,2024-01-08,weekly_differenced,weekly_differenced_arima_p2_d0_q2,residual_acf,15,0.0647968263559326,0.1941733059080797,False
Austria,2024-01-08,weekly_differenced,weekly_differenced_arima_p2_d0_q2,residual_acf,16,-0.0473971457838523,0.1941733059080797,False
Austria,2024-01-08,weekly_differenced,weekly_differenced_arima_p2_d0_q2,residual_acf,17,-0.0459031887742708,0.1941733059080797,False
Austria,2024-01-08,weekly_differenced,weekly_differenced_arima_p2_d0_q2,residual_acf,18,0.0506376294868353,0.1941733059080797,False
Austria,2024-01-08,weekly_differenced,weekly_differenced_arima_p2_d0_q2,residual_acf,19,-0.0010661166508391,0.1941733059080797,False
Austria,2024-01-08,weekly_differenced,weekly_differenced_arima_p2_d0_q2,residual_acf,2,0.0168194657590354,0.1941733059080797,False
Austria,2024-01-08,weekly_differenced,weekly_differenced_arima_p2_d0_q2,residual_acf,20,0.0420961185901552,0.1941733059080797,False
Austria,2024-01-08,weekly_differenced,weekly_differenced_arima_p2_d0_q2,residual_acf,21,-0.0525755182565557,0.1941733059080797,False
Austria,2024-01-08,weekly_differenced,weekly_differenced_arima_p2_d0_q2,residual_acf,22,-0.0498566071558525,0.1941733059080797,False
Austria,2024-01-08,weekly_differenced,weekly_differenced_arima_p2_d0_q2,residual_acf,23,0.0452925528538283,0.1941733059080797,False
Austria,2024-01-08,weekly_differenced,weekly_differenced_arima_p2_d0_q2,residual_acf,24,0.0941785293671397,0.1941733059080797,False
Austria,2024-01-08,weekly_differenced,weekly_differenced_arima_p2_d0_q2,residual_acf,25,-0.0061585439677836,0.1941733059080797,False
Austria,2024-01-08,weekly_differenced,weekly_differenced_arima_p2_d0_q2,residual_acf,26,-0.0088379751722557,0.1941733059080797,False
Austria,2024-01-08,weekly_differenced,weekly_differenced_arima_p2_d0_q2,residual_acf,27,0.0115668943550703,0.1941733059080797,False
Austria,2024-01-08,weekly_differenced,weekly_differenced_arima_p2_d0_q2,residual_acf,28,0.0360914601539311,0.1941733059080797,False
Austria,2024-01-08,weekly_differenced,weekly_differenced_arima_p2_d0_q2,residual_acf,29,0.0151563052184188,0.1941733059080797,False
Austria,2024-01-08,weekly_differenced,weekly_differenced_arima_p2_d0_q2,residual_acf,3,0.0111168086534911,0.1941733059080797,False
Austria,2024-01-08,weekly_differenced,weekly_differenced_arima_p2_d0_q2,residual_acf,30,0.0015315464993646,0.1941733059080797,False
Austria,2024-01-08,weekly_differenced,weekly_differenced_arima_p2_d0_q2,residual_acf,31,-0.013900771473606,0.1941733059080797,False
Austria,2024-01-08,weekly_differenced,weekly_differenced_arima_p2_d0_q2,residual_acf,32,-0.045450888200643,0.1941733059080797,False
Austria,2024-01-08,weekly_differenced,weekly_differenced_arima_p2_d0_q2,residual_acf,33,-0.0293592818341478,0.1941733059080797,False
Austria,2024-01-08,weekly_differenced,weekly_differenced_arima_p2_d0_q2,residual_acf,34,-0.0741032603673265,0.1941733059080797,False
Austria,2024-01-08,weekly_differenced,weekly_differenced_arima_p2_d0_q2,residual_acf,35,0.0281072200352815,0.1941733059080797,False
Austria,2024-01-08,weekly_differenced,weekly_differenced_arima_p2_d0_q2,residual_acf,36,-0.0189792748962933,0.1941733059080797,False
Austria,2024-01-08,weekly_differenced,weekly_differenced_arima_p2_d0_q2,residual_acf,37,-0.0289736666182691,0.1941733059080797,False
Austria,2024-01-08,weekly_differenced,weekly_differenced_arima_p2_d0_q2,residual_acf,38,0.0590171524202823,0.1941733059080797,False
Austria,2024-01-08,weekly_differenced,weekly_differenced_arima_p2_d0_q2,residual_acf,39,-0.0815771675315353,0.1941733059080797,False
Austria,2024-01-08,weekly_differenced,weekly_differenced_arima_p2_d0_q2,residual_acf,4,-0.0241123175446645,0.1941733059080797,False
Austria,2024-01-08,weekly_differenced,weekly_differenced_arima_p2_d0_q2,residual_acf,40,-0.0226169086932565,0.1941733059080797,False
Austria,2024-01-08,weekly_differenced,weekly_differenced_arima_p2_d0_q2,residual_acf,41,0.0768583267401475,0.1941733059080797,False
Austria,2024-01-08,weekly_differenced,weekly_differenced_arima_p2_d0_q2,residual_acf,42,0.059551946808164,0.1941733059080797,False
Austria,2024-01-08,weekly_differenced,weekly_differenced_arima_p2_d0_q2,residual_acf,43,-0.0501517285414839,0.1941733059080797,False
Austria,2024-01-08,weekly_differenced,weekly_differenced_arima_p2_d0_q2,residual_acf,44,-0.0654909250073617,0.1941733059080797,False
Austria,2024-01-08,weekly_differenced,weekly_differenced_arima_p2_d0_q2,residual_acf,45,0.0041777164706475,0.1941733059080797,False
Austria,2024-01-08,weekly_differenced,weekly_differenced_arima_p2_d0_q2,residual_acf,46,-0.0570848305412168,0.1941733059080797,False
Austria,2024-01-08,weekly_differenced,weekly_differenced_arima_p2_d0_q2,residual_acf,47,-0.0020511729422337,0.1941733059080797,False
Austria,2024-01-08,weekly_differenced,weekly_differenced_arima_p2_d0_q2,residual_acf,48,0.0622594317238744,0.1941733059080797,False
Austria,2024-01-08,weekly_differenced,weekly_differenced_arima_p2_d0_q2,residual_acf,5,0.0081025804991522,0.1941733059080797,False
Austria,2024-01-08,weekly_differenced,weekly_differenced_arima_p2_d0_q2,residual_acf,6,0.011909732595995,0.1941733059080797,False
Austria,2024-01-08,weekly_differenced,weekly_differenced_arima_p2_d0_q2,residual_acf,7,-0.0224216214159539,0.1941733059080797,False
Austria,2024-01-08,weekly_differenced,weekly_differenced_arima_p2_d0_q2,residual_acf,8,0.0513479870916103,0.1941733059080797,False
Austria,2024-01-08,weekly_differenced,weekly_differenced_arima_p2_d0_q2,residual_acf,9,0.0540568397019142,0.1941733059080797,False
Austria,2024-01-08,weekly_differenced,weekly_differenced_arima_p3_d0_q1,ljung_box_pvalue,24,0.583355476193711,0.01,False
Austria,2024-01-08,weekly_differenced,weekly_differenced_arima_p3_d0_q1,ljung_box_pvalue,48,0.9692626758466032,0.01,False
Austria,2024-01-08,weekly_differenced,weekly_differenced_arima_p3_d0_q1,ljung_box_statistic,24,18.061520539538563,0.01,False
Austria,2024-01-08,weekly_differenced,weekly_differenced_arima_p3_d0_q1,ljung_box_statistic,48,28.19387694600243,0.01,False
Austria,2024-01-08,weekly_differenced,weekly_differenced_arima_p3_d0_q1,residual_acf,1,-0.0302387577337553,0.1941733059080797,False
Austria,2024-01-08,weekly_differenced,weekly_differenced_arima_p3_d0_q1,residual_acf,10,-0.0875650096153663,0.1941733059080797,False
Austria,2024-01-08,weekly_differenced,weekly_differenced_arima_p3_d0_q1,residual_acf,11,0.1470680902520861,0.1941733059080797,False
Austria,2024-01-08,weekly_differenced,weekly_differenced_arima_p3_d0_q1,residual_acf,12,-0.1398862412255499,0.1941733059080797,False
Austria,2024-01-08,weekly_differenced,weekly_differenced_arima_p3_d0_q1,residual_acf,13,0.0293039699548233,0.1941733059080797,False
Austria,2024-01-08,weekly_differenced,weekly_differenced_arima_p3_d0_q1,residual_acf,14,-0.0670817785198532,0.1941733059080797,False
Austria,2024-01-08,weekly_differenced,weekly_differenced_arima_p3_d0_q1,residual_acf,15,0.0660770749800457,0.1941733059080797,False
Austria,2024-01-08,weekly_differenced,weekly_differenced_arima_p3_d0_q1,residual_acf,16,-0.0561999073909373,0.1941733059080797,False
Austria,2024-01-08,weekly_differenced,weekly_differenced_arima_p3_d0_q1,residual_acf,17,-0.0511744266516074,0.1941733059080797,False
Austria,2024-01-08,weekly_differenced,weekly_differenced_arima_p3_d0_q1,residual_acf,18,0.0454272394487648,0.1941733059080797,False
Austria,2024-01-08,weekly_differenced,weekly_differenced_arima_p3_d0_q1,residual_acf,19,0.0054568409692798,0.1941733059080797,False
Austria,2024-01-08,weekly_differenced,weekly_differenced_arima_p3_d0_q1,residual_acf,2,0.0313722201361307,0.1941733059080797,False
Austria,2024-01-08,weekly_differenced,weekly_differenced_arima_p3_d0_q1,residual_acf,20,0.0451258169223135,0.1941733059080797,False
Austria,2024-01-08,weekly_differenced,weekly_differenced_arima_p3_d0_q1,residual_acf,21,-0.0607478519109946,0.1941733059080797,False
Austria,2024-01-08,weekly_differenced,weekly_differenced_arima_p3_d0_q1,residual_acf,22,-0.0479612164637195,0.1941733059080797,False
Austria,2024-01-08,weekly_differenced,weekly_differenced_arima_p3_d0_q1,residual_acf,23,0.0482701286905185,0.1941733059080797,False
Austria,2024-01-08,weekly_differenced,weekly_differenced_arima_p3_d0_q1,residual_acf,24,0.098224080839986,0.1941733059080797,False
Austria,2024-01-08,weekly_differenced,weekly_differenced_arima_p3_d0_q1,residual_acf,25,-0.0050925016015186,0.1941733059080797,False
Austria,2024-01-08,weekly_differenced,weekly_differenced_arima_p3_d0_q1,residual_acf,26,-0.0107977702537723,0.1941733059080797,False
Austria,2024-01-08,weekly_differenced,weekly_differenced_arima_p3_d0_q1,residual_acf,27,0.0058225290904412,0.1941733059080797,False
Austria,2024-01-08,weekly_differenced,weekly_differenced_arima_p3_d0_q1,residual_acf,28,0.0387395462304878,0.1941733059080797,False
Austria,2024-01-08,weekly_differenced,weekly_differenced_arima_p3_d0_q1,residual_acf,29,0.0152950485571949,0.1941733059080797,False
Austria,2024-01-08,weekly_differenced,weekly_differenced_arima_p3_d0_q1,residual_acf,3,-0.0224069893197193,0.1941733059080797,False
Austria,2024-01-08,weekly_differenced,weekly_differenced_arima_p3_d0_q1,residual_acf,30,0.0005975760844569,0.1941733059080797,False
Austria,2024-01-08,weekly_differenced,weekly_differenced_arima_p3_d0_q1,residual_acf,31,-0.0121721645359482,0.1941733059080797,False
Austria,2024-01-08,weekly_differenced,weekly_differenced_arima_p3_d0_q1,residual_acf,32,-0.0465570533951181,0.1941733059080797,False
Austria,2024-01-08,weekly_differenced,weekly_differenced_arima_p3_d0_q1,residual_acf,33,-0.0270407415471717,0.1941733059080797,False
Austria,2024-01-08,weekly_differenced,weekly_differenced_arima_p3_d0_q1,residual_acf,34,-0.0768069680951762,0.1941733059080797,False
Austria,2024-01-08,weekly_differenced,weekly_differenced_arima_p3_d0_q1,residual_acf,35,0.0288673022273325,0.1941733059080797,False
Austria,2024-01-08,weekly_differenced,weekly_differenced_arima_p3_d0_q1,residual_acf,36,-0.0185068817277287,0.1941733059080797,False
Austria,2024-01-08,weekly_differenced,weekly_differenced_arima_p3_d0_q1,residual_acf,37,-0.0243338727160707,0.1941733059080797,False
Austria,2024-01-08,weekly_differenced,weekly_differenced_arima_p3_d0_q1,residual_acf,38,0.0491567130161232,0.1941733059080797,False
Austria,2024-01-08,weekly_differenced,weekly_differenced_arima_p3_d0_q1,residual_acf,39,-0.0847868707386683,0.1941733059080797,False
Austria,2024-01-08,weekly_differenced,weekly_differenced_arima_p3_d0_q1,residual_acf,4,0.0103721932927025,0.1941733059080797,False
Austria,2024-01-08,weekly_differenced,weekly_differenced_arima_p3_d0_q1,residual_acf,40,-0.0243475004110403,0.1941733059080797,False
Austria,2024-01-08,weekly_differenced,weekly_differenced_arima_p3_d0_q1,residual_acf,41,0.0774505926373133,0.1941733059080797,False
Austria,2024-01-08,weekly_differenced,weekly_differenced_arima_p3_d0_q1,residual_acf,42,0.0613696373160938,0.1941733059080797,False
Austria,2024-01-08,weekly_differenced,weekly_differenced_arima_p3_d0_q1,residual_acf,43,-0.0450843766184166,0.1941733059080797,False
Austria,2024-01-08,weekly_differenced,weekly_differenced_arima_p3_d0_q1,residual_acf,44,-0.0617256347684476,0.1941733059080797,False
Austria,2024-01-08,weekly_differenced,weekly_differenced_arima_p3_d0_q1,residual_acf,45,0.0013509919112558,0.1941733059080797,False
Austria,2024-01-08,weekly_differenced,weekly_differenced_arima_p3_d0_q1,residual_acf,46,-0.0436020143677981,0.1941733059080797,False
Austria,2024-01-08,weekly_differenced,weekly_differenced_arima_p3_d0_q1,residual_acf,47,0.0072630378843508,0.1941733059080797,False
Austria,2024-01-08,weekly_differenced,weekly_differenced_arima_p3_d0_q1,residual_acf,48,0.0610238097728469,0.1941733059080797,False
Austria,2024-01-08,weekly_differenced,weekly_differenced_arima_p3_d0_q1,residual_acf,5,0.0210144838921163,0.1941733059080797,False
Austria,2024-01-08,weekly_differenced,weekly_differenced_arima_p3_d0_q1,residual_acf,6,0.0090102406995272,0.1941733059080797,False
Austria,2024-01-08,weekly_differenced,weekly_differenced_arima_p3_d0_q1,residual_acf,7,-0.0211716582734607,0.1941733059080797,False
Austria,2024-01-08,weekly_differenced,weekly_differenced_arima_p3_d0_q1,residual_acf,8,0.0319399917622935,0.1941733059080797,False
Austria,2024-01-08,weekly_differenced,weekly_differenced_arima_p3_d0_q1,residual_acf,9,0.0476831337144817,0.1941733059080797,False
Austria,2024-01-27,weekly_differenced,weekly_differenced_arima_p1_d0_q1,ljung_box_pvalue,24,2.548975565117669e-36,0.01,True
Austria,2024-01-27,weekly_differenced,weekly_differenced_arima_p1_d0_q1,ljung_box_pvalue,48,2.849141720762305e-45,0.01,True
Austria,2024-01-27,weekly_differenced,weekly_differenced_arima_p1_d0_q1,ljung_box_statistic,24,228.66980929492792,0.01,True
Austria,2024-01-27,weekly_differenced,weekly_differenced_arima_p1_d0_q1,ljung_box_statistic,48,333.6185047456188,0.01,True
Austria,2024-01-27,weekly_differenced,weekly_differenced_arima_p1_d0_q1,residual_acf,1,0.2245657397477697,0.102467778201834,True
Austria,2024-01-27,weekly_differenced,weekly_differenced_arima_p1_d0_q1,residual_acf,10,-0.0496615695047814,0.102467778201834,False
Austria,2024-01-27,weekly_differenced,weekly_differenced_arima_p1_d0_q1,residual_acf,11,0.0408958165633062,0.102467778201834,False
Austria,2024-01-27,weekly_differenced,weekly_differenced_arima_p1_d0_q1,residual_acf,12,-0.0577337777976404,0.102467778201834,False
Austria,2024-01-27,weekly_differenced,weekly_differenced_arima_p1_d0_q1,residual_acf,13,0.0244746643298795,0.102467778201834,False
Austria,2024-01-27,weekly_differenced,weekly_differenced_arima_p1_d0_q1,residual_acf,14,-0.1098581708199379,0.102467778201834,True
Austria,2024-01-27,weekly_differenced,weekly_differenced_arima_p1_d0_q1,residual_acf,15,-0.0185256640715445,0.102467778201834,False
Austria,2024-01-27,weekly_differenced,weekly_differenced_arima_p1_d0_q1,residual_acf,16,-0.0991386309381824,0.102467778201834,False
Austria,2024-01-27,weekly_differenced,weekly_differenced_arima_p1_d0_q1,residual_acf,17,-0.0691371173979025,0.102467778201834,False
Austria,2024-01-27,weekly_differenced,weekly_differenced_arima_p1_d0_q1,residual_acf,18,-0.0538460028916818,0.102467778201834,False
Austria,2024-01-27,weekly_differenced,weekly_differenced_arima_p1_d0_q1,residual_acf,19,-0.0532303437878511,0.102467778201834,False
Austria,2024-01-27,weekly_differenced,weekly_differenced_arima_p1_d0_q1,residual_acf,2,0.295754696180005,0.102467778201834,True
Austria,2024-01-27,weekly_differenced,weekly_differenced_arima_p1_d0_q1,residual_acf,20,0.0067054068141759,0.102467778201834,False
Austria,2024-01-27,weekly_differenced,weekly_differenced_arima_p1_d0_q1,residual_acf,21,0.0161941093692106,0.102467778201834,False
Austria,2024-01-27,weekly_differenced,weekly_differenced_arima_p1_d0_q1,residual_acf,22,0.1133393033887301,0.102467778201834,True
Austria,2024-01-27,weekly_differenced,weekly_differenced_arima_p1_d0_q1,residual_acf,23,0.1768682180706756,0.102467778201834,True
Austria,2024-01-27,weekly_differenced,weekly_differenced_arima_p1_d0_q1,residual_acf,24,0.2925371644845635,0.102467778201834,True
Austria,2024-01-27,weekly_differenced,weekly_differenced_arima_p1_d0_q1,residual_acf,25,0.1070624152128276,0.102467778201834,True
Austria,2024-01-27,weekly_differenced,weekly_differenced_arima_p1_d0_q1,residual_acf,26,0.0335509473635061,0.102467778201834,False
Austria,2024-01-27,weekly_differenced,weekly_differenced_arima_p1_d0_q1,residual_acf,27,-0.1262496871519764,0.102467778201834,True
Austria,2024-01-27,weekly_differenced,weekly_differenced_arima_p1_d0_q1,residual_acf,28,-0.1133667868389543,0.102467778201834,True
Austria,2024-01-27,weekly_differenced,weekly_differenced_arima_p1_d0_q1,residual_acf,29,-0.1259267112570863,0.102467778201834,True
Austria,2024-01-27,weekly_differenced,weekly_differenced_arima_p1_d0_q1,residual_acf,3,-0.0871763598185469,0.102467778201834,False
Austria,2024-01-27,weekly_differenced,weekly_differenced_arima_p1_d0_q1,residual_acf,30,-0.0428191103973352,0.102467778201834,False
Austria,2024-01-27,weekly_differenced,weekly_differenced_arima_p1_d0_q1,residual_acf,31,-0.0231574426304457,0.102467778201834,False
Austria,2024-01-27,weekly_differenced,weekly_differenced_arima_p1_d0_q1,residual_acf,32,-0.0221158020557709,0.102467778201834,False
Austria,2024-01-27,weekly_differenced,weekly_differenced_arima_p1_d0_q1,residual_acf,33,0.010775201155156,0.102467778201834,False
Austria,2024-01-27,weekly_differenced,weekly_differenced_arima_p1_d0_q1,residual_acf,34,-0.0313681323629019,0.102467778201834,False
Austria,2024-01-27,weekly_differenced,weekly_differenced_arima_p1_d0_q1,residual_acf,35,0.0450816961116461,0.102467778201834,False
Austria,2024-01-27,weekly_differenced,weekly_differenced_arima_p1_d0_q1,residual_acf,36,-0.0189068504457117,0.102467778201834,False
Austria,2024-01-27,weekly_differenced,weekly_differenced_arima_p1_d0_q1,residual_acf,37,0.0256880177857748,0.102467778201834,False
Austria,2024-01-27,weekly_differenced,weekly_differenced_arima_p1_d0_q1,residual_acf,38,-0.0966249574353752,0.102467778201834,False
Austria,2024-01-27,weekly_differenced,weekly_differenced_arima_p1_d0_q1,residual_acf,39,-0.0310057994667263,0.102467778201834,False
Austria,2024-01-27,weekly_differenced,weekly_differenced_arima_p1_d0_q1,residual_acf,4,-0.0533063816305257,0.102467778201834,False
Austria,2024-01-27,weekly_differenced,weekly_differenced_arima_p1_d0_q1,residual_acf,40,-0.1054184820822573,0.102467778201834,True
Austria,2024-01-27,weekly_differenced,weekly_differenced_arima_p1_d0_q1,residual_acf,41,0.0350372859920515,0.102467778201834,False
Austria,2024-01-27,weekly_differenced,weekly_differenced_arima_p1_d0_q1,residual_acf,42,-0.0032779577649626,0.102467778201834,False
Austria,2024-01-27,weekly_differenced,weekly_differenced_arima_p1_d0_q1,residual_acf,43,0.0428758219687649,0.102467778201834,False
Austria,2024-01-27,weekly_differenced,weekly_differenced_arima_p1_d0_q1,residual_acf,44,0.0474759383209897,0.102467778201834,False
Austria,2024-01-27,weekly_differenced,weekly_differenced_arima_p1_d0_q1,residual_acf,45,0.0212040242453793,0.102467778201834,False
Austria,2024-01-27,weekly_differenced,weekly_differenced_arima_p1_d0_q1,residual_acf,46,0.1108581908005526,0.102467778201834,True
Austria,2024-01-27,weekly_differenced,weekly_differenced_arima_p1_d0_q1,residual_acf,47,0.0845282769616262,0.102467778201834,False
Austria,2024-01-27,weekly_differenced,weekly_differenced_arima_p1_d0_q1,residual_acf,48,0.2112852425476782,0.102467778201834,True
Austria,2024-01-27,weekly_differenced,weekly_differenced_arima_p1_d0_q1,residual_acf,5,-0.1328661144924588,0.102467778201834,True
Austria,2024-01-27,weekly_differenced,weekly_differenced_arima_p1_d0_q1,residual_acf,6,-0.0850198758005726,0.102467778201834,False
Austria,2024-01-27,weekly_differenced,weekly_differenced_arima_p1_d0_q1,residual_acf,7,-0.0719855461259354,0.102467778201834,False
Austria,2024-01-27,weekly_differenced,weekly_differenced_arima_p1_d0_q1,residual_acf,8,-0.064741637867051,0.102467778201834,False
Austria,2024-01-27,weekly_differenced,weekly_differenced_arima_p1_d0_q1,residual_acf,9,-0.0219290774525885,0.102467778201834,False
Austria,2024-01-27,weekly_differenced,weekly_differenced_arima_p2_d0_q0,ljung_box_pvalue,24,5.653872841811633e-20,0.01,True
Austria,2024-01-27,weekly_differenced,weekly_differenced_arima_p2_d0_q0,ljung_box_pvalue,48,5.447592051940308e-26,0.01,True
Austria,2024-01-27,weekly_differenced,weekly_differenced_arima_p2_d0_q0,ljung_box_statistic,24,144.29796952124167,0.01,True
Austria,2024-01-27,weekly_differenced,weekly_differenced_arima_p2_d0_q0,ljung_box_statistic,48,228.2696683118584,0.01,True
Austria,2024-01-27,weekly_differenced,weekly_differenced_arima_p2_d0_q0,residual_acf,1,0.1864475286014219,0.102467778201834,True
Austria,2024-01-27,weekly_differenced,weekly_differenced_arima_p2_d0_q0,residual_acf,10,0.0153353072788255,0.102467778201834,False
Austria,2024-01-27,weekly_differenced,weekly_differenced_arima_p2_d0_q0,residual_acf,11,0.0784337068511228,0.102467778201834,False
Austria,2024-01-27,weekly_differenced,weekly_differenced_arima_p2_d0_q0,residual_acf,12,0.0235056099787418,0.102467778201834,False
Austria,2024-01-27,weekly_differenced,weekly_differenced_arima_p2_d0_q0,residual_acf,13,0.054647098296,0.102467778201834,False
Austria,2024-01-27,weekly_differenced,weekly_differenced_arima_p2_d0_q0,residual_acf,14,-0.0426271168644677,0.102467778201834,False
Austria,2024-01-27,weekly_differenced,weekly_differenced_arima_p2_d0_q0,residual_acf,15,0.0283720321217737,0.102467778201834,False
Austria,2024-01-27,weekly_differenced,weekly_differenced_arima_p2_d0_q0,residual_acf,16,-0.0219947727822119,0.102467778201834,False
Austria,2024-01-27,weekly_differenced,weekly_differenced_arima_p2_d0_q0,residual_acf,17,-0.0225797736821977,0.102467778201834,False
Austria,2024-01-27,weekly_differenced,weekly_differenced_arima_p2_d0_q0,residual_acf,18,0.007316347751478,0.102467778201834,False
Austria,2024-01-27,weekly_differenced,weekly_differenced_arima_p2_d0_q0,residual_acf,19,-0.0137078425210906,0.102467778201834,False
Austria,2024-01-27,weekly_differenced,weekly_differenced_arima_p2_d0_q0,residual_acf,2,-0.0517973783754001,0.102467778201834,False
Austria,2024-01-27,weekly_differenced,weekly_differenced_arima_p2_d0_q0,residual_acf,20,0.0017760606838051,0.102467778201834,False
Austria,2024-01-27,weekly_differenced,weekly_differenced_arima_p2_d0_q0,residual_acf,21,-0.0300579418608473,0.102467778201834,False
Austria,2024-01-27,weekly_differenced,weekly_differenced_arima_p2_d0_q0,residual_acf,22,0.0060586353553057,0.102467778201834,False
Austria,2024-01-27,weekly_differenced,weekly_differenced_arima_p2_d0_q0,residual_acf,23,0.1639023532832156,0.102467778201834,True
Austria,2024-01-27,weekly_differenced,weekly_differenced_arima_p2_d0_q0,residual_acf,24,0.3158749805026116,0.102467778201834,True
Austria,2024-01-27,weekly_differenced,weekly_differenced_arima_p2_d0_q0,residual_acf,25,0.1204293478950422,0.102467778201834,True
Austria,2024-01-27,weekly_differenced,weekly_differenced_arima_p2_d0_q0,residual_acf,26,-0.0249899203121556,0.102467778201834,False
Austria,2024-01-27,weekly_differenced,weekly_differenced_arima_p2_d0_q0,residual_acf,27,-0.1272150246118026,0.102467778201834,True
Austria,2024-01-27,weekly_differenced,weekly_differenced_arima_p2_d0_q0,residual_acf,28,-0.1107269738931209,0.102467778201834,True
Austria,2024-01-27,weekly_differenced,weekly_differenced_arima_p2_d0_q0,residual_acf,29,-0.0592692077227716,0.102467778201834,False
Austria,2024-01-27,weekly_differenced,weekly_differenced_arima_p2_d0_q0,residual_acf,3,-0.1436866304473466,0.102467778201834,True
Austria,2024-01-27,weekly_differenced,weekly_differenced_arima_p2_d0_q0,residual_acf,30,0.0386553504102234,0.102467778201834,False
Austria,2024-01-27,weekly_differenced,weekly_differenced_arima_p2_d0_q0,residual_acf,31,0.0496784987843257,0.102467778201834,False
Austria,2024-01-27,weekly_differenced,weekly_differenced_arima_p2_d0_q0,residual_acf,32,0.0281453938393246,0.102467778201834,False
Austria,2024-01-27,weekly_differenced,weekly_differenced_arima_p2_d0_q0,residual_acf,33,0.0221816434266614,0.102467778201834,False
Austria,2024-01-27,weekly_differenced,weekly_differenced_arima_p2_d0_q0,residual_acf,34,-0.0081475948019128,0.102467778201834,False
Austria,2024-01-27,weekly_differenced,weekly_differenced_arima_p2_d0_q0,residual_acf,35,0.053877687337174,0.102467778201834,False
Austria,2024-01-27,weekly_differenced,weekly_differenced_arima_p2_d0_q0,residual_acf,36,0.0576663535276435,0.102467778201834,False
Austria,2024-01-27,weekly_differenced,weekly_differenced_arima_p2_d0_q0,residual_acf,37,0.0469783719145046,0.102467778201834,False
Austria,2024-01-27,weekly_differenced,weekly_differenced_arima_p2_d0_q0,residual_acf,38,-0.0473637120834232,0.102467778201834,False
Austria,2024-01-27,weekly_differenced,weekly_differenced_arima_p2_d0_q0,residual_acf,39,-0.0447757005294027,0.102467778201834,False
Austria,2024-01-27,weekly_differenced,weekly_differenced_arima_p2_d0_q0,residual_acf,4,-0.13422456660995,0.102467778201834,True
Austria,2024-01-27,weekly_differenced,weekly_differenced_arima_p2_d0_q0,residual_acf,40,-0.0670849030783318,0.102467778201834,False
Austria,2024-01-27,weekly_differenced,weekly_differenced_arima_p2_d0_q0,residual_acf,41,0.0631424804557726,0.102467778201834,False
Austria,2024-01-27,weekly_differenced,weekly_differenced_arima_p2_d0_q0,residual_acf,42,0.042785452906986,0.102467778201834,False
Austria,2024-01-27,weekly_differenced,weekly_differenced_arima_p2_d0_q0,residual_acf,43,0.0406943866026526,0.102467778201834,False
Austria,2024-01-27,weekly_differenced,weekly_differenced_arima_p2_d0_q0,residual_acf,44,0.0184492105838457,0.102467778201834,False
Austria,2024-01-27,weekly_differenced,weekly_differenced_arima_p2_d0_q0,residual_acf,45,-0.0252535344582562,0.102467778201834,False
Austria,2024-01-27,weekly_differenced,weekly_differenced_arima_p2_d0_q0,residual_acf,46,0.0232998920759662,0.102467778201834,False
Austria,2024-01-27,weekly_differenced,weekly_differenced_arima_p2_d0_q0,residual_acf,47,0.0558524309128689,0.102467778201834,False
Austria,2024-01-27,weekly_differenced,weekly_differenced_arima_p2_d0_q0,residual_acf,48,0.2070884487731616,0.102467778201834,True
Austria,2024-01-27,weekly_differenced,weekly_differenced_arima_p2_d0_q0,residual_acf,5,-0.0568464401416492,0.102467778201834,False
Austria,2024-01-27,weekly_differenced,weekly_differenced_arima_p2_d0_q0,residual_acf,6,-0.0108791330763721,0.102467778201834,False
Austria,2024-01-27,weekly_differenced,weekly_differenced_arima_p2_d0_q0,residual_acf,7,0.0215651253960727,0.102467778201834,False
Austria,2024-01-27,weekly_differenced,weekly_differenced_arima_p2_d0_q0,residual_acf,8,0.013834149855404,0.102467778201834,False
Austria,2024-01-27,weekly_differenced,weekly_differenced_arima_p2_d0_q0,residual_acf,9,0.0230732011653221,0.102467778201834,False
Austria,2024-01-27,weekly_differenced,weekly_differenced_arima_p2_d0_q1,ljung_box_pvalue,24,5.645948364124698e-10,0.01,True
Austria,2024-01-27,weekly_differenced,weekly_differenced_arima_p2_d0_q1,ljung_box_pvalue,48,5.16876516437651e-13,0.01,True
Austria,2024-01-27,weekly_differenced,weekly_differenced_arima_p2_d0_q1,ljung_box_statistic,24,86.83306829937243,0.01,True
Austria,2024-01-27,weekly_differenced,weekly_differenced_arima_p2_d0_q1,ljung_box_statistic,48,148.68288600530056,0.01,True
Austria,2024-01-27,weekly_differenced,weekly_differenced_arima_p2_d0_q1,residual_acf,1,0.0176089607179653,0.102467778201834,False
Austria,2024-01-27,weekly_differenced,weekly_differenced_arima_p2_d0_q1,residual_acf,10,-0.0112979267924823,0.102467778201834,False
Austria,2024-01-27,weekly_differenced,weekly_differenced_arima_p2_d0_q1,residual_acf,11,0.0732871950016438,0.102467778201834,False
Austria,2024-01-27,weekly_differenced,weekly_differenced_arima_p2_d0_q1,residual_acf,12,-0.0199463987139124,0.102467778201834,False
Austria,2024-01-27,weekly_differenced,weekly_differenced_arima_p2_d0_q1,residual_acf,13,0.0649743614638741,0.102467778201834,False
Austria,2024-01-27,weekly_differenced,weekly_differenced_arima_p2_d0_q1,residual_acf,14,-0.0753413493851643,0.102467778201834,False
Austria,2024-01-27,weekly_differenced,weekly_differenced_arima_p2_d0_q1,residual_acf,15,0.0393260555574113,0.102467778201834,False
Austria,2024-01-27,weekly_differenced,weekly_differenced_arima_p2_d0_q1,residual_acf,16,-0.0413363891476395,0.102467778201834,False
Austria,2024-01-27,weekly_differenced,weekly_differenced_arima_p2_d0_q1,residual_acf,17,-0.0303617821101962,0.102467778201834,False
Austria,2024-01-27,weekly_differenced,weekly_differenced_arima_p2_d0_q1,residual_acf,18,0.0079941018770638,0.102467778201834,False
Austria,2024-01-27,weekly_differenced,weekly_differenced_arima_p2_d0_q1,residual_acf,19,-0.0234221225423558,0.102467778201834,False
Austria,2024-01-27,weekly_differenced,weekly_differenced_arima_p2_d0_q1,residual_acf,2,0.0560620478525022,0.102467778201834,False
Austria,2024-01-27,weekly_differenced,weekly_differenced_arima_p2_d0_q1,residual_acf,20,0.0169733216891023,0.102467778201834,False
Austria,2024-01-27,weekly_differenced,weekly_differenced_arima_p2_d0_q1,residual_acf,21,-0.0126675778411675,0.102467778201834,False
Austria,2024-01-27,weekly_differenced,weekly_differenced_arima_p2_d0_q1,residual_acf,22,0.0183744525659204,0.102467778201834,False
Austria,2024-01-27,weekly_differenced,weekly_differenced_arima_p2_d0_q1,residual_acf,23,0.1181996502892012,0.102467778201834,True
Austria,2024-01-27,weekly_differenced,weekly_differenced_arima_p2_d0_q1,residual_acf,24,0.2757113581880701,0.102467778201834,True
Austria,2024-01-27,weekly_differenced,weekly_differenced_arima_p2_d0_q1,residual_acf,25,0.0702146363640197,0.102467778201834,False
Austria,2024-01-27,weekly_differenced,weekly_differenced_arima_p2_d0_q1,residual_acf,26,0.0014498439420489,0.102467778201834,False
Austria,2024-01-27,weekly_differenced,weekly_differenced_arima_p2_d0_q1,residual_acf,27,-0.1017472546648533,0.102467778201834,False
Austria,2024-01-27,weekly_differenced,weekly_differenced_arima_p2_d0_q1,residual_acf,28,-0.0742379487380944,0.102467778201834,False
Austria,2024-01-27,weekly_differenced,weekly_differenced_arima_p2_d0_q1,residual_acf,29,-0.0627872837397708,0.102467778201834,False
Austria,2024-01-27,weekly_differenced,weekly_differenced_arima_p2_d0_q1,residual_acf,3,-0.0880297447108269,0.102467778201834,False
Austria,2024-01-27,weekly_differenced,weekly_differenced_arima_p2_d0_q1,residual_acf,30,0.0261061296670546,0.102467778201834,False
Austria,2024-01-27,weekly_differenced,weekly_differenced_arima_p2_d0_q1,residual_acf,31,0.0251096975906339,0.102467778201834,False
Austria,2024-01-27,weekly_differenced,weekly_differenced_arima_p2_d0_q1,residual_acf,32,0.0080716815443011,0.102467778201834,False
Austria,2024-01-27,weekly_differenced,weekly_differenced_arima_p2_d0_q1,residual_acf,33,0.0241041741321519,0.102467778201834,False
Austria,2024-01-27,weekly_differenced,weekly_differenced_arima_p2_d0_q1,residual_acf,34,-0.0224556754902638,0.102467778201834,False
Austria,2024-01-27,weekly_differenced,weekly_differenced_arima_p2_d0_q1,residual_acf,35,0.0505927060415683,0.102467778201834,False
Austria,2024-01-27,weekly_differenced,weekly_differenced_arima_p2_d0_q1,residual_acf,36,0.0207803138408924,0.102467778201834,False
Austria,2024-01-27,weekly_differenced,weekly_differenced_arima_p2_d0_q1,residual_acf,37,0.0487487008850091,0.102467778201834,False
Austria,2024-01-27,weekly_differenced,weekly_differenced_arima_p2_d0_q1,residual_acf,38,-0.0610416355176303,0.102467778201834,False
Austria,2024-01-27,weekly_differenced,weekly_differenced_arima_p2_d0_q1,residual_acf,39,-0.0135751583630151,0.102467778201834,False
Austria,2024-01-27,weekly_differenced,weekly_differenced_arima_p2_d0_q1,residual_acf,4,-0.0876992600321806,0.102467778201834,False
Austria,2024-01-27,weekly_differenced,weekly_differenced_arima_p2_d0_q1,residual_acf,40,-0.0829300840357261,0.102467778201834,False
Austria,2024-01-27,weekly_differenced,weekly_differenced_arima_p2_d0_q1,residual_acf,41,0.0718052478783201,0.102467778201834,False
Austria,2024-01-27,weekly_differenced,weekly_differenced_arima_p2_d0_q1,residual_acf,42,0.011859322350412,0.102467778201834,False
Austria,2024-01-27,weekly_differenced,weekly_differenced_arima_p2_d0_q1,residual_acf,43,0.0395679550429276,0.102467778201834,False
Austria,2024-01-27,weekly_differenced,weekly_differenced_arima_p2_d0_q1,residual_acf,44,0.0300085242737461,0.102467778201834,False
Austria,2024-01-27,weekly_differenced,weekly_differenced_arima_p2_d0_q1,residual_acf,45,-0.0205826947922816,0.102467778201834,False
Austria,2024-01-27,weekly_differenced,weekly_differenced_arima_p2_d0_q1,residual_acf,46,0.0530206590114855,0.102467778201834,False
Austria,2024-01-27,weekly_differenced,weekly_differenced_arima_p2_d0_q1,residual_acf,47,0.0230285887948886,0.102467778201834,False
Austria,2024-01-27,weekly_differenced,weekly_differenced_arima_p2_d0_q1,residual_acf,48,0.1911598836115581,0.102467778201834,True
Austria,2024-01-27,weekly_differenced,weekly_differenced_arima_p2_d0_q1,residual_acf,5,-0.0398613692149998,0.102467778201834,False
Austria,2024-01-27,weekly_differenced,weekly_differenced_arima_p2_d0_q1,residual_acf,6,-0.0243396418972426,0.102467778201834,False
Austria,2024-01-27,weekly_differenced,weekly_differenced_arima_p2_d0_q1,residual_acf,7,0.0078630816894958,0.102467778201834,False
Austria,2024-01-27,weekly_differenced,weekly_differenced_arima_p2_d0_q1,residual_acf,8,-0.007549295244135,0.102467778201834,False
Austria,2024-01-27,weekly_differenced,weekly_differenced_arima_p2_d0_q1,residual_acf,9,0.0168735576106939,0.102467778201834,False
Austria,2024-01-27,weekly_differenced,weekly_differenced_arima_p2_d0_q2,ljung_box_pvalue,24,7.161334933815529e-08,0.01,True
Austria,2024-01-27,weekly_differenced,weekly_differenced_arima_p2_d0_q2,ljung_box_pvalue,48,1.8469182499790706e-09,0.01,True
Austria,2024-01-27,weekly_differenced,weekly_differenced_arima_p2_d0_q2,ljung_box_statistic,24,72.4696255406271,0.01,True
Austria,2024-01-27,weekly_differenced,weekly_differenced_arima_p2_d0_q2,ljung_box_statistic,48,123.40555715855878,0.01,True
Austria,2024-01-27,weekly_differenced,weekly_differenced_arima_p2_d0_q2,residual_acf,1,0.0015293668587888,0.102467778201834,False
Austria,2024-01-27,weekly_differenced,weekly_differenced_arima_p2_d0_q2,residual_acf,10,-0.0116301472659255,0.102467778201834,False
Austria,2024-01-27,weekly_differenced,weekly_differenced_arima_p2_d0_q2,residual_acf,11,0.0569239221848197,0.102467778201834,False
Austria,2024-01-27,weekly_differenced,weekly_differenced_arima_p2_d0_q2,residual_acf,12,-0.0185156096086388,0.102467778201834,False
Austria,2024-01-27,weekly_differenced,weekly_differenced_arima_p2_d0_q2,residual_acf,13,0.0521052257721116,0.102467778201834,False
Austria,2024-01-27,weekly_differenced,weekly_differenced_arima_p2_d0_q2,residual_acf,14,-0.0764447313537754,0.102467778201834,False
Austria,2024-01-27,weekly_differenced,weekly_differenced_arima_p2_d0_q2,residual_acf,15,0.0344555232684933,0.102467778201834,False
Austria,2024-01-27,weekly_differenced,weekly_differenced_arima_p2_d0_q2,residual_acf,16,-0.0399164692797954,0.102467778201834,False
Austria,2024-01-27,weekly_differenced,weekly_differenced_arima_p2_d0_q2,residual_acf,17,-0.0411978272647486,0.102467778201834,False
Austria,2024-01-27,weekly_differenced,weekly_differenced_arima_p2_d0_q2,residual_acf,18,0.0109928850220718,0.102467778201834,False
Austria,2024-01-27,weekly_differenced,weekly_differenced_arima_p2_d0_q2,residual_acf,19,-0.025039179777031,0.102467778201834,False
Austria,2024-01-27,weekly_differenced,weekly_differenced_arima_p2_d0_q2,residual_acf,2,0.0065503569715601,0.102467778201834,False
Austria,2024-01-27,weekly_differenced,weekly_differenced_arima_p2_d0_q2,residual_acf,20,0.0212466656824915,0.102467778201834,False
Austria,2024-01-27,weekly_differenced,weekly_differenced_arima_p2_d0_q2,residual_acf,21,0.0056640560474512,0.102467778201834,False
Austria,2024-01-27,weekly_differenced,weekly_differenced_arima_p2_d0_q2,residual_acf,22,0.0029650534331392,0.102467778201834,False
Austria,2024-01-27,weekly_differenced,weekly_differenced_arima_p2_d0_q2,residual_acf,23,0.1101533582274091,0.102467778201834,True
Austria,2024-01-27,weekly_differenced,weekly_differenced_arima_p2_d0_q2,residual_acf,24,0.2662707955360054,0.102467778201834,True
Austria,2024-01-27,weekly_differenced,weekly_differenced_arima_p2_d0_q2,residual_acf,25,0.0586096825052343,0.102467778201834,False
Austria,2024-01-27,weekly_differenced,weekly_differenced_arima_p2_d0_q2,residual_acf,26,-0.0074098645104367,0.102467778201834,False
Austria,2024-01-27,weekly_differenced,weekly_differenced_arima_p2_d0_q2,residual_acf,27,-0.0760885254641505,0.102467778201834,False
Austria,2024-01-27,weekly_differenced,weekly_differenced_arima_p2_d0_q2,residual_acf,28,-0.0696825424153315,0.102467778201834,False
Austria,2024-01-27,weekly_differenced,weekly_differenced_arima_p2_d0_q2,residual_acf,29,-0.0600002891536933,0.102467778201834,False
Austria,2024-01-27,weekly_differenced,weekly_differenced_arima_p2_d0_q2,residual_acf,3,0.0003900338765641,0.102467778201834,False
Austria,2024-01-27,weekly_differenced,weekly_differenced_arima_p2_d0_q2,residual_acf,30,0.0216008839361355,0.102467778201834,False
Austria,2024-01-27,weekly_differenced,weekly_differenced_arima_p2_d0_q2,residual_acf,31,0.0151045251887578,0.102467778201834,False
Austria,2024-01-27,weekly_differenced,weekly_differenced_arima_p2_d0_q2,residual_acf,32,0.0019535964967909,0.102467778201834,False
Austria,2024-01-27,weekly_differenced,weekly_differenced_arima_p2_d0_q2,residual_acf,33,0.0205902346367297,0.102467778201834,False
Austria,2024-01-27,weekly_differenced,weekly_differenced_arima_p2_d0_q2,residual_acf,34,-0.0222339212856353,0.102467778201834,False
Austria,2024-01-27,weekly_differenced,weekly_differenced_arima_p2_d0_q2,residual_acf,35,0.037178903286986,0.102467778201834,False
Austria,2024-01-27,weekly_differenced,weekly_differenced_arima_p2_d0_q2,residual_acf,36,0.0231882015596924,0.102467778201834,False
Austria,2024-01-27,weekly_differenced,weekly_differenced_arima_p2_d0_q2,residual_acf,37,0.0352589197609073,0.102467778201834,False
Austria,2024-01-27,weekly_differenced,weekly_differenced_arima_p2_d0_q2,residual_acf,38,-0.0508073290974961,0.102467778201834,False
Austria,2024-01-27,weekly_differenced,weekly_differenced_arima_p2_d0_q2,residual_acf,39,-0.0192928248840364,0.102467778201834,False
Austria,2024-01-27,weekly_differenced,weekly_differenced_arima_p2_d0_q2,residual_acf,4,-0.0879276837865053,0.102467778201834,False
Austria,2024-01-27,weekly_differenced,weekly_differenced_arima_p2_d0_q2,residual_acf,40,-0.0765657608877388,0.102467778201834,False
Austria,2024-01-27,weekly_differenced,weekly_differenced_arima_p2_d0_q2,residual_acf,41,0.0673053861622011,0.102467778201834,False
Austria,2024-01-27,weekly_differenced,weekly_differenced_arima_p2_d0_q2,residual_acf,42,0.0096705830742759,0.102467778201834,False
Austria,2024-01-27,weekly_differenced,weekly_differenced_arima_p2_d0_q2,residual_acf,43,0.0333225766374659,0.102467778201834,False
Austria,2024-01-27,weekly_differenced,weekly_differenced_arima_p2_d0_q2,residual_acf,44,0.033162343331191,0.102467778201834,False
Austria,2024-01-27,weekly_differenced,weekly_differenced_arima_p2_d0_q2,residual_acf,45,-0.00660185580566,0.102467778201834,False
Austria,2024-01-27,weekly_differenced,weekly_differenced_arima_p2_d0_q2,residual_acf,46,0.0508423362027938,0.102467778201834,False
Austria,2024-01-27,weekly_differenced,weekly_differenced_arima_p2_d0_q2,residual_acf,47,0.0157063187104313,0.102467778201834,False
Austria,2024-01-27,weekly_differenced,weekly_differenced_arima_p2_d0_q2,residual_acf,48,0.18472149955127,0.102467778201834,True
Austria,2024-01-27,weekly_differenced,weekly_differenced_arima_p2_d0_q2,residual_acf,5,-0.0337157132918223,0.102467778201834,False
Austria,2024-01-27,weekly_differenced,weekly_differenced_arima_p2_d0_q2,residual_acf,6,-0.0219996145218808,0.102467778201834,False
Austria,2024-01-27,weekly_differenced,weekly_differenced_arima_p2_d0_q2,residual_acf,7,-0.0037307002659801,0.102467778201834,False
Austria,2024-01-27,weekly_differenced,weekly_differenced_arima_p2_d0_q2,residual_acf,8,-0.009937294543765,0.102467778201834,False
Austria,2024-01-27,weekly_differenced,weekly_differenced_arima_p2_d0_q2,residual_acf,9,0.0057048698376816,0.102467778201834,False
Austria,2024-01-27,weekly_differenced,weekly_differenced_arima_p3_d0_q1,ljung_box_pvalue,24,1.770435081562086e-06,0.01,True
Austria,2024-01-27,weekly_differenced,weekly_differenced_arima_p3_d0_q1,ljung_box_pvalue,48,4.0601655526745234e-08,0.01,True
Austria,2024-01-27,weekly_differenced,weekly_differenced_arima_p3_d0_q1,ljung_box_statistic,24,63.86055451137582,0.01,True
Austria,2024-01-27,weekly_differenced,weekly_differenced_arima_p3_d0_q1,ljung_box_statistic,48,113.96277109498718,0.01,True
Austria,2024-01-27,weekly_differenced,weekly_differenced_arima_p3_d0_q1,residual_acf,1,-0.0038677526910179,0.102467778201834,False
Austria,2024-01-27,weekly_differenced,weekly_differenced_arima_p3_d0_q1,residual_acf,10,-0.0432969210574607,0.102467778201834,False
Austria,2024-01-27,weekly_differenced,weekly_differenced_arima_p3_d0_q1,residual_acf,11,0.03427462126749,0.102467778201834,False
Austria,2024-01-27,weekly_differenced,weekly_differenced_arima_p3_d0_q1,residual_acf,12,-0.0445271810316883,0.102467778201834,False
Austria,2024-01-27,weekly_differenced,weekly_differenced_arima_p3_d0_q1,residual_acf,13,0.0303202062646658,0.102467778201834,False
Austria,2024-01-27,weekly_differenced,weekly_differenced_arima_p3_d0_q1,residual_acf,14,-0.0960484195715376,0.102467778201834,False
Austria,2024-01-27,weekly_differenced,weekly_differenced_arima_p3_d0_q1,residual_acf,15,0.0204921498472227,0.102467778201834,False
Austria,2024-01-27,weekly_differenced,weekly_differenced_arima_p3_d0_q1,residual_acf,16,-0.0516789281810749,0.102467778201834,False
Austria,2024-01-27,weekly_differenced,weekly_differenced_arima_p3_d0_q1,residual_acf,17,-0.044965976058186,0.102467778201834,False
Austria,2024-01-27,weekly_differenced,weekly_differenced_arima_p3_d0_q1,residual_acf,18,0.0095574144787161,0.102467778201834,False
Austria,2024-01-27,weekly_differenced,weekly_differenced_arima_p3_d0_q1,residual_acf,19,-0.0092520484096552,0.102467778201834,False
Austria,2024-01-27,weekly_differenced,weekly_differenced_arima_p3_d0_q1,residual_acf,2,-0.0007536433766152,0.102467778201834,False
Austria,2024-01-27,weekly_differenced,weekly_differenced_arima_p3_d0_q1,residual_acf,20,0.0357327054066028,0.102467778201834,False
Austria,2024-01-27,weekly_differenced,weekly_differenced_arima_p3_d0_q1,residual_acf,21,-0.0063489681371066,0.102467778201834,False
Austria,2024-01-27,weekly_differenced,weekly_differenced_arima_p3_d0_q1,residual_acf,22,-0.0158624304784237,0.102467778201834,False
Austria,2024-01-27,weekly_differenced,weekly_differenced_arima_p3_d0_q1,residual_acf,23,0.0906866064953139,0.102467778201834,False
Austria,2024-01-27,weekly_differenced,weekly_differenced_arima_p3_d0_q1,residual_acf,24,0.2555856801559462,0.102467778201834,True
Austria,2024-01-27,weekly_differenced,weekly_differenced_arima_p3_d0_q1,residual_acf,25,0.0500886330148,0.102467778201834,False
Austria,2024-01-27,weekly_differenced,weekly_differenced_arima_p3_d0_q1,residual_acf,26,-0.0127477522913962,0.102467778201834,False
Austria,2024-01-27,weekly_differenced,weekly_differenced_arima_p3_d0_q1,residual_acf,27,-0.0755831801110047,0.102467778201834,False
Austria,2024-01-27,weekly_differenced,weekly_differenced_arima_p3_d0_q1,residual_acf,28,-0.050890201351693,0.102467778201834,False
Austria,2024-01-27,weekly_differenced,weekly_differenced_arima_p3_d0_q1,residual_acf,29,-0.047586020275699,0.102467778201834,False
Austria,2024-01-27,weekly_differenced,weekly_differenced_arima_p3_d0_q1,residual_acf,3,-0.0021233641433936,0.102467778201834,False
Austria,2024-01-27,weekly_differenced,weekly_differenced_arima_p3_d0_q1,residual_acf,30,0.0220382254355573,0.102467778201834,False
Austria,2024-01-27,weekly_differenced,weekly_differenced_arima_p3_d0_q1,residual_acf,31,0.0052122780033167,0.102467778201834,False
Austria,2024-01-27,weekly_differenced,weekly_differenced_arima_p3_d0_q1,residual_acf,32,-0.0175213590315458,0.102467778201834,False
Austria,2024-01-27,weekly_differenced,weekly_differenced_arima_p3_d0_q1,residual_acf,33,-0.0039965059924169,0.102467778201834,False
Austria,2024-01-27,weekly_differenced,weekly_differenced_arima_p3_d0_q1,residual_acf,34,-0.0479010659496096,0.102467778201834,False
Austria,2024-01-27,weekly_differenced,weekly_differenced_arima_p3_d0_q1,residual_acf,35,0.0216288769704843,0.102467778201834,False
Austria,2024-01-27,weekly_differenced,weekly_differenced_arima_p3_d0_q1,residual_acf,36,0.0109131218653129,0.102467778201834,False
Austria,2024-01-27,weekly_differenced,weekly_differenced_arima_p3_d0_q1,residual_acf,37,0.0336112983095378,0.102467778201834,False
Austria,2024-01-27,weekly_differenced,weekly_differenced_arima_p3_d0_q1,residual_acf,38,-0.0603354078678304,0.102467778201834,False
Austria,2024-01-27,weekly_differenced,weekly_differenced_arima_p3_d0_q1,residual_acf,39,-0.0230492661525777,0.102467778201834,False
Austria,2024-01-27,weekly_differenced,weekly_differenced_arima_p3_d0_q1,residual_acf,4,-0.0112373064473629,0.102467778201834,False
Austria,2024-01-27,weekly_differenced,weekly_differenced_arima_p3_d0_q1,residual_acf,40,-0.0794543223283072,0.102467778201834,False
Austria,2024-01-27,weekly_differenced,weekly_differenced_arima_p3_d0_q1,residual_acf,41,0.070352852808452,0.102467778201834,False
Austria,2024-01-27,weekly_differenced,weekly_differenced_arima_p3_d0_q1,residual_acf,42,0.0133838221765878,0.102467778201834,False
Austria,2024-01-27,weekly_differenced,weekly_differenced_arima_p3_d0_q1,residual_acf,43,0.037921557984262,0.102467778201834,False
Austria,2024-01-27,weekly_differenced,weekly_differenced_arima_p3_d0_q1,residual_acf,44,0.040175325470758,0.102467778201834,False
Austria,2024-01-27,weekly_differenced,weekly_differenced_arima_p3_d0_q1,residual_acf,45,-0.0054881836917956,0.102467778201834,False
Austria,2024-01-27,weekly_differenced,weekly_differenced_arima_p3_d0_q1,residual_acf,46,0.0446003777685849,0.102467778201834,False
Austria,2024-01-27,weekly_differenced,weekly_differenced_arima_p3_d0_q1,residual_acf,47,0.0134257975955036,0.102467778201834,False
Austria,2024-01-27,weekly_differenced,weekly_differenced_arima_p3_d0_q1,residual_acf,48,0.1867786912823323,0.102467778201834,True
Austria,2024-01-27,weekly_differenced,weekly_differenced_arima_p3_d0_q1,residual_acf,5,0.0140878386757621,0.102467778201834,False
Austria,2024-01-27,weekly_differenced,weekly_differenced_arima_p3_d0_q1,residual_acf,6,-0.0050486934021644,0.102467778201834,False
Austria,2024-01-27,weekly_differenced,weekly_differenced_arima_p3_d0_q1,residual_acf,7,-0.0037026338091873,0.102467778201834,False
Austria,2024-01-27,weekly_differenced,weekly_differenced_arima_p3_d0_q1,residual_acf,8,-0.0307202156556006,0.102467778201834,False
Austria,2024-01-27,weekly_differenced,weekly_differenced_arima_p3_d0_q1,residual_acf,9,-0.0198811950692112,0.102467778201834,False
Austria,2024-02-15,weekly_differenced,weekly_differenced_arima_p1_d0_q1,ljung_box_pvalue,24,1.0993695215627832e-57,0.01,True
Austria,2024-02-15,weekly_differenced,weekly_differenced_arima_p1_d0_q1,ljung_box_pvalue,48,1.762794471817486e-67,0.01,True
Austria,2024-02-15,weekly_differenced,weekly_differenced_arima_p1_d0_q1,ljung_box_statistic,24,334.6155688026336,0.01,True
Austria,2024-02-15,weekly_differenced,weekly_differenced_arima_p1_d0_q1,ljung_box_statistic,48,448.8736585611014,0.01,True
Austria,2024-02-15,weekly_differenced,weekly_differenced_arima_p1_d0_q1,residual_acf,1,0.1886501323396047,0.0780964712616992,True
Austria,2024-02-15,weekly_differenced,weekly_differenced_arima_p1_d0_q1,residual_acf,10,-0.000815710193292,0.0780964712616992,False
Austria,2024-02-15,weekly_differenced,weekly_differenced_arima_p1_d0_q1,residual_acf,11,-0.0028159434585748,0.0780964712616992,False
Austria,2024-02-15,weekly_differenced,weekly_differenced_arima_p1_d0_q1,residual_acf,12,0.0142947719228633,0.0780964712616992,False
Austria,2024-02-15,weekly_differenced,weekly_differenced_arima_p1_d0_q1,residual_acf,13,-0.0280229091072515,0.0780964712616992,False
Austria,2024-02-15,weekly_differenced,weekly_differenced_arima_p1_d0_q1,residual_acf,14,-0.0243929153565953,0.0780964712616992,False
Austria,2024-02-15,weekly_differenced,weekly_differenced_arima_p1_d0_q1,residual_acf,15,-0.046005869538785,0.0780964712616992,False
Austria,2024-02-15,weekly_differenced,weekly_differenced_arima_p1_d0_q1,residual_acf,16,-0.0626009926445229,0.0780964712616992,False
Austria,2024-02-15,weekly_differenced,weekly_differenced_arima_p1_d0_q1,residual_acf,17,-0.0840892973139049,0.0780964712616992,True
Austria,2024-02-15,weekly_differenced,weekly_differenced_arima_p1_d0_q1,residual_acf,18,-0.0457359099761244,0.0780964712616992,False
Austria,2024-02-15,weekly_differenced,weekly_differenced_arima_p1_d0_q1,residual_acf,19,-0.0514803404426449,0.0780964712616992,False
Austria,2024-02-15,weekly_differenced,weekly_differenced_arima_p1_d0_q1,residual_acf,2,0.2668568640823673,0.0780964712616992,True
Austria,2024-02-15,weekly_differenced,weekly_differenced_arima_p1_d0_q1,residual_acf,20,0.0126672435559866,0.0780964712616992,False
Austria,2024-02-15,weekly_differenced,weekly_differenced_arima_p1_d0_q1,residual_acf,21,0.0169997986190544,0.0780964712616992,False
Austria,2024-02-15,weekly_differenced,weekly_differenced_arima_p1_d0_q1,residual_acf,22,0.0742003023658856,0.0780964712616992,False
Austria,2024-02-15,weekly_differenced,weekly_differenced_arima_p1_d0_q1,residual_acf,23,0.1738301054442722,0.0780964712616992,True
Austria,2024-02-15,weekly_differenced,weekly_differenced_arima_p1_d0_q1,residual_acf,24,0.2685644485440258,0.0780964712616992,True
Austria,2024-02-15,weekly_differenced,weekly_differenced_arima_p1_d0_q1,residual_acf,25,0.0794354772952318,0.0780964712616992,True
Austria,2024-02-15,weekly_differenced,weekly_differenced_arima_p1_d0_q1,residual_acf,26,0.0501847677079497,0.0780964712616992,False
Austria,2024-02-15,weekly_differenced,weekly_differenced_arima_p1_d0_q1,residual_acf,27,-0.0890546725653011,0.0780964712616992,True
Austria,2024-02-15,weekly_differenced,weekly_differenced_arima_p1_d0_q1,residual_acf,28,-0.0993602167305327,0.0780964712616992,True
Austria,2024-02-15,weekly_differenced,weekly_differenced_arima_p1_d0_q1,residual_acf,29,-0.0965032005330612,0.0780964712616992,True
Austria,2024-02-15,weekly_differenced,weekly_differenced_arima_p1_d0_q1,residual_acf,3,-0.0872978762476002,0.0780964712616992,True
Austria,2024-02-15,weekly_differenced,weekly_differenced_arima_p1_d0_q1,residual_acf,30,-0.0289011720178233,0.0780964712616992,False
Austria,2024-02-15,weekly_differenced,weekly_differenced_arima_p1_d0_q1,residual_acf,31,-0.0436859431658358,0.0780964712616992,False
Austria,2024-02-15,weekly_differenced,weekly_differenced_arima_p1_d0_q1,residual_acf,32,0.0020477299532757,0.0780964712616992,False
Austria,2024-02-15,weekly_differenced,weekly_differenced_arima_p1_d0_q1,residual_acf,33,-0.0088183430644459,0.0780964712616992,False
Austria,2024-02-15,weekly_differenced,weekly_differenced_arima_p1_d0_q1,residual_acf,34,-0.0122136820710718,0.0780964712616992,False
Austria,2024-02-15,weekly_differenced,weekly_differenced_arima_p1_d0_q1,residual_acf,35,0.0259121474417965,0.0780964712616992,False
Austria,2024-02-15,weekly_differenced,weekly_differenced_arima_p1_d0_q1,residual_acf,36,-0.003368426058945,0.0780964712616992,False
Austria,2024-02-15,weekly_differenced,weekly_differenced_arima_p1_d0_q1,residual_acf,37,0.0099194385457922,0.0780964712616992,False
Austria,2024-02-15,weekly_differenced,weekly_differenced_arima_p1_d0_q1,residual_acf,38,-0.051959967473802,0.0780964712616992,False
Austria,2024-02-15,weekly_differenced,weekly_differenced_arima_p1_d0_q1,residual_acf,39,-0.0327818636730824,0.0780964712616992,False
Austria,2024-02-15,weekly_differenced,weekly_differenced_arima_p1_d0_q1,residual_acf,4,-0.0807497740996647,0.0780964712616992,True
Austria,2024-02-15,weekly_differenced,weekly_differenced_arima_p1_d0_q1,residual_acf,40,-0.0419262997937238,0.0780964712616992,False
Austria,2024-02-15,weekly_differenced,weekly_differenced_arima_p1_d0_q1,residual_acf,41,-0.0170270914155205,0.0780964712616992,False
Austria,2024-02-15,weekly_differenced,weekly_differenced_arima_p1_d0_q1,residual_acf,42,-0.0031233705704672,0.0780964712616992,False
Austria,2024-02-15,weekly_differenced,weekly_differenced_arima_p1_d0_q1,residual_acf,43,0.0365407418316201,0.0780964712616992,False
Austria,2024-02-15,weekly_differenced,weekly_differenced_arima_p1_d0_q1,residual_acf,44,0.0350163619477885,0.0780964712616992,False
Austria,2024-02-15,weekly_differenced,weekly_differenced_arima_p1_d0_q1,residual_acf,45,0.0216944680057884,0.0780964712616992,False
Austria,2024-02-15,weekly_differenced,weekly_differenced_arima_p1_d0_q1,residual_acf,46,0.1251232980433325,0.0780964712616992,True
Austria,2024-02-15,weekly_differenced,weekly_differenced_arima_p1_d0_q1,residual_acf,47,0.0534453792475921,0.0780964712616992,False
Austria,2024-02-15,weekly_differenced,weekly_differenced_arima_p1_d0_q1,residual_acf,48,0.1843220065894437,0.0780964712616992,True
Austria,2024-02-15,weekly_differenced,weekly_differenced_arima_p1_d0_q1,residual_acf,5,-0.1915300797942685,0.0780964712616992,True
Austria,2024-02-15,weekly_differenced,weekly_differenced_arima_p1_d0_q1,residual_acf,6,-0.0640248105621715,0.0780964712616992,False
Austria,2024-02-15,weekly_differenced,weekly_differenced_arima_p1_d0_q1,residual_acf,7,-0.1154326053016903,0.0780964712616992,True
Austria,2024-02-15,weekly_differenced,weekly_differenced_arima_p1_d0_q1,residual_acf,8,-0.0186545053649703,0.0780964712616992,False
Austria,2024-02-15,weekly_differenced,weekly_differenced_arima_p1_d0_q1,residual_acf,9,-0.025460525705321,0.0780964712616992,False
Austria,2024-02-15,weekly_differenced,weekly_differenced_arima_p2_d0_q0,ljung_box_pvalue,24,2.3846425654634098e-30,0.01,True
Austria,2024-02-15,weekly_differenced,weekly_differenced_arima_p2_d0_q0,ljung_box_pvalue,48,3.3861611716760837e-35,0.01,True
Austria,2024-02-15,weekly_differenced,weekly_differenced_arima_p2_d0_q0,ljung_box_statistic,24,198.35668526840564,0.01,True
Austria,2024-02-15,weekly_differenced,weekly_differenced_arima_p2_d0_q0,ljung_box_statistic,48,279.49087390681905,0.01,True
Austria,2024-02-15,weekly_differenced,weekly_differenced_arima_p2_d0_q0,residual_acf,1,0.1321158678439713,0.0780964712616992,True
Austria,2024-02-15,weekly_differenced,weekly_differenced_arima_p2_d0_q0,residual_acf,10,0.0218739710875388,0.0780964712616992,False
Austria,2024-02-15,weekly_differenced,weekly_differenced_arima_p2_d0_q0,residual_acf,11,0.036375605072917,0.0780964712616992,False
Austria,2024-02-15,weekly_differenced,weekly_differenced_arima_p2_d0_q0,residual_acf,12,0.0486816040992176,0.0780964712616992,False
Austria,2024-02-15,weekly_differenced,weekly_differenced_arima_p2_d0_q0,residual_acf,13,0.0057046424236437,0.0780964712616992,False
Austria,2024-02-15,weekly_differenced,weekly_differenced_arima_p2_d0_q0,residual_acf,14,0.013810355472471,0.0780964712616992,False
Austria,2024-02-15,weekly_differenced,weekly_differenced_arima_p2_d0_q0,residual_acf,15,0.0134038951471644,0.0780964712616992,False
Austria,2024-02-15,weekly_differenced,weekly_differenced_arima_p2_d0_q0,residual_acf,16,-0.020950939247998,0.0780964712616992,False
Austria,2024-02-15,weekly_differenced,weekly_differenced_arima_p2_d0_q0,residual_acf,17,-0.0373707540779329,0.0780964712616992,False
Austria,2024-02-15,weekly_differenced,weekly_differenced_arima_p2_d0_q0,residual_acf,18,-0.0073426483849855,0.0780964712616992,False
Austria,2024-02-15,weekly_differenced,weekly_differenced_arima_p2_d0_q0,residual_acf,19,-0.0145766317007712,0.0780964712616992,False
Austria,2024-02-15,weekly_differenced,weekly_differenced_arima_p2_d0_q0,residual_acf,2,-0.0318025261233211,0.0780964712616992,False
Austria,2024-02-15,weekly_differenced,weekly_differenced_arima_p2_d0_q0,residual_acf,20,0.0248997873015308,0.0780964712616992,False
Austria,2024-02-15,weekly_differenced,weekly_differenced_arima_p2_d0_q0,residual_acf,21,-0.0167956028656833,0.0780964712616992,False
Austria,2024-02-15,weekly_differenced,weekly_differenced_arima_p2_d0_q0,residual_acf,22,-0.0187500372324108,0.0780964712616992,False
Austria,2024-02-15,weekly_differenced,weekly_differenced_arima_p2_d0_q0,residual_acf,23,0.1690000524308421,0.0780964712616992,True
Austria,2024-02-15,weekly_differenced,weekly_differenced_arima_p2_d0_q0,residual_acf,24,0.2795726915225527,0.0780964712616992,True
Austria,2024-02-15,weekly_differenced,weekly_differenced_arima_p2_d0_q0,residual_acf,25,0.0600637786041251,0.0780964712616992,False
Austria,2024-02-15,weekly_differenced,weekly_differenced_arima_p2_d0_q0,residual_acf,26,0.0111315086225827,0.0780964712616992,False
Austria,2024-02-15,weekly_differenced,weekly_differenced_arima_p2_d0_q0,residual_acf,27,-0.0803936100183969,0.0780964712616992,True
Austria,2024-02-15,weekly_differenced,weekly_differenced_arima_p2_d0_q0,residual_acf,28,-0.1006751287465758,0.0780964712616992,True
Austria,2024-02-15,weekly_differenced,weekly_differenced_arima_p2_d0_q0,residual_acf,29,-0.038009536645333,0.0780964712616992,False
Austria,2024-02-15,weekly_differenced,weekly_differenced_arima_p2_d0_q0,residual_acf,3,-0.0940656528605758,0.0780964712616992,True
Austria,2024-02-15,weekly_differenced,weekly_differenced_arima_p2_d0_q0,residual_acf,30,0.0300964651431551,0.0780964712616992,False
Austria,2024-02-15,weekly_differenced,weekly_differenced_arima_p2_d0_q0,residual_acf,31,0.0083276859335869,0.0780964712616992,False
Austria,2024-02-15,weekly_differenced,weekly_differenced_arima_p2_d0_q0,residual_acf,32,0.0388401787557626,0.0780964712616992,False
Austria,2024-02-15,weekly_differenced,weekly_differenced_arima_p2_d0_q0,residual_acf,33,0.0133678880749526,0.0780964712616992,False
Austria,2024-02-15,weekly_differenced,weekly_differenced_arima_p2_d0_q0,residual_acf,34,0.0004534612788124,0.0780964712616992,False
Austria,2024-02-15,weekly_differenced,weekly_differenced_arima_p2_d0_q0,residual_acf,35,0.0467836113487268,0.0780964712616992,False
Austria,2024-02-15,weekly_differenced,weekly_differenced_arima_p2_d0_q0,residual_acf,36,0.0364009441600906,0.0780964712616992,False
Austria,2024-02-15,weekly_differenced,weekly_differenced_arima_p2_d0_q0,residual_acf,37,0.0340043616085213,0.0780964712616992,False
Austria,2024-02-15,weekly_differenced,weekly_differenced_arima_p2_d0_q0,residual_acf,38,-0.0277410078584969,0.0780964712616992,False
Austria,2024-02-15,weekly_differenced,weekly_differenced_arima_p2_d0_q0,residual_acf,39,-0.015506629990826,0.0780964712616992,False
Austria,2024-02-15,weekly_differenced,weekly_differenced_arima_p2_d0_q0,residual_acf,4,-0.14033814430986,0.0780964712616992,True
Austria,2024-02-15,weekly_differenced,weekly_differenced_arima_p2_d0_q0,residual_acf,40,-0.0091219340575456,0.0780964712616992,False
Austria,2024-02-15,weekly_differenced,weekly_differenced_arima_p2_d0_q0,residual_acf,41,-0.004040065313443,0.0780964712616992,False
Austria,2024-02-15,weekly_differenced,weekly_differenced_arima_p2_d0_q0,residual_acf,42,0.0145241438762181,0.0780964712616992,False
Austria,2024-02-15,weekly_differenced,weekly_differenced_arima_p2_d0_q0,residual_acf,43,0.0569601146020708,0.0780964712616992,False
Austria,2024-02-15,weekly_differenced,weekly_differenced_arima_p2_d0_q0,residual_acf,44,0.005077697080882,0.0780964712616992,False
Austria,2024-02-15,weekly_differenced,weekly_differenced_arima_p2_d0_q0,residual_acf,45,-0.0042341062049154,0.0780964712616992,False
Austria,2024-02-15,weekly_differenced,weekly_differenced_arima_p2_d0_q0,residual_acf,46,0.0736421156481863,0.0780964712616992,False
Austria,2024-02-15,weekly_differenced,weekly_differenced_arima_p2_d0_q0,residual_acf,47,0.027807225556557,0.0780964712616992,False
Austria,2024-02-15,weekly_differenced,weekly_differenced_arima_p2_d0_q0,residual_acf,48,0.178321494498427,0.0780964712616992,True
Austria,2024-02-15,weekly_differenced,weekly_differenced_arima_p2_d0_q0,residual_acf,5,-0.1194858506158431,0.0780964712616992,True
Austria,2024-02-15,weekly_differenced,weekly_differenced_arima_p2_d0_q0,residual_acf,6,0.0041722195418398,0.0780964712616992,False
Austria,2024-02-15,weekly_differenced,weekly_differenced_arima_p2_d0_q0,residual_acf,7,-0.0257566652975257,0.0780964712616992,False
Austria,2024-02-15,weekly_differenced,weekly_differenced_arima_p2_d0_q0,residual_acf,8,0.0334525894168455,0.0780964712616992,False
Austria,2024-02-15,weekly_differenced,weekly_differenced_arima_p2_d0_q0,residual_acf,9,0.0393288613318564,0.0780964712616992,False
Austria,2024-02-15,weekly_differenced,weekly_differenced_arima_p2_d0_q1,ljung_box_pvalue,24,2.018731007867803e-19,0.01,True
Austria,2024-02-15,weekly_differenced,weekly_differenced_arima_p2_d0_q1,ljung_box_pvalue,48,4.173318662493117e-23,0.01,True
Austria,2024-02-15,weekly_differenced,weekly_differenced_arima_p2_d0_q1,ljung_box_statistic,24,139.0995182078422,0.01,True
Austria,2024-02-15,weekly_differenced,weekly_differenced_arima_p2_d0_q1,ljung_box_statistic,48,209.7417853945312,0.01,True
Austria,2024-02-15,weekly_differenced,weekly_differenced_arima_p2_d0_q1,residual_acf,1,0.0141249308784804,0.0780964712616992,False
Austria,2024-02-15,weekly_differenced,weekly_differenced_arima_p2_d0_q1,residual_acf,10,0.0102567670581198,0.0780964712616992,False
Austria,2024-02-15,weekly_differenced,weekly_differenced_arima_p2_d0_q1,residual_acf,11,0.0228676461431295,0.0780964712616992,False
Austria,2024-02-15,weekly_differenced,weekly_differenced_arima_p2_d0_q1,residual_acf,12,0.0395863080483591,0.0780964712616992,False
Austria,2024-02-15,weekly_differenced,weekly_differenced_arima_p2_d0_q1,residual_acf,13,-0.0069040290784335,0.0780964712616992,False
Austria,2024-02-15,weekly_differenced,weekly_differenced_arima_p2_d0_q1,residual_acf,14,0.0059344593263141,0.0780964712616992,False
Austria,2024-02-15,weekly_differenced,weekly_differenced_arima_p2_d0_q1,residual_acf,15,0.0039010469404469,0.0780964712616992,False
Austria,2024-02-15,weekly_differenced,weekly_differenced_arima_p2_d0_q1,residual_acf,16,-0.0253830153325144,0.0780964712616992,False
Austria,2024-02-15,weekly_differenced,weekly_differenced_arima_p2_d0_q1,residual_acf,17,-0.0423296792841146,0.0780964712616992,False
Austria,2024-02-15,weekly_differenced,weekly_differenced_arima_p2_d0_q1,residual_acf,18,-0.005760552811368,0.0780964712616992,False
Austria,2024-02-15,weekly_differenced,weekly_differenced_arima_p2_d0_q1,residual_acf,19,-0.0241010814106348,0.0780964712616992,False
Austria,2024-02-15,weekly_differenced,weekly_differenced_arima_p2_d0_q1,residual_acf,2,0.0512988743620186,0.0780964712616992,False
Austria,2024-02-15,weekly_differenced,weekly_differenced_arima_p2_d0_q1,residual_acf,20,0.0300842132363394,0.0780964712616992,False
Austria,2024-02-15,weekly_differenced,weekly_differenced_arima_p2_d0_q1,residual_acf,21,-0.0014897294370658,0.0780964712616992,False
Austria,2024-02-15,weekly_differenced,weekly_differenced_arima_p2_d0_q1,residual_acf,22,-0.0111820018238681,0.0780964712616992,False
Austria,2024-02-15,weekly_differenced,weekly_differenced_arima_p2_d0_q1,residual_acf,23,0.1431013821482986,0.0780964712616992,True
Austria,2024-02-15,weekly_differenced,weekly_differenced_arima_p2_d0_q1,residual_acf,24,0.2558142989285553,0.0780964712616992,True
Austria,2024-02-15,weekly_differenced,weekly_differenced_arima_p2_d0_q1,residual_acf,25,0.0288620738820472,0.0780964712616992,False
Austria,2024-02-15,weekly_differenced,weekly_differenced_arima_p2_d0_q1,residual_acf,26,0.0311829943975375,0.0780964712616992,False
Austria,2024-02-15,weekly_differenced,weekly_differenced_arima_p2_d0_q1,residual_acf,27,-0.0667902517375593,0.0780964712616992,False
Austria,2024-02-15,weekly_differenced,weekly_differenced_arima_p2_d0_q1,residual_acf,28,-0.0835364279215358,0.0780964712616992,True
Austria,2024-02-15,weekly_differenced,weekly_differenced_arima_p2_d0_q1,residual_acf,29,-0.0401621850526839,0.0780964712616992,False
Austria,2024-02-15,weekly_differenced,weekly_differenced_arima_p2_d0_q1,residual_acf,3,-0.0560592792750705,0.0780964712616992,False
Austria,2024-02-15,weekly_differenced,weekly_differenced_arima_p2_d0_q1,residual_acf,30,0.022689506932334,0.0780964712616992,False
Austria,2024-02-15,weekly_differenced,weekly_differenced_arima_p2_d0_q1,residual_acf,31,-0.0118723003407506,0.0780964712616992,False
Austria,2024-02-15,weekly_differenced,weekly_differenced_arima_p2_d0_q1,residual_acf,32,0.0320225968339669,0.0780964712616992,False
Austria,2024-02-15,weekly_differenced,weekly_differenced_arima_p2_d0_q1,residual_acf,33,0.0066936785429481,0.0780964712616992,False
Austria,2024-02-15,weekly_differenced,weekly_differenced_arima_p2_d0_q1,residual_acf,34,-0.0069491594924427,0.0780964712616992,False
Austria,2024-02-15,weekly_differenced,weekly_differenced_arima_p2_d0_q1,residual_acf,35,0.0419495915658503,0.0780964712616992,False
Austria,2024-02-15,weekly_differenced,weekly_differenced_arima_p2_d0_q1,residual_acf,36,0.0179154109143065,0.0780964712616992,False
Austria,2024-02-15,weekly_differenced,weekly_differenced_arima_p2_d0_q1,residual_acf,37,0.0317956784306542,0.0780964712616992,False
Austria,2024-02-15,weekly_differenced,weekly_differenced_arima_p2_d0_q1,residual_acf,38,-0.0336197973109859,0.0780964712616992,False
Austria,2024-02-15,weekly_differenced,weekly_differenced_arima_p2_d0_q1,residual_acf,39,-0.0117234462562787,0.0780964712616992,False
Austria,2024-02-15,weekly_differenced,weekly_differenced_arima_p2_d0_q1,residual_acf,4,-0.1028843118945832,0.0780964712616992,True
Austria,2024-02-15,weekly_differenced,weekly_differenced_arima_p2_d0_q1,residual_acf,40,-0.0115491357059784,0.0780964712616992,False
Austria,2024-02-15,weekly_differenced,weekly_differenced_arima_p2_d0_q1,residual_acf,41,-0.0041008691919897,0.0780964712616992,False
Austria,2024-02-15,weekly_differenced,weekly_differenced_arima_p2_d0_q1,residual_acf,42,0.0050207805855963,0.0780964712616992,False
Austria,2024-02-15,weekly_differenced,weekly_differenced_arima_p2_d0_q1,residual_acf,43,0.0556877460376498,0.0780964712616992,False
Austria,2024-02-15,weekly_differenced,weekly_differenced_arima_p2_d0_q1,residual_acf,44,0.0085884391882286,0.0780964712616992,False
Austria,2024-02-15,weekly_differenced,weekly_differenced_arima_p2_d0_q1,residual_acf,45,-0.004174940372465,0.0780964712616992,False
Austria,2024-02-15,weekly_differenced,weekly_differenced_arima_p2_d0_q1,residual_acf,46,0.0925273543694271,0.0780964712616992,True
Austria,2024-02-15,weekly_differenced,weekly_differenced_arima_p2_d0_q1,residual_acf,47,0.0023779409886026,0.0780964712616992,False
Austria,2024-02-15,weekly_differenced,weekly_differenced_arima_p2_d0_q1,residual_acf,48,0.1715219766408798,0.0780964712616992,True
Austria,2024-02-15,weekly_differenced,weekly_differenced_arima_p2_d0_q1,residual_acf,5,-0.1140606228932652,0.0780964712616992,True
Austria,2024-02-15,weekly_differenced,weekly_differenced_arima_p2_d0_q1,residual_acf,6,0.0084139848628996,0.0780964712616992,False
Austria,2024-02-15,weekly_differenced,weekly_differenced_arima_p2_d0_q1,residual_acf,7,-0.0501856280199451,0.0780964712616992,False
Austria,2024-02-15,weekly_differenced,weekly_differenced_arima_p2_d0_q1,residual_acf,8,0.0228368508821959,0.0780964712616992,False
Austria,2024-02-15,weekly_differenced,weekly_differenced_arima_p2_d0_q1,residual_acf,9,0.0221459019760324,0.0780964712616992,False
Austria,2024-02-15,weekly_differenced,weekly_differenced_arima_p2_d0_q2,ljung_box_pvalue,24,2.7065236040712425e-18,0.01,True
Austria,2024-02-15,weekly_differenced,weekly_differenced_arima_p2_d0_q2,ljung_box_pvalue,48,3.6134268371007435e-21,0.01,True
Austria,2024-02-15,weekly_differenced,weekly_differenced_arima_p2_d0_q2,ljung_box_statistic,24,130.84411924327432,0.01,True
Austria,2024-02-15,weekly_differenced,weekly_differenced_arima_p2_d0_q2,ljung_box_statistic,48,196.53644460442248,0.01,True
Austria,2024-02-15,weekly_differenced,weekly_differenced_arima_p2_d0_q2,residual_acf,1,0.0058319932765565,0.0780964712616992,False
Austria,2024-02-15,weekly_differenced,weekly_differenced_arima_p2_d0_q2,residual_acf,10,0.0005410233729707,0.0780964712616992,False
Austria,2024-02-15,weekly_differenced,weekly_differenced_arima_p2_d0_q2,residual_acf,11,0.0200219893684428,0.0780964712616992,False
Austria,2024-02-15,weekly_differenced,weekly_differenced_arima_p2_d0_q2,residual_acf,12,0.0377325908596097,0.0780964712616992,False
Austria,2024-02-15,weekly_differenced,weekly_differenced_arima_p2_d0_q2,residual_acf,13,-0.0125748882163521,0.0780964712616992,False
Austria,2024-02-15,weekly_differenced,weekly_differenced_arima_p2_d0_q2,residual_acf,14,0.0017190013029601,0.0780964712616992,False
Austria,2024-02-15,weekly_differenced,weekly_differenced_arima_p2_d0_q2,residual_acf,15,0.005422749576715,0.0780964712616992,False
Austria,2024-02-15,weekly_differenced,weekly_differenced_arima_p2_d0_q2,residual_acf,16,-0.0296291587915447,0.0780964712616992,False
Austria,2024-02-15,weekly_differenced,weekly_differenced_arima_p2_d0_q2,residual_acf,17,-0.0417896650379117,0.0780964712616992,False
Austria,2024-02-15,weekly_differenced,weekly_differenced_arima_p2_d0_q2,residual_acf,18,-0.006822209582971,0.0780964712616992,False
Austria,2024-02-15,weekly_differenced,weekly_differenced_arima_p2_d0_q2,residual_acf,19,-0.0262322054127681,0.0780964712616992,False
Austria,2024-02-15,weekly_differenced,weekly_differenced_arima_p2_d0_q2,residual_acf,2,0.0085202857583758,0.0780964712616992,False
Austria,2024-02-15,weekly_differenced,weekly_differenced_arima_p2_d0_q2,residual_acf,20,0.0370577624410908,0.0780964712616992,False
Austria,2024-02-15,weekly_differenced,weekly_differenced_arima_p2_d0_q2,residual_acf,21,0.0066258460069598,0.0780964712616992,False
Austria,2024-02-15,weekly_differenced,weekly_differenced_arima_p2_d0_q2,residual_acf,22,-0.0255566202440129,0.0780964712616992,False
Austria,2024-02-15,weekly_differenced,weekly_differenced_arima_p2_d0_q2,residual_acf,23,0.143965146523296,0.0780964712616992,True
Austria,2024-02-15,weekly_differenced,weekly_differenced_arima_p2_d0_q2,residual_acf,24,0.2517202096839118,0.0780964712616992,True
Austria,2024-02-15,weekly_differenced,weekly_differenced_arima_p2_d0_q2,residual_acf,25,0.0168456882441086,0.0780964712616992,False
Austria,2024-02-15,weekly_differenced,weekly_differenced_arima_p2_d0_q2,residual_acf,26,0.029507602438951,0.0780964712616992,False
Austria,2024-02-15,weekly_differenced,weekly_differenced_arima_p2_d0_q2,residual_acf,27,-0.0510704925801848,0.0780964712616992,False
Austria,2024-02-15,weekly_differenced,weekly_differenced_arima_p2_d0_q2,residual_acf,28,-0.0858480534909624,0.0780964712616992,True
Austria,2024-02-15,weekly_differenced,weekly_differenced_arima_p2_d0_q2,residual_acf,29,-0.0345234783385678,0.0780964712616992,False
Austria,2024-02-15,weekly_differenced,weekly_differenced_arima_p2_d0_q2,residual_acf,3,0.0071479550165875,0.0780964712616992,False
Austria,2024-02-15,weekly_differenced,weekly_differenced_arima_p2_d0_q2,residual_acf,30,0.0205525446544875,0.0780964712616992,False
Austria,2024-02-15,weekly_differenced,weekly_differenced_arima_p2_d0_q2,residual_acf,31,-0.0185152137057186,0.0780964712616992,False
Austria,2024-02-15,weekly_differenced,weekly_differenced_arima_p2_d0_q2,residual_acf,32,0.0290859771082278,0.0780964712616992,False
Austria,2024-02-15,weekly_differenced,weekly_differenced_arima_p2_d0_q2,residual_acf,33,0.0051834366758875,0.0780964712616992,False
Austria,2024-02-15,weekly_differenced,weekly_differenced_arima_p2_d0_q2,residual_acf,34,-0.0107191229549866,0.0780964712616992,False
Austria,2024-02-15,weekly_differenced,weekly_differenced_arima_p2_d0_q2,residual_acf,35,0.0378011076424654,0.0780964712616992,False
Austria,2024-02-15,weekly_differenced,weekly_differenced_arima_p2_d0_q2,residual_acf,36,0.0172823110160909,0.0780964712616992,False
Austria,2024-02-15,weekly_differenced,weekly_differenced_arima_p2_d0_q2,residual_acf,37,0.0279017158229588,0.0780964712616992,False
Austria,2024-02-15,weekly_differenced,weekly_differenced_arima_p2_d0_q2,residual_acf,38,-0.0340831826494215,0.0780964712616992,False
Austria,2024-02-15,weekly_differenced,weekly_differenced_arima_p2_d0_q2,residual_acf,39,-0.0129609579878734,0.0780964712616992,False
Austria,2024-02-15,weekly_differenced,weekly_differenced_arima_p2_d0_q2,residual_acf,4,-0.1035546519179275,0.0780964712616992,True
Austria,2024-02-15,weekly_differenced,weekly_differenced_arima_p2_d0_q2,residual_acf,40,-0.0065240059983046,0.0780964712616992,False
Austria,2024-02-15,weekly_differenced,weekly_differenced_arima_p2_d0_q2,residual_acf,41,-0.0092098780332834,0.0780964712616992,False
Austria,2024-02-15,weekly_differenced,weekly_differenced_arima_p2_d0_q2,residual_acf,42,0.0034549481058378,0.0780964712616992,False
Austria,2024-02-15,weekly_differenced,weekly_differenced_arima_p2_d0_q2,residual_acf,43,0.0605955699975001,0.0780964712616992,False
Austria,2024-02-15,weekly_differenced,weekly_differenced_arima_p2_d0_q2,residual_acf,44,0.0036115731612776,0.0780964712616992,False
Austria,2024-02-15,weekly_differenced,weekly_differenced_arima_p2_d0_q2,residual_acf,45,0.0025717005242757,0.0780964712616992,False
Austria,2024-02-15,weekly_differenced,weekly_differenced_arima_p2_d0_q2,residual_acf,46,0.0923645386204523,0.0780964712616992,True
Austria,2024-02-15,weekly_differenced,weekly_differenced_arima_p2_d0_q2,residual_acf,47,-0.0044552544255155,0.0780964712616992,False
Austria,2024-02-15,weekly_differenced,weekly_differenced_arima_p2_d0_q2,residual_acf,48,0.1662968045407028,0.0780964712616992,True
Austria,2024-02-15,weekly_differenced,weekly_differenced_arima_p2_d0_q2,residual_acf,5,-0.1076845885224026,0.0780964712616992,True
Austria,2024-02-15,weekly_differenced,weekly_differenced_arima_p2_d0_q2,residual_acf,6,0.0123234314839983,0.0780964712616992,False
Austria,2024-02-15,weekly_differenced,weekly_differenced_arima_p2_d0_q2,residual_acf,7,-0.0553841014917051,0.0780964712616992,False
Austria,2024-02-15,weekly_differenced,weekly_differenced_arima_p2_d0_q2,residual_acf,8,0.013645083377357,0.0780964712616992,False
Austria,2024-02-15,weekly_differenced,weekly_differenced_arima_p2_d0_q2,residual_acf,9,0.0226108889259264,0.0780964712616992,False
Austria,2024-02-15,weekly_differenced,weekly_differenced_arima_p3_d0_q1,ljung_box_pvalue,24,4.1727676745060954e-13,0.01,True
Austria,2024-02-15,weekly_differenced,weekly_differenced_arima_p3_d0_q1,ljung_box_pvalue,48,1.6313120477848789e-15,0.01,True
Austria,2024-02-15,weekly_differenced,weekly_differenced_arima_p3_d0_q1,ljung_box_statistic,24,102.673779262975,0.01,True
Austria,2024-02-15,weekly_differenced,weekly_differenced_arima_p3_d0_q1,ljung_box_statistic,48,162.6633180199443,0.01,True
Austria,2024-02-15,weekly_differenced,weekly_differenced_arima_p3_d0_q1,residual_acf,1,0.0084469575855979,0.0780964712616992,False
Austria,2024-02-15,weekly_differenced,weekly_differenced_arima_p3_d0_q1,residual_acf,10,-0.041105939148042,0.0780964712616992,False
Austria,2024-02-15,weekly_differenced,weekly_differenced_arima_p3_d0_q1,residual_acf,11,-0.0268753158257684,0.0780964712616992,False
Austria,2024-02-15,weekly_differenced,weekly_differenced_arima_p3_d0_q1,residual_acf,12,-0.0077751410986199,0.0780964712616992,False
Austria,2024-02-15,weekly_differenced,weekly_differenced_arima_p3_d0_q1,residual_acf,13,-0.0514974316714919,0.0780964712616992,False
Austria,2024-02-15,weekly_differenced,weekly_differenced_arima_p3_d0_q1,residual_acf,14,-0.0292350964182874,0.0780964712616992,False
Austria,2024-02-15,weekly_differenced,weekly_differenced_arima_p3_d0_q1,residual_acf,15,-0.0160437102202506,0.0780964712616992,False
Austria,2024-02-15,weekly_differenced,weekly_differenced_arima_p3_d0_q1,residual_acf,16,-0.041024826454585,0.0780964712616992,False
Austria,2024-02-15,weekly_differenced,weekly_differenced_arima_p3_d0_q1,residual_acf,17,-0.047792661467839,0.0780964712616992,False
Austria,2024-02-15,weekly_differenced,weekly_differenced_arima_p3_d0_q1,residual_acf,18,-0.0033785766229887,0.0780964712616992,False
Austria,2024-02-15,weekly_differenced,weekly_differenced_arima_p3_d0_q1,residual_acf,19,-0.0107684335325364,0.0780964712616992,False
Austria,2024-02-15,weekly_differenced,weekly_differenced_arima_p3_d0_q1,residual_acf,2,-0.0085775343602821,0.0780964712616992,False
Austria,2024-02-15,weekly_differenced,weekly_differenced_arima_p3_d0_q1,residual_acf,20,0.0411064564580846,0.0780964712616992,False
Austria,2024-02-15,weekly_differenced,weekly_differenced_arima_p3_d0_q1,residual_acf,21,-0.016716472651291,0.0780964712616992,False
Austria,2024-02-15,weekly_differenced,weekly_differenced_arima_p3_d0_q1,residual_acf,22,-0.0557068367970972,0.0780964712616992,False
Austria,2024-02-15,weekly_differenced,weekly_differenced_arima_p3_d0_q1,residual_acf,23,0.1190693076555905,0.0780964712616992,True
Austria,2024-02-15,weekly_differenced,weekly_differenced_arima_p3_d0_q1,residual_acf,24,0.2366889472371163,0.0780964712616992,True
Austria,2024-02-15,weekly_differenced,weekly_differenced_arima_p3_d0_q1,residual_acf,25,0.0057708544368883,0.0780964712616992,False
Austria,2024-02-15,weekly_differenced,weekly_differenced_arima_p3_d0_q1,residual_acf,26,0.0144659312683868,0.0780964712616992,False
Austria,2024-02-15,weekly_differenced,weekly_differenced_arima_p3_d0_q1,residual_acf,27,-0.0537236894195264,0.0780964712616992,False
Austria,2024-02-15,weekly_differenced,weekly_differenced_arima_p3_d0_q1,residual_acf,28,-0.0708874838997721,0.0780964712616992,False
Austria,2024-02-15,weekly_differenced,weekly_differenced_arima_p3_d0_q1,residual_acf,29,-0.0214549465354201,0.0780964712616992,False
Austria,2024-02-15,weekly_differenced,weekly_differenced_arima_p3_d0_q1,residual_acf,3,0.0146132828211677,0.0780964712616992,False
Austria,2024-02-15,weekly_differenced,weekly_differenced_arima_p3_d0_q1,residual_acf,30,0.0269237613370256,0.0780964712616992,False
Austria,2024-02-15,weekly_differenced,weekly_differenced_arima_p3_d0_q1,residual_acf,31,-0.0249044332289947,0.0780964712616992,False
Austria,2024-02-15,weekly_differenced,weekly_differenced_arima_p3_d0_q1,residual_acf,32,0.0046962233042525,0.0780964712616992,False
Austria,2024-02-15,weekly_differenced,weekly_differenced_arima_p3_d0_q1,residual_acf,33,-0.0279353286784925,0.0780964712616992,False
Austria,2024-02-15,weekly_differenced,weekly_differenced_arima_p3_d0_q1,residual_acf,34,-0.0451765379971156,0.0780964712616992,False
Austria,2024-02-15,weekly_differenced,weekly_differenced_arima_p3_d0_q1,residual_acf,35,0.0084840154744458,0.0780964712616992,False
Austria,2024-02-15,weekly_differenced,weekly_differenced_arima_p3_d0_q1,residual_acf,36,-0.002884092721316,0.0780964712616992,False
Austria,2024-02-15,weekly_differenced,weekly_differenced_arima_p3_d0_q1,residual_acf,37,0.0108771216615201,0.0780964712616992,False
Austria,2024-02-15,weekly_differenced,weekly_differenced_arima_p3_d0_q1,residual_acf,38,-0.0467960010334487,0.0780964712616992,False
Austria,2024-02-15,weekly_differenced,weekly_differenced_arima_p3_d0_q1,residual_acf,39,-0.0184953228713602,0.0780964712616992,False
Austria,2024-02-15,weekly_differenced,weekly_differenced_arima_p3_d0_q1,residual_acf,4,-0.0197368605755723,0.0780964712616992,False
Austria,2024-02-15,weekly_differenced,weekly_differenced_arima_p3_d0_q1,residual_acf,40,-0.0080740170597864,0.0780964712616992,False
Austria,2024-02-15,weekly_differenced,weekly_differenced_arima_p3_d0_q1,residual_acf,41,-0.0043410107988763,0.0780964712616992,False
Austria,2024-02-15,weekly_differenced,weekly_differenced_arima_p3_d0_q1,residual_acf,42,0.0125238277687413,0.0780964712616992,False
Austria,2024-02-15,weekly_differenced,weekly_differenced_arima_p3_d0_q1,residual_acf,43,0.066313174307032,0.0780964712616992,False
Austria,2024-02-15,weekly_differenced,weekly_differenced_arima_p3_d0_q1,residual_acf,44,0.0078937541306358,0.0780964712616992,False
Austria,2024-02-15,weekly_differenced,weekly_differenced_arima_p3_d0_q1,residual_acf,45,-0.0063777639811799,0.0780964712616992,False
Austria,2024-02-15,weekly_differenced,weekly_differenced_arima_p3_d0_q1,residual_acf,46,0.0746325623310351,0.0780964712616992,False
Austria,2024-02-15,weekly_differenced,weekly_differenced_arima_p3_d0_q1,residual_acf,47,-0.0110783482524136,0.0780964712616992,False
Austria,2024-02-15,weekly_differenced,weekly_differenced_arima_p3_d0_q1,residual_acf,48,0.1640939095520384,0.0780964712616992,True
Austria,2024-02-15,weekly_differenced,weekly_differenced_arima_p3_d0_q1,residual_acf,5,-0.0300027962673586,0.0780964712616992,False
Austria,2024-02-15,weekly_differenced,weekly_differenced_arima_p3_d0_q1,residual_acf,6,0.0636439536086608,0.0780964712616992,False
Austria,2024-02-15,weekly_differenced,weekly_differenced_arima_p3_d0_q1,residual_acf,7,-0.0302214058884031,0.0780964712616992,False
Austria,2024-02-15,weekly_differenced,weekly_differenced_arima_p3_d0_q1,residual_acf,8,0.005391760514924,0.0780964712616992,False
Austria,2024-02-15,weekly_differenced,weekly_differenced_arima_p3_d0_q1,residual_acf,9,-0.0105476180841755,0.0780964712616992,False
Austria,2024-03-31,weekly_differenced,weekly_differenced_arima_p1_d0_q1,ljung_box_pvalue,24,1.1775647023916577e-96,0.01,True
Austria,2024-03-31,weekly_differenced,weekly_differenced_arima_p1_d0_q1,ljung_box_pvalue,48,8.393180297133342e-106,0.01,True
Austria,2024-03-31,weekly_differenced,weekly_differenced_arima_p1_d0_q1,ljung_box_statistic,24,522.9656624254017,0.01,True
Austria,2024-03-31,weekly_differenced,weekly_differenced_arima_p1_d0_q1,ljung_box_statistic,48,640.9649978885774,0.01,True
Austria,2024-03-31,weekly_differenced,weekly_differenced_arima_p1_d0_q1,residual_acf,1,0.1715868662879297,0.0553243372108774,True
Austria,2024-03-31,weekly_differenced,weekly_differenced_arima_p1_d0_q1,residual_acf,10,0.0024221897926865,0.0553243372108774,False
Austria,2024-03-31,weekly_differenced,weekly_differenced_arima_p1_d0_q1,residual_acf,11,-0.0207799437511652,0.0553243372108774,False
Austria,2024-03-31,weekly_differenced,weekly_differenced_arima_p1_d0_q1,residual_acf,12,0.048089685661617,0.0553243372108774,False
Austria,2024-03-31,weekly_differenced,weekly_differenced_arima_p1_d0_q1,residual_acf,13,-0.0396958922564645,0.0553243372108774,False
Austria,2024-03-31,weekly_differenced,weekly_differenced_arima_p1_d0_q1,residual_acf,14,-0.0231375793709472,0.0553243372108774,False
Austria,2024-03-31,weekly_differenced,weekly_differenced_arima_p1_d0_q1,residual_acf,15,-0.0524523687244816,0.0553243372108774,False
Austria,2024-03-31,weekly_differenced,weekly_differenced_arima_p1_d0_q1,residual_acf,16,-0.0324315341027013,0.0553243372108774,False
Austria,2024-03-31,weekly_differenced,weekly_differenced_arima_p1_d0_q1,residual_acf,17,-0.0493920425411482,0.0553243372108774,False
Austria,2024-03-31,weekly_differenced,weekly_differenced_arima_p1_d0_q1,residual_acf,18,-0.0058786905249377,0.0553243372108774,False
Austria,2024-03-31,weekly_differenced,weekly_differenced_arima_p1_d0_q1,residual_acf,19,-0.0294235823436427,0.0553243372108774,False
Austria,2024-03-31,weekly_differenced,weekly_differenced_arima_p1_d0_q1,residual_acf,2,0.2590093412985568,0.0553243372108774,True
Austria,2024-03-31,weekly_differenced,weekly_differenced_arima_p1_d0_q1,residual_acf,20,0.0083360122902898,0.0553243372108774,False
Austria,2024-03-31,weekly_differenced,weekly_differenced_arima_p1_d0_q1,residual_acf,21,-0.0290491205628668,0.0553243372108774,False
Austria,2024-03-31,weekly_differenced,weekly_differenced_arima_p1_d0_q1,residual_acf,22,0.0609486102870467,0.0553243372108774,True
Austria,2024-03-31,weekly_differenced,weekly_differenced_arima_p1_d0_q1,residual_acf,23,0.1172286125478283,0.0553243372108774,True
Austria,2024-03-31,weekly_differenced,weekly_differenced_arima_p1_d0_q1,residual_acf,24,0.2144219473495346,0.0553243372108774,True
Austria,2024-03-31,weekly_differenced,weekly_differenced_arima_p1_d0_q1,residual_acf,25,0.0612195794274533,0.0553243372108774,True
Austria,2024-03-31,weekly_differenced,weekly_differenced_arima_p1_d0_q1,residual_acf,26,0.0457738108928438,0.0553243372108774,False
Austria,2024-03-31,weekly_differenced,weekly_differenced_arima_p1_d0_q1,residual_acf,27,-0.0495035493823186,0.0553243372108774,False
Austria,2024-03-31,weekly_differenced,weekly_differenced_arima_p1_d0_q1,residual_acf,28,-0.0680757780762788,0.0553243372108774,True
Austria,2024-03-31,weekly_differenced,weekly_differenced_arima_p1_d0_q1,residual_acf,29,-0.065535551692842,0.0553243372108774,True
Austria,2024-03-31,weekly_differenced,weekly_differenced_arima_p1_d0_q1,residual_acf,3,-0.0898054776222773,0.0553243372108774,True
Austria,2024-03-31,weekly_differenced,weekly_differenced_arima_p1_d0_q1,residual_acf,30,-0.0186826097376617,0.0553243372108774,False
Austria,2024-03-31,weekly_differenced,weekly_differenced_arima_p1_d0_q1,residual_acf,31,-0.0425968299542397,0.0553243372108774,False
Austria,2024-03-31,weekly_differenced,weekly_differenced_arima_p1_d0_q1,residual_acf,32,0.0251926084457736,0.0553243372108774,False
Austria,2024-03-31,weekly_differenced,weekly_differenced_arima_p1_d0_q1,residual_acf,33,-0.009870035847799,0.0553243372108774,False
Austria,2024-03-31,weekly_differenced,weekly_differenced_arima_p1_d0_q1,residual_acf,34,0.0121803078815713,0.0553243372108774,False
Austria,2024-03-31,weekly_differenced,weekly_differenced_arima_p1_d0_q1,residual_acf,35,0.0123723338794664,0.0553243372108774,False
Austria,2024-03-31,weekly_differenced,weekly_differenced_arima_p1_d0_q1,residual_acf,36,0.0256760181075596,0.0553243372108774,False
Austria,2024-03-31,weekly_differenced,weekly_differenced_arima_p1_d0_q1,residual_acf,37,-0.0028166499900724,0.0553243372108774,False
Austria,2024-03-31,weekly_differenced,weekly_differenced_arima_p1_d0_q1,residual_acf,38,-0.0195315241102558,0.0553243372108774,False
Austria,2024-03-31,weekly_differenced,weekly_differenced_arima_p1_d0_q1,residual_acf,39,-0.0347216941547958,0.0553243372108774,False
Austria,2024-03-31,weekly_differenced,weekly_differenced_arima_p1_d0_q1,residual_acf,4,-0.0639771819243931,0.0553243372108774,True
Austria,2024-03-31,weekly_differenced,weekly_differenced_arima_p1_d0_q1,residual_acf,40,-0.0184508689911331,0.0553243372108774,False
Austria,2024-03-31,weekly_differenced,weekly_differenced_arima_p1_d0_q1,residual_acf,41,-0.013298308333462,0.0553243372108774,False
Austria,2024-03-31,weekly_differenced,weekly_differenced_arima_p1_d0_q1,residual_acf,42,-0.0043715336602896,0.0553243372108774,False
Austria,2024-03-31,weekly_differenced,weekly_differenced_arima_p1_d0_q1,residual_acf,43,0.0238220050698641,0.0553243372108774,False
Austria,2024-03-31,weekly_differenced,weekly_differenced_arima_p1_d0_q1,residual_acf,44,0.0432038982554583,0.0553243372108774,False
Austria,2024-03-31,weekly_differenced,weekly_differenced_arima_p1_d0_q1,residual_acf,45,0.023705273775556,0.0553243372108774,False
Austria,2024-03-31,weekly_differenced,weekly_differenced_arima_p1_d0_q1,residual_acf,46,0.090148466397278,0.0553243372108774,True
Austria,2024-03-31,weekly_differenced,weekly_differenced_arima_p1_d0_q1,residual_acf,47,0.0130006858426555,0.0553243372108774,False
Austria,2024-03-31,weekly_differenced,weekly_differenced_arima_p1_d0_q1,residual_acf,48,0.1374378579701042,0.0553243372108774,True
Austria,2024-03-31,weekly_differenced,weekly_differenced_arima_p1_d0_q1,residual_acf,5,-0.1786754108032253,0.0553243372108774,True
Austria,2024-03-31,weekly_differenced,weekly_differenced_arima_p1_d0_q1,residual_acf,6,-0.0701873863344589,0.0553243372108774,True
Austria,2024-03-31,weekly_differenced,weekly_differenced_arima_p1_d0_q1,residual_acf,7,-0.1196407050489,0.0553243372108774,True
Austria,2024-03-31,weekly_differenced,weekly_differenced_arima_p1_d0_q1,residual_acf,8,-0.0306011166163807,0.0553243372108774,False
Austria,2024-03-31,weekly_differenced,weekly_differenced_arima_p1_d0_q1,residual_acf,9,-0.0531425029974662,0.0553243372108774,False
Austria,2024-03-31,weekly_differenced,weekly_differenced_arima_p2_d0_q0,ljung_box_pvalue,24,1.327475361346764e-42,0.01,True
Austria,2024-03-31,weekly_differenced,weekly_differenced_arima_p2_d0_q0,ljung_box_pvalue,48,1.5622094286425795e-48,0.01,True
Austria,2024-03-31,weekly_differenced,weekly_differenced_arima_p2_d0_q0,ljung_box_statistic,24,260.16365729092746,0.01,True
Austria,2024-03-31,weekly_differenced,weekly_differenced_arima_p2_d0_q0,ljung_box_statistic,48,350.83523266470934,0.01,True
Austria,2024-03-31,weekly_differenced,weekly_differenced_arima_p2_d0_q0,residual_acf,1,0.1009776000112974,0.0553243372108774,True
Austria,2024-03-31,weekly_differenced,weekly_differenced_arima_p2_d0_q0,residual_acf,10,0.0245666636525723,0.0553243372108774,False
Austria,2024-03-31,weekly_differenced,weekly_differenced_arima_p2_d0_q0,residual_acf,11,0.0276318720180445,0.0553243372108774,False
Austria,2024-03-31,weekly_differenced,weekly_differenced_arima_p2_d0_q0,residual_acf,12,0.0914276747099618,0.0553243372108774,True
Austria,2024-03-31,weekly_differenced,weekly_differenced_arima_p2_d0_q0,residual_acf,13,-0.0007973808641683,0.0553243372108774,False
Austria,2024-03-31,weekly_differenced,weekly_differenced_arima_p2_d0_q0,residual_acf,14,-0.0049384127395824,0.0553243372108774,False
Austria,2024-03-31,weekly_differenced,weekly_differenced_arima_p2_d0_q0,residual_acf,15,-0.0038557701079756,0.0553243372108774,False
Austria,2024-03-31,weekly_differenced,weekly_differenced_arima_p2_d0_q0,residual_acf,16,0.0011486943464418,0.0553243372108774,False
Austria,2024-03-31,weekly_differenced,weekly_differenced_arima_p2_d0_q0,residual_acf,17,-0.0046040858216964,0.0553243372108774,False
Austria,2024-03-31,weekly_differenced,weekly_differenced_arima_p2_d0_q0,residual_acf,18,0.0291316578510264,0.0553243372108774,False
Austria,2024-03-31,weekly_differenced,weekly_differenced_arima_p2_d0_q0,residual_acf,19,0.0146961349581206,0.0553243372108774,False
Austria,2024-03-31,weekly_differenced,weekly_differenced_arima_p2_d0_q0,residual_acf,2,-0.0179937969403869,0.0553243372108774,False
Austria,2024-03-31,weekly_differenced,weekly_differenced_arima_p2_d0_q0,residual_acf,20,0.0150344290637965,0.0553243372108774,False
Austria,2024-03-31,weekly_differenced,weekly_differenced_arima_p2_d0_q0,residual_acf,21,-0.0520061645711548,0.0553243372108774,False
Austria,2024-03-31,weekly_differenced,weekly_differenced_arima_p2_d0_q0,residual_acf,22,0.0036926306566623,0.0553243372108774,False
Austria,2024-03-31,weekly_differenced,weekly_differenced_arima_p2_d0_q0,residual_acf,23,0.1263119498973215,0.0553243372108774,True
Austria,2024-03-31,weekly_differenced,weekly_differenced_arima_p2_d0_q0,residual_acf,24,0.2220207365545869,0.0553243372108774,True
Austria,2024-03-31,weekly_differenced,weekly_differenced_arima_p2_d0_q0,residual_acf,25,0.0470631165917759,0.0553243372108774,False
Austria,2024-03-31,weekly_differenced,weekly_differenced_arima_p2_d0_q0,residual_acf,26,0.0193431471178552,0.0553243372108774,False
Austria,2024-03-31,weekly_differenced,weekly_differenced_arima_p2_d0_q0,residual_acf,27,-0.0355486851297091,0.0553243372108774,False
Austria,2024-03-31,weekly_differenced,weekly_differenced_arima_p2_d0_q0,residual_acf,28,-0.0624008873088322,0.0553243372108774,True
Austria,2024-03-31,weekly_differenced,weekly_differenced_arima_p2_d0_q0,residual_acf,29,-0.0176017287791294,0.0553243372108774,False
Austria,2024-03-31,weekly_differenced,weekly_differenced_arima_p2_d0_q0,residual_acf,3,-0.0926438092275061,0.0553243372108774,True
Austria,2024-03-31,weekly_differenced,weekly_differenced_arima_p2_d0_q0,residual_acf,30,0.0213078273361324,0.0553243372108774,False
Austria,2024-03-31,weekly_differenced,weekly_differenced_arima_p2_d0_q0,residual_acf,31,-0.0045755378986049,0.0553243372108774,False
Austria,2024-03-31,weekly_differenced,weekly_differenced_arima_p2_d0_q0,residual_acf,32,0.0552237659201681,0.0553243372108774,False
Austria,2024-03-31,weekly_differenced,weekly_differenced_arima_p2_d0_q0,residual_acf,33,0.0148895617805626,0.0553243372108774,False
Austria,2024-03-31,weekly_differenced,weekly_differenced_arima_p2_d0_q0,residual_acf,34,0.0137119446605898,0.0553243372108774,False
Austria,2024-03-31,weekly_differenced,weekly_differenced_arima_p2_d0_q0,residual_acf,35,0.0345250881375679,0.0553243372108774,False
Austria,2024-03-31,weekly_differenced,weekly_differenced_arima_p2_d0_q0,residual_acf,36,0.0507542657851895,0.0553243372108774,False
Austria,2024-03-31,weekly_differenced,weekly_differenced_arima_p2_d0_q0,residual_acf,37,0.022294633208321,0.0553243372108774,False
Austria,2024-03-31,weekly_differenced,weekly_differenced_arima_p2_d0_q0,residual_acf,38,-0.0050882273809786,0.0553243372108774,False
Austria,2024-03-31,weekly_differenced,weekly_differenced_arima_p2_d0_q0,residual_acf,39,-0.0143417258910743,0.0553243372108774,False
Austria,2024-03-31,weekly_differenced,weekly_differenced_arima_p2_d0_q0,residual_acf,4,-0.098318814584102,0.0553243372108774,True
Austria,2024-03-31,weekly_differenced,weekly_differenced_arima_p2_d0_q0,residual_acf,40,0.0088276977266813,0.0553243372108774,False
Austria,2024-03-31,weekly_differenced,weekly_differenced_arima_p2_d0_q0,residual_acf,41,0.0081686532714859,0.0553243372108774,False
Austria,2024-03-31,weekly_differenced,weekly_differenced_arima_p2_d0_q0,residual_acf,42,0.0026391738271273,0.0553243372108774,False
Austria,2024-03-31,weekly_differenced,weekly_differenced_arima_p2_d0_q0,residual_acf,43,0.0392726890198488,0.0553243372108774,False
Austria,2024-03-31,weekly_differenced,weekly_differenced_arima_p2_d0_q0,residual_acf,44,0.0335712334471458,0.0553243372108774,False
Austria,2024-03-31,weekly_differenced,weekly_differenced_arima_p2_d0_q0,residual_acf,45,0.0218219178080351,0.0553243372108774,False
Austria,2024-03-31,weekly_differenced,weekly_differenced_arima_p2_d0_q0,residual_acf,46,0.0553050614623937,0.0553243372108774,False
Austria,2024-03-31,weekly_differenced,weekly_differenced_arima_p2_d0_q0,residual_acf,47,-0.0029048221894747,0.0553243372108774,False
Austria,2024-03-31,weekly_differenced,weekly_differenced_arima_p2_d0_q0,residual_acf,48,0.1347265883672479,0.0553243372108774,True
Austria,2024-03-31,weekly_differenced,weekly_differenced_arima_p2_d0_q0,residual_acf,5,-0.0986634048801169,0.0553243372108774,True
Austria,2024-03-31,weekly_differenced,weekly_differenced_arima_p2_d0_q0,residual_acf,6,0.0003276430446111,0.0553243372108774,False
Austria,2024-03-31,weekly_differenced,weekly_differenced_arima_p2_d0_q0,residual_acf,7,-0.0243436366055251,0.0553243372108774,False
Austria,2024-03-31,weekly_differenced,weekly_differenced_arima_p2_d0_q0,residual_acf,8,0.0259821065791665,0.0553243372108774,False
Austria,2024-03-31,weekly_differenced,weekly_differenced_arima_p2_d0_q0,residual_acf,9,0.0140370675409274,0.0553243372108774,False
Austria,2024-03-31,weekly_differenced,weekly_differenced_arima_p2_d0_q1,ljung_box_pvalue,24,1.7890206110419422e-30,0.01,True
Austria,2024-03-31,weekly_differenced,weekly_differenced_arima_p2_d0_q1,ljung_box_pvalue,48,4.9899277335610823e-36,0.01,True
Austria,2024-03-31,weekly_differenced,weekly_differenced_arima_p2_d0_q1,ljung_box_statistic,24,196.47162534108293,0.01,True
Austria,2024-03-31,weekly_differenced,weekly_differenced_arima_p2_d0_q1,ljung_box_statistic,48,281.83025959525537,0.01,True
Austria,2024-03-31,weekly_differenced,weekly_differenced_arima_p2_d0_q1,residual_acf,1,0.0123084057074997,0.0553243372108774,False
Austria,2024-03-31,weekly_differenced,weekly_differenced_arima_p2_d0_q1,residual_acf,10,0.0189255448929252,0.0553243372108774,False
Austria,2024-03-31,weekly_differenced,weekly_differenced_arima_p2_d0_q1,residual_acf,11,0.0086646477040078,0.0553243372108774,False
Austria,2024-03-31,weekly_differenced,weekly_differenced_arima_p2_d0_q1,residual_acf,12,0.0837753394358504,0.0553243372108774,True
Austria,2024-03-31,weekly_differenced,weekly_differenced_arima_p2_d0_q1,residual_acf,13,-0.0150226070969105,0.0553243372108774,False
Austria,2024-03-31,weekly_differenced,weekly_differenced_arima_p2_d0_q1,residual_acf,14,-0.0047910288474706,0.0553243372108774,False
Austria,2024-03-31,weekly_differenced,weekly_differenced_arima_p2_d0_q1,residual_acf,15,-0.0094870985441834,0.0553243372108774,False
Austria,2024-03-31,weekly_differenced,weekly_differenced_arima_p2_d0_q1,residual_acf,16,-0.0024512890782065,0.0553243372108774,False
Austria,2024-03-31,weekly_differenced,weekly_differenced_arima_p2_d0_q1,residual_acf,17,-0.0136854408011035,0.0553243372108774,False
Austria,2024-03-31,weekly_differenced,weekly_differenced_arima_p2_d0_q1,residual_acf,18,0.0236654823401905,0.0553243372108774,False
Austria,2024-03-31,weekly_differenced,weekly_differenced_arima_p2_d0_q1,residual_acf,19,0.0036661046385789,0.0553243372108774,False
Austria,2024-03-31,weekly_differenced,weekly_differenced_arima_p2_d0_q1,residual_acf,2,0.051347287165056,0.0553243372108774,False
Austria,2024-03-31,weekly_differenced,weekly_differenced_arima_p2_d0_q1,residual_acf,20,0.0216641504834978,0.0553243372108774,False
Austria,2024-03-31,weekly_differenced,weekly_differenced_arima_p2_d0_q1,residual_acf,21,-0.0432491925668803,0.0553243372108774,False
Austria,2024-03-31,weekly_differenced,weekly_differenced_arima_p2_d0_q1,residual_acf,22,0.0130466637427014,0.0553243372108774,False
Austria,2024-03-31,weekly_differenced,weekly_differenced_arima_p2_d0_q1,residual_acf,23,0.1051700067236927,0.0553243372108774,True
Austria,2024-03-31,weekly_differenced,weekly_differenced_arima_p2_d0_q1,residual_acf,24,0.2078541365611658,0.0553243372108774,True
Austria,2024-03-31,weekly_differenced,weekly_differenced_arima_p2_d0_q1,residual_acf,25,0.027809469790544,0.0553243372108774,False
Austria,2024-03-31,weekly_differenced,weekly_differenced_arima_p2_d0_q1,residual_acf,26,0.0290957225852472,0.0553243372108774,False
Austria,2024-03-31,weekly_differenced,weekly_differenced_arima_p2_d0_q1,residual_acf,27,-0.0288278689241309,0.0553243372108774,False
Austria,2024-03-31,weekly_differenced,weekly_differenced_arima_p2_d0_q1,residual_acf,28,-0.0562379539753496,0.0553243372108774,True
Austria,2024-03-31,weekly_differenced,weekly_differenced_arima_p2_d0_q1,residual_acf,29,-0.0197190635555509,0.0553243372108774,False
Austria,2024-03-31,weekly_differenced,weekly_differenced_arima_p2_d0_q1,residual_acf,3,-0.0656331812852691,0.0553243372108774,True
Austria,2024-03-31,weekly_differenced,weekly_differenced_arima_p2_d0_q1,residual_acf,30,0.0179885820436073,0.0553243372108774,False
Austria,2024-03-31,weekly_differenced,weekly_differenced_arima_p2_d0_q1,residual_acf,31,-0.0187893151743132,0.0553243372108774,False
Austria,2024-03-31,weekly_differenced,weekly_differenced_arima_p2_d0_q1,residual_acf,32,0.0518534999735057,0.0553243372108774,False
Austria,2024-03-31,weekly_differenced,weekly_differenced_arima_p2_d0_q1,residual_acf,33,0.0056681526311776,0.0553243372108774,False
Austria,2024-03-31,weekly_differenced,weekly_differenced_arima_p2_d0_q1,residual_acf,34,0.0116444868771044,0.0553243372108774,False
Austria,2024-03-31,weekly_differenced,weekly_differenced_arima_p2_d0_q1,residual_acf,35,0.0270036186628626,0.0553243372108774,False
Austria,2024-03-31,weekly_differenced,weekly_differenced_arima_p2_d0_q1,residual_acf,36,0.0423143443447734,0.0553243372108774,False
Austria,2024-03-31,weekly_differenced,weekly_differenced_arima_p2_d0_q1,residual_acf,37,0.015476266011906,0.0553243372108774,False
Austria,2024-03-31,weekly_differenced,weekly_differenced_arima_p2_d0_q1,residual_acf,38,-0.0056152870320888,0.0553243372108774,False
Austria,2024-03-31,weekly_differenced,weekly_differenced_arima_p2_d0_q1,residual_acf,39,-0.0159645970787018,0.0553243372108774,False
Austria,2024-03-31,weekly_differenced,weekly_differenced_arima_p2_d0_q1,residual_acf,4,-0.0721561805865982,0.0553243372108774,True
Austria,2024-03-31,weekly_differenced,weekly_differenced_arima_p2_d0_q1,residual_acf,40,0.0066974923643199,0.0553243372108774,False
Austria,2024-03-31,weekly_differenced,weekly_differenced_arima_p2_d0_q1,residual_acf,41,0.0060593683388487,0.0553243372108774,False
Austria,2024-03-31,weekly_differenced,weekly_differenced_arima_p2_d0_q1,residual_acf,42,-0.0015775043290931,0.0553243372108774,False
Austria,2024-03-31,weekly_differenced,weekly_differenced_arima_p2_d0_q1,residual_acf,43,0.0370645247175203,0.0553243372108774,False
Austria,2024-03-31,weekly_differenced,weekly_differenced_arima_p2_d0_q1,residual_acf,44,0.0320165263596177,0.0553243372108774,False
Austria,2024-03-31,weekly_differenced,weekly_differenced_arima_p2_d0_q1,residual_acf,45,0.0171182603436495,0.0553243372108774,False
Austria,2024-03-31,weekly_differenced,weekly_differenced_arima_p2_d0_q1,residual_acf,46,0.0666025526481565,0.0553243372108774,True
Austria,2024-03-31,weekly_differenced,weekly_differenced_arima_p2_d0_q1,residual_acf,47,-0.0171584370071597,0.0553243372108774,False
Austria,2024-03-31,weekly_differenced,weekly_differenced_arima_p2_d0_q1,residual_acf,48,0.1359760328327212,0.0553243372108774,True
Austria,2024-03-31,weekly_differenced,weekly_differenced_arima_p2_d0_q1,residual_acf,5,-0.0995594912028016,0.0553243372108774,True
Austria,2024-03-31,weekly_differenced,weekly_differenced_arima_p2_d0_q1,residual_acf,6,-0.0002309401136493,0.0553243372108774,False
Austria,2024-03-31,weekly_differenced,weekly_differenced_arima_p2_d0_q1,residual_acf,7,-0.0443113080096517,0.0553243372108774,False
Austria,2024-03-31,weekly_differenced,weekly_differenced_arima_p2_d0_q1,residual_acf,8,0.017473351306712,0.0553243372108774,False
Austria,2024-03-31,weekly_differenced,weekly_differenced_arima_p2_d0_q1,residual_acf,9,-0.0009352037357493,0.0553243372108774,False
Austria,2024-03-31,weekly_differenced,weekly_differenced_arima_p2_d0_q2,ljung_box_pvalue,24,6.759486772423067e-26,0.01,True
Austria,2024-03-31,weekly_differenced,weekly_differenced_arima_p2_d0_q2,ljung_box_pvalue,48,1.223388541868497e-30,0.01,True
Austria,2024-03-31,weekly_differenced,weekly_differenced_arima_p2_d0_q2,ljung_box_statistic,24,170.55536620861517,0.01,True
Austria,2024-03-31,weekly_differenced,weekly_differenced_arima_p2_d0_q2,ljung_box_statistic,48,250.1737068178404,0.01,True
Austria,2024-03-31,weekly_differenced,weekly_differenced_arima_p2_d0_q2,residual_acf,1,0.0049199503072935,0.0553243372108774,False
Austria,2024-03-31,weekly_differenced,weekly_differenced_arima_p2_d0_q2,residual_acf,10,0.005974397934071,0.0553243372108774,False
Austria,2024-03-31,weekly_differenced,weekly_differenced_arima_p2_d0_q2,residual_acf,11,0.0045247662594498,0.0553243372108774,False
Austria,2024-03-31,weekly_differenced,weekly_differenced_arima_p2_d0_q2,residual_acf,12,0.07979579602328,0.0553243372108774,True
Austria,2024-03-31,weekly_differenced,weekly_differenced_arima_p2_d0_q2,residual_acf,13,-0.0188959698782989,0.0553243372108774,False
Austria,2024-03-31,weekly_differenced,weekly_differenced_arima_p2_d0_q2,residual_acf,14,-0.0121135223821129,0.0553243372108774,False
Austria,2024-03-31,weekly_differenced,weekly_differenced_arima_p2_d0_q2,residual_acf,15,-0.0049078951170047,0.0553243372108774,False
Austria,2024-03-31,weekly_differenced,weekly_differenced_arima_p2_d0_q2,residual_acf,16,-0.0065311464960427,0.0553243372108774,False
Austria,2024-03-31,weekly_differenced,weekly_differenced_arima_p2_d0_q2,residual_acf,17,-0.016162115485812,0.0553243372108774,False
Austria,2024-03-31,weekly_differenced,weekly_differenced_arima_p2_d0_q2,residual_acf,18,0.0175336859851902,0.0553243372108774,False
Austria,2024-03-31,weekly_differenced,weekly_differenced_arima_p2_d0_q2,residual_acf,19,0.0043409419361019,0.0553243372108774,False
Austria,2024-03-31,weekly_differenced,weekly_differenced_arima_p2_d0_q2,residual_acf,2,0.0044898974695495,0.0553243372108774,False
Austria,2024-03-31,weekly_differenced,weekly_differenced_arima_p2_d0_q2,residual_acf,20,0.025790116151247,0.0553243372108774,False
Austria,2024-03-31,weekly_differenced,weekly_differenced_arima_p2_d0_q2,residual_acf,21,-0.0359753839160677,0.0553243372108774,False
Austria,2024-03-31,weekly_differenced,weekly_differenced_arima_p2_d0_q2,residual_acf,22,0.002735677590979,0.0553243372108774,False
Austria,2024-03-31,weekly_differenced,weekly_differenced_arima_p2_d0_q2,residual_acf,23,0.1070177638810828,0.0553243372108774,True
Austria,2024-03-31,weekly_differenced,weekly_differenced_arima_p2_d0_q2,residual_acf,24,0.2010947801082868,0.0553243372108774,True
Austria,2024-03-31,weekly_differenced,weekly_differenced_arima_p2_d0_q2,residual_acf,25,0.017646626535369,0.0553243372108774,False
Austria,2024-03-31,weekly_differenced,weekly_differenced_arima_p2_d0_q2,residual_acf,26,0.0267515008768017,0.0553243372108774,False
Austria,2024-03-31,weekly_differenced,weekly_differenced_arima_p2_d0_q2,residual_acf,27,-0.0163491847998197,0.0553243372108774,False
Austria,2024-03-31,weekly_differenced,weekly_differenced_arima_p2_d0_q2,residual_acf,28,-0.0589940199177741,0.0553243372108774,True
Austria,2024-03-31,weekly_differenced,weekly_differenced_arima_p2_d0_q2,residual_acf,29,-0.0146145651778778,0.0553243372108774,False
Austria,2024-03-31,weekly_differenced,weekly_differenced_arima_p2_d0_q2,residual_acf,3,0.0023584065016616,0.0553243372108774,False
Austria,2024-03-31,weekly_differenced,weekly_differenced_arima_p2_d0_q2,residual_acf,30,0.0154002695754385,0.0553243372108774,False
Austria,2024-03-31,weekly_differenced,weekly_differenced_arima_p2_d0_q2,residual_acf,31,-0.0247836857475785,0.0553243372108774,False
Austria,2024-03-31,weekly_differenced,weekly_differenced_arima_p2_d0_q2,residual_acf,32,0.0487392813408968,0.0553243372108774,False
Austria,2024-03-31,weekly_differenced,weekly_differenced_arima_p2_d0_q2,residual_acf,33,0.0059193795653718,0.0553243372108774,False
Austria,2024-03-31,weekly_differenced,weekly_differenced_arima_p2_d0_q2,residual_acf,34,0.0042016127387866,0.0553243372108774,False
Austria,2024-03-31,weekly_differenced,weekly_differenced_arima_p2_d0_q2,residual_acf,35,0.0258566533338711,0.0553243372108774,False
Austria,2024-03-31,weekly_differenced,weekly_differenced_arima_p2_d0_q2,residual_acf,36,0.039443445416197,0.0553243372108774,False
Austria,2024-03-31,weekly_differenced,weekly_differenced_arima_p2_d0_q2,residual_acf,37,0.0135116611012159,0.0553243372108774,False
Austria,2024-03-31,weekly_differenced,weekly_differenced_arima_p2_d0_q2,residual_acf,38,-0.0080936970272116,0.0553243372108774,False
Austria,2024-03-31,weekly_differenced,weekly_differenced_arima_p2_d0_q2,residual_acf,39,-0.0165031796979138,0.0553243372108774,False
Austria,2024-03-31,weekly_differenced,weekly_differenced_arima_p2_d0_q2,residual_acf,4,-0.0702583497219879,0.0553243372108774,True
Austria,2024-03-31,weekly_differenced,weekly_differenced_arima_p2_d0_q2,residual_acf,40,0.0089022458160308,0.0553243372108774,False
Austria,2024-03-31,weekly_differenced,weekly_differenced_arima_p2_d0_q2,residual_acf,41,0.0046552904671055,0.0553243372108774,False
Austria,2024-03-31,weekly_differenced,weekly_differenced_arima_p2_d0_q2,residual_acf,42,-0.0046798697695892,0.0553243372108774,False
Austria,2024-03-31,weekly_differenced,weekly_differenced_arima_p2_d0_q2,residual_acf,43,0.038890088722705,0.0553243372108774,False
Austria,2024-03-31,weekly_differenced,weekly_differenced_arima_p2_d0_q2,residual_acf,44,0.0276038456640321,0.0553243372108774,False
Austria,2024-03-31,weekly_differenced,weekly_differenced_arima_p2_d0_q2,residual_acf,45,0.0231862169115548,0.0553243372108774,False
Austria,2024-03-31,weekly_differenced,weekly_differenced_arima_p2_d0_q2,residual_acf,46,0.0628664165130323,0.0553243372108774,True
Austria,2024-03-31,weekly_differenced,weekly_differenced_arima_p2_d0_q2,residual_acf,47,-0.0201002921203028,0.0553243372108774,False
Austria,2024-03-31,weekly_differenced,weekly_differenced_arima_p2_d0_q2,residual_acf,48,0.1329383286309562,0.0553243372108774,True
Austria,2024-03-31,weekly_differenced,weekly_differenced_arima_p2_d0_q2,residual_acf,5,-0.0954160055127405,0.0553243372108774,True
Austria,2024-03-31,weekly_differenced,weekly_differenced_arima_p2_d0_q2,residual_acf,6,-0.0002743695626695,0.0553243372108774,False
Austria,2024-03-31,weekly_differenced,weekly_differenced_arima_p2_d0_q2,residual_acf,7,-0.04841526578385,0.0553243372108774,False
Austria,2024-03-31,weekly_differenced,weekly_differenced_arima_p2_d0_q2,residual_acf,8,0.0067350344586457,0.0553243372108774,False
Austria,2024-03-31,weekly_differenced,weekly_differenced_arima_p2_d0_q2,residual_acf,9,0.0005377437305865,0.0553243372108774,False
Austria,2024-03-31,weekly_differenced,weekly_differenced_arima_p3_d0_q1,ljung_box_pvalue,24,3.2965644710432013e-19,0.01,True
Austria,2024-03-31,weekly_differenced,weekly_differenced_arima_p3_d0_q1,ljung_box_pvalue,48,9.22017929144418e-22,0.01,True
Austria,2024-03-31,weekly_differenced,weekly_differenced_arima_p3_d0_q1,ljung_box_statistic,24,135.69979472675453,0.01,True
Austria,2024-03-31,weekly_differenced,weekly_differenced_arima_p3_d0_q1,ljung_box_statistic,48,199.9908594075259,0.01,True
Austria,2024-03-31,weekly_differenced,weekly_differenced_arima_p3_d0_q1,residual_acf,1,0.0298289662007831,0.0553243372108774,False
Austria,2024-03-31,weekly_differenced,weekly_differenced_arima_p3_d0_q1,residual_acf,10,-0.0084651060432045,0.0553243372108774,False
Austria,2024-03-31,weekly_differenced,weekly_differenced_arima_p3_d0_q1,residual_acf,11,-0.0176369624969045,0.0553243372108774,False
Austria,2024-03-31,weekly_differenced,weekly_differenced_arima_p3_d0_q1,residual_acf,12,0.051394711289045,0.0553243372108774,False
Austria,2024-03-31,weekly_differenced,weekly_differenced_arima_p3_d0_q1,residual_acf,13,-0.0467279748407201,0.0553243372108774,False
Austria,2024-03-31,weekly_differenced,weekly_differenced_arima_p3_d0_q1,residual_acf,14,-0.0414789024549061,0.0553243372108774,False
Austria,2024-03-31,weekly_differenced,weekly_differenced_arima_p3_d0_q1,residual_acf,15,-0.0346763498328561,0.0553243372108774,False
Austria,2024-03-31,weekly_differenced,weekly_differenced_arima_p3_d0_q1,residual_acf,16,-0.0260463899711643,0.0553243372108774,False
Austria,2024-03-31,weekly_differenced,weekly_differenced_arima_p3_d0_q1,residual_acf,17,-0.0316688101685722,0.0553243372108774,False
Austria,2024-03-31,weekly_differenced,weekly_differenced_arima_p3_d0_q1,residual_acf,18,0.0078968161273534,0.0553243372108774,False
Austria,2024-03-31,weekly_differenced,weekly_differenced_arima_p3_d0_q1,residual_acf,19,-0.0049403367628351,0.0553243372108774,False
Austria,2024-03-31,weekly_differenced,weekly_differenced_arima_p3_d0_q1,residual_acf,2,-0.0031380106857782,0.0553243372108774,False
Austria,2024-03-31,weekly_differenced,weekly_differenced_arima_p3_d0_q1,residual_acf,20,0.0013074889153569,0.0553243372108774,False
Austria,2024-03-31,weekly_differenced,weekly_differenced_arima_p3_d0_q1,residual_acf,21,-0.0769207097116801,0.0553243372108774,True
Austria,2024-03-31,weekly_differenced,weekly_differenced_arima_p3_d0_q1,residual_acf,22,-0.0325077857442419,0.0553243372108774,False
Austria,2024-03-31,weekly_differenced,weekly_differenced_arima_p3_d0_q1,residual_acf,23,0.0787952816216237,0.0553243372108774,True
Austria,2024-03-31,weekly_differenced,weekly_differenced_arima_p3_d0_q1,residual_acf,24,0.1789055861838872,0.0553243372108774,True
Austria,2024-03-31,weekly_differenced,weekly_differenced_arima_p3_d0_q1,residual_acf,25,-0.0009833857791822,0.0553243372108774,False
Austria,2024-03-31,weekly_differenced,weekly_differenced_arima_p3_d0_q1,residual_acf,26,-0.0021754582308719,0.0553243372108774,False
Austria,2024-03-31,weekly_differenced,weekly_differenced_arima_p3_d0_q1,residual_acf,27,-0.0420892014204786,0.0553243372108774,False
Austria,2024-03-31,weekly_differenced,weekly_differenced_arima_p3_d0_q1,residual_acf,28,-0.0642633947000794,0.0553243372108774,True
Austria,2024-03-31,weekly_differenced,weekly_differenced_arima_p3_d0_q1,residual_acf,29,-0.019846266769391,0.0553243372108774,False
Austria,2024-03-31,weekly_differenced,weekly_differenced_arima_p3_d0_q1,residual_acf,3,-0.0271155587697341,0.0553243372108774,False
Austria,2024-03-31,weekly_differenced,weekly_differenced_arima_p3_d0_q1,residual_acf,30,0.0121316186342052,0.0553243372108774,False
Austria,2024-03-31,weekly_differenced,weekly_differenced_arima_p3_d0_q1,residual_acf,31,-0.0290139904825835,0.0553243372108774,False
Austria,2024-03-31,weekly_differenced,weekly_differenced_arima_p3_d0_q1,residual_acf,32,0.031088558577817,0.0553243372108774,False
Austria,2024-03-31,weekly_differenced,weekly_differenced_arima_p3_d0_q1,residual_acf,33,-0.0182772973338023,0.0553243372108774,False
Austria,2024-03-31,weekly_differenced,weekly_differenced_arima_p3_d0_q1,residual_acf,34,-0.0206783055023755,0.0553243372108774,False
Austria,2024-03-31,weekly_differenced,weekly_differenced_arima_p3_d0_q1,residual_acf,35,0.0012098727808767,0.0553243372108774,False
Austria,2024-03-31,weekly_differenced,weekly_differenced_arima_p3_d0_q1,residual_acf,36,0.0216766835206037,0.0553243372108774,False
Austria,2024-03-31,weekly_differenced,weekly_differenced_arima_p3_d0_q1,residual_acf,37,-0.0024288153463961,0.0553243372108774,False
Austria,2024-03-31,weekly_differenced,weekly_differenced_arima_p3_d0_q1,residual_acf,38,-0.0230317634863131,0.0553243372108774,False
Austria,2024-03-31,weekly_differenced,weekly_differenced_arima_p3_d0_q1,residual_acf,39,-0.0269861068811106,0.0553243372108774,False
Austria,2024-03-31,weekly_differenced,weekly_differenced_arima_p3_d0_q1,residual_acf,4,-0.0127362362178077,0.0553243372108774,False
Austria,2024-03-31,weekly_differenced,weekly_differenced_arima_p3_d0_q1,residual_acf,40,0.0011257970500733,0.0553243372108774,False
Austria,2024-03-31,weekly_differenced,weekly_differenced_arima_p3_d0_q1,residual_acf,41,2.107832389152054e-05,0.0553243372108774,False
Austria,2024-03-31,weekly_differenced,weekly_differenced_arima_p3_d0_q1,residual_acf,42,-0.0087265023729396,0.0553243372108774,False
Austria,2024-03-31,weekly_differenced,weekly_differenced_arima_p3_d0_q1,residual_acf,43,0.0293047040640142,0.0553243372108774,False
Austria,2024-03-31,weekly_differenced,weekly_differenced_arima_p3_d0_q1,residual_acf,44,0.0202155674269412,0.0553243372108774,False
Austria,2024-03-31,weekly_differenced,weekly_differenced_arima_p3_d0_q1,residual_acf,45,0.0046610180578844,0.0553243372108774,False
Austria,2024-03-31,weekly_differenced,weekly_differenced_arima_p3_d0_q1,residual_acf,46,0.0400075139332791,0.0553243372108774,False
Austria,2024-03-31,weekly_differenced,weekly_differenced_arima_p3_d0_q1,residual_acf,47,-0.0329943897593271,0.0553243372108774,False
Austria,2024-03-31,weekly_differenced,weekly_differenced_arima_p3_d0_q1,residual_acf,48,0.1193929526701988,0.0553243372108774,True
Austria,2024-03-31,weekly_differenced,weekly_differenced_arima_p3_d0_q1,residual_acf,5,-0.0249336087060915,0.0553243372108774,False
Austria,2024-03-31,weekly_differenced,weekly_differenced_arima_p3_d0_q1,residual_acf,6,0.0592451386806208,0.0553243372108774,True
Austria,2024-03-31,weekly_differenced,weekly_differenced_arima_p3_d0_q1,residual_acf,7,-0.0003234635060895,0.0553243372108774,False
Austria,2024-03-31,weekly_differenced,weekly_differenced_arima_p3_d0_q1,residual_acf,8,0.030345621972001,0.0553243372108774,False
Austria,2024-03-31,weekly_differenced,weekly_differenced_arima_p3_d0_q1,residual_acf,9,-0.0046734945799409,0.0553243372108774,False
Austria,2024-04-01,weekly_differenced,weekly_differenced_arima_p1_d0_q1,ljung_box_pvalue,24,5.2190164844120906e-98,0.01,True
Austria,2024-04-01,weekly_differenced,weekly_differenced_arima_p1_d0_q1,ljung_box_pvalue,48,4.403708937398629e-107,0.01,True
Austria,2024-04-01,weekly_differenced,weekly_differenced_arima_p1_d0_q1,ljung_box_statistic,24,529.4435310580794,0.01,True
Austria,2024-04-01,weekly_differenced,weekly_differenced_arima_p1_d0_q1,ljung_box_statistic,48,647.2907981082003,0.01,True
Austria,2024-04-01,weekly_differenced,weekly_differenced_arima_p1_d0_q1,residual_acf,1,0.1717757779356407,0.0550331877796343,True
Austria,2024-04-01,weekly_differenced,weekly_differenced_arima_p1_d0_q1,residual_acf,10,0.0030213797316315,0.0550331877796343,False
Austria,2024-04-01,weekly_differenced,weekly_differenced_arima_p1_d0_q1,residual_acf,11,-0.0212405201531115,0.0550331877796343,False
Austria,2024-04-01,weekly_differenced,weekly_differenced_arima_p1_d0_q1,residual_acf,12,0.0487091380638319,0.0550331877796343,False
Austria,2024-04-01,weekly_differenced,weekly_differenced_arima_p1_d0_q1,residual_acf,13,-0.0397838148728351,0.0550331877796343,False
Austria,2024-04-01,weekly_differenced,weekly_differenced_arima_p1_d0_q1,residual_acf,14,-0.0222793174565255,0.0550331877796343,False
Austria,2024-04-01,weekly_differenced,weekly_differenced_arima_p1_d0_q1,residual_acf,15,-0.0526673532703109,0.0550331877796343,False
Austria,2024-04-01,weekly_differenced,weekly_differenced_arima_p1_d0_q1,residual_acf,16,-0.0317823624722942,0.0550331877796343,False
Austria,2024-04-01,weekly_differenced,weekly_differenced_arima_p1_d0_q1,residual_acf,17,-0.0500817390558368,0.0550331877796343,False
Austria,2024-04-01,weekly_differenced,weekly_differenced_arima_p1_d0_q1,residual_acf,18,-0.0051932677415653,0.0550331877796343,False
Austria,2024-04-01,weekly_differenced,weekly_differenced_arima_p1_d0_q1,residual_acf,19,-0.0297181171663108,0.0550331877796343,False
Austria,2024-04-01,weekly_differenced,weekly_differenced_arima_p1_d0_q1,residual_acf,2,0.259090554849089,0.0550331877796343,True
Austria,2024-04-01,weekly_differenced,weekly_differenced_arima_p1_d0_q1,residual_acf,20,0.0090553796317272,0.0550331877796343,False
Austria,2024-04-01,weekly_differenced,weekly_differenced_arima_p1_d0_q1,residual_acf,21,-0.0295427356814277,0.0550331877796343,False
Austria,2024-04-01,weekly_differenced,weekly_differenced_arima_p1_d0_q1,residual_acf,22,0.0616328196763839,0.0550331877796343,True
Austria,2024-04-01,weekly_differenced,weekly_differenced_arima_p1_d0_q1,residual_acf,23,0.1148652673931014,0.0550331877796343,True
Austria,2024-04-01,weekly_differenced,weekly_differenced_arima_p1_d0_q1,residual_acf,24,0.2149255477880682,0.0550331877796343,True
Austria,2024-04-01,weekly_differenced,weekly_differenced_arima_p1_d0_q1,residual_acf,25,0.0607999397808309,0.0550331877796343,True
Austria,2024-04-01,weekly_differenced,weekly_differenced_arima_p1_d0_q1,residual_acf,26,0.0474887595408152,0.0550331877796343,False
Austria,2024-04-01,weekly_differenced,weekly_differenced_arima_p1_d0_q1,residual_acf,27,-0.0495776909313639,0.0550331877796343,False
Austria,2024-04-01,weekly_differenced,weekly_differenced_arima_p1_d0_q1,residual_acf,28,-0.0675462615061721,0.0550331877796343,True
Austria,2024-04-01,weekly_differenced,weekly_differenced_arima_p1_d0_q1,residual_acf,29,-0.0660157581838563,0.0550331877796343,True
Austria,2024-04-01,weekly_differenced,weekly_differenced_arima_p1_d0_q1,residual_acf,3,-0.0909352349375929,0.0550331877796343,True
Austria,2024-04-01,weekly_differenced,weekly_differenced_arima_p1_d0_q1,residual_acf,30,-0.0195201043248218,0.0550331877796343,False
Austria,2024-04-01,weekly_differenced,weekly_differenced_arima_p1_d0_q1,residual_acf,31,-0.0410363713055648,0.0550331877796343,False
Austria,2024-04-01,weekly_differenced,weekly_differenced_arima_p1_d0_q1,residual_acf,32,0.0257041926092804,0.0550331877796343,False
Austria,2024-04-01,weekly_differenced,weekly_differenced_arima_p1_d0_q1,residual_acf,33,-0.0100853752750521,0.0550331877796343,False
Austria,2024-04-01,weekly_differenced,weekly_differenced_arima_p1_d0_q1,residual_acf,34,0.0116068270508504,0.0550331877796343,False
Austria,2024-04-01,weekly_differenced,weekly_differenced_arima_p1_d0_q1,residual_acf,35,0.0111335100242475,0.0550331877796343,False
Austria,2024-04-01,weekly_differenced,weekly_differenced_arima_p1_d0_q1,residual_acf,36,0.0261204142856177,0.0550331877796343,False
Austria,2024-04-01,weekly_differenced,weekly_differenced_arima_p1_d0_q1,residual_acf,37,-0.0033407926338756,0.0550331877796343,False
Austria,2024-04-01,weekly_differenced,weekly_differenced_arima_p1_d0_q1,residual_acf,38,-0.018027762539164,0.0550331877796343,False
Austria,2024-04-01,weekly_differenced,weekly_differenced_arima_p1_d0_q1,residual_acf,39,-0.0351581050971898,0.0550331877796343,False
Austria,2024-04-01,weekly_differenced,weekly_differenced_arima_p1_d0_q1,residual_acf,4,-0.0647006342961457,0.0550331877796343,True
Austria,2024-04-01,weekly_differenced,weekly_differenced_arima_p1_d0_q1,residual_acf,40,-0.0185759460489725,0.0550331877796343,False
Austria,2024-04-01,weekly_differenced,weekly_differenced_arima_p1_d0_q1,residual_acf,41,-0.0146011588809538,0.0550331877796343,False
Austria,2024-04-01,weekly_differenced,weekly_differenced_arima_p1_d0_q1,residual_acf,42,-0.0053886824977849,0.0550331877796343,False
Austria,2024-04-01,weekly_differenced,weekly_differenced_arima_p1_d0_q1,residual_acf,43,0.0264610559178308,0.0550331877796343,False
Austria,2024-04-01,weekly_differenced,weekly_differenced_arima_p1_d0_q1,residual_acf,44,0.0424361564850203,0.0550331877796343,False
Austria,2024-04-01,weekly_differenced,weekly_differenced_arima_p1_d0_q1,residual_acf,45,0.0258140330788077,0.0550331877796343,False
Austria,2024-04-01,weekly_differenced,weekly_differenced_arima_p1_d0_q1,residual_acf,46,0.0881303005356786,0.0550331877796343,True
Austria,2024-04-01,weekly_differenced,weekly_differenced_arima_p1_d0_q1,residual_acf,47,0.0117584461004005,0.0550331877796343,False
Austria,2024-04-01,weekly_differenced,weekly_differenced_arima_p1_d0_q1,residual_acf,48,0.1358151403179988,0.0550331877796343,True
Austria,2024-04-01,weekly_differenced,weekly_differenced_arima_p1_d0_q1,residual_acf,5,-0.1792456270038306,0.0550331877796343,True
Austria,2024-04-01,weekly_differenced,weekly_differenced_arima_p1_d0_q1,residual_acf,6,-0.0700221951026177,0.0550331877796343,True
Austria,2024-04-01,weekly_differenced,weekly_differenced_arima_p1_d0_q1,residual_acf,7,-0.1191773018175069,0.0550331877796343,True
Austria,2024-04-01,weekly_differenced,weekly_differenced_arima_p1_d0_q1,residual_acf,8,-0.0300115569826506,0.0550331877796343,False
Austria,2024-04-01,weekly_differenced,weekly_differenced_arima_p1_d0_q1,residual_acf,9,-0.0540401465061694,0.0550331877796343,False
Austria,2024-04-01,weekly_differenced,weekly_differenced_arima_p2_d0_q0,ljung_box_pvalue,24,4.7236631680032314e-43,0.01,True
Austria,2024-04-01,weekly_differenced,weekly_differenced_arima_p2_d0_q0,ljung_box_pvalue,48,4.951976312194977e-49,0.01,True
Austria,2024-04-01,weekly_differenced,weekly_differenced_arima_p2_d0_q0,ljung_box_statistic,24,262.4000058273287,0.01,True
Austria,2024-04-01,weekly_differenced,weekly_differenced_arima_p2_d0_q0,ljung_box_statistic,48,353.4587375619159,0.01,True
Austria,2024-04-01,weekly_differenced,weekly_differenced_arima_p2_d0_q0,residual_acf,1,0.1012667524955072,0.0550331877796343,True
Austria,2024-04-01,weekly_differenced,weekly_differenced_arima_p2_d0_q0,residual_acf,10,0.0250045218215545,0.0550331877796343,False
Austria,2024-04-01,weekly_differenced,weekly_differenced_arima_p2_d0_q0,residual_acf,11,0.0273189000250255,0.0550331877796343,False
Austria,2024-04-01,weekly_differenced,weekly_differenced_arima_p2_d0_q0,residual_acf,12,0.0917474769243381,0.0550331877796343,True
Austria,2024-04-01,weekly_differenced,weekly_differenced_arima_p2_d0_q0,residual_acf,13,-0.0006631225853187,0.0550331877796343,False
Austria,2024-04-01,weekly_differenced,weekly_differenced_arima_p2_d0_q0,residual_acf,14,-0.0041948549751391,0.0550331877796343,False
Austria,2024-04-01,weekly_differenced,weekly_differenced_arima_p2_d0_q0,residual_acf,15,-0.0039646393654098,0.0550331877796343,False
Austria,2024-04-01,weekly_differenced,weekly_differenced_arima_p2_d0_q0,residual_acf,16,0.0014687467042816,0.0550331877796343,False
Austria,2024-04-01,weekly_differenced,weekly_differenced_arima_p2_d0_q0,residual_acf,17,-0.0052290764041546,0.0550331877796343,False
Austria,2024-04-01,weekly_differenced,weekly_differenced_arima_p2_d0_q0,residual_acf,18,0.0296067988715153,0.0550331877796343,False
Austria,2024-04-01,weekly_differenced,weekly_differenced_arima_p2_d0_q0,residual_acf,19,0.0147791439466343,0.0550331877796343,False
Austria,2024-04-01,weekly_differenced,weekly_differenced_arima_p2_d0_q0,residual_acf,2,-0.0174370494588806,0.0550331877796343,False
Austria,2024-04-01,weekly_differenced,weekly_differenced_arima_p2_d0_q0,residual_acf,20,0.0155547228628188,0.0550331877796343,False
Austria,2024-04-01,weekly_differenced,weekly_differenced_arima_p2_d0_q0,residual_acf,21,-0.0517551746345381,0.0550331877796343,False
Austria,2024-04-01,weekly_differenced,weekly_differenced_arima_p2_d0_q0,residual_acf,22,0.0041510799690545,0.0550331877796343,False
Austria,2024-04-01,weekly_differenced,weekly_differenced_arima_p2_d0_q0,residual_acf,23,0.1235608260884027,0.0550331877796343,True
Austria,2024-04-01,weekly_differenced,weekly_differenced_arima_p2_d0_q0,residual_acf,24,0.222003598774005,0.0550331877796343,True
Austria,2024-04-01,weekly_differenced,weekly_differenced_arima_p2_d0_q0,residual_acf,25,0.0473559578654274,0.0550331877796343,False
Austria,2024-04-01,weekly_differenced,weekly_differenced_arima_p2_d0_q0,residual_acf,26,0.0210527873081338,0.0550331877796343,False
Austria,2024-04-01,weekly_differenced,weekly_differenced_arima_p2_d0_q0,residual_acf,27,-0.0356352517782548,0.0550331877796343,False
Austria,2024-04-01,weekly_differenced,weekly_differenced_arima_p2_d0_q0,residual_acf,28,-0.062025860828828,0.0550331877796343,True
Austria,2024-04-01,weekly_differenced,weekly_differenced_arima_p2_d0_q0,residual_acf,29,-0.0187068199421182,0.0550331877796343,False
Austria,2024-04-01,weekly_differenced,weekly_differenced_arima_p2_d0_q0,residual_acf,3,-0.0938372754751876,0.0550331877796343,True
Austria,2024-04-01,weekly_differenced,weekly_differenced_arima_p2_d0_q0,residual_acf,30,0.019911135628229,0.0550331877796343,False
Austria,2024-04-01,weekly_differenced,weekly_differenced_arima_p2_d0_q0,residual_acf,31,-0.0024014719877258,0.0550331877796343,False
Austria,2024-04-01,weekly_differenced,weekly_differenced_arima_p2_d0_q0,residual_acf,32,0.0562944366292951,0.0550331877796343,True
Austria,2024-04-01,weekly_differenced,weekly_differenced_arima_p2_d0_q0,residual_acf,33,0.014522208449145,0.0550331877796343,False
Austria,2024-04-01,weekly_differenced,weekly_differenced_arima_p2_d0_q0,residual_acf,34,0.0127903965689562,0.0550331877796343,False
Austria,2024-04-01,weekly_differenced,weekly_differenced_arima_p2_d0_q0,residual_acf,35,0.033302071404019,0.0550331877796343,False
Austria,2024-04-01,weekly_differenced,weekly_differenced_arima_p2_d0_q0,residual_acf,36,0.0510999945273427,0.0550331877796343,False
Austria,2024-04-01,weekly_differenced,weekly_differenced_arima_p2_d0_q0,residual_acf,37,0.0223511990173788,0.0550331877796343,False
Austria,2024-04-01,weekly_differenced,weekly_differenced_arima_p2_d0_q0,residual_acf,38,-0.0032018162825149,0.0550331877796343,False
Austria,2024-04-01,weekly_differenced,weekly_differenced_arima_p2_d0_q0,residual_acf,39,-0.0142897719587791,0.0550331877796343,False
Austria,2024-04-01,weekly_differenced,weekly_differenced_arima_p2_d0_q0,residual_acf,4,-0.0989051086830168,0.0550331877796343,True
Austria,2024-04-01,weekly_differenced,weekly_differenced_arima_p2_d0_q0,residual_acf,40,0.0086609577235349,0.0550331877796343,False
Austria,2024-04-01,weekly_differenced,weekly_differenced_arima_p2_d0_q0,residual_acf,41,0.005695618360927,0.0550331877796343,False
Austria,2024-04-01,weekly_differenced,weekly_differenced_arima_p2_d0_q0,residual_acf,42,0.0018736116295706,0.0550331877796343,False
Austria,2024-04-01,weekly_differenced,weekly_differenced_arima_p2_d0_q0,residual_acf,43,0.0424263879061204,0.0550331877796343,False
Austria,2024-04-01,weekly_differenced,weekly_differenced_arima_p2_d0_q0,residual_acf,44,0.0336061179331904,0.0550331877796343,False
Austria,2024-04-01,weekly_differenced,weekly_differenced_arima_p2_d0_q0,residual_acf,45,0.0240403970606513,0.0550331877796343,False
Austria,2024-04-01,weekly_differenced,weekly_differenced_arima_p2_d0_q0,residual_acf,46,0.0536434628974489,0.0550331877796343,False
Austria,2024-04-01,weekly_differenced,weekly_differenced_arima_p2_d0_q0,residual_acf,47,-0.0048742244215791,0.0550331877796343,False
Austria,2024-04-01,weekly_differenced,weekly_differenced_arima_p2_d0_q0,residual_acf,48,0.1330555749479968,0.0550331877796343,True
Austria,2024-04-01,weekly_differenced,weekly_differenced_arima_p2_d0_q0,residual_acf,5,-0.0990004610090194,0.0550331877796343,True
Austria,2024-04-01,weekly_differenced,weekly_differenced_arima_p2_d0_q0,residual_acf,6,0.0006972945731255,0.0550331877796343,False
Austria,2024-04-01,weekly_differenced,weekly_differenced_arima_p2_d0_q0,residual_acf,7,-0.0232182581415693,0.0550331877796343,False
Austria,2024-04-01,weekly_differenced,weekly_differenced_arima_p2_d0_q0,residual_acf,8,0.0264743564098026,0.0550331877796343,False
Austria,2024-04-01,weekly_differenced,weekly_differenced_arima_p2_d0_q0,residual_acf,9,0.0128880272698437,0.0550331877796343,False
Austria,2024-04-01,weekly_differenced,weekly_differenced_arima_p2_d0_q1,ljung_box_pvalue,24,6.482725210241391e-31,0.01,True
Austria,2024-04-01,weekly_differenced,weekly_differenced_arima_p2_d0_q1,ljung_box_pvalue,48,1.7385268628584995e-36,0.01,True
Austria,2024-04-01,weekly_differenced,weekly_differenced_arima_p2_d0_q1,ljung_box_statistic,24,198.7152327577507,0.01,True
Austria,2024-04-01,weekly_differenced,weekly_differenced_arima_p2_d0_q1,ljung_box_statistic,48,284.31310256009385,0.01,True
Austria,2024-04-01,weekly_differenced,weekly_differenced_arima_p2_d0_q1,residual_acf,1,0.0124562949142895,0.0550331877796343,False
Austria,2024-04-01,weekly_differenced,weekly_differenced_arima_p2_d0_q1,residual_acf,10,0.0195938441483513,0.0550331877796343,False
Austria,2024-04-01,weekly_differenced,weekly_differenced_arima_p2_d0_q1,residual_acf,11,0.0082569518061199,0.0550331877796343,False
Austria,2024-04-01,weekly_differenced,weekly_differenced_arima_p2_d0_q1,residual_acf,12,0.0842249018119026,0.0550331877796343,True
Austria,2024-04-01,weekly_differenced,weekly_differenced_arima_p2_d0_q1,residual_acf,13,-0.0150150753713516,0.0550331877796343,False
Austria,2024-04-01,weekly_differenced,weekly_differenced_arima_p2_d0_q1,residual_acf,14,-0.0040022629588659,0.0550331877796343,False
Austria,2024-04-01,weekly_differenced,weekly_differenced_arima_p2_d0_q1,residual_acf,15,-0.0096902976392687,0.0550331877796343,False
Austria,2024-04-01,weekly_differenced,weekly_differenced_arima_p2_d0_q1,residual_acf,16,-0.0019246237798711,0.0550331877796343,False
Austria,2024-04-01,weekly_differenced,weekly_differenced_arima_p2_d0_q1,residual_acf,17,-0.0143721384550403,0.0550331877796343,False
Austria,2024-04-01,weekly_differenced,weekly_differenced_arima_p2_d0_q1,residual_acf,18,0.0242522680524365,0.0550331877796343,False
Austria,2024-04-01,weekly_differenced,weekly_differenced_arima_p2_d0_q1,residual_acf,19,0.0035586560906808,0.0550331877796343,False
Austria,2024-04-01,weekly_differenced,weekly_differenced_arima_p2_d0_q1,residual_acf,2,0.0518914836690535,0.0550331877796343,False
Austria,2024-04-01,weekly_differenced,weekly_differenced_arima_p2_d0_q1,residual_acf,20,0.022161100465385,0.0550331877796343,False
Austria,2024-04-01,weekly_differenced,weekly_differenced_arima_p2_d0_q1,residual_acf,21,-0.0433202522502047,0.0550331877796343,False
Austria,2024-04-01,weekly_differenced,weekly_differenced_arima_p2_d0_q1,residual_acf,22,0.0138387425753639,0.0550331877796343,False
Austria,2024-04-01,weekly_differenced,weekly_differenced_arima_p2_d0_q1,residual_acf,23,0.1024453488915951,0.0550331877796343,True
Austria,2024-04-01,weekly_differenced,weekly_differenced_arima_p2_d0_q1,residual_acf,24,0.2082604313046834,0.0550331877796343,True
Austria,2024-04-01,weekly_differenced,weekly_differenced_arima_p2_d0_q1,residual_acf,25,0.0277178370124158,0.0550331877796343,False
Austria,2024-04-01,weekly_differenced,weekly_differenced_arima_p2_d0_q1,residual_acf,26,0.0307784765385088,0.0550331877796343,False
Austria,2024-04-01,weekly_differenced,weekly_differenced_arima_p2_d0_q1,residual_acf,27,-0.0291731921855925,0.0550331877796343,False
Austria,2024-04-01,weekly_differenced,weekly_differenced_arima_p2_d0_q1,residual_acf,28,-0.0556603913163189,0.0550331877796343,True
Austria,2024-04-01,weekly_differenced,weekly_differenced_arima_p2_d0_q1,residual_acf,29,-0.020545785106327,0.0550331877796343,False
Austria,2024-04-01,weekly_differenced,weekly_differenced_arima_p2_d0_q1,residual_acf,3,-0.066885381247745,0.0550331877796343,True
Austria,2024-04-01,weekly_differenced,weekly_differenced_arima_p2_d0_q1,residual_acf,30,0.0165944518645604,0.0550331877796343,False
Austria,2024-04-01,weekly_differenced,weekly_differenced_arima_p2_d0_q1,residual_acf,31,-0.0166737309652628,0.0550331877796343,False
Austria,2024-04-01,weekly_differenced,weekly_differenced_arima_p2_d0_q1,residual_acf,32,0.0525906150011875,0.0550331877796343,False
Austria,2024-04-01,weekly_differenced,weekly_differenced_arima_p2_d0_q1,residual_acf,33,0.0053275965266238,0.0550331877796343,False
Austria,2024-04-01,weekly_differenced,weekly_differenced_arima_p2_d0_q1,residual_acf,34,0.0109827122760016,0.0550331877796343,False
Austria,2024-04-01,weekly_differenced,weekly_differenced_arima_p2_d0_q1,residual_acf,35,0.0258568764706319,0.0550331877796343,False
Austria,2024-04-01,weekly_differenced,weekly_differenced_arima_p2_d0_q1,residual_acf,36,0.0428725870458888,0.0550331877796343,False
Austria,2024-04-01,weekly_differenced,weekly_differenced_arima_p2_d0_q1,residual_acf,37,0.0151726539729737,0.0550331877796343,False
Austria,2024-04-01,weekly_differenced,weekly_differenced_arima_p2_d0_q1,residual_acf,38,-0.0038021058780988,0.0550331877796343,False
Austria,2024-04-01,weekly_differenced,weekly_differenced_arima_p2_d0_q1,residual_acf,39,-0.0162537726704671,0.0550331877796343,False
Austria,2024-04-01,weekly_differenced,weekly_differenced_arima_p2_d0_q1,residual_acf,4,-0.0725421604689063,0.0550331877796343,True
Austria,2024-04-01,weekly_differenced,weekly_differenced_arima_p2_d0_q1,residual_acf,40,0.006889966292162,0.0550331877796343,False
Austria,2024-04-01,weekly_differenced,weekly_differenced_arima_p2_d0_q1,residual_acf,41,0.0039313303569286,0.0550331877796343,False
Austria,2024-04-01,weekly_differenced,weekly_differenced_arima_p2_d0_q1,residual_acf,42,-0.0024098773097722,0.0550331877796343,False
Austria,2024-04-01,weekly_differenced,weekly_differenced_arima_p2_d0_q1,residual_acf,43,0.0402406639659149,0.0550331877796343,False
Austria,2024-04-01,weekly_differenced,weekly_differenced_arima_p2_d0_q1,residual_acf,44,0.031228616219456,0.0550331877796343,False
Austria,2024-04-01,weekly_differenced,weekly_differenced_arima_p2_d0_q1,residual_acf,45,0.0194990749201225,0.0550331877796343,False
Austria,2024-04-01,weekly_differenced,weekly_differenced_arima_p2_d0_q1,residual_acf,46,0.0647951823029369,0.0550331877796343,True
Austria,2024-04-01,weekly_differenced,weekly_differenced_arima_p2_d0_q1,residual_acf,47,-0.0186133962318009,0.0550331877796343,False
Austria,2024-04-01,weekly_differenced,weekly_differenced_arima_p2_d0_q1,residual_acf,48,0.1346466627935089,0.0550331877796343,True
Austria,2024-04-01,weekly_differenced,weekly_differenced_arima_p2_d0_q1,residual_acf,5,-0.0999125548114443,0.0550331877796343,True
Austria,2024-04-01,weekly_differenced,weekly_differenced_arima_p2_d0_q1,residual_acf,6,3.100448981493171e-05,0.0550331877796343,False
Austria,2024-04-01,weekly_differenced,weekly_differenced_arima_p2_d0_q1,residual_acf,7,-0.0434028948340335,0.0550331877796343,False
Austria,2024-04-01,weekly_differenced,weekly_differenced_arima_p2_d0_q1,residual_acf,8,0.0180264847774743,0.0550331877796343,False
Austria,2024-04-01,weekly_differenced,weekly_differenced_arima_p2_d0_q1,residual_acf,9,-0.0021247070088911,0.0550331877796343,False
Austria,2024-04-01,weekly_differenced,weekly_differenced_arima_p2_d0_q2,ljung_box_pvalue,24,4.142022738227161e-26,0.01,True
Austria,2024-04-01,weekly_differenced,weekly_differenced_arima_p2_d0_q2,ljung_box_pvalue,48,6.696069173158191e-31,0.01,True
Austria,2024-04-01,weekly_differenced,weekly_differenced_arima_p2_d0_q2,ljung_box_statistic,24,171.64842176075595,0.01,True
Austria,2024-04-01,weekly_differenced,weekly_differenced_arima_p2_d0_q2,ljung_box_statistic,48,251.61871493283155,0.01,True
Austria,2024-04-01,weekly_differenced,weekly_differenced_arima_p2_d0_q2,residual_acf,1,0.004968757039772,0.0550331877796343,False
Austria,2024-04-01,weekly_differenced,weekly_differenced_arima_p2_d0_q2,residual_acf,10,0.0065365297690311,0.0550331877796343,False
Austria,2024-04-01,weekly_differenced,weekly_differenced_arima_p2_d0_q2,residual_acf,11,0.0042137230597078,0.0550331877796343,False
Austria,2024-04-01,weekly_differenced,weekly_differenced_arima_p2_d0_q2,residual_acf,12,0.080132168035274,0.0550331877796343,True
Austria,2024-04-01,weekly_differenced,weekly_differenced_arima_p2_d0_q2,residual_acf,13,-0.0188310754121035,0.0550331877796343,False
Austria,2024-04-01,weekly_differenced,weekly_differenced_arima_p2_d0_q2,residual_acf,14,-0.0114854159393394,0.0550331877796343,False
Austria,2024-04-01,weekly_differenced,weekly_differenced_arima_p2_d0_q2,residual_acf,15,-0.0049410678896272,0.0550331877796343,False
Austria,2024-04-01,weekly_differenced,weekly_differenced_arima_p2_d0_q2,residual_acf,16,-0.0060518353375591,0.0550331877796343,False
Austria,2024-04-01,weekly_differenced,weekly_differenced_arima_p2_d0_q2,residual_acf,17,-0.016788886357512,0.0550331877796343,False
Austria,2024-04-01,weekly_differenced,weekly_differenced_arima_p2_d0_q2,residual_acf,18,0.0179748632243514,0.0550331877796343,False
Austria,2024-04-01,weekly_differenced,weekly_differenced_arima_p2_d0_q2,residual_acf,19,0.0042374430078633,0.0550331877796343,False
Austria,2024-04-01,weekly_differenced,weekly_differenced_arima_p2_d0_q2,residual_acf,2,0.0044223287497438,0.0550331877796343,False
Austria,2024-04-01,weekly_differenced,weekly_differenced_arima_p2_d0_q2,residual_acf,20,0.0260594805520729,0.0550331877796343,False
Austria,2024-04-01,weekly_differenced,weekly_differenced_arima_p2_d0_q2,residual_acf,21,-0.0358168825493826,0.0550331877796343,False
Austria,2024-04-01,weekly_differenced,weekly_differenced_arima_p2_d0_q2,residual_acf,22,0.0033985099475966,0.0550331877796343,False
Austria,2024-04-01,weekly_differenced,weekly_differenced_arima_p2_d0_q2,residual_acf,23,0.1044993477581798,0.0550331877796343,True
Austria,2024-04-01,weekly_differenced,weekly_differenced_arima_p2_d0_q2,residual_acf,24,0.2013744851657668,0.0550331877796343,True
Austria,2024-04-01,weekly_differenced,weekly_differenced_arima_p2_d0_q2,residual_acf,25,0.0176165293321434,0.0550331877796343,False
Austria,2024-04-01,weekly_differenced,weekly_differenced_arima_p2_d0_q2,residual_acf,26,0.0281402902078814,0.0550331877796343,False
Austria,2024-04-01,weekly_differenced,weekly_differenced_arima_p2_d0_q2,residual_acf,27,-0.0165918263737179,0.0550331877796343,False
Austria,2024-04-01,weekly_differenced,weekly_differenced_arima_p2_d0_q2,residual_acf,28,-0.0582837124921152,0.0550331877796343,True
Austria,2024-04-01,weekly_differenced,weekly_differenced_arima_p2_d0_q2,residual_acf,29,-0.0153262205311673,0.0550331877796343,False
Austria,2024-04-01,weekly_differenced,weekly_differenced_arima_p2_d0_q2,residual_acf,3,0.0019537922041618,0.0550331877796343,False
Austria,2024-04-01,weekly_differenced,weekly_differenced_arima_p2_d0_q2,residual_acf,30,0.0139060023969979,0.0550331877796343,False
Austria,2024-04-01,weekly_differenced,weekly_differenced_arima_p2_d0_q2,residual_acf,31,-0.0226955917135571,0.0550331877796343,False
Austria,2024-04-01,weekly_differenced,weekly_differenced_arima_p2_d0_q2,residual_acf,32,0.0494429809063768,0.0550331877796343,False
Austria,2024-04-01,weekly_differenced,weekly_differenced_arima_p2_d0_q2,residual_acf,33,0.0054970361321926,0.0550331877796343,False
Austria,2024-04-01,weekly_differenced,weekly_differenced_arima_p2_d0_q2,residual_acf,34,0.0035047912291223,0.0550331877796343,False
Austria,2024-04-01,weekly_differenced,weekly_differenced_arima_p2_d0_q2,residual_acf,35,0.0249060598248753,0.0550331877796343,False
Austria,2024-04-01,weekly_differenced,weekly_differenced_arima_p2_d0_q2,residual_acf,36,0.0399436102604632,0.0550331877796343,False
Austria,2024-04-01,weekly_differenced,weekly_differenced_arima_p2_d0_q2,residual_acf,37,0.013254189467932,0.0550331877796343,False
Austria,2024-04-01,weekly_differenced,weekly_differenced_arima_p2_d0_q2,residual_acf,38,-0.0065995326065518,0.0550331877796343,False
Austria,2024-04-01,weekly_differenced,weekly_differenced_arima_p2_d0_q2,residual_acf,39,-0.016730280311379,0.0550331877796343,False
Austria,2024-04-01,weekly_differenced,weekly_differenced_arima_p2_d0_q2,residual_acf,4,-0.0705999041202565,0.0550331877796343,True
Austria,2024-04-01,weekly_differenced,weekly_differenced_arima_p2_d0_q2,residual_acf,40,0.0093087444018851,0.0550331877796343,False
Austria,2024-04-01,weekly_differenced,weekly_differenced_arima_p2_d0_q2,residual_acf,41,0.002392883085262,0.0550331877796343,False
Austria,2024-04-01,weekly_differenced,weekly_differenced_arima_p2_d0_q2,residual_acf,42,-0.0053271114350768,0.0550331877796343,False
Austria,2024-04-01,weekly_differenced,weekly_differenced_arima_p2_d0_q2,residual_acf,43,0.0419903743539782,0.0550331877796343,False
Austria,2024-04-01,weekly_differenced,weekly_differenced_arima_p2_d0_q2,residual_acf,44,0.0265878115307229,0.0550331877796343,False
Austria,2024-04-01,weekly_differenced,weekly_differenced_arima_p2_d0_q2,residual_acf,45,0.025379108622436,0.0550331877796343,False
Austria,2024-04-01,weekly_differenced,weekly_differenced_arima_p2_d0_q2,residual_acf,46,0.0612306438676231,0.0550331877796343,True
Austria,2024-04-01,weekly_differenced,weekly_differenced_arima_p2_d0_q2,residual_acf,47,-0.0215525495587058,0.0550331877796343,False
Austria,2024-04-01,weekly_differenced,weekly_differenced_arima_p2_d0_q2,residual_acf,48,0.1318924280199349,0.0550331877796343,True
Austria,2024-04-01,weekly_differenced,weekly_differenced_arima_p2_d0_q2,residual_acf,5,-0.0957557478269853,0.0550331877796343,True
Austria,2024-04-01,weekly_differenced,weekly_differenced_arima_p2_d0_q2,residual_acf,6,-0.0001292348601228,0.0550331877796343,False
Austria,2024-04-01,weekly_differenced,weekly_differenced_arima_p2_d0_q2,residual_acf,7,-0.0474996664593711,0.0550331877796343,False
Austria,2024-04-01,weekly_differenced,weekly_differenced_arima_p2_d0_q2,residual_acf,8,0.0070780601946796,0.0550331877796343,False
Austria,2024-04-01,weekly_differenced,weekly_differenced_arima_p2_d0_q2,residual_acf,9,-0.0005863370350754,0.0550331877796343,False
Austria,2024-04-01,weekly_differenced,weekly_differenced_arima_p3_d0_q1,ljung_box_pvalue,24,2.2100821596619133e-19,0.01,True
Austria,2024-04-01,weekly_differenced,weekly_differenced_arima_p3_d0_q1,ljung_box_pvalue,48,5.937680293062163e-22,0.01,True
Austria,2024-04-01,weekly_differenced,weekly_differenced_arima_p3_d0_q1,ljung_box_statistic,24,136.61903825318893,0.01,True
Austria,2024-04-01,weekly_differenced,weekly_differenced_arima_p3_d0_q1,ljung_box_statistic,48,201.10057512320137,0.01,True
Austria,2024-04-01,weekly_differenced,weekly_differenced_arima_p3_d0_q1,residual_acf,1,0.0298182154828554,0.0550331877796343,False
Austria,2024-04-01,weekly_differenced,weekly_differenced_arima_p3_d0_q1,residual_acf,10,-0.008182495083029,0.0550331877796343,False
Austria,2024-04-01,weekly_differenced,weekly_differenced_arima_p3_d0_q1,residual_acf,11,-0.0182967825643238,0.0550331877796343,False
Austria,2024-04-01,weekly_differenced,weekly_differenced_arima_p3_d0_q1,residual_acf,12,0.0514707095864733,0.0550331877796343,False
Austria,2024-04-01,weekly_differenced,weekly_differenced_arima_p3_d0_q1,residual_acf,13,-0.0469274321698122,0.0550331877796343,False
Austria,2024-04-01,weekly_differenced,weekly_differenced_arima_p3_d0_q1,residual_acf,14,-0.0409376321012202,0.0550331877796343,False
Austria,2024-04-01,weekly_differenced,weekly_differenced_arima_p3_d0_q1,residual_acf,15,-0.0350542900677437,0.0550331877796343,False
Austria,2024-04-01,weekly_differenced,weekly_differenced_arima_p3_d0_q1,residual_acf,16,-0.0258118920454407,0.0550331877796343,False
Austria,2024-04-01,weekly_differenced,weekly_differenced_arima_p3_d0_q1,residual_acf,17,-0.0324721958054058,0.0550331877796343,False
Austria,2024-04-01,weekly_differenced,weekly_differenced_arima_p3_d0_q1,residual_acf,18,0.0083150433874449,0.0550331877796343,False
Austria,2024-04-01,weekly_differenced,weekly_differenced_arima_p3_d0_q1,residual_acf,19,-0.0050237594741847,0.0550331877796343,False
Austria,2024-04-01,weekly_differenced,weekly_differenced_arima_p3_d0_q1,residual_acf,2,-0.0023839427887965,0.0550331877796343,False
Austria,2024-04-01,weekly_differenced,weekly_differenced_arima_p3_d0_q1,residual_acf,20,0.0017534390220571,0.0550331877796343,False
Austria,2024-04-01,weekly_differenced,weekly_differenced_arima_p3_d0_q1,residual_acf,21,-0.0767074201670814,0.0550331877796343,True
Austria,2024-04-01,weekly_differenced,weekly_differenced_arima_p3_d0_q1,residual_acf,22,-0.0318521977879064,0.0550331877796343,False
Austria,2024-04-01,weekly_differenced,weekly_differenced_arima_p3_d0_q1,residual_acf,23,0.0759714765853167,0.0550331877796343,True
Austria,2024-04-01,weekly_differenced,weekly_differenced_arima_p3_d0_q1,residual_acf,24,0.1791222501482274,0.0550331877796343,True
Austria,2024-04-01,weekly_differenced,weekly_differenced_arima_p3_d0_q1,residual_acf,25,-0.0007922947331679,0.0550331877796343,False
Austria,2024-04-01,weekly_differenced,weekly_differenced_arima_p3_d0_q1,residual_acf,26,-0.0004568034034597,0.0550331877796343,False
Austria,2024-04-01,weekly_differenced,weekly_differenced_arima_p3_d0_q1,residual_acf,27,-0.0423155781473045,0.0550331877796343,False
Austria,2024-04-01,weekly_differenced,weekly_differenced_arima_p3_d0_q1,residual_acf,28,-0.0637074846972601,0.0550331877796343,True
Austria,2024-04-01,weekly_differenced,weekly_differenced_arima_p3_d0_q1,residual_acf,29,-0.0208428613938865,0.0550331877796343,False
Austria,2024-04-01,weekly_differenced,weekly_differenced_arima_p3_d0_q1,residual_acf,3,-0.0280259007735278,0.0550331877796343,False
Austria,2024-04-01,weekly_differenced,weekly_differenced_arima_p3_d0_q1,residual_acf,30,0.0106387414646718,0.0550331877796343,False
Austria,2024-04-01,weekly_differenced,weekly_differenced_arima_p3_d0_q1,residual_acf,31,-0.0267893775089597,0.0550331877796343,False
Austria,2024-04-01,weekly_differenced,weekly_differenced_arima_p3_d0_q1,residual_acf,32,0.0320140182845263,0.0550331877796343,False
Austria,2024-04-01,weekly_differenced,weekly_differenced_arima_p3_d0_q1,residual_acf,33,-0.0187364394366286,0.0550331877796343,False
Austria,2024-04-01,weekly_differenced,weekly_differenced_arima_p3_d0_q1,residual_acf,34,-0.0215565033365533,0.0550331877796343,False
Austria,2024-04-01,weekly_differenced,weekly_differenced_arima_p3_d0_q1,residual_acf,35,-3.6230998344298944e-05,0.0550331877796343,False
Austria,2024-04-01,weekly_differenced,weekly_differenced_arima_p3_d0_q1,residual_acf,36,0.0220340390834206,0.0550331877796343,False
Austria,2024-04-01,weekly_differenced,weekly_differenced_arima_p3_d0_q1,residual_acf,37,-0.0026105061881484,0.0550331877796343,False
Austria,2024-04-01,weekly_differenced,weekly_differenced_arima_p3_d0_q1,residual_acf,38,-0.0212158155865427,0.0550331877796343,False
Austria,2024-04-01,weekly_differenced,weekly_differenced_arima_p3_d0_q1,residual_acf,39,-0.0271151988903434,0.0550331877796343,False
Austria,2024-04-01,weekly_differenced,weekly_differenced_arima_p3_d0_q1,residual_acf,4,-0.0128890526245056,0.0550331877796343,False
Austria,2024-04-01,weekly_differenced,weekly_differenced_arima_p3_d0_q1,residual_acf,40,0.0011163717084955,0.0550331877796343,False
Austria,2024-04-01,weekly_differenced,weekly_differenced_arima_p3_d0_q1,residual_acf,41,-0.0025628034488857,0.0550331877796343,False
Austria,2024-04-01,weekly_differenced,weekly_differenced_arima_p3_d0_q1,residual_acf,42,-0.0096177711088906,0.0550331877796343,False
Austria,2024-04-01,weekly_differenced,weekly_differenced_arima_p3_d0_q1,residual_acf,43,0.0324589668154841,0.0550331877796343,False
Austria,2024-04-01,weekly_differenced,weekly_differenced_arima_p3_d0_q1,residual_acf,44,0.0197375884769067,0.0550331877796343,False
Austria,2024-04-01,weekly_differenced,weekly_differenced_arima_p3_d0_q1,residual_acf,45,0.0069754407243153,0.0550331877796343,False
Austria,2024-04-01,weekly_differenced,weekly_differenced_arima_p3_d0_q1,residual_acf,46,0.0383923696648421,0.0550331877796343,False
Austria,2024-04-01,weekly_differenced,weekly_differenced_arima_p3_d0_q1,residual_acf,47,-0.0346236298570752,0.0550331877796343,False
Austria,2024-04-01,weekly_differenced,weekly_differenced_arima_p3_d0_q1,residual_acf,48,0.1181201263765943,0.0550331877796343,True
Austria,2024-04-01,weekly_differenced,weekly_differenced_arima_p3_d0_q1,residual_acf,5,-0.025053136160413,0.0550331877796343,False
Austria,2024-04-01,weekly_differenced,weekly_differenced_arima_p3_d0_q1,residual_acf,6,0.0596148296955283,0.0550331877796343,True
Austria,2024-04-01,weekly_differenced,weekly_differenced_arima_p3_d0_q1,residual_acf,7,0.0006556532372599,0.0550331877796343,False
Austria,2024-04-01,weekly_differenced,weekly_differenced_arima_p3_d0_q1,residual_acf,8,0.0306064884369675,0.0550331877796343,False
Austria,2024-04-01,weekly_differenced,weekly_differenced_arima_p3_d0_q1,residual_acf,9,-0.0061856896237525,0.0550331877796343,False
Austria,2024-05-09,weekly_differenced,weekly_differenced_arima_p1_d0_q1,ljung_box_pvalue,24,2.5200114503373783e-124,0.01,True
Austria,2024-05-09,weekly_differenced,weekly_differenced_arima_p1_d0_q1,ljung_box_pvalue,48,8.111711800931122e-133,0.01,True
Austria,2024-05-09,weekly_differenced,weekly_differenced_arima_p1_d0_q1,ljung_box_statistic,24,654.8714213231414,0.01,True
Austria,2024-05-09,weekly_differenced,weekly_differenced_arima_p1_d0_q1,ljung_box_statistic,48,773.6247902319857,0.01,True
Austria,2024-05-09,weekly_differenced,weekly_differenced_arima_p1_d0_q1,residual_acf,1,0.1825117832415425,0.05,True
Austria,2024-05-09,weekly_differenced,weekly_differenced_arima_p1_d0_q1,residual_acf,10,-0.0132907399291479,0.05,False
Austria,2024-05-09,weekly_differenced,weekly_differenced_arima_p1_d0_q1,residual_acf,11,-0.052093752776677,0.05,True
Austria,2024-05-09,weekly_differenced,weekly_differenced_arima_p1_d0_q1,residual_acf,12,0.0068293600507674,0.05,False
Austria,2024-05-09,weekly_differenced,weekly_differenced_arima_p1_d0_q1,residual_acf,13,-0.0356247717608303,0.05,False
Austria,2024-05-09,weekly_differenced,weekly_differenced_arima_p1_d0_q1,residual_acf,14,-0.015815955840521,0.05,False
Austria,2024-05-09,weekly_differenced,weekly_differenced_arima_p1_d0_q1,residual_acf,15,-0.0384800024003525,0.05,False
Austria,2024-05-09,weekly_differenced,weekly_differenced_arima_p1_d0_q1,residual_acf,16,-0.0389800502375284,0.05,False
Austria,2024-05-09,weekly_differenced,weekly_differenced_arima_p1_d0_q1,residual_acf,17,-0.0201545973239424,0.05,False
Austria,2024-05-09,weekly_differenced,weekly_differenced_arima_p1_d0_q1,residual_acf,18,0.0169695568500808,0.05,False
Austria,2024-05-09,weekly_differenced,weekly_differenced_arima_p1_d0_q1,residual_acf,19,-0.0181697472762158,0.05,False
Austria,2024-05-09,weekly_differenced,weekly_differenced_arima_p1_d0_q1,residual_acf,2,0.2435141112219838,0.05,True
Austria,2024-05-09,weekly_differenced,weekly_differenced_arima_p1_d0_q1,residual_acf,20,0.0217327482465682,0.05,False
Austria,2024-05-09,weekly_differenced,weekly_differenced_arima_p1_d0_q1,residual_acf,21,-0.0053287635918036,0.05,False
Austria,2024-05-09,weekly_differenced,weekly_differenced_arima_p1_d0_q1,residual_acf,22,0.0688169995692936,0.05,True
Austria,2024-05-09,weekly_differenced,weekly_differenced_arima_p1_d0_q1,residual_acf,23,0.1170299793143636,0.05,True
Austria,2024-05-09,weekly_differenced,weekly_differenced_arima_p1_d0_q1,residual_acf,24,0.1946984042620466,0.05,True
Austria,2024-05-09,weekly_differenced,weekly_differenced_arima_p1_d0_q1,residual_acf,25,0.0504962162006097,0.05,True
Austria,2024-05-09,weekly_differenced,weekly_differenced_arima_p1_d0_q1,residual_acf,26,0.0339437777491698,0.05,False
Austria,2024-05-09,weekly_differenced,weekly_differenced_arima_p1_d0_q1,residual_acf,27,-0.0361571541363889,0.05,False
Austria,2024-05-09,weekly_differenced,weekly_differenced_arima_p1_d0_q1,residual_acf,28,-0.0620659033209137,0.05,True
Austria,2024-05-09,weekly_differenced,weekly_differenced_arima_p1_d0_q1,residual_acf,29,-0.0753804419488637,0.05,True
Austria,2024-05-09,weekly_differenced,weekly_differenced_arima_p1_d0_q1,residual_acf,3,-0.1005148116278617,0.05,True
Austria,2024-05-09,weekly_differenced,weekly_differenced_arima_p1_d0_q1,residual_acf,30,-0.0507399390615461,0.05,True
Austria,2024-05-09,weekly_differenced,weekly_differenced_arima_p1_d0_q1,residual_acf,31,-0.05163966334677,0.05,True
Austria,2024-05-09,weekly_differenced,weekly_differenced_arima_p1_d0_q1,residual_acf,32,-0.0039743641296684,0.05,False
Austria,2024-05-09,weekly_differenced,weekly_differenced_arima_p1_d0_q1,residual_acf,33,-0.0024228553535483,0.05,False
Austria,2024-05-09,weekly_differenced,weekly_differenced_arima_p1_d0_q1,residual_acf,34,0.0278545816567288,0.05,False
Austria,2024-05-09,weekly_differenced,weekly_differenced_arima_p1_d0_q1,residual_acf,35,0.0242669393080702,0.05,False
Austria,2024-05-09,weekly_differenced,weekly_differenced_arima_p1_d0_q1,residual_acf,36,0.0056326142104342,0.05,False
Austria,2024-05-09,weekly_differenced,weekly_differenced_arima_p1_d0_q1,residual_acf,37,0.002226598601314,0.05,False
Austria,2024-05-09,weekly_differenced,weekly_differenced_arima_p1_d0_q1,residual_acf,38,-0.018376523974099,0.05,False
Austria,2024-05-09,weekly_differenced,weekly_differenced_arima_p1_d0_q1,residual_acf,39,0.0075811046600911,0.05,False
Austria,2024-05-09,weekly_differenced,weekly_differenced_arima_p1_d0_q1,residual_acf,4,-0.0625990403886332,0.05,True
Austria,2024-05-09,weekly_differenced,weekly_differenced_arima_p1_d0_q1,residual_acf,40,-0.0039388600846382,0.05,False
Austria,2024-05-09,weekly_differenced,weekly_differenced_arima_p1_d0_q1,residual_acf,41,0.0084975312296215,0.05,False
Austria,2024-05-09,weekly_differenced,weekly_differenced_arima_p1_d0_q1,residual_acf,42,0.0051153130405861,0.05,False
Austria,2024-05-09,weekly_differenced,weekly_differenced_arima_p1_d0_q1,residual_acf,43,0.0123841128349695,0.05,False
Austria,2024-05-09,weekly_differenced,weekly_differenced_arima_p1_d0_q1,residual_acf,44,0.0209022302115504,0.05,False
Austria,2024-05-09,weekly_differenced,weekly_differenced_arima_p1_d0_q1,residual_acf,45,0.0239040208769069,0.05,False
Austria,2024-05-09,weekly_differenced,weekly_differenced_arima_p1_d0_q1,residual_acf,46,0.0426167861107448,0.05,False
Austria,2024-05-09,weekly_differenced,weekly_differenced_arima_p1_d0_q1,residual_acf,47,0.0230592322523536,0.05,False
Austria,2024-05-09,weekly_differenced,weekly_differenced_arima_p1_d0_q1,residual_acf,48,0.112143977851457,0.05,True
Austria,2024-05-09,weekly_differenced,weekly_differenced_arima_p1_d0_q1,residual_acf,5,-0.1519399451483763,0.05,True
Austria,2024-05-09,weekly_differenced,weekly_differenced_arima_p1_d0_q1,residual_acf,6,-0.0534005990965325,0.05,True
Austria,2024-05-09,weekly_differenced,weekly_differenced_arima_p1_d0_q1,residual_acf,7,-0.0939087022434274,0.05,True
Austria,2024-05-09,weekly_differenced,weekly_differenced_arima_p1_d0_q1,residual_acf,8,-0.0332958557328693,0.05,False
Austria,2024-05-09,weekly_differenced,weekly_differenced_arima_p1_d0_q1,residual_acf,9,-0.050495015224763,0.05,True
Austria,2024-05-09,weekly_differenced,weekly_differenced_arima_p2_d0_q0,ljung_box_pvalue,24,1.8225283595156784e-62,0.01,True
Austria,2024-05-09,weekly_differenced,weekly_differenced_arima_p2_d0_q0,ljung_box_pvalue,48,2.1459880216117982e-68,0.01,True
Austria,2024-05-09,weekly_differenced,weekly_differenced_arima_p2_d0_q0,ljung_box_statistic,24,357.9717040657733,0.01,True
Austria,2024-05-09,weekly_differenced,weekly_differenced_arima_p2_d0_q0,ljung_box_statistic,48,453.5380810843054,0.01,True
Austria,2024-05-09,weekly_differenced,weekly_differenced_arima_p2_d0_q0,residual_acf,1,0.1356952012291384,0.05,True
Austria,2024-05-09,weekly_differenced,weekly_differenced_arima_p2_d0_q0,residual_acf,10,0.0263130712195405,0.05,False
Austria,2024-05-09,weekly_differenced,weekly_differenced_arima_p2_d0_q0,residual_acf,11,-0.0017636206699258,0.05,False
Austria,2024-05-09,weekly_differenced,weekly_differenced_arima_p2_d0_q0,residual_acf,12,0.0507814884146446,0.05,True
Austria,2024-05-09,weekly_differenced,weekly_differenced_arima_p2_d0_q0,residual_acf,13,0.0167351857491517,0.05,False
Austria,2024-05-09,weekly_differenced,weekly_differenced_arima_p2_d0_q0,residual_acf,14,0.0210876134706242,0.05,False
Austria,2024-05-09,weekly_differenced,weekly_differenced_arima_p2_d0_q0,residual_acf,15,0.0027045519331559,0.05,False
Austria,2024-05-09,weekly_differenced,weekly_differenced_arima_p2_d0_q0,residual_acf,16,-0.0183510077460417,0.05,False
Austria,2024-05-09,weekly_differenced,weekly_differenced_arima_p2_d0_q0,residual_acf,17,0.024810355138477,0.05,False
Austria,2024-05-09,weekly_differenced,weekly_differenced_arima_p2_d0_q0,residual_acf,18,0.0515455590248423,0.05,True
Austria,2024-05-09,weekly_differenced,weekly_differenced_arima_p2_d0_q0,residual_acf,19,0.010198011397458,0.05,False
Austria,2024-05-09,weekly_differenced,weekly_differenced_arima_p2_d0_q0,residual_acf,2,-0.0568136942469827,0.05,True
Austria,2024-05-09,weekly_differenced,weekly_differenced_arima_p2_d0_q0,residual_acf,20,0.0171149981686835,0.05,False
Austria,2024-05-09,weekly_differenced,weekly_differenced_arima_p2_d0_q0,residual_acf,21,-0.0290255510123974,0.05,False
Austria,2024-05-09,weekly_differenced,weekly_differenced_arima_p2_d0_q0,residual_acf,22,0.0073517045892207,0.05,False
Austria,2024-05-09,weekly_differenced,weekly_differenced_arima_p2_d0_q0,residual_acf,23,0.1266460378666629,0.05,True
Austria,2024-05-09,weekly_differenced,weekly_differenced_arima_p2_d0_q0,residual_acf,24,0.2017397467717933,0.05,True
Austria,2024-05-09,weekly_differenced,weekly_differenced_arima_p2_d0_q0,residual_acf,25,0.035061754941464,0.05,False
Austria,2024-05-09,weekly_differenced,weekly_differenced_arima_p2_d0_q0,residual_acf,26,0.0080512216372202,0.05,False
Austria,2024-05-09,weekly_differenced,weekly_differenced_arima_p2_d0_q0,residual_acf,27,-0.0119208809247487,0.05,False
Austria,2024-05-09,weekly_differenced,weekly_differenced_arima_p2_d0_q0,residual_acf,28,-0.0393112376509119,0.05,False
Austria,2024-05-09,weekly_differenced,weekly_differenced_arima_p2_d0_q0,residual_acf,29,-0.0266964069156214,0.05,False
Austria,2024-05-09,weekly_differenced,weekly_differenced_arima_p2_d0_q0,residual_acf,3,-0.1064920107223625,0.05,True
Austria,2024-05-09,weekly_differenced,weekly_differenced_arima_p2_d0_q0,residual_acf,30,-0.0054972972822834,0.05,False
Austria,2024-05-09,weekly_differenced,weekly_differenced_arima_p2_d0_q0,residual_acf,31,-0.0074008264277679,0.05,False
Austria,2024-05-09,weekly_differenced,weekly_differenced_arima_p2_d0_q0,residual_acf,32,0.0266386957018644,0.05,False
Austria,2024-05-09,weekly_differenced,weekly_differenced_arima_p2_d0_q0,residual_acf,33,0.0257668525667794,0.05,False
Austria,2024-05-09,weekly_differenced,weekly_differenced_arima_p2_d0_q0,residual_acf,34,0.0500238969762582,0.05,True
Austria,2024-05-09,weekly_differenced,weekly_differenced_arima_p2_d0_q0,residual_acf,35,0.0457027281375969,0.05,False
Austria,2024-05-09,weekly_differenced,weekly_differenced_arima_p2_d0_q0,residual_acf,36,0.0191449827289697,0.05,False
Austria,2024-05-09,weekly_differenced,weekly_differenced_arima_p2_d0_q0,residual_acf,37,0.007182285513125,0.05,False
Austria,2024-05-09,weekly_differenced,weekly_differenced_arima_p2_d0_q0,residual_acf,38,-0.0086840979796296,0.05,False
Austria,2024-05-09,weekly_differenced,weekly_differenced_arima_p2_d0_q0,residual_acf,39,0.0261585004762406,0.05,False
Austria,2024-05-09,weekly_differenced,weekly_differenced_arima_p2_d0_q0,residual_acf,4,-0.1021130679828158,0.05,True
Austria,2024-05-09,weekly_differenced,weekly_differenced_arima_p2_d0_q0,residual_acf,40,0.0177658632544483,0.05,False
Austria,2024-05-09,weekly_differenced,weekly_differenced_arima_p2_d0_q0,residual_acf,41,0.0194621957084286,0.05,False
Austria,2024-05-09,weekly_differenced,weekly_differenced_arima_p2_d0_q0,residual_acf,42,0.0163108177653125,0.05,False
Austria,2024-05-09,weekly_differenced,weekly_differenced_arima_p2_d0_q0,residual_acf,43,0.0190965759874129,0.05,False
Austria,2024-05-09,weekly_differenced,weekly_differenced_arima_p2_d0_q0,residual_acf,44,0.0217189193099792,0.05,False
Austria,2024-05-09,weekly_differenced,weekly_differenced_arima_p2_d0_q0,residual_acf,45,0.0292221727498171,0.05,False
Austria,2024-05-09,weekly_differenced,weekly_differenced_arima_p2_d0_q0,residual_acf,46,0.0117467407670051,0.05,False
Austria,2024-05-09,weekly_differenced,weekly_differenced_arima_p2_d0_q0,residual_acf,47,0.0133070527707746,0.05,False
Austria,2024-05-09,weekly_differenced,weekly_differenced_arima_p2_d0_q0,residual_acf,48,0.1283945514654435,0.05,True
Austria,2024-05-09,weekly_differenced,weekly_differenced_arima_p2_d0_q0,residual_acf,5,-0.0631655472567919,0.05,True
Austria,2024-05-09,weekly_differenced,weekly_differenced_arima_p2_d0_q0,residual_acf,6,0.0198227103166516,0.05,False
Austria,2024-05-09,weekly_differenced,weekly_differenced_arima_p2_d0_q0,residual_acf,7,0.0044026235768891,0.05,False
Austria,2024-05-09,weekly_differenced,weekly_differenced_arima_p2_d0_q0,residual_acf,8,0.023265758915444,0.05,False
Austria,2024-05-09,weekly_differenced,weekly_differenced_arima_p2_d0_q0,residual_acf,9,0.0283062890603083,0.05,False
Austria,2024-05-09,weekly_differenced,weekly_differenced_arima_p2_d0_q1,ljung_box_pvalue,24,6.1825902189439245e-34,0.01,True
Austria,2024-05-09,weekly_differenced,weekly_differenced_arima_p2_d0_q1,ljung_box_pvalue,48,3.328127236438714e-38,0.01,True
Austria,2024-05-09,weekly_differenced,weekly_differenced_arima_p2_d0_q1,ljung_box_statistic,24,214.020620052724,0.01,True
Austria,2024-05-09,weekly_differenced,weekly_differenced_arima_p2_d0_q1,ljung_box_statistic,48,293.59506386943565,0.01,True
Austria,2024-05-09,weekly_differenced,weekly_differenced_arima_p2_d0_q1,residual_acf,1,0.0144071105582536,0.05,False
Austria,2024-05-09,weekly_differenced,weekly_differenced_arima_p2_d0_q1,residual_acf,10,0.0185094899845817,0.05,False
Austria,2024-05-09,weekly_differenced,weekly_differenced_arima_p2_d0_q1,residual_acf,11,-0.0206631564272595,0.05,False
Austria,2024-05-09,weekly_differenced,weekly_differenced_arima_p2_d0_q1,residual_acf,12,0.0442249329100508,0.05,False
Austria,2024-05-09,weekly_differenced,weekly_differenced_arima_p2_d0_q1,residual_acf,13,-0.0023973689580166,0.05,False
Austria,2024-05-09,weekly_differenced,weekly_differenced_arima_p2_d0_q1,residual_acf,14,0.0141504966351017,0.05,False
Austria,2024-05-09,weekly_differenced,weekly_differenced_arima_p2_d0_q1,residual_acf,15,-0.0011228965307226,0.05,False
Austria,2024-05-09,weekly_differenced,weekly_differenced_arima_p2_d0_q1,residual_acf,16,-0.0231747695493313,0.05,False
Austria,2024-05-09,weekly_differenced,weekly_differenced_arima_p2_d0_q1,residual_acf,17,0.0146307290848631,0.05,False
Austria,2024-05-09,weekly_differenced,weekly_differenced_arima_p2_d0_q1,residual_acf,18,0.0435292479019667,0.05,False
Austria,2024-05-09,weekly_differenced,weekly_differenced_arima_p2_d0_q1,residual_acf,19,-0.0024912515604105,0.05,False
Austria,2024-05-09,weekly_differenced,weekly_differenced_arima_p2_d0_q1,residual_acf,2,0.0392275369447959,0.05,False
Austria,2024-05-09,weekly_differenced,weekly_differenced_arima_p2_d0_q1,residual_acf,20,0.0275455137771421,0.05,False
Austria,2024-05-09,weekly_differenced,weekly_differenced_arima_p2_d0_q1,residual_acf,21,-0.0182962895343589,0.05,False
Austria,2024-05-09,weekly_differenced,weekly_differenced_arima_p2_d0_q1,residual_acf,22,0.0176055063903337,0.05,False
Austria,2024-05-09,weekly_differenced,weekly_differenced_arima_p2_d0_q1,residual_acf,23,0.1015079893488654,0.05,True
Austria,2024-05-09,weekly_differenced,weekly_differenced_arima_p2_d0_q1,residual_acf,24,0.1868100733135857,0.05,True
Austria,2024-05-09,weekly_differenced,weekly_differenced_arima_p2_d0_q1,residual_acf,25,0.0144775959861692,0.05,False
Austria,2024-05-09,weekly_differenced,weekly_differenced_arima_p2_d0_q1,residual_acf,26,0.0193176694595694,0.05,False
Austria,2024-05-09,weekly_differenced,weekly_differenced_arima_p2_d0_q1,residual_acf,27,-0.0078615602829917,0.05,False
Austria,2024-05-09,weekly_differenced,weekly_differenced_arima_p2_d0_q1,residual_acf,28,-0.0376848983757555,0.05,False
Austria,2024-05-09,weekly_differenced,weekly_differenced_arima_p2_d0_q1,residual_acf,29,-0.0287492909387379,0.05,False
Austria,2024-05-09,weekly_differenced,weekly_differenced_arima_p2_d0_q1,residual_acf,3,-0.0666811970725824,0.05,True
Austria,2024-05-09,weekly_differenced,weekly_differenced_arima_p2_d0_q1,residual_acf,30,-0.0091134125797167,0.05,False
Austria,2024-05-09,weekly_differenced,weekly_differenced_arima_p2_d0_q1,residual_acf,31,-0.0183798395623218,0.05,False
Austria,2024-05-09,weekly_differenced,weekly_differenced_arima_p2_d0_q1,residual_acf,32,0.0218017197320041,0.05,False
Austria,2024-05-09,weekly_differenced,weekly_differenced_arima_p2_d0_q1,residual_acf,33,0.011849172333841,0.05,False
Austria,2024-05-09,weekly_differenced,weekly_differenced_arima_p2_d0_q1,residual_acf,34,0.0396706473685814,0.05,False
Austria,2024-05-09,weekly_differenced,weekly_differenced_arima_p2_d0_q1,residual_acf,35,0.0353435815279615,0.05,False
Austria,2024-05-09,weekly_differenced,weekly_differenced_arima_p2_d0_q1,residual_acf,36,0.0123520209640537,0.05,False
Austria,2024-05-09,weekly_differenced,weekly_differenced_arima_p2_d0_q1,residual_acf,37,0.0102303093543412,0.05,False
Austria,2024-05-09,weekly_differenced,weekly_differenced_arima_p2_d0_q1,residual_acf,38,-0.0116531043539576,0.05,False
Austria,2024-05-09,weekly_differenced,weekly_differenced_arima_p2_d0_q1,residual_acf,39,0.0253768940471847,0.05,False
Austria,2024-05-09,weekly_differenced,weekly_differenced_arima_p2_d0_q1,residual_acf,4,-0.0711998694652674,0.05,True
Austria,2024-05-09,weekly_differenced,weekly_differenced_arima_p2_d0_q1,residual_acf,40,0.0096368126451069,0.05,False
Austria,2024-05-09,weekly_differenced,weekly_differenced_arima_p2_d0_q1,residual_acf,41,0.0172337612095094,0.05,False
Austria,2024-05-09,weekly_differenced,weekly_differenced_arima_p2_d0_q1,residual_acf,42,0.0126819692909585,0.05,False
Austria,2024-05-09,weekly_differenced,weekly_differenced_arima_p2_d0_q1,residual_acf,43,0.0174259120074401,0.05,False
Austria,2024-05-09,weekly_differenced,weekly_differenced_arima_p2_d0_q1,residual_acf,44,0.0185592399523341,0.05,False
Austria,2024-05-09,weekly_differenced,weekly_differenced_arima_p2_d0_q1,residual_acf,45,0.028710364250753,0.05,False
Austria,2024-05-09,weekly_differenced,weekly_differenced_arima_p2_d0_q1,residual_acf,46,0.0200466861551326,0.05,False
Austria,2024-05-09,weekly_differenced,weekly_differenced_arima_p2_d0_q1,residual_acf,47,-0.0001065781981457,0.05,False
Austria,2024-05-09,weekly_differenced,weekly_differenced_arima_p2_d0_q1,residual_acf,48,0.1227608023943853,0.05,True
Austria,2024-05-09,weekly_differenced,weekly_differenced_arima_p2_d0_q1,residual_acf,5,-0.0663986476574852,0.05,True
Austria,2024-05-09,weekly_differenced,weekly_differenced_arima_p2_d0_q1,residual_acf,6,0.0112284846691128,0.05,False
Austria,2024-05-09,weekly_differenced,weekly_differenced_arima_p2_d0_q1,residual_acf,7,-0.0206520438742278,0.05,False
Austria,2024-05-09,weekly_differenced,weekly_differenced_arima_p2_d0_q1,residual_acf,8,0.008525566207988,0.05,False
Austria,2024-05-09,weekly_differenced,weekly_differenced_arima_p2_d0_q1,residual_acf,9,0.0076343060341101,0.05,False
Austria,2024-05-09,weekly_differenced,weekly_differenced_arima_p2_d0_q2,ljung_box_pvalue,24,8.917904546442395e-30,0.01,True
Austria,2024-05-09,weekly_differenced,weekly_differenced_arima_p2_d0_q2,ljung_box_pvalue,48,7.979822836791844e-34,0.01,True
Austria,2024-05-09,weekly_differenced,weekly_differenced_arima_p2_d0_q2,ljung_box_statistic,24,190.3770836145858,0.01,True
Austria,2024-05-09,weekly_differenced,weekly_differenced_arima_p2_d0_q2,ljung_box_statistic,48,267.6549990612348,0.01,True
Austria,2024-05-09,weekly_differenced,weekly_differenced_arima_p2_d0_q2,residual_acf,1,0.0047676333019057,0.05,False
Austria,2024-05-09,weekly_differenced,weekly_differenced_arima_p2_d0_q2,residual_acf,10,0.0103119366933898,0.05,False
Austria,2024-05-09,weekly_differenced,weekly_differenced_arima_p2_d0_q2,residual_acf,11,-0.0250228864899586,0.05,False
Austria,2024-05-09,weekly_differenced,weekly_differenced_arima_p2_d0_q2,residual_acf,12,0.040042008183513,0.05,False
Austria,2024-05-09,weekly_differenced,weekly_differenced_arima_p2_d0_q2,residual_acf,13,-0.0070570706300221,0.05,False
Austria,2024-05-09,weekly_differenced,weekly_differenced_arima_p2_d0_q2,residual_acf,14,0.0097039943886757,0.05,False
Austria,2024-05-09,weekly_differenced,weekly_differenced_arima_p2_d0_q2,residual_acf,15,0.0004155711333065,0.05,False
Austria,2024-05-09,weekly_differenced,weekly_differenced_arima_p2_d0_q2,residual_acf,16,-0.0289151262111629,0.05,False
Austria,2024-05-09,weekly_differenced,weekly_differenced_arima_p2_d0_q2,residual_acf,17,0.0139347660477384,0.05,False
Austria,2024-05-09,weekly_differenced,weekly_differenced_arima_p2_d0_q2,residual_acf,18,0.0401080427443993,0.05,False
Austria,2024-05-09,weekly_differenced,weekly_differenced_arima_p2_d0_q2,residual_acf,19,-0.0057141596384744,0.05,False
Austria,2024-05-09,weekly_differenced,weekly_differenced_arima_p2_d0_q2,residual_acf,2,0.0047876086612081,0.05,False
Austria,2024-05-09,weekly_differenced,weekly_differenced_arima_p2_d0_q2,residual_acf,20,0.031403213957799,0.05,False
Austria,2024-05-09,weekly_differenced,weekly_differenced_arima_p2_d0_q2,residual_acf,21,-0.0092879578393813,0.05,False
Austria,2024-05-09,weekly_differenced,weekly_differenced_arima_p2_d0_q2,residual_acf,22,0.0083271751934772,0.05,False
Austria,2024-05-09,weekly_differenced,weekly_differenced_arima_p2_d0_q2,residual_acf,23,0.1024581239976903,0.05,True
Austria,2024-05-09,weekly_differenced,weekly_differenced_arima_p2_d0_q2,residual_acf,24,0.1831350417864005,0.05,True
Austria,2024-05-09,weekly_differenced,weekly_differenced_arima_p2_d0_q2,residual_acf,25,0.0058858846941415,0.05,False
Austria,2024-05-09,weekly_differenced,weekly_differenced_arima_p2_d0_q2,residual_acf,26,0.0169839642032006,0.05,False
Austria,2024-05-09,weekly_differenced,weekly_differenced_arima_p2_d0_q2,residual_acf,27,0.0015986182992415,0.05,False
Austria,2024-05-09,weekly_differenced,weekly_differenced_arima_p2_d0_q2,residual_acf,28,-0.0404950065372214,0.05,False
Austria,2024-05-09,weekly_differenced,weekly_differenced_arima_p2_d0_q2,residual_acf,29,-0.027711245565391,0.05,False
Austria,2024-05-09,weekly_differenced,weekly_differenced_arima_p2_d0_q2,residual_acf,3,-0.0017304817677784,0.05,False
Austria,2024-05-09,weekly_differenced,weekly_differenced_arima_p2_d0_q2,residual_acf,30,-0.0105922855152661,0.05,False
Austria,2024-05-09,weekly_differenced,weekly_differenced_arima_p2_d0_q2,residual_acf,31,-0.0210379433764419,0.05,False
Austria,2024-05-09,weekly_differenced,weekly_differenced_arima_p2_d0_q2,residual_acf,32,0.018328563737607,0.05,False
Austria,2024-05-09,weekly_differenced,weekly_differenced_arima_p2_d0_q2,residual_acf,33,0.008025090388041,0.05,False
Austria,2024-05-09,weekly_differenced,weekly_differenced_arima_p2_d0_q2,residual_acf,34,0.0350174453344869,0.05,False
Austria,2024-05-09,weekly_differenced,weekly_differenced_arima_p2_d0_q2,residual_acf,35,0.0324202706117362,0.05,False
Austria,2024-05-09,weekly_differenced,weekly_differenced_arima_p2_d0_q2,residual_acf,36,0.0109795687866454,0.05,False
Austria,2024-05-09,weekly_differenced,weekly_differenced_arima_p2_d0_q2,residual_acf,37,0.0091369546339571,0.05,False
Austria,2024-05-09,weekly_differenced,weekly_differenced_arima_p2_d0_q2,residual_acf,38,-0.0114715383393639,0.05,False
Austria,2024-05-09,weekly_differenced,weekly_differenced_arima_p2_d0_q2,residual_acf,39,0.0249736770891256,0.05,False
Austria,2024-05-09,weekly_differenced,weekly_differenced_arima_p2_d0_q2,residual_acf,4,-0.0742605550164016,0.05,True
Austria,2024-05-09,weekly_differenced,weekly_differenced_arima_p2_d0_q2,residual_acf,40,0.0086823437818041,0.05,False
Austria,2024-05-09,weekly_differenced,weekly_differenced_arima_p2_d0_q2,residual_acf,41,0.0143523137382495,0.05,False
Austria,2024-05-09,weekly_differenced,weekly_differenced_arima_p2_d0_q2,residual_acf,42,0.0135033779189287,0.05,False
Austria,2024-05-09,weekly_differenced,weekly_differenced_arima_p2_d0_q2,residual_acf,43,0.0158489137679,0.05,False
Austria,2024-05-09,weekly_differenced,weekly_differenced_arima_p2_d0_q2,residual_acf,44,0.0164845627290845,0.05,False
Austria,2024-05-09,weekly_differenced,weekly_differenced_arima_p2_d0_q2,residual_acf,45,0.0353696493351244,0.05,False
Austria,2024-05-09,weekly_differenced,weekly_differenced_arima_p2_d0_q2,residual_acf,46,0.0161373044192796,0.05,False
Austria,2024-05-09,weekly_differenced,weekly_differenced_arima_p2_d0_q2,residual_acf,47,-0.0048582352236532,0.05,False
Austria,2024-05-09,weekly_differenced,weekly_differenced_arima_p2_d0_q2,residual_acf,48,0.1228958182356192,0.05,True
Austria,2024-05-09,weekly_differenced,weekly_differenced_arima_p2_d0_q2,residual_acf,5,-0.0643692859811048,0.05,True
Austria,2024-05-09,weekly_differenced,weekly_differenced_arima_p2_d0_q2,residual_acf,6,0.0097387710340236,0.05,False
Austria,2024-05-09,weekly_differenced,weekly_differenced_arima_p2_d0_q2,residual_acf,7,-0.0273915529075422,0.05,False
Austria,2024-05-09,weekly_differenced,weekly_differenced_arima_p2_d0_q2,residual_acf,8,-0.0033150386437087,0.05,False
Austria,2024-05-09,weekly_differenced,weekly_differenced_arima_p2_d0_q2,residual_acf,9,0.007269079401894,0.05,False
Austria,2024-05-09,weekly_differenced,weekly_differenced_arima_p3_d0_q1,ljung_box_pvalue,24,5.692383957046763e-26,0.01,True
Austria,2024-05-09,weekly_differenced,weekly_differenced_arima_p3_d0_q1,ljung_box_pvalue,48,1.250472529460132e-27,0.01,True
Austria,2024-05-09,weekly_differenced,weekly_differenced_arima_p3_d0_q1,ljung_box_statistic,24,170.9389212871666,0.01,True
Austria,2024-05-09,weekly_differenced,weekly_differenced_arima_p3_d0_q1,ljung_box_statistic,48,233.4341363067104,0.01,True
Austria,2024-05-09,weekly_differenced,weekly_differenced_arima_p3_d0_q1,residual_acf,1,0.0135243792776244,0.05,False
Austria,2024-05-09,weekly_differenced,weekly_differenced_arima_p3_d0_q1,residual_acf,10,-0.0276105383217859,0.05,False
Austria,2024-05-09,weekly_differenced,weekly_differenced_arima_p3_d0_q1,residual_acf,11,-0.0620058548993542,0.05,True
Austria,2024-05-09,weekly_differenced,weekly_differenced_arima_p3_d0_q1,residual_acf,12,0.0056522511606348,0.05,False
Austria,2024-05-09,weekly_differenced,weekly_differenced_arima_p3_d0_q1,residual_acf,13,-0.0319080096625538,0.05,False
Austria,2024-05-09,weekly_differenced,weekly_differenced_arima_p3_d0_q1,residual_acf,14,-0.0125451687935587,0.05,False
Austria,2024-05-09,weekly_differenced,weekly_differenced_arima_p3_d0_q1,residual_acf,15,-0.0220424699672196,0.05,False
Austria,2024-05-09,weekly_differenced,weekly_differenced_arima_p3_d0_q1,residual_acf,16,-0.04381586038762,0.05,False
Austria,2024-05-09,weekly_differenced,weekly_differenced_arima_p3_d0_q1,residual_acf,17,0.0046850301979888,0.05,False
Austria,2024-05-09,weekly_differenced,weekly_differenced_arima_p3_d0_q1,residual_acf,18,0.0401984996930768,0.05,False
Austria,2024-05-09,weekly_differenced,weekly_differenced_arima_p3_d0_q1,residual_acf,19,0.0025754871776423,0.05,False
Austria,2024-05-09,weekly_differenced,weekly_differenced_arima_p3_d0_q1,residual_acf,2,-0.0211078103737648,0.05,False
Austria,2024-05-09,weekly_differenced,weekly_differenced_arima_p3_d0_q1,residual_acf,20,0.0324078992390601,0.05,False
Austria,2024-05-09,weekly_differenced,weekly_differenced_arima_p3_d0_q1,residual_acf,21,-0.0215842452739419,0.05,False
Austria,2024-05-09,weekly_differenced,weekly_differenced_arima_p3_d0_q1,residual_acf,22,-0.0047779749530994,0.05,False
Austria,2024-05-09,weekly_differenced,weekly_differenced_arima_p3_d0_q1,residual_acf,23,0.094724506904693,0.05,True
Austria,2024-05-09,weekly_differenced,weekly_differenced_arima_p3_d0_q1,residual_acf,24,0.173828129169333,0.05,True
Austria,2024-05-09,weekly_differenced,weekly_differenced_arima_p3_d0_q1,residual_acf,25,-0.0066577152407006,0.05,False
Austria,2024-05-09,weekly_differenced,weekly_differenced_arima_p3_d0_q1,residual_acf,26,0.0020986028411607,0.05,False
Austria,2024-05-09,weekly_differenced,weekly_differenced_arima_p3_d0_q1,residual_acf,27,-0.0009313055288512,0.05,False
Austria,2024-05-09,weekly_differenced,weekly_differenced_arima_p3_d0_q1,residual_acf,28,-0.0306519661343789,0.05,False
Austria,2024-05-09,weekly_differenced,weekly_differenced_arima_p3_d0_q1,residual_acf,29,-0.0228485442019566,0.05,False
Austria,2024-05-09,weekly_differenced,weekly_differenced_arima_p3_d0_q1,residual_acf,3,0.0011470637967203,0.05,False
Austria,2024-05-09,weekly_differenced,weekly_differenced_arima_p3_d0_q1,residual_acf,30,-0.0111671916328358,0.05,False
Austria,2024-05-09,weekly_differenced,weekly_differenced_arima_p3_d0_q1,residual_acf,31,-0.0288079550357222,0.05,False
Austria,2024-05-09,weekly_differenced,weekly_differenced_arima_p3_d0_q1,residual_acf,32,0.0005071238615739,0.05,False
Austria,2024-05-09,weekly_differenced,weekly_differenced_arima_p3_d0_q1,residual_acf,33,-0.0119513693762776,0.05,False
Austria,2024-05-09,weekly_differenced,weekly_differenced_arima_p3_d0_q1,residual_acf,34,0.0150561434900703,0.05,False
Austria,2024-05-09,weekly_differenced,weekly_differenced_arima_p3_d0_q1,residual_acf,35,0.015454442923201,0.05,False
Austria,2024-05-09,weekly_differenced,weekly_differenced_arima_p3_d0_q1,residual_acf,36,-0.0031291907663656,0.05,False
Austria,2024-05-09,weekly_differenced,weekly_differenced_arima_p3_d0_q1,residual_acf,37,-0.0032570254975184,0.05,False
Austria,2024-05-09,weekly_differenced,weekly_differenced_arima_p3_d0_q1,residual_acf,38,-0.0175697587177104,0.05,False
Austria,2024-05-09,weekly_differenced,weekly_differenced_arima_p3_d0_q1,residual_acf,39,0.0230776805807446,0.05,False
Austria,2024-05-09,weekly_differenced,weekly_differenced_arima_p3_d0_q1,residual_acf,4,-0.0018141031662753,0.05,False
Austria,2024-05-09,weekly_differenced,weekly_differenced_arima_p3_d0_q1,residual_acf,40,0.0090739435652878,0.05,False
Austria,2024-05-09,weekly_differenced,weekly_differenced_arima_p3_d0_q1,residual_acf,41,0.0132385545731801,0.05,False
Austria,2024-05-09,weekly_differenced,weekly_differenced_arima_p3_d0_q1,residual_acf,42,0.0111137897038558,0.05,False
Austria,2024-05-09,weekly_differenced,weekly_differenced_arima_p3_d0_q1,residual_acf,43,0.0163876466129263,0.05,False
Austria,2024-05-09,weekly_differenced,weekly_differenced_arima_p3_d0_q1,residual_acf,44,0.0205019642216153,0.05,False
Austria,2024-05-09,weekly_differenced,weekly_differenced_arima_p3_d0_q1,residual_acf,45,0.0302966477128055,0.05,False
Austria,2024-05-09,weekly_differenced,weekly_differenced_arima_p3_d0_q1,residual_acf,46,0.003511227493281,0.05,False
Austria,2024-05-09,weekly_differenced,weekly_differenced_arima_p3_d0_q1,residual_acf,47,-0.0133838631038601,0.05,False
Austria,2024-05-09,weekly_differenced,weekly_differenced_arima_p3_d0_q1,residual_acf,48,0.1171751979495873,0.05,True
Austria,2024-05-09,weekly_differenced,weekly_differenced_arima_p3_d0_q1,residual_acf,5,-0.0100047824727947,0.05,False
Austria,2024-05-09,weekly_differenced,weekly_differenced_arima_p3_d0_q1,residual_acf,6,0.0335952512374237,0.05,False
Austria,2024-05-09,weekly_differenced,weekly_differenced_arima_p3_d0_q1,residual_acf,7,-0.028588891373711,0.05,False
Austria,2024-05-09,weekly_differenced,weekly_differenced_arima_p3_d0_q1,residual_acf,8,-0.0257313323691556,0.05,False
Austria,2024-05-09,weekly_differenced,weekly_differenced_arima_p3_d0_q1,residual_acf,9,-0.0277882867629416,0.05,False
Austria,2024-06-17,weekly_differenced,weekly_differenced_arima_p1_d0_q1,ljung_box_pvalue,24,1.3282284169113775e-133,0.01,True
Austria,2024-06-17,weekly_differenced,weekly_differenced_arima_p1_d0_q1,ljung_box_pvalue,48,7.392157741234767e-152,0.01,True
Austria,2024-06-17,weekly_differenced,weekly_differenced_arima_p1_d0_q1,ljung_box_statistic,24,698.8961115030454,0.01,True
Austria,2024-06-17,weekly_differenced,weekly_differenced_arima_p1_d0_q1,ljung_box_statistic,48,866.272990584079,0.01,True
Austria,2024-06-17,weekly_differenced,weekly_differenced_arima_p1_d0_q1,residual_acf,1,0.1878164013744754,0.05,True
Austria,2024-06-17,weekly_differenced,weekly_differenced_arima_p1_d0_q1,residual_acf,10,-0.0097231099602297,0.05,False
Austria,2024-06-17,weekly_differenced,weekly_differenced_arima_p1_d0_q1,residual_acf,11,-0.05967086459809,0.05,True
Austria,2024-06-17,weekly_differenced,weekly_differenced_arima_p1_d0_q1,residual_acf,12,-0.0169262167455898,0.05,False
Austria,2024-06-17,weekly_differenced,weekly_differenced_arima_p1_d0_q1,residual_acf,13,-0.05356388858541,0.05,True
Austria,2024-06-17,weekly_differenced,weekly_differenced_arima_p1_d0_q1,residual_acf,14,-0.0253850742026998,0.05,False
Austria,2024-06-17,weekly_differenced,weekly_differenced_arima_p1_d0_q1,residual_acf,15,-0.0445621302426365,0.05,False
Austria,2024-06-17,weekly_differenced,weekly_differenced_arima_p1_d0_q1,residual_acf,16,-0.0454680157305406,0.05,False
Austria,2024-06-17,weekly_differenced,weekly_differenced_arima_p1_d0_q1,residual_acf,17,-0.0101148860861737,0.05,False
Austria,2024-06-17,weekly_differenced,weekly_differenced_arima_p1_d0_q1,residual_acf,18,0.0258537050087011,0.05,False
Austria,2024-06-17,weekly_differenced,weekly_differenced_arima_p1_d0_q1,residual_acf,19,-0.0007116215407113,0.05,False
Austria,2024-06-17,weekly_differenced,weekly_differenced_arima_p1_d0_q1,residual_acf,2,0.248818934715457,0.05,True
Austria,2024-06-17,weekly_differenced,weekly_differenced_arima_p1_d0_q1,residual_acf,20,0.0040387857265228,0.05,False
Austria,2024-06-17,weekly_differenced,weekly_differenced_arima_p1_d0_q1,residual_acf,21,0.0032108027502293,0.05,False
Austria,2024-06-17,weekly_differenced,weekly_differenced_arima_p1_d0_q1,residual_acf,22,0.0462688324881982,0.05,False
Austria,2024-06-17,weekly_differenced,weekly_differenced_arima_p1_d0_q1,residual_acf,23,0.102809041206287,0.05,True
Austria,2024-06-17,weekly_differenced,weekly_differenced_arima_p1_d0_q1,residual_acf,24,0.1311131761137022,0.05,True
Austria,2024-06-17,weekly_differenced,weekly_differenced_arima_p1_d0_q1,residual_acf,25,0.0613082229714708,0.05,True
Austria,2024-06-17,weekly_differenced,weekly_differenced_arima_p1_d0_q1,residual_acf,26,0.0029793956221898,0.05,False
Austria,2024-06-17,weekly_differenced,weekly_differenced_arima_p1_d0_q1,residual_acf,27,-0.037023815637418,0.05,False
Austria,2024-06-17,weekly_differenced,weekly_differenced_arima_p1_d0_q1,residual_acf,28,-0.079735999923985,0.05,True
Austria,2024-06-17,weekly_differenced,weekly_differenced_arima_p1_d0_q1,residual_acf,29,-0.0952511285193525,0.05,True
Austria,2024-06-17,weekly_differenced,weekly_differenced_arima_p1_d0_q1,residual_acf,3,-0.0951533239688071,0.05,True
Austria,2024-06-17,weekly_differenced,weekly_differenced_arima_p1_d0_q1,residual_acf,30,-0.0525028928349858,0.05,True
Austria,2024-06-17,weekly_differenced,weekly_differenced_arima_p1_d0_q1,residual_acf,31,-0.0545986872852294,0.05,True
Austria,2024-06-17,weekly_differenced,weekly_differenced_arima_p1_d0_q1,residual_acf,32,0.0184486547377409,0.05,False
Austria,2024-06-17,weekly_differenced,weekly_differenced_arima_p1_d0_q1,residual_acf,33,0.0069920090038335,0.05,False
Austria,2024-06-17,weekly_differenced,weekly_differenced_arima_p1_d0_q1,residual_acf,34,0.0356108629556858,0.05,False
Austria,2024-06-17,weekly_differenced,weekly_differenced_arima_p1_d0_q1,residual_acf,35,0.0404312204908672,0.05,False
Austria,2024-06-17,weekly_differenced,weekly_differenced_arima_p1_d0_q1,residual_acf,36,0.0094856758778927,0.05,False
Austria,2024-06-17,weekly_differenced,weekly_differenced_arima_p1_d0_q1,residual_acf,37,0.0297397552030035,0.05,False
Austria,2024-06-17,weekly_differenced,weekly_differenced_arima_p1_d0_q1,residual_acf,38,-0.0212587133751011,0.05,False
Austria,2024-06-17,weekly_differenced,weekly_differenced_arima_p1_d0_q1,residual_acf,39,0.032808452563754,0.05,False
Austria,2024-06-17,weekly_differenced,weekly_differenced_arima_p1_d0_q1,residual_acf,4,-0.0475519244689894,0.05,False
Austria,2024-06-17,weekly_differenced,weekly_differenced_arima_p1_d0_q1,residual_acf,40,-0.0094265854822271,0.05,False
Austria,2024-06-17,weekly_differenced,weekly_differenced_arima_p1_d0_q1,residual_acf,41,-0.0051762137489145,0.05,False
Austria,2024-06-17,weekly_differenced,weekly_differenced_arima_p1_d0_q1,residual_acf,42,0.0085510572348762,0.05,False
Austria,2024-06-17,weekly_differenced,weekly_differenced_arima_p1_d0_q1,residual_acf,43,-0.0038752490436773,0.05,False
Austria,2024-06-17,weekly_differenced,weekly_differenced_arima_p1_d0_q1,residual_acf,44,0.0242160088350059,0.05,False
Austria,2024-06-17,weekly_differenced,weekly_differenced_arima_p1_d0_q1,residual_acf,45,-0.0009104930833347,0.05,False
Austria,2024-06-17,weekly_differenced,weekly_differenced_arima_p1_d0_q1,residual_acf,46,0.0398329351705535,0.05,False
Austria,2024-06-17,weekly_differenced,weekly_differenced_arima_p1_d0_q1,residual_acf,47,-0.0240122577616172,0.05,False
Austria,2024-06-17,weekly_differenced,weekly_differenced_arima_p1_d0_q1,residual_acf,48,0.0776514262490357,0.05,True
Austria,2024-06-17,weekly_differenced,weekly_differenced_arima_p1_d0_q1,residual_acf,5,-0.1189722408885781,0.05,True
Austria,2024-06-17,weekly_differenced,weekly_differenced_arima_p1_d0_q1,residual_acf,6,-0.0553409938298557,0.05,True
Austria,2024-06-17,weekly_differenced,weekly_differenced_arima_p1_d0_q1,residual_acf,7,-0.0604254032273422,0.05,True
Austria,2024-06-17,weekly_differenced,weekly_differenced_arima_p1_d0_q1,residual_acf,8,-0.0283999727345065,0.05,False
Austria,2024-06-17,weekly_differenced,weekly_differenced_arima_p1_d0_q1,residual_acf,9,-0.0177503204884122,0.05,False
Austria,2024-06-17,weekly_differenced,weekly_differenced_arima_p2_d0_q0,ljung_box_pvalue,24,4.988820635984165e-71,0.01,True
Austria,2024-06-17,weekly_differenced,weekly_differenced_arima_p2_d0_q0,ljung_box_pvalue,48,3.185924688575245e-81,0.01,True
Austria,2024-06-17,weekly_differenced,weekly_differenced_arima_p2_d0_q0,ljung_box_statistic,24,399.5919378015531,0.01,True
Austria,2024-06-17,weekly_differenced,weekly_differenced_arima_p2_d0_q0,ljung_box_statistic,48,518.4764114411639,0.01,True
Austria,2024-06-17,weekly_differenced,weekly_differenced_arima_p2_d0_q0,residual_acf,1,0.1465128645290924,0.05,True
Austria,2024-06-17,weekly_differenced,weekly_differenced_arima_p2_d0_q0,residual_acf,10,0.0397411918130525,0.05,False
Austria,2024-06-17,weekly_differenced,weekly_differenced_arima_p2_d0_q0,residual_acf,11,-0.0130658975499959,0.05,False
Austria,2024-06-17,weekly_differenced,weekly_differenced_arima_p2_d0_q0,residual_acf,12,0.0271639838167763,0.05,False
Austria,2024-06-17,weekly_differenced,weekly_differenced_arima_p2_d0_q0,residual_acf,13,0.00750170503351,0.05,False
Austria,2024-06-17,weekly_differenced,weekly_differenced_arima_p2_d0_q0,residual_acf,14,0.0262469423971805,0.05,False
Austria,2024-06-17,weekly_differenced,weekly_differenced_arima_p2_d0_q0,residual_acf,15,0.001613400153716,0.05,False
Austria,2024-06-17,weekly_differenced,weekly_differenced_arima_p2_d0_q0,residual_acf,16,-0.0282131414200378,0.05,False
Austria,2024-06-17,weekly_differenced,weekly_differenced_arima_p2_d0_q0,residual_acf,17,0.0309643322858688,0.05,False
Austria,2024-06-17,weekly_differenced,weekly_differenced_arima_p2_d0_q0,residual_acf,18,0.0715594111245349,0.05,True
Austria,2024-06-17,weekly_differenced,weekly_differenced_arima_p2_d0_q0,residual_acf,19,0.0222465367324402,0.05,False
Austria,2024-06-17,weekly_differenced,weekly_differenced_arima_p2_d0_q0,residual_acf,2,-0.0754838931763756,0.05,True
Austria,2024-06-17,weekly_differenced,weekly_differenced_arima_p2_d0_q0,residual_acf,20,-0.0043103717721448,0.05,False
Austria,2024-06-17,weekly_differenced,weekly_differenced_arima_p2_d0_q0,residual_acf,21,-0.0212914595800052,0.05,False
Austria,2024-06-17,weekly_differenced,weekly_differenced_arima_p2_d0_q0,residual_acf,22,0.0121568484224235,0.05,False
Austria,2024-06-17,weekly_differenced,weekly_differenced_arima_p2_d0_q0,residual_acf,23,0.1047443788927238,0.05,True
Austria,2024-06-17,weekly_differenced,weekly_differenced_arima_p2_d0_q0,residual_acf,24,0.1455127173434962,0.05,True
Austria,2024-06-17,weekly_differenced,weekly_differenced_arima_p2_d0_q0,residual_acf,25,0.0561496118025457,0.05,True
Austria,2024-06-17,weekly_differenced,weekly_differenced_arima_p2_d0_q0,residual_acf,26,-0.0012177870753703,0.05,False
Austria,2024-06-17,weekly_differenced,weekly_differenced_arima_p2_d0_q0,residual_acf,27,-0.0068868574648628,0.05,False
Austria,2024-06-17,weekly_differenced,weekly_differenced_arima_p2_d0_q0,residual_acf,28,-0.0483509993760642,0.05,False
Austria,2024-06-17,weekly_differenced,weekly_differenced_arima_p2_d0_q0,residual_acf,29,-0.0494284749067799,0.05,False
Austria,2024-06-17,weekly_differenced,weekly_differenced_arima_p2_d0_q0,residual_acf,3,-0.1175217925916778,0.05,True
Austria,2024-06-17,weekly_differenced,weekly_differenced_arima_p2_d0_q0,residual_acf,30,-0.0107639238803021,0.05,False
Austria,2024-06-17,weekly_differenced,weekly_differenced_arima_p2_d0_q0,residual_acf,31,-0.0094200871837425,0.05,False
Austria,2024-06-17,weekly_differenced,weekly_differenced_arima_p2_d0_q0,residual_acf,32,0.0480436799627019,0.05,False
Austria,2024-06-17,weekly_differenced,weekly_differenced_arima_p2_d0_q0,residual_acf,33,0.0265103014266322,0.05,False
Austria,2024-06-17,weekly_differenced,weekly_differenced_arima_p2_d0_q0,residual_acf,34,0.0431259086586338,0.05,False
Austria,2024-06-17,weekly_differenced,weekly_differenced_arima_p2_d0_q0,residual_acf,35,0.0451324650645064,0.05,False
Austria,2024-06-17,weekly_differenced,weekly_differenced_arima_p2_d0_q0,residual_acf,36,0.0159370093034701,0.05,False
Austria,2024-06-17,weekly_differenced,weekly_differenced_arima_p2_d0_q0,residual_acf,37,0.0199958988350072,0.05,False
Austria,2024-06-17,weekly_differenced,weekly_differenced_arima_p2_d0_q0,residual_acf,38,-0.014768615708474,0.05,False
Austria,2024-06-17,weekly_differenced,weekly_differenced_arima_p2_d0_q0,residual_acf,39,0.0452525987943141,0.05,False
Austria,2024-06-17,weekly_differenced,weekly_differenced_arima_p2_d0_q0,residual_acf,4,-0.0894341481051556,0.05,True
Austria,2024-06-17,weekly_differenced,weekly_differenced_arima_p2_d0_q0,residual_acf,40,0.0067322378010901,0.05,False
Austria,2024-06-17,weekly_differenced,weekly_differenced_arima_p2_d0_q0,residual_acf,41,-0.0046877061859896,0.05,False
Austria,2024-06-17,weekly_differenced,weekly_differenced_arima_p2_d0_q0,residual_acf,42,0.0181407091126197,0.05,False
Austria,2024-06-17,weekly_differenced,weekly_differenced_arima_p2_d0_q0,residual_acf,43,0.0093887753839681,0.05,False
Austria,2024-06-17,weekly_differenced,weekly_differenced_arima_p2_d0_q0,residual_acf,44,0.0216599052947223,0.05,False
Austria,2024-06-17,weekly_differenced,weekly_differenced_arima_p2_d0_q0,residual_acf,45,0.0195899575037733,0.05,False
Austria,2024-06-17,weekly_differenced,weekly_differenced_arima_p2_d0_q0,residual_acf,46,0.0181713505196407,0.05,False
Austria,2024-06-17,weekly_differenced,weekly_differenced_arima_p2_d0_q0,residual_acf,47,-0.0217814277008826,0.05,False
Austria,2024-06-17,weekly_differenced,weekly_differenced_arima_p2_d0_q0,residual_acf,48,0.0948493631066193,0.05,True
Austria,2024-06-17,weekly_differenced,weekly_differenced_arima_p2_d0_q0,residual_acf,5,-0.0346660036875083,0.05,False
Austria,2024-06-17,weekly_differenced,weekly_differenced_arima_p2_d0_q0,residual_acf,6,0.0103504943104672,0.05,False
Austria,2024-06-17,weekly_differenced,weekly_differenced_arima_p2_d0_q0,residual_acf,7,0.0224721659825095,0.05,False
Austria,2024-06-17,weekly_differenced,weekly_differenced_arima_p2_d0_q0,residual_acf,8,0.0281736497233637,0.05,False
Austria,2024-06-17,weekly_differenced,weekly_differenced_arima_p2_d0_q0,residual_acf,9,0.0606905590660629,0.05,True
Austria,2024-06-17,weekly_differenced,weekly_differenced_arima_p2_d0_q1,ljung_box_pvalue,24,1.594656686650018e-26,0.01,True
Austria,2024-06-17,weekly_differenced,weekly_differenced_arima_p2_d0_q1,ljung_box_pvalue,48,4.6443012767961006e-38,0.01,True
Austria,2024-06-17,weekly_differenced,weekly_differenced_arima_p2_d0_q1,ljung_box_statistic,24,176.2403440187089,0.01,True
Austria,2024-06-17,weekly_differenced,weekly_differenced_arima_p2_d0_q1,ljung_box_statistic,48,292.8151158351174,0.01,True
Austria,2024-06-17,weekly_differenced,weekly_differenced_arima_p2_d0_q1,residual_acf,1,0.0142355561432192,0.05,False
Austria,2024-06-17,weekly_differenced,weekly_differenced_arima_p2_d0_q1,residual_acf,10,0.026500514808926,0.05,False
Austria,2024-06-17,weekly_differenced,weekly_differenced_arima_p2_d0_q1,residual_acf,11,-0.0302523885401977,0.05,False
Austria,2024-06-17,weekly_differenced,weekly_differenced_arima_p2_d0_q1,residual_acf,12,0.0247899686390257,0.05,False
Austria,2024-06-17,weekly_differenced,weekly_differenced_arima_p2_d0_q1,residual_acf,13,-0.013056464543686,0.05,False
Austria,2024-06-17,weekly_differenced,weekly_differenced_arima_p2_d0_q1,residual_acf,14,0.0164114045997596,0.05,False
Austria,2024-06-17,weekly_differenced,weekly_differenced_arima_p2_d0_q1,residual_acf,15,-0.0036194545977463,0.05,False
Austria,2024-06-17,weekly_differenced,weekly_differenced_arima_p2_d0_q1,residual_acf,16,-0.0328648840242121,0.05,False
Austria,2024-06-17,weekly_differenced,weekly_differenced_arima_p2_d0_q1,residual_acf,17,0.0197006782964166,0.05,False
Austria,2024-06-17,weekly_differenced,weekly_differenced_arima_p2_d0_q1,residual_acf,18,0.0569166245807188,0.05,True
Austria,2024-06-17,weekly_differenced,weekly_differenced_arima_p2_d0_q1,residual_acf,19,0.010235037539927,0.05,False
Austria,2024-06-17,weekly_differenced,weekly_differenced_arima_p2_d0_q1,residual_acf,2,0.0335783972001464,0.05,False
Austria,2024-06-17,weekly_differenced,weekly_differenced_arima_p2_d0_q1,residual_acf,20,0.0043699662846847,0.05,False
Austria,2024-06-17,weekly_differenced,weekly_differenced_arima_p2_d0_q1,residual_acf,21,-0.0085826427339363,0.05,False
Austria,2024-06-17,weekly_differenced,weekly_differenced_arima_p2_d0_q1,residual_acf,22,0.0154740307710447,0.05,False
Austria,2024-06-17,weekly_differenced,weekly_differenced_arima_p2_d0_q1,residual_acf,23,0.0871268716049642,0.05,True
Austria,2024-06-17,weekly_differenced,weekly_differenced_arima_p2_d0_q1,residual_acf,24,0.1250125796828298,0.05,True
Austria,2024-06-17,weekly_differenced,weekly_differenced_arima_p2_d0_q1,residual_acf,25,0.0420896712587013,0.05,False
Austria,2024-06-17,weekly_differenced,weekly_differenced_arima_p2_d0_q1,residual_acf,26,-0.0022816228700734,0.05,False
Austria,2024-06-17,weekly_differenced,weekly_differenced_arima_p2_d0_q1,residual_acf,27,-0.0019585626408319,0.05,False
Austria,2024-06-17,weekly_differenced,weekly_differenced_arima_p2_d0_q1,residual_acf,28,-0.0468200628268209,0.05,False
Austria,2024-06-17,weekly_differenced,weekly_differenced_arima_p2_d0_q1,residual_acf,29,-0.050303637331567,0.05,True
Austria,2024-06-17,weekly_differenced,weekly_differenced_arima_p2_d0_q1,residual_acf,3,-0.0700871497825935,0.05,True
Austria,2024-06-17,weekly_differenced,weekly_differenced_arima_p2_d0_q1,residual_acf,30,-0.0088829775553557,0.05,False
Austria,2024-06-17,weekly_differenced,weekly_differenced_arima_p2_d0_q1,residual_acf,31,-0.0260401165032469,0.05,False
Austria,2024-06-17,weekly_differenced,weekly_differenced_arima_p2_d0_q1,residual_acf,32,0.0440843891712076,0.05,False
Austria,2024-06-17,weekly_differenced,weekly_differenced_arima_p2_d0_q1,residual_acf,33,0.0105505123954891,0.05,False
Austria,2024-06-17,weekly_differenced,weekly_differenced_arima_p2_d0_q1,residual_acf,34,0.0360243868602039,0.05,False
Austria,2024-06-17,weekly_differenced,weekly_differenced_arima_p2_d0_q1,residual_acf,35,0.040179617079061,0.05,False
Austria,2024-06-17,weekly_differenced,weekly_differenced_arima_p2_d0_q1,residual_acf,36,0.0072864155669527,0.05,False
Austria,2024-06-17,weekly_differenced,weekly_differenced_arima_p2_d0_q1,residual_acf,37,0.0294545970247572,0.05,False
Austria,2024-06-17,weekly_differenced,weekly_differenced_arima_p2_d0_q1,residual_acf,38,-0.0252866855068578,0.05,False
Austria,2024-06-17,weekly_differenced,weekly_differenced_arima_p2_d0_q1,residual_acf,39,0.0493064143863694,0.05,False
Austria,2024-06-17,weekly_differenced,weekly_differenced_arima_p2_d0_q1,residual_acf,4,-0.0586954537402798,0.05,True
Austria,2024-06-17,weekly_differenced,weekly_differenced_arima_p2_d0_q1,residual_acf,40,-0.0014173547247703,0.05,False
Austria,2024-06-17,weekly_differenced,weekly_differenced_arima_p2_d0_q1,residual_acf,41,-0.0048909467866435,0.05,False
Austria,2024-06-17,weekly_differenced,weekly_differenced_arima_p2_d0_q1,residual_acf,42,0.0191867935645143,0.05,False
Austria,2024-06-17,weekly_differenced,weekly_differenced_arima_p2_d0_q1,residual_acf,43,0.0029290636947619,0.05,False
Austria,2024-06-17,weekly_differenced,weekly_differenced_arima_p2_d0_q1,residual_acf,44,0.0214207214027576,0.05,False
Austria,2024-06-17,weekly_differenced,weekly_differenced_arima_p2_d0_q1,residual_acf,45,0.0110250251343428,0.05,False
Austria,2024-06-17,weekly_differenced,weekly_differenced_arima_p2_d0_q1,residual_acf,46,0.0308220819579824,0.05,False
Austria,2024-06-17,weekly_differenced,weekly_differenced_arima_p2_d0_q1,residual_acf,47,-0.0386686759578865,0.05,False
Austria,2024-06-17,weekly_differenced,weekly_differenced_arima_p2_d0_q1,residual_acf,48,0.0945066852762424,0.05,True
Austria,2024-06-17,weekly_differenced,weekly_differenced_arima_p2_d0_q1,residual_acf,5,-0.0344273581843517,0.05,False
Austria,2024-06-17,weekly_differenced,weekly_differenced_arima_p2_d0_q1,residual_acf,6,-0.0035070001197525,0.05,False
Austria,2024-06-17,weekly_differenced,weekly_differenced_arima_p2_d0_q1,residual_acf,7,0.0049489232023338,0.05,False
Austria,2024-06-17,weekly_differenced,weekly_differenced_arima_p2_d0_q1,residual_acf,8,0.0054051819579,0.05,False
Austria,2024-06-17,weekly_differenced,weekly_differenced_arima_p2_d0_q1,residual_acf,9,0.0381632792788223,0.05,False
Austria,2024-06-17,weekly_differenced,weekly_differenced_arima_p2_d0_q2,ljung_box_pvalue,24,5.837081554847362e-21,0.01,True
Austria,2024-06-17,weekly_differenced,weekly_differenced_arima_p2_d0_q2,ljung_box_pvalue,48,7.79375798144442e-32,0.01,True
Austria,2024-06-17,weekly_differenced,weekly_differenced_arima_p2_d0_q2,ljung_box_statistic,24,144.93369317020276,0.01,True
Austria,2024-06-17,weekly_differenced,weekly_differenced_arima_p2_d0_q2,ljung_box_statistic,48,256.7623581829929,0.01,True
Austria,2024-06-17,weekly_differenced,weekly_differenced_arima_p2_d0_q2,residual_acf,1,0.0038829236671565,0.05,False
Austria,2024-06-17,weekly_differenced,weekly_differenced_arima_p2_d0_q2,residual_acf,10,0.0193031361425175,0.05,False
Austria,2024-06-17,weekly_differenced,weekly_differenced_arima_p2_d0_q2,residual_acf,11,-0.0358919491762125,0.05,False
Austria,2024-06-17,weekly_differenced,weekly_differenced_arima_p2_d0_q2,residual_acf,12,0.0217178334115803,0.05,False
Austria,2024-06-17,weekly_differenced,weekly_differenced_arima_p2_d0_q2,residual_acf,13,-0.0178862765226034,0.05,False
Austria,2024-06-17,weekly_differenced,weekly_differenced_arima_p2_d0_q2,residual_acf,14,0.0116528142444227,0.05,False
Austria,2024-06-17,weekly_differenced,weekly_differenced_arima_p2_d0_q2,residual_acf,15,-0.0023499181479367,0.05,False
Austria,2024-06-17,weekly_differenced,weekly_differenced_arima_p2_d0_q2,residual_acf,16,-0.0398009318915286,0.05,False
Austria,2024-06-17,weekly_differenced,weekly_differenced_arima_p2_d0_q2,residual_acf,17,0.0171887109101896,0.05,False
Austria,2024-06-17,weekly_differenced,weekly_differenced_arima_p2_d0_q2,residual_acf,18,0.054590577199582,0.05,True
Austria,2024-06-17,weekly_differenced,weekly_differenced_arima_p2_d0_q2,residual_acf,19,0.0053046311768021,0.05,False
Austria,2024-06-17,weekly_differenced,weekly_differenced_arima_p2_d0_q2,residual_acf,2,0.0031250546758835,0.05,False
Austria,2024-06-17,weekly_differenced,weekly_differenced_arima_p2_d0_q2,residual_acf,20,0.0069948393519246,0.05,False
Austria,2024-06-17,weekly_differenced,weekly_differenced_arima_p2_d0_q2,residual_acf,21,-0.0014986736964501,0.05,False
Austria,2024-06-17,weekly_differenced,weekly_differenced_arima_p2_d0_q2,residual_acf,22,0.0120393977219245,0.05,False
Austria,2024-06-17,weekly_differenced,weekly_differenced_arima_p2_d0_q2,residual_acf,23,0.0836598248669877,0.05,True
Austria,2024-06-17,weekly_differenced,weekly_differenced_arima_p2_d0_q2,residual_acf,24,0.1222164001955395,0.05,True
Austria,2024-06-17,weekly_differenced,weekly_differenced_arima_p2_d0_q2,residual_acf,25,0.0339832767802859,0.05,False
Austria,2024-06-17,weekly_differenced,weekly_differenced_arima_p2_d0_q2,residual_acf,26,-0.0049472644416546,0.05,False
Austria,2024-06-17,weekly_differenced,weekly_differenced_arima_p2_d0_q2,residual_acf,27,0.0040193578097806,0.05,False
Austria,2024-06-17,weekly_differenced,weekly_differenced_arima_p2_d0_q2,residual_acf,28,-0.048344093074496,0.05,False
Austria,2024-06-17,weekly_differenced,weekly_differenced_arima_p2_d0_q2,residual_acf,29,-0.0492128631424183,0.05,False
Austria,2024-06-17,weekly_differenced,weekly_differenced_arima_p2_d0_q2,residual_acf,3,-0.0025623648369211,0.05,False
Austria,2024-06-17,weekly_differenced,weekly_differenced_arima_p2_d0_q2,residual_acf,30,-0.0104329093138342,0.05,False
Austria,2024-06-17,weekly_differenced,weekly_differenced_arima_p2_d0_q2,residual_acf,31,-0.0290114957073208,0.05,False
Austria,2024-06-17,weekly_differenced,weekly_differenced_arima_p2_d0_q2,residual_acf,32,0.0401926257022927,0.05,False
Austria,2024-06-17,weekly_differenced,weekly_differenced_arima_p2_d0_q2,residual_acf,33,0.006761176422698,0.05,False
Austria,2024-06-17,weekly_differenced,weekly_differenced_arima_p2_d0_q2,residual_acf,34,0.0321278336865228,0.05,False
Austria,2024-06-17,weekly_differenced,weekly_differenced_arima_p2_d0_q2,residual_acf,35,0.0379115733516752,0.05,False
Austria,2024-06-17,weekly_differenced,weekly_differenced_arima_p2_d0_q2,residual_acf,36,0.0084937545617491,0.05,False
Austria,2024-06-17,weekly_differenced,weekly_differenced_arima_p2_d0_q2,residual_acf,37,0.0276906913384006,0.05,False
Austria,2024-06-17,weekly_differenced,weekly_differenced_arima_p2_d0_q2,residual_acf,38,-0.0257443383449994,0.05,False
Austria,2024-06-17,weekly_differenced,weekly_differenced_arima_p2_d0_q2,residual_acf,39,0.0495391334560227,0.05,False
Austria,2024-06-17,weekly_differenced,weekly_differenced_arima_p2_d0_q2,residual_acf,4,-0.060889631705077,0.05,True
Austria,2024-06-17,weekly_differenced,weekly_differenced_arima_p2_d0_q2,residual_acf,40,-0.0010014727253961,0.05,False
Austria,2024-06-17,weekly_differenced,weekly_differenced_arima_p2_d0_q2,residual_acf,41,-0.0088902217300169,0.05,False
Austria,2024-06-17,weekly_differenced,weekly_differenced_arima_p2_d0_q2,residual_acf,42,0.0215263587409393,0.05,False
Austria,2024-06-17,weekly_differenced,weekly_differenced_arima_p2_d0_q2,residual_acf,43,0.002910302658039,0.05,False
Austria,2024-06-17,weekly_differenced,weekly_differenced_arima_p2_d0_q2,residual_acf,44,0.0151241613360433,0.05,False
Austria,2024-06-17,weekly_differenced,weekly_differenced_arima_p2_d0_q2,residual_acf,45,0.0181430006878727,0.05,False
Austria,2024-06-17,weekly_differenced,weekly_differenced_arima_p2_d0_q2,residual_acf,46,0.0273325759027181,0.05,False
Austria,2024-06-17,weekly_differenced,weekly_differenced_arima_p2_d0_q2,residual_acf,47,-0.0427841310885421,0.05,False
Austria,2024-06-17,weekly_differenced,weekly_differenced_arima_p2_d0_q2,residual_acf,48,0.0934507338214739,0.05,True
Austria,2024-06-17,weekly_differenced,weekly_differenced_arima_p2_d0_q2,residual_acf,5,-0.0329716662933928,0.05,False
Austria,2024-06-17,weekly_differenced,weekly_differenced_arima_p2_d0_q2,residual_acf,6,-0.0047981000320896,0.05,False
Austria,2024-06-17,weekly_differenced,weekly_differenced_arima_p2_d0_q2,residual_acf,7,-0.0030836111406037,0.05,False
Austria,2024-06-17,weekly_differenced,weekly_differenced_arima_p2_d0_q2,residual_acf,8,-0.0059315867886556,0.05,False
Austria,2024-06-17,weekly_differenced,weekly_differenced_arima_p2_d0_q2,residual_acf,9,0.0346507086257106,0.05,False
Austria,2024-06-17,weekly_differenced,weekly_differenced_arima_p3_d0_q1,ljung_box_pvalue,24,1.7283087135223788e-16,0.01,True
Austria,2024-06-17,weekly_differenced,weekly_differenced_arima_p3_d0_q1,ljung_box_pvalue,48,4.920580169169679e-25,0.01,True
Austria,2024-06-17,weekly_differenced,weekly_differenced_arima_p3_d0_q1,ljung_box_statistic,24,121.1732772493096,0.01,True
Austria,2024-06-17,weekly_differenced,weekly_differenced_arima_p3_d0_q1,ljung_box_statistic,48,218.7921437446752,0.01,True
Austria,2024-06-17,weekly_differenced,weekly_differenced_arima_p3_d0_q1,residual_acf,1,0.0024138479762931,0.05,False
Austria,2024-06-17,weekly_differenced,weekly_differenced_arima_p3_d0_q1,residual_acf,10,-0.0002737372033592,0.05,False
Austria,2024-06-17,weekly_differenced,weekly_differenced_arima_p3_d0_q1,residual_acf,11,-0.0549164956550429,0.05,True
Austria,2024-06-17,weekly_differenced,weekly_differenced_arima_p3_d0_q1,residual_acf,12,0.0042335684652072,0.05,False
Austria,2024-06-17,weekly_differenced,weekly_differenced_arima_p3_d0_q1,residual_acf,13,-0.0274249923050136,0.05,False
Austria,2024-06-17,weekly_differenced,weekly_differenced_arima_p3_d0_q1,residual_acf,14,0.0039526892825237,0.05,False
Austria,2024-06-17,weekly_differenced,weekly_differenced_arima_p3_d0_q1,residual_acf,15,-0.0150514879105026,0.05,False
Austria,2024-06-17,weekly_differenced,weekly_differenced_arima_p3_d0_q1,residual_acf,16,-0.0513690239686237,0.05,True
Austria,2024-06-17,weekly_differenced,weekly_differenced_arima_p3_d0_q1,residual_acf,17,0.0080797617188439,0.05,False
Austria,2024-06-17,weekly_differenced,weekly_differenced_arima_p3_d0_q1,residual_acf,18,0.0518561577033189,0.05,True
Austria,2024-06-17,weekly_differenced,weekly_differenced_arima_p3_d0_q1,residual_acf,19,0.0072604018017486,0.05,False
Austria,2024-06-17,weekly_differenced,weekly_differenced_arima_p3_d0_q1,residual_acf,2,-0.0076320910333908,0.05,False
Austria,2024-06-17,weekly_differenced,weekly_differenced_arima_p3_d0_q1,residual_acf,20,0.0068439137707228,0.05,False
Austria,2024-06-17,weekly_differenced,weekly_differenced_arima_p3_d0_q1,residual_acf,21,-0.005346196951616,0.05,False
Austria,2024-06-17,weekly_differenced,weekly_differenced_arima_p3_d0_q1,residual_acf,22,0.0080260212451411,0.05,False
Austria,2024-06-17,weekly_differenced,weekly_differenced_arima_p3_d0_q1,residual_acf,23,0.0786330221527228,0.05,True
Austria,2024-06-17,weekly_differenced,weekly_differenced_arima_p3_d0_q1,residual_acf,24,0.1135100742364676,0.05,True
Austria,2024-06-17,weekly_differenced,weekly_differenced_arima_p3_d0_q1,residual_acf,25,0.0232993704018642,0.05,False
Austria,2024-06-17,weekly_differenced,weekly_differenced_arima_p3_d0_q1,residual_acf,26,-0.0127073093364659,0.05,False
Austria,2024-06-17,weekly_differenced,weekly_differenced_arima_p3_d0_q1,residual_acf,27,0.0030987852897,0.05,False
Austria,2024-06-17,weekly_differenced,weekly_differenced_arima_p3_d0_q1,residual_acf,28,-0.0426132107853822,0.05,False
Austria,2024-06-17,weekly_differenced,weekly_differenced_arima_p3_d0_q1,residual_acf,29,-0.0479530201343312,0.05,False
Austria,2024-06-17,weekly_differenced,weekly_differenced_arima_p3_d0_q1,residual_acf,3,0.006118123025848,0.05,False
Austria,2024-06-17,weekly_differenced,weekly_differenced_arima_p3_d0_q1,residual_acf,30,-0.0127663773433721,0.05,False
Austria,2024-06-17,weekly_differenced,weekly_differenced_arima_p3_d0_q1,residual_acf,31,-0.0335721311699789,0.05,False
Austria,2024-06-17,weekly_differenced,weekly_differenced_arima_p3_d0_q1,residual_acf,32,0.0302213292963728,0.05,False
Austria,2024-06-17,weekly_differenced,weekly_differenced_arima_p3_d0_q1,residual_acf,33,-0.0042433912004084,0.05,False
Austria,2024-06-17,weekly_differenced,weekly_differenced_arima_p3_d0_q1,residual_acf,34,0.0217972515815611,0.05,False
Austria,2024-06-17,weekly_differenced,weekly_differenced_arima_p3_d0_q1,residual_acf,35,0.0316431172712536,0.05,False
Austria,2024-06-17,weekly_differenced,weekly_differenced_arima_p3_d0_q1,residual_acf,36,0.0045989745214132,0.05,False
Austria,2024-06-17,weekly_differenced,weekly_differenced_arima_p3_d0_q1,residual_acf,37,0.0236683106861708,0.05,False
Austria,2024-06-17,weekly_differenced,weekly_differenced_arima_p3_d0_q1,residual_acf,38,-0.0260290134529877,0.05,False
Austria,2024-06-17,weekly_differenced,weekly_differenced_arima_p3_d0_q1,residual_acf,39,0.0500587266723667,0.05,True
Austria,2024-06-17,weekly_differenced,weekly_differenced_arima_p3_d0_q1,residual_acf,4,-0.001100764149427,0.05,False
Austria,2024-06-17,weekly_differenced,weekly_differenced_arima_p3_d0_q1,residual_acf,40,-0.0009121687084847,0.05,False
Austria,2024-06-17,weekly_differenced,weekly_differenced_arima_p3_d0_q1,residual_acf,41,-0.0095988720578663,0.05,False
Austria,2024-06-17,weekly_differenced,weekly_differenced_arima_p3_d0_q1,residual_acf,42,0.0186970481374059,0.05,False
Austria,2024-06-17,weekly_differenced,weekly_differenced_arima_p3_d0_q1,residual_acf,43,0.0019907137366056,0.05,False
Austria,2024-06-17,weekly_differenced,weekly_differenced_arima_p3_d0_q1,residual_acf,44,0.0173062780821561,0.05,False
Austria,2024-06-17,weekly_differenced,weekly_differenced_arima_p3_d0_q1,residual_acf,45,0.0151254375677777,0.05,False
Austria,2024-06-17,weekly_differenced,weekly_differenced_arima_p3_d0_q1,residual_acf,46,0.0205697408663243,0.05,False
Austria,2024-06-17,weekly_differenced,weekly_differenced_arima_p3_d0_q1,residual_acf,47,-0.048885480163446,0.05,False
Austria,2024-06-17,weekly_differenced,weekly_differenced_arima_p3_d0_q1,residual_acf,48,0.088574024911886,0.05,True
Austria,2024-06-17,weekly_differenced,weekly_differenced_arima_p3_d0_q1,residual_acf,5,-0.0023272630894958,0.05,False
Austria,2024-06-17,weekly_differenced,weekly_differenced_arima_p3_d0_q1,residual_acf,6,-0.0005913440295045,0.05,False
Austria,2024-06-17,weekly_differenced,weekly_differenced_arima_p3_d0_q1,residual_acf,7,-0.0155025783831571,0.05,False
Austria,2024-06-17,weekly_differenced,weekly_differenced_arima_p3_d0_q1,residual_acf,8,-0.0253002117382909,0.05,False
Austria,2024-06-17,weekly_differenced,weekly_differenced_arima_p3_d0_q1,residual_acf,9,0.0131518638205685,0.05,False
Austria,2024-07-25,weekly_differenced,weekly_differenced_arima_p1_d0_q1,ljung_box_pvalue,24,7.826218989092935e-147,0.01,True
Austria,2024-07-25,weekly_differenced,weekly_differenced_arima_p1_d0_q1,ljung_box_pvalue,48,1.8134702873651998e-159,0.01,True
Austria,2024-07-25,weekly_differenced,weekly_differenced_arima_p1_d0_q1,ljung_box_statistic,24,761.5330438584649,0.01,True
Austria,2024-07-25,weekly_differenced,weekly_differenced_arima_p1_d0_q1,ljung_box_statistic,48,903.1494639756586,0.01,True
Austria,2024-07-25,weekly_differenced,weekly_differenced_arima_p1_d0_q1,residual_acf,1,0.1678128659282305,0.05,True
Austria,2024-07-25,weekly_differenced,weekly_differenced_arima_p1_d0_q1,residual_acf,10,-0.0133019387861247,0.05,False
Austria,2024-07-25,weekly_differenced,weekly_differenced_arima_p1_d0_q1,residual_acf,11,-0.0614795888326806,0.05,True
Austria,2024-07-25,weekly_differenced,weekly_differenced_arima_p1_d0_q1,residual_acf,12,-0.0158070137920217,0.05,False
Austria,2024-07-25,weekly_differenced,weekly_differenced_arima_p1_d0_q1,residual_acf,13,-0.0594731120644923,0.05,True
Austria,2024-07-25,weekly_differenced,weekly_differenced_arima_p1_d0_q1,residual_acf,14,-0.0060929984478773,0.05,False
Austria,2024-07-25,weekly_differenced,weekly_differenced_arima_p1_d0_q1,residual_acf,15,-0.032045780332923,0.05,False
Austria,2024-07-25,weekly_differenced,weekly_differenced_arima_p1_d0_q1,residual_acf,16,-0.0142313075399941,0.05,False
Austria,2024-07-25,weekly_differenced,weekly_differenced_arima_p1_d0_q1,residual_acf,17,-0.0168839357219757,0.05,False
Austria,2024-07-25,weekly_differenced,weekly_differenced_arima_p1_d0_q1,residual_acf,18,0.0229985288704636,0.05,False
Austria,2024-07-25,weekly_differenced,weekly_differenced_arima_p1_d0_q1,residual_acf,19,-0.0008989066022788,0.05,False
Austria,2024-07-25,weekly_differenced,weekly_differenced_arima_p1_d0_q1,residual_acf,2,0.2279118528941359,0.05,True
Austria,2024-07-25,weekly_differenced,weekly_differenced_arima_p1_d0_q1,residual_acf,20,-0.0005435889973988,0.05,False
Austria,2024-07-25,weekly_differenced,weekly_differenced_arima_p1_d0_q1,residual_acf,21,0.0121240219476998,0.05,False
Austria,2024-07-25,weekly_differenced,weekly_differenced_arima_p1_d0_q1,residual_acf,22,0.0438907259722367,0.05,False
Austria,2024-07-25,weekly_differenced,weekly_differenced_arima_p1_d0_q1,residual_acf,23,0.1058591905891753,0.05,True
Austria,2024-07-25,weekly_differenced,weekly_differenced_arima_p1_d0_q1,residual_acf,24,0.130391463642677,0.05,True
Austria,2024-07-25,weekly_differenced,weekly_differenced_arima_p1_d0_q1,residual_acf,25,0.0478407599750018,0.05,False
Austria,2024-07-25,weekly_differenced,weekly_differenced_arima_p1_d0_q1,residual_acf,26,-0.0042153470509677,0.05,False
Austria,2024-07-25,weekly_differenced,weekly_differenced_arima_p1_d0_q1,residual_acf,27,-0.0225245618116459,0.05,False
Austria,2024-07-25,weekly_differenced,weekly_differenced_arima_p1_d0_q1,residual_acf,28,-0.0550042269279552,0.05,True
Austria,2024-07-25,weekly_differenced,weekly_differenced_arima_p1_d0_q1,residual_acf,29,-0.0789667050807387,0.05,True
Austria,2024-07-25,weekly_differenced,weekly_differenced_arima_p1_d0_q1,residual_acf,3,-0.0869333707108634,0.05,True
Austria,2024-07-25,weekly_differenced,weekly_differenced_arima_p1_d0_q1,residual_acf,30,-0.0459270769188938,0.05,False
Austria,2024-07-25,weekly_differenced,weekly_differenced_arima_p1_d0_q1,residual_acf,31,-0.0516815750083973,0.05,True
Austria,2024-07-25,weekly_differenced,weekly_differenced_arima_p1_d0_q1,residual_acf,32,0.0070495208594098,0.05,False
Austria,2024-07-25,weekly_differenced,weekly_differenced_arima_p1_d0_q1,residual_acf,33,-0.0011690301373813,0.05,False
Austria,2024-07-25,weekly_differenced,weekly_differenced_arima_p1_d0_q1,residual_acf,34,0.0284455705939655,0.05,False
Austria,2024-07-25,weekly_differenced,weekly_differenced_arima_p1_d0_q1,residual_acf,35,0.0292477126146113,0.05,False
Austria,2024-07-25,weekly_differenced,weekly_differenced_arima_p1_d0_q1,residual_acf,36,0.0068463846100232,0.05,False
Austria,2024-07-25,weekly_differenced,weekly_differenced_arima_p1_d0_q1,residual_acf,37,0.0301927228172232,0.05,False
Austria,2024-07-25,weekly_differenced,weekly_differenced_arima_p1_d0_q1,residual_acf,38,-0.0058658741056258,0.05,False
Austria,2024-07-25,weekly_differenced,weekly_differenced_arima_p1_d0_q1,residual_acf,39,0.0327605692728589,0.05,False
Austria,2024-07-25,weekly_differenced,weekly_differenced_arima_p1_d0_q1,residual_acf,4,-0.0571395758536589,0.05,True
Austria,2024-07-25,weekly_differenced,weekly_differenced_arima_p1_d0_q1,residual_acf,40,-0.0031787496762188,0.05,False
Austria,2024-07-25,weekly_differenced,weekly_differenced_arima_p1_d0_q1,residual_acf,41,-0.0112432864188239,0.05,False
Austria,2024-07-25,weekly_differenced,weekly_differenced_arima_p1_d0_q1,residual_acf,42,0.0139867538203557,0.05,False
Austria,2024-07-25,weekly_differenced,weekly_differenced_arima_p1_d0_q1,residual_acf,43,-0.0001048510653037,0.05,False
Austria,2024-07-25,weekly_differenced,weekly_differenced_arima_p1_d0_q1,residual_acf,44,0.0081268995891177,0.05,False
Austria,2024-07-25,weekly_differenced,weekly_differenced_arima_p1_d0_q1,residual_acf,45,0.0041531653931191,0.05,False
Austria,2024-07-25,weekly_differenced,weekly_differenced_arima_p1_d0_q1,residual_acf,46,0.0268220673552759,0.05,False
Austria,2024-07-25,weekly_differenced,weekly_differenced_arima_p1_d0_q1,residual_acf,47,-0.0146225389534793,0.05,False
Austria,2024-07-25,weekly_differenced,weekly_differenced_arima_p1_d0_q1,residual_acf,48,0.0800668527390708,0.05,True
Austria,2024-07-25,weekly_differenced,weekly_differenced_arima_p1_d0_q1,residual_acf,5,-0.119984488911662,0.05,True
Austria,2024-07-25,weekly_differenced,weekly_differenced_arima_p1_d0_q1,residual_acf,6,-0.0501462265668922,0.05,True
Austria,2024-07-25,weekly_differenced,weekly_differenced_arima_p1_d0_q1,residual_acf,7,-0.0693071092273861,0.05,True
Austria,2024-07-25,weekly_differenced,weekly_differenced_arima_p1_d0_q1,residual_acf,8,-0.023137186727356,0.05,False
Austria,2024-07-25,weekly_differenced,weekly_differenced_arima_p1_d0_q1,residual_acf,9,-0.016418365001251,0.05,False
Austria,2024-07-25,weekly_differenced,weekly_differenced_arima_p2_d0_q0,ljung_box_pvalue,24,1.9221017791866484e-78,0.01,True
Austria,2024-07-25,weekly_differenced,weekly_differenced_arima_p2_d0_q0,ljung_box_pvalue,48,3.78754383124422e-86,0.01,True
Austria,2024-07-25,weekly_differenced,weekly_differenced_arima_p2_d0_q0,ljung_box_statistic,24,435.4456442745938,0.01,True
Austria,2024-07-25,weekly_differenced,weekly_differenced_arima_p2_d0_q0,ljung_box_statistic,48,543.1974075100687,0.01,True
Austria,2024-07-25,weekly_differenced,weekly_differenced_arima_p2_d0_q0,residual_acf,1,0.1308270282085268,0.05,True
Austria,2024-07-25,weekly_differenced,weekly_differenced_arima_p2_d0_q0,residual_acf,10,0.0325004126400326,0.05,False
Austria,2024-07-25,weekly_differenced,weekly_differenced_arima_p2_d0_q0,residual_acf,11,-0.0124909409282303,0.05,False
Austria,2024-07-25,weekly_differenced,weekly_differenced_arima_p2_d0_q0,residual_acf,12,0.0223767757237999,0.05,False
Austria,2024-07-25,weekly_differenced,weekly_differenced_arima_p2_d0_q0,residual_acf,13,-0.0051245826222113,0.05,False
Austria,2024-07-25,weekly_differenced,weekly_differenced_arima_p2_d0_q0,residual_acf,14,0.0348144530467126,0.05,False
Austria,2024-07-25,weekly_differenced,weekly_differenced_arima_p2_d0_q0,residual_acf,15,0.0186600596215684,0.05,False
Austria,2024-07-25,weekly_differenced,weekly_differenced_arima_p2_d0_q0,residual_acf,16,0.0029996680539288,0.05,False
Austria,2024-07-25,weekly_differenced,weekly_differenced_arima_p2_d0_q0,residual_acf,17,0.0163202749111162,0.05,False
Austria,2024-07-25,weekly_differenced,weekly_differenced_arima_p2_d0_q0,residual_acf,18,0.0567249114259023,0.05,True
Austria,2024-07-25,weekly_differenced,weekly_differenced_arima_p2_d0_q0,residual_acf,19,0.0223037695470522,0.05,False
Austria,2024-07-25,weekly_differenced,weekly_differenced_arima_p2_d0_q0,residual_acf,2,-0.0801288316369151,0.05,True
Austria,2024-07-25,weekly_differenced,weekly_differenced_arima_p2_d0_q0,residual_acf,20,-0.0058302375192316,0.05,False
Austria,2024-07-25,weekly_differenced,weekly_differenced_arima_p2_d0_q0,residual_acf,21,-0.0086602309007723,0.05,False
Austria,2024-07-25,weekly_differenced,weekly_differenced_arima_p2_d0_q0,residual_acf,22,0.0133720318881656,0.05,False
Austria,2024-07-25,weekly_differenced,weekly_differenced_arima_p2_d0_q0,residual_acf,23,0.1097206766359833,0.05,True
Austria,2024-07-25,weekly_differenced,weekly_differenced_arima_p2_d0_q0,residual_acf,24,0.1471241075489013,0.05,True
Austria,2024-07-25,weekly_differenced,weekly_differenced_arima_p2_d0_q0,residual_acf,25,0.0343884986172764,0.05,False
Austria,2024-07-25,weekly_differenced,weekly_differenced_arima_p2_d0_q0,residual_acf,26,-0.0176189311940246,0.05,False
Austria,2024-07-25,weekly_differenced,weekly_differenced_arima_p2_d0_q0,residual_acf,27,0.0085572826388728,0.05,False
Austria,2024-07-25,weekly_differenced,weekly_differenced_arima_p2_d0_q0,residual_acf,28,-0.0196245880359047,0.05,False
Austria,2024-07-25,weekly_differenced,weekly_differenced_arima_p2_d0_q0,residual_acf,29,-0.0383704399443302,0.05,False
Austria,2024-07-25,weekly_differenced,weekly_differenced_arima_p2_d0_q0,residual_acf,3,-0.0905496554350142,0.05,True
Austria,2024-07-25,weekly_differenced,weekly_differenced_arima_p2_d0_q0,residual_acf,30,-0.0094588982368354,0.05,False
Austria,2024-07-25,weekly_differenced,weekly_differenced_arima_p2_d0_q0,residual_acf,31,-0.0090434418154665,0.05,False
Austria,2024-07-25,weekly_differenced,weekly_differenced_arima_p2_d0_q0,residual_acf,32,0.0343645119144601,0.05,False
Austria,2024-07-25,weekly_differenced,weekly_differenced_arima_p2_d0_q0,residual_acf,33,0.0212219250037224,0.05,False
Austria,2024-07-25,weekly_differenced,weekly_differenced_arima_p2_d0_q0,residual_acf,34,0.0413077742021261,0.05,False
Austria,2024-07-25,weekly_differenced,weekly_differenced_arima_p2_d0_q0,residual_acf,35,0.0355638014401416,0.05,False
Austria,2024-07-25,weekly_differenced,weekly_differenced_arima_p2_d0_q0,residual_acf,36,0.0105390365349412,0.05,False
Austria,2024-07-25,weekly_differenced,weekly_differenced_arima_p2_d0_q0,residual_acf,37,0.0251395235024613,0.05,False
Austria,2024-07-25,weekly_differenced,weekly_differenced_arima_p2_d0_q0,residual_acf,38,0.0027703849898587,0.05,False
Austria,2024-07-25,weekly_differenced,weekly_differenced_arima_p2_d0_q0,residual_acf,39,0.0455694498217266,0.05,False
Austria,2024-07-25,weekly_differenced,weekly_differenced_arima_p2_d0_q0,residual_acf,4,-0.0879444315194858,0.05,True
Austria,2024-07-25,weekly_differenced,weekly_differenced_arima_p2_d0_q0,residual_acf,40,0.0060354144086141,0.05,False
Austria,2024-07-25,weekly_differenced,weekly_differenced_arima_p2_d0_q0,residual_acf,41,-0.0129047763175756,0.05,False
Austria,2024-07-25,weekly_differenced,weekly_differenced_arima_p2_d0_q0,residual_acf,42,0.0287817022730692,0.05,False
Austria,2024-07-25,weekly_differenced,weekly_differenced_arima_p2_d0_q0,residual_acf,43,0.0150041590288738,0.05,False
Austria,2024-07-25,weekly_differenced,weekly_differenced_arima_p2_d0_q0,residual_acf,44,0.00594989499035,0.05,False
Austria,2024-07-25,weekly_differenced,weekly_differenced_arima_p2_d0_q0,residual_acf,45,0.0216756456292922,0.05,False
Austria,2024-07-25,weekly_differenced,weekly_differenced_arima_p2_d0_q0,residual_acf,46,0.0086494992409485,0.05,False
Austria,2024-07-25,weekly_differenced,weekly_differenced_arima_p2_d0_q0,residual_acf,47,-0.0102691291276847,0.05,False
Austria,2024-07-25,weekly_differenced,weekly_differenced_arima_p2_d0_q0,residual_acf,48,0.0928308664380816,0.05,True
Austria,2024-07-25,weekly_differenced,weekly_differenced_arima_p2_d0_q0,residual_acf,5,-0.0339806972901558,0.05,False
Austria,2024-07-25,weekly_differenced,weekly_differenced_arima_p2_d0_q0,residual_acf,6,0.0192330977394491,0.05,False
Austria,2024-07-25,weekly_differenced,weekly_differenced_arima_p2_d0_q0,residual_acf,7,0.0108243174462132,0.05,False
Austria,2024-07-25,weekly_differenced,weekly_differenced_arima_p2_d0_q0,residual_acf,8,0.0339460398208263,0.05,False
Austria,2024-07-25,weekly_differenced,weekly_differenced_arima_p2_d0_q0,residual_acf,9,0.0647537588304841,0.05,True
Austria,2024-07-25,weekly_differenced,weekly_differenced_arima_p2_d0_q1,ljung_box_pvalue,24,4.890741537825862e-32,0.01,True
Austria,2024-07-25,weekly_differenced,weekly_differenced_arima_p2_d0_q1,ljung_box_pvalue,48,2.0733105422961422e-41,0.01,True
Austria,2024-07-25,weekly_differenced,weekly_differenced_arima_p2_d0_q1,ljung_box_statistic,24,204.41561269097127,0.01,True
Austria,2024-07-25,weekly_differenced,weekly_differenced_arima_p2_d0_q1,ljung_box_statistic,48,310.7852705470031,0.01,True
Austria,2024-07-25,weekly_differenced,weekly_differenced_arima_p2_d0_q1,residual_acf,1,0.0099947273438726,0.05,False
Austria,2024-07-25,weekly_differenced,weekly_differenced_arima_p2_d0_q1,residual_acf,10,0.0179321156298283,0.05,False
Austria,2024-07-25,weekly_differenced,weekly_differenced_arima_p2_d0_q1,residual_acf,11,-0.0282440231979599,0.05,False
Austria,2024-07-25,weekly_differenced,weekly_differenced_arima_p2_d0_q1,residual_acf,12,0.0217167076360913,0.05,False
Austria,2024-07-25,weekly_differenced,weekly_differenced_arima_p2_d0_q1,residual_acf,13,-0.024554433214189,0.05,False
Austria,2024-07-25,weekly_differenced,weekly_differenced_arima_p2_d0_q1,residual_acf,14,0.027117198102959,0.05,False
Austria,2024-07-25,weekly_differenced,weekly_differenced_arima_p2_d0_q1,residual_acf,15,0.0047472364186636,0.05,False
Austria,2024-07-25,weekly_differenced,weekly_differenced_arima_p2_d0_q1,residual_acf,16,-0.0009693113757438,0.05,False
Austria,2024-07-25,weekly_differenced,weekly_differenced_arima_p2_d0_q1,residual_acf,17,0.0041481490962977,0.05,False
Austria,2024-07-25,weekly_differenced,weekly_differenced_arima_p2_d0_q1,residual_acf,18,0.047297627017784,0.05,False
Austria,2024-07-25,weekly_differenced,weekly_differenced_arima_p2_d0_q1,residual_acf,19,0.0134299742321622,0.05,False
Austria,2024-07-25,weekly_differenced,weekly_differenced_arima_p2_d0_q1,residual_acf,2,0.0261481717657336,0.05,False
Austria,2024-07-25,weekly_differenced,weekly_differenced_arima_p2_d0_q1,residual_acf,20,-0.0006908358380284,0.05,False
Austria,2024-07-25,weekly_differenced,weekly_differenced_arima_p2_d0_q1,residual_acf,21,0.0047027268638223,0.05,False
Austria,2024-07-25,weekly_differenced,weekly_differenced_arima_p2_d0_q1,residual_acf,22,0.014189847257905,0.05,False
Austria,2024-07-25,weekly_differenced,weekly_differenced_arima_p2_d0_q1,residual_acf,23,0.092071162325554,0.05,True
Austria,2024-07-25,weekly_differenced,weekly_differenced_arima_p2_d0_q1,residual_acf,24,0.12901844979498,0.05,True
Austria,2024-07-25,weekly_differenced,weekly_differenced_arima_p2_d0_q1,residual_acf,25,0.0259016563279462,0.05,False
Austria,2024-07-25,weekly_differenced,weekly_differenced_arima_p2_d0_q1,residual_acf,26,-0.0142427525136771,0.05,False
Austria,2024-07-25,weekly_differenced,weekly_differenced_arima_p2_d0_q1,residual_acf,27,0.0105195583483818,0.05,False
Austria,2024-07-25,weekly_differenced,weekly_differenced_arima_p2_d0_q1,residual_acf,28,-0.0235431066728804,0.05,False
Austria,2024-07-25,weekly_differenced,weekly_differenced_arima_p2_d0_q1,residual_acf,29,-0.0428514034393082,0.05,False
Austria,2024-07-25,weekly_differenced,weekly_differenced_arima_p2_d0_q1,residual_acf,3,-0.045626715944011,0.05,False
Austria,2024-07-25,weekly_differenced,weekly_differenced_arima_p2_d0_q1,residual_acf,30,-0.0089243258925074,0.05,False
Austria,2024-07-25,weekly_differenced,weekly_differenced_arima_p2_d0_q1,residual_acf,31,-0.0228918326322482,0.05,False
Austria,2024-07-25,weekly_differenced,weekly_differenced_arima_p2_d0_q1,residual_acf,32,0.0301832414169316,0.05,False
Austria,2024-07-25,weekly_differenced,weekly_differenced_arima_p2_d0_q1,residual_acf,33,0.0070601586899488,0.05,False
Austria,2024-07-25,weekly_differenced,weekly_differenced_arima_p2_d0_q1,residual_acf,34,0.0345645297879489,0.05,False
Austria,2024-07-25,weekly_differenced,weekly_differenced_arima_p2_d0_q1,residual_acf,35,0.0311483762709936,0.05,False
Austria,2024-07-25,weekly_differenced,weekly_differenced_arima_p2_d0_q1,residual_acf,36,0.0041734264014599,0.05,False
Austria,2024-07-25,weekly_differenced,weekly_differenced_arima_p2_d0_q1,residual_acf,37,0.0311012788779522,0.05,False
Austria,2024-07-25,weekly_differenced,weekly_differenced_arima_p2_d0_q1,residual_acf,38,-0.0079269585771958,0.05,False
Austria,2024-07-25,weekly_differenced,weekly_differenced_arima_p2_d0_q1,residual_acf,39,0.045798017878839,0.05,False
Austria,2024-07-25,weekly_differenced,weekly_differenced_arima_p2_d0_q1,residual_acf,4,-0.0649491266288779,0.05,True
Austria,2024-07-25,weekly_differenced,weekly_differenced_arima_p2_d0_q1,residual_acf,40,0.0022782357560106,0.05,False
Austria,2024-07-25,weekly_differenced,weekly_differenced_arima_p2_d0_q1,residual_acf,41,-0.0142627622696878,0.05,False
Austria,2024-07-25,weekly_differenced,weekly_differenced_arima_p2_d0_q1,residual_acf,42,0.0285694362828721,0.05,False
Austria,2024-07-25,weekly_differenced,weekly_differenced_arima_p2_d0_q1,residual_acf,43,0.0090901406658261,0.05,False
Austria,2024-07-25,weekly_differenced,weekly_differenced_arima_p2_d0_q1,residual_acf,44,0.0036259788266847,0.05,False
Austria,2024-07-25,weekly_differenced,weekly_differenced_arima_p2_d0_q1,residual_acf,45,0.0191143262761544,0.05,False
Austria,2024-07-25,weekly_differenced,weekly_differenced_arima_p2_d0_q1,residual_acf,46,0.016738198314148,0.05,False
Austria,2024-07-25,weekly_differenced,weekly_differenced_arima_p2_d0_q1,residual_acf,47,-0.0242185898948522,0.05,False
Austria,2024-07-25,weekly_differenced,weekly_differenced_arima_p2_d0_q1,residual_acf,48,0.0932889478443961,0.05,True
Austria,2024-07-25,weekly_differenced,weekly_differenced_arima_p2_d0_q1,residual_acf,5,-0.0371820069247187,0.05,False
Austria,2024-07-25,weekly_differenced,weekly_differenced_arima_p2_d0_q1,residual_acf,6,0.0055926332713442,0.05,False
Austria,2024-07-25,weekly_differenced,weekly_differenced_arima_p2_d0_q1,residual_acf,7,-0.0103547871007274,0.05,False
Austria,2024-07-25,weekly_differenced,weekly_differenced_arima_p2_d0_q1,residual_acf,8,0.0120616783749972,0.05,False
Austria,2024-07-25,weekly_differenced,weekly_differenced_arima_p2_d0_q1,residual_acf,9,0.0405873494508252,0.05,False
Austria,2024-07-25,weekly_differenced,weekly_differenced_arima_p2_d0_q2,ljung_box_pvalue,24,8.566205090699546e-29,0.01,True
Austria,2024-07-25,weekly_differenced,weekly_differenced_arima_p2_d0_q2,ljung_box_pvalue,48,2.657801893584659e-38,0.01,True
Austria,2024-07-25,weekly_differenced,weekly_differenced_arima_p2_d0_q2,ljung_box_statistic,24,185.3790050702384,0.01,True
Austria,2024-07-25,weekly_differenced,weekly_differenced_arima_p2_d0_q2,ljung_box_statistic,48,291.88406959689,0.01,True
Austria,2024-07-25,weekly_differenced,weekly_differenced_arima_p2_d0_q2,residual_acf,1,0.0032579307595954,0.05,False
Austria,2024-07-25,weekly_differenced,weekly_differenced_arima_p2_d0_q2,residual_acf,10,0.0112213865207182,0.05,False
Austria,2024-07-25,weekly_differenced,weekly_differenced_arima_p2_d0_q2,residual_acf,11,-0.0312155308644841,0.05,False
Austria,2024-07-25,weekly_differenced,weekly_differenced_arima_p2_d0_q2,residual_acf,12,0.0195894452333563,0.05,False
Austria,2024-07-25,weekly_differenced,weekly_differenced_arima_p2_d0_q2,residual_acf,13,-0.0271945711170616,0.05,False
Austria,2024-07-25,weekly_differenced,weekly_differenced_arima_p2_d0_q2,residual_acf,14,0.0224631006662088,0.05,False
Austria,2024-07-25,weekly_differenced,weekly_differenced_arima_p2_d0_q2,residual_acf,15,0.0051569598835114,0.05,False
Austria,2024-07-25,weekly_differenced,weekly_differenced_arima_p2_d0_q2,residual_acf,16,-0.0060717435795045,0.05,False
Austria,2024-07-25,weekly_differenced,weekly_differenced_arima_p2_d0_q2,residual_acf,17,0.0020810517354962,0.05,False
Austria,2024-07-25,weekly_differenced,weekly_differenced_arima_p2_d0_q2,residual_acf,18,0.0458258421714661,0.05,False
Austria,2024-07-25,weekly_differenced,weekly_differenced_arima_p2_d0_q2,residual_acf,19,0.0117268344701758,0.05,False
Austria,2024-07-25,weekly_differenced,weekly_differenced_arima_p2_d0_q2,residual_acf,2,0.0048337659116009,0.05,False
Austria,2024-07-25,weekly_differenced,weekly_differenced_arima_p2_d0_q2,residual_acf,20,0.0006450669471883,0.05,False
Austria,2024-07-25,weekly_differenced,weekly_differenced_arima_p2_d0_q2,residual_acf,21,0.0091516716286719,0.05,False
Austria,2024-07-25,weekly_differenced,weekly_differenced_arima_p2_d0_q2,residual_acf,22,0.0113665523958257,0.05,False
Austria,2024-07-25,weekly_differenced,weekly_differenced_arima_p2_d0_q2,residual_acf,23,0.0889425534146086,0.05,True
Austria,2024-07-25,weekly_differenced,weekly_differenced_arima_p2_d0_q2,residual_acf,24,0.1283444284094889,0.05,True
Austria,2024-07-25,weekly_differenced,weekly_differenced_arima_p2_d0_q2,residual_acf,25,0.0210149002220609,0.05,False
Austria,2024-07-25,weekly_differenced,weekly_differenced_arima_p2_d0_q2,residual_acf,26,-0.0162344841312897,0.05,False
Austria,2024-07-25,weekly_differenced,weekly_differenced_arima_p2_d0_q2,residual_acf,27,0.0148450183232636,0.05,False
Austria,2024-07-25,weekly_differenced,weekly_differenced_arima_p2_d0_q2,residual_acf,28,-0.0249161902435108,0.05,False
Austria,2024-07-25,weekly_differenced,weekly_differenced_arima_p2_d0_q2,residual_acf,29,-0.0438555442078812,0.05,False
Austria,2024-07-25,weekly_differenced,weekly_differenced_arima_p2_d0_q2,residual_acf,3,0.0011939330576719,0.05,False
Austria,2024-07-25,weekly_differenced,weekly_differenced_arima_p2_d0_q2,residual_acf,30,-0.0101619882654195,0.05,False
Austria,2024-07-25,weekly_differenced,weekly_differenced_arima_p2_d0_q2,residual_acf,31,-0.0240875528649504,0.05,False
Austria,2024-07-25,weekly_differenced,weekly_differenced_arima_p2_d0_q2,residual_acf,32,0.0271235738213849,0.05,False
Austria,2024-07-25,weekly_differenced,weekly_differenced_arima_p2_d0_q2,residual_acf,33,0.0043451383828711,0.05,False
Austria,2024-07-25,weekly_differenced,weekly_differenced_arima_p2_d0_q2,residual_acf,34,0.0324159942978394,0.05,False
Austria,2024-07-25,weekly_differenced,weekly_differenced_arima_p2_d0_q2,residual_acf,35,0.0296333206848292,0.05,False
Austria,2024-07-25,weekly_differenced,weekly_differenced_arima_p2_d0_q2,residual_acf,36,0.0042884127505916,0.05,False
Austria,2024-07-25,weekly_differenced,weekly_differenced_arima_p2_d0_q2,residual_acf,37,0.0300944924790501,0.05,False
Austria,2024-07-25,weekly_differenced,weekly_differenced_arima_p2_d0_q2,residual_acf,38,-0.0090007865096716,0.05,False
Austria,2024-07-25,weekly_differenced,weekly_differenced_arima_p2_d0_q2,residual_acf,39,0.0460140859432831,0.05,False
Austria,2024-07-25,weekly_differenced,weekly_differenced_arima_p2_d0_q2,residual_acf,4,-0.0674133257153268,0.05,True
Austria,2024-07-25,weekly_differenced,weekly_differenced_arima_p2_d0_q2,residual_acf,40,0.0023782301243692,0.05,False
Austria,2024-07-25,weekly_differenced,weekly_differenced_arima_p2_d0_q2,residual_acf,41,-0.0171565117531422,0.05,False
Austria,2024-07-25,weekly_differenced,weekly_differenced_arima_p2_d0_q2,residual_acf,42,0.0305090900380837,0.05,False
Austria,2024-07-25,weekly_differenced,weekly_differenced_arima_p2_d0_q2,residual_acf,43,0.0086527832982325,0.05,False
Austria,2024-07-25,weekly_differenced,weekly_differenced_arima_p2_d0_q2,residual_acf,44,-0.0004160117605062,0.05,False
Austria,2024-07-25,weekly_differenced,weekly_differenced_arima_p2_d0_q2,residual_acf,45,0.024077960897078,0.05,False
Austria,2024-07-25,weekly_differenced,weekly_differenced_arima_p2_d0_q2,residual_acf,46,0.0140530810794579,0.05,False
Austria,2024-07-25,weekly_differenced,weekly_differenced_arima_p2_d0_q2,residual_acf,47,-0.0263636788653223,0.05,False
Austria,2024-07-25,weekly_differenced,weekly_differenced_arima_p2_d0_q2,residual_acf,48,0.0927058431163406,0.05,True
Austria,2024-07-25,weekly_differenced,weekly_differenced_arima_p2_d0_q2,residual_acf,5,-0.0359563225674216,0.05,False
Austria,2024-07-25,weekly_differenced,weekly_differenced_arima_p2_d0_q2,residual_acf,6,0.0045172794121313,0.05,False
Austria,2024-07-25,weekly_differenced,weekly_differenced_arima_p2_d0_q2,residual_acf,7,-0.0172697605455585,0.05,False
Austria,2024-07-25,weekly_differenced,weekly_differenced_arima_p2_d0_q2,residual_acf,8,0.003780529655974,0.05,False
Austria,2024-07-25,weekly_differenced,weekly_differenced_arima_p2_d0_q2,residual_acf,9,0.0381846253996713,0.05,False
Austria,2024-07-25,weekly_differenced,weekly_differenced_arima_p3_d0_q1,ljung_box_pvalue,24,1.0806705709523145e-23,0.01,True
Austria,2024-07-25,weekly_differenced,weekly_differenced_arima_p3_d0_q1,ljung_box_pvalue,48,2.4124750257737635e-31,0.01,True
Austria,2024-07-25,weekly_differenced,weekly_differenced_arima_p3_d0_q1,ljung_box_statistic,24,159.1806624379647,0.01,True
Austria,2024-07-25,weekly_differenced,weekly_differenced_arima_p3_d0_q1,ljung_box_statistic,48,254.06265550974015,0.01,True
Austria,2024-07-25,weekly_differenced,weekly_differenced_arima_p3_d0_q1,residual_acf,1,0.0050396492547972,0.05,False
Austria,2024-07-25,weekly_differenced,weekly_differenced_arima_p3_d0_q1,residual_acf,10,-0.0102384601757303,0.05,False
Austria,2024-07-25,weekly_differenced,weekly_differenced_arima_p3_d0_q1,residual_acf,11,-0.0508283999682646,0.05,True
Austria,2024-07-25,weekly_differenced,weekly_differenced_arima_p3_d0_q1,residual_acf,12,0.0020191711641968,0.05,False
Austria,2024-07-25,weekly_differenced,weekly_differenced_arima_p3_d0_q1,residual_acf,13,-0.0385545360593102,0.05,False
Austria,2024-07-25,weekly_differenced,weekly_differenced_arima_p3_d0_q1,residual_acf,14,0.011457110755472,0.05,False
Austria,2024-07-25,weekly_differenced,weekly_differenced_arima_p3_d0_q1,residual_acf,15,-0.0064076881247661,0.05,False
Austria,2024-07-25,weekly_differenced,weekly_differenced_arima_p3_d0_q1,residual_acf,16,-0.0196210395356982,0.05,False
Austria,2024-07-25,weekly_differenced,weekly_differenced_arima_p3_d0_q1,residual_acf,17,-0.0074766435763627,0.05,False
Austria,2024-07-25,weekly_differenced,weekly_differenced_arima_p3_d0_q1,residual_acf,18,0.0431227369350757,0.05,False
Austria,2024-07-25,weekly_differenced,weekly_differenced_arima_p3_d0_q1,residual_acf,19,0.0143430957461748,0.05,False
Austria,2024-07-25,weekly_differenced,weekly_differenced_arima_p3_d0_q1,residual_acf,2,-0.0203661807635961,0.05,False
Austria,2024-07-25,weekly_differenced,weekly_differenced_arima_p3_d0_q1,residual_acf,20,0.0026573697070658,0.05,False
Austria,2024-07-25,weekly_differenced,weekly_differenced_arima_p3_d0_q1,residual_acf,21,0.0054287708036609,0.05,False
Austria,2024-07-25,weekly_differenced,weekly_differenced_arima_p3_d0_q1,residual_acf,22,0.0052026979977433,0.05,False
Austria,2024-07-25,weekly_differenced,weekly_differenced_arima_p3_d0_q1,residual_acf,23,0.0849152977499852,0.05,True
Austria,2024-07-25,weekly_differenced,weekly_differenced_arima_p3_d0_q1,residual_acf,24,0.1221781074168202,0.05,True
Austria,2024-07-25,weekly_differenced,weekly_differenced_arima_p3_d0_q1,residual_acf,25,0.0095646779147938,0.05,False
Austria,2024-07-25,weekly_differenced,weekly_differenced_arima_p3_d0_q1,residual_acf,26,-0.0251385540597976,0.05,False
Austria,2024-07-25,weekly_differenced,weekly_differenced_arima_p3_d0_q1,residual_acf,27,0.0157541587067324,0.05,False
Austria,2024-07-25,weekly_differenced,weekly_differenced_arima_p3_d0_q1,residual_acf,28,-0.0201147830697508,0.05,False
Austria,2024-07-25,weekly_differenced,weekly_differenced_arima_p3_d0_q1,residual_acf,29,-0.0443889902290686,0.05,False
Austria,2024-07-25,weekly_differenced,weekly_differenced_arima_p3_d0_q1,residual_acf,3,0.0250813978520458,0.05,False
Austria,2024-07-25,weekly_differenced,weekly_differenced_arima_p3_d0_q1,residual_acf,30,-0.01475883223238,0.05,False
Austria,2024-07-25,weekly_differenced,weekly_differenced_arima_p3_d0_q1,residual_acf,31,-0.0290059541501346,0.05,False
Austria,2024-07-25,weekly_differenced,weekly_differenced_arima_p3_d0_q1,residual_acf,32,0.0172450553172036,0.05,False
Austria,2024-07-25,weekly_differenced,weekly_differenced_arima_p3_d0_q1,residual_acf,33,-0.00550342362934,0.05,False
Austria,2024-07-25,weekly_differenced,weekly_differenced_arima_p3_d0_q1,residual_acf,34,0.0227994466282135,0.05,False
Austria,2024-07-25,weekly_differenced,weekly_differenced_arima_p3_d0_q1,residual_acf,35,0.0226718722412548,0.05,False
Austria,2024-07-25,weekly_differenced,weekly_differenced_arima_p3_d0_q1,residual_acf,36,-0.000598582577912,0.05,False
Austria,2024-07-25,weekly_differenced,weekly_differenced_arima_p3_d0_q1,residual_acf,37,0.0242778665548669,0.05,False
Austria,2024-07-25,weekly_differenced,weekly_differenced_arima_p3_d0_q1,residual_acf,38,-0.0092750781423375,0.05,False
Austria,2024-07-25,weekly_differenced,weekly_differenced_arima_p3_d0_q1,residual_acf,39,0.0456386009417414,0.05,False
Austria,2024-07-25,weekly_differenced,weekly_differenced_arima_p3_d0_q1,residual_acf,4,-0.0114652741367542,0.05,False
Austria,2024-07-25,weekly_differenced,weekly_differenced_arima_p3_d0_q1,residual_acf,40,0.0006989138179181,0.05,False
Austria,2024-07-25,weekly_differenced,weekly_differenced_arima_p3_d0_q1,residual_acf,41,-0.0192536737364399,0.05,False
Austria,2024-07-25,weekly_differenced,weekly_differenced_arima_p3_d0_q1,residual_acf,42,0.0294494073890939,0.05,False
Austria,2024-07-25,weekly_differenced,weekly_differenced_arima_p3_d0_q1,residual_acf,43,0.0088870904048393,0.05,False
Austria,2024-07-25,weekly_differenced,weekly_differenced_arima_p3_d0_q1,residual_acf,44,8.086736646796196e-05,0.05,False
Austria,2024-07-25,weekly_differenced,weekly_differenced_arima_p3_d0_q1,residual_acf,45,0.0225959127268971,0.05,False
Austria,2024-07-25,weekly_differenced,weekly_differenced_arima_p3_d0_q1,residual_acf,46,0.007776340461701,0.05,False
Austria,2024-07-25,weekly_differenced,weekly_differenced_arima_p3_d0_q1,residual_acf,47,-0.0315928108171408,0.05,False
Austria,2024-07-25,weekly_differenced,weekly_differenced_arima_p3_d0_q1,residual_acf,48,0.0871244000826269,0.05,True
Austria,2024-07-25,weekly_differenced,weekly_differenced_arima_p3_d0_q1,residual_acf,5,-0.0071794047533213,0.05,False
Austria,2024-07-25,weekly_differenced,weekly_differenced_arima_p3_d0_q1,residual_acf,6,0.008611471644683,0.05,False
Austria,2024-07-25,weekly_differenced,weekly_differenced_arima_p3_d0_q1,residual_acf,7,-0.0318691197972567,0.05,False
Austria,2024-07-25,weekly_differenced,weekly_differenced_arima_p3_d0_q1,residual_acf,8,-0.0191883940625859,0.05,False
Austria,2024-07-25,weekly_differenced,weekly_differenced_arima_p3_d0_q1,residual_acf,9,0.0156855226736215,0.05,False
Austria,2024-08-18,weekly_differenced,weekly_differenced_arima_p1_d0_q1,ljung_box_pvalue,24,8.727656216353111e-159,0.01,True
Austria,2024-08-18,weekly_differenced,weekly_differenced_arima_p1_d0_q1,ljung_box_pvalue,48,1.641731426256987e-168,0.01,True
Austria,2024-08-18,weekly_differenced,weekly_differenced_arima_p1_d0_q1,ljung_box_statistic,24,818.0040244761946,0.01,True
Austria,2024-08-18,weekly_differenced,weekly_differenced_arima_p1_d0_q1,ljung_box_statistic,48,946.8703364535182,0.01,True
Austria,2024-08-18,weekly_differenced,weekly_differenced_arima_p1_d0_q1,residual_acf,1,0.1655926947485918,0.05,True
Austria,2024-08-18,weekly_differenced,weekly_differenced_arima_p1_d0_q1,residual_acf,10,-0.0167416823022608,0.05,False
Austria,2024-08-18,weekly_differenced,weekly_differenced_arima_p1_d0_q1,residual_acf,11,-0.0621341917157118,0.05,True
Austria,2024-08-18,weekly_differenced,weekly_differenced_arima_p1_d0_q1,residual_acf,12,-0.0209931847911257,0.05,False
Austria,2024-08-18,weekly_differenced,weekly_differenced_arima_p1_d0_q1,residual_acf,13,-0.0497174418777346,0.05,False
Austria,2024-08-18,weekly_differenced,weekly_differenced_arima_p1_d0_q1,residual_acf,14,-0.0059671449531936,0.05,False
Austria,2024-08-18,weekly_differenced,weekly_differenced_arima_p1_d0_q1,residual_acf,15,-0.0212899857378445,0.05,False
Austria,2024-08-18,weekly_differenced,weekly_differenced_arima_p1_d0_q1,residual_acf,16,-0.0064801995199658,0.05,False
Austria,2024-08-18,weekly_differenced,weekly_differenced_arima_p1_d0_q1,residual_acf,17,-0.0134937989409743,0.05,False
Austria,2024-08-18,weekly_differenced,weekly_differenced_arima_p1_d0_q1,residual_acf,18,0.015871128943517,0.05,False
Austria,2024-08-18,weekly_differenced,weekly_differenced_arima_p1_d0_q1,residual_acf,19,0.0010400990709372,0.05,False
Austria,2024-08-18,weekly_differenced,weekly_differenced_arima_p1_d0_q1,residual_acf,2,0.224402244215427,0.05,True
Austria,2024-08-18,weekly_differenced,weekly_differenced_arima_p1_d0_q1,residual_acf,20,0.0034668493967948,0.05,False
Austria,2024-08-18,weekly_differenced,weekly_differenced_arima_p1_d0_q1,residual_acf,21,0.0112485363506162,0.05,False
Austria,2024-08-18,weekly_differenced,weekly_differenced_arima_p1_d0_q1,residual_acf,22,0.0468467349416162,0.05,False
Austria,2024-08-18,weekly_differenced,weekly_differenced_arima_p1_d0_q1,residual_acf,23,0.1030036445592609,0.05,True
Austria,2024-08-18,weekly_differenced,weekly_differenced_arima_p1_d0_q1,residual_acf,24,0.1203428733988681,0.05,True
Austria,2024-08-18,weekly_differenced,weekly_differenced_arima_p1_d0_q1,residual_acf,25,0.0362667322902691,0.05,False
Austria,2024-08-18,weekly_differenced,weekly_differenced_arima_p1_d0_q1,residual_acf,26,-0.0112402260011669,0.05,False
Austria,2024-08-18,weekly_differenced,weekly_differenced_arima_p1_d0_q1,residual_acf,27,-0.0217400587939877,0.05,False
Austria,2024-08-18,weekly_differenced,weekly_differenced_arima_p1_d0_q1,residual_acf,28,-0.0488914892855531,0.05,False
Austria,2024-08-18,weekly_differenced,weekly_differenced_arima_p1_d0_q1,residual_acf,29,-0.0752076342025321,0.05,True
Austria,2024-08-18,weekly_differenced,weekly_differenced_arima_p1_d0_q1,residual_acf,3,-0.0864424531793784,0.05,True
Austria,2024-08-18,weekly_differenced,weekly_differenced_arima_p1_d0_q1,residual_acf,30,-0.0375277951831401,0.05,False
Austria,2024-08-18,weekly_differenced,weekly_differenced_arima_p1_d0_q1,residual_acf,31,-0.0418249776549506,0.05,False
Austria,2024-08-18,weekly_differenced,weekly_differenced_arima_p1_d0_q1,residual_acf,32,0.0048209465424316,0.05,False
Austria,2024-08-18,weekly_differenced,weekly_differenced_arima_p1_d0_q1,residual_acf,33,-0.0011007260023255,0.05,False
Austria,2024-08-18,weekly_differenced,weekly_differenced_arima_p1_d0_q1,residual_acf,34,0.0247875707567182,0.05,False
Austria,2024-08-18,weekly_differenced,weekly_differenced_arima_p1_d0_q1,residual_acf,35,0.0279191251562288,0.05,False
Austria,2024-08-18,weekly_differenced,weekly_differenced_arima_p1_d0_q1,residual_acf,36,0.0063725569020363,0.05,False
Austria,2024-08-18,weekly_differenced,weekly_differenced_arima_p1_d0_q1,residual_acf,37,0.0306480050787289,0.05,False
Austria,2024-08-18,weekly_differenced,weekly_differenced_arima_p1_d0_q1,residual_acf,38,-0.0063252753147527,0.05,False
Austria,2024-08-18,weekly_differenced,weekly_differenced_arima_p1_d0_q1,residual_acf,39,0.0343071562483443,0.05,False
Austria,2024-08-18,weekly_differenced,weekly_differenced_arima_p1_d0_q1,residual_acf,4,-0.0642867696409129,0.05,True
Austria,2024-08-18,weekly_differenced,weekly_differenced_arima_p1_d0_q1,residual_acf,40,-0.004126697675015,0.05,False
Austria,2024-08-18,weekly_differenced,weekly_differenced_arima_p1_d0_q1,residual_acf,41,-0.0090097562090099,0.05,False
Austria,2024-08-18,weekly_differenced,weekly_differenced_arima_p1_d0_q1,residual_acf,42,0.0127509977779395,0.05,False
Austria,2024-08-18,weekly_differenced,weekly_differenced_arima_p1_d0_q1,residual_acf,43,-0.0012056924371322,0.05,False
Austria,2024-08-18,weekly_differenced,weekly_differenced_arima_p1_d0_q1,residual_acf,44,0.0086539514055194,0.05,False
Austria,2024-08-18,weekly_differenced,weekly_differenced_arima_p1_d0_q1,residual_acf,45,-0.004204084608423,0.05,False
Austria,2024-08-18,weekly_differenced,weekly_differenced_arima_p1_d0_q1,residual_acf,46,0.0263208861276505,0.05,False
Austria,2024-08-18,weekly_differenced,weekly_differenced_arima_p1_d0_q1,residual_acf,47,-0.0130372275631375,0.05,False
Austria,2024-08-18,weekly_differenced,weekly_differenced_arima_p1_d0_q1,residual_acf,48,0.0721939162399627,0.05,True
Austria,2024-08-18,weekly_differenced,weekly_differenced_arima_p1_d0_q1,residual_acf,5,-0.1270594805089782,0.05,True
Austria,2024-08-18,weekly_differenced,weekly_differenced_arima_p1_d0_q1,residual_acf,6,-0.0532508335370824,0.05,True
Austria,2024-08-18,weekly_differenced,weekly_differenced_arima_p1_d0_q1,residual_acf,7,-0.0585193877006128,0.05,True
Austria,2024-08-18,weekly_differenced,weekly_differenced_arima_p1_d0_q1,residual_acf,8,-0.0192733132446252,0.05,False
Austria,2024-08-18,weekly_differenced,weekly_differenced_arima_p1_d0_q1,residual_acf,9,-0.0135661443696901,0.05,False
Austria,2024-08-18,weekly_differenced,weekly_differenced_arima_p2_d0_q0,ljung_box_pvalue,24,1.6634040151696386e-87,0.01,True
Austria,2024-08-18,weekly_differenced,weekly_differenced_arima_p2_d0_q0,ljung_box_pvalue,48,2.0885365958372425e-93,0.01,True
Austria,2024-08-18,weekly_differenced,weekly_differenced_arima_p2_d0_q0,ljung_box_statistic,24,479.0826785680924,0.01,True
Austria,2024-08-18,weekly_differenced,weekly_differenced_arima_p2_d0_q0,ljung_box_statistic,48,579.4563708359049,0.01,True
Austria,2024-08-18,weekly_differenced,weekly_differenced_arima_p2_d0_q0,residual_acf,1,0.1315717814331449,0.05,True
Austria,2024-08-18,weekly_differenced,weekly_differenced_arima_p2_d0_q0,residual_acf,10,0.0298295094196624,0.05,False
Austria,2024-08-18,weekly_differenced,weekly_differenced_arima_p2_d0_q0,residual_acf,11,-0.0166397763248596,0.05,False
Austria,2024-08-18,weekly_differenced,weekly_differenced_arima_p2_d0_q0,residual_acf,12,0.0179463848349175,0.05,False
Austria,2024-08-18,weekly_differenced,weekly_differenced_arima_p2_d0_q0,residual_acf,13,0.0035200322964158,0.05,False
Austria,2024-08-18,weekly_differenced,weekly_differenced_arima_p2_d0_q0,residual_acf,14,0.0333546316138245,0.05,False
Austria,2024-08-18,weekly_differenced,weekly_differenced_arima_p2_d0_q0,residual_acf,15,0.0262452229435674,0.05,False
Austria,2024-08-18,weekly_differenced,weekly_differenced_arima_p2_d0_q0,residual_acf,16,0.0146160254941766,0.05,False
Austria,2024-08-18,weekly_differenced,weekly_differenced_arima_p2_d0_q0,residual_acf,17,0.0158029363377498,0.05,False
Austria,2024-08-18,weekly_differenced,weekly_differenced_arima_p2_d0_q0,residual_acf,18,0.0438993985443116,0.05,False
Austria,2024-08-18,weekly_differenced,weekly_differenced_arima_p2_d0_q0,residual_acf,19,0.0242947458825643,0.05,False
Austria,2024-08-18,weekly_differenced,weekly_differenced_arima_p2_d0_q0,residual_acf,2,-0.0817597384138507,0.05,True
Austria,2024-08-18,weekly_differenced,weekly_differenced_arima_p2_d0_q0,residual_acf,20,0.0009028711437666,0.05,False
Austria,2024-08-18,weekly_differenced,weekly_differenced_arima_p2_d0_q0,residual_acf,21,-0.0094056045889018,0.05,False
Austria,2024-08-18,weekly_differenced,weekly_differenced_arima_p2_d0_q0,residual_acf,22,0.0196172623174414,0.05,False
Austria,2024-08-18,weekly_differenced,weekly_differenced_arima_p2_d0_q0,residual_acf,23,0.111801854222268,0.05,True
Austria,2024-08-18,weekly_differenced,weekly_differenced_arima_p2_d0_q0,residual_acf,24,0.1377508920073168,0.05,True
Austria,2024-08-18,weekly_differenced,weekly_differenced_arima_p2_d0_q0,residual_acf,25,0.0228685081009289,0.05,False
Austria,2024-08-18,weekly_differenced,weekly_differenced_arima_p2_d0_q0,residual_acf,26,-0.0233623239032314,0.05,False
Austria,2024-08-18,weekly_differenced,weekly_differenced_arima_p2_d0_q0,residual_acf,27,0.0129627518786581,0.05,False
Austria,2024-08-18,weekly_differenced,weekly_differenced_arima_p2_d0_q0,residual_acf,28,-0.0130039670932617,0.05,False
Austria,2024-08-18,weekly_differenced,weekly_differenced_arima_p2_d0_q0,residual_acf,29,-0.0387346280134326,0.05,False
Austria,2024-08-18,weekly_differenced,weekly_differenced_arima_p2_d0_q0,residual_acf,3,-0.0831848098854773,0.05,True
Austria,2024-08-18,weekly_differenced,weekly_differenced_arima_p2_d0_q0,residual_acf,30,-0.0018957644087795,0.05,False
Austria,2024-08-18,weekly_differenced,weekly_differenced_arima_p2_d0_q0,residual_acf,31,0.000831336281908,0.05,False
Austria,2024-08-18,weekly_differenced,weekly_differenced_arima_p2_d0_q0,residual_acf,32,0.0292584090769093,0.05,False
Austria,2024-08-18,weekly_differenced,weekly_differenced_arima_p2_d0_q0,residual_acf,33,0.0182917020184147,0.05,False
Austria,2024-08-18,weekly_differenced,weekly_differenced_arima_p2_d0_q0,residual_acf,34,0.0381376672536298,0.05,False
Austria,2024-08-18,weekly_differenced,weekly_differenced_arima_p2_d0_q0,residual_acf,35,0.0338967222883856,0.05,False
Austria,2024-08-18,weekly_differenced,weekly_differenced_arima_p2_d0_q0,residual_acf,36,0.0116516907500372,0.05,False
Austria,2024-08-18,weekly_differenced,weekly_differenced_arima_p2_d0_q0,residual_acf,37,0.025309725791849,0.05,False
Austria,2024-08-18,weekly_differenced,weekly_differenced_arima_p2_d0_q0,residual_acf,38,0.0027204316258136,0.05,False
Austria,2024-08-18,weekly_differenced,weekly_differenced_arima_p2_d0_q0,residual_acf,39,0.0460624759618161,0.05,False
Austria,2024-08-18,weekly_differenced,weekly_differenced_arima_p2_d0_q0,residual_acf,4,-0.0917176383875257,0.05,True
Austria,2024-08-18,weekly_differenced,weekly_differenced_arima_p2_d0_q0,residual_acf,40,0.0053182062790972,0.05,False
Austria,2024-08-18,weekly_differenced,weekly_differenced_arima_p2_d0_q0,residual_acf,41,-0.0105350652275846,0.05,False
Austria,2024-08-18,weekly_differenced,weekly_differenced_arima_p2_d0_q0,residual_acf,42,0.0271761465164984,0.05,False
Austria,2024-08-18,weekly_differenced,weekly_differenced_arima_p2_d0_q0,residual_acf,43,0.0160516904307766,0.05,False
Austria,2024-08-18,weekly_differenced,weekly_differenced_arima_p2_d0_q0,residual_acf,44,0.0074700626332027,0.05,False
Austria,2024-08-18,weekly_differenced,weekly_differenced_arima_p2_d0_q0,residual_acf,45,0.0116160727790013,0.05,False
Austria,2024-08-18,weekly_differenced,weekly_differenced_arima_p2_d0_q0,residual_acf,46,0.0110323043411881,0.05,False
Austria,2024-08-18,weekly_differenced,weekly_differenced_arima_p2_d0_q0,residual_acf,47,-0.0074004885959446,0.05,False
Austria,2024-08-18,weekly_differenced,weekly_differenced_arima_p2_d0_q0,residual_acf,48,0.0831497798795212,0.05,True
Austria,2024-08-18,weekly_differenced,weekly_differenced_arima_p2_d0_q0,residual_acf,5,-0.0439363502438265,0.05,False
Austria,2024-08-18,weekly_differenced,weekly_differenced_arima_p2_d0_q0,residual_acf,6,0.0182168539207774,0.05,False
Austria,2024-08-18,weekly_differenced,weekly_differenced_arima_p2_d0_q0,residual_acf,7,0.0266020826373985,0.05,False
Austria,2024-08-18,weekly_differenced,weekly_differenced_arima_p2_d0_q0,residual_acf,8,0.0414277244116507,0.05,False
Austria,2024-08-18,weekly_differenced,weekly_differenced_arima_p2_d0_q0,residual_acf,9,0.0650890304441917,0.05,True
Austria,2024-08-18,weekly_differenced,weekly_differenced_arima_p2_d0_q1,ljung_box_pvalue,24,8.9387900973527e-34,0.01,True
Austria,2024-08-18,weekly_differenced,weekly_differenced_arima_p2_d0_q1,ljung_box_pvalue,48,1.3623431300553678e-41,0.01,True
Austria,2024-08-18,weekly_differenced,weekly_differenced_arima_p2_d0_q1,ljung_box_statistic,24,213.21210397197223,0.01,True
Austria,2024-08-18,weekly_differenced,weekly_differenced_arima_p2_d0_q1,ljung_box_statistic,48,311.7586285995377,0.01,True
Austria,2024-08-18,weekly_differenced,weekly_differenced_arima_p2_d0_q1,residual_acf,1,0.0093122451324884,0.05,False
Austria,2024-08-18,weekly_differenced,weekly_differenced_arima_p2_d0_q1,residual_acf,10,0.0157678675791167,0.05,False
Austria,2024-08-18,weekly_differenced,weekly_differenced_arima_p2_d0_q1,residual_acf,11,-0.0304182952573096,0.05,False
Austria,2024-08-18,weekly_differenced,weekly_differenced_arima_p2_d0_q1,residual_acf,12,0.01620780190171,0.05,False
Austria,2024-08-18,weekly_differenced,weekly_differenced_arima_p2_d0_q1,residual_acf,13,-0.0144721623966787,0.05,False
Austria,2024-08-18,weekly_differenced,weekly_differenced_arima_p2_d0_q1,residual_acf,14,0.0236893280907463,0.05,False
Austria,2024-08-18,weekly_differenced,weekly_differenced_arima_p2_d0_q1,residual_acf,15,0.0117704400841783,0.05,False
Austria,2024-08-18,weekly_differenced,weekly_differenced_arima_p2_d0_q1,residual_acf,16,0.0086213053273498,0.05,False
Austria,2024-08-18,weekly_differenced,weekly_differenced_arima_p2_d0_q1,residual_acf,17,0.0050443297027998,0.05,False
Austria,2024-08-18,weekly_differenced,weekly_differenced_arima_p2_d0_q1,residual_acf,18,0.0358358959935722,0.05,False
Austria,2024-08-18,weekly_differenced,weekly_differenced_arima_p2_d0_q1,residual_acf,19,0.0163437538258527,0.05,False
Austria,2024-08-18,weekly_differenced,weekly_differenced_arima_p2_d0_q1,residual_acf,2,0.025216648471115,0.05,False
Austria,2024-08-18,weekly_differenced,weekly_differenced_arima_p2_d0_q1,residual_acf,20,0.0053653051636665,0.05,False
Austria,2024-08-18,weekly_differenced,weekly_differenced_arima_p2_d0_q1,residual_acf,21,0.0020861066585378,0.05,False
Austria,2024-08-18,weekly_differenced,weekly_differenced_arima_p2_d0_q1,residual_acf,22,0.0196910407053828,0.05,False
Austria,2024-08-18,weekly_differenced,weekly_differenced_arima_p2_d0_q1,residual_acf,23,0.0927639277081525,0.05,True
Austria,2024-08-18,weekly_differenced,weekly_differenced_arima_p2_d0_q1,residual_acf,24,0.1203442754566266,0.05,True
Austria,2024-08-18,weekly_differenced,weekly_differenced_arima_p2_d0_q1,residual_acf,25,0.0166844231056295,0.05,False
Austria,2024-08-18,weekly_differenced,weekly_differenced_arima_p2_d0_q1,residual_acf,26,-0.0194018644203861,0.05,False
Austria,2024-08-18,weekly_differenced,weekly_differenced_arima_p2_d0_q1,residual_acf,27,0.0134714878670604,0.05,False
Austria,2024-08-18,weekly_differenced,weekly_differenced_arima_p2_d0_q1,residual_acf,28,-0.0174696927773133,0.05,False
Austria,2024-08-18,weekly_differenced,weekly_differenced_arima_p2_d0_q1,residual_acf,29,-0.0441924631700995,0.05,False
Austria,2024-08-18,weekly_differenced,weekly_differenced_arima_p2_d0_q1,residual_acf,3,-0.0385235632337017,0.05,False
Austria,2024-08-18,weekly_differenced,weekly_differenced_arima_p2_d0_q1,residual_acf,30,-0.0023325541033894,0.05,False
Austria,2024-08-18,weekly_differenced,weekly_differenced_arima_p2_d0_q1,residual_acf,31,-0.0134194002957304,0.05,False
Austria,2024-08-18,weekly_differenced,weekly_differenced_arima_p2_d0_q1,residual_acf,32,0.0245580328968367,0.05,False
Austria,2024-08-18,weekly_differenced,weekly_differenced_arima_p2_d0_q1,residual_acf,33,0.0062844602609496,0.05,False
Austria,2024-08-18,weekly_differenced,weekly_differenced_arima_p2_d0_q1,residual_acf,34,0.0317159811576213,0.05,False
Austria,2024-08-18,weekly_differenced,weekly_differenced_arima_p2_d0_q1,residual_acf,35,0.0295735069917941,0.05,False
Austria,2024-08-18,weekly_differenced,weekly_differenced_arima_p2_d0_q1,residual_acf,36,0.0050537319145415,0.05,False
Austria,2024-08-18,weekly_differenced,weekly_differenced_arima_p2_d0_q1,residual_acf,37,0.031125217121017,0.05,False
Austria,2024-08-18,weekly_differenced,weekly_differenced_arima_p2_d0_q1,residual_acf,38,-0.0083207854143277,0.05,False
Austria,2024-08-18,weekly_differenced,weekly_differenced_arima_p2_d0_q1,residual_acf,39,0.0466938754034226,0.05,False
Austria,2024-08-18,weekly_differenced,weekly_differenced_arima_p2_d0_q1,residual_acf,4,-0.0690478776801991,0.05,True
Austria,2024-08-18,weekly_differenced,weekly_differenced_arima_p2_d0_q1,residual_acf,40,0.0008024116585844,0.05,False
Austria,2024-08-18,weekly_differenced,weekly_differenced_arima_p2_d0_q1,residual_acf,41,-0.0113750113130489,0.05,False
Austria,2024-08-18,weekly_differenced,weekly_differenced_arima_p2_d0_q1,residual_acf,42,0.0263351331869839,0.05,False
Austria,2024-08-18,weekly_differenced,weekly_differenced_arima_p2_d0_q1,residual_acf,43,0.0091271196130341,0.05,False
Austria,2024-08-18,weekly_differenced,weekly_differenced_arima_p2_d0_q1,residual_acf,44,0.0065252109085504,0.05,False
Austria,2024-08-18,weekly_differenced,weekly_differenced_arima_p2_d0_q1,residual_acf,45,0.0082859856613537,0.05,False
Austria,2024-08-18,weekly_differenced,weekly_differenced_arima_p2_d0_q1,residual_acf,46,0.0196492211757868,0.05,False
Austria,2024-08-18,weekly_differenced,weekly_differenced_arima_p2_d0_q1,residual_acf,47,-0.020868872520636,0.05,False
Austria,2024-08-18,weekly_differenced,weekly_differenced_arima_p2_d0_q1,residual_acf,48,0.082526301090386,0.05,True
Austria,2024-08-18,weekly_differenced,weekly_differenced_arima_p2_d0_q1,residual_acf,5,-0.0451520612993417,0.05,False
Austria,2024-08-18,weekly_differenced,weekly_differenced_arima_p2_d0_q1,residual_acf,6,0.0029298904898326,0.05,False
Austria,2024-08-18,weekly_differenced,weekly_differenced_arima_p2_d0_q1,residual_acf,7,0.0030156709055693,0.05,False
Austria,2024-08-18,weekly_differenced,weekly_differenced_arima_p2_d0_q1,residual_acf,8,0.0159539098933162,0.05,False
Austria,2024-08-18,weekly_differenced,weekly_differenced_arima_p2_d0_q1,residual_acf,9,0.0407164916937046,0.05,False
Austria,2024-08-18,weekly_differenced,weekly_differenced_arima_p2_d0_q2,ljung_box_pvalue,24,1.6847893481579887e-30,0.01,True
Austria,2024-08-18,weekly_differenced,weekly_differenced_arima_p2_d0_q2,ljung_box_pvalue,48,2.154714708694804e-38,0.01,True
Austria,2024-08-18,weekly_differenced,weekly_differenced_arima_p2_d0_q2,ljung_box_statistic,24,194.05003914628097,0.01,True
Austria,2024-08-18,weekly_differenced,weekly_differenced_arima_p2_d0_q2,ljung_box_statistic,48,292.373576797023,0.01,True
Austria,2024-08-18,weekly_differenced,weekly_differenced_arima_p2_d0_q2,residual_acf,1,0.0032339118226979,0.05,False
Austria,2024-08-18,weekly_differenced,weekly_differenced_arima_p2_d0_q2,residual_acf,10,0.010659242149543,0.05,False
Austria,2024-08-18,weekly_differenced,weekly_differenced_arima_p2_d0_q2,residual_acf,11,-0.0332743437217759,0.05,False
Austria,2024-08-18,weekly_differenced,weekly_differenced_arima_p2_d0_q2,residual_acf,12,0.0145321989930853,0.05,False
Austria,2024-08-18,weekly_differenced,weekly_differenced_arima_p2_d0_q2,residual_acf,13,-0.0165439988013017,0.05,False
Austria,2024-08-18,weekly_differenced,weekly_differenced_arima_p2_d0_q2,residual_acf,14,0.0192639455108168,0.05,False
Austria,2024-08-18,weekly_differenced,weekly_differenced_arima_p2_d0_q2,residual_acf,15,0.0111664377131678,0.05,False
Austria,2024-08-18,weekly_differenced,weekly_differenced_arima_p2_d0_q2,residual_acf,16,0.0048390346042113,0.05,False
Austria,2024-08-18,weekly_differenced,weekly_differenced_arima_p2_d0_q2,residual_acf,17,0.0031226225047116,0.05,False
Austria,2024-08-18,weekly_differenced,weekly_differenced_arima_p2_d0_q2,residual_acf,18,0.0342852235224339,0.05,False
Austria,2024-08-18,weekly_differenced,weekly_differenced_arima_p2_d0_q2,residual_acf,19,0.0155216051052312,0.05,False
Austria,2024-08-18,weekly_differenced,weekly_differenced_arima_p2_d0_q2,residual_acf,2,0.0059108629674711,0.05,False
Austria,2024-08-18,weekly_differenced,weekly_differenced_arima_p2_d0_q2,residual_acf,20,0.0067162776815163,0.05,False
Austria,2024-08-18,weekly_differenced,weekly_differenced_arima_p2_d0_q2,residual_acf,21,0.0050304252517891,0.05,False
Austria,2024-08-18,weekly_differenced,weekly_differenced_arima_p2_d0_q2,residual_acf,22,0.0169959671049707,0.05,False
Austria,2024-08-18,weekly_differenced,weekly_differenced_arima_p2_d0_q2,residual_acf,23,0.0901755853866334,0.05,True
Austria,2024-08-18,weekly_differenced,weekly_differenced_arima_p2_d0_q2,residual_acf,24,0.1196250550018425,0.05,True
Austria,2024-08-18,weekly_differenced,weekly_differenced_arima_p2_d0_q2,residual_acf,25,0.0127806502700968,0.05,False
Austria,2024-08-18,weekly_differenced,weekly_differenced_arima_p2_d0_q2,residual_acf,26,-0.0211880458938414,0.05,False
Austria,2024-08-18,weekly_differenced,weekly_differenced_arima_p2_d0_q2,residual_acf,27,0.0173685303560723,0.05,False
Austria,2024-08-18,weekly_differenced,weekly_differenced_arima_p2_d0_q2,residual_acf,28,-0.0187172745339137,0.05,False
Austria,2024-08-18,weekly_differenced,weekly_differenced_arima_p2_d0_q2,residual_acf,29,-0.0458620551976224,0.05,False
Austria,2024-08-18,weekly_differenced,weekly_differenced_arima_p2_d0_q2,residual_acf,3,0.0031871194526658,0.05,False
Austria,2024-08-18,weekly_differenced,weekly_differenced_arima_p2_d0_q2,residual_acf,30,-0.0034264352168053,0.05,False
Austria,2024-08-18,weekly_differenced,weekly_differenced_arima_p2_d0_q2,residual_acf,31,-0.0143048746980477,0.05,False
Austria,2024-08-18,weekly_differenced,weekly_differenced_arima_p2_d0_q2,residual_acf,32,0.0215766132890788,0.05,False
Austria,2024-08-18,weekly_differenced,weekly_differenced_arima_p2_d0_q2,residual_acf,33,0.0040834751540603,0.05,False
Austria,2024-08-18,weekly_differenced,weekly_differenced_arima_p2_d0_q2,residual_acf,34,0.0302991507830835,0.05,False
Austria,2024-08-18,weekly_differenced,weekly_differenced_arima_p2_d0_q2,residual_acf,35,0.0280065201580144,0.05,False
Austria,2024-08-18,weekly_differenced,weekly_differenced_arima_p2_d0_q2,residual_acf,36,0.005258190026829,0.05,False
Austria,2024-08-18,weekly_differenced,weekly_differenced_arima_p2_d0_q2,residual_acf,37,0.0300597601990366,0.05,False
Austria,2024-08-18,weekly_differenced,weekly_differenced_arima_p2_d0_q2,residual_acf,38,-0.0091972821631512,0.05,False
Austria,2024-08-18,weekly_differenced,weekly_differenced_arima_p2_d0_q2,residual_acf,39,0.0467413055606061,0.05,False
Austria,2024-08-18,weekly_differenced,weekly_differenced_arima_p2_d0_q2,residual_acf,4,-0.0708472625314709,0.05,True
Austria,2024-08-18,weekly_differenced,weekly_differenced_arima_p2_d0_q2,residual_acf,40,0.0009090740758542,0.05,False
Austria,2024-08-18,weekly_differenced,weekly_differenced_arima_p2_d0_q2,residual_acf,41,-0.0138062416172265,0.05,False
Austria,2024-08-18,weekly_differenced,weekly_differenced_arima_p2_d0_q2,residual_acf,42,0.0275466021385216,0.05,False
Austria,2024-08-18,weekly_differenced,weekly_differenced_arima_p2_d0_q2,residual_acf,43,0.0089470681017168,0.05,False
Austria,2024-08-18,weekly_differenced,weekly_differenced_arima_p2_d0_q2,residual_acf,44,0.0032490870196896,0.05,False
Austria,2024-08-18,weekly_differenced,weekly_differenced_arima_p2_d0_q2,residual_acf,45,0.0120122052765751,0.05,False
Austria,2024-08-18,weekly_differenced,weekly_differenced_arima_p2_d0_q2,residual_acf,46,0.0177628034262354,0.05,False
Austria,2024-08-18,weekly_differenced,weekly_differenced_arima_p2_d0_q2,residual_acf,47,-0.0225500905035032,0.05,False
Austria,2024-08-18,weekly_differenced,weekly_differenced_arima_p2_d0_q2,residual_acf,48,0.0817257304904721,0.05,True
Austria,2024-08-18,weekly_differenced,weekly_differenced_arima_p2_d0_q2,residual_acf,5,-0.0441928357372995,0.05,False
Austria,2024-08-18,weekly_differenced,weekly_differenced_arima_p2_d0_q2,residual_acf,6,0.00175217943651,0.05,False
Austria,2024-08-18,weekly_differenced,weekly_differenced_arima_p2_d0_q2,residual_acf,7,-0.0033895510645986,0.05,False
Austria,2024-08-18,weekly_differenced,weekly_differenced_arima_p2_d0_q2,residual_acf,8,0.007993206348333,0.05,False
Austria,2024-08-18,weekly_differenced,weekly_differenced_arima_p2_d0_q2,residual_acf,9,0.0378074206534954,0.05,False
Austria,2024-08-18,weekly_differenced,weekly_differenced_arima_p3_d0_q1,ljung_box_pvalue,24,4.0065857777541484e-24,0.01,True
Austria,2024-08-18,weekly_differenced,weekly_differenced_arima_p3_d0_q1,ljung_box_pvalue,48,1.283232231401677e-30,0.01,True
Austria,2024-08-18,weekly_differenced,weekly_differenced_arima_p3_d0_q1,ljung_box_statistic,24,161.41230001305226,0.01,True
Austria,2024-08-18,weekly_differenced,weekly_differenced_arima_p3_d0_q1,ljung_box_statistic,48,250.0591330053521,0.01,True
Austria,2024-08-18,weekly_differenced,weekly_differenced_arima_p3_d0_q1,residual_acf,1,0.0062621498461838,0.05,False
Austria,2024-08-18,weekly_differenced,weekly_differenced_arima_p3_d0_q1,residual_acf,10,-0.0129200981260853,0.05,False
Austria,2024-08-18,weekly_differenced,weekly_differenced_arima_p3_d0_q1,residual_acf,11,-0.0537937958192785,0.05,True
Austria,2024-08-18,weekly_differenced,weekly_differenced_arima_p3_d0_q1,residual_acf,12,-0.0032700471895078,0.05,False
Austria,2024-08-18,weekly_differenced,weekly_differenced_arima_p3_d0_q1,residual_acf,13,-0.0286856897802434,0.05,False
Austria,2024-08-18,weekly_differenced,weekly_differenced_arima_p3_d0_q1,residual_acf,14,0.0063369994084811,0.05,False
Austria,2024-08-18,weekly_differenced,weekly_differenced_arima_p3_d0_q1,residual_acf,15,-0.0013623614873721,0.05,False
Austria,2024-08-18,weekly_differenced,weekly_differenced_arima_p3_d0_q1,residual_acf,16,-0.0091320792439345,0.05,False
Austria,2024-08-18,weekly_differenced,weekly_differenced_arima_p3_d0_q1,residual_acf,17,-0.0068821716430126,0.05,False
Austria,2024-08-18,weekly_differenced,weekly_differenced_arima_p3_d0_q1,residual_acf,18,0.0312056910789549,0.05,False
Austria,2024-08-18,weekly_differenced,weekly_differenced_arima_p3_d0_q1,residual_acf,19,0.0186834980028943,0.05,False
Austria,2024-08-18,weekly_differenced,weekly_differenced_arima_p3_d0_q1,residual_acf,2,-0.0259389560767882,0.05,False
Austria,2024-08-18,weekly_differenced,weekly_differenced_arima_p3_d0_q1,residual_acf,20,0.0088908440952302,0.05,False
Austria,2024-08-18,weekly_differenced,weekly_differenced_arima_p3_d0_q1,residual_acf,21,0.0001734090948788,0.05,False
Austria,2024-08-18,weekly_differenced,weekly_differenced_arima_p3_d0_q1,residual_acf,22,0.0090770539651943,0.05,False
Austria,2024-08-18,weekly_differenced,weekly_differenced_arima_p3_d0_q1,residual_acf,23,0.0863425152932915,0.05,True
Austria,2024-08-18,weekly_differenced,weekly_differenced_arima_p3_d0_q1,residual_acf,24,0.1138554196226996,0.05,True
Austria,2024-08-18,weekly_differenced,weekly_differenced_arima_p3_d0_q1,residual_acf,25,0.0002574804605777,0.05,False
Austria,2024-08-18,weekly_differenced,weekly_differenced_arima_p3_d0_q1,residual_acf,26,-0.0302612012054386,0.05,False
Austria,2024-08-18,weekly_differenced,weekly_differenced_arima_p3_d0_q1,residual_acf,27,0.0195383261513034,0.05,False
Austria,2024-08-18,weekly_differenced,weekly_differenced_arima_p3_d0_q1,residual_acf,28,-0.0147056247422415,0.05,False
Austria,2024-08-18,weekly_differenced,weekly_differenced_arima_p3_d0_q1,residual_acf,29,-0.0481282879326879,0.05,False
Austria,2024-08-18,weekly_differenced,weekly_differenced_arima_p3_d0_q1,residual_acf,3,0.0338959667697634,0.05,False
Austria,2024-08-18,weekly_differenced,weekly_differenced_arima_p3_d0_q1,residual_acf,30,-0.0091839240760217,0.05,False
Austria,2024-08-18,weekly_differenced,weekly_differenced_arima_p3_d0_q1,residual_acf,31,-0.0192552115986386,0.05,False
Austria,2024-08-18,weekly_differenced,weekly_differenced_arima_p3_d0_q1,residual_acf,32,0.0110995628269895,0.05,False
Austria,2024-08-18,weekly_differenced,weekly_differenced_arima_p3_d0_q1,residual_acf,33,-0.0062577070963476,0.05,False
Austria,2024-08-18,weekly_differenced,weekly_differenced_arima_p3_d0_q1,residual_acf,34,0.0209526213395079,0.05,False
Austria,2024-08-18,weekly_differenced,weekly_differenced_arima_p3_d0_q1,residual_acf,35,0.0212802913975811,0.05,False
Austria,2024-08-18,weekly_differenced,weekly_differenced_arima_p3_d0_q1,residual_acf,36,0.0004201318367908,0.05,False
Austria,2024-08-18,weekly_differenced,weekly_differenced_arima_p3_d0_q1,residual_acf,37,0.0236286391079223,0.05,False
Austria,2024-08-18,weekly_differenced,weekly_differenced_arima_p3_d0_q1,residual_acf,38,-0.0096855393324714,0.05,False
Austria,2024-08-18,weekly_differenced,weekly_differenced_arima_p3_d0_q1,residual_acf,39,0.0460071737162423,0.05,False
Austria,2024-08-18,weekly_differenced,weekly_differenced_arima_p3_d0_q1,residual_acf,4,-0.0125867988543115,0.05,False
Austria,2024-08-18,weekly_differenced,weekly_differenced_arima_p3_d0_q1,residual_acf,40,-0.0008456681323452,0.05,False
Austria,2024-08-18,weekly_differenced,weekly_differenced_arima_p3_d0_q1,residual_acf,41,-0.0169229621834263,0.05,False
Austria,2024-08-18,weekly_differenced,weekly_differenced_arima_p3_d0_q1,residual_acf,42,0.0265604016092526,0.05,False
Austria,2024-08-18,weekly_differenced,weekly_differenced_arima_p3_d0_q1,residual_acf,43,0.0096249010821233,0.05,False
Austria,2024-08-18,weekly_differenced,weekly_differenced_arima_p3_d0_q1,residual_acf,44,0.002930395225879,0.05,False
Austria,2024-08-18,weekly_differenced,weekly_differenced_arima_p3_d0_q1,residual_acf,45,0.0111626807828193,0.05,False
Austria,2024-08-18,weekly_differenced,weekly_differenced_arima_p3_d0_q1,residual_acf,46,0.0111159010422167,0.05,False
Austria,2024-08-18,weekly_differenced,weekly_differenced_arima_p3_d0_q1,residual_acf,47,-0.0275215145496366,0.05,False
Austria,2024-08-18,weekly_differenced,weekly_differenced_arima_p3_d0_q1,residual_acf,48,0.0755850464832136,0.05,True
Austria,2024-08-18,weekly_differenced,weekly_differenced_arima_p3_d0_q1,residual_acf,5,-0.0148340122456895,0.05,False
Austria,2024-08-18,weekly_differenced,weekly_differenced_arima_p3_d0_q1,residual_acf,6,0.0062722302160959,0.05,False
Austria,2024-08-18,weekly_differenced,weekly_differenced_arima_p3_d0_q1,residual_acf,7,-0.0192454979064789,0.05,False
Austria,2024-08-18,weekly_differenced,weekly_differenced_arima_p3_d0_q1,residual_acf,8,-0.0175172231056346,0.05,False
Austria,2024-08-18,weekly_differenced,weekly_differenced_arima_p3_d0_q1,residual_acf,9,0.0130336843263261,0.05,False
Austria,2024-09-12,weekly_differenced,weekly_differenced_arima_p1_d0_q1,ljung_box_pvalue,24,3.968129745447386e-190,0.01,True
Austria,2024-09-12,weekly_differenced,weekly_differenced_arima_p1_d0_q1,ljung_box_pvalue,48,2.416509413295592e-202,0.01,True
Austria,2024-09-12,weekly_differenced,weekly_differenced_arima_p1_d0_q1,ljung_box_statistic,24,965.6518120336432,0.01,True
Austria,2024-09-12,weekly_differenced,weekly_differenced_arima_p1_d0_q1,ljung_box_statistic,48,1109.6383932622846,0.01,True
Austria,2024-09-12,weekly_differenced,weekly_differenced_arima_p1_d0_q1,residual_acf,1,0.1674770066555745,0.05,True
Austria,2024-09-12,weekly_differenced,weekly_differenced_arima_p1_d0_q1,residual_acf,10,-0.0214245890502567,0.05,False
Austria,2024-09-12,weekly_differenced,weekly_differenced_arima_p1_d0_q1,residual_acf,11,-0.053300358415985,0.05,True
Austria,2024-09-12,weekly_differenced,weekly_differenced_arima_p1_d0_q1,residual_acf,12,-0.0238463027586245,0.05,False
Austria,2024-09-12,weekly_differenced,weekly_differenced_arima_p1_d0_q1,residual_acf,13,-0.0441663443672558,0.05,False
Austria,2024-09-12,weekly_differenced,weekly_differenced_arima_p1_d0_q1,residual_acf,14,-0.0211797793542079,0.05,False
Austria,2024-09-12,weekly_differenced,weekly_differenced_arima_p1_d0_q1,residual_acf,15,-0.0190353534070082,0.05,False
Austria,2024-09-12,weekly_differenced,weekly_differenced_arima_p1_d0_q1,residual_acf,16,-0.0177140152622493,0.05,False
Austria,2024-09-12,weekly_differenced,weekly_differenced_arima_p1_d0_q1,residual_acf,17,-0.0077199146365092,0.05,False
Austria,2024-09-12,weekly_differenced,weekly_differenced_arima_p1_d0_q1,residual_acf,18,0.0115327534818303,0.05,False
Austria,2024-09-12,weekly_differenced,weekly_differenced_arima_p1_d0_q1,residual_acf,19,0.0094743759168013,0.05,False
Austria,2024-09-12,weekly_differenced,weekly_differenced_arima_p1_d0_q1,residual_acf,2,0.2308196115259007,0.05,True
Austria,2024-09-12,weekly_differenced,weekly_differenced_arima_p1_d0_q1,residual_acf,20,0.0077547705054083,0.05,False
Austria,2024-09-12,weekly_differenced,weekly_differenced_arima_p1_d0_q1,residual_acf,21,0.0195209027416634,0.05,False
Austria,2024-09-12,weekly_differenced,weekly_differenced_arima_p1_d0_q1,residual_acf,22,0.0564672803962963,0.05,True
Austria,2024-09-12,weekly_differenced,weekly_differenced_arima_p1_d0_q1,residual_acf,23,0.1092238491401131,0.05,True
Austria,2024-09-12,weekly_differenced,weekly_differenced_arima_p1_d0_q1,residual_acf,24,0.126834185295348,0.05,True
Austria,2024-09-12,weekly_differenced,weekly_differenced_arima_p1_d0_q1,residual_acf,25,0.0356475665922217,0.05,False
Austria,2024-09-12,weekly_differenced,weekly_differenced_arima_p1_d0_q1,residual_acf,26,-0.0050701211242024,0.05,False
Austria,2024-09-12,weekly_differenced,weekly_differenced_arima_p1_d0_q1,residual_acf,27,-0.028914595655953,0.05,False
Austria,2024-09-12,weekly_differenced,weekly_differenced_arima_p1_d0_q1,residual_acf,28,-0.0505226209496592,0.05,True
Austria,2024-09-12,weekly_differenced,weekly_differenced_arima_p1_d0_q1,residual_acf,29,-0.0741844684692013,0.05,True
Austria,2024-09-12,weekly_differenced,weekly_differenced_arima_p1_d0_q1,residual_acf,3,-0.0889150716111205,0.05,True
Austria,2024-09-12,weekly_differenced,weekly_differenced_arima_p1_d0_q1,residual_acf,30,-0.0379430233931971,0.05,False
Austria,2024-09-12,weekly_differenced,weekly_differenced_arima_p1_d0_q1,residual_acf,31,-0.0448300583624902,0.05,False
Austria,2024-09-12,weekly_differenced,weekly_differenced_arima_p1_d0_q1,residual_acf,32,0.0017804059224015,0.05,False
Austria,2024-09-12,weekly_differenced,weekly_differenced_arima_p1_d0_q1,residual_acf,33,-0.0031570370096832,0.05,False
Austria,2024-09-12,weekly_differenced,weekly_differenced_arima_p1_d0_q1,residual_acf,34,0.021875086985324,0.05,False
Austria,2024-09-12,weekly_differenced,weekly_differenced_arima_p1_d0_q1,residual_acf,35,0.0284323719146703,0.05,False
Austria,2024-09-12,weekly_differenced,weekly_differenced_arima_p1_d0_q1,residual_acf,36,0.005288834525577,0.05,False
Austria,2024-09-12,weekly_differenced,weekly_differenced_arima_p1_d0_q1,residual_acf,37,0.0281993960148306,0.05,False
Austria,2024-09-12,weekly_differenced,weekly_differenced_arima_p1_d0_q1,residual_acf,38,-0.0105476545175669,0.05,False
Austria,2024-09-12,weekly_differenced,weekly_differenced_arima_p1_d0_q1,residual_acf,39,0.0310593844022784,0.05,False
Austria,2024-09-12,weekly_differenced,weekly_differenced_arima_p1_d0_q1,residual_acf,4,-0.0633313343143451,0.05,True
Austria,2024-09-12,weekly_differenced,weekly_differenced_arima_p1_d0_q1,residual_acf,40,-0.0124301097717191,0.05,False
Austria,2024-09-12,weekly_differenced,weekly_differenced_arima_p1_d0_q1,residual_acf,41,-0.0020962607123565,0.05,False
Austria,2024-09-12,weekly_differenced,weekly_differenced_arima_p1_d0_q1,residual_acf,42,0.0060224793710668,0.05,False
Austria,2024-09-12,weekly_differenced,weekly_differenced_arima_p1_d0_q1,residual_acf,43,0.0042485323284324,0.05,False
Austria,2024-09-12,weekly_differenced,weekly_differenced_arima_p1_d0_q1,residual_acf,44,0.0087320297659368,0.05,False
Austria,2024-09-12,weekly_differenced,weekly_differenced_arima_p1_d0_q1,residual_acf,45,0.0090064423653785,0.05,False
Austria,2024-09-12,weekly_differenced,weekly_differenced_arima_p1_d0_q1,residual_acf,46,0.0364708387260958,0.05,False
Austria,2024-09-12,weekly_differenced,weekly_differenced_arima_p1_d0_q1,residual_acf,47,-0.0031019983107035,0.05,False
Austria,2024-09-12,weekly_differenced,weekly_differenced_arima_p1_d0_q1,residual_acf,48,0.0693901725800425,0.05,True
Austria,2024-09-12,weekly_differenced,weekly_differenced_arima_p1_d0_q1,residual_acf,5,-0.1308785070697459,0.05,True
Austria,2024-09-12,weekly_differenced,weekly_differenced_arima_p1_d0_q1,residual_acf,6,-0.0589071478977979,0.05,True
Austria,2024-09-12,weekly_differenced,weekly_differenced_arima_p1_d0_q1,residual_acf,7,-0.0622192140980351,0.05,True
Austria,2024-09-12,weekly_differenced,weekly_differenced_arima_p1_d0_q1,residual_acf,8,-0.0268339214695219,0.05,False
Austria,2024-09-12,weekly_differenced,weekly_differenced_arima_p1_d0_q1,residual_acf,9,-0.0093057355452365,0.05,False
Austria,2024-09-12,weekly_differenced,weekly_differenced_arima_p2_d0_q0,ljung_box_pvalue,24,1.0925465672885292e-95,0.01,True
Austria,2024-09-12,weekly_differenced,weekly_differenced_arima_p2_d0_q0,ljung_box_pvalue,48,1.5168388798296997e-101,0.01,True
Austria,2024-09-12,weekly_differenced,weekly_differenced_arima_p2_d0_q0,ljung_box_statistic,24,518.3331180272933,0.01,True
Austria,2024-09-12,weekly_differenced,weekly_differenced_arima_p2_d0_q0,ljung_box_statistic,48,619.8950223707042,0.01,True
Austria,2024-09-12,weekly_differenced,weekly_differenced_arima_p2_d0_q0,residual_acf,1,0.1265133847228176,0.05,True
Austria,2024-09-12,weekly_differenced,weekly_differenced_arima_p2_d0_q0,residual_acf,10,0.0291243521753856,0.05,False
Austria,2024-09-12,weekly_differenced,weekly_differenced_arima_p2_d0_q0,residual_acf,11,-0.009075426636258,0.05,False
Austria,2024-09-12,weekly_differenced,weekly_differenced_arima_p2_d0_q0,residual_acf,12,0.0232734713034002,0.05,False
Austria,2024-09-12,weekly_differenced,weekly_differenced_arima_p2_d0_q0,residual_acf,13,0.0074107126478849,0.05,False
Austria,2024-09-12,weekly_differenced,weekly_differenced_arima_p2_d0_q0,residual_acf,14,0.0222628318835606,0.05,False
Austria,2024-09-12,weekly_differenced,weekly_differenced_arima_p2_d0_q0,residual_acf,15,0.0267765219829277,0.05,False
Austria,2024-09-12,weekly_differenced,weekly_differenced_arima_p2_d0_q0,residual_acf,16,0.0100116408004555,0.05,False
Austria,2024-09-12,weekly_differenced,weekly_differenced_arima_p2_d0_q0,residual_acf,17,0.0200049526312069,0.05,False
Austria,2024-09-12,weekly_differenced,weekly_differenced_arima_p2_d0_q0,residual_acf,18,0.0418793451711164,0.05,False
Austria,2024-09-12,weekly_differenced,weekly_differenced_arima_p2_d0_q0,residual_acf,19,0.0293323892591344,0.05,False
Austria,2024-09-12,weekly_differenced,weekly_differenced_arima_p2_d0_q0,residual_acf,2,-0.071635584562411,0.05,True
Austria,2024-09-12,weekly_differenced,weekly_differenced_arima_p2_d0_q0,residual_acf,20,0.0036385418432494,0.05,False
Austria,2024-09-12,weekly_differenced,weekly_differenced_arima_p2_d0_q0,residual_acf,21,-0.0058585269830163,0.05,False
Austria,2024-09-12,weekly_differenced,weekly_differenced_arima_p2_d0_q0,residual_acf,22,0.0258929289675378,0.05,False
Austria,2024-09-12,weekly_differenced,weekly_differenced_arima_p2_d0_q0,residual_acf,23,0.1152362302078011,0.05,True
Austria,2024-09-12,weekly_differenced,weekly_differenced_arima_p2_d0_q0,residual_acf,24,0.1391285767104191,0.05,True
Austria,2024-09-12,weekly_differenced,weekly_differenced_arima_p2_d0_q0,residual_acf,25,0.0219705611534262,0.05,False
Austria,2024-09-12,weekly_differenced,weekly_differenced_arima_p2_d0_q0,residual_acf,26,-0.0169230643432922,0.05,False
Austria,2024-09-12,weekly_differenced,weekly_differenced_arima_p2_d0_q0,residual_acf,27,0.0053095884470456,0.05,False
Austria,2024-09-12,weekly_differenced,weekly_differenced_arima_p2_d0_q0,residual_acf,28,-0.0156540785885321,0.05,False
Austria,2024-09-12,weekly_differenced,weekly_differenced_arima_p2_d0_q0,residual_acf,29,-0.0324653675896741,0.05,False
Austria,2024-09-12,weekly_differenced,weekly_differenced_arima_p2_d0_q0,residual_acf,3,-0.0854670126350853,0.05,True
Austria,2024-09-12,weekly_differenced,weekly_differenced_arima_p2_d0_q0,residual_acf,30,0.0008625735312022,0.05,False
Austria,2024-09-12,weekly_differenced,weekly_differenced_arima_p2_d0_q0,residual_acf,31,-0.0016422017121073,0.05,False
Austria,2024-09-12,weekly_differenced,weekly_differenced_arima_p2_d0_q0,residual_acf,32,0.0281470282576295,0.05,False
Austria,2024-09-12,weekly_differenced,weekly_differenced_arima_p2_d0_q0,residual_acf,33,0.0173159423843401,0.05,False
Austria,2024-09-12,weekly_differenced,weekly_differenced_arima_p2_d0_q0,residual_acf,34,0.0367054984135266,0.05,False
Austria,2024-09-12,weekly_differenced,weekly_differenced_arima_p2_d0_q0,residual_acf,35,0.0367398416079241,0.05,False
Austria,2024-09-12,weekly_differenced,weekly_differenced_arima_p2_d0_q0,residual_acf,36,0.0132249004286756,0.05,False
Austria,2024-09-12,weekly_differenced,weekly_differenced_arima_p2_d0_q0,residual_acf,37,0.0243769000027277,0.05,False
Austria,2024-09-12,weekly_differenced,weekly_differenced_arima_p2_d0_q0,residual_acf,38,0.0017388963979655,0.05,False
Austria,2024-09-12,weekly_differenced,weekly_differenced_arima_p2_d0_q0,residual_acf,39,0.0417945530077115,0.05,False
Austria,2024-09-12,weekly_differenced,weekly_differenced_arima_p2_d0_q0,residual_acf,4,-0.0871080444432495,0.05,True
Austria,2024-09-12,weekly_differenced,weekly_differenced_arima_p2_d0_q0,residual_acf,40,1.8012886531646972e-05,0.05,False
Austria,2024-09-12,weekly_differenced,weekly_differenced_arima_p2_d0_q0,residual_acf,41,-0.002009236575858,0.05,False
Austria,2024-09-12,weekly_differenced,weekly_differenced_arima_p2_d0_q0,residual_acf,42,0.0223516096102488,0.05,False
Austria,2024-09-12,weekly_differenced,weekly_differenced_arima_p2_d0_q0,residual_acf,43,0.0149433067852684,0.05,False
Austria,2024-09-12,weekly_differenced,weekly_differenced_arima_p2_d0_q0,residual_acf,44,0.0053711076928053,0.05,False
Austria,2024-09-12,weekly_differenced,weekly_differenced_arima_p2_d0_q0,residual_acf,45,0.0203237016854243,0.05,False
Austria,2024-09-12,weekly_differenced,weekly_differenced_arima_p2_d0_q0,residual_acf,46,0.0232442390958997,0.05,False
Austria,2024-09-12,weekly_differenced,weekly_differenced_arima_p2_d0_q0,residual_acf,47,-0.0019107887638566,0.05,False
Austria,2024-09-12,weekly_differenced,weekly_differenced_arima_p2_d0_q0,residual_acf,48,0.0796478619680853,0.05,True
Austria,2024-09-12,weekly_differenced,weekly_differenced_arima_p2_d0_q0,residual_acf,5,-0.0436378141405059,0.05,False
Austria,2024-09-12,weekly_differenced,weekly_differenced_arima_p2_d0_q0,residual_acf,6,0.017545158206854,0.05,False
Austria,2024-09-12,weekly_differenced,weekly_differenced_arima_p2_d0_q0,residual_acf,7,0.0244702623388815,0.05,False
Austria,2024-09-12,weekly_differenced,weekly_differenced_arima_p2_d0_q0,residual_acf,8,0.0384207210744708,0.05,False
Austria,2024-09-12,weekly_differenced,weekly_differenced_arima_p2_d0_q0,residual_acf,9,0.06993509489278,0.05,True
Austria,2024-09-12,weekly_differenced,weekly_differenced_arima_p2_d0_q1,ljung_box_pvalue,24,1.426172492793252e-40,0.01,True
Austria,2024-09-12,weekly_differenced,weekly_differenced_arima_p2_d0_q1,ljung_box_pvalue,48,4.5994614317942045e-48,0.01,True
Austria,2024-09-12,weekly_differenced,weekly_differenced_arima_p2_d0_q1,ljung_box_statistic,24,247.3061329505934,0.01,True
Austria,2024-09-12,weekly_differenced,weekly_differenced_arima_p2_d0_q1,ljung_box_statistic,48,346.0130495639791,0.01,True
Austria,2024-09-12,weekly_differenced,weekly_differenced_arima_p2_d0_q1,residual_acf,1,0.0099741326928212,0.05,False
Austria,2024-09-12,weekly_differenced,weekly_differenced_arima_p2_d0_q1,residual_acf,10,0.0132043231621271,0.05,False
Austria,2024-09-12,weekly_differenced,weekly_differenced_arima_p2_d0_q1,residual_acf,11,-0.0221310883686884,0.05,False
Austria,2024-09-12,weekly_differenced,weekly_differenced_arima_p2_d0_q1,residual_acf,12,0.0180520312343326,0.05,False
Austria,2024-09-12,weekly_differenced,weekly_differenced_arima_p2_d0_q1,residual_acf,13,-0.0079929671895114,0.05,False
Austria,2024-09-12,weekly_differenced,weekly_differenced_arima_p2_d0_q1,residual_acf,14,0.011326353781757,0.05,False
Austria,2024-09-12,weekly_differenced,weekly_differenced_arima_p2_d0_q1,residual_acf,15,0.016169160718749,0.05,False
Austria,2024-09-12,weekly_differenced,weekly_differenced_arima_p2_d0_q1,residual_acf,16,0.0016354618125177,0.05,False
Austria,2024-09-12,weekly_differenced,weekly_differenced_arima_p2_d0_q1,residual_acf,17,0.0114474562945516,0.05,False
Austria,2024-09-12,weekly_differenced,weekly_differenced_arima_p2_d0_q1,residual_acf,18,0.0324608275382916,0.05,False
Austria,2024-09-12,weekly_differenced,weekly_differenced_arima_p2_d0_q1,residual_acf,19,0.0230478732703132,0.05,False
Austria,2024-09-12,weekly_differenced,weekly_differenced_arima_p2_d0_q1,residual_acf,2,0.0285164009065259,0.05,False
Austria,2024-09-12,weekly_differenced,weekly_differenced_arima_p2_d0_q1,residual_acf,20,0.0075883403154012,0.05,False
Austria,2024-09-12,weekly_differenced,weekly_differenced_arima_p2_d0_q1,residual_acf,21,0.0052834204910486,0.05,False
Austria,2024-09-12,weekly_differenced,weekly_differenced_arima_p2_d0_q1,residual_acf,22,0.0260340141084439,0.05,False
Austria,2024-09-12,weekly_differenced,weekly_differenced_arima_p2_d0_q1,residual_acf,23,0.0968252456071866,0.05,True
Austria,2024-09-12,weekly_differenced,weekly_differenced_arima_p2_d0_q1,residual_acf,24,0.1238587274840425,0.05,True
Austria,2024-09-12,weekly_differenced,weekly_differenced_arima_p2_d0_q1,residual_acf,25,0.0146485417860172,0.05,False
Austria,2024-09-12,weekly_differenced,weekly_differenced_arima_p2_d0_q1,residual_acf,26,-0.0116556507048417,0.05,False
Austria,2024-09-12,weekly_differenced,weekly_differenced_arima_p2_d0_q1,residual_acf,27,0.0056512081095793,0.05,False
Austria,2024-09-12,weekly_differenced,weekly_differenced_arima_p2_d0_q1,residual_acf,28,-0.0189442876101493,0.05,False
Austria,2024-09-12,weekly_differenced,weekly_differenced_arima_p2_d0_q1,residual_acf,29,-0.0386840793217566,0.05,False
Austria,2024-09-12,weekly_differenced,weekly_differenced_arima_p2_d0_q1,residual_acf,3,-0.0441080791504883,0.05,False
Austria,2024-09-12,weekly_differenced,weekly_differenced_arima_p2_d0_q1,residual_acf,30,-0.0008773341556616,0.05,False
Austria,2024-09-12,weekly_differenced,weekly_differenced_arima_p2_d0_q1,residual_acf,31,-0.0152052405978146,0.05,False
Austria,2024-09-12,weekly_differenced,weekly_differenced_arima_p2_d0_q1,residual_acf,32,0.0236747220874858,0.05,False
Austria,2024-09-12,weekly_differenced,weekly_differenced_arima_p2_d0_q1,residual_acf,33,0.0059864764236935,0.05,False
Austria,2024-09-12,weekly_differenced,weekly_differenced_arima_p2_d0_q1,residual_acf,34,0.029800685131541,0.05,False
Austria,2024-09-12,weekly_differenced,weekly_differenced_arima_p2_d0_q1,residual_acf,35,0.0318928334141663,0.05,False
Austria,2024-09-12,weekly_differenced,weekly_differenced_arima_p2_d0_q1,residual_acf,36,0.0060588051939647,0.05,False
Austria,2024-09-12,weekly_differenced,weekly_differenced_arima_p2_d0_q1,residual_acf,37,0.0289673772590279,0.05,False
Austria,2024-09-12,weekly_differenced,weekly_differenced_arima_p2_d0_q1,residual_acf,38,-0.0086438112272891,0.05,False
Austria,2024-09-12,weekly_differenced,weekly_differenced_arima_p2_d0_q1,residual_acf,39,0.0435194119693246,0.05,False
Austria,2024-09-12,weekly_differenced,weekly_differenced_arima_p2_d0_q1,residual_acf,4,-0.064669751078143,0.05,True
Austria,2024-09-12,weekly_differenced,weekly_differenced_arima_p2_d0_q1,residual_acf,40,-0.0058548202872742,0.05,False
Austria,2024-09-12,weekly_differenced,weekly_differenced_arima_p2_d0_q1,residual_acf,41,-0.0016341591110302,0.05,False
Austria,2024-09-12,weekly_differenced,weekly_differenced_arima_p2_d0_q1,residual_acf,42,0.019748767118442,0.05,False
Austria,2024-09-12,weekly_differenced,weekly_differenced_arima_p2_d0_q1,residual_acf,43,0.0116192161745164,0.05,False
Austria,2024-09-12,weekly_differenced,weekly_differenced_arima_p2_d0_q1,residual_acf,44,0.0042305128488917,0.05,False
Austria,2024-09-12,weekly_differenced,weekly_differenced_arima_p2_d0_q1,residual_acf,45,0.0171789115718434,0.05,False
Austria,2024-09-12,weekly_differenced,weekly_differenced_arima_p2_d0_q1,residual_acf,46,0.0290919772447443,0.05,False
Austria,2024-09-12,weekly_differenced,weekly_differenced_arima_p2_d0_q1,residual_acf,47,-0.0146994248327546,0.05,False
Austria,2024-09-12,weekly_differenced,weekly_differenced_arima_p2_d0_q1,residual_acf,48,0.0790404470381527,0.05,True
Austria,2024-09-12,weekly_differenced,weekly_differenced_arima_p2_d0_q1,residual_acf,5,-0.0460360760551407,0.05,False
Austria,2024-09-12,weekly_differenced,weekly_differenced_arima_p2_d0_q1,residual_acf,6,0.0029146000466465,0.05,False
Austria,2024-09-12,weekly_differenced,weekly_differenced_arima_p2_d0_q1,residual_acf,7,0.0023962104887924,0.05,False
Austria,2024-09-12,weekly_differenced,weekly_differenced_arima_p2_d0_q1,residual_acf,8,0.0127841079297797,0.05,False
Austria,2024-09-12,weekly_differenced,weekly_differenced_arima_p2_d0_q1,residual_acf,9,0.0475614123732677,0.05,False
Austria,2024-09-12,weekly_differenced,weekly_differenced_arima_p2_d0_q2,ljung_box_pvalue,24,5.284330202325859e-36,0.01,True
Austria,2024-09-12,weekly_differenced,weekly_differenced_arima_p2_d0_q2,ljung_box_pvalue,48,1.8883188577409107e-43,0.01,True
Austria,2024-09-12,weekly_differenced,weekly_differenced_arima_p2_d0_q2,ljung_box_statistic,24,221.773768589206,0.01,True
Austria,2024-09-12,weekly_differenced,weekly_differenced_arima_p2_d0_q2,ljung_box_statistic,48,319.3412983206904,0.01,True
Austria,2024-09-12,weekly_differenced,weekly_differenced_arima_p2_d0_q2,residual_acf,1,0.0032993972135911,0.05,False
Austria,2024-09-12,weekly_differenced,weekly_differenced_arima_p2_d0_q2,residual_acf,10,0.0073987718555804,0.05,False
Austria,2024-09-12,weekly_differenced,weekly_differenced_arima_p2_d0_q2,residual_acf,11,-0.026606397288861,0.05,False
Austria,2024-09-12,weekly_differenced,weekly_differenced_arima_p2_d0_q2,residual_acf,12,0.0167938904333728,0.05,False
Austria,2024-09-12,weekly_differenced,weekly_differenced_arima_p2_d0_q2,residual_acf,13,-0.0110963804280588,0.05,False
Austria,2024-09-12,weekly_differenced,weekly_differenced_arima_p2_d0_q2,residual_acf,14,0.0068556872107664,0.05,False
Austria,2024-09-12,weekly_differenced,weekly_differenced_arima_p2_d0_q2,residual_acf,15,0.0151672559710224,0.05,False
Austria,2024-09-12,weekly_differenced,weekly_differenced_arima_p2_d0_q2,residual_acf,16,-0.0018731540435658,0.05,False
Austria,2024-09-12,weekly_differenced,weekly_differenced_arima_p2_d0_q2,residual_acf,17,0.008550194615431,0.05,False
Austria,2024-09-12,weekly_differenced,weekly_differenced_arima_p2_d0_q2,residual_acf,18,0.0311102636464782,0.05,False
Austria,2024-09-12,weekly_differenced,weekly_differenced_arima_p2_d0_q2,residual_acf,19,0.0219504482718073,0.05,False
Austria,2024-09-12,weekly_differenced,weekly_differenced_arima_p2_d0_q2,residual_acf,2,0.0052304070471037,0.05,False
Austria,2024-09-12,weekly_differenced,weekly_differenced_arima_p2_d0_q2,residual_acf,20,0.0096135956324734,0.05,False
Austria,2024-09-12,weekly_differenced,weekly_differenced_arima_p2_d0_q2,residual_acf,21,0.0083699508228373,0.05,False
Austria,2024-09-12,weekly_differenced,weekly_differenced_arima_p2_d0_q2,residual_acf,22,0.0229524219013852,0.05,False
Austria,2024-09-12,weekly_differenced,weekly_differenced_arima_p2_d0_q2,residual_acf,23,0.0944258934481457,0.05,True
Austria,2024-09-12,weekly_differenced,weekly_differenced_arima_p2_d0_q2,residual_acf,24,0.1226569849622114,0.05,True
Austria,2024-09-12,weekly_differenced,weekly_differenced_arima_p2_d0_q2,residual_acf,25,0.0103125936656774,0.05,False
Austria,2024-09-12,weekly_differenced,weekly_differenced_arima_p2_d0_q2,residual_acf,26,-0.013290098254471,0.05,False
Austria,2024-09-12,weekly_differenced,weekly_differenced_arima_p2_d0_q2,residual_acf,27,0.0102845593344561,0.05,False
Austria,2024-09-12,weekly_differenced,weekly_differenced_arima_p2_d0_q2,residual_acf,28,-0.0206843006298525,0.05,False
Austria,2024-09-12,weekly_differenced,weekly_differenced_arima_p2_d0_q2,residual_acf,29,-0.0401412465333783,0.05,False
Austria,2024-09-12,weekly_differenced,weekly_differenced_arima_p2_d0_q2,residual_acf,3,0.0035316959420001,0.05,False
Austria,2024-09-12,weekly_differenced,weekly_differenced_arima_p2_d0_q2,residual_acf,30,-0.0025091783780045,0.05,False
Austria,2024-09-12,weekly_differenced,weekly_differenced_arima_p2_d0_q2,residual_acf,31,-0.0165088966653731,0.05,False
Austria,2024-09-12,weekly_differenced,weekly_differenced_arima_p2_d0_q2,residual_acf,32,0.0205160475602718,0.05,False
Austria,2024-09-12,weekly_differenced,weekly_differenced_arima_p2_d0_q2,residual_acf,33,0.0034923899594091,0.05,False
Austria,2024-09-12,weekly_differenced,weekly_differenced_arima_p2_d0_q2,residual_acf,34,0.0278439127891597,0.05,False
Austria,2024-09-12,weekly_differenced,weekly_differenced_arima_p2_d0_q2,residual_acf,35,0.0300416571887691,0.05,False
Austria,2024-09-12,weekly_differenced,weekly_differenced_arima_p2_d0_q2,residual_acf,36,0.0061159907018901,0.05,False
Austria,2024-09-12,weekly_differenced,weekly_differenced_arima_p2_d0_q2,residual_acf,37,0.02716548191532,0.05,False
Austria,2024-09-12,weekly_differenced,weekly_differenced_arima_p2_d0_q2,residual_acf,38,-0.0089538928070616,0.05,False
Austria,2024-09-12,weekly_differenced,weekly_differenced_arima_p2_d0_q2,residual_acf,39,0.0431438194379994,0.05,False
Austria,2024-09-12,weekly_differenced,weekly_differenced_arima_p2_d0_q2,residual_acf,4,-0.0659463650833554,0.05,True
Austria,2024-09-12,weekly_differenced,weekly_differenced_arima_p2_d0_q2,residual_acf,40,-0.005643927915586,0.05,False
Austria,2024-09-12,weekly_differenced,weekly_differenced_arima_p2_d0_q2,residual_acf,41,-0.0044299145677074,0.05,False
Austria,2024-09-12,weekly_differenced,weekly_differenced_arima_p2_d0_q2,residual_acf,42,0.0215768099983253,0.05,False
Austria,2024-09-12,weekly_differenced,weekly_differenced_arima_p2_d0_q2,residual_acf,43,0.0112425504976369,0.05,False
Austria,2024-09-12,weekly_differenced,weekly_differenced_arima_p2_d0_q2,residual_acf,44,0.0011267385796076,0.05,False
Austria,2024-09-12,weekly_differenced,weekly_differenced_arima_p2_d0_q2,residual_acf,45,0.02088506475116,0.05,False
Austria,2024-09-12,weekly_differenced,weekly_differenced_arima_p2_d0_q2,residual_acf,46,0.0271383728746978,0.05,False
Austria,2024-09-12,weekly_differenced,weekly_differenced_arima_p2_d0_q2,residual_acf,47,-0.0172787195872124,0.05,False
Austria,2024-09-12,weekly_differenced,weekly_differenced_arima_p2_d0_q2,residual_acf,48,0.078518882700694,0.05,True
Austria,2024-09-12,weekly_differenced,weekly_differenced_arima_p2_d0_q2,residual_acf,5,-0.0454954935193287,0.05,False
Austria,2024-09-12,weekly_differenced,weekly_differenced_arima_p2_d0_q2,residual_acf,6,0.0019481615413974,0.05,False
Austria,2024-09-12,weekly_differenced,weekly_differenced_arima_p2_d0_q2,residual_acf,7,-0.0051832511845737,0.05,False
Austria,2024-09-12,weekly_differenced,weekly_differenced_arima_p2_d0_q2,residual_acf,8,0.0038275099485529,0.05,False
Austria,2024-09-12,weekly_differenced,weekly_differenced_arima_p2_d0_q2,residual_acf,9,0.0440901002754977,0.05,False
Austria,2024-09-12,weekly_differenced,weekly_differenced_arima_p3_d0_q1,ljung_box_pvalue,24,1.6228847687588458e-28,0.01,True
Austria,2024-09-12,weekly_differenced,weekly_differenced_arima_p3_d0_q1,ljung_box_pvalue,48,7.886887102020984e-34,0.01,True
Austria,2024-09-12,weekly_differenced,weekly_differenced_arima_p3_d0_q1,ljung_box_statistic,24,183.9648468876921,0.01,True
Austria,2024-09-12,weekly_differenced,weekly_differenced_arima_p3_d0_q1,ljung_box_statistic,48,267.68274413014103,0.01,True
Austria,2024-09-12,weekly_differenced,weekly_differenced_arima_p3_d0_q1,residual_acf,1,0.0060546831253141,0.05,False
Austria,2024-09-12,weekly_differenced,weekly_differenced_arima_p3_d0_q1,residual_acf,10,-0.0192539910444728,0.05,False
Austria,2024-09-12,weekly_differenced,weekly_differenced_arima_p3_d0_q1,residual_acf,11,-0.05078939791523,0.05,True
Austria,2024-09-12,weekly_differenced,weekly_differenced_arima_p3_d0_q1,residual_acf,12,-0.0036109394952171,0.05,False
Austria,2024-09-12,weekly_differenced,weekly_differenced_arima_p3_d0_q1,residual_acf,13,-0.0256144279888422,0.05,False
Austria,2024-09-12,weekly_differenced,weekly_differenced_arima_p3_d0_q1,residual_acf,14,-0.0069077364621803,0.05,False
Austria,2024-09-12,weekly_differenced,weekly_differenced_arima_p3_d0_q1,residual_acf,15,0.0012664455488026,0.05,False
Austria,2024-09-12,weekly_differenced,weekly_differenced_arima_p3_d0_q1,residual_acf,16,-0.0150704670669656,0.05,False
Austria,2024-09-12,weekly_differenced,weekly_differenced_arima_p3_d0_q1,residual_acf,17,-0.001448771765742,0.05,False
Austria,2024-09-12,weekly_differenced,weekly_differenced_arima_p3_d0_q1,residual_acf,18,0.0283551489502667,0.05,False
Austria,2024-09-12,weekly_differenced,weekly_differenced_arima_p3_d0_q1,residual_acf,19,0.0250613828857767,0.05,False
Austria,2024-09-12,weekly_differenced,weekly_differenced_arima_p3_d0_q1,residual_acf,2,-0.0216132671720736,0.05,False
Austria,2024-09-12,weekly_differenced,weekly_differenced_arima_p3_d0_q1,residual_acf,20,0.0109215220128272,0.05,False
Austria,2024-09-12,weekly_differenced,weekly_differenced_arima_p3_d0_q1,residual_acf,21,0.0022063898082709,0.05,False
Austria,2024-09-12,weekly_differenced,weekly_differenced_arima_p3_d0_q1,residual_acf,22,0.015308960644248,0.05,False
Austria,2024-09-12,weekly_differenced,weekly_differenced_arima_p3_d0_q1,residual_acf,23,0.0906975369539224,0.05,True
Austria,2024-09-12,weekly_differenced,weekly_differenced_arima_p3_d0_q1,residual_acf,24,0.1163546802540968,0.05,True
Austria,2024-09-12,weekly_differenced,weekly_differenced_arima_p3_d0_q1,residual_acf,25,-0.0009274156345914,0.05,False
Austria,2024-09-12,weekly_differenced,weekly_differenced_arima_p3_d0_q1,residual_acf,26,-0.0218880675361597,0.05,False
Austria,2024-09-12,weekly_differenced,weekly_differenced_arima_p3_d0_q1,residual_acf,27,0.0112532807182392,0.05,False
Austria,2024-09-12,weekly_differenced,weekly_differenced_arima_p3_d0_q1,residual_acf,28,-0.0167836341310762,0.05,False
Austria,2024-09-12,weekly_differenced,weekly_differenced_arima_p3_d0_q1,residual_acf,29,-0.0417277881772336,0.05,False
Austria,2024-09-12,weekly_differenced,weekly_differenced_arima_p3_d0_q1,residual_acf,3,0.024068546095919,0.05,False
Austria,2024-09-12,weekly_differenced,weekly_differenced_arima_p3_d0_q1,residual_acf,30,-0.0082218385273291,0.05,False
Austria,2024-09-12,weekly_differenced,weekly_differenced_arima_p3_d0_q1,residual_acf,31,-0.0228474843064323,0.05,False
Austria,2024-09-12,weekly_differenced,weekly_differenced_arima_p3_d0_q1,residual_acf,32,0.009229377887233,0.05,False
Austria,2024-09-12,weekly_differenced,weekly_differenced_arima_p3_d0_q1,residual_acf,33,-0.0080789597208136,0.05,False
Austria,2024-09-12,weekly_differenced,weekly_differenced_arima_p3_d0_q1,residual_acf,34,0.0170370231415379,0.05,False
Austria,2024-09-12,weekly_differenced,weekly_differenced_arima_p3_d0_q1,residual_acf,35,0.0216881021982213,0.05,False
Austria,2024-09-12,weekly_differenced,weekly_differenced_arima_p3_d0_q1,residual_acf,36,-0.0006118295320698,0.05,False
Austria,2024-09-12,weekly_differenced,weekly_differenced_arima_p3_d0_q1,residual_acf,37,0.0201276892770423,0.05,False
Austria,2024-09-12,weekly_differenced,weekly_differenced_arima_p3_d0_q1,residual_acf,38,-0.0103520504385281,0.05,False
Austria,2024-09-12,weekly_differenced,weekly_differenced_arima_p3_d0_q1,residual_acf,39,0.0417669289419855,0.05,False
Austria,2024-09-12,weekly_differenced,weekly_differenced_arima_p3_d0_q1,residual_acf,4,-0.006960171491201,0.05,False
Austria,2024-09-12,weekly_differenced,weekly_differenced_arima_p3_d0_q1,residual_acf,40,-0.0071001295824835,0.05,False
Austria,2024-09-12,weekly_differenced,weekly_differenced_arima_p3_d0_q1,residual_acf,41,-0.0062145418913003,0.05,False
Austria,2024-09-12,weekly_differenced,weekly_differenced_arima_p3_d0_q1,residual_acf,42,0.0213588688660077,0.05,False
Austria,2024-09-12,weekly_differenced,weekly_differenced_arima_p3_d0_q1,residual_acf,43,0.0114833108605519,0.05,False
Austria,2024-09-12,weekly_differenced,weekly_differenced_arima_p3_d0_q1,residual_acf,44,0.000996748079192,0.05,False
Austria,2024-09-12,weekly_differenced,weekly_differenced_arima_p3_d0_q1,residual_acf,45,0.0185975038179517,0.05,False
Austria,2024-09-12,weekly_differenced,weekly_differenced_arima_p3_d0_q1,residual_acf,46,0.0204365210332807,0.05,False
Austria,2024-09-12,weekly_differenced,weekly_differenced_arima_p3_d0_q1,residual_acf,47,-0.0226794270413545,0.05,False
Austria,2024-09-12,weekly_differenced,weekly_differenced_arima_p3_d0_q1,residual_acf,48,0.0723048326311871,0.05,True
Austria,2024-09-12,weekly_differenced,weekly_differenced_arima_p3_d0_q1,residual_acf,5,-0.0122211023580548,0.05,False
Austria,2024-09-12,weekly_differenced,weekly_differenced_arima_p3_d0_q1,residual_acf,6,0.0083068074767193,0.05,False
Austria,2024-09-12,weekly_differenced,weekly_differenced_arima_p3_d0_q1,residual_acf,7,-0.0196756281180759,0.05,False
Austria,2024-09-12,weekly_differenced,weekly_differenced_arima_p3_d0_q1,residual_acf,8,-0.0214360707823506,0.05,False
Austria,2024-09-12,weekly_differenced,weekly_differenced_arima_p3_d0_q1,residual_acf,9,0.0164780191828612,0.05,False
Austria,2024-10-03,weekly_differenced,weekly_differenced_arima_p1_d0_q1,ljung_box_pvalue,24,5.20716313113355e-241,0.01,True
Austria,2024-10-03,weekly_differenced,weekly_differenced_arima_p1_d0_q1,ljung_box_pvalue,48,1.1577193289811139e-261,0.01,True
Austria,2024-10-03,weekly_differenced,weekly_differenced_arima_p1_d0_q1,ljung_box_statistic,24,1204.382047544868,0.01,True
Austria,2024-10-03,weekly_differenced,weekly_differenced_arima_p1_d0_q1,ljung_box_statistic,48,1392.798887089357,0.01,True
Austria,2024-10-03,weekly_differenced,weekly_differenced_arima_p1_d0_q1,residual_acf,1,0.1760950780024213,0.05,True
Austria,2024-10-03,weekly_differenced,weekly_differenced_arima_p1_d0_q1,residual_acf,10,-0.0277805231872547,0.05,False
Austria,2024-10-03,weekly_differenced,weekly_differenced_arima_p1_d0_q1,residual_acf,11,-0.0534064559658003,0.05,True
Austria,2024-10-03,weekly_differenced,weekly_differenced_arima_p1_d0_q1,residual_acf,12,-0.0206092530475567,0.05,False
Austria,2024-10-03,weekly_differenced,weekly_differenced_arima_p1_d0_q1,residual_acf,13,-0.0488107894907166,0.05,False
Austria,2024-10-03,weekly_differenced,weekly_differenced_arima_p1_d0_q1,residual_acf,14,-0.0266668142659397,0.05,False
Austria,2024-10-03,weekly_differenced,weekly_differenced_arima_p1_d0_q1,residual_acf,15,-0.0294999233834374,0.05,False
Austria,2024-10-03,weekly_differenced,weekly_differenced_arima_p1_d0_q1,residual_acf,16,-0.0277049645273109,0.05,False
Austria,2024-10-03,weekly_differenced,weekly_differenced_arima_p1_d0_q1,residual_acf,17,-0.0174795859169473,0.05,False
Austria,2024-10-03,weekly_differenced,weekly_differenced_arima_p1_d0_q1,residual_acf,18,0.0048659980308008,0.05,False
Austria,2024-10-03,weekly_differenced,weekly_differenced_arima_p1_d0_q1,residual_acf,19,0.0069091966582009,0.05,False
Austria,2024-10-03,weekly_differenced,weekly_differenced_arima_p1_d0_q1,residual_acf,2,0.2458075461792342,0.05,True
Austria,2024-10-03,weekly_differenced,weekly_differenced_arima_p1_d0_q1,residual_acf,20,0.0120765086726405,0.05,False
Austria,2024-10-03,weekly_differenced,weekly_differenced_arima_p1_d0_q1,residual_acf,21,0.0268334141791224,0.05,False
Austria,2024-10-03,weekly_differenced,weekly_differenced_arima_p1_d0_q1,residual_acf,22,0.0683168382102955,0.05,True
Austria,2024-10-03,weekly_differenced,weekly_differenced_arima_p1_d0_q1,residual_acf,23,0.1204363492488682,0.05,True
Austria,2024-10-03,weekly_differenced,weekly_differenced_arima_p1_d0_q1,residual_acf,24,0.1453630821059097,0.05,True
Austria,2024-10-03,weekly_differenced,weekly_differenced_arima_p1_d0_q1,residual_acf,25,0.0522948002909665,0.05,True
Austria,2024-10-03,weekly_differenced,weekly_differenced_arima_p1_d0_q1,residual_acf,26,0.0130882969246332,0.05,False
Austria,2024-10-03,weekly_differenced,weekly_differenced_arima_p1_d0_q1,residual_acf,27,-0.016908465676376,0.05,False
Austria,2024-10-03,weekly_differenced,weekly_differenced_arima_p1_d0_q1,residual_acf,28,-0.0453570827264573,0.05,False
Austria,2024-10-03,weekly_differenced,weekly_differenced_arima_p1_d0_q1,residual_acf,29,-0.0719196365382401,0.05,True
Austria,2024-10-03,weekly_differenced,weekly_differenced_arima_p1_d0_q1,residual_acf,3,-0.0775060409788784,0.05,True
Austria,2024-10-03,weekly_differenced,weekly_differenced_arima_p1_d0_q1,residual_acf,30,-0.0441655015063951,0.05,False
Austria,2024-10-03,weekly_differenced,weekly_differenced_arima_p1_d0_q1,residual_acf,31,-0.0487608111062908,0.05,False
Austria,2024-10-03,weekly_differenced,weekly_differenced_arima_p1_d0_q1,residual_acf,32,-0.0058019165444188,0.05,False
Austria,2024-10-03,weekly_differenced,weekly_differenced_arima_p1_d0_q1,residual_acf,33,-0.012078461925163,0.05,False
Austria,2024-10-03,weekly_differenced,weekly_differenced_arima_p1_d0_q1,residual_acf,34,0.0125532887962738,0.05,False
Austria,2024-10-03,weekly_differenced,weekly_differenced_arima_p1_d0_q1,residual_acf,35,0.0241179027069776,0.05,False
Austria,2024-10-03,weekly_differenced,weekly_differenced_arima_p1_d0_q1,residual_acf,36,0.004137407099593,0.05,False
Austria,2024-10-03,weekly_differenced,weekly_differenced_arima_p1_d0_q1,residual_acf,37,0.0219433965624264,0.05,False
Austria,2024-10-03,weekly_differenced,weekly_differenced_arima_p1_d0_q1,residual_acf,38,-0.0187127953054113,0.05,False
Austria,2024-10-03,weekly_differenced,weekly_differenced_arima_p1_d0_q1,residual_acf,39,0.0201454021408119,0.05,False
Austria,2024-10-03,weekly_differenced,weekly_differenced_arima_p1_d0_q1,residual_acf,4,-0.0551890551072005,0.05,True
Austria,2024-10-03,weekly_differenced,weekly_differenced_arima_p1_d0_q1,residual_acf,40,-0.0255474720033362,0.05,False
Austria,2024-10-03,weekly_differenced,weekly_differenced_arima_p1_d0_q1,residual_acf,41,-0.0087424123492613,0.05,False
Austria,2024-10-03,weekly_differenced,weekly_differenced_arima_p1_d0_q1,residual_acf,42,-0.0034492467304199,0.05,False
Austria,2024-10-03,weekly_differenced,weekly_differenced_arima_p1_d0_q1,residual_acf,43,0.0062089514368006,0.05,False
Austria,2024-10-03,weekly_differenced,weekly_differenced_arima_p1_d0_q1,residual_acf,44,0.0127803003172525,0.05,False
Austria,2024-10-03,weekly_differenced,weekly_differenced_arima_p1_d0_q1,residual_acf,45,0.0175926935027981,0.05,False
Austria,2024-10-03,weekly_differenced,weekly_differenced_arima_p1_d0_q1,residual_acf,46,0.0489487001831227,0.05,False
Austria,2024-10-03,weekly_differenced,weekly_differenced_arima_p1_d0_q1,residual_acf,47,0.0178211910841759,0.05,False
Austria,2024-10-03,weekly_differenced,weekly_differenced_arima_p1_d0_q1,residual_acf,48,0.0858174006896369,0.05,True
Austria,2024-10-03,weekly_differenced,weekly_differenced_arima_p1_d0_q1,residual_acf,5,-0.134413716624778,0.05,True
Austria,2024-10-03,weekly_differenced,weekly_differenced_arima_p1_d0_q1,residual_acf,6,-0.0659104859203417,0.05,True
Austria,2024-10-03,weekly_differenced,weekly_differenced_arima_p1_d0_q1,residual_acf,7,-0.0786897274358078,0.05,True
Austria,2024-10-03,weekly_differenced,weekly_differenced_arima_p1_d0_q1,residual_acf,8,-0.0368145918709156,0.05,False
Austria,2024-10-03,weekly_differenced,weekly_differenced_arima_p1_d0_q1,residual_acf,9,-0.0248268271787355,0.05,False
Austria,2024-10-03,weekly_differenced,weekly_differenced_arima_p2_d0_q0,ljung_box_pvalue,24,2.3178408562764024e-102,0.01,True
Austria,2024-10-03,weekly_differenced,weekly_differenced_arima_p2_d0_q0,ljung_box_pvalue,48,1.4367372326421286e-112,0.01,True
Austria,2024-10-03,weekly_differenced,weekly_differenced_arima_p2_d0_q0,ljung_box_statistic,24,550.2557464772129,0.01,True
Austria,2024-10-03,weekly_differenced,weekly_differenced_arima_p2_d0_q0,ljung_box_statistic,48,674.3531536169438,0.01,True
Austria,2024-10-03,weekly_differenced,weekly_differenced_arima_p2_d0_q0,residual_acf,1,0.1235966448407055,0.05,True
Austria,2024-10-03,weekly_differenced,weekly_differenced_arima_p2_d0_q0,residual_acf,10,0.0273831660013665,0.05,False
Austria,2024-10-03,weekly_differenced,weekly_differenced_arima_p2_d0_q0,residual_acf,11,0.0004386403677874,0.05,False
Austria,2024-10-03,weekly_differenced,weekly_differenced_arima_p2_d0_q0,residual_acf,12,0.0342890161329044,0.05,False
Austria,2024-10-03,weekly_differenced,weekly_differenced_arima_p2_d0_q0,residual_acf,13,0.0078881607708656,0.05,False
Austria,2024-10-03,weekly_differenced,weekly_differenced_arima_p2_d0_q0,residual_acf,14,0.0212696392229631,0.05,False
Austria,2024-10-03,weekly_differenced,weekly_differenced_arima_p2_d0_q0,residual_acf,15,0.0233463404519554,0.05,False
Austria,2024-10-03,weekly_differenced,weekly_differenced_arima_p2_d0_q0,residual_acf,16,0.0059748872649075,0.05,False
Austria,2024-10-03,weekly_differenced,weekly_differenced_arima_p2_d0_q0,residual_acf,17,0.016671742922292,0.05,False
Austria,2024-10-03,weekly_differenced,weekly_differenced_arima_p2_d0_q0,residual_acf,18,0.0389941564310713,0.05,False
Austria,2024-10-03,weekly_differenced,weekly_differenced_arima_p2_d0_q0,residual_acf,19,0.0291318074660971,0.05,False
Austria,2024-10-03,weekly_differenced,weekly_differenced_arima_p2_d0_q0,residual_acf,2,-0.066456739239663,0.05,True
Austria,2024-10-03,weekly_differenced,weekly_differenced_arima_p2_d0_q0,residual_acf,20,0.007154230240127,0.05,False
Austria,2024-10-03,weekly_differenced,weekly_differenced_arima_p2_d0_q0,residual_acf,21,-0.0018522186126529,0.05,False
Austria,2024-10-03,weekly_differenced,weekly_differenced_arima_p2_d0_q0,residual_acf,22,0.029204012884791,0.05,False
Austria,2024-10-03,weekly_differenced,weekly_differenced_arima_p2_d0_q0,residual_acf,23,0.1184841890247055,0.05,True
Austria,2024-10-03,weekly_differenced,weekly_differenced_arima_p2_d0_q0,residual_acf,24,0.1493078832758171,0.05,True
Austria,2024-10-03,weekly_differenced,weekly_differenced_arima_p2_d0_q0,residual_acf,25,0.0300199649443262,0.05,False
Austria,2024-10-03,weekly_differenced,weekly_differenced_arima_p2_d0_q0,residual_acf,26,-0.0065933026592731,0.05,False
Austria,2024-10-03,weekly_differenced,weekly_differenced_arima_p2_d0_q0,residual_acf,27,0.0122968776155616,0.05,False
Austria,2024-10-03,weekly_differenced,weekly_differenced_arima_p2_d0_q0,residual_acf,28,-0.0133495431724645,0.05,False
Austria,2024-10-03,weekly_differenced,weekly_differenced_arima_p2_d0_q0,residual_acf,29,-0.0311473414156037,0.05,False
Austria,2024-10-03,weekly_differenced,weekly_differenced_arima_p2_d0_q0,residual_acf,3,-0.0767003736616318,0.05,True
Austria,2024-10-03,weekly_differenced,weekly_differenced_arima_p2_d0_q0,residual_acf,30,-0.0030449055632563,0.05,False
Austria,2024-10-03,weekly_differenced,weekly_differenced_arima_p2_d0_q0,residual_acf,31,-0.0005410515614672,0.05,False
Austria,2024-10-03,weekly_differenced,weekly_differenced_arima_p2_d0_q0,residual_acf,32,0.0283918635155031,0.05,False
Austria,2024-10-03,weekly_differenced,weekly_differenced_arima_p2_d0_q0,residual_acf,33,0.0124610140503961,0.05,False
Austria,2024-10-03,weekly_differenced,weekly_differenced_arima_p2_d0_q0,residual_acf,34,0.0313722590635332,0.05,False
Austria,2024-10-03,weekly_differenced,weekly_differenced_arima_p2_d0_q0,residual_acf,35,0.0395459916319992,0.05,False
Austria,2024-10-03,weekly_differenced,weekly_differenced_arima_p2_d0_q0,residual_acf,36,0.0202780072150774,0.05,False
Austria,2024-10-03,weekly_differenced,weekly_differenced_arima_p2_d0_q0,residual_acf,37,0.0244309655667678,0.05,False
Austria,2024-10-03,weekly_differenced,weekly_differenced_arima_p2_d0_q0,residual_acf,38,-0.0004243158703599,0.05,False
Austria,2024-10-03,weekly_differenced,weekly_differenced_arima_p2_d0_q0,residual_acf,39,0.0372017845099256,0.05,False
Austria,2024-10-03,weekly_differenced,weekly_differenced_arima_p2_d0_q0,residual_acf,4,-0.0813656097152628,0.05,True
Austria,2024-10-03,weekly_differenced,weekly_differenced_arima_p2_d0_q0,residual_acf,40,-0.006260887177067,0.05,False
Austria,2024-10-03,weekly_differenced,weekly_differenced_arima_p2_d0_q0,residual_acf,41,-0.0040009630670104,0.05,False
Austria,2024-10-03,weekly_differenced,weekly_differenced_arima_p2_d0_q0,residual_acf,42,0.0167854286014444,0.05,False
Austria,2024-10-03,weekly_differenced,weekly_differenced_arima_p2_d0_q0,residual_acf,43,0.0180836167249164,0.05,False
Austria,2024-10-03,weekly_differenced,weekly_differenced_arima_p2_d0_q0,residual_acf,44,0.0091076821796311,0.05,False
Austria,2024-10-03,weekly_differenced,weekly_differenced_arima_p2_d0_q0,residual_acf,45,0.0209483811420183,0.05,False
Austria,2024-10-03,weekly_differenced,weekly_differenced_arima_p2_d0_q0,residual_acf,46,0.0282904994550866,0.05,False
Austria,2024-10-03,weekly_differenced,weekly_differenced_arima_p2_d0_q0,residual_acf,47,0.0109569485437338,0.05,False
Austria,2024-10-03,weekly_differenced,weekly_differenced_arima_p2_d0_q0,residual_acf,48,0.0912911692828541,0.05,True
Austria,2024-10-03,weekly_differenced,weekly_differenced_arima_p2_d0_q0,residual_acf,5,-0.0430148813246619,0.05,False
Austria,2024-10-03,weekly_differenced,weekly_differenced_arima_p2_d0_q0,residual_acf,6,0.0149639403443314,0.05,False
Austria,2024-10-03,weekly_differenced,weekly_differenced_arima_p2_d0_q0,residual_acf,7,0.0174003188757669,0.05,False
Austria,2024-10-03,weekly_differenced,weekly_differenced_arima_p2_d0_q0,residual_acf,8,0.0370492955903203,0.05,False
Austria,2024-10-03,weekly_differenced,weekly_differenced_arima_p2_d0_q0,residual_acf,9,0.0628652968826184,0.05,True
Austria,2024-10-03,weekly_differenced,weekly_differenced_arima_p2_d0_q1,ljung_box_pvalue,24,3.579190362655525e-47,0.01,True
Austria,2024-10-03,weekly_differenced,weekly_differenced_arima_p2_d0_q1,ljung_box_pvalue,48,1.944657298362529e-57,0.01,True
Austria,2024-10-03,weekly_differenced,weekly_differenced_arima_p2_d0_q1,ljung_box_statistic,24,280.0451633136932,0.01,True
Austria,2024-10-03,weekly_differenced,weekly_differenced_arima_p2_d0_q1,ljung_box_statistic,48,394.821099050324,0.01,True
Austria,2024-10-03,weekly_differenced,weekly_differenced_arima_p2_d0_q1,residual_acf,1,0.0091914696560358,0.05,False
Austria,2024-10-03,weekly_differenced,weekly_differenced_arima_p2_d0_q1,residual_acf,10,0.0108733599449811,0.05,False
Austria,2024-10-03,weekly_differenced,weekly_differenced_arima_p2_d0_q1,residual_acf,11,-0.0154074078063345,0.05,False
Austria,2024-10-03,weekly_differenced,weekly_differenced_arima_p2_d0_q1,residual_acf,12,0.0265282945565652,0.05,False
Austria,2024-10-03,weekly_differenced,weekly_differenced_arima_p2_d0_q1,residual_acf,13,-0.0091750796816305,0.05,False
Austria,2024-10-03,weekly_differenced,weekly_differenced_arima_p2_d0_q1,residual_acf,14,0.0105681610390076,0.05,False
Austria,2024-10-03,weekly_differenced,weekly_differenced_arima_p2_d0_q1,residual_acf,15,0.0124876462834835,0.05,False
Austria,2024-10-03,weekly_differenced,weekly_differenced_arima_p2_d0_q1,residual_acf,16,-0.0026053740983524,0.05,False
Austria,2024-10-03,weekly_differenced,weekly_differenced_arima_p2_d0_q1,residual_acf,17,0.0079912806802039,0.05,False
Austria,2024-10-03,weekly_differenced,weekly_differenced_arima_p2_d0_q1,residual_acf,18,0.0296847969738871,0.05,False
Austria,2024-10-03,weekly_differenced,weekly_differenced_arima_p2_d0_q1,residual_acf,19,0.0227696264668623,0.05,False
Austria,2024-10-03,weekly_differenced,weekly_differenced_arima_p2_d0_q1,residual_acf,2,0.0289426753045725,0.05,False
Austria,2024-10-03,weekly_differenced,weekly_differenced_arima_p2_d0_q1,residual_acf,20,0.0108442827338678,0.05,False
Austria,2024-10-03,weekly_differenced,weekly_differenced_arima_p2_d0_q1,residual_acf,21,0.0089448601383561,0.05,False
Austria,2024-10-03,weekly_differenced,weekly_differenced_arima_p2_d0_q1,residual_acf,22,0.0303387189171241,0.05,False
Austria,2024-10-03,weekly_differenced,weekly_differenced_arima_p2_d0_q1,residual_acf,23,0.1007501874946206,0.05,True
Austria,2024-10-03,weekly_differenced,weekly_differenced_arima_p2_d0_q1,residual_acf,24,0.1355096694015519,0.05,True
Austria,2024-10-03,weekly_differenced,weekly_differenced_arima_p2_d0_q1,residual_acf,25,0.0221722074059905,0.05,False
Austria,2024-10-03,weekly_differenced,weekly_differenced_arima_p2_d0_q1,residual_acf,26,-0.0010262847537126,0.05,False
Austria,2024-10-03,weekly_differenced,weekly_differenced_arima_p2_d0_q1,residual_acf,27,0.0133518826090025,0.05,False
Austria,2024-10-03,weekly_differenced,weekly_differenced_arima_p2_d0_q1,residual_acf,28,-0.0160092484055399,0.05,False
Austria,2024-10-03,weekly_differenced,weekly_differenced_arima_p2_d0_q1,residual_acf,29,-0.0355180971989254,0.05,False
Austria,2024-10-03,weekly_differenced,weekly_differenced_arima_p2_d0_q1,residual_acf,3,-0.0358982058042891,0.05,False
Austria,2024-10-03,weekly_differenced,weekly_differenced_arima_p2_d0_q1,residual_acf,30,-0.0049186696401589,0.05,False
Austria,2024-10-03,weekly_differenced,weekly_differenced_arima_p2_d0_q1,residual_acf,31,-0.0138326534108653,0.05,False
Austria,2024-10-03,weekly_differenced,weekly_differenced_arima_p2_d0_q1,residual_acf,32,0.0228574663129083,0.05,False
Austria,2024-10-03,weekly_differenced,weekly_differenced_arima_p2_d0_q1,residual_acf,33,0.0012728734384852,0.05,False
Austria,2024-10-03,weekly_differenced,weekly_differenced_arima_p2_d0_q1,residual_acf,34,0.0240547383138528,0.05,False
Austria,2024-10-03,weekly_differenced,weekly_differenced_arima_p2_d0_q1,residual_acf,35,0.032678040879267,0.05,False
Austria,2024-10-03,weekly_differenced,weekly_differenced_arima_p2_d0_q1,residual_acf,36,0.0108522696408642,0.05,False
Austria,2024-10-03,weekly_differenced,weekly_differenced_arima_p2_d0_q1,residual_acf,37,0.0263298079979353,0.05,False
Austria,2024-10-03,weekly_differenced,weekly_differenced_arima_p2_d0_q1,residual_acf,38,-0.0112705752809556,0.05,False
Austria,2024-10-03,weekly_differenced,weekly_differenced_arima_p2_d0_q1,residual_acf,39,0.0385331326771477,0.05,False
Austria,2024-10-03,weekly_differenced,weekly_differenced_arima_p2_d0_q1,residual_acf,4,-0.0595819802850934,0.05,True
Austria,2024-10-03,weekly_differenced,weekly_differenced_arima_p2_d0_q1,residual_acf,40,-0.0129051644437515,0.05,False
Austria,2024-10-03,weekly_differenced,weekly_differenced_arima_p2_d0_q1,residual_acf,41,-0.0029953378680559,0.05,False
Austria,2024-10-03,weekly_differenced,weekly_differenced_arima_p2_d0_q1,residual_acf,42,0.013220785446463,0.05,False
Austria,2024-10-03,weekly_differenced,weekly_differenced_arima_p2_d0_q1,residual_acf,43,0.0150818202182114,0.05,False
Austria,2024-10-03,weekly_differenced,weekly_differenced_arima_p2_d0_q1,residual_acf,44,0.0078091185934474,0.05,False
Austria,2024-10-03,weekly_differenced,weekly_differenced_arima_p2_d0_q1,residual_acf,45,0.0191339696662948,0.05,False
Austria,2024-10-03,weekly_differenced,weekly_differenced_arima_p2_d0_q1,residual_acf,46,0.0344774500650518,0.05,False
Austria,2024-10-03,weekly_differenced,weekly_differenced_arima_p2_d0_q1,residual_acf,47,-0.0015204842665071,0.05,False
Austria,2024-10-03,weekly_differenced,weekly_differenced_arima_p2_d0_q1,residual_acf,48,0.0894653592485441,0.05,True
Austria,2024-10-03,weekly_differenced,weekly_differenced_arima_p2_d0_q1,residual_acf,5,-0.0450327142700216,0.05,False
Austria,2024-10-03,weekly_differenced,weekly_differenced_arima_p2_d0_q1,residual_acf,6,0.0019141182971906,0.05,False
Austria,2024-10-03,weekly_differenced,weekly_differenced_arima_p2_d0_q1,residual_acf,7,-0.0051225810527698,0.05,False
Austria,2024-10-03,weekly_differenced,weekly_differenced_arima_p2_d0_q1,residual_acf,8,0.0125581663308381,0.05,False
Austria,2024-10-03,weekly_differenced,weekly_differenced_arima_p2_d0_q1,residual_acf,9,0.040219534237628,0.05,False
Austria,2024-10-03,weekly_differenced,weekly_differenced_arima_p2_d0_q2,ljung_box_pvalue,24,3.149989722083755e-43,0.01,True
Austria,2024-10-03,weekly_differenced,weekly_differenced_arima_p2_d0_q2,ljung_box_pvalue,48,4.6377349581571725e-53,0.01,True
Austria,2024-10-03,weekly_differenced,weekly_differenced_arima_p2_d0_q2,ljung_box_statistic,24,257.7248521754093,0.01,True
Austria,2024-10-03,weekly_differenced,weekly_differenced_arima_p2_d0_q2,ljung_box_statistic,48,369.7065501771355,0.01,True
Austria,2024-10-03,weekly_differenced,weekly_differenced_arima_p2_d0_q2,residual_acf,1,0.0031628525907614,0.05,False
Austria,2024-10-03,weekly_differenced,weekly_differenced_arima_p2_d0_q2,residual_acf,10,0.0042740564823733,0.05,False
Austria,2024-10-03,weekly_differenced,weekly_differenced_arima_p2_d0_q2,residual_acf,11,-0.0200431932097046,0.05,False
Austria,2024-10-03,weekly_differenced,weekly_differenced_arima_p2_d0_q2,residual_acf,12,0.0243708302837331,0.05,False
Austria,2024-10-03,weekly_differenced,weekly_differenced_arima_p2_d0_q2,residual_acf,13,-0.0128957003625892,0.05,False
Austria,2024-10-03,weekly_differenced,weekly_differenced_arima_p2_d0_q2,residual_acf,14,0.0060676081284693,0.05,False
Austria,2024-10-03,weekly_differenced,weekly_differenced_arima_p2_d0_q2,residual_acf,15,0.0114933417660559,0.05,False
Austria,2024-10-03,weekly_differenced,weekly_differenced_arima_p2_d0_q2,residual_acf,16,-0.0062017740454007,0.05,False
Austria,2024-10-03,weekly_differenced,weekly_differenced_arima_p2_d0_q2,residual_acf,17,0.0052139351869636,0.05,False
Austria,2024-10-03,weekly_differenced,weekly_differenced_arima_p2_d0_q2,residual_acf,18,0.0282348431097829,0.05,False
Austria,2024-10-03,weekly_differenced,weekly_differenced_arima_p2_d0_q2,residual_acf,19,0.0217872830066746,0.05,False
Austria,2024-10-03,weekly_differenced,weekly_differenced_arima_p2_d0_q2,residual_acf,2,0.0059783768229805,0.05,False
Austria,2024-10-03,weekly_differenced,weekly_differenced_arima_p2_d0_q2,residual_acf,20,0.012759136792677,0.05,False
Austria,2024-10-03,weekly_differenced,weekly_differenced_arima_p2_d0_q2,residual_acf,21,0.0119154230762691,0.05,False
Austria,2024-10-03,weekly_differenced,weekly_differenced_arima_p2_d0_q2,residual_acf,22,0.0273172264401523,0.05,False
Austria,2024-10-03,weekly_differenced,weekly_differenced_arima_p2_d0_q2,residual_acf,23,0.0989012696317112,0.05,True
Austria,2024-10-03,weekly_differenced,weekly_differenced_arima_p2_d0_q2,residual_acf,24,0.1345187811269454,0.05,True
Austria,2024-10-03,weekly_differenced,weekly_differenced_arima_p2_d0_q2,residual_acf,25,0.0180311200894602,0.05,False
Austria,2024-10-03,weekly_differenced,weekly_differenced_arima_p2_d0_q2,residual_acf,26,-0.0026273954466526,0.05,False
Austria,2024-10-03,weekly_differenced,weekly_differenced_arima_p2_d0_q2,residual_acf,27,0.0178691902075431,0.05,False
Austria,2024-10-03,weekly_differenced,weekly_differenced_arima_p2_d0_q2,residual_acf,28,-0.0171641119015338,0.05,False
Austria,2024-10-03,weekly_differenced,weekly_differenced_arima_p2_d0_q2,residual_acf,29,-0.036633547950782,0.05,False
Austria,2024-10-03,weekly_differenced,weekly_differenced_arima_p2_d0_q2,residual_acf,3,0.0081861170020574,0.05,False
Austria,2024-10-03,weekly_differenced,weekly_differenced_arima_p2_d0_q2,residual_acf,30,-0.0065223556903712,0.05,False
Austria,2024-10-03,weekly_differenced,weekly_differenced_arima_p2_d0_q2,residual_acf,31,-0.0152069013106629,0.05,False
Austria,2024-10-03,weekly_differenced,weekly_differenced_arima_p2_d0_q2,residual_acf,32,0.0199733174105138,0.05,False
Austria,2024-10-03,weekly_differenced,weekly_differenced_arima_p2_d0_q2,residual_acf,33,-0.0014613745269421,0.05,False
Austria,2024-10-03,weekly_differenced,weekly_differenced_arima_p2_d0_q2,residual_acf,34,0.0216137084232458,0.05,False
Austria,2024-10-03,weekly_differenced,weekly_differenced_arima_p2_d0_q2,residual_acf,35,0.0305503404980123,0.05,False
Austria,2024-10-03,weekly_differenced,weekly_differenced_arima_p2_d0_q2,residual_acf,36,0.0102682313585999,0.05,False
Austria,2024-10-03,weekly_differenced,weekly_differenced_arima_p2_d0_q2,residual_acf,37,0.0236607663567021,0.05,False
Austria,2024-10-03,weekly_differenced,weekly_differenced_arima_p2_d0_q2,residual_acf,38,-0.011790287622929,0.05,False
Austria,2024-10-03,weekly_differenced,weekly_differenced_arima_p2_d0_q2,residual_acf,39,0.037921990523627,0.05,False
Austria,2024-10-03,weekly_differenced,weekly_differenced_arima_p2_d0_q2,residual_acf,4,-0.0595784961430134,0.05,True
Austria,2024-10-03,weekly_differenced,weekly_differenced_arima_p2_d0_q2,residual_acf,40,-0.0127305841891236,0.05,False
Austria,2024-10-03,weekly_differenced,weekly_differenced_arima_p2_d0_q2,residual_acf,41,-0.005651653779227,0.05,False
Austria,2024-10-03,weekly_differenced,weekly_differenced_arima_p2_d0_q2,residual_acf,42,0.0147124216971659,0.05,False
Austria,2024-10-03,weekly_differenced,weekly_differenced_arima_p2_d0_q2,residual_acf,43,0.014625440034133,0.05,False
Austria,2024-10-03,weekly_differenced,weekly_differenced_arima_p2_d0_q2,residual_acf,44,0.0054990392562152,0.05,False
Austria,2024-10-03,weekly_differenced,weekly_differenced_arima_p2_d0_q2,residual_acf,45,0.0223219739502027,0.05,False
Austria,2024-10-03,weekly_differenced,weekly_differenced_arima_p2_d0_q2,residual_acf,46,0.0328245242063277,0.05,False
Austria,2024-10-03,weekly_differenced,weekly_differenced_arima_p2_d0_q2,residual_acf,47,-0.0039775898274889,0.05,False
Austria,2024-10-03,weekly_differenced,weekly_differenced_arima_p2_d0_q2,residual_acf,48,0.0890332658374021,0.05,True
Austria,2024-10-03,weekly_differenced,weekly_differenced_arima_p2_d0_q2,residual_acf,5,-0.0442335000628324,0.05,False
Austria,2024-10-03,weekly_differenced,weekly_differenced_arima_p2_d0_q2,residual_acf,6,0.0008001781513777,0.05,False
Austria,2024-10-03,weekly_differenced,weekly_differenced_arima_p2_d0_q2,residual_acf,7,-0.0122898739335193,0.05,False
Austria,2024-10-03,weekly_differenced,weekly_differenced_arima_p2_d0_q2,residual_acf,8,0.004128237962919,0.05,False
Austria,2024-10-03,weekly_differenced,weekly_differenced_arima_p2_d0_q2,residual_acf,9,0.0366552483958868,0.05,False
Austria,2024-10-03,weekly_differenced,weekly_differenced_arima_p3_d0_q1,ljung_box_pvalue,24,1.9160930861183942e-37,0.01,True
Austria,2024-10-03,weekly_differenced,weekly_differenced_arima_p3_d0_q1,ljung_box_pvalue,48,4.2249335017162333e-44,0.01,True
Austria,2024-10-03,weekly_differenced,weekly_differenced_arima_p3_d0_q1,ljung_box_statistic,24,228.977829011995,0.01,True
Austria,2024-10-03,weekly_differenced,weekly_differenced_arima_p3_d0_q1,ljung_box_statistic,48,322.7828778049232,0.01,True
Austria,2024-10-03,weekly_differenced,weekly_differenced_arima_p3_d0_q1,residual_acf,1,0.0072606782540351,0.05,False
Austria,2024-10-03,weekly_differenced,weekly_differenced_arima_p3_d0_q1,residual_acf,10,-0.0237406445407676,0.05,False
Austria,2024-10-03,weekly_differenced,weekly_differenced_arima_p3_d0_q1,residual_acf,11,-0.0459817280347983,0.05,False
Austria,2024-10-03,weekly_differenced,weekly_differenced_arima_p3_d0_q1,residual_acf,12,0.0017624975276136,0.05,False
Austria,2024-10-03,weekly_differenced,weekly_differenced_arima_p3_d0_q1,residual_acf,13,-0.0297452742715104,0.05,False
Austria,2024-10-03,weekly_differenced,weekly_differenced_arima_p3_d0_q1,residual_acf,14,-0.009494125827881,0.05,False
Austria,2024-10-03,weekly_differenced,weekly_differenced_arima_p3_d0_q1,residual_acf,15,-0.0026615254014248,0.05,False
Austria,2024-10-03,weekly_differenced,weekly_differenced_arima_p3_d0_q1,residual_acf,16,-0.0188465824455481,0.05,False
Austria,2024-10-03,weekly_differenced,weekly_differenced_arima_p3_d0_q1,residual_acf,17,-0.0040011435376227,0.05,False
Austria,2024-10-03,weekly_differenced,weekly_differenced_arima_p3_d0_q1,residual_acf,18,0.0260582913973337,0.05,False
Austria,2024-10-03,weekly_differenced,weekly_differenced_arima_p3_d0_q1,residual_acf,19,0.0250075765774054,0.05,False
Austria,2024-10-03,weekly_differenced,weekly_differenced_arima_p3_d0_q1,residual_acf,2,-0.0245080212307652,0.05,False
Austria,2024-10-03,weekly_differenced,weekly_differenced_arima_p3_d0_q1,residual_acf,20,0.0139567942776456,0.05,False
Austria,2024-10-03,weekly_differenced,weekly_differenced_arima_p3_d0_q1,residual_acf,21,0.0057150940867849,0.05,False
Austria,2024-10-03,weekly_differenced,weekly_differenced_arima_p3_d0_q1,residual_acf,22,0.0199269987251834,0.05,False
Austria,2024-10-03,weekly_differenced,weekly_differenced_arima_p3_d0_q1,residual_acf,23,0.0961944661936787,0.05,True
Austria,2024-10-03,weekly_differenced,weekly_differenced_arima_p3_d0_q1,residual_acf,24,0.129403535624569,0.05,True
Austria,2024-10-03,weekly_differenced,weekly_differenced_arima_p3_d0_q1,residual_acf,25,0.0081564381039725,0.05,False
Austria,2024-10-03,weekly_differenced,weekly_differenced_arima_p3_d0_q1,residual_acf,26,-0.0105915549774928,0.05,False
Austria,2024-10-03,weekly_differenced,weekly_differenced_arima_p3_d0_q1,residual_acf,27,0.0195521055611579,0.05,False
Austria,2024-10-03,weekly_differenced,weekly_differenced_arima_p3_d0_q1,residual_acf,28,-0.0121059442800983,0.05,False
Austria,2024-10-03,weekly_differenced,weekly_differenced_arima_p3_d0_q1,residual_acf,29,-0.0368976472540832,0.05,False
Austria,2024-10-03,weekly_differenced,weekly_differenced_arima_p3_d0_q1,residual_acf,3,0.0239835177294154,0.05,False
Austria,2024-10-03,weekly_differenced,weekly_differenced_arima_p3_d0_q1,residual_acf,30,-0.0108018572345083,0.05,False
Austria,2024-10-03,weekly_differenced,weekly_differenced_arima_p3_d0_q1,residual_acf,31,-0.020126620329088,0.05,False
Austria,2024-10-03,weekly_differenced,weekly_differenced_arima_p3_d0_q1,residual_acf,32,0.0095342358815588,0.05,False
Austria,2024-10-03,weekly_differenced,weekly_differenced_arima_p3_d0_q1,residual_acf,33,-0.0137994234318803,0.05,False
Austria,2024-10-03,weekly_differenced,weekly_differenced_arima_p3_d0_q1,residual_acf,34,0.0087802966255094,0.05,False
Austria,2024-10-03,weekly_differenced,weekly_differenced_arima_p3_d0_q1,residual_acf,35,0.0199936590351621,0.05,False
Austria,2024-10-03,weekly_differenced,weekly_differenced_arima_p3_d0_q1,residual_acf,36,0.0012204650087228,0.05,False
Austria,2024-10-03,weekly_differenced,weekly_differenced_arima_p3_d0_q1,residual_acf,37,0.0140533164374246,0.05,False
Austria,2024-10-03,weekly_differenced,weekly_differenced_arima_p3_d0_q1,residual_acf,38,-0.0155491070602422,0.05,False
Austria,2024-10-03,weekly_differenced,weekly_differenced_arima_p3_d0_q1,residual_acf,39,0.0351498158427472,0.05,False
Austria,2024-10-03,weekly_differenced,weekly_differenced_arima_p3_d0_q1,residual_acf,4,-0.0053516972204381,0.05,False
Austria,2024-10-03,weekly_differenced,weekly_differenced_arima_p3_d0_q1,residual_acf,40,-0.0143065022514923,0.05,False
Austria,2024-10-03,weekly_differenced,weekly_differenced_arima_p3_d0_q1,residual_acf,41,-0.0076695336266833,0.05,False
Austria,2024-10-03,weekly_differenced,weekly_differenced_arima_p3_d0_q1,residual_acf,42,0.0149601060124587,0.05,False
Austria,2024-10-03,weekly_differenced,weekly_differenced_arima_p3_d0_q1,residual_acf,43,0.0156164764738377,0.05,False
Austria,2024-10-03,weekly_differenced,weekly_differenced_arima_p3_d0_q1,residual_acf,44,0.0058884327961568,0.05,False
Austria,2024-10-03,weekly_differenced,weekly_differenced_arima_p3_d0_q1,residual_acf,45,0.0199461206355506,0.05,False
Austria,2024-10-03,weekly_differenced,weekly_differenced_arima_p3_d0_q1,residual_acf,46,0.0258706332233608,0.05,False
Austria,2024-10-03,weekly_differenced,weekly_differenced_arima_p3_d0_q1,residual_acf,47,-0.0083551933794878,0.05,False
Austria,2024-10-03,weekly_differenced,weekly_differenced_arima_p3_d0_q1,residual_acf,48,0.0844190815257794,0.05,True
Austria,2024-10-03,weekly_differenced,weekly_differenced_arima_p3_d0_q1,residual_acf,5,-0.0111159312070263,0.05,False
Austria,2024-10-03,weekly_differenced,weekly_differenced_arima_p3_d0_q1,residual_acf,6,0.0091191732468956,0.05,False
Austria,2024-10-03,weekly_differenced,weekly_differenced_arima_p3_d0_q1,residual_acf,7,-0.0235094780681965,0.05,False
Austria,2024-10-03,weekly_differenced,weekly_differenced_arima_p3_d0_q1,residual_acf,8,-0.0187026634167462,0.05,False
Austria,2024-10-03,weekly_differenced,weekly_differenced_arima_p3_d0_q1,residual_acf,9,0.0094998387660448,0.05,False
Austria,2024-10-26,weekly_differenced,weekly_differenced_arima_p1_d0_q1,ljung_box_pvalue,24,8.559310124857222e-263,0.01,True
Austria,2024-10-26,weekly_differenced,weekly_differenced_arima_p1_d0_q1,ljung_box_pvalue,48,2.243445967970606e-283,0.01,True
Austria,2024-10-26,weekly_differenced,weekly_differenced_arima_p1_d0_q1,ljung_box_statistic,24,1306.324210380823,0.01,True
Austria,2024-10-26,weekly_differenced,weekly_differenced_arima_p1_d0_q1,ljung_box_statistic,48,1495.9280131177495,0.01,True
Austria,2024-10-26,weekly_differenced,weekly_differenced_arima_p1_d0_q1,residual_acf,1,0.1766627023495711,0.05,True
Austria,2024-10-26,weekly_differenced,weekly_differenced_arima_p1_d0_q1,residual_acf,10,-0.023696935301659,0.05,False
Austria,2024-10-26,weekly_differenced,weekly_differenced_arima_p1_d0_q1,residual_acf,11,-0.0504003603942843,0.05,True
Austria,2024-10-26,weekly_differenced,weekly_differenced_arima_p1_d0_q1,residual_acf,12,-0.0209350552459333,0.05,False
Austria,2024-10-26,weekly_differenced,weekly_differenced_arima_p1_d0_q1,residual_acf,13,-0.0462162723487065,0.05,False
Austria,2024-10-26,weekly_differenced,weekly_differenced_arima_p1_d0_q1,residual_acf,14,-0.026086642009214,0.05,False
Austria,2024-10-26,weekly_differenced,weekly_differenced_arima_p1_d0_q1,residual_acf,15,-0.0254057392261737,0.05,False
Austria,2024-10-26,weekly_differenced,weekly_differenced_arima_p1_d0_q1,residual_acf,16,-0.0259774018547708,0.05,False
Austria,2024-10-26,weekly_differenced,weekly_differenced_arima_p1_d0_q1,residual_acf,17,-0.0103723499577762,0.05,False
Austria,2024-10-26,weekly_differenced,weekly_differenced_arima_p1_d0_q1,residual_acf,18,0.0053855846936354,0.05,False
Austria,2024-10-26,weekly_differenced,weekly_differenced_arima_p1_d0_q1,residual_acf,19,0.0065506026987173,0.05,False
Austria,2024-10-26,weekly_differenced,weekly_differenced_arima_p1_d0_q1,residual_acf,2,0.2481967430297065,0.05,True
Austria,2024-10-26,weekly_differenced,weekly_differenced_arima_p1_d0_q1,residual_acf,20,0.004146669108703,0.05,False
Austria,2024-10-26,weekly_differenced,weekly_differenced_arima_p1_d0_q1,residual_acf,21,0.024899624539785,0.05,False
Austria,2024-10-26,weekly_differenced,weekly_differenced_arima_p1_d0_q1,residual_acf,22,0.0631360734364475,0.05,True
Austria,2024-10-26,weekly_differenced,weekly_differenced_arima_p1_d0_q1,residual_acf,23,0.1147653401764574,0.05,True
Austria,2024-10-26,weekly_differenced,weekly_differenced_arima_p1_d0_q1,residual_acf,24,0.1411030189188204,0.05,True
Austria,2024-10-26,weekly_differenced,weekly_differenced_arima_p1_d0_q1,residual_acf,25,0.0569303409344545,0.05,True
Austria,2024-10-26,weekly_differenced,weekly_differenced_arima_p1_d0_q1,residual_acf,26,0.0130685377030492,0.05,False
Austria,2024-10-26,weekly_differenced,weekly_differenced_arima_p1_d0_q1,residual_acf,27,-0.0148617709006026,0.05,False
Austria,2024-10-26,weekly_differenced,weekly_differenced_arima_p1_d0_q1,residual_acf,28,-0.0408955747400065,0.05,False
Austria,2024-10-26,weekly_differenced,weekly_differenced_arima_p1_d0_q1,residual_acf,29,-0.070026605838108,0.05,True
Austria,2024-10-26,weekly_differenced,weekly_differenced_arima_p1_d0_q1,residual_acf,3,-0.0781767954396385,0.05,True
Austria,2024-10-26,weekly_differenced,weekly_differenced_arima_p1_d0_q1,residual_acf,30,-0.0419202749555061,0.05,False
Austria,2024-10-26,weekly_differenced,weekly_differenced_arima_p1_d0_q1,residual_acf,31,-0.0450491991873525,0.05,False
Austria,2024-10-26,weekly_differenced,weekly_differenced_arima_p1_d0_q1,residual_acf,32,-0.0035754822552622,0.05,False
Austria,2024-10-26,weekly_differenced,weekly_differenced_arima_p1_d0_q1,residual_acf,33,-0.0133462605154427,0.05,False
Austria,2024-10-26,weekly_differenced,weekly_differenced_arima_p1_d0_q1,residual_acf,34,0.0146696696635882,0.05,False
Austria,2024-10-26,weekly_differenced,weekly_differenced_arima_p1_d0_q1,residual_acf,35,0.0197581184558153,0.05,False
Austria,2024-10-26,weekly_differenced,weekly_differenced_arima_p1_d0_q1,residual_acf,36,0.0065426459609663,0.05,False
Austria,2024-10-26,weekly_differenced,weekly_differenced_arima_p1_d0_q1,residual_acf,37,0.015797460436686,0.05,False
Austria,2024-10-26,weekly_differenced,weekly_differenced_arima_p1_d0_q1,residual_acf,38,-0.0145720544421039,0.05,False
Austria,2024-10-26,weekly_differenced,weekly_differenced_arima_p1_d0_q1,residual_acf,39,0.0183060792647145,0.05,False
Austria,2024-10-26,weekly_differenced,weekly_differenced_arima_p1_d0_q1,residual_acf,4,-0.052191776471886,0.05,True
Austria,2024-10-26,weekly_differenced,weekly_differenced_arima_p1_d0_q1,residual_acf,40,-0.0198403062386716,0.05,False
Austria,2024-10-26,weekly_differenced,weekly_differenced_arima_p1_d0_q1,residual_acf,41,-0.0055790007241573,0.05,False
Austria,2024-10-26,weekly_differenced,weekly_differenced_arima_p1_d0_q1,residual_acf,42,0.0008095161888385,0.05,False
Austria,2024-10-26,weekly_differenced,weekly_differenced_arima_p1_d0_q1,residual_acf,43,0.0036275694286374,0.05,False
Austria,2024-10-26,weekly_differenced,weekly_differenced_arima_p1_d0_q1,residual_acf,44,0.0154504212438568,0.05,False
Austria,2024-10-26,weekly_differenced,weekly_differenced_arima_p1_d0_q1,residual_acf,45,0.0093585836987319,0.05,False
Austria,2024-10-26,weekly_differenced,weekly_differenced_arima_p1_d0_q1,residual_acf,46,0.0482785866993509,0.05,False
Austria,2024-10-26,weekly_differenced,weekly_differenced_arima_p1_d0_q1,residual_acf,47,0.0158143608695985,0.05,False
Austria,2024-10-26,weekly_differenced,weekly_differenced_arima_p1_d0_q1,residual_acf,48,0.0853285804651474,0.05,True
Austria,2024-10-26,weekly_differenced,weekly_differenced_arima_p1_d0_q1,residual_acf,5,-0.143427612008558,0.05,True
Austria,2024-10-26,weekly_differenced,weekly_differenced_arima_p1_d0_q1,residual_acf,6,-0.0689198561843489,0.05,True
Austria,2024-10-26,weekly_differenced,weekly_differenced_arima_p1_d0_q1,residual_acf,7,-0.0841709963140642,0.05,True
Austria,2024-10-26,weekly_differenced,weekly_differenced_arima_p1_d0_q1,residual_acf,8,-0.03655787555108,0.05,False
Austria,2024-10-26,weekly_differenced,weekly_differenced_arima_p1_d0_q1,residual_acf,9,-0.0264085066437527,0.05,False
Austria,2024-10-26,weekly_differenced,weekly_differenced_arima_p2_d0_q0,ljung_box_pvalue,24,9.750357292907384e-105,0.01,True
Austria,2024-10-26,weekly_differenced,weekly_differenced_arima_p2_d0_q0,ljung_box_pvalue,48,1.0145440996665348e-116,0.01,True
Austria,2024-10-26,weekly_differenced,weekly_differenced_arima_p2_d0_q0,ljung_box_statistic,24,561.6047107266569,0.01,True
Austria,2024-10-26,weekly_differenced,weekly_differenced_arima_p2_d0_q0,ljung_box_statistic,48,694.7785585458844,0.01,True
Austria,2024-10-26,weekly_differenced,weekly_differenced_arima_p2_d0_q0,residual_acf,1,0.1185161013340285,0.05,True
Austria,2024-10-26,weekly_differenced,weekly_differenced_arima_p2_d0_q0,residual_acf,10,0.032805895454328,0.05,False
Austria,2024-10-26,weekly_differenced,weekly_differenced_arima_p2_d0_q0,residual_acf,11,0.0036705711044581,0.05,False
Austria,2024-10-26,weekly_differenced,weekly_differenced_arima_p2_d0_q0,residual_acf,12,0.0322342415853824,0.05,False
Austria,2024-10-26,weekly_differenced,weekly_differenced_arima_p2_d0_q0,residual_acf,13,0.0083744319485904,0.05,False
Austria,2024-10-26,weekly_differenced,weekly_differenced_arima_p2_d0_q0,residual_acf,14,0.0215402342166645,0.05,False
Austria,2024-10-26,weekly_differenced,weekly_differenced_arima_p2_d0_q0,residual_acf,15,0.0244460821555718,0.05,False
Austria,2024-10-26,weekly_differenced,weekly_differenced_arima_p2_d0_q0,residual_acf,16,0.0071863020177033,0.05,False
Austria,2024-10-26,weekly_differenced,weekly_differenced_arima_p2_d0_q0,residual_acf,17,0.0236721536149172,0.05,False
Austria,2024-10-26,weekly_differenced,weekly_differenced_arima_p2_d0_q0,residual_acf,18,0.042290316788502,0.05,False
Austria,2024-10-26,weekly_differenced,weekly_differenced_arima_p2_d0_q0,residual_acf,19,0.0274271323527818,0.05,False
Austria,2024-10-26,weekly_differenced,weekly_differenced_arima_p2_d0_q0,residual_acf,2,-0.0608894405865275,0.05,True
Austria,2024-10-26,weekly_differenced,weekly_differenced_arima_p2_d0_q0,residual_acf,20,0.0003176603402442,0.05,False
Austria,2024-10-26,weekly_differenced,weekly_differenced_arima_p2_d0_q0,residual_acf,21,-0.0001965160882044,0.05,False
Austria,2024-10-26,weekly_differenced,weekly_differenced_arima_p2_d0_q0,residual_acf,22,0.0289689227335273,0.05,False
Austria,2024-10-26,weekly_differenced,weekly_differenced_arima_p2_d0_q0,residual_acf,23,0.1109229211536503,0.05,True
Austria,2024-10-26,weekly_differenced,weekly_differenced_arima_p2_d0_q0,residual_acf,24,0.1465512856342102,0.05,True
Austria,2024-10-26,weekly_differenced,weekly_differenced_arima_p2_d0_q0,residual_acf,25,0.0373821470823236,0.05,False
Austria,2024-10-26,weekly_differenced,weekly_differenced_arima_p2_d0_q0,residual_acf,26,-0.0067165016239606,0.05,False
Austria,2024-10-26,weekly_differenced,weekly_differenced_arima_p2_d0_q0,residual_acf,27,0.0122872405253364,0.05,False
Austria,2024-10-26,weekly_differenced,weekly_differenced_arima_p2_d0_q0,residual_acf,28,-0.0084370309073493,0.05,False
Austria,2024-10-26,weekly_differenced,weekly_differenced_arima_p2_d0_q0,residual_acf,29,-0.0310906092676435,0.05,False
Austria,2024-10-26,weekly_differenced,weekly_differenced_arima_p2_d0_q0,residual_acf,3,-0.0742306858385864,0.05,True
Austria,2024-10-26,weekly_differenced,weekly_differenced_arima_p2_d0_q0,residual_acf,30,-0.0026428734189348,0.05,False
Austria,2024-10-26,weekly_differenced,weekly_differenced_arima_p2_d0_q0,residual_acf,31,0.003642475735161,0.05,False
Austria,2024-10-26,weekly_differenced,weekly_differenced_arima_p2_d0_q0,residual_acf,32,0.0297223015379649,0.05,False
Austria,2024-10-26,weekly_differenced,weekly_differenced_arima_p2_d0_q0,residual_acf,33,0.0112697746456275,0.05,False
Austria,2024-10-26,weekly_differenced,weekly_differenced_arima_p2_d0_q0,residual_acf,34,0.0327331947765879,0.05,False
Austria,2024-10-26,weekly_differenced,weekly_differenced_arima_p2_d0_q0,residual_acf,35,0.0375550721888294,0.05,False
Austria,2024-10-26,weekly_differenced,weekly_differenced_arima_p2_d0_q0,residual_acf,36,0.0215116484719228,0.05,False
Austria,2024-10-26,weekly_differenced,weekly_differenced_arima_p2_d0_q0,residual_acf,37,0.0199670513924749,0.05,False
Austria,2024-10-26,weekly_differenced,weekly_differenced_arima_p2_d0_q0,residual_acf,38,0.001845494283932,0.05,False
Austria,2024-10-26,weekly_differenced,weekly_differenced_arima_p2_d0_q0,residual_acf,39,0.0362865639523733,0.05,False
Austria,2024-10-26,weekly_differenced,weekly_differenced_arima_p2_d0_q0,residual_acf,4,-0.0739646597938635,0.05,True
Austria,2024-10-26,weekly_differenced,weekly_differenced_arima_p2_d0_q0,residual_acf,40,-0.0028405819926639,0.05,False
Austria,2024-10-26,weekly_differenced,weekly_differenced_arima_p2_d0_q0,residual_acf,41,0.0015380385498344,0.05,False
Austria,2024-10-26,weekly_differenced,weekly_differenced_arima_p2_d0_q0,residual_acf,42,0.0186795713039005,0.05,False
Austria,2024-10-26,weekly_differenced,weekly_differenced_arima_p2_d0_q0,residual_acf,43,0.0170408373004635,0.05,False
Austria,2024-10-26,weekly_differenced,weekly_differenced_arima_p2_d0_q0,residual_acf,44,0.0121357142701412,0.05,False
Austria,2024-10-26,weekly_differenced,weekly_differenced_arima_p2_d0_q0,residual_acf,45,0.0131724753715865,0.05,False
Austria,2024-10-26,weekly_differenced,weekly_differenced_arima_p2_d0_q0,residual_acf,46,0.0280011035553525,0.05,False
Austria,2024-10-26,weekly_differenced,weekly_differenced_arima_p2_d0_q0,residual_acf,47,0.0137282763316323,0.05,False
Austria,2024-10-26,weekly_differenced,weekly_differenced_arima_p2_d0_q0,residual_acf,48,0.0903546511860634,0.05,True
Austria,2024-10-26,weekly_differenced,weekly_differenced_arima_p2_d0_q0,residual_acf,5,-0.0501581583836658,0.05,True
Austria,2024-10-26,weekly_differenced,weekly_differenced_arima_p2_d0_q0,residual_acf,6,0.012824577290427,0.05,False
Austria,2024-10-26,weekly_differenced,weekly_differenced_arima_p2_d0_q0,residual_acf,7,0.0162003480185885,0.05,False
Austria,2024-10-26,weekly_differenced,weekly_differenced_arima_p2_d0_q0,residual_acf,8,0.0383025876751916,0.05,False
Austria,2024-10-26,weekly_differenced,weekly_differenced_arima_p2_d0_q0,residual_acf,9,0.0620620873449849,0.05,True
Austria,2024-10-26,weekly_differenced,weekly_differenced_arima_p2_d0_q1,ljung_box_pvalue,24,1.9133953970975608e-49,0.01,True
Austria,2024-10-26,weekly_differenced,weekly_differenced_arima_p2_d0_q1,ljung_box_pvalue,48,1.5674489636732662e-60,0.01,True
Austria,2024-10-26,weekly_differenced,weekly_differenced_arima_p2_d0_q1,ljung_box_statistic,24,291.24775963353864,0.01,True
Austria,2024-10-26,weekly_differenced,weekly_differenced_arima_p2_d0_q1,ljung_box_statistic,48,410.7603552324799,0.01,True
Austria,2024-10-26,weekly_differenced,weekly_differenced_arima_p2_d0_q1,residual_acf,1,0.0091783149671276,0.05,False
Austria,2024-10-26,weekly_differenced,weekly_differenced_arima_p2_d0_q1,residual_acf,10,0.0163223567326933,0.05,False
Austria,2024-10-26,weekly_differenced,weekly_differenced_arima_p2_d0_q1,residual_acf,11,-0.012022577558701,0.05,False
Austria,2024-10-26,weekly_differenced,weekly_differenced_arima_p2_d0_q1,residual_acf,12,0.0246847152068709,0.05,False
Austria,2024-10-26,weekly_differenced,weekly_differenced_arima_p2_d0_q1,residual_acf,13,-0.0070935156358463,0.05,False
Austria,2024-10-26,weekly_differenced,weekly_differenced_arima_p2_d0_q1,residual_acf,14,0.0111305109145014,0.05,False
Austria,2024-10-26,weekly_differenced,weekly_differenced_arima_p2_d0_q1,residual_acf,15,0.0146504447977886,0.05,False
Austria,2024-10-26,weekly_differenced,weekly_differenced_arima_p2_d0_q1,residual_acf,16,-0.0019192393994169,0.05,False
Austria,2024-10-26,weekly_differenced,weekly_differenced_arima_p2_d0_q1,residual_acf,17,0.0147846894077902,0.05,False
Austria,2024-10-26,weekly_differenced,weekly_differenced_arima_p2_d0_q1,residual_acf,18,0.0319335133346249,0.05,False
Austria,2024-10-26,weekly_differenced,weekly_differenced_arima_p2_d0_q1,residual_acf,19,0.0222762030183193,0.05,False
Austria,2024-10-26,weekly_differenced,weekly_differenced_arima_p2_d0_q1,residual_acf,2,0.0300806976846395,0.05,False
Austria,2024-10-26,weekly_differenced,weekly_differenced_arima_p2_d0_q1,residual_acf,20,0.0036456755543698,0.05,False
Austria,2024-10-26,weekly_differenced,weekly_differenced_arima_p2_d0_q1,residual_acf,21,0.010143887899685,0.05,False
Austria,2024-10-26,weekly_differenced,weekly_differenced_arima_p2_d0_q1,residual_acf,22,0.029561141627317,0.05,False
Austria,2024-10-26,weekly_differenced,weekly_differenced_arima_p2_d0_q1,residual_acf,23,0.0945406063436171,0.05,True
Austria,2024-10-26,weekly_differenced,weekly_differenced_arima_p2_d0_q1,residual_acf,24,0.1327308247841263,0.05,True
Austria,2024-10-26,weekly_differenced,weekly_differenced_arima_p2_d0_q1,residual_acf,25,0.0295593683843689,0.05,False
Austria,2024-10-26,weekly_differenced,weekly_differenced_arima_p2_d0_q1,residual_acf,26,-0.0023782839279774,0.05,False
Austria,2024-10-26,weekly_differenced,weekly_differenced_arima_p2_d0_q1,residual_acf,27,0.0133582046657652,0.05,False
Austria,2024-10-26,weekly_differenced,weekly_differenced_arima_p2_d0_q1,residual_acf,28,-0.0106999037880855,0.05,False
Austria,2024-10-26,weekly_differenced,weekly_differenced_arima_p2_d0_q1,residual_acf,29,-0.0354372968035623,0.05,False
Austria,2024-10-26,weekly_differenced,weekly_differenced_arima_p2_d0_q1,residual_acf,3,-0.0370701937477513,0.05,False
Austria,2024-10-26,weekly_differenced,weekly_differenced_arima_p2_d0_q1,residual_acf,30,-0.0044288233873221,0.05,False
Austria,2024-10-26,weekly_differenced,weekly_differenced_arima_p2_d0_q1,residual_acf,31,-0.0091739919301183,0.05,False
Austria,2024-10-26,weekly_differenced,weekly_differenced_arima_p2_d0_q1,residual_acf,32,0.0241196878697675,0.05,False
Austria,2024-10-26,weekly_differenced,weekly_differenced_arima_p2_d0_q1,residual_acf,33,0.0002510697887617,0.05,False
Austria,2024-10-26,weekly_differenced,weekly_differenced_arima_p2_d0_q1,residual_acf,34,0.0263308330265413,0.05,False
Austria,2024-10-26,weekly_differenced,weekly_differenced_arima_p2_d0_q1,residual_acf,35,0.0298884102644504,0.05,False
Austria,2024-10-26,weekly_differenced,weekly_differenced_arima_p2_d0_q1,residual_acf,36,0.01377999786626,0.05,False
Austria,2024-10-26,weekly_differenced,weekly_differenced_arima_p2_d0_q1,residual_acf,37,0.0207227181595477,0.05,False
Austria,2024-10-26,weekly_differenced,weekly_differenced_arima_p2_d0_q1,residual_acf,38,-0.0071464201106932,0.05,False
Austria,2024-10-26,weekly_differenced,weekly_differenced_arima_p2_d0_q1,residual_acf,39,0.0366419512155851,0.05,False
Austria,2024-10-26,weekly_differenced,weekly_differenced_arima_p2_d0_q1,residual_acf,4,-0.0523960514495143,0.05,True
Austria,2024-10-26,weekly_differenced,weekly_differenced_arima_p2_d0_q1,residual_acf,40,-0.009262014515435,0.05,False
Austria,2024-10-26,weekly_differenced,weekly_differenced_arima_p2_d0_q1,residual_acf,41,0.0015115186922154,0.05,False
Austria,2024-10-26,weekly_differenced,weekly_differenced_arima_p2_d0_q1,residual_acf,42,0.0152564319677301,0.05,False
Austria,2024-10-26,weekly_differenced,weekly_differenced_arima_p2_d0_q1,residual_acf,43,0.0131431028240457,0.05,False
Austria,2024-10-26,weekly_differenced,weekly_differenced_arima_p2_d0_q1,residual_acf,44,0.0122234025170821,0.05,False
Austria,2024-10-26,weekly_differenced,weekly_differenced_arima_p2_d0_q1,residual_acf,45,0.0108936558128479,0.05,False
Austria,2024-10-26,weekly_differenced,weekly_differenced_arima_p2_d0_q1,residual_acf,46,0.0344393239671592,0.05,False
Austria,2024-10-26,weekly_differenced,weekly_differenced_arima_p2_d0_q1,residual_acf,47,0.0008084749729182,0.05,False
Austria,2024-10-26,weekly_differenced,weekly_differenced_arima_p2_d0_q1,residual_acf,48,0.0887589417749248,0.05,True
Austria,2024-10-26,weekly_differenced,weekly_differenced_arima_p2_d0_q1,residual_acf,5,-0.0533230718027265,0.05,True
Austria,2024-10-26,weekly_differenced,weekly_differenced_arima_p2_d0_q1,residual_acf,6,0.0016864746655686,0.05,False
Austria,2024-10-26,weekly_differenced,weekly_differenced_arima_p2_d0_q1,residual_acf,7,-0.006558055956371,0.05,False
Austria,2024-10-26,weekly_differenced,weekly_differenced_arima_p2_d0_q1,residual_acf,8,0.0148416592911869,0.05,False
Austria,2024-10-26,weekly_differenced,weekly_differenced_arima_p2_d0_q1,residual_acf,9,0.0390647880233197,0.05,False
Austria,2024-10-26,weekly_differenced,weekly_differenced_arima_p2_d0_q2,ljung_box_pvalue,24,2.870372958181811e-44,0.01,True
Austria,2024-10-26,weekly_differenced,weekly_differenced_arima_p2_d0_q2,ljung_box_pvalue,48,1.7178256062639103e-54,0.01,True
Austria,2024-10-26,weekly_differenced,weekly_differenced_arima_p2_d0_q2,ljung_box_statistic,24,262.8687741912236,0.01,True
Austria,2024-10-26,weekly_differenced,weekly_differenced_arima_p2_d0_q2,ljung_box_statistic,48,377.12781560249,0.01,True
Austria,2024-10-26,weekly_differenced,weekly_differenced_arima_p2_d0_q2,residual_acf,1,0.0028882988432419,0.05,False
Austria,2024-10-26,weekly_differenced,weekly_differenced_arima_p2_d0_q2,residual_acf,10,0.0093591212221598,0.05,False
Austria,2024-10-26,weekly_differenced,weekly_differenced_arima_p2_d0_q2,residual_acf,11,-0.0168707546938833,0.05,False
Austria,2024-10-26,weekly_differenced,weekly_differenced_arima_p2_d0_q2,residual_acf,12,0.0222244883354867,0.05,False
Austria,2024-10-26,weekly_differenced,weekly_differenced_arima_p2_d0_q2,residual_acf,13,-0.0108192086380379,0.05,False
Austria,2024-10-26,weekly_differenced,weekly_differenced_arima_p2_d0_q2,residual_acf,14,0.0068971847616116,0.05,False
Austria,2024-10-26,weekly_differenced,weekly_differenced_arima_p2_d0_q2,residual_acf,15,0.0133741496541643,0.05,False
Austria,2024-10-26,weekly_differenced,weekly_differenced_arima_p2_d0_q2,residual_acf,16,-0.0057633806424018,0.05,False
Austria,2024-10-26,weekly_differenced,weekly_differenced_arima_p2_d0_q2,residual_acf,17,0.011464836729127,0.05,False
Austria,2024-10-26,weekly_differenced,weekly_differenced_arima_p2_d0_q2,residual_acf,18,0.030670597861934,0.05,False
Austria,2024-10-26,weekly_differenced,weekly_differenced_arima_p2_d0_q2,residual_acf,19,0.0209984466826841,0.05,False
Austria,2024-10-26,weekly_differenced,weekly_differenced_arima_p2_d0_q2,residual_acf,2,0.0056719311721925,0.05,False
Austria,2024-10-26,weekly_differenced,weekly_differenced_arima_p2_d0_q2,residual_acf,20,0.0055253943546339,0.05,False
Austria,2024-10-26,weekly_differenced,weekly_differenced_arima_p2_d0_q2,residual_acf,21,0.0133211345787781,0.05,False
Austria,2024-10-26,weekly_differenced,weekly_differenced_arima_p2_d0_q2,residual_acf,22,0.0268980871804699,0.05,False
Austria,2024-10-26,weekly_differenced,weekly_differenced_arima_p2_d0_q2,residual_acf,23,0.0919033339756576,0.05,True
Austria,2024-10-26,weekly_differenced,weekly_differenced_arima_p2_d0_q2,residual_acf,24,0.131706789014977,0.05,True
Austria,2024-10-26,weekly_differenced,weekly_differenced_arima_p2_d0_q2,residual_acf,25,0.0255456341677849,0.05,False
Austria,2024-10-26,weekly_differenced,weekly_differenced_arima_p2_d0_q2,residual_acf,26,-0.0045357888051187,0.05,False
Austria,2024-10-26,weekly_differenced,weekly_differenced_arima_p2_d0_q2,residual_acf,27,0.0177298781181087,0.05,False
Austria,2024-10-26,weekly_differenced,weekly_differenced_arima_p2_d0_q2,residual_acf,28,-0.0112756741818834,0.05,False
Austria,2024-10-26,weekly_differenced,weekly_differenced_arima_p2_d0_q2,residual_acf,29,-0.0367864720286111,0.05,False
Austria,2024-10-26,weekly_differenced,weekly_differenced_arima_p2_d0_q2,residual_acf,3,0.0085132923813855,0.05,False
Austria,2024-10-26,weekly_differenced,weekly_differenced_arima_p2_d0_q2,residual_acf,30,-0.006323539083363,0.05,False
Austria,2024-10-26,weekly_differenced,weekly_differenced_arima_p2_d0_q2,residual_acf,31,-0.0102630974435334,0.05,False
Austria,2024-10-26,weekly_differenced,weekly_differenced_arima_p2_d0_q2,residual_acf,32,0.0208840452079535,0.05,False
Austria,2024-10-26,weekly_differenced,weekly_differenced_arima_p2_d0_q2,residual_acf,33,-0.0025755287029315,0.05,False
Austria,2024-10-26,weekly_differenced,weekly_differenced_arima_p2_d0_q2,residual_acf,34,0.0236053434770705,0.05,False
Austria,2024-10-26,weekly_differenced,weekly_differenced_arima_p2_d0_q2,residual_acf,35,0.0280074720582981,0.05,False
Austria,2024-10-26,weekly_differenced,weekly_differenced_arima_p2_d0_q2,residual_acf,36,0.0128935161755848,0.05,False
Austria,2024-10-26,weekly_differenced,weekly_differenced_arima_p2_d0_q2,residual_acf,37,0.018224355483993,0.05,False
Austria,2024-10-26,weekly_differenced,weekly_differenced_arima_p2_d0_q2,residual_acf,38,-0.00774972356765,0.05,False
Austria,2024-10-26,weekly_differenced,weekly_differenced_arima_p2_d0_q2,residual_acf,39,0.0361688455455361,0.05,False
Austria,2024-10-26,weekly_differenced,weekly_differenced_arima_p2_d0_q2,residual_acf,4,-0.0518804188182753,0.05,True
Austria,2024-10-26,weekly_differenced,weekly_differenced_arima_p2_d0_q2,residual_acf,40,-0.0096265312214452,0.05,False
Austria,2024-10-26,weekly_differenced,weekly_differenced_arima_p2_d0_q2,residual_acf,41,-0.0008379607626794,0.05,False
Austria,2024-10-26,weekly_differenced,weekly_differenced_arima_p2_d0_q2,residual_acf,42,0.0161050473020172,0.05,False
Austria,2024-10-26,weekly_differenced,weekly_differenced_arima_p2_d0_q2,residual_acf,43,0.012812094635522,0.05,False
Austria,2024-10-26,weekly_differenced,weekly_differenced_arima_p2_d0_q2,residual_acf,44,0.0101505005541248,0.05,False
Austria,2024-10-26,weekly_differenced,weekly_differenced_arima_p2_d0_q2,residual_acf,45,0.0141074188299753,0.05,False
Austria,2024-10-26,weekly_differenced,weekly_differenced_arima_p2_d0_q2,residual_acf,46,0.0323219079970084,0.05,False
Austria,2024-10-26,weekly_differenced,weekly_differenced_arima_p2_d0_q2,residual_acf,47,-0.0010816258008735,0.05,False
Austria,2024-10-26,weekly_differenced,weekly_differenced_arima_p2_d0_q2,residual_acf,48,0.0876561279465833,0.05,True
Austria,2024-10-26,weekly_differenced,weekly_differenced_arima_p2_d0_q2,residual_acf,5,-0.0526689339007638,0.05,True
Austria,2024-10-26,weekly_differenced,weekly_differenced_arima_p2_d0_q2,residual_acf,6,0.0001929014391682,0.05,False
Austria,2024-10-26,weekly_differenced,weekly_differenced_arima_p2_d0_q2,residual_acf,7,-0.0134183003566031,0.05,False
Austria,2024-10-26,weekly_differenced,weekly_differenced_arima_p2_d0_q2,residual_acf,8,0.0055777186718213,0.05,False
Austria,2024-10-26,weekly_differenced,weekly_differenced_arima_p2_d0_q2,residual_acf,9,0.0349492328121284,0.05,False
Austria,2024-10-26,weekly_differenced,weekly_differenced_arima_p3_d0_q1,ljung_box_pvalue,24,2.8641146022108304e-37,0.01,True
Austria,2024-10-26,weekly_differenced,weekly_differenced_arima_p3_d0_q1,ljung_box_pvalue,48,1.3813015051531065e-43,0.01,True
Austria,2024-10-26,weekly_differenced,weekly_differenced_arima_p3_d0_q1,ljung_box_statistic,24,228.1058489612543,0.01,True
Austria,2024-10-26,weekly_differenced,weekly_differenced_arima_p3_d0_q1,ljung_box_statistic,48,320.0604240474664,0.01,True
Austria,2024-10-26,weekly_differenced,weekly_differenced_arima_p3_d0_q1,residual_acf,1,0.0089046894179267,0.05,False
Austria,2024-10-26,weekly_differenced,weekly_differenced_arima_p3_d0_q1,residual_acf,10,-0.0212241847650654,0.05,False
Austria,2024-10-26,weekly_differenced,weekly_differenced_arima_p3_d0_q1,residual_acf,11,-0.0457078709711424,0.05,False
Austria,2024-10-26,weekly_differenced,weekly_differenced_arima_p3_d0_q1,residual_acf,12,-0.0034356452741502,0.05,False
Austria,2024-10-26,weekly_differenced,weekly_differenced_arima_p3_d0_q1,residual_acf,13,-0.0298225004803482,0.05,False
Austria,2024-10-26,weekly_differenced,weekly_differenced_arima_p3_d0_q1,residual_acf,14,-0.0101078943330951,0.05,False
Austria,2024-10-26,weekly_differenced,weekly_differenced_arima_p3_d0_q1,residual_acf,15,-0.002724581649075,0.05,False
Austria,2024-10-26,weekly_differenced,weekly_differenced_arima_p3_d0_q1,residual_acf,16,-0.0197989337411533,0.05,False
Austria,2024-10-26,weekly_differenced,weekly_differenced_arima_p3_d0_q1,residual_acf,17,0.0016936563918009,0.05,False
Austria,2024-10-26,weekly_differenced,weekly_differenced_arima_p3_d0_q1,residual_acf,18,0.0283203515392345,0.05,False
Austria,2024-10-26,weekly_differenced,weekly_differenced_arima_p3_d0_q1,residual_acf,19,0.0232033499842685,0.05,False
Austria,2024-10-26,weekly_differenced,weekly_differenced_arima_p3_d0_q1,residual_acf,2,-0.0256472065039618,0.05,False
Austria,2024-10-26,weekly_differenced,weekly_differenced_arima_p3_d0_q1,residual_acf,20,0.0053593531257813,0.05,False
Austria,2024-10-26,weekly_differenced,weekly_differenced_arima_p3_d0_q1,residual_acf,21,0.0061245897288626,0.05,False
Austria,2024-10-26,weekly_differenced,weekly_differenced_arima_p3_d0_q1,residual_acf,22,0.0191239320528753,0.05,False
Austria,2024-10-26,weekly_differenced,weekly_differenced_arima_p3_d0_q1,residual_acf,23,0.0883879397453077,0.05,True
Austria,2024-10-26,weekly_differenced,weekly_differenced_arima_p3_d0_q1,residual_acf,24,0.1258862807661272,0.05,True
Austria,2024-10-26,weekly_differenced,weekly_differenced_arima_p3_d0_q1,residual_acf,25,0.0153663056327374,0.05,False
Austria,2024-10-26,weekly_differenced,weekly_differenced_arima_p3_d0_q1,residual_acf,26,-0.0134281745637028,0.05,False
Austria,2024-10-26,weekly_differenced,weekly_differenced_arima_p3_d0_q1,residual_acf,27,0.0179333761096531,0.05,False
Austria,2024-10-26,weekly_differenced,weekly_differenced_arima_p3_d0_q1,residual_acf,28,-0.0064210509933337,0.05,False
Austria,2024-10-26,weekly_differenced,weekly_differenced_arima_p3_d0_q1,residual_acf,29,-0.036596502775477,0.05,False
Austria,2024-10-26,weekly_differenced,weekly_differenced_arima_p3_d0_q1,residual_acf,3,0.0189105608599789,0.05,False
Austria,2024-10-26,weekly_differenced,weekly_differenced_arima_p3_d0_q1,residual_acf,30,-0.0105011508064904,0.05,False
Austria,2024-10-26,weekly_differenced,weekly_differenced_arima_p3_d0_q1,residual_acf,31,-0.0152293409973993,0.05,False
Austria,2024-10-26,weekly_differenced,weekly_differenced_arima_p3_d0_q1,residual_acf,32,0.0101950494159731,0.05,False
Austria,2024-10-26,weekly_differenced,weekly_differenced_arima_p3_d0_q1,residual_acf,33,-0.0157160288302042,0.05,False
Austria,2024-10-26,weekly_differenced,weekly_differenced_arima_p3_d0_q1,residual_acf,34,0.0098054716716411,0.05,False
Austria,2024-10-26,weekly_differenced,weekly_differenced_arima_p3_d0_q1,residual_acf,35,0.0168532180034472,0.05,False
Austria,2024-10-26,weekly_differenced,weekly_differenced_arima_p3_d0_q1,residual_acf,36,0.0029031893677585,0.05,False
Austria,2024-10-26,weekly_differenced,weekly_differenced_arima_p3_d0_q1,residual_acf,37,0.0082120664017859,0.05,False
Austria,2024-10-26,weekly_differenced,weekly_differenced_arima_p3_d0_q1,residual_acf,38,-0.0122814816610175,0.05,False
Austria,2024-10-26,weekly_differenced,weekly_differenced_arima_p3_d0_q1,residual_acf,39,0.032725231498237,0.05,False
Austria,2024-10-26,weekly_differenced,weekly_differenced_arima_p3_d0_q1,residual_acf,4,0.0029098238329079,0.05,False
Austria,2024-10-26,weekly_differenced,weekly_differenced_arima_p3_d0_q1,residual_acf,40,-0.0116749601044911,0.05,False
Austria,2024-10-26,weekly_differenced,weekly_differenced_arima_p3_d0_q1,residual_acf,41,-0.0032561902432079,0.05,False
Austria,2024-10-26,weekly_differenced,weekly_differenced_arima_p3_d0_q1,residual_acf,42,0.0158515617196035,0.05,False
Austria,2024-10-26,weekly_differenced,weekly_differenced_arima_p3_d0_q1,residual_acf,43,0.0138775741777105,0.05,False
Austria,2024-10-26,weekly_differenced,weekly_differenced_arima_p3_d0_q1,residual_acf,44,0.0102177857938998,0.05,False
Austria,2024-10-26,weekly_differenced,weekly_differenced_arima_p3_d0_q1,residual_acf,45,0.0108566012750345,0.05,False
Austria,2024-10-26,weekly_differenced,weekly_differenced_arima_p3_d0_q1,residual_acf,46,0.0247962159485585,0.05,False
Austria,2024-10-26,weekly_differenced,weekly_differenced_arima_p3_d0_q1,residual_acf,47,-0.0054276963415363,0.05,False
Austria,2024-10-26,weekly_differenced,weekly_differenced_arima_p3_d0_q1,residual_acf,48,0.0823296196561335,0.05,True
Austria,2024-10-26,weekly_differenced,weekly_differenced_arima_p3_d0_q1,residual_acf,5,-0.0156553298767512,0.05,False
Austria,2024-10-26,weekly_differenced,weekly_differenced_arima_p3_d0_q1,residual_acf,6,0.0116873702016197,0.05,False
Austria,2024-10-26,weekly_differenced,weekly_differenced_arima_p3_d0_q1,residual_acf,7,-0.0219337630567053,0.05,False
Austria,2024-10-26,weekly_differenced,weekly_differenced_arima_p3_d0_q1,residual_acf,8,-0.0168101693490074,0.05,False
Austria,2024-10-26,weekly_differenced,weekly_differenced_arima_p3_d0_q1,residual_acf,9,0.0059083498627588,0.05,False
Austria,2024-11-11,weekly_differenced,weekly_differenced_arima_p1_d0_q1,ljung_box_pvalue,24,3.0957806228220206e-290,0.01,True
Austria,2024-11-11,weekly_differenced,weekly_differenced_arima_p1_d0_q1,ljung_box_pvalue,48,0.0,0.01,True
Austria,2024-11-11,weekly_differenced,weekly_differenced_arima_p1_d0_q1,ljung_box_statistic,24,1434.5679239657604,0.01,True
Austria,2024-11-11,weekly_differenced,weekly_differenced_arima_p1_d0_q1,ljung_box_statistic,48,1663.2852912639628,0.01,True
Austria,2024-11-11,weekly_differenced,weekly_differenced_arima_p1_d0_q1,residual_acf,1,0.1809459972031936,0.05,True
Austria,2024-11-11,weekly_differenced,weekly_differenced_arima_p1_d0_q1,residual_acf,10,-0.0148408910501548,0.05,False
Austria,2024-11-11,weekly_differenced,weekly_differenced_arima_p1_d0_q1,residual_acf,11,-0.0456629549633256,0.05,False
Austria,2024-11-11,weekly_differenced,weekly_differenced_arima_p1_d0_q1,residual_acf,12,-0.0120366821706796,0.05,False
Austria,2024-11-11,weekly_differenced,weekly_differenced_arima_p1_d0_q1,residual_acf,13,-0.0461245173474211,0.05,False
Austria,2024-11-11,weekly_differenced,weekly_differenced_arima_p1_d0_q1,residual_acf,14,-0.0239681611871784,0.05,False
Austria,2024-11-11,weekly_differenced,weekly_differenced_arima_p1_d0_q1,residual_acf,15,-0.0336246139976764,0.05,False
Austria,2024-11-11,weekly_differenced,weekly_differenced_arima_p1_d0_q1,residual_acf,16,-0.0256481865578273,0.05,False
Austria,2024-11-11,weekly_differenced,weekly_differenced_arima_p1_d0_q1,residual_acf,17,-0.0176623504417477,0.05,False
Austria,2024-11-11,weekly_differenced,weekly_differenced_arima_p1_d0_q1,residual_acf,18,0.0041827504365786,0.05,False
Austria,2024-11-11,weekly_differenced,weekly_differenced_arima_p1_d0_q1,residual_acf,19,-0.003380158682025,0.05,False
Austria,2024-11-11,weekly_differenced,weekly_differenced_arima_p1_d0_q1,residual_acf,2,0.2518011580806454,0.05,True
Austria,2024-11-11,weekly_differenced,weekly_differenced_arima_p1_d0_q1,residual_acf,20,0.0035004326129819,0.05,False
Austria,2024-11-11,weekly_differenced,weekly_differenced_arima_p1_d0_q1,residual_acf,21,0.0130879855345565,0.05,False
Austria,2024-11-11,weekly_differenced,weekly_differenced_arima_p1_d0_q1,residual_acf,22,0.0667063074236906,0.05,True
Austria,2024-11-11,weekly_differenced,weekly_differenced_arima_p1_d0_q1,residual_acf,23,0.108984585917104,0.05,True
Austria,2024-11-11,weekly_differenced,weekly_differenced_arima_p1_d0_q1,residual_acf,24,0.1529090228825378,0.05,True
Austria,2024-11-11,weekly_differenced,weekly_differenced_arima_p1_d0_q1,residual_acf,25,0.0564054178263923,0.05,True
Austria,2024-11-11,weekly_differenced,weekly_differenced_arima_p1_d0_q1,residual_acf,26,0.0220610964107059,0.05,False
Austria,2024-11-11,weekly_differenced,weekly_differenced_arima_p1_d0_q1,residual_acf,27,-0.022099446092204,0.05,False
Austria,2024-11-11,weekly_differenced,weekly_differenced_arima_p1_d0_q1,residual_acf,28,-0.0377092920048015,0.05,False
Austria,2024-11-11,weekly_differenced,weekly_differenced_arima_p1_d0_q1,residual_acf,29,-0.07586916766755,0.05,True
Austria,2024-11-11,weekly_differenced,weekly_differenced_arima_p1_d0_q1,residual_acf,3,-0.0831745083722284,0.05,True
Austria,2024-11-11,weekly_differenced,weekly_differenced_arima_p1_d0_q1,residual_acf,30,-0.0384375651893882,0.05,False
Austria,2024-11-11,weekly_differenced,weekly_differenced_arima_p1_d0_q1,residual_acf,31,-0.048344785489801,0.05,False
Austria,2024-11-11,weekly_differenced,weekly_differenced_arima_p1_d0_q1,residual_acf,32,-0.0003294982581204,0.05,False
Austria,2024-11-11,weekly_differenced,weekly_differenced_arima_p1_d0_q1,residual_acf,33,-0.0160410593681194,0.05,False
Austria,2024-11-11,weekly_differenced,weekly_differenced_arima_p1_d0_q1,residual_acf,34,0.0187777662907476,0.05,False
Austria,2024-11-11,weekly_differenced,weekly_differenced_arima_p1_d0_q1,residual_acf,35,0.0172484136819483,0.05,False
Austria,2024-11-11,weekly_differenced,weekly_differenced_arima_p1_d0_q1,residual_acf,36,0.0152050745641944,0.05,False
Austria,2024-11-11,weekly_differenced,weekly_differenced_arima_p1_d0_q1,residual_acf,37,0.0139768836336858,0.05,False
Austria,2024-11-11,weekly_differenced,weekly_differenced_arima_p1_d0_q1,residual_acf,38,-0.0112549191786253,0.05,False
Austria,2024-11-11,weekly_differenced,weekly_differenced_arima_p1_d0_q1,residual_acf,39,0.0092701613683945,0.05,False
Austria,2024-11-11,weekly_differenced,weekly_differenced_arima_p1_d0_q1,residual_acf,4,-0.0540017250249626,0.05,True
Austria,2024-11-11,weekly_differenced,weekly_differenced_arima_p1_d0_q1,residual_acf,40,-0.0172908768862495,0.05,False
Austria,2024-11-11,weekly_differenced,weekly_differenced_arima_p1_d0_q1,residual_acf,41,-0.0118397012127042,0.05,False
Austria,2024-11-11,weekly_differenced,weekly_differenced_arima_p1_d0_q1,residual_acf,42,0.0024323150665842,0.05,False
Austria,2024-11-11,weekly_differenced,weekly_differenced_arima_p1_d0_q1,residual_acf,43,-0.0008817317096159,0.05,False
Austria,2024-11-11,weekly_differenced,weekly_differenced_arima_p1_d0_q1,residual_acf,44,0.0182123633254946,0.05,False
Austria,2024-11-11,weekly_differenced,weekly_differenced_arima_p1_d0_q1,residual_acf,45,0.003332169453643,0.05,False
Austria,2024-11-11,weekly_differenced,weekly_differenced_arima_p1_d0_q1,residual_acf,46,0.053091543532004,0.05,True
Austria,2024-11-11,weekly_differenced,weekly_differenced_arima_p1_d0_q1,residual_acf,47,0.015609848726792,0.05,False
Austria,2024-11-11,weekly_differenced,weekly_differenced_arima_p1_d0_q1,residual_acf,48,0.097603040111654,0.05,True
Austria,2024-11-11,weekly_differenced,weekly_differenced_arima_p1_d0_q1,residual_acf,5,-0.1485510619939199,0.05,True
Austria,2024-11-11,weekly_differenced,weekly_differenced_arima_p1_d0_q1,residual_acf,6,-0.0686810248748707,0.05,True
Austria,2024-11-11,weekly_differenced,weekly_differenced_arima_p1_d0_q1,residual_acf,7,-0.0870476700412776,0.05,True
Austria,2024-11-11,weekly_differenced,weekly_differenced_arima_p1_d0_q1,residual_acf,8,-0.0320008156097881,0.05,False
Austria,2024-11-11,weekly_differenced,weekly_differenced_arima_p1_d0_q1,residual_acf,9,-0.0287846714586787,0.05,False
Austria,2024-11-11,weekly_differenced,weekly_differenced_arima_p2_d0_q0,ljung_box_pvalue,24,3.705712033616629e-118,0.01,True
Austria,2024-11-11,weekly_differenced,weekly_differenced_arima_p2_d0_q0,ljung_box_pvalue,48,1.0338688604614776e-134,0.01,True
Austria,2024-11-11,weekly_differenced,weekly_differenced_arima_p2_d0_q0,ljung_box_statistic,24,625.5561553221402,0.01,True
Austria,2024-11-11,weekly_differenced,weekly_differenced_arima_p2_d0_q0,ljung_box_statistic,48,782.8713263126584,0.01,True
Austria,2024-11-11,weekly_differenced,weekly_differenced_arima_p2_d0_q0,residual_acf,1,0.121647924454614,0.05,True
Austria,2024-11-11,weekly_differenced,weekly_differenced_arima_p2_d0_q0,residual_acf,10,0.0379868791121305,0.05,False
Austria,2024-11-11,weekly_differenced,weekly_differenced_arima_p2_d0_q0,residual_acf,11,0.0092163788959026,0.05,False
Austria,2024-11-11,weekly_differenced,weekly_differenced_arima_p2_d0_q0,residual_acf,12,0.0383569116369893,0.05,False
Austria,2024-11-11,weekly_differenced,weekly_differenced_arima_p2_d0_q0,residual_acf,13,0.0094798943642557,0.05,False
Austria,2024-11-11,weekly_differenced,weekly_differenced_arima_p2_d0_q0,residual_acf,14,0.0210625233303691,0.05,False
Austria,2024-11-11,weekly_differenced,weekly_differenced_arima_p2_d0_q0,residual_acf,15,0.0178220044271635,0.05,False
Austria,2024-11-11,weekly_differenced,weekly_differenced_arima_p2_d0_q0,residual_acf,16,0.0084937241827381,0.05,False
Austria,2024-11-11,weekly_differenced,weekly_differenced_arima_p2_d0_q0,residual_acf,17,0.0227028622419946,0.05,False
Austria,2024-11-11,weekly_differenced,weekly_differenced_arima_p2_d0_q0,residual_acf,18,0.0424684198708542,0.05,False
Austria,2024-11-11,weekly_differenced,weekly_differenced_arima_p2_d0_q0,residual_acf,19,0.0237806766763917,0.05,False
Austria,2024-11-11,weekly_differenced,weekly_differenced_arima_p2_d0_q0,residual_acf,2,-0.0570938668789486,0.05,True
Austria,2024-11-11,weekly_differenced,weekly_differenced_arima_p2_d0_q0,residual_acf,20,-2.539224193413795e-05,0.05,False
Austria,2024-11-11,weekly_differenced,weekly_differenced_arima_p2_d0_q0,residual_acf,21,-0.0082563087273002,0.05,False
Austria,2024-11-11,weekly_differenced,weekly_differenced_arima_p2_d0_q0,residual_acf,22,0.0294560223555167,0.05,False
Austria,2024-11-11,weekly_differenced,weekly_differenced_arima_p2_d0_q0,residual_acf,23,0.1079296658113598,0.05,True
Austria,2024-11-11,weekly_differenced,weekly_differenced_arima_p2_d0_q0,residual_acf,24,0.1560589084401195,0.05,True
Austria,2024-11-11,weekly_differenced,weekly_differenced_arima_p2_d0_q0,residual_acf,25,0.0402889022371351,0.05,False
Austria,2024-11-11,weekly_differenced,weekly_differenced_arima_p2_d0_q0,residual_acf,26,-0.0018280141746979,0.05,False
Austria,2024-11-11,weekly_differenced,weekly_differenced_arima_p2_d0_q0,residual_acf,27,0.0055610596597943,0.05,False
Austria,2024-11-11,weekly_differenced,weekly_differenced_arima_p2_d0_q0,residual_acf,28,-0.0085588944844316,0.05,False
Austria,2024-11-11,weekly_differenced,weekly_differenced_arima_p2_d0_q0,residual_acf,29,-0.0338806051888745,0.05,False
Austria,2024-11-11,weekly_differenced,weekly_differenced_arima_p2_d0_q0,residual_acf,3,-0.0807923384288103,0.05,True
Austria,2024-11-11,weekly_differenced,weekly_differenced_arima_p2_d0_q0,residual_acf,30,-4.677028993799285e-05,0.05,False
Austria,2024-11-11,weekly_differenced,weekly_differenced_arima_p2_d0_q0,residual_acf,31,0.0031391205644258,0.05,False
Austria,2024-11-11,weekly_differenced,weekly_differenced_arima_p2_d0_q0,residual_acf,32,0.0314102588616817,0.05,False
Austria,2024-11-11,weekly_differenced,weekly_differenced_arima_p2_d0_q0,residual_acf,33,0.0101878962536381,0.05,False
Austria,2024-11-11,weekly_differenced,weekly_differenced_arima_p2_d0_q0,residual_acf,34,0.0334466114007396,0.05,False
Austria,2024-11-11,weekly_differenced,weekly_differenced_arima_p2_d0_q0,residual_acf,35,0.0359740154672495,0.05,False
Austria,2024-11-11,weekly_differenced,weekly_differenced_arima_p2_d0_q0,residual_acf,36,0.0293903748330745,0.05,False
Austria,2024-11-11,weekly_differenced,weekly_differenced_arima_p2_d0_q0,residual_acf,37,0.0221016391495838,0.05,False
Austria,2024-11-11,weekly_differenced,weekly_differenced_arima_p2_d0_q0,residual_acf,38,0.0021113978169017,0.05,False
Austria,2024-11-11,weekly_differenced,weekly_differenced_arima_p2_d0_q0,residual_acf,39,0.0290084776176258,0.05,False
Austria,2024-11-11,weekly_differenced,weekly_differenced_arima_p2_d0_q0,residual_acf,4,-0.0769886459436323,0.05,True
Austria,2024-11-11,weekly_differenced,weekly_differenced_arima_p2_d0_q0,residual_acf,40,-0.0002616453521055,0.05,False
Austria,2024-11-11,weekly_differenced,weekly_differenced_arima_p2_d0_q0,residual_acf,41,-0.0001186930150652,0.05,False
Austria,2024-11-11,weekly_differenced,weekly_differenced_arima_p2_d0_q0,residual_acf,42,0.0198054557445643,0.05,False
Austria,2024-11-11,weekly_differenced,weekly_differenced_arima_p2_d0_q0,residual_acf,43,0.0169523265349279,0.05,False
Austria,2024-11-11,weekly_differenced,weekly_differenced_arima_p2_d0_q0,residual_acf,44,0.01416893408459,0.05,False
Austria,2024-11-11,weekly_differenced,weekly_differenced_arima_p2_d0_q0,residual_acf,45,0.0077543309178318,0.05,False
Austria,2024-11-11,weekly_differenced,weekly_differenced_arima_p2_d0_q0,residual_acf,46,0.0283478301756987,0.05,False
Austria,2024-11-11,weekly_differenced,weekly_differenced_arima_p2_d0_q0,residual_acf,47,0.0133901780448058,0.05,False
Austria,2024-11-11,weekly_differenced,weekly_differenced_arima_p2_d0_q0,residual_acf,48,0.1007985921958677,0.05,True
Austria,2024-11-11,weekly_differenced,weekly_differenced_arima_p2_d0_q0,residual_acf,5,-0.0525387611760626,0.05,True
Austria,2024-11-11,weekly_differenced,weekly_differenced_arima_p2_d0_q0,residual_acf,6,0.0133421754895232,0.05,False
Austria,2024-11-11,weekly_differenced,weekly_differenced_arima_p2_d0_q0,residual_acf,7,0.0161143524850413,0.05,False
Austria,2024-11-11,weekly_differenced,weekly_differenced_arima_p2_d0_q0,residual_acf,8,0.0410420326532435,0.05,False
Austria,2024-11-11,weekly_differenced,weekly_differenced_arima_p2_d0_q0,residual_acf,9,0.0580665394070476,0.05,True
Austria,2024-11-11,weekly_differenced,weekly_differenced_arima_p2_d0_q1,ljung_box_pvalue,24,2.8735333332547234e-57,0.01,True
Austria,2024-11-11,weekly_differenced,weekly_differenced_arima_p2_d0_q1,ljung_box_pvalue,48,2.0848938787037631e-72,0.01,True
Austria,2024-11-11,weekly_differenced,weekly_differenced_arima_p2_d0_q1,ljung_box_statistic,24,329.6108789016182,0.01,True
Austria,2024-11-11,weekly_differenced,weekly_differenced_arima_p2_d0_q1,ljung_box_statistic,48,471.3376412059733,0.01,True
Austria,2024-11-11,weekly_differenced,weekly_differenced_arima_p2_d0_q1,residual_acf,1,0.0103491683879083,0.05,False
Austria,2024-11-11,weekly_differenced,weekly_differenced_arima_p2_d0_q1,residual_acf,10,0.0226710554267983,0.05,False
Austria,2024-11-11,weekly_differenced,weekly_differenced_arima_p2_d0_q1,residual_acf,11,-0.0079011717529557,0.05,False
Austria,2024-11-11,weekly_differenced,weekly_differenced_arima_p2_d0_q1,residual_acf,12,0.0308439550828758,0.05,False
Austria,2024-11-11,weekly_differenced,weekly_differenced_arima_p2_d0_q1,residual_acf,13,-0.0066510777999388,0.05,False
Austria,2024-11-11,weekly_differenced,weekly_differenced_arima_p2_d0_q1,residual_acf,14,0.0123710106603077,0.05,False
Austria,2024-11-11,weekly_differenced,weekly_differenced_arima_p2_d0_q1,residual_acf,15,0.0076978490825979,0.05,False
Austria,2024-11-11,weekly_differenced,weekly_differenced_arima_p2_d0_q1,residual_acf,16,0.0002078553290037,0.05,False
Austria,2024-11-11,weekly_differenced,weekly_differenced_arima_p2_d0_q1,residual_acf,17,0.012151020464403,0.05,False
Austria,2024-11-11,weekly_differenced,weekly_differenced_arima_p2_d0_q1,residual_acf,18,0.0323623207780786,0.05,False
Austria,2024-11-11,weekly_differenced,weekly_differenced_arima_p2_d0_q1,residual_acf,19,0.01711142252531,0.05,False
Austria,2024-11-11,weekly_differenced,weekly_differenced_arima_p2_d0_q1,residual_acf,2,0.0333639896446395,0.05,False
Austria,2024-11-11,weekly_differenced,weekly_differenced_arima_p2_d0_q1,residual_acf,20,0.0046587616745675,0.05,False
Austria,2024-11-11,weekly_differenced,weekly_differenced_arima_p2_d0_q1,residual_acf,21,0.0008131481253979,0.05,False
Austria,2024-11-11,weekly_differenced,weekly_differenced_arima_p2_d0_q1,residual_acf,22,0.0321390558601711,0.05,False
Austria,2024-11-11,weekly_differenced,weekly_differenced_arima_p2_d0_q1,residual_acf,23,0.0892473271596204,0.05,True
Austria,2024-11-11,weekly_differenced,weekly_differenced_arima_p2_d0_q1,residual_acf,24,0.1428183129356198,0.05,True
Austria,2024-11-11,weekly_differenced,weekly_differenced_arima_p2_d0_q1,residual_acf,25,0.0294141368314335,0.05,False
Austria,2024-11-11,weekly_differenced,weekly_differenced_arima_p2_d0_q1,residual_acf,26,0.0040567129066965,0.05,False
Austria,2024-11-11,weekly_differenced,weekly_differenced_arima_p2_d0_q1,residual_acf,27,0.006018820531292,0.05,False
Austria,2024-11-11,weekly_differenced,weekly_differenced_arima_p2_d0_q1,residual_acf,28,-0.0084437329947802,0.05,False
Austria,2024-11-11,weekly_differenced,weekly_differenced_arima_p2_d0_q1,residual_acf,29,-0.0391488252012587,0.05,False
Austria,2024-11-11,weekly_differenced,weekly_differenced_arima_p2_d0_q1,residual_acf,3,-0.0437976436122375,0.05,False
Austria,2024-11-11,weekly_differenced,weekly_differenced_arima_p2_d0_q1,residual_acf,30,-0.0009963580291415,0.05,False
Austria,2024-11-11,weekly_differenced,weekly_differenced_arima_p2_d0_q1,residual_acf,31,-0.0106187384315806,0.05,False
Austria,2024-11-11,weekly_differenced,weekly_differenced_arima_p2_d0_q1,residual_acf,32,0.02651489591372,0.05,False
Austria,2024-11-11,weekly_differenced,weekly_differenced_arima_p2_d0_q1,residual_acf,33,-0.0013245353544533,0.05,False
Austria,2024-11-11,weekly_differenced,weekly_differenced_arima_p2_d0_q1,residual_acf,34,0.0283997969946631,0.05,False
Austria,2024-11-11,weekly_differenced,weekly_differenced_arima_p2_d0_q1,residual_acf,35,0.0270610569099056,0.05,False
Austria,2024-11-11,weekly_differenced,weekly_differenced_arima_p2_d0_q1,residual_acf,36,0.0218667151918952,0.05,False
Austria,2024-11-11,weekly_differenced,weekly_differenced_arima_p2_d0_q1,residual_acf,37,0.020865245496873,0.05,False
Austria,2024-11-11,weekly_differenced,weekly_differenced_arima_p2_d0_q1,residual_acf,38,-0.0052549182058081,0.05,False
Austria,2024-11-11,weekly_differenced,weekly_differenced_arima_p2_d0_q1,residual_acf,39,0.0287424196567409,0.05,False
Austria,2024-11-11,weekly_differenced,weekly_differenced_arima_p2_d0_q1,residual_acf,4,-0.0536323933129729,0.05,True
Austria,2024-11-11,weekly_differenced,weekly_differenced_arima_p2_d0_q1,residual_acf,40,-0.0053250552293053,0.05,False
Austria,2024-11-11,weekly_differenced,weekly_differenced_arima_p2_d0_q1,residual_acf,41,-0.0016511840406245,0.05,False
Austria,2024-11-11,weekly_differenced,weekly_differenced_arima_p2_d0_q1,residual_acf,42,0.0168097363858212,0.05,False
Austria,2024-11-11,weekly_differenced,weekly_differenced_arima_p2_d0_q1,residual_acf,43,0.0117842422603539,0.05,False
Austria,2024-11-11,weekly_differenced,weekly_differenced_arima_p2_d0_q1,residual_acf,44,0.015201130683852,0.05,False
Austria,2024-11-11,weekly_differenced,weekly_differenced_arima_p2_d0_q1,residual_acf,45,0.0050201443579833,0.05,False
Austria,2024-11-11,weekly_differenced,weekly_differenced_arima_p2_d0_q1,residual_acf,46,0.0369421415312938,0.05,False
Austria,2024-11-11,weekly_differenced,weekly_differenced_arima_p2_d0_q1,residual_acf,47,-0.0011569784572458,0.05,False
Austria,2024-11-11,weekly_differenced,weekly_differenced_arima_p2_d0_q1,residual_acf,48,0.099506906126313,0.05,True
Austria,2024-11-11,weekly_differenced,weekly_differenced_arima_p2_d0_q1,residual_acf,5,-0.0557447533814129,0.05,True
Austria,2024-11-11,weekly_differenced,weekly_differenced_arima_p2_d0_q1,residual_acf,6,0.0028770904115979,0.05,False
Austria,2024-11-11,weekly_differenced,weekly_differenced_arima_p2_d0_q1,residual_acf,7,-0.0073797453749882,0.05,False
Austria,2024-11-11,weekly_differenced,weekly_differenced_arima_p2_d0_q1,residual_acf,8,0.0191035861843162,0.05,False
Austria,2024-11-11,weekly_differenced,weekly_differenced_arima_p2_d0_q1,residual_acf,9,0.0347632042354964,0.05,False
Austria,2024-11-11,weekly_differenced,weekly_differenced_arima_p2_d0_q2,ljung_box_pvalue,24,2.021391062227956e-49,0.01,True
Austria,2024-11-11,weekly_differenced,weekly_differenced_arima_p2_d0_q2,ljung_box_pvalue,48,4.183467238882633e-63,0.01,True
Austria,2024-11-11,weekly_differenced,weekly_differenced_arima_p2_d0_q2,ljung_box_statistic,24,288.24185607918423,0.01,True
Austria,2024-11-11,weekly_differenced,weekly_differenced_arima_p2_d0_q2,ljung_box_statistic,48,421.4336082120417,0.01,True
Austria,2024-11-11,weekly_differenced,weekly_differenced_arima_p2_d0_q2,residual_acf,1,0.0031931934621386,0.05,False
Austria,2024-11-11,weekly_differenced,weekly_differenced_arima_p2_d0_q2,residual_acf,10,0.0147961726375938,0.05,False
Austria,2024-11-11,weekly_differenced,weekly_differenced_arima_p2_d0_q2,residual_acf,11,-0.012891782378969,0.05,False
Austria,2024-11-11,weekly_differenced,weekly_differenced_arima_p2_d0_q2,residual_acf,12,0.0274981137853144,0.05,False
Austria,2024-11-11,weekly_differenced,weekly_differenced_arima_p2_d0_q2,residual_acf,13,-0.010248213114397,0.05,False
Austria,2024-11-11,weekly_differenced,weekly_differenced_arima_p2_d0_q2,residual_acf,14,0.0076007836241528,0.05,False
Austria,2024-11-11,weekly_differenced,weekly_differenced_arima_p2_d0_q2,residual_acf,15,0.0066751827389237,0.05,False
Austria,2024-11-11,weekly_differenced,weekly_differenced_arima_p2_d0_q2,residual_acf,16,-0.0042875671836771,0.05,False
Austria,2024-11-11,weekly_differenced,weekly_differenced_arima_p2_d0_q2,residual_acf,17,0.0087751421906957,0.05,False
Austria,2024-11-11,weekly_differenced,weekly_differenced_arima_p2_d0_q2,residual_acf,18,0.0301113439421547,0.05,False
Austria,2024-11-11,weekly_differenced,weekly_differenced_arima_p2_d0_q2,residual_acf,19,0.016048986038371,0.05,False
Austria,2024-11-11,weekly_differenced,weekly_differenced_arima_p2_d0_q2,residual_acf,2,0.0053786919230902,0.05,False
Austria,2024-11-11,weekly_differenced,weekly_differenced_arima_p2_d0_q2,residual_acf,20,0.0062806244857309,0.05,False
Austria,2024-11-11,weekly_differenced,weekly_differenced_arima_p2_d0_q2,residual_acf,21,0.0049649614386727,0.05,False
Austria,2024-11-11,weekly_differenced,weekly_differenced_arima_p2_d0_q2,residual_acf,22,0.0285567627769183,0.05,False
Austria,2024-11-11,weekly_differenced,weekly_differenced_arima_p2_d0_q2,residual_acf,23,0.0867704834326703,0.05,True
Austria,2024-11-11,weekly_differenced,weekly_differenced_arima_p2_d0_q2,residual_acf,24,0.1407687761360915,0.05,True
Austria,2024-11-11,weekly_differenced,weekly_differenced_arima_p2_d0_q2,residual_acf,25,0.0253065146142299,0.05,False
Austria,2024-11-11,weekly_differenced,weekly_differenced_arima_p2_d0_q2,residual_acf,26,0.0009201725902691,0.05,False
Austria,2024-11-11,weekly_differenced,weekly_differenced_arima_p2_d0_q2,residual_acf,27,0.0116168301858421,0.05,False
Austria,2024-11-11,weekly_differenced,weekly_differenced_arima_p2_d0_q2,residual_acf,28,-0.0092786091858951,0.05,False
Austria,2024-11-11,weekly_differenced,weekly_differenced_arima_p2_d0_q2,residual_acf,29,-0.0400407842239204,0.05,False
Austria,2024-11-11,weekly_differenced,weekly_differenced_arima_p2_d0_q2,residual_acf,3,0.0072081373857623,0.05,False
Austria,2024-11-11,weekly_differenced,weekly_differenced_arima_p2_d0_q2,residual_acf,30,-0.0035194976574436,0.05,False
Austria,2024-11-11,weekly_differenced,weekly_differenced_arima_p2_d0_q2,residual_acf,31,-0.0114649444907359,0.05,False
Austria,2024-11-11,weekly_differenced,weekly_differenced_arima_p2_d0_q2,residual_acf,32,0.0225497479320721,0.05,False
Austria,2024-11-11,weekly_differenced,weekly_differenced_arima_p2_d0_q2,residual_acf,33,-0.0038277473072782,0.05,False
Austria,2024-11-11,weekly_differenced,weekly_differenced_arima_p2_d0_q2,residual_acf,34,0.0250832592073259,0.05,False
Austria,2024-11-11,weekly_differenced,weekly_differenced_arima_p2_d0_q2,residual_acf,35,0.0251324915640441,0.05,False
Austria,2024-11-11,weekly_differenced,weekly_differenced_arima_p2_d0_q2,residual_acf,36,0.0203641537328761,0.05,False
Austria,2024-11-11,weekly_differenced,weekly_differenced_arima_p2_d0_q2,residual_acf,37,0.0185686348403262,0.05,False
Austria,2024-11-11,weekly_differenced,weekly_differenced_arima_p2_d0_q2,residual_acf,38,-0.0065335433836974,0.05,False
Austria,2024-11-11,weekly_differenced,weekly_differenced_arima_p2_d0_q2,residual_acf,39,0.0286711565256406,0.05,False
Austria,2024-11-11,weekly_differenced,weekly_differenced_arima_p2_d0_q2,residual_acf,4,-0.0532320456793719,0.05,True
Austria,2024-11-11,weekly_differenced,weekly_differenced_arima_p2_d0_q2,residual_acf,40,-0.0058061509722126,0.05,False
Austria,2024-11-11,weekly_differenced,weekly_differenced_arima_p2_d0_q2,residual_acf,41,-0.0039595814424616,0.05,False
Austria,2024-11-11,weekly_differenced,weekly_differenced_arima_p2_d0_q2,residual_acf,42,0.0169403216838341,0.05,False
Austria,2024-11-11,weekly_differenced,weekly_differenced_arima_p2_d0_q2,residual_acf,43,0.0118440473137936,0.05,False
Austria,2024-11-11,weekly_differenced,weekly_differenced_arima_p2_d0_q2,residual_acf,44,0.0125667198072503,0.05,False
Austria,2024-11-11,weekly_differenced,weekly_differenced_arima_p2_d0_q2,residual_acf,45,0.0092175482212534,0.05,False
Austria,2024-11-11,weekly_differenced,weekly_differenced_arima_p2_d0_q2,residual_acf,46,0.0343057653016462,0.05,False
Austria,2024-11-11,weekly_differenced,weekly_differenced_arima_p2_d0_q2,residual_acf,47,-0.0029900784214334,0.05,False
Austria,2024-11-11,weekly_differenced,weekly_differenced_arima_p2_d0_q2,residual_acf,48,0.0978675220128725,0.05,True
Austria,2024-11-11,weekly_differenced,weekly_differenced_arima_p2_d0_q2,residual_acf,5,-0.0548070768859121,0.05,True
Austria,2024-11-11,weekly_differenced,weekly_differenced_arima_p2_d0_q2,residual_acf,6,0.0010292519437517,0.05,False
Austria,2024-11-11,weekly_differenced,weekly_differenced_arima_p2_d0_q2,residual_acf,7,-0.0145069565772572,0.05,False
Austria,2024-11-11,weekly_differenced,weekly_differenced_arima_p2_d0_q2,residual_acf,8,0.0089144760884911,0.05,False
Austria,2024-11-11,weekly_differenced,weekly_differenced_arima_p2_d0_q2,residual_acf,9,0.030593481590944,0.05,False
Austria,2024-11-11,weekly_differenced,weekly_differenced_arima_p3_d0_q1,ljung_box_pvalue,24,7.538762603070225e-40,0.01,True
Austria,2024-11-11,weekly_differenced,weekly_differenced_arima_p3_d0_q1,ljung_box_pvalue,48,7.409781737749232e-49,0.01,True
Austria,2024-11-11,weekly_differenced,weekly_differenced_arima_p3_d0_q1,ljung_box_statistic,24,240.963888557586,0.01,True
Austria,2024-11-11,weekly_differenced,weekly_differenced_arima_p3_d0_q1,ljung_box_statistic,48,347.7991591317284,0.01,True
Austria,2024-11-11,weekly_differenced,weekly_differenced_arima_p3_d0_q1,residual_acf,1,0.0078253974469559,0.05,False
Austria,2024-11-11,weekly_differenced,weekly_differenced_arima_p3_d0_q1,residual_acf,10,-0.0170651686182559,0.05,False
Austria,2024-11-11,weekly_differenced,weekly_differenced_arima_p3_d0_q1,residual_acf,11,-0.0428361927780563,0.05,False
Austria,2024-11-11,weekly_differenced,weekly_differenced_arima_p3_d0_q1,residual_acf,12,0.0008945776640615,0.05,False
Austria,2024-11-11,weekly_differenced,weekly_differenced_arima_p3_d0_q1,residual_acf,13,-0.0302650475360734,0.05,False
Austria,2024-11-11,weekly_differenced,weekly_differenced_arima_p3_d0_q1,residual_acf,14,-0.0103180032293671,0.05,False
Austria,2024-11-11,weekly_differenced,weekly_differenced_arima_p3_d0_q1,residual_acf,15,-0.0103361115125685,0.05,False
Austria,2024-11-11,weekly_differenced,weekly_differenced_arima_p3_d0_q1,residual_acf,16,-0.0187367366212525,0.05,False
Austria,2024-11-11,weekly_differenced,weekly_differenced_arima_p3_d0_q1,residual_acf,17,-0.0012030462814593,0.05,False
Austria,2024-11-11,weekly_differenced,weekly_differenced_arima_p3_d0_q1,residual_acf,18,0.0273547759446949,0.05,False
Austria,2024-11-11,weekly_differenced,weekly_differenced_arima_p3_d0_q1,residual_acf,19,0.0181927593250765,0.05,False
Austria,2024-11-11,weekly_differenced,weekly_differenced_arima_p3_d0_q1,residual_acf,2,-0.021564241355764,0.05,False
Austria,2024-11-11,weekly_differenced,weekly_differenced_arima_p3_d0_q1,residual_acf,20,0.0058588439968201,0.05,False
Austria,2024-11-11,weekly_differenced,weekly_differenced_arima_p3_d0_q1,residual_acf,21,-0.0027216384061523,0.05,False
Austria,2024-11-11,weekly_differenced,weekly_differenced_arima_p3_d0_q1,residual_acf,22,0.020071978673509,0.05,False
Austria,2024-11-11,weekly_differenced,weekly_differenced_arima_p3_d0_q1,residual_acf,23,0.0824818291060988,0.05,True
Austria,2024-11-11,weekly_differenced,weekly_differenced_arima_p3_d0_q1,residual_acf,24,0.134012671086746,0.05,True
Austria,2024-11-11,weekly_differenced,weekly_differenced_arima_p3_d0_q1,residual_acf,25,0.0148504690369592,0.05,False
Austria,2024-11-11,weekly_differenced,weekly_differenced_arima_p3_d0_q1,residual_acf,26,-0.0084325264716706,0.05,False
Austria,2024-11-11,weekly_differenced,weekly_differenced_arima_p3_d0_q1,residual_acf,27,0.0111624949971576,0.05,False
Austria,2024-11-11,weekly_differenced,weekly_differenced_arima_p3_d0_q1,residual_acf,28,-0.0041369406660798,0.05,False
Austria,2024-11-11,weekly_differenced,weekly_differenced_arima_p3_d0_q1,residual_acf,29,-0.0390415402284593,0.05,False
Austria,2024-11-11,weekly_differenced,weekly_differenced_arima_p3_d0_q1,residual_acf,3,0.0143568980040869,0.05,False
Austria,2024-11-11,weekly_differenced,weekly_differenced_arima_p3_d0_q1,residual_acf,30,-0.0070816614367074,0.05,False
Austria,2024-11-11,weekly_differenced,weekly_differenced_arima_p3_d0_q1,residual_acf,31,-0.0164802221825362,0.05,False
Austria,2024-11-11,weekly_differenced,weekly_differenced_arima_p3_d0_q1,residual_acf,32,0.0119401390242257,0.05,False
Austria,2024-11-11,weekly_differenced,weekly_differenced_arima_p3_d0_q1,residual_acf,33,-0.0175394578545657,0.05,False
Austria,2024-11-11,weekly_differenced,weekly_differenced_arima_p3_d0_q1,residual_acf,34,0.0103462599030692,0.05,False
Austria,2024-11-11,weekly_differenced,weekly_differenced_arima_p3_d0_q1,residual_acf,35,0.0131656085876366,0.05,False
Austria,2024-11-11,weekly_differenced,weekly_differenced_arima_p3_d0_q1,residual_acf,36,0.009848740215795,0.05,False
Austria,2024-11-11,weekly_differenced,weekly_differenced_arima_p3_d0_q1,residual_acf,37,0.0085480737261992,0.05,False
Austria,2024-11-11,weekly_differenced,weekly_differenced_arima_p3_d0_q1,residual_acf,38,-0.0119621671032542,0.05,False
Austria,2024-11-11,weekly_differenced,weekly_differenced_arima_p3_d0_q1,residual_acf,39,0.0248475821847047,0.05,False
Austria,2024-11-11,weekly_differenced,weekly_differenced_arima_p3_d0_q1,residual_acf,4,0.0039593611704088,0.05,False
Austria,2024-11-11,weekly_differenced,weekly_differenced_arima_p3_d0_q1,residual_acf,40,-0.0080428899452706,0.05,False
Austria,2024-11-11,weekly_differenced,weekly_differenced_arima_p3_d0_q1,residual_acf,41,-0.0059238027954279,0.05,False
Austria,2024-11-11,weekly_differenced,weekly_differenced_arima_p3_d0_q1,residual_acf,42,0.0166282814884216,0.05,False
Austria,2024-11-11,weekly_differenced,weekly_differenced_arima_p3_d0_q1,residual_acf,43,0.0132151359477211,0.05,False
Austria,2024-11-11,weekly_differenced,weekly_differenced_arima_p3_d0_q1,residual_acf,44,0.0133881232050894,0.05,False
Austria,2024-11-11,weekly_differenced,weekly_differenced_arima_p3_d0_q1,residual_acf,45,0.0056631709202147,0.05,False
Austria,2024-11-11,weekly_differenced,weekly_differenced_arima_p3_d0_q1,residual_acf,46,0.0265689855892532,0.05,False
Austria,2024-11-11,weekly_differenced,weekly_differenced_arima_p3_d0_q1,residual_acf,47,-0.007428935373958,0.05,False
Austria,2024-11-11,weekly_differenced,weekly_differenced_arima_p3_d0_q1,residual_acf,48,0.0925879144928493,0.05,True
Austria,2024-11-11,weekly_differenced,weekly_differenced_arima_p3_d0_q1,residual_acf,5,-0.0154411484267604,0.05,False
Austria,2024-11-11,weekly_differenced,weekly_differenced_arima_p3_d0_q1,residual_acf,6,0.0138433532613593,0.05,False
Austria,2024-11-11,weekly_differenced,weekly_differenced_arima_p3_d0_q1,residual_acf,7,-0.0221492965647868,0.05,False
Austria,2024-11-11,weekly_differenced,weekly_differenced_arima_p3_d0_q1,residual_acf,8,-0.0136766155120383,0.05,False
Austria,2024-11-11,weekly_differenced,weekly_differenced_arima_p3_d0_q1,residual_acf,9,0.0001918919064779,0.05,False
Austria,2024-12-25,weekly_differenced,weekly_differenced_arima_p1_d0_q1,ljung_box_pvalue,24,0.0,0.01,True
Austria,2024-12-25,weekly_differenced,weekly_differenced_arima_p1_d0_q1,ljung_box_pvalue,48,0.0,0.01,True
Austria,2024-12-25,weekly_differenced,weekly_differenced_arima_p1_d0_q1,ljung_box_statistic,24,1661.1143021811868,0.01,True
Austria,2024-12-25,weekly_differenced,weekly_differenced_arima_p1_d0_q1,ljung_box_statistic,48,1895.7392039293795,0.01,True
Austria,2024-12-25,weekly_differenced,weekly_differenced_arima_p1_d0_q1,residual_acf,1,0.1794067149096916,0.05,True
Austria,2024-12-25,weekly_differenced,weekly_differenced_arima_p1_d0_q1,residual_acf,10,-0.0178522773863105,0.05,False
Austria,2024-12-25,weekly_differenced,weekly_differenced_arima_p1_d0_q1,residual_acf,11,-0.0412682701466249,0.05,False
Austria,2024-12-25,weekly_differenced,weekly_differenced_arima_p1_d0_q1,residual_acf,12,-0.014535898789959,0.05,False
Austria,2024-12-25,weekly_differenced,weekly_differenced_arima_p1_d0_q1,residual_acf,13,-0.0421065668269131,0.05,False
Austria,2024-12-25,weekly_differenced,weekly_differenced_arima_p1_d0_q1,residual_acf,14,-0.0238255704658943,0.05,False
Austria,2024-12-25,weekly_differenced,weekly_differenced_arima_p1_d0_q1,residual_acf,15,-0.03329622840609,0.05,False
Austria,2024-12-25,weekly_differenced,weekly_differenced_arima_p1_d0_q1,residual_acf,16,-0.0286784732464145,0.05,False
Austria,2024-12-25,weekly_differenced,weekly_differenced_arima_p1_d0_q1,residual_acf,17,-0.022626247766218,0.05,False
Austria,2024-12-25,weekly_differenced,weekly_differenced_arima_p1_d0_q1,residual_acf,18,0.0037040492009592,0.05,False
Austria,2024-12-25,weekly_differenced,weekly_differenced_arima_p1_d0_q1,residual_acf,19,-0.0040326856590049,0.05,False
Austria,2024-12-25,weekly_differenced,weekly_differenced_arima_p1_d0_q1,residual_acf,2,0.2521392005823944,0.05,True
Austria,2024-12-25,weekly_differenced,weekly_differenced_arima_p1_d0_q1,residual_acf,20,0.0057138480879192,0.05,False
Austria,2024-12-25,weekly_differenced,weekly_differenced_arima_p1_d0_q1,residual_acf,21,0.0149824465810247,0.05,False
Austria,2024-12-25,weekly_differenced,weekly_differenced_arima_p1_d0_q1,residual_acf,22,0.0742544269602558,0.05,True
Austria,2024-12-25,weekly_differenced,weekly_differenced_arima_p1_d0_q1,residual_acf,23,0.1037074344815293,0.05,True
Austria,2024-12-25,weekly_differenced,weekly_differenced_arima_p1_d0_q1,residual_acf,24,0.1613118980248529,0.05,True
Austria,2024-12-25,weekly_differenced,weekly_differenced_arima_p1_d0_q1,residual_acf,25,0.0519850431155291,0.05,True
Austria,2024-12-25,weekly_differenced,weekly_differenced_arima_p1_d0_q1,residual_acf,26,0.0259883723741134,0.05,False
Austria,2024-12-25,weekly_differenced,weekly_differenced_arima_p1_d0_q1,residual_acf,27,-0.0226791121828727,0.05,False
Austria,2024-12-25,weekly_differenced,weekly_differenced_arima_p1_d0_q1,residual_acf,28,-0.0326391017289055,0.05,False
Austria,2024-12-25,weekly_differenced,weekly_differenced_arima_p1_d0_q1,residual_acf,29,-0.0673951736026775,0.05,True
Austria,2024-12-25,weekly_differenced,weekly_differenced_arima_p1_d0_q1,residual_acf,3,-0.0835153334621298,0.05,True
Austria,2024-12-25,weekly_differenced,weekly_differenced_arima_p1_d0_q1,residual_acf,30,-0.0321425427451256,0.05,False
Austria,2024-12-25,weekly_differenced,weekly_differenced_arima_p1_d0_q1,residual_acf,31,-0.0463187308785267,0.05,False
Austria,2024-12-25,weekly_differenced,weekly_differenced_arima_p1_d0_q1,residual_acf,32,-0.0022076675953564,0.05,False
Austria,2024-12-25,weekly_differenced,weekly_differenced_arima_p1_d0_q1,residual_acf,33,-0.0160697254939444,0.05,False
Austria,2024-12-25,weekly_differenced,weekly_differenced_arima_p1_d0_q1,residual_acf,34,0.0135820442241298,0.05,False
Austria,2024-12-25,weekly_differenced,weekly_differenced_arima_p1_d0_q1,residual_acf,35,0.0138284173192926,0.05,False
Austria,2024-12-25,weekly_differenced,weekly_differenced_arima_p1_d0_q1,residual_acf,36,0.0099086250363162,0.05,False
Austria,2024-12-25,weekly_differenced,weekly_differenced_arima_p1_d0_q1,residual_acf,37,0.0132891076973034,0.05,False
Austria,2024-12-25,weekly_differenced,weekly_differenced_arima_p1_d0_q1,residual_acf,38,-0.0111322619843056,0.05,False
Austria,2024-12-25,weekly_differenced,weekly_differenced_arima_p1_d0_q1,residual_acf,39,0.0102086396424541,0.05,False
Austria,2024-12-25,weekly_differenced,weekly_differenced_arima_p1_d0_q1,residual_acf,4,-0.0550412925593743,0.05,True
Austria,2024-12-25,weekly_differenced,weekly_differenced_arima_p1_d0_q1,residual_acf,40,-0.0161803459353373,0.05,False
Austria,2024-12-25,weekly_differenced,weekly_differenced_arima_p1_d0_q1,residual_acf,41,-0.0125126227283147,0.05,False
Austria,2024-12-25,weekly_differenced,weekly_differenced_arima_p1_d0_q1,residual_acf,42,0.0011046082893965,0.05,False
Austria,2024-12-25,weekly_differenced,weekly_differenced_arima_p1_d0_q1,residual_acf,43,0.0018337720099064,0.05,False
Austria,2024-12-25,weekly_differenced,weekly_differenced_arima_p1_d0_q1,residual_acf,44,0.0163846234637385,0.05,False
Austria,2024-12-25,weekly_differenced,weekly_differenced_arima_p1_d0_q1,residual_acf,45,0.0064076623827536,0.05,False
Austria,2024-12-25,weekly_differenced,weekly_differenced_arima_p1_d0_q1,residual_acf,46,0.05419151117359,0.05,True
Austria,2024-12-25,weekly_differenced,weekly_differenced_arima_p1_d0_q1,residual_acf,47,0.0181411436743165,0.05,False
Austria,2024-12-25,weekly_differenced,weekly_differenced_arima_p1_d0_q1,residual_acf,48,0.0962727574780221,0.05,True
Austria,2024-12-25,weekly_differenced,weekly_differenced_arima_p1_d0_q1,residual_acf,5,-0.1490074121441813,0.05,True
Austria,2024-12-25,weekly_differenced,weekly_differenced_arima_p1_d0_q1,residual_acf,6,-0.0705235215710881,0.05,True
Austria,2024-12-25,weekly_differenced,weekly_differenced_arima_p1_d0_q1,residual_acf,7,-0.0888087210784771,0.05,True
Austria,2024-12-25,weekly_differenced,weekly_differenced_arima_p1_d0_q1,residual_acf,8,-0.0355729179970336,0.05,False
Austria,2024-12-25,weekly_differenced,weekly_differenced_arima_p1_d0_q1,residual_acf,9,-0.027428830114816,0.05,False
Austria,2024-12-25,weekly_differenced,weekly_differenced_arima_p2_d0_q0,ljung_box_pvalue,24,2.1650239012571263e-136,0.01,True
Austria,2024-12-25,weekly_differenced,weekly_differenced_arima_p2_d0_q0,ljung_box_pvalue,48,1.0834706710385417e-155,0.01,True
Austria,2024-12-25,weekly_differenced,weekly_differenced_arima_p2_d0_q0,ljung_box_statistic,24,712.1079121052925,0.01,True
Austria,2024-12-25,weekly_differenced,weekly_differenced_arima_p2_d0_q0,ljung_box_statistic,48,884.8609022232789,0.01,True
Austria,2024-12-25,weekly_differenced,weekly_differenced_arima_p2_d0_q0,residual_acf,1,0.1195601558149496,0.05,True
Austria,2024-12-25,weekly_differenced,weekly_differenced_arima_p2_d0_q0,residual_acf,10,0.0352999403259042,0.05,False
Austria,2024-12-25,weekly_differenced,weekly_differenced_arima_p2_d0_q0,residual_acf,11,0.0116044271076769,0.05,False
Austria,2024-12-25,weekly_differenced,weekly_differenced_arima_p2_d0_q0,residual_acf,12,0.035130698147036,0.05,False
Austria,2024-12-25,weekly_differenced,weekly_differenced_arima_p2_d0_q0,residual_acf,13,0.0118108745084425,0.05,False
Austria,2024-12-25,weekly_differenced,weekly_differenced_arima_p2_d0_q0,residual_acf,14,0.0226068113031559,0.05,False
Austria,2024-12-25,weekly_differenced,weekly_differenced_arima_p2_d0_q0,residual_acf,15,0.0184735164686488,0.05,False
Austria,2024-12-25,weekly_differenced,weekly_differenced_arima_p2_d0_q0,residual_acf,16,0.0051142907356786,0.05,False
Austria,2024-12-25,weekly_differenced,weekly_differenced_arima_p2_d0_q0,residual_acf,17,0.0171124072651038,0.05,False
Austria,2024-12-25,weekly_differenced,weekly_differenced_arima_p2_d0_q0,residual_acf,18,0.0425162748405367,0.05,False
Austria,2024-12-25,weekly_differenced,weekly_differenced_arima_p2_d0_q0,residual_acf,19,0.0240069605589433,0.05,False
Austria,2024-12-25,weekly_differenced,weekly_differenced_arima_p2_d0_q0,residual_acf,2,-0.0533535817737606,0.05,True
Austria,2024-12-25,weekly_differenced,weekly_differenced_arima_p2_d0_q0,residual_acf,20,-4.397682947715793e-06,0.05,False
Austria,2024-12-25,weekly_differenced,weekly_differenced_arima_p2_d0_q0,residual_acf,21,-0.0036276638275981,0.05,False
Austria,2024-12-25,weekly_differenced,weekly_differenced_arima_p2_d0_q0,residual_acf,22,0.0352458377405614,0.05,False
Austria,2024-12-25,weekly_differenced,weekly_differenced_arima_p2_d0_q0,residual_acf,23,0.1015738450964948,0.05,True
Austria,2024-12-25,weekly_differenced,weekly_differenced_arima_p2_d0_q0,residual_acf,24,0.1626911449504936,0.05,True
Austria,2024-12-25,weekly_differenced,weekly_differenced_arima_p2_d0_q0,residual_acf,25,0.0372904186437052,0.05,False
Austria,2024-12-25,weekly_differenced,weekly_differenced_arima_p2_d0_q0,residual_acf,26,-0.0004368770889369,0.05,False
Austria,2024-12-25,weekly_differenced,weekly_differenced_arima_p2_d0_q0,residual_acf,27,0.003340898320154,0.05,False
Austria,2024-12-25,weekly_differenced,weekly_differenced_arima_p2_d0_q0,residual_acf,28,-0.0070619004743931,0.05,False
Austria,2024-12-25,weekly_differenced,weekly_differenced_arima_p2_d0_q0,residual_acf,29,-0.0252570584520701,0.05,False
Austria,2024-12-25,weekly_differenced,weekly_differenced_arima_p2_d0_q0,residual_acf,3,-0.0817382478474531,0.05,True
Austria,2024-12-25,weekly_differenced,weekly_differenced_arima_p2_d0_q0,residual_acf,30,0.0054521458940229,0.05,False
Austria,2024-12-25,weekly_differenced,weekly_differenced_arima_p2_d0_q0,residual_acf,31,0.0017651478901411,0.05,False
Austria,2024-12-25,weekly_differenced,weekly_differenced_arima_p2_d0_q0,residual_acf,32,0.0291318224596695,0.05,False
Austria,2024-12-25,weekly_differenced,weekly_differenced_arima_p2_d0_q0,residual_acf,33,0.0116966354533253,0.05,False
Austria,2024-12-25,weekly_differenced,weekly_differenced_arima_p2_d0_q0,residual_acf,34,0.0309528050544386,0.05,False
Austria,2024-12-25,weekly_differenced,weekly_differenced_arima_p2_d0_q0,residual_acf,35,0.0336329392732905,0.05,False
Austria,2024-12-25,weekly_differenced,weekly_differenced_arima_p2_d0_q0,residual_acf,36,0.026005356633314,0.05,False
Austria,2024-12-25,weekly_differenced,weekly_differenced_arima_p2_d0_q0,residual_acf,37,0.0231890007378774,0.05,False
Austria,2024-12-25,weekly_differenced,weekly_differenced_arima_p2_d0_q0,residual_acf,38,0.0044287103068258,0.05,False
Austria,2024-12-25,weekly_differenced,weekly_differenced_arima_p2_d0_q0,residual_acf,39,0.0310163119711744,0.05,False
Austria,2024-12-25,weekly_differenced,weekly_differenced_arima_p2_d0_q0,residual_acf,4,-0.07913228724002,0.05,True
Austria,2024-12-25,weekly_differenced,weekly_differenced_arima_p2_d0_q0,residual_acf,40,0.0021032024132678,0.05,False
Austria,2024-12-25,weekly_differenced,weekly_differenced_arima_p2_d0_q0,residual_acf,41,-0.0016010344172007,0.05,False
Austria,2024-12-25,weekly_differenced,weekly_differenced_arima_p2_d0_q0,residual_acf,42,0.0186509131468779,0.05,False
Austria,2024-12-25,weekly_differenced,weekly_differenced_arima_p2_d0_q0,residual_acf,43,0.0194475053523842,0.05,False
Austria,2024-12-25,weekly_differenced,weekly_differenced_arima_p2_d0_q0,residual_acf,44,0.0121770621099058,0.05,False
Austria,2024-12-25,weekly_differenced,weekly_differenced_arima_p2_d0_q0,residual_acf,45,0.0098250999945145,0.05,False
Austria,2024-12-25,weekly_differenced,weekly_differenced_arima_p2_d0_q0,residual_acf,46,0.0313573433319535,0.05,False
Austria,2024-12-25,weekly_differenced,weekly_differenced_arima_p2_d0_q0,residual_acf,47,0.0167987526304678,0.05,False
Austria,2024-12-25,weekly_differenced,weekly_differenced_arima_p2_d0_q0,residual_acf,48,0.1014781383978854,0.05,True
Austria,2024-12-25,weekly_differenced,weekly_differenced_arima_p2_d0_q0,residual_acf,5,-0.0548765479456357,0.05,True
Austria,2024-12-25,weekly_differenced,weekly_differenced_arima_p2_d0_q0,residual_acf,6,0.0111637999637785,0.05,False
Austria,2024-12-25,weekly_differenced,weekly_differenced_arima_p2_d0_q0,residual_acf,7,0.012130713555338,0.05,False
Austria,2024-12-25,weekly_differenced,weekly_differenced_arima_p2_d0_q0,residual_acf,8,0.0375442510736571,0.05,False
Austria,2024-12-25,weekly_differenced,weekly_differenced_arima_p2_d0_q0,residual_acf,9,0.0575787124736269,0.05,True
Austria,2024-12-25,weekly_differenced,weekly_differenced_arima_p2_d0_q1,ljung_box_pvalue,24,1.2286790103057552e-70,0.01,True
Austria,2024-12-25,weekly_differenced,weekly_differenced_arima_p2_d0_q1,ljung_box_pvalue,48,1.3404549293825325e-87,0.01,True
Austria,2024-12-25,weekly_differenced,weekly_differenced_arima_p2_d0_q1,ljung_box_statistic,24,394.5755584648056,0.01,True
Austria,2024-12-25,weekly_differenced,weekly_differenced_arima_p2_d0_q1,ljung_box_statistic,48,547.7299957036506,0.01,True
Austria,2024-12-25,weekly_differenced,weekly_differenced_arima_p2_d0_q1,residual_acf,1,0.0104650180233934,0.05,False
Austria,2024-12-25,weekly_differenced,weekly_differenced_arima_p2_d0_q1,residual_acf,10,0.0194781031111077,0.05,False
Austria,2024-12-25,weekly_differenced,weekly_differenced_arima_p2_d0_q1,residual_acf,11,-0.0039407062647471,0.05,False
Austria,2024-12-25,weekly_differenced,weekly_differenced_arima_p2_d0_q1,residual_acf,12,0.0269556734785393,0.05,False
Austria,2024-12-25,weekly_differenced,weekly_differenced_arima_p2_d0_q1,residual_acf,13,-0.0034119461551784,0.05,False
Austria,2024-12-25,weekly_differenced,weekly_differenced_arima_p2_d0_q1,residual_acf,14,0.0131191495076456,0.05,False
Austria,2024-12-25,weekly_differenced,weekly_differenced_arima_p2_d0_q1,residual_acf,15,0.0085381348291571,0.05,False
Austria,2024-12-25,weekly_differenced,weekly_differenced_arima_p2_d0_q1,residual_acf,16,-0.0022828780769952,0.05,False
Austria,2024-12-25,weekly_differenced,weekly_differenced_arima_p2_d0_q1,residual_acf,17,0.0071662539343833,0.05,False
Austria,2024-12-25,weekly_differenced,weekly_differenced_arima_p2_d0_q1,residual_acf,18,0.0330778580776702,0.05,False
Austria,2024-12-25,weekly_differenced,weekly_differenced_arima_p2_d0_q1,residual_acf,19,0.0173996185591154,0.05,False
Austria,2024-12-25,weekly_differenced,weekly_differenced_arima_p2_d0_q1,residual_acf,2,0.0348519190554259,0.05,False
Austria,2024-12-25,weekly_differenced,weekly_differenced_arima_p2_d0_q1,residual_acf,20,0.0043841213728522,0.05,False
Austria,2024-12-25,weekly_differenced,weekly_differenced_arima_p2_d0_q1,residual_acf,21,0.0040870542202474,0.05,False
Austria,2024-12-25,weekly_differenced,weekly_differenced_arima_p2_d0_q1,residual_acf,22,0.0388639075928605,0.05,False
Austria,2024-12-25,weekly_differenced,weekly_differenced_arima_p2_d0_q1,residual_acf,23,0.0817932508398812,0.05,True
Austria,2024-12-25,weekly_differenced,weekly_differenced_arima_p2_d0_q1,residual_acf,24,0.152023352487182,0.05,True
Austria,2024-12-25,weekly_differenced,weekly_differenced_arima_p2_d0_q1,residual_acf,25,0.0252193150440732,0.05,False
Austria,2024-12-25,weekly_differenced,weekly_differenced_arima_p2_d0_q1,residual_acf,26,0.0069343641262794,0.05,False
Austria,2024-12-25,weekly_differenced,weekly_differenced_arima_p2_d0_q1,residual_acf,27,0.0040226162234743,0.05,False
Austria,2024-12-25,weekly_differenced,weekly_differenced_arima_p2_d0_q1,residual_acf,28,-0.0069808593974081,0.05,False
Austria,2024-12-25,weekly_differenced,weekly_differenced_arima_p2_d0_q1,residual_acf,29,-0.0311815135472919,0.05,False
Austria,2024-12-25,weekly_differenced,weekly_differenced_arima_p2_d0_q1,residual_acf,3,-0.0457415093789587,0.05,False
Austria,2024-12-25,weekly_differenced,weekly_differenced_arima_p2_d0_q1,residual_acf,30,0.0037564175075494,0.05,False
Austria,2024-12-25,weekly_differenced,weekly_differenced_arima_p2_d0_q1,residual_acf,31,-0.0111822727093414,0.05,False
Austria,2024-12-25,weekly_differenced,weekly_differenced_arima_p2_d0_q1,residual_acf,32,0.0244110384678884,0.05,False
Austria,2024-12-25,weekly_differenced,weekly_differenced_arima_p2_d0_q1,residual_acf,33,0.0007720707005544,0.05,False
Austria,2024-12-25,weekly_differenced,weekly_differenced_arima_p2_d0_q1,residual_acf,34,0.0253455480076853,0.05,False
Austria,2024-12-25,weekly_differenced,weekly_differenced_arima_p2_d0_q1,residual_acf,35,0.0255316336383744,0.05,False
Austria,2024-12-25,weekly_differenced,weekly_differenced_arima_p2_d0_q1,residual_acf,36,0.0183642788498337,0.05,False
Austria,2024-12-25,weekly_differenced,weekly_differenced_arima_p2_d0_q1,residual_acf,37,0.0217668207519207,0.05,False
Austria,2024-12-25,weekly_differenced,weekly_differenced_arima_p2_d0_q1,residual_acf,38,-0.0035696802856822,0.05,False
Austria,2024-12-25,weekly_differenced,weekly_differenced_arima_p2_d0_q1,residual_acf,39,0.0298166233602945,0.05,False
Austria,2024-12-25,weekly_differenced,weekly_differenced_arima_p2_d0_q1,residual_acf,4,-0.0557152905394325,0.05,True
Austria,2024-12-25,weekly_differenced,weekly_differenced_arima_p2_d0_q1,residual_acf,40,-0.002994261304929,0.05,False
Austria,2024-12-25,weekly_differenced,weekly_differenced_arima_p2_d0_q1,residual_acf,41,-0.0031506934434205,0.05,False
Austria,2024-12-25,weekly_differenced,weekly_differenced_arima_p2_d0_q1,residual_acf,42,0.0155406166361029,0.05,False
Austria,2024-12-25,weekly_differenced,weekly_differenced_arima_p2_d0_q1,residual_acf,43,0.0150114896465091,0.05,False
Austria,2024-12-25,weekly_differenced,weekly_differenced_arima_p2_d0_q1,residual_acf,44,0.0125879029149567,0.05,False
Austria,2024-12-25,weekly_differenced,weekly_differenced_arima_p2_d0_q1,residual_acf,45,0.0075137647891215,0.05,False
Austria,2024-12-25,weekly_differenced,weekly_differenced_arima_p2_d0_q1,residual_acf,46,0.0387154051528568,0.05,False
Austria,2024-12-25,weekly_differenced,weekly_differenced_arima_p2_d0_q1,residual_acf,47,0.0019896377244746,0.05,False
Austria,2024-12-25,weekly_differenced,weekly_differenced_arima_p2_d0_q1,residual_acf,48,0.1000151836849461,0.05,True
Austria,2024-12-25,weekly_differenced,weekly_differenced_arima_p2_d0_q1,residual_acf,5,-0.0576219671412256,0.05,True
Austria,2024-12-25,weekly_differenced,weekly_differenced_arima_p2_d0_q1,residual_acf,6,0.0014063192936215,0.05,False
Austria,2024-12-25,weekly_differenced,weekly_differenced_arima_p2_d0_q1,residual_acf,7,-0.0102995579143154,0.05,False
Austria,2024-12-25,weekly_differenced,weekly_differenced_arima_p2_d0_q1,residual_acf,8,0.0161728366476274,0.05,False
Austria,2024-12-25,weekly_differenced,weekly_differenced_arima_p2_d0_q1,residual_acf,9,0.0355817305832001,0.05,False
Austria,2024-12-25,weekly_differenced,weekly_differenced_arima_p2_d0_q2,ljung_box_pvalue,24,3.0569999892683048e-61,0.01,True
Austria,2024-12-25,weekly_differenced,weekly_differenced_arima_p2_d0_q2,ljung_box_pvalue,48,1.3140564180138467e-76,0.01,True
Austria,2024-12-25,weekly_differenced,weekly_differenced_arima_p2_d0_q2,ljung_box_statistic,24,345.9391498147967,0.01,True
Austria,2024-12-25,weekly_differenced,weekly_differenced_arima_p2_d0_q2,ljung_box_statistic,48,489.909976030548,0.01,True
Austria,2024-12-25,weekly_differenced,weekly_differenced_arima_p2_d0_q2,residual_acf,1,0.0033163086901773,0.05,False
Austria,2024-12-25,weekly_differenced,weekly_differenced_arima_p2_d0_q2,residual_acf,10,0.0116984564653883,0.05,False
Austria,2024-12-25,weekly_differenced,weekly_differenced_arima_p2_d0_q2,residual_acf,11,-0.0090839972278293,0.05,False
Austria,2024-12-25,weekly_differenced,weekly_differenced_arima_p2_d0_q2,residual_acf,12,0.023731286604031,0.05,False
Austria,2024-12-25,weekly_differenced,weekly_differenced_arima_p2_d0_q2,residual_acf,13,-0.0073822505169449,0.05,False
Austria,2024-12-25,weekly_differenced,weekly_differenced_arima_p2_d0_q2,residual_acf,14,0.0083830699117845,0.05,False
Austria,2024-12-25,weekly_differenced,weekly_differenced_arima_p2_d0_q2,residual_acf,15,0.0075438420860994,0.05,False
Austria,2024-12-25,weekly_differenced,weekly_differenced_arima_p2_d0_q2,residual_acf,16,-0.006716956300342,0.05,False
Austria,2024-12-25,weekly_differenced,weekly_differenced_arima_p2_d0_q2,residual_acf,17,0.0037606357848809,0.05,False
Austria,2024-12-25,weekly_differenced,weekly_differenced_arima_p2_d0_q2,residual_acf,18,0.0311798155320232,0.05,False
Austria,2024-12-25,weekly_differenced,weekly_differenced_arima_p2_d0_q2,residual_acf,19,0.0165905781037934,0.05,False
Austria,2024-12-25,weekly_differenced,weekly_differenced_arima_p2_d0_q2,residual_acf,2,0.0053421308606752,0.05,False
Austria,2024-12-25,weekly_differenced,weekly_differenced_arima_p2_d0_q2,residual_acf,20,0.0052301042427303,0.05,False
Austria,2024-12-25,weekly_differenced,weekly_differenced_arima_p2_d0_q2,residual_acf,21,0.0090015669856215,0.05,False
Austria,2024-12-25,weekly_differenced,weekly_differenced_arima_p2_d0_q2,residual_acf,22,0.0347161569564998,0.05,False
Austria,2024-12-25,weekly_differenced,weekly_differenced_arima_p2_d0_q2,residual_acf,23,0.0792779112293365,0.05,True
Austria,2024-12-25,weekly_differenced,weekly_differenced_arima_p2_d0_q2,residual_acf,24,0.1499961355074771,0.05,True
Austria,2024-12-25,weekly_differenced,weekly_differenced_arima_p2_d0_q2,residual_acf,25,0.0216419771281728,0.05,False
Austria,2024-12-25,weekly_differenced,weekly_differenced_arima_p2_d0_q2,residual_acf,26,0.0035383590308861,0.05,False
Austria,2024-12-25,weekly_differenced,weekly_differenced_arima_p2_d0_q2,residual_acf,27,0.010341688365897,0.05,False
Austria,2024-12-25,weekly_differenced,weekly_differenced_arima_p2_d0_q2,residual_acf,28,-0.008272724537048,0.05,False
Austria,2024-12-25,weekly_differenced,weekly_differenced_arima_p2_d0_q2,residual_acf,29,-0.0319594646801398,0.05,False
Austria,2024-12-25,weekly_differenced,weekly_differenced_arima_p2_d0_q2,residual_acf,3,0.0069531795497868,0.05,False
Austria,2024-12-25,weekly_differenced,weekly_differenced_arima_p2_d0_q2,residual_acf,30,0.0012372340848072,0.05,False
Austria,2024-12-25,weekly_differenced,weekly_differenced_arima_p2_d0_q2,residual_acf,31,-0.0123711239397112,0.05,False
Austria,2024-12-25,weekly_differenced,weekly_differenced_arima_p2_d0_q2,residual_acf,32,0.020597918494362,0.05,False
Austria,2024-12-25,weekly_differenced,weekly_differenced_arima_p2_d0_q2,residual_acf,33,-0.0016314147076174,0.05,False
Austria,2024-12-25,weekly_differenced,weekly_differenced_arima_p2_d0_q2,residual_acf,34,0.0220540727852491,0.05,False
Austria,2024-12-25,weekly_differenced,weekly_differenced_arima_p2_d0_q2,residual_acf,35,0.0234487916052838,0.05,False
Austria,2024-12-25,weekly_differenced,weekly_differenced_arima_p2_d0_q2,residual_acf,36,0.0169267398040496,0.05,False
Austria,2024-12-25,weekly_differenced,weekly_differenced_arima_p2_d0_q2,residual_acf,37,0.0192832367556481,0.05,False
Austria,2024-12-25,weekly_differenced,weekly_differenced_arima_p2_d0_q2,residual_acf,38,-0.0050872679020668,0.05,False
Austria,2024-12-25,weekly_differenced,weekly_differenced_arima_p2_d0_q2,residual_acf,39,0.0294364941972399,0.05,False
Austria,2024-12-25,weekly_differenced,weekly_differenced_arima_p2_d0_q2,residual_acf,4,-0.0551833484712017,0.05,True
Austria,2024-12-25,weekly_differenced,weekly_differenced_arima_p2_d0_q2,residual_acf,40,-0.0033259416728638,0.05,False
Austria,2024-12-25,weekly_differenced,weekly_differenced_arima_p2_d0_q2,residual_acf,41,-0.0057834209355891,0.05,False
Austria,2024-12-25,weekly_differenced,weekly_differenced_arima_p2_d0_q2,residual_acf,42,0.0157971866190247,0.05,False
Austria,2024-12-25,weekly_differenced,weekly_differenced_arima_p2_d0_q2,residual_acf,43,0.0153003884912679,0.05,False
Austria,2024-12-25,weekly_differenced,weekly_differenced_arima_p2_d0_q2,residual_acf,44,0.0098734023830464,0.05,False
Austria,2024-12-25,weekly_differenced,weekly_differenced_arima_p2_d0_q2,residual_acf,45,0.0116085233869107,0.05,False
Austria,2024-12-25,weekly_differenced,weekly_differenced_arima_p2_d0_q2,residual_acf,46,0.0359065991052117,0.05,False
Austria,2024-12-25,weekly_differenced,weekly_differenced_arima_p2_d0_q2,residual_acf,47,-0.0001795349643272,0.05,False
Austria,2024-12-25,weekly_differenced,weekly_differenced_arima_p2_d0_q2,residual_acf,48,0.0985627600717639,0.05,True
Austria,2024-12-25,weekly_differenced,weekly_differenced_arima_p2_d0_q2,residual_acf,5,-0.0565345489128965,0.05,True
Austria,2024-12-25,weekly_differenced,weekly_differenced_arima_p2_d0_q2,residual_acf,6,1.334951155221259e-05,0.05,False
Austria,2024-12-25,weekly_differenced,weekly_differenced_arima_p2_d0_q2,residual_acf,7,-0.0175831089217113,0.05,False
Austria,2024-12-25,weekly_differenced,weekly_differenced_arima_p2_d0_q2,residual_acf,8,0.0061214052845966,0.05,False
Austria,2024-12-25,weekly_differenced,weekly_differenced_arima_p2_d0_q2,residual_acf,9,0.0312676260575353,0.05,False
Austria,2024-12-25,weekly_differenced,weekly_differenced_arima_p3_d0_q1,ljung_box_pvalue,24,3.9502245465169497e-50,0.01,True
Austria,2024-12-25,weekly_differenced,weekly_differenced_arima_p3_d0_q1,ljung_box_pvalue,48,9.845927373251659e-60,0.01,True
Austria,2024-12-25,weekly_differenced,weekly_differenced_arima_p3_d0_q1,ljung_box_statistic,24,291.7214822801406,0.01,True
Austria,2024-12-25,weekly_differenced,weekly_differenced_arima_p3_d0_q1,ljung_box_statistic,48,404.1576308301732,0.01,True
Austria,2024-12-25,weekly_differenced,weekly_differenced_arima_p3_d0_q1,residual_acf,1,0.0094384201196663,0.05,False
Austria,2024-12-25,weekly_differenced,weekly_differenced_arima_p3_d0_q1,residual_acf,10,-0.0225880746923033,0.05,False
Austria,2024-12-25,weekly_differenced,weekly_differenced_arima_p3_d0_q1,residual_acf,11,-0.042714025501196,0.05,False
Austria,2024-12-25,weekly_differenced,weekly_differenced_arima_p3_d0_q1,residual_acf,12,-0.0067171848228001,0.05,False
Austria,2024-12-25,weekly_differenced,weekly_differenced_arima_p3_d0_q1,residual_acf,13,-0.0306924860003017,0.05,False
Austria,2024-12-25,weekly_differenced,weekly_differenced_arima_p3_d0_q1,residual_acf,14,-0.0117587973019127,0.05,False
Austria,2024-12-25,weekly_differenced,weekly_differenced_arima_p3_d0_q1,residual_acf,15,-0.0112556535404356,0.05,False
Austria,2024-12-25,weekly_differenced,weekly_differenced_arima_p3_d0_q1,residual_acf,16,-0.0224528552382333,0.05,False
Austria,2024-12-25,weekly_differenced,weekly_differenced_arima_p3_d0_q1,residual_acf,17,-0.0065051665383401,0.05,False
Austria,2024-12-25,weekly_differenced,weekly_differenced_arima_p3_d0_q1,residual_acf,18,0.0284946353319751,0.05,False
Austria,2024-12-25,weekly_differenced,weekly_differenced_arima_p3_d0_q1,residual_acf,19,0.0183260874482135,0.05,False
Austria,2024-12-25,weekly_differenced,weekly_differenced_arima_p3_d0_q1,residual_acf,2,-0.0217813429432553,0.05,False
Austria,2024-12-25,weekly_differenced,weekly_differenced_arima_p3_d0_q1,residual_acf,20,0.0037723961089684,0.05,False
Austria,2024-12-25,weekly_differenced,weekly_differenced_arima_p3_d0_q1,residual_acf,21,-0.0005644532955984,0.05,False
Austria,2024-12-25,weekly_differenced,weekly_differenced_arima_p3_d0_q1,residual_acf,22,0.0248828345548739,0.05,False
Austria,2024-12-25,weekly_differenced,weekly_differenced_arima_p3_d0_q1,residual_acf,23,0.074521545120348,0.05,True
Austria,2024-12-25,weekly_differenced,weekly_differenced_arima_p3_d0_q1,residual_acf,24,0.1428143159417023,0.05,True
Austria,2024-12-25,weekly_differenced,weekly_differenced_arima_p3_d0_q1,residual_acf,25,0.0120096526118793,0.05,False
Austria,2024-12-25,weekly_differenced,weekly_differenced_arima_p3_d0_q1,residual_acf,26,-0.0058439340471874,0.05,False
Austria,2024-12-25,weekly_differenced,weekly_differenced_arima_p3_d0_q1,residual_acf,27,0.0089508594783264,0.05,False
Austria,2024-12-25,weekly_differenced,weekly_differenced_arima_p3_d0_q1,residual_acf,28,-0.0030800602031082,0.05,False
Austria,2024-12-25,weekly_differenced,weekly_differenced_arima_p3_d0_q1,residual_acf,29,-0.0306026877172995,0.05,False
Austria,2024-12-25,weekly_differenced,weekly_differenced_arima_p3_d0_q1,residual_acf,3,0.0104387746962172,0.05,False
Austria,2024-12-25,weekly_differenced,weekly_differenced_arima_p3_d0_q1,residual_acf,30,-0.0023934085705393,0.05,False
Austria,2024-12-25,weekly_differenced,weekly_differenced_arima_p3_d0_q1,residual_acf,31,-0.0182576814997772,0.05,False
Austria,2024-12-25,weekly_differenced,weekly_differenced_arima_p3_d0_q1,residual_acf,32,0.0090590282726973,0.05,False
Austria,2024-12-25,weekly_differenced,weekly_differenced_arima_p3_d0_q1,residual_acf,33,-0.0160120309684967,0.05,False
Austria,2024-12-25,weekly_differenced,weekly_differenced_arima_p3_d0_q1,residual_acf,34,0.0065106059629408,0.05,False
Austria,2024-12-25,weekly_differenced,weekly_differenced_arima_p3_d0_q1,residual_acf,35,0.0098869910940724,0.05,False
Austria,2024-12-25,weekly_differenced,weekly_differenced_arima_p3_d0_q1,residual_acf,36,0.0046136732230029,0.05,False
Austria,2024-12-25,weekly_differenced,weekly_differenced_arima_p3_d0_q1,residual_acf,37,0.0075303316095814,0.05,False
Austria,2024-12-25,weekly_differenced,weekly_differenced_arima_p3_d0_q1,residual_acf,38,-0.0119443021355022,0.05,False
Austria,2024-12-25,weekly_differenced,weekly_differenced_arima_p3_d0_q1,residual_acf,39,0.0244267454938331,0.05,False
Austria,2024-12-25,weekly_differenced,weekly_differenced_arima_p3_d0_q1,residual_acf,4,0.0037391619793462,0.05,False
Austria,2024-12-25,weekly_differenced,weekly_differenced_arima_p3_d0_q1,residual_acf,40,-0.0066578013531408,0.05,False
Austria,2024-12-25,weekly_differenced,weekly_differenced_arima_p3_d0_q1,residual_acf,41,-0.0081934965533451,0.05,False
Austria,2024-12-25,weekly_differenced,weekly_differenced_arima_p3_d0_q1,residual_acf,42,0.0152218622405542,0.05,False
Austria,2024-12-25,weekly_differenced,weekly_differenced_arima_p3_d0_q1,residual_acf,43,0.0163303858179032,0.05,False
Austria,2024-12-25,weekly_differenced,weekly_differenced_arima_p3_d0_q1,residual_acf,44,0.0101969164039862,0.05,False
Austria,2024-12-25,weekly_differenced,weekly_differenced_arima_p3_d0_q1,residual_acf,45,0.0064603403643166,0.05,False
Austria,2024-12-25,weekly_differenced,weekly_differenced_arima_p3_d0_q1,residual_acf,46,0.0271279375955489,0.05,False
Austria,2024-12-25,weekly_differenced,weekly_differenced_arima_p3_d0_q1,residual_acf,47,-0.0049185506413169,0.05,False
Austria,2024-12-25,weekly_differenced,weekly_differenced_arima_p3_d0_q1,residual_acf,48,0.0928203904520025,0.05,True
Austria,2024-12-25,weekly_differenced,weekly_differenced_arima_p3_d0_q1,residual_acf,5,-0.0127770427441603,0.05,False
Austria,2024-12-25,weekly_differenced,weekly_differenced_arima_p3_d0_q1,residual_acf,6,0.016856476796547,0.05,False
Austria,2024-12-25,weekly_differenced,weekly_differenced_arima_p3_d0_q1,residual_acf,7,-0.0223421776431551,0.05,False
Austria,2024-12-25,weekly_differenced,weekly_differenced_arima_p3_d0_q1,residual_acf,8,-0.0156977030490928,0.05,False
Austria,2024-12-25,weekly_differenced,weekly_differenced_arima_p3_d0_q1,residual_acf,9,-0.0005449767332008,0.05,False
Germany,2024-01-08,weekly_differenced,weekly_differenced_arima_p1_d0_q1,ljung_box_pvalue,24,0.2262038853632748,0.01,False
Germany,2024-01-08,weekly_differenced,weekly_differenced_arima_p1_d0_q1,ljung_box_pvalue,48,0.1784626069164937,0.01,False
Germany,2024-01-08,weekly_differenced,weekly_differenced_arima_p1_d0_q1,ljung_box_statistic,24,26.61528153556812,0.01,False
Germany,2024-01-08,weekly_differenced,weekly_differenced_arima_p1_d0_q1,ljung_box_statistic,48,54.67046896095388,0.01,False
Germany,2024-01-08,weekly_differenced,weekly_differenced_arima_p1_d0_q1,residual_acf,1,0.0623764795371018,0.188881484147503,False
Germany,2024-01-08,weekly_differenced,weekly_differenced_arima_p1_d0_q1,residual_acf,10,-0.0418422646930359,0.188881484147503,False
Germany,2024-01-08,weekly_differenced,weekly_differenced_arima_p1_d0_q1,residual_acf,11,-0.0298231091859027,0.188881484147503,False
Germany,2024-01-08,weekly_differenced,weekly_differenced_arima_p1_d0_q1,residual_acf,12,0.0100174698549059,0.188881484147503,False
Germany,2024-01-08,weekly_differenced,weekly_differenced_arima_p1_d0_q1,residual_acf,13,0.0033956076966722,0.188881484147503,False
Germany,2024-01-08,weekly_differenced,weekly_differenced_arima_p1_d0_q1,residual_acf,14,-0.0794047255419992,0.188881484147503,False
Germany,2024-01-08,weekly_differenced,weekly_differenced_arima_p1_d0_q1,residual_acf,15,-0.1132592525110702,0.188881484147503,False
Germany,2024-01-08,weekly_differenced,weekly_differenced_arima_p1_d0_q1,residual_acf,16,-0.0774156350481816,0.188881484147503,False
Germany,2024-01-08,weekly_differenced,weekly_differenced_arima_p1_d0_q1,residual_acf,17,-0.0232727625738568,0.188881484147503,False
Germany,2024-01-08,weekly_differenced,weekly_differenced_arima_p1_d0_q1,residual_acf,18,0.0232271530794649,0.188881484147503,False
Germany,2024-01-08,weekly_differenced,weekly_differenced_arima_p1_d0_q1,residual_acf,19,0.0199051773047524,0.188881484147503,False
Germany,2024-01-08,weekly_differenced,weekly_differenced_arima_p1_d0_q1,residual_acf,2,0.1912584735938833,0.188881484147503,True
Germany,2024-01-08,weekly_differenced,weekly_differenced_arima_p1_d0_q1,residual_acf,20,0.0254601342662891,0.188881484147503,False
Germany,2024-01-08,weekly_differenced,weekly_differenced_arima_p1_d0_q1,residual_acf,21,0.0055843578097389,0.188881484147503,False
Germany,2024-01-08,weekly_differenced,weekly_differenced_arima_p1_d0_q1,residual_acf,22,-0.0061482521415871,0.188881484147503,False
Germany,2024-01-08,weekly_differenced,weekly_differenced_arima_p1_d0_q1,residual_acf,23,0.080136583226304,0.188881484147503,False
Germany,2024-01-08,weekly_differenced,weekly_differenced_arima_p1_d0_q1,residual_acf,24,0.1530889664844595,0.188881484147503,False
Germany,2024-01-08,weekly_differenced,weekly_differenced_arima_p1_d0_q1,residual_acf,25,0.0925483835037913,0.188881484147503,False
Germany,2024-01-08,weekly_differenced,weekly_differenced_arima_p1_d0_q1,residual_acf,26,0.0748799710366492,0.188881484147503,False
Germany,2024-01-08,weekly_differenced,weekly_differenced_arima_p1_d0_q1,residual_acf,27,0.0383928373338013,0.188881484147503,False
Germany,2024-01-08,weekly_differenced,weekly_differenced_arima_p1_d0_q1,residual_acf,28,0.0119718345550356,0.188881484147503,False
Germany,2024-01-08,weekly_differenced,weekly_differenced_arima_p1_d0_q1,residual_acf,29,-0.0181652186255569,0.188881484147503,False
Germany,2024-01-08,weekly_differenced,weekly_differenced_arima_p1_d0_q1,residual_acf,3,-0.0351364297322394,0.188881484147503,False
Germany,2024-01-08,weekly_differenced,weekly_differenced_arima_p1_d0_q1,residual_acf,30,0.0749239042822903,0.188881484147503,False
Germany,2024-01-08,weekly_differenced,weekly_differenced_arima_p1_d0_q1,residual_acf,31,-0.0188441244103725,0.188881484147503,False
Germany,2024-01-08,weekly_differenced,weekly_differenced_arima_p1_d0_q1,residual_acf,32,0.0148926917889914,0.188881484147503,False
Germany,2024-01-08,weekly_differenced,weekly_differenced_arima_p1_d0_q1,residual_acf,33,-0.1259550754077638,0.188881484147503,False
Germany,2024-01-08,weekly_differenced,weekly_differenced_arima_p1_d0_q1,residual_acf,34,-0.1168095724083891,0.188881484147503,False
Germany,2024-01-08,weekly_differenced,weekly_differenced_arima_p1_d0_q1,residual_acf,35,-0.0067283024829214,0.188881484147503,False
Germany,2024-01-08,weekly_differenced,weekly_differenced_arima_p1_d0_q1,residual_acf,36,-0.036874069230093,0.188881484147503,False
Germany,2024-01-08,weekly_differenced,weekly_differenced_arima_p1_d0_q1,residual_acf,37,0.0972960721486721,0.188881484147503,False
Germany,2024-01-08,weekly_differenced,weekly_differenced_arima_p1_d0_q1,residual_acf,38,-0.0522253367556856,0.188881484147503,False
Germany,2024-01-08,weekly_differenced,weekly_differenced_arima_p1_d0_q1,residual_acf,39,-0.1128908651271161,0.188881484147503,False
Germany,2024-01-08,weekly_differenced,weekly_differenced_arima_p1_d0_q1,residual_acf,4,-0.0568270681162562,0.188881484147503,False
Germany,2024-01-08,weekly_differenced,weekly_differenced_arima_p1_d0_q1,residual_acf,40,0.0370005755645485,0.188881484147503,False
Germany,2024-01-08,weekly_differenced,weekly_differenced_arima_p1_d0_q1,residual_acf,41,-0.101363366531753,0.188881484147503,False
Germany,2024-01-08,weekly_differenced,weekly_differenced_arima_p1_d0_q1,residual_acf,42,0.1120727137759664,0.188881484147503,False
Germany,2024-01-08,weekly_differenced,weekly_differenced_arima_p1_d0_q1,residual_acf,43,0.0140714592267192,0.188881484147503,False
Germany,2024-01-08,weekly_differenced,weekly_differenced_arima_p1_d0_q1,residual_acf,44,0.0238346399516378,0.188881484147503,False
Germany,2024-01-08,weekly_differenced,weekly_differenced_arima_p1_d0_q1,residual_acf,45,-0.066257928698196,0.188881484147503,False
Germany,2024-01-08,weekly_differenced,weekly_differenced_arima_p1_d0_q1,residual_acf,46,0.0024755967947217,0.188881484147503,False
Germany,2024-01-08,weekly_differenced,weekly_differenced_arima_p1_d0_q1,residual_acf,47,-0.0122156582010143,0.188881484147503,False
Germany,2024-01-08,weekly_differenced,weekly_differenced_arima_p1_d0_q1,residual_acf,48,0.1086185725193047,0.188881484147503,False
Germany,2024-01-08,weekly_differenced,weekly_differenced_arima_p1_d0_q1,residual_acf,5,0.0187447130359533,0.188881484147503,False
Germany,2024-01-08,weekly_differenced,weekly_differenced_arima_p1_d0_q1,residual_acf,6,0.0072563599311859,0.188881484147503,False
Germany,2024-01-08,weekly_differenced,weekly_differenced_arima_p1_d0_q1,residual_acf,7,0.0484539601085904,0.188881484147503,False
Germany,2024-01-08,weekly_differenced,weekly_differenced_arima_p1_d0_q1,residual_acf,8,-0.0700325859177171,0.188881484147503,False
Germany,2024-01-08,weekly_differenced,weekly_differenced_arima_p1_d0_q1,residual_acf,9,-0.1421268999026236,0.188881484147503,False
Germany,2024-01-08,weekly_differenced,weekly_differenced_arima_p2_d0_q0,ljung_box_pvalue,24,0.3291261005005901,0.01,False
Germany,2024-01-08,weekly_differenced,weekly_differenced_arima_p2_d0_q0,ljung_box_pvalue,48,0.0991765145268799,0.01,False
Germany,2024-01-08,weekly_differenced,weekly_differenced_arima_p2_d0_q0,ljung_box_statistic,24,24.350552192381432,0.01,False
Germany,2024-01-08,weekly_differenced,weekly_differenced_arima_p2_d0_q0,ljung_box_statistic,48,58.69360475409058,0.01,False
Germany,2024-01-08,weekly_differenced,weekly_differenced_arima_p2_d0_q0,residual_acf,1,0.0145528386292531,0.188881484147503,False
Germany,2024-01-08,weekly_differenced,weekly_differenced_arima_p2_d0_q0,residual_acf,10,-0.0050104147259203,0.188881484147503,False
Germany,2024-01-08,weekly_differenced,weekly_differenced_arima_p2_d0_q0,residual_acf,11,0.029136478208206,0.188881484147503,False
Germany,2024-01-08,weekly_differenced,weekly_differenced_arima_p2_d0_q0,residual_acf,12,0.0644017372316988,0.188881484147503,False
Germany,2024-01-08,weekly_differenced,weekly_differenced_arima_p2_d0_q0,residual_acf,13,0.0638723315570568,0.188881484147503,False
Germany,2024-01-08,weekly_differenced,weekly_differenced_arima_p2_d0_q0,residual_acf,14,-0.0494958499247113,0.188881484147503,False
Germany,2024-01-08,weekly_differenced,weekly_differenced_arima_p2_d0_q0,residual_acf,15,-0.1092618498000351,0.188881484147503,False
Germany,2024-01-08,weekly_differenced,weekly_differenced_arima_p2_d0_q0,residual_acf,16,-0.0603933783512522,0.188881484147503,False
Germany,2024-01-08,weekly_differenced,weekly_differenced_arima_p2_d0_q0,residual_acf,17,0.018907310822938,0.188881484147503,False
Germany,2024-01-08,weekly_differenced,weekly_differenced_arima_p2_d0_q0,residual_acf,18,0.0754340225256753,0.188881484147503,False
Germany,2024-01-08,weekly_differenced,weekly_differenced_arima_p2_d0_q0,residual_acf,19,0.0411382506873036,0.188881484147503,False
Germany,2024-01-08,weekly_differenced,weekly_differenced_arima_p2_d0_q0,residual_acf,2,0.0284180564807722,0.188881484147503,False
Germany,2024-01-08,weekly_differenced,weekly_differenced_arima_p2_d0_q0,residual_acf,20,0.0384956217597756,0.188881484147503,False
Germany,2024-01-08,weekly_differenced,weekly_differenced_arima_p2_d0_q0,residual_acf,21,-0.0204152835425499,0.188881484147503,False
Germany,2024-01-08,weekly_differenced,weekly_differenced_arima_p2_d0_q0,residual_acf,22,-0.0597187692339856,0.188881484147503,False
Germany,2024-01-08,weekly_differenced,weekly_differenced_arima_p2_d0_q0,residual_acf,23,0.0506500196789208,0.188881484147503,False
Germany,2024-01-08,weekly_differenced,weekly_differenced_arima_p2_d0_q0,residual_acf,24,0.1466654634820949,0.188881484147503,False
Germany,2024-01-08,weekly_differenced,weekly_differenced_arima_p2_d0_q0,residual_acf,25,0.0752024614104693,0.188881484147503,False
Germany,2024-01-08,weekly_differenced,weekly_differenced_arima_p2_d0_q0,residual_acf,26,0.0411051955769989,0.188881484147503,False
Germany,2024-01-08,weekly_differenced,weekly_differenced_arima_p2_d0_q0,residual_acf,27,0.0111866914253783,0.188881484147503,False
Germany,2024-01-08,weekly_differenced,weekly_differenced_arima_p2_d0_q0,residual_acf,28,-0.0068170523659023,0.188881484147503,False
Germany,2024-01-08,weekly_differenced,weekly_differenced_arima_p2_d0_q0,residual_acf,29,-0.0157677435861539,0.188881484147503,False
Germany,2024-01-08,weekly_differenced,weekly_differenced_arima_p2_d0_q0,residual_acf,3,-0.0433929762337605,0.188881484147503,False
Germany,2024-01-08,weekly_differenced,weekly_differenced_arima_p2_d0_q0,residual_acf,30,0.1155863632299766,0.188881484147503,False
Germany,2024-01-08,weekly_differenced,weekly_differenced_arima_p2_d0_q0,residual_acf,31,0.0332657756145272,0.188881484147503,False
Germany,2024-01-08,weekly_differenced,weekly_differenced_arima_p2_d0_q0,residual_acf,32,0.0435828731733753,0.188881484147503,False
Germany,2024-01-08,weekly_differenced,weekly_differenced_arima_p2_d0_q0,residual_acf,33,-0.1268180153352802,0.188881484147503,False
Germany,2024-01-08,weekly_differenced,weekly_differenced_arima_p2_d0_q0,residual_acf,34,-0.1226320296807484,0.188881484147503,False
Germany,2024-01-08,weekly_differenced,weekly_differenced_arima_p2_d0_q0,residual_acf,35,0.0120673078723083,0.188881484147503,False
Germany,2024-01-08,weekly_differenced,weekly_differenced_arima_p2_d0_q0,residual_acf,36,0.0080597335207523,0.188881484147503,False
Germany,2024-01-08,weekly_differenced,weekly_differenced_arima_p2_d0_q0,residual_acf,37,0.1528463911128507,0.188881484147503,False
Germany,2024-01-08,weekly_differenced,weekly_differenced_arima_p2_d0_q0,residual_acf,38,-0.0467745853927688,0.188881484147503,False
Germany,2024-01-08,weekly_differenced,weekly_differenced_arima_p2_d0_q0,residual_acf,39,-0.1336144293148944,0.188881484147503,False
Germany,2024-01-08,weekly_differenced,weekly_differenced_arima_p2_d0_q0,residual_acf,4,-0.1080071132877187,0.188881484147503,False
Germany,2024-01-08,weekly_differenced,weekly_differenced_arima_p2_d0_q0,residual_acf,40,0.0449363955146431,0.188881484147503,False
Germany,2024-01-08,weekly_differenced,weekly_differenced_arima_p2_d0_q0,residual_acf,41,-0.0899373660314565,0.188881484147503,False
Germany,2024-01-08,weekly_differenced,weekly_differenced_arima_p2_d0_q0,residual_acf,42,0.1185429032306318,0.188881484147503,False
Germany,2024-01-08,weekly_differenced,weekly_differenced_arima_p2_d0_q0,residual_acf,43,0.0705104046414967,0.188881484147503,False
Germany,2024-01-08,weekly_differenced,weekly_differenced_arima_p2_d0_q0,residual_acf,44,-0.0027603322920674,0.188881484147503,False
Germany,2024-01-08,weekly_differenced,weekly_differenced_arima_p2_d0_q0,residual_acf,45,-0.0760716588787084,0.188881484147503,False
Germany,2024-01-08,weekly_differenced,weekly_differenced_arima_p2_d0_q0,residual_acf,46,-0.0267346817737512,0.188881484147503,False
Germany,2024-01-08,weekly_differenced,weekly_differenced_arima_p2_d0_q0,residual_acf,47,-0.0301299225517453,0.188881484147503,False
Germany,2024-01-08,weekly_differenced,weekly_differenced_arima_p2_d0_q0,residual_acf,48,0.102063488318074,0.188881484147503,False
Germany,2024-01-08,weekly_differenced,weekly_differenced_arima_p2_d0_q0,residual_acf,5,0.0492275925435042,0.188881484147503,False
Germany,2024-01-08,weekly_differenced,weekly_differenced_arima_p2_d0_q0,residual_acf,6,0.0718378594107013,0.188881484147503,False
Germany,2024-01-08,weekly_differenced,weekly_differenced_arima_p2_d0_q0,residual_acf,7,0.1094363916672435,0.188881484147503,False
Germany,2024-01-08,weekly_differenced,weekly_differenced_arima_p2_d0_q0,residual_acf,8,-0.03840888619907,0.188881484147503,False
Germany,2024-01-08,weekly_differenced,weekly_differenced_arima_p2_d0_q0,residual_acf,9,-0.141692895623785,0.188881484147503,False
Germany,2024-01-08,weekly_differenced,weekly_differenced_arima_p2_d0_q1,ljung_box_pvalue,24,0.4698331133319491,0.01,False
Germany,2024-01-08,weekly_differenced,weekly_differenced_arima_p2_d0_q1,ljung_box_pvalue,48,0.2070013848664919,0.01,False
Germany,2024-01-08,weekly_differenced,weekly_differenced_arima_p2_d0_q1,ljung_box_statistic,24,20.822435310000294,0.01,False
Germany,2024-01-08,weekly_differenced,weekly_differenced_arima_p2_d0_q1,ljung_box_statistic,48,52.46811747862101,0.01,False
Germany,2024-01-08,weekly_differenced,weekly_differenced_arima_p2_d0_q1,residual_acf,1,-0.0138962859210536,0.188881484147503,False
Germany,2024-01-08,weekly_differenced,weekly_differenced_arima_p2_d0_q1,residual_acf,10,-0.0024079131863117,0.188881484147503,False
Germany,2024-01-08,weekly_differenced,weekly_differenced_arima_p2_d0_q1,residual_acf,11,0.0155041233080247,0.188881484147503,False
Germany,2024-01-08,weekly_differenced,weekly_differenced_arima_p2_d0_q1,residual_acf,12,0.0495728157124482,0.188881484147503,False
Germany,2024-01-08,weekly_differenced,weekly_differenced_arima_p2_d0_q1,residual_acf,13,0.0536143358277352,0.188881484147503,False
Germany,2024-01-08,weekly_differenced,weekly_differenced_arima_p2_d0_q1,residual_acf,14,-0.0508374896943666,0.188881484147503,False
Germany,2024-01-08,weekly_differenced,weekly_differenced_arima_p2_d0_q1,residual_acf,15,-0.102085438183324,0.188881484147503,False
Germany,2024-01-08,weekly_differenced,weekly_differenced_arima_p2_d0_q1,residual_acf,16,-0.0580702186183856,0.188881484147503,False
Germany,2024-01-08,weekly_differenced,weekly_differenced_arima_p2_d0_q1,residual_acf,17,0.0091064491518595,0.188881484147503,False
Germany,2024-01-08,weekly_differenced,weekly_differenced_arima_p2_d0_q1,residual_acf,18,0.0632738242218274,0.188881484147503,False
Germany,2024-01-08,weekly_differenced,weekly_differenced_arima_p2_d0_q1,residual_acf,19,0.0345608877000136,0.188881484147503,False
Germany,2024-01-08,weekly_differenced,weekly_differenced_arima_p2_d0_q1,residual_acf,2,0.0561027766556502,0.188881484147503,False
Germany,2024-01-08,weekly_differenced,weekly_differenced_arima_p2_d0_q1,residual_acf,20,0.0380675732501777,0.188881484147503,False
Germany,2024-01-08,weekly_differenced,weekly_differenced_arima_p2_d0_q1,residual_acf,21,-0.0107106527091869,0.188881484147503,False
Germany,2024-01-08,weekly_differenced,weekly_differenced_arima_p2_d0_q1,residual_acf,22,-0.0516430844186115,0.188881484147503,False
Germany,2024-01-08,weekly_differenced,weekly_differenced_arima_p2_d0_q1,residual_acf,23,0.0522909997651404,0.188881484147503,False
Germany,2024-01-08,weekly_differenced,weekly_differenced_arima_p2_d0_q1,residual_acf,24,0.1390566339035294,0.188881484147503,False
Germany,2024-01-08,weekly_differenced,weekly_differenced_arima_p2_d0_q1,residual_acf,25,0.0668239675732367,0.188881484147503,False
Germany,2024-01-08,weekly_differenced,weekly_differenced_arima_p2_d0_q1,residual_acf,26,0.0455229110686668,0.188881484147503,False
Germany,2024-01-08,weekly_differenced,weekly_differenced_arima_p2_d0_q1,residual_acf,27,0.0174302841083184,0.188881484147503,False
Germany,2024-01-08,weekly_differenced,weekly_differenced_arima_p2_d0_q1,residual_acf,28,-0.0032295577561411,0.188881484147503,False
Germany,2024-01-08,weekly_differenced,weekly_differenced_arima_p2_d0_q1,residual_acf,29,-0.0176878870946546,0.188881484147503,False
Germany,2024-01-08,weekly_differenced,weekly_differenced_arima_p2_d0_q1,residual_acf,3,-0.0275190043049869,0.188881484147503,False
Germany,2024-01-08,weekly_differenced,weekly_differenced_arima_p2_d0_q1,residual_acf,30,0.109186771653046,0.188881484147503,False
Germany,2024-01-08,weekly_differenced,weekly_differenced_arima_p2_d0_q1,residual_acf,31,0.0213796353957931,0.188881484147503,False
Germany,2024-01-08,weekly_differenced,weekly_differenced_arima_p2_d0_q1,residual_acf,32,0.0462431892253627,0.188881484147503,False
Germany,2024-01-08,weekly_differenced,weekly_differenced_arima_p2_d0_q1,residual_acf,33,-0.1196181281891188,0.188881484147503,False
Germany,2024-01-08,weekly_differenced,weekly_differenced_arima_p2_d0_q1,residual_acf,34,-0.1137273590268572,0.188881484147503,False
Germany,2024-01-08,weekly_differenced,weekly_differenced_arima_p2_d0_q1,residual_acf,35,0.013024262865279,0.188881484147503,False
Germany,2024-01-08,weekly_differenced,weekly_differenced_arima_p2_d0_q1,residual_acf,36,-0.0122479275569274,0.188881484147503,False
Germany,2024-01-08,weekly_differenced,weekly_differenced_arima_p2_d0_q1,residual_acf,37,0.1451660544477564,0.188881484147503,False
Germany,2024-01-08,weekly_differenced,weekly_differenced_arima_p2_d0_q1,residual_acf,38,-0.0500282636946208,0.188881484147503,False
Germany,2024-01-08,weekly_differenced,weekly_differenced_arima_p2_d0_q1,residual_acf,39,-0.1288117054225257,0.188881484147503,False
Germany,2024-01-08,weekly_differenced,weekly_differenced_arima_p2_d0_q1,residual_acf,4,-0.0978765274255856,0.188881484147503,False
Germany,2024-01-08,weekly_differenced,weekly_differenced_arima_p2_d0_q1,residual_acf,40,0.0555348326056052,0.188881484147503,False
Germany,2024-01-08,weekly_differenced,weekly_differenced_arima_p2_d0_q1,residual_acf,41,-0.0996856470453467,0.188881484147503,False
Germany,2024-01-08,weekly_differenced,weekly_differenced_arima_p2_d0_q1,residual_acf,42,0.1158484687251046,0.188881484147503,False
Germany,2024-01-08,weekly_differenced,weekly_differenced_arima_p2_d0_q1,residual_acf,43,0.0570428731821172,0.188881484147503,False
Germany,2024-01-08,weekly_differenced,weekly_differenced_arima_p2_d0_q1,residual_acf,44,0.0015707693149197,0.188881484147503,False
Germany,2024-01-08,weekly_differenced,weekly_differenced_arima_p2_d0_q1,residual_acf,45,-0.0696560412323669,0.188881484147503,False
Germany,2024-01-08,weekly_differenced,weekly_differenced_arima_p2_d0_q1,residual_acf,46,-0.0153335884868191,0.188881484147503,False
Germany,2024-01-08,weekly_differenced,weekly_differenced_arima_p2_d0_q1,residual_acf,47,-0.0291803564923097,0.188881484147503,False
Germany,2024-01-08,weekly_differenced,weekly_differenced_arima_p2_d0_q1,residual_acf,48,0.096357213831373,0.188881484147503,False
Germany,2024-01-08,weekly_differenced,weekly_differenced_arima_p2_d0_q1,residual_acf,5,0.0492508670765833,0.188881484147503,False
Germany,2024-01-08,weekly_differenced,weekly_differenced_arima_p2_d0_q1,residual_acf,6,0.0540428183054901,0.188881484147503,False
Germany,2024-01-08,weekly_differenced,weekly_differenced_arima_p2_d0_q1,residual_acf,7,0.1006348735293851,0.188881484147503,False
Germany,2024-01-08,weekly_differenced,weekly_differenced_arima_p2_d0_q1,residual_acf,8,-0.0401370674852506,0.188881484147503,False
Germany,2024-01-08,weekly_differenced,weekly_differenced_arima_p2_d0_q1,residual_acf,9,-0.1357028299940737,0.188881484147503,False
Germany,2024-01-08,weekly_differenced,weekly_differenced_arima_p2_d0_q2,ljung_box_pvalue,24,0.4438819084798583,0.01,False
Germany,2024-01-08,weekly_differenced,weekly_differenced_arima_p2_d0_q2,ljung_box_pvalue,48,0.2114304321529978,0.01,False
Germany,2024-01-08,weekly_differenced,weekly_differenced_arima_p2_d0_q2,ljung_box_statistic,24,20.225880581348783,0.01,False
Germany,2024-01-08,weekly_differenced,weekly_differenced_arima_p2_d0_q2,ljung_box_statistic,48,51.22071312177433,0.01,False
Germany,2024-01-08,weekly_differenced,weekly_differenced_arima_p2_d0_q2,residual_acf,1,-0.0125660461171237,0.188881484147503,False
Germany,2024-01-08,weekly_differenced,weekly_differenced_arima_p2_d0_q2,residual_acf,10,-0.0011331660988224,0.188881484147503,False
Germany,2024-01-08,weekly_differenced,weekly_differenced_arima_p2_d0_q2,residual_acf,11,0.0145978313915231,0.188881484147503,False
Germany,2024-01-08,weekly_differenced,weekly_differenced_arima_p2_d0_q2,residual_acf,12,0.0423131709827903,0.188881484147503,False
Germany,2024-01-08,weekly_differenced,weekly_differenced_arima_p2_d0_q2,residual_acf,13,0.0525413005800476,0.188881484147503,False
Germany,2024-01-08,weekly_differenced,weekly_differenced_arima_p2_d0_q2,residual_acf,14,-0.0500388183880913,0.188881484147503,False
Germany,2024-01-08,weekly_differenced,weekly_differenced_arima_p2_d0_q2,residual_acf,15,-0.1033219272407875,0.188881484147503,False
Germany,2024-01-08,weekly_differenced,weekly_differenced_arima_p2_d0_q2,residual_acf,16,-0.0588245383054828,0.188881484147503,False
Germany,2024-01-08,weekly_differenced,weekly_differenced_arima_p2_d0_q2,residual_acf,17,0.008925101023547,0.188881484147503,False
Germany,2024-01-08,weekly_differenced,weekly_differenced_arima_p2_d0_q2,residual_acf,18,0.0614982485376659,0.188881484147503,False
Germany,2024-01-08,weekly_differenced,weekly_differenced_arima_p2_d0_q2,residual_acf,19,0.0300279172688895,0.188881484147503,False
Germany,2024-01-08,weekly_differenced,weekly_differenced_arima_p2_d0_q2,residual_acf,2,0.0374466231705499,0.188881484147503,False
Germany,2024-01-08,weekly_differenced,weekly_differenced_arima_p2_d0_q2,residual_acf,20,0.0412258171722607,0.188881484147503,False
Germany,2024-01-08,weekly_differenced,weekly_differenced_arima_p2_d0_q2,residual_acf,21,-0.0079067290595296,0.188881484147503,False
Germany,2024-01-08,weekly_differenced,weekly_differenced_arima_p2_d0_q2,residual_acf,22,-0.053233680406736,0.188881484147503,False
Germany,2024-01-08,weekly_differenced,weekly_differenced_arima_p2_d0_q2,residual_acf,23,0.0524084078732859,0.188881484147503,False
Germany,2024-01-08,weekly_differenced,weekly_differenced_arima_p2_d0_q2,residual_acf,24,0.1393171922563935,0.188881484147503,False
Germany,2024-01-08,weekly_differenced,weekly_differenced_arima_p2_d0_q2,residual_acf,25,0.06484166064321,0.188881484147503,False
Germany,2024-01-08,weekly_differenced,weekly_differenced_arima_p2_d0_q2,residual_acf,26,0.0435115840750787,0.188881484147503,False
Germany,2024-01-08,weekly_differenced,weekly_differenced_arima_p2_d0_q2,residual_acf,27,0.0197470159066281,0.188881484147503,False
Germany,2024-01-08,weekly_differenced,weekly_differenced_arima_p2_d0_q2,residual_acf,28,-0.0027762589916346,0.188881484147503,False
Germany,2024-01-08,weekly_differenced,weekly_differenced_arima_p2_d0_q2,residual_acf,29,-0.0194889015275973,0.188881484147503,False
Germany,2024-01-08,weekly_differenced,weekly_differenced_arima_p2_d0_q2,residual_acf,3,-0.004614569357416,0.188881484147503,False
Germany,2024-01-08,weekly_differenced,weekly_differenced_arima_p2_d0_q2,residual_acf,30,0.1075725836835594,0.188881484147503,False
Germany,2024-01-08,weekly_differenced,weekly_differenced_arima_p2_d0_q2,residual_acf,31,0.0232139044141511,0.188881484147503,False
Germany,2024-01-08,weekly_differenced,weekly_differenced_arima_p2_d0_q2,residual_acf,32,0.0458695994282571,0.188881484147503,False
Germany,2024-01-08,weekly_differenced,weekly_differenced_arima_p2_d0_q2,residual_acf,33,-0.1174155061145754,0.188881484147503,False
Germany,2024-01-08,weekly_differenced,weekly_differenced_arima_p2_d0_q2,residual_acf,34,-0.1117090464663707,0.188881484147503,False
Germany,2024-01-08,weekly_differenced,weekly_differenced_arima_p2_d0_q2,residual_acf,35,0.0100748812740315,0.188881484147503,False
Germany,2024-01-08,weekly_differenced,weekly_differenced_arima_p2_d0_q2,residual_acf,36,-0.0137198919103959,0.188881484147503,False
Germany,2024-01-08,weekly_differenced,weekly_differenced_arima_p2_d0_q2,residual_acf,37,0.1446598190916993,0.188881484147503,False
Germany,2024-01-08,weekly_differenced,weekly_differenced_arima_p2_d0_q2,residual_acf,38,-0.0528835949209878,0.188881484147503,False
Germany,2024-01-08,weekly_differenced,weekly_differenced_arima_p2_d0_q2,residual_acf,39,-0.1309343953629318,0.188881484147503,False
Germany,2024-01-08,weekly_differenced,weekly_differenced_arima_p2_d0_q2,residual_acf,4,-0.0966715789071094,0.188881484147503,False
Germany,2024-01-08,weekly_differenced,weekly_differenced_arima_p2_d0_q2,residual_acf,40,0.0592345238616985,0.188881484147503,False
Germany,2024-01-08,weekly_differenced,weekly_differenced_arima_p2_d0_q2,residual_acf,41,-0.099296331926526,0.188881484147503,False
Germany,2024-01-08,weekly_differenced,weekly_differenced_arima_p2_d0_q2,residual_acf,42,0.1073744308638328,0.188881484147503,False
Germany,2024-01-08,weekly_differenced,weekly_differenced_arima_p2_d0_q2,residual_acf,43,0.0644119069943707,0.188881484147503,False
Germany,2024-01-08,weekly_differenced,weekly_differenced_arima_p2_d0_q2,residual_acf,44,-0.0048633901915351,0.188881484147503,False
Germany,2024-01-08,weekly_differenced,weekly_differenced_arima_p2_d0_q2,residual_acf,45,-0.0652641025047311,0.188881484147503,False
Germany,2024-01-08,weekly_differenced,weekly_differenced_arima_p2_d0_q2,residual_acf,46,-0.0120527765869645,0.188881484147503,False
Germany,2024-01-08,weekly_differenced,weekly_differenced_arima_p2_d0_q2,residual_acf,47,-0.0301677114136059,0.188881484147503,False
Germany,2024-01-08,weekly_differenced,weekly_differenced_arima_p2_d0_q2,residual_acf,48,0.0932589336949341,0.188881484147503,False
Germany,2024-01-08,weekly_differenced,weekly_differenced_arima_p2_d0_q2,residual_acf,5,0.0466068109595241,0.188881484147503,False
Germany,2024-01-08,weekly_differenced,weekly_differenced_arima_p2_d0_q2,residual_acf,6,0.0559784508095063,0.188881484147503,False
Germany,2024-01-08,weekly_differenced,weekly_differenced_arima_p2_d0_q2,residual_acf,7,0.0984075857968617,0.188881484147503,False
Germany,2024-01-08,weekly_differenced,weekly_differenced_arima_p2_d0_q2,residual_acf,8,-0.0406652265354124,0.188881484147503,False
Germany,2024-01-08,weekly_differenced,weekly_differenced_arima_p2_d0_q2,residual_acf,9,-0.1382076073986113,0.188881484147503,False
Germany,2024-01-08,weekly_differenced,weekly_differenced_arima_p3_d0_q1,ljung_box_pvalue,24,0.3344804812807631,0.01,False
Germany,2024-01-08,weekly_differenced,weekly_differenced_arima_p3_d0_q1,ljung_box_pvalue,48,0.1233567613872827,0.01,False
Germany,2024-01-08,weekly_differenced,weekly_differenced_arima_p3_d0_q1,ljung_box_statistic,24,22.1116983931262,0.01,False
Germany,2024-01-08,weekly_differenced,weekly_differenced_arima_p3_d0_q1,ljung_box_statistic,48,55.01680447342708,0.01,False
Germany,2024-01-08,weekly_differenced,weekly_differenced_arima_p3_d0_q1,residual_acf,1,-0.0050793101684916,0.188881484147503,False
Germany,2024-01-08,weekly_differenced,weekly_differenced_arima_p3_d0_q1,residual_acf,10,-0.0039699201183809,0.188881484147503,False
Germany,2024-01-08,weekly_differenced,weekly_differenced_arima_p3_d0_q1,residual_acf,11,0.0213314829678921,0.188881484147503,False
Germany,2024-01-08,weekly_differenced,weekly_differenced_arima_p3_d0_q1,residual_acf,12,0.0596971705957642,0.188881484147503,False
Germany,2024-01-08,weekly_differenced,weekly_differenced_arima_p3_d0_q1,residual_acf,13,0.056947519102351,0.188881484147503,False
Germany,2024-01-08,weekly_differenced,weekly_differenced_arima_p3_d0_q1,residual_acf,14,-0.049546539721652,0.188881484147503,False
Germany,2024-01-08,weekly_differenced,weekly_differenced_arima_p3_d0_q1,residual_acf,15,-0.1049444642551662,0.188881484147503,False
Germany,2024-01-08,weekly_differenced,weekly_differenced_arima_p3_d0_q1,residual_acf,16,-0.059457868172544,0.188881484147503,False
Germany,2024-01-08,weekly_differenced,weekly_differenced_arima_p3_d0_q1,residual_acf,17,0.0147465850792786,0.188881484147503,False
Germany,2024-01-08,weekly_differenced,weekly_differenced_arima_p3_d0_q1,residual_acf,18,0.0674775531274915,0.188881484147503,False
Germany,2024-01-08,weekly_differenced,weekly_differenced_arima_p3_d0_q1,residual_acf,19,0.0402777487914233,0.188881484147503,False
Germany,2024-01-08,weekly_differenced,weekly_differenced_arima_p3_d0_q1,residual_acf,2,0.0601503757437579,0.188881484147503,False
Germany,2024-01-08,weekly_differenced,weekly_differenced_arima_p3_d0_q1,residual_acf,20,0.0369069276806133,0.188881484147503,False
Germany,2024-01-08,weekly_differenced,weekly_differenced_arima_p3_d0_q1,residual_acf,21,-0.0166306007947016,0.188881484147503,False
Germany,2024-01-08,weekly_differenced,weekly_differenced_arima_p3_d0_q1,residual_acf,22,-0.0533216604086257,0.188881484147503,False
Germany,2024-01-08,weekly_differenced,weekly_differenced_arima_p3_d0_q1,residual_acf,23,0.0505578390088512,0.188881484147503,False
Germany,2024-01-08,weekly_differenced,weekly_differenced_arima_p3_d0_q1,residual_acf,24,0.1420866814491794,0.188881484147503,False
Germany,2024-01-08,weekly_differenced,weekly_differenced_arima_p3_d0_q1,residual_acf,25,0.0718427694396124,0.188881484147503,False
Germany,2024-01-08,weekly_differenced,weekly_differenced_arima_p3_d0_q1,residual_acf,26,0.0433723211375118,0.188881484147503,False
Germany,2024-01-08,weekly_differenced,weekly_differenced_arima_p3_d0_q1,residual_acf,27,0.0143017992120148,0.188881484147503,False
Germany,2024-01-08,weekly_differenced,weekly_differenced_arima_p3_d0_q1,residual_acf,28,-0.0051588665806429,0.188881484147503,False
Germany,2024-01-08,weekly_differenced,weekly_differenced_arima_p3_d0_q1,residual_acf,29,-0.0157390698660077,0.188881484147503,False
Germany,2024-01-08,weekly_differenced,weekly_differenced_arima_p3_d0_q1,residual_acf,3,-0.0573313319412389,0.188881484147503,False
Germany,2024-01-08,weekly_differenced,weekly_differenced_arima_p3_d0_q1,residual_acf,30,0.1117690380099199,0.188881484147503,False
Germany,2024-01-08,weekly_differenced,weekly_differenced_arima_p3_d0_q1,residual_acf,31,0.0267326605166047,0.188881484147503,False
Germany,2024-01-08,weekly_differenced,weekly_differenced_arima_p3_d0_q1,residual_acf,32,0.0452301184413993,0.188881484147503,False
Germany,2024-01-08,weekly_differenced,weekly_differenced_arima_p3_d0_q1,residual_acf,33,-0.1243040329686292,0.188881484147503,False
Germany,2024-01-08,weekly_differenced,weekly_differenced_arima_p3_d0_q1,residual_acf,34,-0.115617030735929,0.188881484147503,False
Germany,2024-01-08,weekly_differenced,weekly_differenced_arima_p3_d0_q1,residual_acf,35,0.0088435237454527,0.188881484147503,False
Germany,2024-01-08,weekly_differenced,weekly_differenced_arima_p3_d0_q1,residual_acf,36,0.0031727152070846,0.188881484147503,False
Germany,2024-01-08,weekly_differenced,weekly_differenced_arima_p3_d0_q1,residual_acf,37,0.1430504691334404,0.188881484147503,False
Germany,2024-01-08,weekly_differenced,weekly_differenced_arima_p3_d0_q1,residual_acf,38,-0.0445844524685131,0.188881484147503,False
Germany,2024-01-08,weekly_differenced,weekly_differenced_arima_p3_d0_q1,residual_acf,39,-0.1302699057265075,0.188881484147503,False
Germany,2024-01-08,weekly_differenced,weekly_differenced_arima_p3_d0_q1,residual_acf,4,-0.0870139877529692,0.188881484147503,False
Germany,2024-01-08,weekly_differenced,weekly_differenced_arima_p3_d0_q1,residual_acf,40,0.0483036936399794,0.188881484147503,False
Germany,2024-01-08,weekly_differenced,weekly_differenced_arima_p3_d0_q1,residual_acf,41,-0.095549027109938,0.188881484147503,False
Germany,2024-01-08,weekly_differenced,weekly_differenced_arima_p3_d0_q1,residual_acf,42,0.1230051765759681,0.188881484147503,False
Germany,2024-01-08,weekly_differenced,weekly_differenced_arima_p3_d0_q1,residual_acf,43,0.0545143248246961,0.188881484147503,False
Germany,2024-01-08,weekly_differenced,weekly_differenced_arima_p3_d0_q1,residual_acf,44,0.0086357165760211,0.188881484147503,False
Germany,2024-01-08,weekly_differenced,weekly_differenced_arima_p3_d0_q1,residual_acf,45,-0.0797593339554008,0.188881484147503,False
Germany,2024-01-08,weekly_differenced,weekly_differenced_arima_p3_d0_q1,residual_acf,46,-0.0166766821240925,0.188881484147503,False
Germany,2024-01-08,weekly_differenced,weekly_differenced_arima_p3_d0_q1,residual_acf,47,-0.0337734217703996,0.188881484147503,False
Germany,2024-01-08,weekly_differenced,weekly_differenced_arima_p3_d0_q1,residual_acf,48,0.1049536059869301,0.188881484147503,False
Germany,2024-01-08,weekly_differenced,weekly_differenced_arima_p3_d0_q1,residual_acf,5,0.0376656512683439,0.188881484147503,False
Germany,2024-01-08,weekly_differenced,weekly_differenced_arima_p3_d0_q1,residual_acf,6,0.0700248402776919,0.188881484147503,False
Germany,2024-01-08,weekly_differenced,weekly_differenced_arima_p3_d0_q1,residual_acf,7,0.0995948105095867,0.188881484147503,False
Germany,2024-01-08,weekly_differenced,weekly_differenced_arima_p3_d0_q1,residual_acf,8,-0.0361974601456869,0.188881484147503,False
Germany,2024-01-08,weekly_differenced,weekly_differenced_arima_p3_d0_q1,residual_acf,9,-0.1383284198612047,0.188881484147503,False
Germany,2024-01-27,weekly_differenced,weekly_differenced_arima_p1_d0_q1,ljung_box_pvalue,24,6.773989369732057e-09,0.01,True
Germany,2024-01-27,weekly_differenced,weekly_differenced_arima_p1_d0_q1,ljung_box_pvalue,48,5.5074644531393724e-08,0.01,True
Germany,2024-01-27,weekly_differenced,weekly_differenced_arima_p1_d0_q1,ljung_box_statistic,24,82.29193378452511,0.01,True
Germany,2024-01-27,weekly_differenced,weekly_differenced_arima_p1_d0_q1,ljung_box_statistic,48,116.1094971076587,0.01,True
Germany,2024-01-27,weekly_differenced,weekly_differenced_arima_p1_d0_q1,residual_acf,1,0.0943776369198925,0.1016666104897449,False
Germany,2024-01-27,weekly_differenced,weekly_differenced_arima_p1_d0_q1,residual_acf,10,-0.0119294771504557,0.1016666104897449,False
Germany,2024-01-27,weekly_differenced,weekly_differenced_arima_p1_d0_q1,residual_acf,11,-0.0073453248627142,0.1016666104897449,False
Germany,2024-01-27,weekly_differenced,weekly_differenced_arima_p1_d0_q1,residual_acf,12,0.02173947620089,0.1016666104897449,False
Germany,2024-01-27,weekly_differenced,weekly_differenced_arima_p1_d0_q1,residual_acf,13,-0.0160395473194999,0.1016666104897449,False
Germany,2024-01-27,weekly_differenced,weekly_differenced_arima_p1_d0_q1,residual_acf,14,-0.0702786698115254,0.1016666104897449,False
Germany,2024-01-27,weekly_differenced,weekly_differenced_arima_p1_d0_q1,residual_acf,15,-0.1043233717666238,0.1016666104897449,True
Germany,2024-01-27,weekly_differenced,weekly_differenced_arima_p1_d0_q1,residual_acf,16,-0.0505994321406575,0.1016666104897449,False
Germany,2024-01-27,weekly_differenced,weekly_differenced_arima_p1_d0_q1,residual_acf,17,-0.0794871824168455,0.1016666104897449,False
Germany,2024-01-27,weekly_differenced,weekly_differenced_arima_p1_d0_q1,residual_acf,18,0.0555435556564099,0.1016666104897449,False
Germany,2024-01-27,weekly_differenced,weekly_differenced_arima_p1_d0_q1,residual_acf,19,-0.0317711572284432,0.1016666104897449,False
Germany,2024-01-27,weekly_differenced,weekly_differenced_arima_p1_d0_q1,residual_acf,2,0.2156051962125813,0.1016666104897449,True
Germany,2024-01-27,weekly_differenced,weekly_differenced_arima_p1_d0_q1,residual_acf,20,-0.0138260768925289,0.1016666104897449,False
Germany,2024-01-27,weekly_differenced,weekly_differenced_arima_p1_d0_q1,residual_acf,21,-0.0069311507281239,0.1016666104897449,False
Germany,2024-01-27,weekly_differenced,weekly_differenced_arima_p1_d0_q1,residual_acf,22,-0.0076181784265803,0.1016666104897449,False
Germany,2024-01-27,weekly_differenced,weekly_differenced_arima_p1_d0_q1,residual_acf,23,0.0773518969496949,0.1016666104897449,False
Germany,2024-01-27,weekly_differenced,weekly_differenced_arima_p1_d0_q1,residual_acf,24,0.143008376550171,0.1016666104897449,True
Germany,2024-01-27,weekly_differenced,weekly_differenced_arima_p1_d0_q1,residual_acf,25,0.0175124184271795,0.1016666104897449,False
Germany,2024-01-27,weekly_differenced,weekly_differenced_arima_p1_d0_q1,residual_acf,26,0.0567441123418596,0.1016666104897449,False
Germany,2024-01-27,weekly_differenced,weekly_differenced_arima_p1_d0_q1,residual_acf,27,-0.0398185532151873,0.1016666104897449,False
Germany,2024-01-27,weekly_differenced,weekly_differenced_arima_p1_d0_q1,residual_acf,28,-0.0340906496401102,0.1016666104897449,False
Germany,2024-01-27,weekly_differenced,weekly_differenced_arima_p1_d0_q1,residual_acf,29,-0.0348403970177883,0.1016666104897449,False
Germany,2024-01-27,weekly_differenced,weekly_differenced_arima_p1_d0_q1,residual_acf,3,-0.0404702662237908,0.1016666104897449,False
Germany,2024-01-27,weekly_differenced,weekly_differenced_arima_p1_d0_q1,residual_acf,30,0.0304319794187978,0.1016666104897449,False
Germany,2024-01-27,weekly_differenced,weekly_differenced_arima_p1_d0_q1,residual_acf,31,-0.0286320615772243,0.1016666104897449,False
Germany,2024-01-27,weekly_differenced,weekly_differenced_arima_p1_d0_q1,residual_acf,32,-0.0015867566629825,0.1016666104897449,False
Germany,2024-01-27,weekly_differenced,weekly_differenced_arima_p1_d0_q1,residual_acf,33,-0.0570818554174169,0.1016666104897449,False
Germany,2024-01-27,weekly_differenced,weekly_differenced_arima_p1_d0_q1,residual_acf,34,-0.0764918948419835,0.1016666104897449,False
Germany,2024-01-27,weekly_differenced,weekly_differenced_arima_p1_d0_q1,residual_acf,35,-0.0007644087075398,0.1016666104897449,False
Germany,2024-01-27,weekly_differenced,weekly_differenced_arima_p1_d0_q1,residual_acf,36,0.0179334554471802,0.1016666104897449,False
Germany,2024-01-27,weekly_differenced,weekly_differenced_arima_p1_d0_q1,residual_acf,37,0.0316931984886382,0.1016666104897449,False
Germany,2024-01-27,weekly_differenced,weekly_differenced_arima_p1_d0_q1,residual_acf,38,-0.0383367328323862,0.1016666104897449,False
Germany,2024-01-27,weekly_differenced,weekly_differenced_arima_p1_d0_q1,residual_acf,39,-0.0531383034746173,0.1016666104897449,False
Germany,2024-01-27,weekly_differenced,weekly_differenced_arima_p1_d0_q1,residual_acf,4,-0.0405470932147945,0.1016666104897449,False
Germany,2024-01-27,weekly_differenced,weekly_differenced_arima_p1_d0_q1,residual_acf,40,0.0273167567964833,0.1016666104897449,False
Germany,2024-01-27,weekly_differenced,weekly_differenced_arima_p1_d0_q1,residual_acf,41,-0.0277148429950179,0.1016666104897449,False
Germany,2024-01-27,weekly_differenced,weekly_differenced_arima_p1_d0_q1,residual_acf,42,0.1056033959126814,0.1016666104897449,True
Germany,2024-01-27,weekly_differenced,weekly_differenced_arima_p1_d0_q1,residual_acf,43,0.0110619758115056,0.1016666104897449,False
Germany,2024-01-27,weekly_differenced,weekly_differenced_arima_p1_d0_q1,residual_acf,44,0.002877993602845,0.1016666104897449,False
Germany,2024-01-27,weekly_differenced,weekly_differenced_arima_p1_d0_q1,residual_acf,45,0.0010044464596957,0.1016666104897449,False
Germany,2024-01-27,weekly_differenced,weekly_differenced_arima_p1_d0_q1,residual_acf,46,-0.0035878295290772,0.1016666104897449,False
Germany,2024-01-27,weekly_differenced,weekly_differenced_arima_p1_d0_q1,residual_acf,47,0.0431761128901459,0.1016666104897449,False
Germany,2024-01-27,weekly_differenced,weekly_differenced_arima_p1_d0_q1,residual_acf,48,0.1033997616753402,0.1016666104897449,True
Germany,2024-01-27,weekly_differenced,weekly_differenced_arima_p1_d0_q1,residual_acf,5,-0.0432912129591541,0.1016666104897449,False
Germany,2024-01-27,weekly_differenced,weekly_differenced_arima_p1_d0_q1,residual_acf,6,0.025160986927339,0.1016666104897449,False
Germany,2024-01-27,weekly_differenced,weekly_differenced_arima_p1_d0_q1,residual_acf,7,0.0065722317626962,0.1016666104897449,False
Germany,2024-01-27,weekly_differenced,weekly_differenced_arima_p1_d0_q1,residual_acf,8,-0.0498705137324304,0.1016666104897449,False
Germany,2024-01-27,weekly_differenced,weekly_differenced_arima_p1_d0_q1,residual_acf,9,-0.0744108437091619,0.1016666104897449,False
Germany,2024-01-27,weekly_differenced,weekly_differenced_arima_p2_d0_q0,ljung_box_pvalue,24,0.0001242868466201,0.01,True
Germany,2024-01-27,weekly_differenced,weekly_differenced_arima_p2_d0_q0,ljung_box_pvalue,48,2.0649247227586237e-05,0.01,True
Germany,2024-01-27,weekly_differenced,weekly_differenced_arima_p2_d0_q0,ljung_box_statistic,24,54.86110901941314,0.01,True
Germany,2024-01-27,weekly_differenced,weekly_differenced_arima_p2_d0_q0,ljung_box_statistic,48,96.2428310774016,0.01,True
Germany,2024-01-27,weekly_differenced,weekly_differenced_arima_p2_d0_q0,residual_acf,1,0.020544048206829,0.1016666104897449,False
Germany,2024-01-27,weekly_differenced,weekly_differenced_arima_p2_d0_q0,residual_acf,10,0.008875354881002,0.1016666104897449,False
Germany,2024-01-27,weekly_differenced,weekly_differenced_arima_p2_d0_q0,residual_acf,11,0.0257085928557509,0.1016666104897449,False
Germany,2024-01-27,weekly_differenced,weekly_differenced_arima_p2_d0_q0,residual_acf,12,0.056795556002381,0.1016666104897449,False
Germany,2024-01-27,weekly_differenced,weekly_differenced_arima_p2_d0_q0,residual_acf,13,0.0237381693198706,0.1016666104897449,False
Germany,2024-01-27,weekly_differenced,weekly_differenced_arima_p2_d0_q0,residual_acf,14,-0.0535009979421604,0.1016666104897449,False
Germany,2024-01-27,weekly_differenced,weekly_differenced_arima_p2_d0_q0,residual_acf,15,-0.0766639060872402,0.1016666104897449,False
Germany,2024-01-27,weekly_differenced,weekly_differenced_arima_p2_d0_q0,residual_acf,16,-0.0343194230924414,0.1016666104897449,False
Germany,2024-01-27,weekly_differenced,weekly_differenced_arima_p2_d0_q0,residual_acf,17,-0.0449199467029706,0.1016666104897449,False
Germany,2024-01-27,weekly_differenced,weekly_differenced_arima_p2_d0_q0,residual_acf,18,0.101412534329769,0.1016666104897449,False
Germany,2024-01-27,weekly_differenced,weekly_differenced_arima_p2_d0_q0,residual_acf,19,-0.0048598298202486,0.1016666104897449,False
Germany,2024-01-27,weekly_differenced,weekly_differenced_arima_p2_d0_q0,residual_acf,2,0.02014667218239,0.1016666104897449,False
Germany,2024-01-27,weekly_differenced,weekly_differenced_arima_p2_d0_q0,residual_acf,20,-0.0148704236196963,0.1016666104897449,False
Germany,2024-01-27,weekly_differenced,weekly_differenced_arima_p2_d0_q0,residual_acf,21,-0.0113442591129082,0.1016666104897449,False
Germany,2024-01-27,weekly_differenced,weekly_differenced_arima_p2_d0_q0,residual_acf,22,-0.040390248486463,0.1016666104897449,False
Germany,2024-01-27,weekly_differenced,weekly_differenced_arima_p2_d0_q0,residual_acf,23,0.0788328342476224,0.1016666104897449,False
Germany,2024-01-27,weekly_differenced,weekly_differenced_arima_p2_d0_q0,residual_acf,24,0.1463493571626672,0.1016666104897449,True
Germany,2024-01-27,weekly_differenced,weekly_differenced_arima_p2_d0_q0,residual_acf,25,0.0072456470653043,0.1016666104897449,False
Germany,2024-01-27,weekly_differenced,weekly_differenced_arima_p2_d0_q0,residual_acf,26,0.0471062409868906,0.1016666104897449,False
Germany,2024-01-27,weekly_differenced,weekly_differenced_arima_p2_d0_q0,residual_acf,27,-0.0367982291738394,0.1016666104897449,False
Germany,2024-01-27,weekly_differenced,weekly_differenced_arima_p2_d0_q0,residual_acf,28,-0.0429798974294254,0.1016666104897449,False
Germany,2024-01-27,weekly_differenced,weekly_differenced_arima_p2_d0_q0,residual_acf,29,-0.009578269729994,0.1016666104897449,False
Germany,2024-01-27,weekly_differenced,weekly_differenced_arima_p2_d0_q0,residual_acf,3,-0.0574580087043736,0.1016666104897449,False
Germany,2024-01-27,weekly_differenced,weekly_differenced_arima_p2_d0_q0,residual_acf,30,0.0631336740437458,0.1016666104897449,False
Germany,2024-01-27,weekly_differenced,weekly_differenced_arima_p2_d0_q0,residual_acf,31,-0.000149579133366,0.1016666104897449,False
Germany,2024-01-27,weekly_differenced,weekly_differenced_arima_p2_d0_q0,residual_acf,32,0.0223104050488608,0.1016666104897449,False
Germany,2024-01-27,weekly_differenced,weekly_differenced_arima_p2_d0_q0,residual_acf,33,-0.0459095723031775,0.1016666104897449,False
Germany,2024-01-27,weekly_differenced,weekly_differenced_arima_p2_d0_q0,residual_acf,34,-0.0848210114395982,0.1016666104897449,False
Germany,2024-01-27,weekly_differenced,weekly_differenced_arima_p2_d0_q0,residual_acf,35,0.0131382449445752,0.1016666104897449,False
Germany,2024-01-27,weekly_differenced,weekly_differenced_arima_p2_d0_q0,residual_acf,36,0.0536139479328964,0.1016666104897449,False
Germany,2024-01-27,weekly_differenced,weekly_differenced_arima_p2_d0_q0,residual_acf,37,0.0562985082729499,0.1016666104897449,False
Germany,2024-01-27,weekly_differenced,weekly_differenced_arima_p2_d0_q0,residual_acf,38,-0.0449289090071686,0.1016666104897449,False
Germany,2024-01-27,weekly_differenced,weekly_differenced_arima_p2_d0_q0,residual_acf,39,-0.0567809860865449,0.1016666104897449,False
Germany,2024-01-27,weekly_differenced,weekly_differenced_arima_p2_d0_q0,residual_acf,4,-0.0907055576279301,0.1016666104897449,False
Germany,2024-01-27,weekly_differenced,weekly_differenced_arima_p2_d0_q0,residual_acf,40,0.0266818438516448,0.1016666104897449,False
Germany,2024-01-27,weekly_differenced,weekly_differenced_arima_p2_d0_q0,residual_acf,41,-0.0231308119128397,0.1016666104897449,False
Germany,2024-01-27,weekly_differenced,weekly_differenced_arima_p2_d0_q0,residual_acf,42,0.1178124510237694,0.1016666104897449,True
Germany,2024-01-27,weekly_differenced,weekly_differenced_arima_p2_d0_q0,residual_acf,43,0.0206401222381261,0.1016666104897449,False
Germany,2024-01-27,weekly_differenced,weekly_differenced_arima_p2_d0_q0,residual_acf,44,-0.0174025865213832,0.1016666104897449,False
Germany,2024-01-27,weekly_differenced,weekly_differenced_arima_p2_d0_q0,residual_acf,45,-0.0084263427848698,0.1016666104897449,False
Germany,2024-01-27,weekly_differenced,weekly_differenced_arima_p2_d0_q0,residual_acf,46,-0.0272679231824042,0.1016666104897449,False
Germany,2024-01-27,weekly_differenced,weekly_differenced_arima_p2_d0_q0,residual_acf,47,0.0275481315347833,0.1016666104897449,False
Germany,2024-01-27,weekly_differenced,weekly_differenced_arima_p2_d0_q0,residual_acf,48,0.1100749347126785,0.1016666104897449,True
Germany,2024-01-27,weekly_differenced,weekly_differenced_arima_p2_d0_q0,residual_acf,5,-0.0234728596994609,0.1016666104897449,False
Germany,2024-01-27,weekly_differenced,weekly_differenced_arima_p2_d0_q0,residual_acf,6,0.0696972575387647,0.1016666104897449,False
Germany,2024-01-27,weekly_differenced,weekly_differenced_arima_p2_d0_q0,residual_acf,7,0.0500883562895566,0.1016666104897449,False
Germany,2024-01-27,weekly_differenced,weekly_differenced_arima_p2_d0_q0,residual_acf,8,-0.042367126833531,0.1016666104897449,False
Germany,2024-01-27,weekly_differenced,weekly_differenced_arima_p2_d0_q0,residual_acf,9,-0.068494469131069,0.1016666104897449,False
Germany,2024-01-27,weekly_differenced,weekly_differenced_arima_p2_d0_q1,ljung_box_pvalue,24,0.0003085735966235,0.01,True
Germany,2024-01-27,weekly_differenced,weekly_differenced_arima_p2_d0_q1,ljung_box_pvalue,48,9.51672134312096e-05,0.01,True
Germany,2024-01-27,weekly_differenced,weekly_differenced_arima_p2_d0_q1,ljung_box_statistic,24,50.52109672145284,0.01,True
Germany,2024-01-27,weekly_differenced,weekly_differenced_arima_p2_d0_q1,ljung_box_statistic,48,89.25436154199936,0.01,True
Germany,2024-01-27,weekly_differenced,weekly_differenced_arima_p2_d0_q1,residual_acf,1,-0.0026766441658178,0.1016666104897449,False
Germany,2024-01-27,weekly_differenced,weekly_differenced_arima_p2_d0_q1,residual_acf,10,0.0087215467350317,0.1016666104897449,False
Germany,2024-01-27,weekly_differenced,weekly_differenced_arima_p2_d0_q1,residual_acf,11,0.0190956364229525,0.1016666104897449,False
Germany,2024-01-27,weekly_differenced,weekly_differenced_arima_p2_d0_q1,residual_acf,12,0.0502432199859276,0.1016666104897449,False
Germany,2024-01-27,weekly_differenced,weekly_differenced_arima_p2_d0_q1,residual_acf,13,0.019295480871442,0.1016666104897449,False
Germany,2024-01-27,weekly_differenced,weekly_differenced_arima_p2_d0_q1,residual_acf,14,-0.0536654661938668,0.1016666104897449,False
Germany,2024-01-27,weekly_differenced,weekly_differenced_arima_p2_d0_q1,residual_acf,15,-0.0754178643336426,0.1016666104897449,False
Germany,2024-01-27,weekly_differenced,weekly_differenced_arima_p2_d0_q1,residual_acf,16,-0.0319933874266111,0.1016666104897449,False
Germany,2024-01-27,weekly_differenced,weekly_differenced_arima_p2_d0_q1,residual_acf,17,-0.0522785614140406,0.1016666104897449,False
Germany,2024-01-27,weekly_differenced,weekly_differenced_arima_p2_d0_q1,residual_acf,18,0.0975113893253866,0.1016666104897449,False
Germany,2024-01-27,weekly_differenced,weekly_differenced_arima_p2_d0_q1,residual_acf,19,-0.0104381768912499,0.1016666104897449,False
Germany,2024-01-27,weekly_differenced,weekly_differenced_arima_p2_d0_q1,residual_acf,2,0.0455869145512455,0.1016666104897449,False
Germany,2024-01-27,weekly_differenced,weekly_differenced_arima_p2_d0_q1,residual_acf,20,-0.0133966813887864,0.1016666104897449,False
Germany,2024-01-27,weekly_differenced,weekly_differenced_arima_p2_d0_q1,residual_acf,21,-0.006221318093731,0.1016666104897449,False
Germany,2024-01-27,weekly_differenced,weekly_differenced_arima_p2_d0_q1,residual_acf,22,-0.0388933831752796,0.1016666104897449,False
Germany,2024-01-27,weekly_differenced,weekly_differenced_arima_p2_d0_q1,residual_acf,23,0.0757081985848718,0.1016666104897449,False
Germany,2024-01-27,weekly_differenced,weekly_differenced_arima_p2_d0_q1,residual_acf,24,0.1425539139614558,0.1016666104897449,True
Germany,2024-01-27,weekly_differenced,weekly_differenced_arima_p2_d0_q1,residual_acf,25,0.001234009562879,0.1016666104897449,False
Germany,2024-01-27,weekly_differenced,weekly_differenced_arima_p2_d0_q1,residual_acf,26,0.050900539817033,0.1016666104897449,False
Germany,2024-01-27,weekly_differenced,weekly_differenced_arima_p2_d0_q1,residual_acf,27,-0.035316799590406,0.1016666104897449,False
Germany,2024-01-27,weekly_differenced,weekly_differenced_arima_p2_d0_q1,residual_acf,28,-0.040321595116485,0.1016666104897449,False
Germany,2024-01-27,weekly_differenced,weekly_differenced_arima_p2_d0_q1,residual_acf,29,-0.0115175257341936,0.1016666104897449,False
Germany,2024-01-27,weekly_differenced,weekly_differenced_arima_p2_d0_q1,residual_acf,3,-0.0450601721989144,0.1016666104897449,False
Germany,2024-01-27,weekly_differenced,weekly_differenced_arima_p2_d0_q1,residual_acf,30,0.05940045474735,0.1016666104897449,False
Germany,2024-01-27,weekly_differenced,weekly_differenced_arima_p2_d0_q1,residual_acf,31,-0.0055876856768115,0.1016666104897449,False
Germany,2024-01-27,weekly_differenced,weekly_differenced_arima_p2_d0_q1,residual_acf,32,0.0217341748905233,0.1016666104897449,False
Germany,2024-01-27,weekly_differenced,weekly_differenced_arima_p2_d0_q1,residual_acf,33,-0.0438176035757486,0.1016666104897449,False
Germany,2024-01-27,weekly_differenced,weekly_differenced_arima_p2_d0_q1,residual_acf,34,-0.0825127946957907,0.1016666104897449,False
Germany,2024-01-27,weekly_differenced,weekly_differenced_arima_p2_d0_q1,residual_acf,35,0.0122027846575378,0.1016666104897449,False
Germany,2024-01-27,weekly_differenced,weekly_differenced_arima_p2_d0_q1,residual_acf,36,0.0461296953006679,0.1016666104897449,False
Germany,2024-01-27,weekly_differenced,weekly_differenced_arima_p2_d0_q1,residual_acf,37,0.0529444734988601,0.1016666104897449,False
Germany,2024-01-27,weekly_differenced,weekly_differenced_arima_p2_d0_q1,residual_acf,38,-0.0441140127294331,0.1016666104897449,False
Germany,2024-01-27,weekly_differenced,weekly_differenced_arima_p2_d0_q1,residual_acf,39,-0.0542585401823827,0.1016666104897449,False
Germany,2024-01-27,weekly_differenced,weekly_differenced_arima_p2_d0_q1,residual_acf,4,-0.0808413600115796,0.1016666104897449,False
Germany,2024-01-27,weekly_differenced,weekly_differenced_arima_p2_d0_q1,residual_acf,40,0.0299292585162819,0.1016666104897449,False
Germany,2024-01-27,weekly_differenced,weekly_differenced_arima_p2_d0_q1,residual_acf,41,-0.0287660213297464,0.1016666104897449,False
Germany,2024-01-27,weekly_differenced,weekly_differenced_arima_p2_d0_q1,residual_acf,42,0.1163537042109846,0.1016666104897449,True
Germany,2024-01-27,weekly_differenced,weekly_differenced_arima_p2_d0_q1,residual_acf,43,0.0166844448653777,0.1016666104897449,False
Germany,2024-01-27,weekly_differenced,weekly_differenced_arima_p2_d0_q1,residual_acf,44,-0.0147346274731988,0.1016666104897449,False
Germany,2024-01-27,weekly_differenced,weekly_differenced_arima_p2_d0_q1,residual_acf,45,-0.0037297285235061,0.1016666104897449,False
Germany,2024-01-27,weekly_differenced,weekly_differenced_arima_p2_d0_q1,residual_acf,46,-0.0241992736707264,0.1016666104897449,False
Germany,2024-01-27,weekly_differenced,weekly_differenced_arima_p2_d0_q1,residual_acf,47,0.0272291555315797,0.1016666104897449,False
Germany,2024-01-27,weekly_differenced,weekly_differenced_arima_p2_d0_q1,residual_acf,48,0.105220844792888,0.1016666104897449,True
Germany,2024-01-27,weekly_differenced,weekly_differenced_arima_p2_d0_q1,residual_acf,5,-0.0230823975257032,0.1016666104897449,False
Germany,2024-01-27,weekly_differenced,weekly_differenced_arima_p2_d0_q1,residual_acf,6,0.0637377925787657,0.1016666104897449,False
Germany,2024-01-27,weekly_differenced,weekly_differenced_arima_p2_d0_q1,residual_acf,7,0.0447552541257686,0.1016666104897449,False
Germany,2024-01-27,weekly_differenced,weekly_differenced_arima_p2_d0_q1,residual_acf,8,-0.0423211516788066,0.1016666104897449,False
Germany,2024-01-27,weekly_differenced,weekly_differenced_arima_p2_d0_q1,residual_acf,9,-0.0665810332304832,0.1016666104897449,False
Germany,2024-01-27,weekly_differenced,weekly_differenced_arima_p2_d0_q2,ljung_box_pvalue,24,0.0006422001777103,0.01,True
Germany,2024-01-27,weekly_differenced,weekly_differenced_arima_p2_d0_q2,ljung_box_pvalue,48,0.0002496984553699,0.01,True
Germany,2024-01-27,weekly_differenced,weekly_differenced_arima_p2_d0_q2,ljung_box_statistic,24,46.71614410420322,0.01,True
Germany,2024-01-27,weekly_differenced,weekly_differenced_arima_p2_d0_q2,ljung_box_statistic,48,84.227614955198,0.01,True
Germany,2024-01-27,weekly_differenced,weekly_differenced_arima_p2_d0_q2,residual_acf,1,-0.0020408046389655,0.1016666104897449,False
Germany,2024-01-27,weekly_differenced,weekly_differenced_arima_p2_d0_q2,residual_acf,10,0.0094136823549595,0.1016666104897449,False
Germany,2024-01-27,weekly_differenced,weekly_differenced_arima_p2_d0_q2,residual_acf,11,0.0155365578589472,0.1016666104897449,False
Germany,2024-01-27,weekly_differenced,weekly_differenced_arima_p2_d0_q2,residual_acf,12,0.0437496715166956,0.1016666104897449,False
Germany,2024-01-27,weekly_differenced,weekly_differenced_arima_p2_d0_q2,residual_acf,13,0.0178974575065994,0.1016666104897449,False
Germany,2024-01-27,weekly_differenced,weekly_differenced_arima_p2_d0_q2,residual_acf,14,-0.0560502858405544,0.1016666104897449,False
Germany,2024-01-27,weekly_differenced,weekly_differenced_arima_p2_d0_q2,residual_acf,15,-0.069781952506467,0.1016666104897449,False
Germany,2024-01-27,weekly_differenced,weekly_differenced_arima_p2_d0_q2,residual_acf,16,-0.0359022417625393,0.1016666104897449,False
Germany,2024-01-27,weekly_differenced,weekly_differenced_arima_p2_d0_q2,residual_acf,17,-0.053889211180262,0.1016666104897449,False
Germany,2024-01-27,weekly_differenced,weekly_differenced_arima_p2_d0_q2,residual_acf,18,0.0949846447358839,0.1016666104897449,False
Germany,2024-01-27,weekly_differenced,weekly_differenced_arima_p2_d0_q2,residual_acf,19,-0.012586910339847,0.1016666104897449,False
Germany,2024-01-27,weekly_differenced,weekly_differenced_arima_p2_d0_q2,residual_acf,2,0.0110381544699868,0.1016666104897449,False
Germany,2024-01-27,weekly_differenced,weekly_differenced_arima_p2_d0_q2,residual_acf,20,-0.014041983623149,0.1016666104897449,False
Germany,2024-01-27,weekly_differenced,weekly_differenced_arima_p2_d0_q2,residual_acf,21,-0.0004294906334148,0.1016666104897449,False
Germany,2024-01-27,weekly_differenced,weekly_differenced_arima_p2_d0_q2,residual_acf,22,-0.0439102345817752,0.1016666104897449,False
Germany,2024-01-27,weekly_differenced,weekly_differenced_arima_p2_d0_q2,residual_acf,23,0.0761647062331065,0.1016666104897449,False
Germany,2024-01-27,weekly_differenced,weekly_differenced_arima_p2_d0_q2,residual_acf,24,0.1392060304451721,0.1016666104897449,True
Germany,2024-01-27,weekly_differenced,weekly_differenced_arima_p2_d0_q2,residual_acf,25,-0.0041379953563763,0.1016666104897449,False
Germany,2024-01-27,weekly_differenced,weekly_differenced_arima_p2_d0_q2,residual_acf,26,0.049642783981673,0.1016666104897449,False
Germany,2024-01-27,weekly_differenced,weekly_differenced_arima_p2_d0_q2,residual_acf,27,-0.0281291145825802,0.1016666104897449,False
Germany,2024-01-27,weekly_differenced,weekly_differenced_arima_p2_d0_q2,residual_acf,28,-0.0440943808935365,0.1016666104897449,False
Germany,2024-01-27,weekly_differenced,weekly_differenced_arima_p2_d0_q2,residual_acf,29,-0.0087355654579148,0.1016666104897449,False
Germany,2024-01-27,weekly_differenced,weekly_differenced_arima_p2_d0_q2,residual_acf,3,-0.0008302591974344,0.1016666104897449,False
Germany,2024-01-27,weekly_differenced,weekly_differenced_arima_p2_d0_q2,residual_acf,30,0.0570915487638707,0.1016666104897449,False
Germany,2024-01-27,weekly_differenced,weekly_differenced_arima_p2_d0_q2,residual_acf,31,-0.0098552195272721,0.1016666104897449,False
Germany,2024-01-27,weekly_differenced,weekly_differenced_arima_p2_d0_q2,residual_acf,32,0.0222660794371649,0.1016666104897449,False
Germany,2024-01-27,weekly_differenced,weekly_differenced_arima_p2_d0_q2,residual_acf,33,-0.0396920771593846,0.1016666104897449,False
Germany,2024-01-27,weekly_differenced,weekly_differenced_arima_p2_d0_q2,residual_acf,34,-0.0856655770975351,0.1016666104897449,False
Germany,2024-01-27,weekly_differenced,weekly_differenced_arima_p2_d0_q2,residual_acf,35,0.0088730630198243,0.1016666104897449,False
Germany,2024-01-27,weekly_differenced,weekly_differenced_arima_p2_d0_q2,residual_acf,36,0.0479472519872345,0.1016666104897449,False
Germany,2024-01-27,weekly_differenced,weekly_differenced_arima_p2_d0_q2,residual_acf,37,0.0508695561537475,0.1016666104897449,False
Germany,2024-01-27,weekly_differenced,weekly_differenced_arima_p2_d0_q2,residual_acf,38,-0.0479374252363156,0.1016666104897449,False
Germany,2024-01-27,weekly_differenced,weekly_differenced_arima_p2_d0_q2,residual_acf,39,-0.0502902914488365,0.1016666104897449,False
Germany,2024-01-27,weekly_differenced,weekly_differenced_arima_p2_d0_q2,residual_acf,4,-0.0749883656741679,0.1016666104897449,False
Germany,2024-01-27,weekly_differenced,weekly_differenced_arima_p2_d0_q2,residual_acf,40,0.0302075037068075,0.1016666104897449,False
Germany,2024-01-27,weekly_differenced,weekly_differenced_arima_p2_d0_q2,residual_acf,41,-0.0304259293910739,0.1016666104897449,False
Germany,2024-01-27,weekly_differenced,weekly_differenced_arima_p2_d0_q2,residual_acf,42,0.1122860201061342,0.1016666104897449,True
Germany,2024-01-27,weekly_differenced,weekly_differenced_arima_p2_d0_q2,residual_acf,43,0.0186546952571554,0.1016666104897449,False
Germany,2024-01-27,weekly_differenced,weekly_differenced_arima_p2_d0_q2,residual_acf,44,-0.0175689204579364,0.1016666104897449,False
Germany,2024-01-27,weekly_differenced,weekly_differenced_arima_p2_d0_q2,residual_acf,45,0.0031553912961434,0.1016666104897449,False
Germany,2024-01-27,weekly_differenced,weekly_differenced_arima_p2_d0_q2,residual_acf,46,-0.0224269861984933,0.1016666104897449,False
Germany,2024-01-27,weekly_differenced,weekly_differenced_arima_p2_d0_q2,residual_acf,47,0.0230934371004339,0.1016666104897449,False
Germany,2024-01-27,weekly_differenced,weekly_differenced_arima_p2_d0_q2,residual_acf,48,0.1035300171000993,0.1016666104897449,True
Germany,2024-01-27,weekly_differenced,weekly_differenced_arima_p2_d0_q2,residual_acf,5,-0.0242372596412583,0.1016666104897449,False
Germany,2024-01-27,weekly_differenced,weekly_differenced_arima_p2_d0_q2,residual_acf,6,0.0668140264985492,0.1016666104897449,False
Germany,2024-01-27,weekly_differenced,weekly_differenced_arima_p2_d0_q2,residual_acf,7,0.0443183723317164,0.1016666104897449,False
Germany,2024-01-27,weekly_differenced,weekly_differenced_arima_p2_d0_q2,residual_acf,8,-0.0472716596761984,0.1016666104897449,False
Germany,2024-01-27,weekly_differenced,weekly_differenced_arima_p2_d0_q2,residual_acf,9,-0.0666038084748493,0.1016666104897449,False
Germany,2024-01-27,weekly_differenced,weekly_differenced_arima_p3_d0_q1,ljung_box_pvalue,24,0.0003319122278694572,0.01,True
Germany,2024-01-27,weekly_differenced,weekly_differenced_arima_p3_d0_q1,ljung_box_pvalue,48,9.106018631741581e-05,0.01,True
Germany,2024-01-27,weekly_differenced,weekly_differenced_arima_p3_d0_q1,ljung_box_statistic,24,48.76514001899278,0.01,True
Germany,2024-01-27,weekly_differenced,weekly_differenced_arima_p3_d0_q1,ljung_box_statistic,48,88.02408134305387,0.01,True
Germany,2024-01-27,weekly_differenced,weekly_differenced_arima_p3_d0_q1,residual_acf,1,0.003112916677221649,0.10166661048974496,False
Germany,2024-01-27,weekly_differenced,weekly_differenced_arima_p3_d0_q1,residual_acf,10,0.015706669016294784,0.10166661048974496,False
Germany,2024-01-27,weekly_differenced,weekly_differenced_arima_p3_d0_q1,residual_acf,11,0.026652932161509157,0.10166661048974496,False
Germany,2024-01-27,weekly_differenced,weekly_differenced_arima_p3_d0_q1,residual_acf,12,0.05620962802558558,0.10166661048974496,False
Germany,2024-01-27,weekly_differenced,weekly_differenced_arima_p3_d0_q1,residual_acf,13,0.02346815338771571,0.10166661048974496,False
Germany,2024-01-27,weekly_differenced,weekly_differenced_arima_p3_d0_q1,residual_acf,14,-0.05269823371847849,0.10166661048974496,False
Germany,2024-01-27,weekly_differenced,weekly_differenced_arima_p3_d0_q1,residual_acf,15,-0.07543510038983398,0.10166661048974496,False
Germany,2024-01-27,weekly_differenced,weekly_differenced_arima_p3_d0_q1,residual_acf,16,-0.03447916819427137,0.10166661048974496,False
Germany,2024-01-27,weekly_differenced,weekly_differenced_arima_p3_d0_q1,residual_acf,17,-0.05128960733445749,0.10166661048974496,False
Germany,2024-01-27,weekly_differenced,weekly_differenced_arima_p3_d0_q1,residual_acf,18,0.09621543314644473,0.10166661048974496,False
Germany,2024-01-27,weekly_differenced,weekly_differenced_arima_p3_d0_q1,residual_acf,19,-0.013482514428128724,0.10166661048974496,False
Germany,2024-01-27,weekly_differenced,weekly_differenced_arima_p3_d0_q1,residual_acf,2,0.02935870088183,0.10166661048974496,False
Germany,2024-01-27,weekly_differenced,weekly_differenced_arima_p3_d0_q1,residual_acf,20,-0.02235346041588662,0.10166661048974496,False
Germany,2024-01-27,weekly_differenced,weekly_differenced_arima_p3_d0_q1,residual_acf,21,-0.019041302037601977,0.10166661048974496,False
Germany,2024-01-27,weekly_differenced,weekly_differenced_arima_p3_d0_q1,residual_acf,22,-0.05335399652348294,0.10166661048974496,False
Germany,2024-01-27,weekly_differenced,weekly_differenced_arima_p3_d0_q1,residual_acf,23,0.06337287411083767,0.10166661048974496,False
Germany,2024-01-27,weekly_differenced,weekly_differenced_arima_p3_d0_q1,residual_acf,24,0.1300172908672206,0.10166661048974496,True
Germany,2024-01-27,weekly_differenced,weekly_differenced_arima_p3_d0_q1,residual_acf,25,-0.010625858025784236,0.10166661048974496,False
Germany,2024-01-27,weekly_differenced,weekly_differenced_arima_p3_d0_q1,residual_acf,26,0.03669644737823501,0.10166661048974496,False
Germany,2024-01-27,weekly_differenced,weekly_differenced_arima_p3_d0_q1,residual_acf,27,-0.04569565714205892,0.10166661048974496,False
Germany,2024-01-27,weekly_differenced,weekly_differenced_arima_p3_d0_q1,residual_acf,28,-0.0504470753741563,0.10166661048974496,False
Germany,2024-01-27,weekly_differenced,weekly_differenced_arima_p3_d0_q1,residual_acf,29,-0.017740038526342136,0.10166661048974496,False
Germany,2024-01-27,weekly_differenced,weekly_differenced_arima_p3_d0_q1,residual_acf,3,-0.035641136172512716,0.10166661048974496,False
Germany,2024-01-27,weekly_differenced,weekly_differenced_arima_p3_d0_q1,residual_acf,30,0.05562867777434146,0.10166661048974496,False
Germany,2024-01-27,weekly_differenced,weekly_differenced_arima_p3_d0_q1,residual_acf,31,-0.008838093543482433,0.10166661048974496,False
Germany,2024-01-27,weekly_differenced,weekly_differenced_arima_p3_d0_q1,residual_acf,32,0.01692534663996388,0.10166661048974496,False
Germany,2024-01-27,weekly_differenced,weekly_differenced_arima_p3_d0_q1,residual_acf,33,-0.05072099039379992,0.10166661048974496,False
Germany,2024-01-27,weekly_differenced,weekly_differenced_arima_p3_d0_q1,residual_acf,34,-0.09102221507861402,0.10166661048974496,False
Germany,2024-01-27,weekly_differenced,weekly_differenced_arima_p3_d0_q1,residual_acf,35,0.0059188869203525615,0.10166661048974496,False
Germany,2024-01-27,weekly_differenced,weekly_differenced_arima_p3_d0_q1,residual_acf,36,0.04375671153826463,0.10166661048974496,False
Germany,2024-01-27,weekly_differenced,weekly_differenced_arima_p3_d0_q1,residual_acf,37,0.04749187230324111,0.10166661048974496,False
Germany,2024-01-27,weekly_differenced,weekly_differenced_arima_p3_d0_q1,residual_acf,38,-0.053318188397777695,0.10166661048974496,False
Germany,2024-01-27,weekly_differenced,weekly_differenced_arima_p3_d0_q1,residual_acf,39,-0.06399343277560657,0.10166661048974496,False
Germany,2024-01-27,weekly_differenced,weekly_differenced_arima_p3_d0_q1,residual_acf,4,-0.06543238848888001,0.10166661048974496,False
Germany,2024-01-27,weekly_differenced,weekly_differenced_arima_p3_d0_q1,residual_acf,40,0.019932592677397373,0.10166661048974496,False
Germany,2024-01-27,weekly_differenced,weekly_differenced_arima_p3_d0_q1,residual_acf,41,-0.034938952321783526,0.10166661048974496,False
Germany,2024-01-27,weekly_differenced,weekly_differenced_arima_p3_d0_q1,residual_acf,42,0.10891467850621277,0.10166661048974496,True
Germany,2024-01-27,weekly_differenced,weekly_differenced_arima_p3_d0_q1,residual_acf,43,0.010299030997526444,0.10166661048974496,False
Germany,2024-01-27,weekly_differenced,weekly_differenced_arima_p3_d0_q1,residual_acf,44,-0.025054762296504527,0.10166661048974496,False
Germany,2024-01-27,weekly_differenced,weekly_differenced_arima_p3_d0_q1,residual_acf,45,-0.014067691740298763,0.10166661048974496,False
Germany,2024-01-27,weekly_differenced,weekly_differenced_arima_p3_d0_q1,residual_acf,46,-0.03557432569279995,0.10166661048974496,False
Germany,2024-01-27,weekly_differenced,weekly_differenced_arima_p3_d0_q1,residual_acf,47,0.0161908935752872,0.10166661048974496,False
Germany,2024-01-27,weekly_differenced,weekly_differenced_arima_p3_d0_q1,residual_acf,48,0.09748883627672335,0.10166661048974496,False
Germany,2024-01-27,weekly_differenced,weekly_differenced_arima_p3_d0_q1,residual_acf,5,-0.0007222714659168706,0.10166661048974496,False
Germany,2024-01-27,weekly_differenced,weekly_differenced_arima_p3_d0_q1,residual_acf,6,0.08876720581514241,0.10166661048974496,False
Germany,2024-01-27,weekly_differenced,weekly_differenced_arima_p3_d0_q1,residual_acf,7,0.06554949198487825,0.10166661048974496,False
Germany,2024-01-27,weekly_differenced,weekly_differenced_arima_p3_d0_q1,residual_acf,8,-0.02980344821108013,0.10166661048974496,False
Germany,2024-01-27,weekly_differenced,weekly_differenced_arima_p3_d0_q1,residual_acf,9,-0.058297219374549826,0.10166661048974496,False
Germany,2024-02-15,weekly_differenced,weekly_differenced_arima_p1_d0_q1,ljung_box_pvalue,24,3.951507136650073e-13,0.01,True
Germany,2024-02-15,weekly_differenced,weekly_differenced_arima_p1_d0_q1,ljung_box_pvalue,48,5.5910030213705005e-15,0.01,True
Germany,2024-02-15,weekly_differenced,weekly_differenced_arima_p1_d0_q1,ljung_box_statistic,24,106.88699849294213,0.01,True
Germany,2024-02-15,weekly_differenced,weekly_differenced_arima_p1_d0_q1,ljung_box_statistic,48,162.9139305154902,0.01,True
Germany,2024-02-15,weekly_differenced,weekly_differenced_arima_p1_d0_q1,residual_acf,1,0.066238396743935,0.0777400272685092,False
Germany,2024-02-15,weekly_differenced,weekly_differenced_arima_p1_d0_q1,residual_acf,10,-0.0229492396234496,0.0777400272685092,False
Germany,2024-02-15,weekly_differenced,weekly_differenced_arima_p1_d0_q1,residual_acf,11,-0.0021151220504897,0.0777400272685092,False
Germany,2024-02-15,weekly_differenced,weekly_differenced_arima_p1_d0_q1,residual_acf,12,0.0228540900039204,0.0777400272685092,False
Germany,2024-02-15,weekly_differenced,weekly_differenced_arima_p1_d0_q1,residual_acf,13,-0.0081670206199678,0.0777400272685092,False
Germany,2024-02-15,weekly_differenced,weekly_differenced_arima_p1_d0_q1,residual_acf,14,-0.0469009936800351,0.0777400272685092,False
Germany,2024-02-15,weekly_differenced,weekly_differenced_arima_p1_d0_q1,residual_acf,15,-0.0754575606699403,0.0777400272685092,False
Germany,2024-02-15,weekly_differenced,weekly_differenced_arima_p1_d0_q1,residual_acf,16,-0.0242164822787833,0.0777400272685092,False
Germany,2024-02-15,weekly_differenced,weekly_differenced_arima_p1_d0_q1,residual_acf,17,-0.0680402572119953,0.0777400272685092,False
Germany,2024-02-15,weekly_differenced,weekly_differenced_arima_p1_d0_q1,residual_acf,18,-9.91127515585954e-05,0.0777400272685092,False
Germany,2024-02-15,weekly_differenced,weekly_differenced_arima_p1_d0_q1,residual_acf,19,-0.0376443067249375,0.0777400272685092,False
Germany,2024-02-15,weekly_differenced,weekly_differenced_arima_p1_d0_q1,residual_acf,2,0.1670483538380143,0.0777400272685092,True
Germany,2024-02-15,weekly_differenced,weekly_differenced_arima_p1_d0_q1,residual_acf,20,-0.040754822107397,0.0777400272685092,False
Germany,2024-02-15,weekly_differenced,weekly_differenced_arima_p1_d0_q1,residual_acf,21,0.0175421889428617,0.0777400272685092,False
Germany,2024-02-15,weekly_differenced,weekly_differenced_arima_p1_d0_q1,residual_acf,22,-0.0081252482581171,0.0777400272685092,False
Germany,2024-02-15,weekly_differenced,weekly_differenced_arima_p1_d0_q1,residual_acf,23,0.0905944898170674,0.0777400272685092,True
Germany,2024-02-15,weekly_differenced,weekly_differenced_arima_p1_d0_q1,residual_acf,24,0.1548537451290527,0.0777400272685092,True
Germany,2024-02-15,weekly_differenced,weekly_differenced_arima_p1_d0_q1,residual_acf,25,0.0514831473619279,0.0777400272685092,False
Germany,2024-02-15,weekly_differenced,weekly_differenced_arima_p1_d0_q1,residual_acf,26,0.0453933977133642,0.0777400272685092,False
Germany,2024-02-15,weekly_differenced,weekly_differenced_arima_p1_d0_q1,residual_acf,27,-0.0222431475829477,0.0777400272685092,False
Germany,2024-02-15,weekly_differenced,weekly_differenced_arima_p1_d0_q1,residual_acf,28,-0.0250223593811011,0.0777400272685092,False
Germany,2024-02-15,weekly_differenced,weekly_differenced_arima_p1_d0_q1,residual_acf,29,-0.0591296703433045,0.0777400272685092,False
Germany,2024-02-15,weekly_differenced,weekly_differenced_arima_p1_d0_q1,residual_acf,3,-0.0218943857744775,0.0777400272685092,False
Germany,2024-02-15,weekly_differenced,weekly_differenced_arima_p1_d0_q1,residual_acf,30,0.0167721604681489,0.0777400272685092,False
Germany,2024-02-15,weekly_differenced,weekly_differenced_arima_p1_d0_q1,residual_acf,31,-0.0298847224413925,0.0777400272685092,False
Germany,2024-02-15,weekly_differenced,weekly_differenced_arima_p1_d0_q1,residual_acf,32,-0.0060043760214775,0.0777400272685092,False
Germany,2024-02-15,weekly_differenced,weekly_differenced_arima_p1_d0_q1,residual_acf,33,-0.0159521810517193,0.0777400272685092,False
Germany,2024-02-15,weekly_differenced,weekly_differenced_arima_p1_d0_q1,residual_acf,34,-0.0808970278319027,0.0777400272685092,True
Germany,2024-02-15,weekly_differenced,weekly_differenced_arima_p1_d0_q1,residual_acf,35,0.0031676443438272,0.0777400272685092,False
Germany,2024-02-15,weekly_differenced,weekly_differenced_arima_p1_d0_q1,residual_acf,36,0.0352133313711758,0.0777400272685092,False
Germany,2024-02-15,weekly_differenced,weekly_differenced_arima_p1_d0_q1,residual_acf,37,0.0110853308200334,0.0777400272685092,False
Germany,2024-02-15,weekly_differenced,weekly_differenced_arima_p1_d0_q1,residual_acf,38,-0.0250231505582799,0.0777400272685092,False
Germany,2024-02-15,weekly_differenced,weekly_differenced_arima_p1_d0_q1,residual_acf,39,-0.0199474951983861,0.0777400272685092,False
Germany,2024-02-15,weekly_differenced,weekly_differenced_arima_p1_d0_q1,residual_acf,4,-0.0431889285652779,0.0777400272685092,False
Germany,2024-02-15,weekly_differenced,weekly_differenced_arima_p1_d0_q1,residual_acf,40,0.0236326842131825,0.0777400272685092,False
Germany,2024-02-15,weekly_differenced,weekly_differenced_arima_p1_d0_q1,residual_acf,41,-0.0241517831406007,0.0777400272685092,False
Germany,2024-02-15,weekly_differenced,weekly_differenced_arima_p1_d0_q1,residual_acf,42,0.0880787177446798,0.0777400272685092,True
Germany,2024-02-15,weekly_differenced,weekly_differenced_arima_p1_d0_q1,residual_acf,43,-0.0174592946711123,0.0777400272685092,False
Germany,2024-02-15,weekly_differenced,weekly_differenced_arima_p1_d0_q1,residual_acf,44,-0.0087747191429939,0.0777400272685092,False
Germany,2024-02-15,weekly_differenced,weekly_differenced_arima_p1_d0_q1,residual_acf,45,-0.0074130954098043,0.0777400272685092,False
Germany,2024-02-15,weekly_differenced,weekly_differenced_arima_p1_d0_q1,residual_acf,46,0.0179101944236539,0.0777400272685092,False
Germany,2024-02-15,weekly_differenced,weekly_differenced_arima_p1_d0_q1,residual_acf,47,0.0165986106874448,0.0777400272685092,False
Germany,2024-02-15,weekly_differenced,weekly_differenced_arima_p1_d0_q1,residual_acf,48,0.1393241889227255,0.0777400272685092,True
Germany,2024-02-15,weekly_differenced,weekly_differenced_arima_p1_d0_q1,residual_acf,5,-0.0796000528109789,0.0777400272685092,True
Germany,2024-02-15,weekly_differenced,weekly_differenced_arima_p1_d0_q1,residual_acf,6,-0.0100240994591551,0.0777400272685092,False
Germany,2024-02-15,weekly_differenced,weekly_differenced_arima_p1_d0_q1,residual_acf,7,-0.0040931422129053,0.0777400272685092,False
Germany,2024-02-15,weekly_differenced,weekly_differenced_arima_p1_d0_q1,residual_acf,8,-0.0555455100220707,0.0777400272685092,False
Germany,2024-02-15,weekly_differenced,weekly_differenced_arima_p1_d0_q1,residual_acf,9,-0.044929861794606,0.0777400272685092,False
Germany,2024-02-15,weekly_differenced,weekly_differenced_arima_p2_d0_q0,ljung_box_pvalue,24,6.905691246301281e-06,0.01,True
Germany,2024-02-15,weekly_differenced,weekly_differenced_arima_p2_d0_q0,ljung_box_pvalue,48,4.490842629700858e-09,0.01,True
Germany,2024-02-15,weekly_differenced,weekly_differenced_arima_p2_d0_q0,ljung_box_statistic,24,63.40629814804441,0.01,True
Germany,2024-02-15,weekly_differenced,weekly_differenced_arima_p2_d0_q0,ljung_box_statistic,48,123.91588952677355,0.01,True
Germany,2024-02-15,weekly_differenced,weekly_differenced_arima_p2_d0_q0,residual_acf,1,0.011572089686811,0.0777400272685092,False
Germany,2024-02-15,weekly_differenced,weekly_differenced_arima_p2_d0_q0,residual_acf,10,-0.008820635775571,0.0777400272685092,False
Germany,2024-02-15,weekly_differenced,weekly_differenced_arima_p2_d0_q0,residual_acf,11,0.0154090233244401,0.0777400272685092,False
Germany,2024-02-15,weekly_differenced,weekly_differenced_arima_p2_d0_q0,residual_acf,12,0.045402838332328,0.0777400272685092,False
Germany,2024-02-15,weekly_differenced,weekly_differenced_arima_p2_d0_q0,residual_acf,13,0.014436429837236,0.0777400272685092,False
Germany,2024-02-15,weekly_differenced,weekly_differenced_arima_p2_d0_q0,residual_acf,14,-0.0384477468826297,0.0777400272685092,False
Germany,2024-02-15,weekly_differenced,weekly_differenced_arima_p2_d0_q0,residual_acf,15,-0.0561122160141175,0.0777400272685092,False
Germany,2024-02-15,weekly_differenced,weekly_differenced_arima_p2_d0_q0,residual_acf,16,-0.003897623498656,0.0777400272685092,False
Germany,2024-02-15,weekly_differenced,weekly_differenced_arima_p2_d0_q0,residual_acf,17,-0.0428978772180117,0.0777400272685092,False
Germany,2024-02-15,weekly_differenced,weekly_differenced_arima_p2_d0_q0,residual_acf,18,0.026291957536402,0.0777400272685092,False
Germany,2024-02-15,weekly_differenced,weekly_differenced_arima_p2_d0_q0,residual_acf,19,-0.0205310900923702,0.0777400272685092,False
Germany,2024-02-15,weekly_differenced,weekly_differenced_arima_p2_d0_q0,residual_acf,2,0.0037219728837673,0.0777400272685092,False
Germany,2024-02-15,weekly_differenced,weekly_differenced_arima_p2_d0_q0,residual_acf,20,-0.0333143972480872,0.0777400272685092,False
Germany,2024-02-15,weekly_differenced,weekly_differenced_arima_p2_d0_q0,residual_acf,21,0.0171122049943959,0.0777400272685092,False
Germany,2024-02-15,weekly_differenced,weekly_differenced_arima_p2_d0_q0,residual_acf,22,-0.0298843042168365,0.0777400272685092,False
Germany,2024-02-15,weekly_differenced,weekly_differenced_arima_p2_d0_q0,residual_acf,23,0.0810657314404583,0.0777400272685092,True
Germany,2024-02-15,weekly_differenced,weekly_differenced_arima_p2_d0_q0,residual_acf,24,0.1558301537791576,0.0777400272685092,True
Germany,2024-02-15,weekly_differenced,weekly_differenced_arima_p2_d0_q0,residual_acf,25,0.0390616810357599,0.0777400272685092,False
Germany,2024-02-15,weekly_differenced,weekly_differenced_arima_p2_d0_q0,residual_acf,26,0.029126999600408,0.0777400272685092,False
Germany,2024-02-15,weekly_differenced,weekly_differenced_arima_p2_d0_q0,residual_acf,27,-0.0176793489754899,0.0777400272685092,False
Germany,2024-02-15,weekly_differenced,weekly_differenced_arima_p2_d0_q0,residual_acf,28,-0.0264637497454771,0.0777400272685092,False
Germany,2024-02-15,weekly_differenced,weekly_differenced_arima_p2_d0_q0,residual_acf,29,-0.0452581496456373,0.0777400272685092,False
Germany,2024-02-15,weekly_differenced,weekly_differenced_arima_p2_d0_q0,residual_acf,3,-0.0176205123366212,0.0777400272685092,False
Germany,2024-02-15,weekly_differenced,weekly_differenced_arima_p2_d0_q0,residual_acf,30,0.0374643163469227,0.0777400272685092,False
Germany,2024-02-15,weekly_differenced,weekly_differenced_arima_p2_d0_q0,residual_acf,31,-0.0108025614246209,0.0777400272685092,False
Germany,2024-02-15,weekly_differenced,weekly_differenced_arima_p2_d0_q0,residual_acf,32,0.0141965619864648,0.0777400272685092,False
Germany,2024-02-15,weekly_differenced,weekly_differenced_arima_p2_d0_q0,residual_acf,33,-0.0022286099604779,0.0777400272685092,False
Germany,2024-02-15,weekly_differenced,weekly_differenced_arima_p2_d0_q0,residual_acf,34,-0.0867037844088404,0.0777400272685092,True
Germany,2024-02-15,weekly_differenced,weekly_differenced_arima_p2_d0_q0,residual_acf,35,0.0113487697741158,0.0777400272685092,False
Germany,2024-02-15,weekly_differenced,weekly_differenced_arima_p2_d0_q0,residual_acf,36,0.0624389435054932,0.0777400272685092,False
Germany,2024-02-15,weekly_differenced,weekly_differenced_arima_p2_d0_q0,residual_acf,37,0.0196078976749317,0.0777400272685092,False
Germany,2024-02-15,weekly_differenced,weekly_differenced_arima_p2_d0_q0,residual_acf,38,-0.0313942773543653,0.0777400272685092,False
Germany,2024-02-15,weekly_differenced,weekly_differenced_arima_p2_d0_q0,residual_acf,39,-0.0140538560075041,0.0777400272685092,False
Germany,2024-02-15,weekly_differenced,weekly_differenced_arima_p2_d0_q0,residual_acf,4,-0.0626419385952064,0.0777400272685092,False
Germany,2024-02-15,weekly_differenced,weekly_differenced_arima_p2_d0_q0,residual_acf,40,0.0213556912074037,0.0777400272685092,False
Germany,2024-02-15,weekly_differenced,weekly_differenced_arima_p2_d0_q0,residual_acf,41,-0.0185336720470359,0.0777400272685092,False
Germany,2024-02-15,weekly_differenced,weekly_differenced_arima_p2_d0_q0,residual_acf,42,0.0985607779759994,0.0777400272685092,True
Germany,2024-02-15,weekly_differenced,weekly_differenced_arima_p2_d0_q0,residual_acf,43,-0.0100644742080007,0.0777400272685092,False
Germany,2024-02-15,weekly_differenced,weekly_differenced_arima_p2_d0_q0,residual_acf,44,-0.0225377951998083,0.0777400272685092,False
Germany,2024-02-15,weekly_differenced,weekly_differenced_arima_p2_d0_q0,residual_acf,45,-0.0027679613125711,0.0777400272685092,False
Germany,2024-02-15,weekly_differenced,weekly_differenced_arima_p2_d0_q0,residual_acf,46,-0.0005870721170017,0.0777400272685092,False
Germany,2024-02-15,weekly_differenced,weekly_differenced_arima_p2_d0_q0,residual_acf,47,0.0058997687701326,0.0777400272685092,False
Germany,2024-02-15,weekly_differenced,weekly_differenced_arima_p2_d0_q0,residual_acf,48,0.1466991685457103,0.0777400272685092,True
Germany,2024-02-15,weekly_differenced,weekly_differenced_arima_p2_d0_q0,residual_acf,5,-0.0676949448879003,0.0777400272685092,False
Germany,2024-02-15,weekly_differenced,weekly_differenced_arima_p2_d0_q0,residual_acf,6,0.0217545749972393,0.0777400272685092,False
Germany,2024-02-15,weekly_differenced,weekly_differenced_arima_p2_d0_q0,residual_acf,7,0.0305275743574934,0.0777400272685092,False
Germany,2024-02-15,weekly_differenced,weekly_differenced_arima_p2_d0_q0,residual_acf,8,-0.0420744115225933,0.0777400272685092,False
Germany,2024-02-15,weekly_differenced,weekly_differenced_arima_p2_d0_q0,residual_acf,9,-0.0351588116658604,0.0777400272685092,False
Germany,2024-02-15,weekly_differenced,weekly_differenced_arima_p2_d0_q1,ljung_box_pvalue,24,6.761754081285434e-06,0.01,True
Germany,2024-02-15,weekly_differenced,weekly_differenced_arima_p2_d0_q1,ljung_box_pvalue,48,7.269722619757975e-09,0.01,True
Germany,2024-02-15,weekly_differenced,weekly_differenced_arima_p2_d0_q1,ljung_box_statistic,24,61.81378302718508,0.01,True
Germany,2024-02-15,weekly_differenced,weekly_differenced_arima_p2_d0_q1,ljung_box_statistic,48,120.85425036007676,0.01,True
Germany,2024-02-15,weekly_differenced,weekly_differenced_arima_p2_d0_q1,residual_acf,1,-0.000876351145554,0.0777400272685092,False
Germany,2024-02-15,weekly_differenced,weekly_differenced_arima_p2_d0_q1,residual_acf,10,-0.0097681866244784,0.0777400272685092,False
Germany,2024-02-15,weekly_differenced,weekly_differenced_arima_p2_d0_q1,residual_acf,11,0.0124569808090339,0.0777400272685092,False
Germany,2024-02-15,weekly_differenced,weekly_differenced_arima_p2_d0_q1,residual_acf,12,0.0419987013224087,0.0777400272685092,False
Germany,2024-02-15,weekly_differenced,weekly_differenced_arima_p2_d0_q1,residual_acf,13,0.0118662938543913,0.0777400272685092,False
Germany,2024-02-15,weekly_differenced,weekly_differenced_arima_p2_d0_q1,residual_acf,14,-0.0387030056687604,0.0777400272685092,False
Germany,2024-02-15,weekly_differenced,weekly_differenced_arima_p2_d0_q1,residual_acf,15,-0.0570128622111286,0.0777400272685092,False
Germany,2024-02-15,weekly_differenced,weekly_differenced_arima_p2_d0_q1,residual_acf,16,-0.0042574642325702,0.0777400272685092,False
Germany,2024-02-15,weekly_differenced,weekly_differenced_arima_p2_d0_q1,residual_acf,17,-0.0465395662782853,0.0777400272685092,False
Germany,2024-02-15,weekly_differenced,weekly_differenced_arima_p2_d0_q1,residual_acf,18,0.0245785566287395,0.0777400272685092,False
Germany,2024-02-15,weekly_differenced,weekly_differenced_arima_p2_d0_q1,residual_acf,19,-0.0220740490996595,0.0777400272685092,False
Germany,2024-02-15,weekly_differenced,weekly_differenced_arima_p2_d0_q1,residual_acf,2,0.0216639311161342,0.0777400272685092,False
Germany,2024-02-15,weekly_differenced,weekly_differenced_arima_p2_d0_q1,residual_acf,20,-0.0337150622733732,0.0777400272685092,False
Germany,2024-02-15,weekly_differenced,weekly_differenced_arima_p2_d0_q1,residual_acf,21,0.0196101143802469,0.0777400272685092,False
Germany,2024-02-15,weekly_differenced,weekly_differenced_arima_p2_d0_q1,residual_acf,22,-0.0292213482153149,0.0777400272685092,False
Germany,2024-02-15,weekly_differenced,weekly_differenced_arima_p2_d0_q1,residual_acf,23,0.079899443994248,0.0777400272685092,True
Germany,2024-02-15,weekly_differenced,weekly_differenced_arima_p2_d0_q1,residual_acf,24,0.1534854935989244,0.0777400272685092,True
Germany,2024-02-15,weekly_differenced,weekly_differenced_arima_p2_d0_q1,residual_acf,25,0.0367377290811759,0.0777400272685092,False
Germany,2024-02-15,weekly_differenced,weekly_differenced_arima_p2_d0_q1,residual_acf,26,0.0310178111332017,0.0777400272685092,False
Germany,2024-02-15,weekly_differenced,weekly_differenced_arima_p2_d0_q1,residual_acf,27,-0.0170434814297622,0.0777400272685092,False
Germany,2024-02-15,weekly_differenced,weekly_differenced_arima_p2_d0_q1,residual_acf,28,-0.0248703626368178,0.0777400272685092,False
Germany,2024-02-15,weekly_differenced,weekly_differenced_arima_p2_d0_q1,residual_acf,29,-0.0464800338594236,0.0777400272685092,False
Germany,2024-02-15,weekly_differenced,weekly_differenced_arima_p2_d0_q1,residual_acf,3,-0.0111964760597419,0.0777400272685092,False
Germany,2024-02-15,weekly_differenced,weekly_differenced_arima_p2_d0_q1,residual_acf,30,0.0364071963743013,0.0777400272685092,False
Germany,2024-02-15,weekly_differenced,weekly_differenced_arima_p2_d0_q1,residual_acf,31,-0.0139909710725879,0.0777400272685092,False
Germany,2024-02-15,weekly_differenced,weekly_differenced_arima_p2_d0_q1,residual_acf,32,0.012254025314219,0.0777400272685092,False
Germany,2024-02-15,weekly_differenced,weekly_differenced_arima_p2_d0_q1,residual_acf,33,-0.0016861410651107,0.0777400272685092,False
Germany,2024-02-15,weekly_differenced,weekly_differenced_arima_p2_d0_q1,residual_acf,34,-0.0862233976910958,0.0777400272685092,True
Germany,2024-02-15,weekly_differenced,weekly_differenced_arima_p2_d0_q1,residual_acf,35,0.0108393725003792,0.0777400272685092,False
Germany,2024-02-15,weekly_differenced,weekly_differenced_arima_p2_d0_q1,residual_acf,36,0.0587832748864616,0.0777400272685092,False
Germany,2024-02-15,weekly_differenced,weekly_differenced_arima_p2_d0_q1,residual_acf,37,0.0178697188774472,0.0777400272685092,False
Germany,2024-02-15,weekly_differenced,weekly_differenced_arima_p2_d0_q1,residual_acf,38,-0.0307793670156988,0.0777400272685092,False
Germany,2024-02-15,weekly_differenced,weekly_differenced_arima_p2_d0_q1,residual_acf,39,-0.01360049647432,0.0777400272685092,False
Germany,2024-02-15,weekly_differenced,weekly_differenced_arima_p2_d0_q1,residual_acf,4,-0.0586433522202834,0.0777400272685092,False
Germany,2024-02-15,weekly_differenced,weekly_differenced_arima_p2_d0_q1,residual_acf,40,0.0222650329986202,0.0777400272685092,False
Germany,2024-02-15,weekly_differenced,weekly_differenced_arima_p2_d0_q1,residual_acf,41,-0.0214987992079702,0.0777400272685092,False
Germany,2024-02-15,weekly_differenced,weekly_differenced_arima_p2_d0_q1,residual_acf,42,0.0980209151803957,0.0777400272685092,True
Germany,2024-02-15,weekly_differenced,weekly_differenced_arima_p2_d0_q1,residual_acf,43,-0.0119078220571329,0.0777400272685092,False
Germany,2024-02-15,weekly_differenced,weekly_differenced_arima_p2_d0_q1,residual_acf,44,-0.0206513463239985,0.0777400272685092,False
Germany,2024-02-15,weekly_differenced,weekly_differenced_arima_p2_d0_q1,residual_acf,45,-0.0013469841507583,0.0777400272685092,False
Germany,2024-02-15,weekly_differenced,weekly_differenced_arima_p2_d0_q1,residual_acf,46,0.0017162270645898,0.0777400272685092,False
Germany,2024-02-15,weekly_differenced,weekly_differenced_arima_p2_d0_q1,residual_acf,47,0.0043500323115631,0.0777400272685092,False
Germany,2024-02-15,weekly_differenced,weekly_differenced_arima_p2_d0_q1,residual_acf,48,0.1449213764962423,0.0777400272685092,True
Germany,2024-02-15,weekly_differenced,weekly_differenced_arima_p2_d0_q1,residual_acf,5,-0.0673280805249868,0.0777400272685092,False
Germany,2024-02-15,weekly_differenced,weekly_differenced_arima_p2_d0_q1,residual_acf,6,0.0189903320516799,0.0777400272685092,False
Germany,2024-02-15,weekly_differenced,weekly_differenced_arima_p2_d0_q1,residual_acf,7,0.0271756824351303,0.0777400272685092,False
Germany,2024-02-15,weekly_differenced,weekly_differenced_arima_p2_d0_q1,residual_acf,8,-0.0436684557101409,0.0777400272685092,False
Germany,2024-02-15,weekly_differenced,weekly_differenced_arima_p2_d0_q1,residual_acf,9,-0.0347773388013453,0.0777400272685092,False
Germany,2024-02-15,weekly_differenced,weekly_differenced_arima_p2_d0_q2,ljung_box_pvalue,24,5.337810184490073e-06,0.01,True
Germany,2024-02-15,weekly_differenced,weekly_differenced_arima_p2_d0_q2,ljung_box_pvalue,48,5.987337341966249e-09,0.01,True
Germany,2024-02-15,weekly_differenced,weekly_differenced_arima_p2_d0_q2,ljung_box_statistic,24,60.80709134345448,0.01,True
Germany,2024-02-15,weekly_differenced,weekly_differenced_arima_p2_d0_q2,ljung_box_statistic,48,119.85635892231204,0.01,True
Germany,2024-02-15,weekly_differenced,weekly_differenced_arima_p2_d0_q2,residual_acf,1,-0.0005492673644105,0.0777400272685092,False
Germany,2024-02-15,weekly_differenced,weekly_differenced_arima_p2_d0_q2,residual_acf,10,-0.0100566680185455,0.0777400272685092,False
Germany,2024-02-15,weekly_differenced,weekly_differenced_arima_p2_d0_q2,residual_acf,11,0.0104701008699509,0.0777400272685092,False
Germany,2024-02-15,weekly_differenced,weekly_differenced_arima_p2_d0_q2,residual_acf,12,0.0401939845771453,0.0777400272685092,False
Germany,2024-02-15,weekly_differenced,weekly_differenced_arima_p2_d0_q2,residual_acf,13,0.0112346271908935,0.0777400272685092,False
Germany,2024-02-15,weekly_differenced,weekly_differenced_arima_p2_d0_q2,residual_acf,14,-0.0406597763878696,0.0777400272685092,False
Germany,2024-02-15,weekly_differenced,weekly_differenced_arima_p2_d0_q2,residual_acf,15,-0.0561701153583391,0.0777400272685092,False
Germany,2024-02-15,weekly_differenced,weekly_differenced_arima_p2_d0_q2,residual_acf,16,-0.0051281603990048,0.0777400272685092,False
Germany,2024-02-15,weekly_differenced,weekly_differenced_arima_p2_d0_q2,residual_acf,17,-0.0473105614522615,0.0777400272685092,False
Germany,2024-02-15,weekly_differenced,weekly_differenced_arima_p2_d0_q2,residual_acf,18,0.0237632059596704,0.0777400272685092,False
Germany,2024-02-15,weekly_differenced,weekly_differenced_arima_p2_d0_q2,residual_acf,19,-0.0226756428706781,0.0777400272685092,False
Germany,2024-02-15,weekly_differenced,weekly_differenced_arima_p2_d0_q2,residual_acf,2,0.0060382379503702,0.0777400272685092,False
Germany,2024-02-15,weekly_differenced,weekly_differenced_arima_p2_d0_q2,residual_acf,20,-0.0327834310075771,0.0777400272685092,False
Germany,2024-02-15,weekly_differenced,weekly_differenced_arima_p2_d0_q2,residual_acf,21,0.0214162807593005,0.0777400272685092,False
Germany,2024-02-15,weekly_differenced,weekly_differenced_arima_p2_d0_q2,residual_acf,22,-0.0308907978259544,0.0777400272685092,False
Germany,2024-02-15,weekly_differenced,weekly_differenced_arima_p2_d0_q2,residual_acf,23,0.0785442084024829,0.0777400272685092,True
Germany,2024-02-15,weekly_differenced,weekly_differenced_arima_p2_d0_q2,residual_acf,24,0.1530175135597797,0.0777400272685092,True
Germany,2024-02-15,weekly_differenced,weekly_differenced_arima_p2_d0_q2,residual_acf,25,0.0346064156414344,0.0777400272685092,False
Germany,2024-02-15,weekly_differenced,weekly_differenced_arima_p2_d0_q2,residual_acf,26,0.0294072817187625,0.0777400272685092,False
Germany,2024-02-15,weekly_differenced,weekly_differenced_arima_p2_d0_q2,residual_acf,27,-0.0137742361317795,0.0777400272685092,False
Germany,2024-02-15,weekly_differenced,weekly_differenced_arima_p2_d0_q2,residual_acf,28,-0.0251940549759321,0.0777400272685092,False
Germany,2024-02-15,weekly_differenced,weekly_differenced_arima_p2_d0_q2,residual_acf,29,-0.0457168687313144,0.0777400272685092,False
Germany,2024-02-15,weekly_differenced,weekly_differenced_arima_p2_d0_q2,residual_acf,3,0.0085182660941238,0.0777400272685092,False
Germany,2024-02-15,weekly_differenced,weekly_differenced_arima_p2_d0_q2,residual_acf,30,0.0358164484797266,0.0777400272685092,False
Germany,2024-02-15,weekly_differenced,weekly_differenced_arima_p2_d0_q2,residual_acf,31,-0.0156996677018543,0.0777400272685092,False
Germany,2024-02-15,weekly_differenced,weekly_differenced_arima_p2_d0_q2,residual_acf,32,0.0120857195909961,0.0777400272685092,False
Germany,2024-02-15,weekly_differenced,weekly_differenced_arima_p2_d0_q2,residual_acf,33,-0.0005681985211775,0.0777400272685092,False
Germany,2024-02-15,weekly_differenced,weekly_differenced_arima_p2_d0_q2,residual_acf,34,-0.0879808300396512,0.0777400272685092,True
Germany,2024-02-15,weekly_differenced,weekly_differenced_arima_p2_d0_q2,residual_acf,35,0.0095943230051673,0.0777400272685092,False
Germany,2024-02-15,weekly_differenced,weekly_differenced_arima_p2_d0_q2,residual_acf,36,0.0601840233275688,0.0777400272685092,False
Germany,2024-02-15,weekly_differenced,weekly_differenced_arima_p2_d0_q2,residual_acf,37,0.0161909887242624,0.0777400272685092,False
Germany,2024-02-15,weekly_differenced,weekly_differenced_arima_p2_d0_q2,residual_acf,38,-0.0325486895007354,0.0777400272685092,False
Germany,2024-02-15,weekly_differenced,weekly_differenced_arima_p2_d0_q2,residual_acf,39,-0.0113536781425315,0.0777400272685092,False
Germany,2024-02-15,weekly_differenced,weekly_differenced_arima_p2_d0_q2,residual_acf,4,-0.0548861759325004,0.0777400272685092,False
Germany,2024-02-15,weekly_differenced,weekly_differenced_arima_p2_d0_q2,residual_acf,40,0.0211217660895931,0.0777400272685092,False
Germany,2024-02-15,weekly_differenced,weekly_differenced_arima_p2_d0_q2,residual_acf,41,-0.0222827339975074,0.0777400272685092,False
Germany,2024-02-15,weekly_differenced,weekly_differenced_arima_p2_d0_q2,residual_acf,42,0.09736696260564,0.0777400272685092,True
Germany,2024-02-15,weekly_differenced,weekly_differenced_arima_p2_d0_q2,residual_acf,43,-0.0112122726162219,0.0777400272685092,False
Germany,2024-02-15,weekly_differenced,weekly_differenced_arima_p2_d0_q2,residual_acf,44,-0.0220945435328304,0.0777400272685092,False
Germany,2024-02-15,weekly_differenced,weekly_differenced_arima_p2_d0_q2,residual_acf,45,0.0030414322667722,0.0777400272685092,False
Germany,2024-02-15,weekly_differenced,weekly_differenced_arima_p2_d0_q2,residual_acf,46,0.0006250972100064,0.0777400272685092,False
Germany,2024-02-15,weekly_differenced,weekly_differenced_arima_p2_d0_q2,residual_acf,47,0.0026835831390892,0.0777400272685092,False
Germany,2024-02-15,weekly_differenced,weekly_differenced_arima_p2_d0_q2,residual_acf,48,0.1451464963559247,0.0777400272685092,True
Germany,2024-02-15,weekly_differenced,weekly_differenced_arima_p2_d0_q2,residual_acf,5,-0.0679201473522847,0.0777400272685092,False
Germany,2024-02-15,weekly_differenced,weekly_differenced_arima_p2_d0_q2,residual_acf,6,0.0198794326256169,0.0777400272685092,False
Germany,2024-02-15,weekly_differenced,weekly_differenced_arima_p2_d0_q2,residual_acf,7,0.0270077114992884,0.0777400272685092,False
Germany,2024-02-15,weekly_differenced,weekly_differenced_arima_p2_d0_q2,residual_acf,8,-0.0455878063096415,0.0777400272685092,False
Germany,2024-02-15,weekly_differenced,weekly_differenced_arima_p2_d0_q2,residual_acf,9,-0.0354522716882423,0.0777400272685092,False
Germany,2024-02-15,weekly_differenced,weekly_differenced_arima_p3_d0_q1,ljung_box_pvalue,24,2.8233539207336378e-06,0.01,True
Germany,2024-02-15,weekly_differenced,weekly_differenced_arima_p3_d0_q1,ljung_box_pvalue,48,2.576623935585115e-09,0.01,True
Germany,2024-02-15,weekly_differenced,weekly_differenced_arima_p3_d0_q1,ljung_box_statistic,24,62.575878328790886,0.01,True
Germany,2024-02-15,weekly_differenced,weekly_differenced_arima_p3_d0_q1,ljung_box_statistic,48,122.40591234220852,0.01,True
Germany,2024-02-15,weekly_differenced,weekly_differenced_arima_p3_d0_q1,residual_acf,1,0.0054606673396473,0.0777400272685092,False
Germany,2024-02-15,weekly_differenced,weekly_differenced_arima_p3_d0_q1,residual_acf,10,-0.0088371290271808,0.0777400272685092,False
Germany,2024-02-15,weekly_differenced,weekly_differenced_arima_p3_d0_q1,residual_acf,11,0.0146893961020803,0.0777400272685092,False
Germany,2024-02-15,weekly_differenced,weekly_differenced_arima_p3_d0_q1,residual_acf,12,0.0444919116799664,0.0777400272685092,False
Germany,2024-02-15,weekly_differenced,weekly_differenced_arima_p3_d0_q1,residual_acf,13,0.0134676460598555,0.0777400272685092,False
Germany,2024-02-15,weekly_differenced,weekly_differenced_arima_p3_d0_q1,residual_acf,14,-0.0376829020707882,0.0777400272685092,False
Germany,2024-02-15,weekly_differenced,weekly_differenced_arima_p3_d0_q1,residual_acf,15,-0.0564768563997096,0.0777400272685092,False
Germany,2024-02-15,weekly_differenced,weekly_differenced_arima_p3_d0_q1,residual_acf,16,-0.0035905590961455,0.0777400272685092,False
Germany,2024-02-15,weekly_differenced,weekly_differenced_arima_p3_d0_q1,residual_acf,17,-0.0440316863740388,0.0777400272685092,False
Germany,2024-02-15,weekly_differenced,weekly_differenced_arima_p3_d0_q1,residual_acf,18,0.0258068888398572,0.0777400272685092,False
Germany,2024-02-15,weekly_differenced,weekly_differenced_arima_p3_d0_q1,residual_acf,19,-0.0208453860850291,0.0777400272685092,False
Germany,2024-02-15,weekly_differenced,weekly_differenced_arima_p3_d0_q1,residual_acf,2,0.0170326211269917,0.0777400272685092,False
Germany,2024-02-15,weekly_differenced,weekly_differenced_arima_p3_d0_q1,residual_acf,20,-0.0330837702454106,0.0777400272685092,False
Germany,2024-02-15,weekly_differenced,weekly_differenced_arima_p3_d0_q1,residual_acf,21,0.0179426357746762,0.0777400272685092,False
Germany,2024-02-15,weekly_differenced,weekly_differenced_arima_p3_d0_q1,residual_acf,22,-0.0286536582773814,0.0777400272685092,False
Germany,2024-02-15,weekly_differenced,weekly_differenced_arima_p3_d0_q1,residual_acf,23,0.0809138215113067,0.0777400272685092,True
Germany,2024-02-15,weekly_differenced,weekly_differenced_arima_p3_d0_q1,residual_acf,24,0.1549722051490095,0.0777400272685092,True
Germany,2024-02-15,weekly_differenced,weekly_differenced_arima_p3_d0_q1,residual_acf,25,0.0386788735349878,0.0777400272685092,False
Germany,2024-02-15,weekly_differenced,weekly_differenced_arima_p3_d0_q1,residual_acf,26,0.0306794858000358,0.0777400272685092,False
Germany,2024-02-15,weekly_differenced,weekly_differenced_arima_p3_d0_q1,residual_acf,27,-0.0178514341480267,0.0777400272685092,False
Germany,2024-02-15,weekly_differenced,weekly_differenced_arima_p3_d0_q1,residual_acf,28,-0.0250769161968051,0.0777400272685092,False
Germany,2024-02-15,weekly_differenced,weekly_differenced_arima_p3_d0_q1,residual_acf,29,-0.0457283605684671,0.0777400272685092,False
Germany,2024-02-15,weekly_differenced,weekly_differenced_arima_p3_d0_q1,residual_acf,3,-0.0198641515341259,0.0777400272685092,False
Germany,2024-02-15,weekly_differenced,weekly_differenced_arima_p3_d0_q1,residual_acf,30,0.0372726864285061,0.0777400272685092,False
Germany,2024-02-15,weekly_differenced,weekly_differenced_arima_p3_d0_q1,residual_acf,31,-0.0116692009000545,0.0777400272685092,False
Germany,2024-02-15,weekly_differenced,weekly_differenced_arima_p3_d0_q1,residual_acf,32,0.0136835257813841,0.0777400272685092,False
Germany,2024-02-15,weekly_differenced,weekly_differenced_arima_p3_d0_q1,residual_acf,33,-0.002108073870041,0.0777400272685092,False
Germany,2024-02-15,weekly_differenced,weekly_differenced_arima_p3_d0_q1,residual_acf,34,-0.0856564600916384,0.0777400272685092,True
Germany,2024-02-15,weekly_differenced,weekly_differenced_arima_p3_d0_q1,residual_acf,35,0.0115189979436658,0.0777400272685092,False
Germany,2024-02-15,weekly_differenced,weekly_differenced_arima_p3_d0_q1,residual_acf,36,0.060704975590758,0.0777400272685092,False
Germany,2024-02-15,weekly_differenced,weekly_differenced_arima_p3_d0_q1,residual_acf,37,0.0193165237829014,0.0777400272685092,False
Germany,2024-02-15,weekly_differenced,weekly_differenced_arima_p3_d0_q1,residual_acf,38,-0.0303455440022031,0.0777400272685092,False
Germany,2024-02-15,weekly_differenced,weekly_differenced_arima_p3_d0_q1,residual_acf,39,-0.0141885551823427,0.0777400272685092,False
Germany,2024-02-15,weekly_differenced,weekly_differenced_arima_p3_d0_q1,residual_acf,4,-0.0588543805625861,0.0777400272685092,False
Germany,2024-02-15,weekly_differenced,weekly_differenced_arima_p3_d0_q1,residual_acf,40,0.0223894774148222,0.0777400272685092,False
Germany,2024-02-15,weekly_differenced,weekly_differenced_arima_p3_d0_q1,residual_acf,41,-0.0195349453438705,0.0777400272685092,False
Germany,2024-02-15,weekly_differenced,weekly_differenced_arima_p3_d0_q1,residual_acf,42,0.0986898867292709,0.0777400272685092,True
Germany,2024-02-15,weekly_differenced,weekly_differenced_arima_p3_d0_q1,residual_acf,43,-0.0110225740243163,0.0777400272685092,False
Germany,2024-02-15,weekly_differenced,weekly_differenced_arima_p3_d0_q1,residual_acf,44,-0.0206186739050877,0.0777400272685092,False
Germany,2024-02-15,weekly_differenced,weekly_differenced_arima_p3_d0_q1,residual_acf,45,-0.0030614942663697,0.0777400272685092,False
Germany,2024-02-15,weekly_differenced,weekly_differenced_arima_p3_d0_q1,residual_acf,46,0.0012549296519729,0.0777400272685092,False
Germany,2024-02-15,weekly_differenced,weekly_differenced_arima_p3_d0_q1,residual_acf,47,0.0056941639372091,0.0777400272685092,False
Germany,2024-02-15,weekly_differenced,weekly_differenced_arima_p3_d0_q1,residual_acf,48,0.145981089837173,0.0777400272685092,True
Germany,2024-02-15,weekly_differenced,weekly_differenced_arima_p3_d0_q1,residual_acf,5,-0.0679663084918181,0.0777400272685092,False
Germany,2024-02-15,weekly_differenced,weekly_differenced_arima_p3_d0_q1,residual_acf,6,0.021100764256196,0.0777400272685092,False
Germany,2024-02-15,weekly_differenced,weekly_differenced_arima_p3_d0_q1,residual_acf,7,0.0290790635635042,0.0777400272685092,False
Germany,2024-02-15,weekly_differenced,weekly_differenced_arima_p3_d0_q1,residual_acf,8,-0.0418957624312259,0.0777400272685092,False
Germany,2024-02-15,weekly_differenced,weekly_differenced_arima_p3_d0_q1,residual_acf,9,-0.0346497652953076,0.0777400272685092,False
Germany,2024-03-31,weekly_differenced,weekly_differenced_arima_p1_d0_q1,ljung_box_pvalue,24,1.0124825011652969e-18,0.01,True
Germany,2024-03-31,weekly_differenced,weekly_differenced_arima_p1_d0_q1,ljung_box_pvalue,48,1.9711151127639578e-17,0.01,True
Germany,2024-03-31,weekly_differenced,weekly_differenced_arima_p1_d0_q1,ljung_box_statistic,24,137.5907422836586,0.01,True
Germany,2024-03-31,weekly_differenced,weekly_differenced_arima_p1_d0_q1,ljung_box_statistic,48,178.06187698657595,0.01,True
Germany,2024-03-31,weekly_differenced,weekly_differenced_arima_p1_d0_q1,residual_acf,1,0.048920192569656,0.0551971838889862,False
Germany,2024-03-31,weekly_differenced,weekly_differenced_arima_p1_d0_q1,residual_acf,10,-0.0158570514964895,0.0551971838889862,False
Germany,2024-03-31,weekly_differenced,weekly_differenced_arima_p1_d0_q1,residual_acf,11,0.0055612827832067,0.0551971838889862,False
Germany,2024-03-31,weekly_differenced,weekly_differenced_arima_p1_d0_q1,residual_acf,12,0.0479001036805872,0.0551971838889862,False
Germany,2024-03-31,weekly_differenced,weekly_differenced_arima_p1_d0_q1,residual_acf,13,-0.0035620953324848,0.0551971838889862,False
Germany,2024-03-31,weekly_differenced,weekly_differenced_arima_p1_d0_q1,residual_acf,14,-0.0302044488258963,0.0551971838889862,False
Germany,2024-03-31,weekly_differenced,weekly_differenced_arima_p1_d0_q1,residual_acf,15,-0.0789616998277684,0.0551971838889862,True
Germany,2024-03-31,weekly_differenced,weekly_differenced_arima_p1_d0_q1,residual_acf,16,-0.0095143423565883,0.0551971838889862,False
Germany,2024-03-31,weekly_differenced,weekly_differenced_arima_p1_d0_q1,residual_acf,17,-0.0570210577504366,0.0551971838889862,True
Germany,2024-03-31,weekly_differenced,weekly_differenced_arima_p1_d0_q1,residual_acf,18,-0.0113661334157958,0.0551971838889862,False
Germany,2024-03-31,weekly_differenced,weekly_differenced_arima_p1_d0_q1,residual_acf,19,-0.043402848309949,0.0551971838889862,False
Germany,2024-03-31,weekly_differenced,weekly_differenced_arima_p1_d0_q1,residual_acf,2,0.1105631750618527,0.0551971838889862,True
Germany,2024-03-31,weekly_differenced,weekly_differenced_arima_p1_d0_q1,residual_acf,20,0.0287523119118912,0.0551971838889862,False
Germany,2024-03-31,weekly_differenced,weekly_differenced_arima_p1_d0_q1,residual_acf,21,-0.0061425532009878,0.0551971838889862,False
Germany,2024-03-31,weekly_differenced,weekly_differenced_arima_p1_d0_q1,residual_acf,22,0.0083769409093307,0.0551971838889862,False
Germany,2024-03-31,weekly_differenced,weekly_differenced_arima_p1_d0_q1,residual_acf,23,0.0464620728080034,0.0551971838889862,False
Germany,2024-03-31,weekly_differenced,weekly_differenced_arima_p1_d0_q1,residual_acf,24,0.1402773713180667,0.0551971838889862,True
Germany,2024-03-31,weekly_differenced,weekly_differenced_arima_p1_d0_q1,residual_acf,25,0.006424415074764,0.0551971838889862,False
Germany,2024-03-31,weekly_differenced,weekly_differenced_arima_p1_d0_q1,residual_acf,26,0.0116035134409472,0.0551971838889862,False
Germany,2024-03-31,weekly_differenced,weekly_differenced_arima_p1_d0_q1,residual_acf,27,-0.0263954137645455,0.0551971838889862,False
Germany,2024-03-31,weekly_differenced,weekly_differenced_arima_p1_d0_q1,residual_acf,28,-0.0063406225532225,0.0551971838889862,False
Germany,2024-03-31,weekly_differenced,weekly_differenced_arima_p1_d0_q1,residual_acf,29,-0.0286208007630226,0.0551971838889862,False
Germany,2024-03-31,weekly_differenced,weekly_differenced_arima_p1_d0_q1,residual_acf,3,-0.0422975222330367,0.0551971838889862,False
Germany,2024-03-31,weekly_differenced,weekly_differenced_arima_p1_d0_q1,residual_acf,30,0.005711003545931,0.0551971838889862,False
Germany,2024-03-31,weekly_differenced,weekly_differenced_arima_p1_d0_q1,residual_acf,31,-0.0020734416629237,0.0551971838889862,False
Germany,2024-03-31,weekly_differenced,weekly_differenced_arima_p1_d0_q1,residual_acf,32,0.0197579467821754,0.0551971838889862,False
Germany,2024-03-31,weekly_differenced,weekly_differenced_arima_p1_d0_q1,residual_acf,33,-0.0145451933516565,0.0551971838889862,False
Germany,2024-03-31,weekly_differenced,weekly_differenced_arima_p1_d0_q1,residual_acf,34,-0.03577530432207,0.0551971838889862,False
Germany,2024-03-31,weekly_differenced,weekly_differenced_arima_p1_d0_q1,residual_acf,35,-0.0218188361619107,0.0551971838889862,False
Germany,2024-03-31,weekly_differenced,weekly_differenced_arima_p1_d0_q1,residual_acf,36,0.024552426651062,0.0551971838889862,False
Germany,2024-03-31,weekly_differenced,weekly_differenced_arima_p1_d0_q1,residual_acf,37,0.0042563108070389,0.0551971838889862,False
Germany,2024-03-31,weekly_differenced,weekly_differenced_arima_p1_d0_q1,residual_acf,38,-0.0148211460212614,0.0551971838889862,False
Germany,2024-03-31,weekly_differenced,weekly_differenced_arima_p1_d0_q1,residual_acf,39,-0.0168796188488474,0.0551971838889862,False
Germany,2024-03-31,weekly_differenced,weekly_differenced_arima_p1_d0_q1,residual_acf,4,0.0056389415233981,0.0551971838889862,False
Germany,2024-03-31,weekly_differenced,weekly_differenced_arima_p1_d0_q1,residual_acf,40,0.0215602455772923,0.0551971838889862,False
Germany,2024-03-31,weekly_differenced,weekly_differenced_arima_p1_d0_q1,residual_acf,41,-0.0165128917020928,0.0551971838889862,False
Germany,2024-03-31,weekly_differenced,weekly_differenced_arima_p1_d0_q1,residual_acf,42,0.0433229772329794,0.0551971838889862,False
Germany,2024-03-31,weekly_differenced,weekly_differenced_arima_p1_d0_q1,residual_acf,43,-0.0028180371364521,0.0551971838889862,False
Germany,2024-03-31,weekly_differenced,weekly_differenced_arima_p1_d0_q1,residual_acf,44,0.012709612860197,0.0551971838889862,False
Germany,2024-03-31,weekly_differenced,weekly_differenced_arima_p1_d0_q1,residual_acf,45,-0.0117743867595082,0.0551971838889862,False
Germany,2024-03-31,weekly_differenced,weekly_differenced_arima_p1_d0_q1,residual_acf,46,0.0079917966151467,0.0551971838889862,False
Germany,2024-03-31,weekly_differenced,weekly_differenced_arima_p1_d0_q1,residual_acf,47,0.0149193572187307,0.0551971838889862,False
Germany,2024-03-31,weekly_differenced,weekly_differenced_arima_p1_d0_q1,residual_acf,48,0.0986954504337755,0.0551971838889862,True
Germany,2024-03-31,weekly_differenced,weekly_differenced_arima_p1_d0_q1,residual_acf,5,-0.0639613854231781,0.0551971838889862,True
Germany,2024-03-31,weekly_differenced,weekly_differenced_arima_p1_d0_q1,residual_acf,6,-0.0380383883484358,0.0551971838889862,False
Germany,2024-03-31,weekly_differenced,weekly_differenced_arima_p1_d0_q1,residual_acf,7,-0.0314024131400283,0.0551971838889862,False
Germany,2024-03-31,weekly_differenced,weekly_differenced_arima_p1_d0_q1,residual_acf,8,-0.0317541539981204,0.0551971838889862,False
Germany,2024-03-31,weekly_differenced,weekly_differenced_arima_p1_d0_q1,residual_acf,9,-0.0297418459896659,0.0551971838889862,False
Germany,2024-03-31,weekly_differenced,weekly_differenced_arima_p2_d0_q0,ljung_box_pvalue,24,4.0069673697011325e-11,0.01,True
Germany,2024-03-31,weekly_differenced,weekly_differenced_arima_p2_d0_q0,ljung_box_pvalue,48,2.2862056513439136e-11,0.01,True
Germany,2024-03-31,weekly_differenced,weekly_differenced_arima_p2_d0_q0,ljung_box_statistic,24,95.43515593733729,0.01,True
Germany,2024-03-31,weekly_differenced,weekly_differenced_arima_p2_d0_q0,ljung_box_statistic,48,139.61117691674932,0.01,True
Germany,2024-03-31,weekly_differenced,weekly_differenced_arima_p2_d0_q0,residual_acf,1,0.0246564733698699,0.0551971838889862,False
Germany,2024-03-31,weekly_differenced,weekly_differenced_arima_p2_d0_q0,residual_acf,10,-0.0115691917186036,0.0551971838889862,False
Germany,2024-03-31,weekly_differenced,weekly_differenced_arima_p2_d0_q0,residual_acf,11,0.0173506569932379,0.0551971838889862,False
Germany,2024-03-31,weekly_differenced,weekly_differenced_arima_p2_d0_q0,residual_acf,12,0.0636559413192342,0.0551971838889862,True
Germany,2024-03-31,weekly_differenced,weekly_differenced_arima_p2_d0_q0,residual_acf,13,0.0144960454433024,0.0551971838889862,False
Germany,2024-03-31,weekly_differenced,weekly_differenced_arima_p2_d0_q0,residual_acf,14,-0.0280987350320505,0.0551971838889862,False
Germany,2024-03-31,weekly_differenced,weekly_differenced_arima_p2_d0_q0,residual_acf,15,-0.0640176471555147,0.0551971838889862,True
Germany,2024-03-31,weekly_differenced,weekly_differenced_arima_p2_d0_q0,residual_acf,16,0.0070993808301696,0.0551971838889862,False
Germany,2024-03-31,weekly_differenced,weekly_differenced_arima_p2_d0_q0,residual_acf,17,-0.032071142172483,0.0551971838889862,False
Germany,2024-03-31,weekly_differenced,weekly_differenced_arima_p2_d0_q0,residual_acf,18,-0.0047973366763996,0.0551971838889862,False
Germany,2024-03-31,weekly_differenced,weekly_differenced_arima_p2_d0_q0,residual_acf,19,-0.0283044402552386,0.0551971838889862,False
Germany,2024-03-31,weekly_differenced,weekly_differenced_arima_p2_d0_q0,residual_acf,2,-0.0401863181396639,0.0551971838889862,False
Germany,2024-03-31,weekly_differenced,weekly_differenced_arima_p2_d0_q0,residual_acf,20,0.0379532112349263,0.0551971838889862,False
Germany,2024-03-31,weekly_differenced,weekly_differenced_arima_p2_d0_q0,residual_acf,21,-0.0017309109244178,0.0551971838889862,False
Germany,2024-03-31,weekly_differenced,weekly_differenced_arima_p2_d0_q0,residual_acf,22,-0.0136055532959728,0.0551971838889862,False
Germany,2024-03-31,weekly_differenced,weekly_differenced_arima_p2_d0_q0,residual_acf,23,0.0492241971171427,0.0551971838889862,False
Germany,2024-03-31,weekly_differenced,weekly_differenced_arima_p2_d0_q0,residual_acf,24,0.1454393799332236,0.0551971838889862,True
Germany,2024-03-31,weekly_differenced,weekly_differenced_arima_p2_d0_q0,residual_acf,25,0.0054194092705102,0.0551971838889862,False
Germany,2024-03-31,weekly_differenced,weekly_differenced_arima_p2_d0_q0,residual_acf,26,-0.0028583351723722,0.0551971838889862,False
Germany,2024-03-31,weekly_differenced,weekly_differenced_arima_p2_d0_q0,residual_acf,27,-0.0182951935210095,0.0551971838889862,False
Germany,2024-03-31,weekly_differenced,weekly_differenced_arima_p2_d0_q0,residual_acf,28,-0.0013149067725043,0.0551971838889862,False
Germany,2024-03-31,weekly_differenced,weekly_differenced_arima_p2_d0_q0,residual_acf,29,-0.019159858045308,0.0551971838889862,False
Germany,2024-03-31,weekly_differenced,weekly_differenced_arima_p2_d0_q0,residual_acf,3,-0.0358827938910718,0.0551971838889862,False
Germany,2024-03-31,weekly_differenced,weekly_differenced_arima_p2_d0_q0,residual_acf,30,0.01051459257818,0.0551971838889862,False
Germany,2024-03-31,weekly_differenced,weekly_differenced_arima_p2_d0_q0,residual_acf,31,0.0099477439050521,0.0551971838889862,False
Germany,2024-03-31,weekly_differenced,weekly_differenced_arima_p2_d0_q0,residual_acf,32,0.0314892459663772,0.0551971838889862,False
Germany,2024-03-31,weekly_differenced,weekly_differenced_arima_p2_d0_q0,residual_acf,33,-0.0057375886511314,0.0551971838889862,False
Germany,2024-03-31,weekly_differenced,weekly_differenced_arima_p2_d0_q0,residual_acf,34,-0.0373033493935139,0.0551971838889862,False
Germany,2024-03-31,weekly_differenced,weekly_differenced_arima_p2_d0_q0,residual_acf,35,-0.015151094391464,0.0551971838889862,False
Germany,2024-03-31,weekly_differenced,weekly_differenced_arima_p2_d0_q0,residual_acf,36,0.0387241676622035,0.0551971838889862,False
Germany,2024-03-31,weekly_differenced,weekly_differenced_arima_p2_d0_q0,residual_acf,37,0.013717617227742,0.0551971838889862,False
Germany,2024-03-31,weekly_differenced,weekly_differenced_arima_p2_d0_q0,residual_acf,38,-0.0178733933542846,0.0551971838889862,False
Germany,2024-03-31,weekly_differenced,weekly_differenced_arima_p2_d0_q0,residual_acf,39,-0.0111693718638233,0.0551971838889862,False
Germany,2024-03-31,weekly_differenced,weekly_differenced_arima_p2_d0_q0,residual_acf,4,0.0052345099147301,0.0551971838889862,False
Germany,2024-03-31,weekly_differenced,weekly_differenced_arima_p2_d0_q0,residual_acf,40,0.0235751215123154,0.0551971838889862,False
Germany,2024-03-31,weekly_differenced,weekly_differenced_arima_p2_d0_q0,residual_acf,41,-0.0111225666664465,0.0551971838889862,False
Germany,2024-03-31,weekly_differenced,weekly_differenced_arima_p2_d0_q0,residual_acf,42,0.0444973664853631,0.0551971838889862,False
Germany,2024-03-31,weekly_differenced,weekly_differenced_arima_p2_d0_q0,residual_acf,43,0.0049659544666142,0.0551971838889862,False
Germany,2024-03-31,weekly_differenced,weekly_differenced_arima_p2_d0_q0,residual_acf,44,0.0104902558659562,0.0551971838889862,False
Germany,2024-03-31,weekly_differenced,weekly_differenced_arima_p2_d0_q0,residual_acf,45,-0.0094668699235211,0.0551971838889862,False
Germany,2024-03-31,weekly_differenced,weekly_differenced_arima_p2_d0_q0,residual_acf,46,-0.004805537175727,0.0551971838889862,False
Germany,2024-03-31,weekly_differenced,weekly_differenced_arima_p2_d0_q0,residual_acf,47,0.0134783929318194,0.0551971838889862,False
Germany,2024-03-31,weekly_differenced,weekly_differenced_arima_p2_d0_q0,residual_acf,48,0.1051074159547829,0.0551971838889862,True
Germany,2024-03-31,weekly_differenced,weekly_differenced_arima_p2_d0_q0,residual_acf,5,-0.0448648717832541,0.0551971838889862,False
Germany,2024-03-31,weekly_differenced,weekly_differenced_arima_p2_d0_q0,residual_acf,6,-0.0237465987879019,0.0551971838889862,False
Germany,2024-03-31,weekly_differenced,weekly_differenced_arima_p2_d0_q0,residual_acf,7,-0.0071171158240034,0.0551971838889862,False
Germany,2024-03-31,weekly_differenced,weekly_differenced_arima_p2_d0_q0,residual_acf,8,-0.0148379410101621,0.0551971838889862,False
Germany,2024-03-31,weekly_differenced,weekly_differenced_arima_p2_d0_q0,residual_acf,9,-0.0183276650696486,0.0551971838889862,False
Germany,2024-03-31,weekly_differenced,weekly_differenced_arima_p2_d0_q1,ljung_box_pvalue,24,3.908848279276034e-10,0.01,True
Germany,2024-03-31,weekly_differenced,weekly_differenced_arima_p2_d0_q1,ljung_box_pvalue,48,4.671167640926663e-10,0.01,True
Germany,2024-03-31,weekly_differenced,weekly_differenced_arima_p2_d0_q1,ljung_box_statistic,24,87.76594447975013,0.01,True
Germany,2024-03-31,weekly_differenced,weekly_differenced_arima_p2_d0_q1,ljung_box_statistic,48,129.12575374349663,0.01,True
Germany,2024-03-31,weekly_differenced,weekly_differenced_arima_p2_d0_q1,residual_acf,1,0.0006018301775309,0.0551971838889862,False
Germany,2024-03-31,weekly_differenced,weekly_differenced_arima_p2_d0_q1,residual_acf,10,-0.0116898393228324,0.0551971838889862,False
Germany,2024-03-31,weekly_differenced,weekly_differenced_arima_p2_d0_q1,residual_acf,11,0.0128105538503346,0.0551971838889862,False
Germany,2024-03-31,weekly_differenced,weekly_differenced_arima_p2_d0_q1,residual_acf,12,0.0580754646690694,0.0551971838889862,True
Germany,2024-03-31,weekly_differenced,weekly_differenced_arima_p2_d0_q1,residual_acf,13,0.0089151215331156,0.0551971838889862,False
Germany,2024-03-31,weekly_differenced,weekly_differenced_arima_p2_d0_q1,residual_acf,14,-0.0261293766231604,0.0551971838889862,False
Germany,2024-03-31,weekly_differenced,weekly_differenced_arima_p2_d0_q1,residual_acf,15,-0.0662482607629237,0.0551971838889862,True
Germany,2024-03-31,weekly_differenced,weekly_differenced_arima_p2_d0_q1,residual_acf,16,0.006011991010033,0.0551971838889862,False
Germany,2024-03-31,weekly_differenced,weekly_differenced_arima_p2_d0_q1,residual_acf,17,-0.0387551241089598,0.0551971838889862,False
Germany,2024-03-31,weekly_differenced,weekly_differenced_arima_p2_d0_q1,residual_acf,18,-0.0041575653060602,0.0551971838889862,False
Germany,2024-03-31,weekly_differenced,weekly_differenced_arima_p2_d0_q1,residual_acf,19,-0.0328144945002803,0.0551971838889862,False
Germany,2024-03-31,weekly_differenced,weekly_differenced_arima_p2_d0_q1,residual_acf,2,0.0079924279395134,0.0551971838889862,False
Germany,2024-03-31,weekly_differenced,weekly_differenced_arima_p2_d0_q1,residual_acf,20,0.0371277697113362,0.0551971838889862,False
Germany,2024-03-31,weekly_differenced,weekly_differenced_arima_p2_d0_q1,residual_acf,21,-0.0013110525215403,0.0551971838889862,False
Germany,2024-03-31,weekly_differenced,weekly_differenced_arima_p2_d0_q1,residual_acf,22,-0.0077369518459894,0.0551971838889862,False
Germany,2024-03-31,weekly_differenced,weekly_differenced_arima_p2_d0_q1,residual_acf,23,0.0452738363015692,0.0551971838889862,False
Germany,2024-03-31,weekly_differenced,weekly_differenced_arima_p2_d0_q1,residual_acf,24,0.1427417928627703,0.0551971838889862,True
Germany,2024-03-31,weekly_differenced,weekly_differenced_arima_p2_d0_q1,residual_acf,25,0.0017968793361076,0.0551971838889862,False
Germany,2024-03-31,weekly_differenced,weekly_differenced_arima_p2_d0_q1,residual_acf,26,0.0034107523978575,0.0551971838889862,False
Germany,2024-03-31,weekly_differenced,weekly_differenced_arima_p2_d0_q1,residual_acf,27,-0.0182504817291687,0.0551971838889862,False
Germany,2024-03-31,weekly_differenced,weekly_differenced_arima_p2_d0_q1,residual_acf,28,-0.0007585233188065,0.0551971838889862,False
Germany,2024-03-31,weekly_differenced,weekly_differenced_arima_p2_d0_q1,residual_acf,29,-0.0210644575839629,0.0551971838889862,False
Germany,2024-03-31,weekly_differenced,weekly_differenced_arima_p2_d0_q1,residual_acf,3,-0.026143722978449,0.0551971838889862,False
Germany,2024-03-31,weekly_differenced,weekly_differenced_arima_p2_d0_q1,residual_acf,30,0.0101398012117679,0.0551971838889862,False
Germany,2024-03-31,weekly_differenced,weekly_differenced_arima_p2_d0_q1,residual_acf,31,0.0058448204208439,0.0551971838889862,False
Germany,2024-03-31,weekly_differenced,weekly_differenced_arima_p2_d0_q1,residual_acf,32,0.0282851024169971,0.0551971838889862,False
Germany,2024-03-31,weekly_differenced,weekly_differenced_arima_p2_d0_q1,residual_acf,33,-0.006681272874267,0.0551971838889862,False
Germany,2024-03-31,weekly_differenced,weekly_differenced_arima_p2_d0_q1,residual_acf,34,-0.0350153001706536,0.0551971838889862,False
Germany,2024-03-31,weekly_differenced,weekly_differenced_arima_p2_d0_q1,residual_acf,35,-0.0164143683425785,0.0551971838889862,False
Germany,2024-03-31,weekly_differenced,weekly_differenced_arima_p2_d0_q1,residual_acf,36,0.0346477597338669,0.0551971838889862,False
Germany,2024-03-31,weekly_differenced,weekly_differenced_arima_p2_d0_q1,residual_acf,37,0.0107718329100128,0.0551971838889862,False
Germany,2024-03-31,weekly_differenced,weekly_differenced_arima_p2_d0_q1,residual_acf,38,-0.0164318972064232,0.0551971838889862,False
Germany,2024-03-31,weekly_differenced,weekly_differenced_arima_p2_d0_q1,residual_acf,39,-0.0115215954245806,0.0551971838889862,False
Germany,2024-03-31,weekly_differenced,weekly_differenced_arima_p2_d0_q1,residual_acf,4,0.0080284769492777,0.0551971838889862,False
Germany,2024-03-31,weekly_differenced,weekly_differenced_arima_p2_d0_q1,residual_acf,40,0.0245123969988079,0.0551971838889862,False
Germany,2024-03-31,weekly_differenced,weekly_differenced_arima_p2_d0_q1,residual_acf,41,-0.014307348335585,0.0551971838889862,False
Germany,2024-03-31,weekly_differenced,weekly_differenced_arima_p2_d0_q1,residual_acf,42,0.045031698466108,0.0551971838889862,False
Germany,2024-03-31,weekly_differenced,weekly_differenced_arima_p2_d0_q1,residual_acf,43,0.0019144320249546,0.0551971838889862,False
Germany,2024-03-31,weekly_differenced,weekly_differenced_arima_p2_d0_q1,residual_acf,44,0.0121885425246113,0.0551971838889862,False
Germany,2024-03-31,weekly_differenced,weekly_differenced_arima_p2_d0_q1,residual_acf,45,-0.0081193450779307,0.0551971838889862,False
Germany,2024-03-31,weekly_differenced,weekly_differenced_arima_p2_d0_q1,residual_acf,46,5.226436371856608e-05,0.0551971838889862,False
Germany,2024-03-31,weekly_differenced,weekly_differenced_arima_p2_d0_q1,residual_acf,47,0.0114709897548212,0.0551971838889862,False
Germany,2024-03-31,weekly_differenced,weekly_differenced_arima_p2_d0_q1,residual_acf,48,0.1021031336237677,0.0551971838889862,True
Germany,2024-03-31,weekly_differenced,weekly_differenced_arima_p2_d0_q1,residual_acf,5,-0.0476488070084217,0.0551971838889862,False
Germany,2024-03-31,weekly_differenced,weekly_differenced_arima_p2_d0_q1,residual_acf,6,-0.025521425857496,0.0551971838889862,False
Germany,2024-03-31,weekly_differenced,weekly_differenced_arima_p2_d0_q1,residual_acf,7,-0.0117385540769232,0.0551971838889862,False
Germany,2024-03-31,weekly_differenced,weekly_differenced_arima_p2_d0_q1,residual_acf,8,-0.0185421243902414,0.0551971838889862,False
Germany,2024-03-31,weekly_differenced,weekly_differenced_arima_p2_d0_q1,residual_acf,9,-0.019272551827524,0.0551971838889862,False
Germany,2024-03-31,weekly_differenced,weekly_differenced_arima_p2_d0_q2,ljung_box_pvalue,24,4.1117504906408887e-10,0.01,True
Germany,2024-03-31,weekly_differenced,weekly_differenced_arima_p2_d0_q2,ljung_box_pvalue,48,9.140318776018744e-10,0.01,True
Germany,2024-03-31,weekly_differenced,weekly_differenced_arima_p2_d0_q2,ljung_box_statistic,24,85.72007501627536,0.01,True
Germany,2024-03-31,weekly_differenced,weekly_differenced_arima_p2_d0_q2,ljung_box_statistic,48,125.50473194396189,0.01,True
Germany,2024-03-31,weekly_differenced,weekly_differenced_arima_p2_d0_q2,residual_acf,1,-0.0007850332330062,0.0551971838889862,False
Germany,2024-03-31,weekly_differenced,weekly_differenced_arima_p2_d0_q2,residual_acf,10,-0.0133527072267326,0.0551971838889862,False
Germany,2024-03-31,weekly_differenced,weekly_differenced_arima_p2_d0_q2,residual_acf,11,0.0100287320885988,0.0551971838889862,False
Germany,2024-03-31,weekly_differenced,weekly_differenced_arima_p2_d0_q2,residual_acf,12,0.0541535692916035,0.0551971838889862,False
Germany,2024-03-31,weekly_differenced,weekly_differenced_arima_p2_d0_q2,residual_acf,13,0.0073294994933763,0.0551971838889862,False
Germany,2024-03-31,weekly_differenced,weekly_differenced_arima_p2_d0_q2,residual_acf,14,-0.0284854946147206,0.0551971838889862,False
Germany,2024-03-31,weekly_differenced,weekly_differenced_arima_p2_d0_q2,residual_acf,15,-0.0662723442887228,0.0551971838889862,True
Germany,2024-03-31,weekly_differenced,weekly_differenced_arima_p2_d0_q2,residual_acf,16,0.0037137561690288,0.0551971838889862,False
Germany,2024-03-31,weekly_differenced,weekly_differenced_arima_p2_d0_q2,residual_acf,17,-0.0400176781787507,0.0551971838889862,False
Germany,2024-03-31,weekly_differenced,weekly_differenced_arima_p2_d0_q2,residual_acf,18,-0.0074181794574439,0.0551971838889862,False
Germany,2024-03-31,weekly_differenced,weekly_differenced_arima_p2_d0_q2,residual_acf,19,-0.0343411616854771,0.0551971838889862,False
Germany,2024-03-31,weekly_differenced,weekly_differenced_arima_p2_d0_q2,residual_acf,2,0.0038566241604986,0.0551971838889862,False
Germany,2024-03-31,weekly_differenced,weekly_differenced_arima_p2_d0_q2,residual_acf,20,0.0357841658170205,0.0551971838889862,False
Germany,2024-03-31,weekly_differenced,weekly_differenced_arima_p2_d0_q2,residual_acf,21,0.001453168609972,0.0551971838889862,False
Germany,2024-03-31,weekly_differenced,weekly_differenced_arima_p2_d0_q2,residual_acf,22,-0.0102052337867275,0.0551971838889862,False
Germany,2024-03-31,weekly_differenced,weekly_differenced_arima_p2_d0_q2,residual_acf,23,0.0452497242645232,0.0551971838889862,False
Germany,2024-03-31,weekly_differenced,weekly_differenced_arima_p2_d0_q2,residual_acf,24,0.1411241095079481,0.0551971838889862,True
Germany,2024-03-31,weekly_differenced,weekly_differenced_arima_p2_d0_q2,residual_acf,25,0.0001808619264295,0.0551971838889862,False
Germany,2024-03-31,weekly_differenced,weekly_differenced_arima_p2_d0_q2,residual_acf,26,0.0027979850680651,0.0551971838889862,False
Germany,2024-03-31,weekly_differenced,weekly_differenced_arima_p2_d0_q2,residual_acf,27,-0.0152597180631322,0.0551971838889862,False
Germany,2024-03-31,weekly_differenced,weekly_differenced_arima_p2_d0_q2,residual_acf,28,-0.0021044515800809,0.0551971838889862,False
Germany,2024-03-31,weekly_differenced,weekly_differenced_arima_p2_d0_q2,residual_acf,29,-0.0215589791795078,0.0551971838889862,False
Germany,2024-03-31,weekly_differenced,weekly_differenced_arima_p2_d0_q2,residual_acf,3,0.0010022344644625,0.0551971838889862,False
Germany,2024-03-31,weekly_differenced,weekly_differenced_arima_p2_d0_q2,residual_acf,30,0.008322691827327,0.0551971838889862,False
Germany,2024-03-31,weekly_differenced,weekly_differenced_arima_p2_d0_q2,residual_acf,31,0.0037416738757435,0.0551971838889862,False
Germany,2024-03-31,weekly_differenced,weekly_differenced_arima_p2_d0_q2,residual_acf,32,0.026028752050141,0.0551971838889862,False
Germany,2024-03-31,weekly_differenced,weekly_differenced_arima_p2_d0_q2,residual_acf,33,-0.0065872368946445,0.0551971838889862,False
Germany,2024-03-31,weekly_differenced,weekly_differenced_arima_p2_d0_q2,residual_acf,34,-0.0357558193151736,0.0551971838889862,False
Germany,2024-03-31,weekly_differenced,weekly_differenced_arima_p2_d0_q2,residual_acf,35,-0.0174486043253044,0.0551971838889862,False
Germany,2024-03-31,weekly_differenced,weekly_differenced_arima_p2_d0_q2,residual_acf,36,0.0330721911533899,0.0551971838889862,False
Germany,2024-03-31,weekly_differenced,weekly_differenced_arima_p2_d0_q2,residual_acf,37,0.0094025189255794,0.0551971838889862,False
Germany,2024-03-31,weekly_differenced,weekly_differenced_arima_p2_d0_q2,residual_acf,38,-0.0182433020288535,0.0551971838889862,False
Germany,2024-03-31,weekly_differenced,weekly_differenced_arima_p2_d0_q2,residual_acf,39,-0.0102501320779376,0.0551971838889862,False
Germany,2024-03-31,weekly_differenced,weekly_differenced_arima_p2_d0_q2,residual_acf,4,0.0043107602707918,0.0551971838889862,False
Germany,2024-03-31,weekly_differenced,weekly_differenced_arima_p2_d0_q2,residual_acf,40,0.023764474581096,0.0551971838889862,False
Germany,2024-03-31,weekly_differenced,weekly_differenced_arima_p2_d0_q2,residual_acf,41,-0.0156003515840987,0.0551971838889862,False
Germany,2024-03-31,weekly_differenced,weekly_differenced_arima_p2_d0_q2,residual_acf,42,0.0436066744437291,0.0551971838889862,False
Germany,2024-03-31,weekly_differenced,weekly_differenced_arima_p2_d0_q2,residual_acf,43,0.001633003698113,0.0551971838889862,False
Germany,2024-03-31,weekly_differenced,weekly_differenced_arima_p2_d0_q2,residual_acf,44,0.0108369830050416,0.0551971838889862,False
Germany,2024-03-31,weekly_differenced,weekly_differenced_arima_p2_d0_q2,residual_acf,45,-0.0049617080702257,0.0551971838889862,False
Germany,2024-03-31,weekly_differenced,weekly_differenced_arima_p2_d0_q2,residual_acf,46,-0.0002106226208532,0.0551971838889862,False
Germany,2024-03-31,weekly_differenced,weekly_differenced_arima_p2_d0_q2,residual_acf,47,0.0102939262934198,0.0551971838889862,False
Germany,2024-03-31,weekly_differenced,weekly_differenced_arima_p2_d0_q2,residual_acf,48,0.1010447662009895,0.0551971838889862,True
Germany,2024-03-31,weekly_differenced,weekly_differenced_arima_p2_d0_q2,residual_acf,5,-0.0495796431508402,0.0551971838889862,False
Germany,2024-03-31,weekly_differenced,weekly_differenced_arima_p2_d0_q2,residual_acf,6,-0.0277433489621855,0.0551971838889862,False
Germany,2024-03-31,weekly_differenced,weekly_differenced_arima_p2_d0_q2,residual_acf,7,-0.0136412069857209,0.0551971838889862,False
Germany,2024-03-31,weekly_differenced,weekly_differenced_arima_p2_d0_q2,residual_acf,8,-0.0214592702351999,0.0551971838889862,False
Germany,2024-03-31,weekly_differenced,weekly_differenced_arima_p2_d0_q2,residual_acf,9,-0.0199371483214694,0.0551971838889862,False
Germany,2024-03-31,weekly_differenced,weekly_differenced_arima_p3_d0_q1,ljung_box_pvalue,24,1.521385243992443e-08,0.01,True
Germany,2024-03-31,weekly_differenced,weekly_differenced_arima_p3_d0_q1,ljung_box_pvalue,48,1.3578993304347042e-08,0.01,True
Germany,2024-03-31,weekly_differenced,weekly_differenced_arima_p3_d0_q1,ljung_box_statistic,24,76.51330165553311,0.01,True
Germany,2024-03-31,weekly_differenced,weekly_differenced_arima_p3_d0_q1,ljung_box_statistic,48,117.35391781630707,0.01,True
Germany,2024-03-31,weekly_differenced,weekly_differenced_arima_p3_d0_q1,residual_acf,1,0.011536740171124155,0.055197183888986256,False
Germany,2024-03-31,weekly_differenced,weekly_differenced_arima_p3_d0_q1,residual_acf,10,-0.0045053490422156455,0.055197183888986256,False
Germany,2024-03-31,weekly_differenced,weekly_differenced_arima_p3_d0_q1,residual_acf,11,0.019764691360800633,0.055197183888986256,False
Germany,2024-03-31,weekly_differenced,weekly_differenced_arima_p3_d0_q1,residual_acf,12,0.06417583970461004,0.055197183888986256,True
Germany,2024-03-31,weekly_differenced,weekly_differenced_arima_p3_d0_q1,residual_acf,13,0.014277007509732466,0.055197183888986256,False
Germany,2024-03-31,weekly_differenced,weekly_differenced_arima_p3_d0_q1,residual_acf,14,-0.026560655415903005,0.055197183888986256,False
Germany,2024-03-31,weekly_differenced,weekly_differenced_arima_p3_d0_q1,residual_acf,15,-0.0630251886243228,0.055197183888986256,True
Germany,2024-03-31,weekly_differenced,weekly_differenced_arima_p3_d0_q1,residual_acf,16,0.008668016639255122,0.055197183888986256,False
Germany,2024-03-31,weekly_differenced,weekly_differenced_arima_p3_d0_q1,residual_acf,17,-0.033730054477313275,0.055197183888986256,False
Germany,2024-03-31,weekly_differenced,weekly_differenced_arima_p3_d0_q1,residual_acf,18,-0.006765348640392424,0.055197183888986256,False
Germany,2024-03-31,weekly_differenced,weekly_differenced_arima_p3_d0_q1,residual_acf,19,-0.033213617404536454,0.055197183888986256,False
Germany,2024-03-31,weekly_differenced,weekly_differenced_arima_p3_d0_q1,residual_acf,2,-0.024347852313958526,0.055197183888986256,False
Germany,2024-03-31,weekly_differenced,weekly_differenced_arima_p3_d0_q1,residual_acf,20,0.03307876837415849,0.055197183888986256,False
Germany,2024-03-31,weekly_differenced,weekly_differenced_arima_p3_d0_q1,residual_acf,21,-0.009250704952866297,0.055197183888986256,False
Germany,2024-03-31,weekly_differenced,weekly_differenced_arima_p3_d0_q1,residual_acf,22,-0.023998334940625095,0.055197183888986256,False
Germany,2024-03-31,weekly_differenced,weekly_differenced_arima_p3_d0_q1,residual_acf,23,0.035320695609943754,0.055197183888986256,False
Germany,2024-03-31,weekly_differenced,weekly_differenced_arima_p3_d0_q1,residual_acf,24,0.13220897915854177,0.055197183888986256,True
Germany,2024-03-31,weekly_differenced,weekly_differenced_arima_p3_d0_q1,residual_acf,25,-0.00857411172762126,0.055197183888986256,False
Germany,2024-03-31,weekly_differenced,weekly_differenced_arima_p3_d0_q1,residual_acf,26,-0.01178832367197895,0.055197183888986256,False
Germany,2024-03-31,weekly_differenced,weekly_differenced_arima_p3_d0_q1,residual_acf,27,-0.025760049862368684,0.055197183888986256,False
Germany,2024-03-31,weekly_differenced,weekly_differenced_arima_p3_d0_q1,residual_acf,28,-0.008081797079386627,0.055197183888986256,False
Germany,2024-03-31,weekly_differenced,weekly_differenced_arima_p3_d0_q1,residual_acf,29,-0.02731354899101592,0.055197183888986256,False
Germany,2024-03-31,weekly_differenced,weekly_differenced_arima_p3_d0_q1,residual_acf,3,-0.009731825121422535,0.055197183888986256,False
Germany,2024-03-31,weekly_differenced,weekly_differenced_arima_p3_d0_q1,residual_acf,30,0.0017647259604204866,0.055197183888986256,False
Germany,2024-03-31,weekly_differenced,weekly_differenced_arima_p3_d0_q1,residual_acf,31,-0.00047493629275729526,0.055197183888986256,False
Germany,2024-03-31,weekly_differenced,weekly_differenced_arima_p3_d0_q1,residual_acf,32,0.021835518026057776,0.055197183888986256,False
Germany,2024-03-31,weekly_differenced,weekly_differenced_arima_p3_d0_q1,residual_acf,33,-0.014831161300480896,0.055197183888986256,False
Germany,2024-03-31,weekly_differenced,weekly_differenced_arima_p3_d0_q1,residual_acf,34,-0.046181695386712324,0.055197183888986256,False
Germany,2024-03-31,weekly_differenced,weekly_differenced_arima_p3_d0_q1,residual_acf,35,-0.024907578020029433,0.055197183888986256,False
Germany,2024-03-31,weekly_differenced,weekly_differenced_arima_p3_d0_q1,residual_acf,36,0.028913066024381096,0.055197183888986256,False
Germany,2024-03-31,weekly_differenced,weekly_differenced_arima_p3_d0_q1,residual_acf,37,0.0038538487197055556,0.055197183888986256,False
Germany,2024-03-31,weekly_differenced,weekly_differenced_arima_p3_d0_q1,residual_acf,38,-0.026792024114092303,0.055197183888986256,False
Germany,2024-03-31,weekly_differenced,weekly_differenced_arima_p3_d0_q1,residual_acf,39,-0.019592574598378865,0.055197183888986256,False
Germany,2024-03-31,weekly_differenced,weekly_differenced_arima_p3_d0_q1,residual_acf,4,0.033901269120521826,0.055197183888986256,False
Germany,2024-03-31,weekly_differenced,weekly_differenced_arima_p3_d0_q1,residual_acf,40,0.015594444165886002,0.055197183888986256,False
Germany,2024-03-31,weekly_differenced,weekly_differenced_arima_p3_d0_q1,residual_acf,41,-0.021002729902600065,0.055197183888986256,False
Germany,2024-03-31,weekly_differenced,weekly_differenced_arima_p3_d0_q1,residual_acf,42,0.03621470290643225,0.055197183888986256,False
Germany,2024-03-31,weekly_differenced,weekly_differenced_arima_p3_d0_q1,residual_acf,43,-0.003857288177857009,0.055197183888986256,False
Germany,2024-03-31,weekly_differenced,weekly_differenced_arima_p3_d0_q1,residual_acf,44,0.0034202015989948193,0.055197183888986256,False
Germany,2024-03-31,weekly_differenced,weekly_differenced_arima_p3_d0_q1,residual_acf,45,-0.016553279504367323,0.055197183888986256,False
Germany,2024-03-31,weekly_differenced,weekly_differenced_arima_p3_d0_q1,residual_acf,46,-0.012847396501794164,0.055197183888986256,False
Germany,2024-03-31,weekly_differenced,weekly_differenced_arima_p3_d0_q1,residual_acf,47,0.002024133679621134,0.055197183888986256,False
Germany,2024-03-31,weekly_differenced,weekly_differenced_arima_p3_d0_q1,residual_acf,48,0.09390280789040742,0.055197183888986256,True
Germany,2024-03-31,weekly_differenced,weekly_differenced_arima_p3_d0_q1,residual_acf,5,-0.019484317138625234,0.055197183888986256,False
Germany,2024-03-31,weekly_differenced,weekly_differenced_arima_p3_d0_q1,residual_acf,6,-0.001064147144925263,0.055197183888986256,False
Germany,2024-03-31,weekly_differenced,weekly_differenced_arima_p3_d0_q1,residual_acf,7,0.011738769741387819,0.055197183888986256,False
Germany,2024-03-31,weekly_differenced,weekly_differenced_arima_p3_d0_q1,residual_acf,8,0.00015970195646178108,0.055197183888986256,False
Germany,2024-03-31,weekly_differenced,weekly_differenced_arima_p3_d0_q1,residual_acf,9,-0.006858005043749723,0.055197183888986256,False
Germany,2024-04-01,weekly_differenced,weekly_differenced_arima_p1_d0_q1,ljung_box_pvalue,24,6.333545051098379e-17,0.01,True
Germany,2024-04-01,weekly_differenced,weekly_differenced_arima_p1_d0_q1,ljung_box_pvalue,48,5.583513161036584e-16,0.01,True
Germany,2024-04-01,weekly_differenced,weekly_differenced_arima_p1_d0_q1,ljung_box_statistic,24,127.87978175991344,0.01,True
Germany,2024-04-01,weekly_differenced,weekly_differenced_arima_p1_d0_q1,ljung_box_statistic,48,169.148140958606,0.01,True
Germany,2024-04-01,weekly_differenced,weekly_differenced_arima_p1_d0_q1,residual_acf,1,0.0437143175094951,0.0549080268539499,False
Germany,2024-04-01,weekly_differenced,weekly_differenced_arima_p1_d0_q1,residual_acf,10,-0.0239216594132301,0.0549080268539499,False
Germany,2024-04-01,weekly_differenced,weekly_differenced_arima_p1_d0_q1,residual_acf,11,0.0110660093135234,0.0549080268539499,False
Germany,2024-04-01,weekly_differenced,weekly_differenced_arima_p1_d0_q1,residual_acf,12,0.046273755822378,0.0549080268539499,False
Germany,2024-04-01,weekly_differenced,weekly_differenced_arima_p1_d0_q1,residual_acf,13,-0.0014959391042115,0.0549080268539499,False
Germany,2024-04-01,weekly_differenced,weekly_differenced_arima_p1_d0_q1,residual_acf,14,-0.0308551275208841,0.0549080268539499,False
Germany,2024-04-01,weekly_differenced,weekly_differenced_arima_p1_d0_q1,residual_acf,15,-0.0767873591402758,0.0549080268539499,True
Germany,2024-04-01,weekly_differenced,weekly_differenced_arima_p1_d0_q1,residual_acf,16,-0.0085474067296457,0.0549080268539499,False
Germany,2024-04-01,weekly_differenced,weekly_differenced_arima_p1_d0_q1,residual_acf,17,-0.0561070843111922,0.0549080268539499,True
Germany,2024-04-01,weekly_differenced,weekly_differenced_arima_p1_d0_q1,residual_acf,18,-0.0167381662132667,0.0549080268539499,False
Germany,2024-04-01,weekly_differenced,weekly_differenced_arima_p1_d0_q1,residual_acf,19,-0.0460167127482201,0.0549080268539499,False
Germany,2024-04-01,weekly_differenced,weekly_differenced_arima_p1_d0_q1,residual_acf,2,0.1046223899940383,0.0549080268539499,True
Germany,2024-04-01,weekly_differenced,weekly_differenced_arima_p1_d0_q1,residual_acf,20,0.0278128266416306,0.0549080268539499,False
Germany,2024-04-01,weekly_differenced,weekly_differenced_arima_p1_d0_q1,residual_acf,21,-0.0081346972494037,0.0549080268539499,False
Germany,2024-04-01,weekly_differenced,weekly_differenced_arima_p1_d0_q1,residual_acf,22,0.0005349373913293,0.0549080268539499,False
Germany,2024-04-01,weekly_differenced,weekly_differenced_arima_p1_d0_q1,residual_acf,23,0.0443785546848511,0.0549080268539499,False
Germany,2024-04-01,weekly_differenced,weekly_differenced_arima_p1_d0_q1,residual_acf,24,0.1340279994397573,0.0549080268539499,True
Germany,2024-04-01,weekly_differenced,weekly_differenced_arima_p1_d0_q1,residual_acf,25,0.0049805170517836,0.0549080268539499,False
Germany,2024-04-01,weekly_differenced,weekly_differenced_arima_p1_d0_q1,residual_acf,26,0.008738208796684,0.0549080268539499,False
Germany,2024-04-01,weekly_differenced,weekly_differenced_arima_p1_d0_q1,residual_acf,27,-0.028142686022918,0.0549080268539499,False
Germany,2024-04-01,weekly_differenced,weekly_differenced_arima_p1_d0_q1,residual_acf,28,-0.0077746630725762,0.0549080268539499,False
Germany,2024-04-01,weekly_differenced,weekly_differenced_arima_p1_d0_q1,residual_acf,29,-0.0275707316007813,0.0549080268539499,False
Germany,2024-04-01,weekly_differenced,weekly_differenced_arima_p1_d0_q1,residual_acf,3,-0.0299845745985786,0.0549080268539499,False
Germany,2024-04-01,weekly_differenced,weekly_differenced_arima_p1_d0_q1,residual_acf,30,-0.0006682295666943,0.0549080268539499,False
Germany,2024-04-01,weekly_differenced,weekly_differenced_arima_p1_d0_q1,residual_acf,31,-0.0059333722982949,0.0549080268539499,False
Germany,2024-04-01,weekly_differenced,weekly_differenced_arima_p1_d0_q1,residual_acf,32,0.0177322422587272,0.0549080268539499,False
Germany,2024-04-01,weekly_differenced,weekly_differenced_arima_p1_d0_q1,residual_acf,33,-0.0198388364490742,0.0549080268539499,False
Germany,2024-04-01,weekly_differenced,weekly_differenced_arima_p1_d0_q1,residual_acf,34,-0.040916552181971,0.0549080268539499,False
Germany,2024-04-01,weekly_differenced,weekly_differenced_arima_p1_d0_q1,residual_acf,35,-0.0191659081783507,0.0549080268539499,False
Germany,2024-04-01,weekly_differenced,weekly_differenced_arima_p1_d0_q1,residual_acf,36,0.0261430061763912,0.0549080268539499,False
Germany,2024-04-01,weekly_differenced,weekly_differenced_arima_p1_d0_q1,residual_acf,37,-0.0021896226631439,0.0549080268539499,False
Germany,2024-04-01,weekly_differenced,weekly_differenced_arima_p1_d0_q1,residual_acf,38,-0.011608253742952,0.0549080268539499,False
Germany,2024-04-01,weekly_differenced,weekly_differenced_arima_p1_d0_q1,residual_acf,39,-0.0192773565795266,0.0549080268539499,False
Germany,2024-04-01,weekly_differenced,weekly_differenced_arima_p1_d0_q1,residual_acf,4,0.0022284957819932,0.0549080268539499,False
Germany,2024-04-01,weekly_differenced,weekly_differenced_arima_p1_d0_q1,residual_acf,40,0.0133197248918501,0.0549080268539499,False
Germany,2024-04-01,weekly_differenced,weekly_differenced_arima_p1_d0_q1,residual_acf,41,0.0006188820193494,0.0549080268539499,False
Germany,2024-04-01,weekly_differenced,weekly_differenced_arima_p1_d0_q1,residual_acf,42,0.0374435887128058,0.0549080268539499,False
Germany,2024-04-01,weekly_differenced,weekly_differenced_arima_p1_d0_q1,residual_acf,43,-0.00113597456193,0.0549080268539499,False
Germany,2024-04-01,weekly_differenced,weekly_differenced_arima_p1_d0_q1,residual_acf,44,0.010320212703224,0.0549080268539499,False
Germany,2024-04-01,weekly_differenced,weekly_differenced_arima_p1_d0_q1,residual_acf,45,-0.0022793622007245,0.0549080268539499,False
Germany,2024-04-01,weekly_differenced,weekly_differenced_arima_p1_d0_q1,residual_acf,46,0.005672226025916,0.0549080268539499,False
Germany,2024-04-01,weekly_differenced,weekly_differenced_arima_p1_d0_q1,residual_acf,47,0.0195080997117276,0.0549080268539499,False
Germany,2024-04-01,weekly_differenced,weekly_differenced_arima_p1_d0_q1,residual_acf,48,0.1028122556317564,0.0549080268539499,True
Germany,2024-04-01,weekly_differenced,weekly_differenced_arima_p1_d0_q1,residual_acf,5,-0.0638788694148869,0.0549080268539499,True
Germany,2024-04-01,weekly_differenced,weekly_differenced_arima_p1_d0_q1,residual_acf,6,-0.0339350493181614,0.0549080268539499,False
Germany,2024-04-01,weekly_differenced,weekly_differenced_arima_p1_d0_q1,residual_acf,7,-0.0354134972843468,0.0549080268539499,False
Germany,2024-04-01,weekly_differenced,weekly_differenced_arima_p1_d0_q1,residual_acf,8,-0.0286108703189136,0.0549080268539499,False
Germany,2024-04-01,weekly_differenced,weekly_differenced_arima_p1_d0_q1,residual_acf,9,-0.0231633265986837,0.0549080268539499,False
Germany,2024-04-01,weekly_differenced,weekly_differenced_arima_p2_d0_q0,ljung_box_pvalue,24,1.483770258968677e-10,0.01,True
Germany,2024-04-01,weekly_differenced,weekly_differenced_arima_p2_d0_q0,ljung_box_pvalue,48,4.5997024793088005e-11,0.01,True
Germany,2024-04-01,weekly_differenced,weekly_differenced_arima_p2_d0_q0,ljung_box_statistic,24,92.12985375916855,0.01,True
Germany,2024-04-01,weekly_differenced,weekly_differenced_arima_p2_d0_q0,ljung_box_statistic,48,137.58146035919003,0.01,True
Germany,2024-04-01,weekly_differenced,weekly_differenced_arima_p2_d0_q0,residual_acf,1,0.0215950956305388,0.0549080268539499,False
Germany,2024-04-01,weekly_differenced,weekly_differenced_arima_p2_d0_q0,residual_acf,10,-0.0210130612030142,0.0549080268539499,False
Germany,2024-04-01,weekly_differenced,weekly_differenced_arima_p2_d0_q0,residual_acf,11,0.0208267424504401,0.0549080268539499,False
Germany,2024-04-01,weekly_differenced,weekly_differenced_arima_p2_d0_q0,residual_acf,12,0.0618080169396171,0.0549080268539499,True
Germany,2024-04-01,weekly_differenced,weekly_differenced_arima_p2_d0_q0,residual_acf,13,0.0139415276705959,0.0549080268539499,False
Germany,2024-04-01,weekly_differenced,weekly_differenced_arima_p2_d0_q0,residual_acf,14,-0.0298514349858929,0.0549080268539499,False
Germany,2024-04-01,weekly_differenced,weekly_differenced_arima_p2_d0_q0,residual_acf,15,-0.0634144380177591,0.0549080268539499,True
Germany,2024-04-01,weekly_differenced,weekly_differenced_arima_p2_d0_q0,residual_acf,16,0.0070829645175546,0.0549080268539499,False
Germany,2024-04-01,weekly_differenced,weekly_differenced_arima_p2_d0_q0,residual_acf,17,-0.032438075922378,0.0549080268539499,False
Germany,2024-04-01,weekly_differenced,weekly_differenced_arima_p2_d0_q0,residual_acf,18,-0.0115142439174587,0.0549080268539499,False
Germany,2024-04-01,weekly_differenced,weekly_differenced_arima_p2_d0_q0,residual_acf,19,-0.0320163634471379,0.0549080268539499,False
Germany,2024-04-01,weekly_differenced,weekly_differenced_arima_p2_d0_q0,residual_acf,2,-0.039978408930256,0.0549080268539499,False
Germany,2024-04-01,weekly_differenced,weekly_differenced_arima_p2_d0_q0,residual_acf,20,0.0379817090514671,0.0549080268539499,False
Germany,2024-04-01,weekly_differenced,weekly_differenced_arima_p2_d0_q0,residual_acf,21,-0.0038120167812862,0.0549080268539499,False
Germany,2024-04-01,weekly_differenced,weekly_differenced_arima_p2_d0_q0,residual_acf,22,-0.0204310282340454,0.0549080268539499,False
Germany,2024-04-01,weekly_differenced,weekly_differenced_arima_p2_d0_q0,residual_acf,23,0.0474396485054088,0.0549080268539499,False
Germany,2024-04-01,weekly_differenced,weekly_differenced_arima_p2_d0_q0,residual_acf,24,0.1397790772974447,0.0549080268539499,True
Germany,2024-04-01,weekly_differenced,weekly_differenced_arima_p2_d0_q0,residual_acf,25,0.0041466528998978,0.0549080268539499,False
Germany,2024-04-01,weekly_differenced,weekly_differenced_arima_p2_d0_q0,residual_acf,26,-0.0046858530885532,0.0549080268539499,False
Germany,2024-04-01,weekly_differenced,weekly_differenced_arima_p2_d0_q0,residual_acf,27,-0.0206537146450969,0.0549080268539499,False
Germany,2024-04-01,weekly_differenced,weekly_differenced_arima_p2_d0_q0,residual_acf,28,-0.002262331896615,0.0549080268539499,False
Germany,2024-04-01,weekly_differenced,weekly_differenced_arima_p2_d0_q0,residual_acf,29,-0.0177755385397943,0.0549080268539499,False
Germany,2024-04-01,weekly_differenced,weekly_differenced_arima_p2_d0_q0,residual_acf,3,-0.0226442816006335,0.0549080268539499,False
Germany,2024-04-01,weekly_differenced,weekly_differenced_arima_p2_d0_q0,residual_acf,30,0.004338886774813,0.0549080268539499,False
Germany,2024-04-01,weekly_differenced,weekly_differenced_arima_p2_d0_q0,residual_acf,31,0.0059923257726914,0.0549080268539499,False
Germany,2024-04-01,weekly_differenced,weekly_differenced_arima_p2_d0_q0,residual_acf,32,0.0301567061363118,0.0549080268539499,False
Germany,2024-04-01,weekly_differenced,weekly_differenced_arima_p2_d0_q0,residual_acf,33,-0.0114205370448393,0.0549080268539499,False
Germany,2024-04-01,weekly_differenced,weekly_differenced_arima_p2_d0_q0,residual_acf,34,-0.043787714210965,0.0549080268539499,False
Germany,2024-04-01,weekly_differenced,weekly_differenced_arima_p2_d0_q0,residual_acf,35,-0.011607117394768,0.0549080268539499,False
Germany,2024-04-01,weekly_differenced,weekly_differenced_arima_p2_d0_q0,residual_acf,36,0.039933446907592,0.0549080268539499,False
Germany,2024-04-01,weekly_differenced,weekly_differenced_arima_p2_d0_q0,residual_acf,37,0.0076985618154188,0.0549080268539499,False
Germany,2024-04-01,weekly_differenced,weekly_differenced_arima_p2_d0_q0,residual_acf,38,-0.012752152606048,0.0549080268539499,False
Germany,2024-04-01,weekly_differenced,weekly_differenced_arima_p2_d0_q0,residual_acf,39,-0.0153540714886668,0.0549080268539499,False
Germany,2024-04-01,weekly_differenced,weekly_differenced_arima_p2_d0_q0,residual_acf,4,0.001047381469682,0.0549080268539499,False
Germany,2024-04-01,weekly_differenced,weekly_differenced_arima_p2_d0_q0,residual_acf,40,0.0149855791924768,0.0549080268539499,False
Germany,2024-04-01,weekly_differenced,weekly_differenced_arima_p2_d0_q0,residual_acf,41,0.0070481959840578,0.0549080268539499,False
Germany,2024-04-01,weekly_differenced,weekly_differenced_arima_p2_d0_q0,residual_acf,42,0.0395425599665131,0.0549080268539499,False
Germany,2024-04-01,weekly_differenced,weekly_differenced_arima_p2_d0_q0,residual_acf,43,0.0027710372630478,0.0549080268539499,False
Germany,2024-04-01,weekly_differenced,weekly_differenced_arima_p2_d0_q0,residual_acf,44,0.0086993122505685,0.0549080268539499,False
Germany,2024-04-01,weekly_differenced,weekly_differenced_arima_p2_d0_q0,residual_acf,45,-0.0010159909337817,0.0549080268539499,False
Germany,2024-04-01,weekly_differenced,weekly_differenced_arima_p2_d0_q0,residual_acf,46,-0.0072379515123752,0.0549080268539499,False
Germany,2024-04-01,weekly_differenced,weekly_differenced_arima_p2_d0_q0,residual_acf,47,0.0163293694431405,0.0549080268539499,False
Germany,2024-04-01,weekly_differenced,weekly_differenced_arima_p2_d0_q0,residual_acf,48,0.1095434945646975,0.0549080268539499,True
Germany,2024-04-01,weekly_differenced,weekly_differenced_arima_p2_d0_q0,residual_acf,5,-0.0471277671912153,0.0549080268539499,False
Germany,2024-04-01,weekly_differenced,weekly_differenced_arima_p2_d0_q0,residual_acf,6,-0.0208933992701791,0.0549080268539499,False
Germany,2024-04-01,weekly_differenced,weekly_differenced_arima_p2_d0_q0,residual_acf,7,-0.0145783004023871,0.0549080268539499,False
Germany,2024-04-01,weekly_differenced,weekly_differenced_arima_p2_d0_q0,residual_acf,8,-0.0121980755620997,0.0549080268539499,False
Germany,2024-04-01,weekly_differenced,weekly_differenced_arima_p2_d0_q0,residual_acf,9,-0.0123184209820586,0.0549080268539499,False
Germany,2024-04-01,weekly_differenced,weekly_differenced_arima_p2_d0_q1,ljung_box_pvalue,24,1.1549358466445915e-09,0.01,True
Germany,2024-04-01,weekly_differenced,weekly_differenced_arima_p2_d0_q1,ljung_box_pvalue,48,9.196385094362483e-10,0.01,True
Germany,2024-04-01,weekly_differenced,weekly_differenced_arima_p2_d0_q1,ljung_box_statistic,24,85.00969285318213,0.01,True
Germany,2024-04-01,weekly_differenced,weekly_differenced_arima_p2_d0_q1,ljung_box_statistic,48,127.10893910748788,0.01,True
Germany,2024-04-01,weekly_differenced,weekly_differenced_arima_p2_d0_q1,residual_acf,1,5.60434269628986e-05,0.0549080268539499,False
Germany,2024-04-01,weekly_differenced,weekly_differenced_arima_p2_d0_q1,residual_acf,10,-0.0215298489968494,0.0549080268539499,False
Germany,2024-04-01,weekly_differenced,weekly_differenced_arima_p2_d0_q1,residual_acf,11,0.0170951559302693,0.0549080268539499,False
Germany,2024-04-01,weekly_differenced,weekly_differenced_arima_p2_d0_q1,residual_acf,12,0.0559853673368059,0.0549080268539499,True
Germany,2024-04-01,weekly_differenced,weekly_differenced_arima_p2_d0_q1,residual_acf,13,0.0088695465344143,0.0549080268539499,False
Germany,2024-04-01,weekly_differenced,weekly_differenced_arima_p2_d0_q1,residual_acf,14,-0.0280634809664574,0.0549080268539499,False
Germany,2024-04-01,weekly_differenced,weekly_differenced_arima_p2_d0_q1,residual_acf,15,-0.065696784526291,0.0549080268539499,True
Germany,2024-04-01,weekly_differenced,weekly_differenced_arima_p2_d0_q1,residual_acf,16,0.0055648438902433,0.0549080268539499,False
Germany,2024-04-01,weekly_differenced,weekly_differenced_arima_p2_d0_q1,residual_acf,17,-0.0388725242260028,0.0549080268539499,False
Germany,2024-04-01,weekly_differenced,weekly_differenced_arima_p2_d0_q1,residual_acf,18,-0.0110211165654146,0.0549080268539499,False
Germany,2024-04-01,weekly_differenced,weekly_differenced_arima_p2_d0_q1,residual_acf,19,-0.0363120973994963,0.0549080268539499,False
Germany,2024-04-01,weekly_differenced,weekly_differenced_arima_p2_d0_q1,residual_acf,2,0.005135388034322,0.0549080268539499,False
Germany,2024-04-01,weekly_differenced,weekly_differenced_arima_p2_d0_q1,residual_acf,20,0.0364937847864099,0.0549080268539499,False
Germany,2024-04-01,weekly_differenced,weekly_differenced_arima_p2_d0_q1,residual_acf,21,-0.0037349248292827,0.0549080268539499,False
Germany,2024-04-01,weekly_differenced,weekly_differenced_arima_p2_d0_q1,residual_acf,22,-0.015039892129786,0.0549080268539499,False
Germany,2024-04-01,weekly_differenced,weekly_differenced_arima_p2_d0_q1,residual_acf,23,0.0439168954068767,0.0549080268539499,False
Germany,2024-04-01,weekly_differenced,weekly_differenced_arima_p2_d0_q1,residual_acf,24,0.1367289467906101,0.0549080268539499,True
Germany,2024-04-01,weekly_differenced,weekly_differenced_arima_p2_d0_q1,residual_acf,25,0.0007779063720439,0.0549080268539499,False
Germany,2024-04-01,weekly_differenced,weekly_differenced_arima_p2_d0_q1,residual_acf,26,0.0009532939069103,0.0549080268539499,False
Germany,2024-04-01,weekly_differenced,weekly_differenced_arima_p2_d0_q1,residual_acf,27,-0.0208406464935081,0.0549080268539499,False
Germany,2024-04-01,weekly_differenced,weekly_differenced_arima_p2_d0_q1,residual_acf,28,-0.0023254440849754,0.0549080268539499,False
Germany,2024-04-01,weekly_differenced,weekly_differenced_arima_p2_d0_q1,residual_acf,29,-0.0198038138146263,0.0549080268539499,False
Germany,2024-04-01,weekly_differenced,weekly_differenced_arima_p2_d0_q1,residual_acf,3,-0.013818216713804,0.0549080268539499,False
Germany,2024-04-01,weekly_differenced,weekly_differenced_arima_p2_d0_q1,residual_acf,30,0.0035629993682898,0.0549080268539499,False
Germany,2024-04-01,weekly_differenced,weekly_differenced_arima_p2_d0_q1,residual_acf,31,0.001784620783484,0.0549080268539499,False
Germany,2024-04-01,weekly_differenced,weekly_differenced_arima_p2_d0_q1,residual_acf,32,0.0268206595035501,0.0549080268539499,False
Germany,2024-04-01,weekly_differenced,weekly_differenced_arima_p2_d0_q1,residual_acf,33,-0.0125834974036947,0.0549080268539499,False
Germany,2024-04-01,weekly_differenced,weekly_differenced_arima_p2_d0_q1,residual_acf,34,-0.0416148535957432,0.0549080268539499,False
Germany,2024-04-01,weekly_differenced,weekly_differenced_arima_p2_d0_q1,residual_acf,35,-0.0131218715624581,0.0549080268539499,False
Germany,2024-04-01,weekly_differenced,weekly_differenced_arima_p2_d0_q1,residual_acf,36,0.0360697604847915,0.0549080268539499,False
Germany,2024-04-01,weekly_differenced,weekly_differenced_arima_p2_d0_q1,residual_acf,37,0.0042241777877127,0.0549080268539499,False
Germany,2024-04-01,weekly_differenced,weekly_differenced_arima_p2_d0_q1,residual_acf,38,-0.0116575917222139,0.0549080268539499,False
Germany,2024-04-01,weekly_differenced,weekly_differenced_arima_p2_d0_q1,residual_acf,39,-0.0153374938477444,0.0549080268539499,False
Germany,2024-04-01,weekly_differenced,weekly_differenced_arima_p2_d0_q1,residual_acf,4,0.0030587819272374,0.0549080268539499,False
Germany,2024-04-01,weekly_differenced,weekly_differenced_arima_p2_d0_q1,residual_acf,40,0.0152582681582669,0.0549080268539499,False
Germany,2024-04-01,weekly_differenced,weekly_differenced_arima_p2_d0_q1,residual_acf,41,0.0040457301993123,0.0549080268539499,False
Germany,2024-04-01,weekly_differenced,weekly_differenced_arima_p2_d0_q1,residual_acf,42,0.0391028799401716,0.0549080268539499,False
Germany,2024-04-01,weekly_differenced,weekly_differenced_arima_p2_d0_q1,residual_acf,43,0.0009354778646906,0.0549080268539499,False
Germany,2024-04-01,weekly_differenced,weekly_differenced_arima_p2_d0_q1,residual_acf,44,0.0098668620703495,0.0549080268539499,False
Germany,2024-04-01,weekly_differenced,weekly_differenced_arima_p2_d0_q1,residual_acf,45,0.0004818635887944,0.0549080268539499,False
Germany,2024-04-01,weekly_differenced,weekly_differenced_arima_p2_d0_q1,residual_acf,46,-0.0027576895172979,0.0549080268539499,False
Germany,2024-04-01,weekly_differenced,weekly_differenced_arima_p2_d0_q1,residual_acf,47,0.0147979920980722,0.0549080268539499,False
Germany,2024-04-01,weekly_differenced,weekly_differenced_arima_p2_d0_q1,residual_acf,48,0.1063472886956754,0.0549080268539499,True
Germany,2024-04-01,weekly_differenced,weekly_differenced_arima_p2_d0_q1,residual_acf,5,-0.0497668031951012,0.0549080268539499,False
Germany,2024-04-01,weekly_differenced,weekly_differenced_arima_p2_d0_q1,residual_acf,6,-0.0224946396398303,0.0549080268539499,False
Germany,2024-04-01,weekly_differenced,weekly_differenced_arima_p2_d0_q1,residual_acf,7,-0.0190078993846873,0.0549080268539499,False
Germany,2024-04-01,weekly_differenced,weekly_differenced_arima_p2_d0_q1,residual_acf,8,-0.016013624009578,0.0549080268539499,False
Germany,2024-04-01,weekly_differenced,weekly_differenced_arima_p2_d0_q1,residual_acf,9,-0.0133953074137782,0.0549080268539499,False
Germany,2024-04-01,weekly_differenced,weekly_differenced_arima_p2_d0_q2,ljung_box_pvalue,24,6.409009149318355e-10,0.01,True
Germany,2024-04-01,weekly_differenced,weekly_differenced_arima_p2_d0_q2,ljung_box_pvalue,48,7.346760999874553e-10,0.01,True
Germany,2024-04-01,weekly_differenced,weekly_differenced_arima_p2_d0_q2,ljung_box_statistic,24,84.60276095250546,0.01,True
Germany,2024-04-01,weekly_differenced,weekly_differenced_arima_p2_d0_q2,ljung_box_statistic,48,126.1532271834644,0.01,True
Germany,2024-04-01,weekly_differenced,weekly_differenced_arima_p2_d0_q2,residual_acf,1,-0.0006968598789509,0.0549080268539499,False
Germany,2024-04-01,weekly_differenced,weekly_differenced_arima_p2_d0_q2,residual_acf,10,-0.02259126779707,0.0549080268539499,False
Germany,2024-04-01,weekly_differenced,weekly_differenced_arima_p2_d0_q2,residual_acf,11,0.0158016559269879,0.0549080268539499,False
Germany,2024-04-01,weekly_differenced,weekly_differenced_arima_p2_d0_q2,residual_acf,12,0.0544791287214787,0.0549080268539499,False
Germany,2024-04-01,weekly_differenced,weekly_differenced_arima_p2_d0_q2,residual_acf,13,0.0080060003992579,0.0549080268539499,False
Germany,2024-04-01,weekly_differenced,weekly_differenced_arima_p2_d0_q2,residual_acf,14,-0.0291741274472328,0.0549080268539499,False
Germany,2024-04-01,weekly_differenced,weekly_differenced_arima_p2_d0_q2,residual_acf,15,-0.0658815432330691,0.0549080268539499,True
Germany,2024-04-01,weekly_differenced,weekly_differenced_arima_p2_d0_q2,residual_acf,16,0.0046900498994252,0.0549080268539499,False
Germany,2024-04-01,weekly_differenced,weekly_differenced_arima_p2_d0_q2,residual_acf,17,-0.0393106492294833,0.0549080268539499,False
Germany,2024-04-01,weekly_differenced,weekly_differenced_arima_p2_d0_q2,residual_acf,18,-0.0125632319878065,0.0549080268539499,False
Germany,2024-04-01,weekly_differenced,weekly_differenced_arima_p2_d0_q2,residual_acf,19,-0.0370289724765068,0.0549080268539499,False
Germany,2024-04-01,weekly_differenced,weekly_differenced_arima_p2_d0_q2,residual_acf,2,0.0018811777089539,0.0549080268539499,False
Germany,2024-04-01,weekly_differenced,weekly_differenced_arima_p2_d0_q2,residual_acf,20,0.0361088877513178,0.0549080268539499,False
Germany,2024-04-01,weekly_differenced,weekly_differenced_arima_p2_d0_q2,residual_acf,21,-0.0029781533351057,0.0549080268539499,False
Germany,2024-04-01,weekly_differenced,weekly_differenced_arima_p2_d0_q2,residual_acf,22,-0.0163985634165379,0.0549080268539499,False
Germany,2024-04-01,weekly_differenced,weekly_differenced_arima_p2_d0_q2,residual_acf,23,0.0437499286845066,0.0549080268539499,False
Germany,2024-04-01,weekly_differenced,weekly_differenced_arima_p2_d0_q2,residual_acf,24,0.1360074392718526,0.0549080268539499,True
Germany,2024-04-01,weekly_differenced,weekly_differenced_arima_p2_d0_q2,residual_acf,25,-8.023326524227136e-05,0.0549080268539499,False
Germany,2024-04-01,weekly_differenced,weekly_differenced_arima_p2_d0_q2,residual_acf,26,0.0004219720680625,0.0549080268539499,False
Germany,2024-04-01,weekly_differenced,weekly_differenced_arima_p2_d0_q2,residual_acf,27,-0.0198285607465284,0.0549080268539499,False
Germany,2024-04-01,weekly_differenced,weekly_differenced_arima_p2_d0_q2,residual_acf,28,-0.0027755919880149,0.0549080268539499,False
Germany,2024-04-01,weekly_differenced,weekly_differenced_arima_p2_d0_q2,residual_acf,29,-0.0201094461132777,0.0549080268539499,False
Germany,2024-04-01,weekly_differenced,weekly_differenced_arima_p2_d0_q2,residual_acf,3,-0.0034423699188482,0.0549080268539499,False
Germany,2024-04-01,weekly_differenced,weekly_differenced_arima_p2_d0_q2,residual_acf,30,0.0025474502138436,0.0549080268539499,False
Germany,2024-04-01,weekly_differenced,weekly_differenced_arima_p2_d0_q2,residual_acf,31,0.0007598257684324,0.0549080268539499,False
Germany,2024-04-01,weekly_differenced,weekly_differenced_arima_p2_d0_q2,residual_acf,32,0.0260009052744266,0.0549080268539499,False
Germany,2024-04-01,weekly_differenced,weekly_differenced_arima_p2_d0_q2,residual_acf,33,-0.0126849701239359,0.0549080268539499,False
Germany,2024-04-01,weekly_differenced,weekly_differenced_arima_p2_d0_q2,residual_acf,34,-0.0422812438997242,0.0549080268539499,False
Germany,2024-04-01,weekly_differenced,weekly_differenced_arima_p2_d0_q2,residual_acf,35,-0.0135018732670197,0.0549080268539499,False
Germany,2024-04-01,weekly_differenced,weekly_differenced_arima_p2_d0_q2,residual_acf,36,0.0353845124498616,0.0549080268539499,False
Germany,2024-04-01,weekly_differenced,weekly_differenced_arima_p2_d0_q2,residual_acf,37,0.0034258260200989,0.0549080268539499,False
Germany,2024-04-01,weekly_differenced,weekly_differenced_arima_p2_d0_q2,residual_acf,38,-0.0123886414686735,0.0549080268539499,False
Germany,2024-04-01,weekly_differenced,weekly_differenced_arima_p2_d0_q2,residual_acf,39,-0.0151070260302162,0.0549080268539499,False
Germany,2024-04-01,weekly_differenced,weekly_differenced_arima_p2_d0_q2,residual_acf,4,0.0027736283879006,0.0549080268539499,False
Germany,2024-04-01,weekly_differenced,weekly_differenced_arima_p2_d0_q2,residual_acf,40,0.0147642301864875,0.0549080268539499,False
Germany,2024-04-01,weekly_differenced,weekly_differenced_arima_p2_d0_q2,residual_acf,41,0.0035034898345705,0.0549080268539499,False
Germany,2024-04-01,weekly_differenced,weekly_differenced_arima_p2_d0_q2,residual_acf,42,0.0383815967508339,0.0549080268539499,False
Germany,2024-04-01,weekly_differenced,weekly_differenced_arima_p2_d0_q2,residual_acf,43,0.0005587578804005,0.0549080268539499,False
Germany,2024-04-01,weekly_differenced,weekly_differenced_arima_p2_d0_q2,residual_acf,44,0.0095734977388343,0.0549080268539499,False
Germany,2024-04-01,weekly_differenced,weekly_differenced_arima_p2_d0_q2,residual_acf,45,0.0015826789941632,0.0549080268539499,False
Germany,2024-04-01,weekly_differenced,weekly_differenced_arima_p2_d0_q2,residual_acf,46,-0.003052370615431,0.0549080268539499,False
Germany,2024-04-01,weekly_differenced,weekly_differenced_arima_p2_d0_q2,residual_acf,47,0.0140925027787131,0.0549080268539499,False
Germany,2024-04-01,weekly_differenced,weekly_differenced_arima_p2_d0_q2,residual_acf,48,0.1059190876576458,0.0549080268539499,True
Germany,2024-04-01,weekly_differenced,weekly_differenced_arima_p2_d0_q2,residual_acf,5,-0.0504532989875552,0.0549080268539499,False
Germany,2024-04-01,weekly_differenced,weekly_differenced_arima_p2_d0_q2,residual_acf,6,-0.0234670233530698,0.0549080268539499,False
Germany,2024-04-01,weekly_differenced,weekly_differenced_arima_p2_d0_q2,residual_acf,7,-0.0199145286332757,0.0549080268539499,False
Germany,2024-04-01,weekly_differenced,weekly_differenced_arima_p2_d0_q2,residual_acf,8,-0.0170726921529133,0.0549080268539499,False
Germany,2024-04-01,weekly_differenced,weekly_differenced_arima_p2_d0_q2,residual_acf,9,-0.013844268235213,0.0549080268539499,False
Germany,2024-04-01,weekly_differenced,weekly_differenced_arima_p3_d0_q1,ljung_box_pvalue,24,2.313825681884703e-08,0.01,True
Germany,2024-04-01,weekly_differenced,weekly_differenced_arima_p3_d0_q1,ljung_box_pvalue,48,1.1452588855141949e-08,0.01,True
Germany,2024-04-01,weekly_differenced,weekly_differenced_arima_p3_d0_q1,ljung_box_statistic,24,75.42509300526329,0.01,True
Germany,2024-04-01,weekly_differenced,weekly_differenced_arima_p3_d0_q1,ljung_box_statistic,48,117.87660092798386,0.01,True
Germany,2024-04-01,weekly_differenced,weekly_differenced_arima_p3_d0_q1,residual_acf,1,0.009234203792992694,0.05490802685394999,False
Germany,2024-04-01,weekly_differenced,weekly_differenced_arima_p3_d0_q1,residual_acf,10,-0.013797913054669313,0.05490802685394999,False
Germany,2024-04-01,weekly_differenced,weekly_differenced_arima_p3_d0_q1,residual_acf,11,0.02388989028517136,0.05490802685394999,False
Germany,2024-04-01,weekly_differenced,weekly_differenced_arima_p3_d0_q1,residual_acf,12,0.062832387142085,0.05490802685394999,True
Germany,2024-04-01,weekly_differenced,weekly_differenced_arima_p3_d0_q1,residual_acf,13,0.01458391273165325,0.05490802685394999,False
Germany,2024-04-01,weekly_differenced,weekly_differenced_arima_p3_d0_q1,residual_acf,14,-0.0277335362762997,0.05490802685394999,False
Germany,2024-04-01,weekly_differenced,weekly_differenced_arima_p3_d0_q1,residual_acf,15,-0.061634191143045684,0.05490802685394999,True
Germany,2024-04-01,weekly_differenced,weekly_differenced_arima_p3_d0_q1,residual_acf,16,0.00932214745641949,0.05490802685394999,False
Germany,2024-04-01,weekly_differenced,weekly_differenced_arima_p3_d0_q1,residual_acf,17,-0.03318797362878964,0.05490802685394999,False
Germany,2024-04-01,weekly_differenced,weekly_differenced_arima_p3_d0_q1,residual_acf,18,-0.012544977429936986,0.05490802685394999,False
Germany,2024-04-01,weekly_differenced,weekly_differenced_arima_p3_d0_q1,residual_acf,19,-0.03592192084625103,0.05490802685394999,False
Germany,2024-04-01,weekly_differenced,weekly_differenced_arima_p3_d0_q1,residual_acf,2,-0.024550962946848144,0.05490802685394999,False
Germany,2024-04-01,weekly_differenced,weekly_differenced_arima_p3_d0_q1,residual_acf,20,0.03409187073550363,0.05490802685394999,False
Germany,2024-04-01,weekly_differenced,weekly_differenced_arima_p3_d0_q1,residual_acf,21,-0.01004666045010411,0.05490802685394999,False
Germany,2024-04-01,weekly_differenced,weekly_differenced_arima_p3_d0_q1,residual_acf,22,-0.029359410413110666,0.05490802685394999,False
Germany,2024-04-01,weekly_differenced,weekly_differenced_arima_p3_d0_q1,residual_acf,23,0.03519640846860742,0.05490802685394999,False
Germany,2024-04-01,weekly_differenced,weekly_differenced_arima_p3_d0_q1,residual_acf,24,0.12811253835066136,0.05490802685394999,True
Germany,2024-04-01,weekly_differenced,weekly_differenced_arima_p3_d0_q1,residual_acf,25,-0.008066911342794015,0.05490802685394999,False
Germany,2024-04-01,weekly_differenced,weekly_differenced_arima_p3_d0_q1,residual_acf,26,-0.012115857370250109,0.05490802685394999,False
Germany,2024-04-01,weekly_differenced,weekly_differenced_arima_p3_d0_q1,residual_acf,27,-0.02682152224966341,0.05490802685394999,False
Germany,2024-04-01,weekly_differenced,weekly_differenced_arima_p3_d0_q1,residual_acf,28,-0.00776991502994798,0.05490802685394999,False
Germany,2024-04-01,weekly_differenced,weekly_differenced_arima_p3_d0_q1,residual_acf,29,-0.02446520251481109,0.05490802685394999,False
Germany,2024-04-01,weekly_differenced,weekly_differenced_arima_p3_d0_q1,residual_acf,3,0.002774645761446122,0.05490802685394999,False
Germany,2024-04-01,weekly_differenced,weekly_differenced_arima_p3_d0_q1,residual_acf,30,-0.0030400787572476486,0.05490802685394999,False
Germany,2024-04-01,weekly_differenced,weekly_differenced_arima_p3_d0_q1,residual_acf,31,-0.0028423676286234785,0.05490802685394999,False
Germany,2024-04-01,weekly_differenced,weekly_differenced_arima_p3_d0_q1,residual_acf,32,0.022096950044447363,0.05490802685394999,False
Germany,2024-04-01,weekly_differenced,weekly_differenced_arima_p3_d0_q1,residual_acf,33,-0.018720882337389135,0.05490802685394999,False
Germany,2024-04-01,weekly_differenced,weekly_differenced_arima_p3_d0_q1,residual_acf,34,-0.050704432513558585,0.05490802685394999,False
Germany,2024-04-01,weekly_differenced,weekly_differenced_arima_p3_d0_q1,residual_acf,35,-0.019173486381837215,0.05490802685394999,False
Germany,2024-04-01,weekly_differenced,weekly_differenced_arima_p3_d0_q1,residual_acf,36,0.03202510354319336,0.05490802685394999,False
Germany,2024-04-01,weekly_differenced,weekly_differenced_arima_p3_d0_q1,residual_acf,37,-0.0006306181237448584,0.05490802685394999,False
Germany,2024-04-01,weekly_differenced,weekly_differenced_arima_p3_d0_q1,residual_acf,38,-0.019840937860266614,0.05490802685394999,False
Germany,2024-04-01,weekly_differenced,weekly_differenced_arima_p3_d0_q1,residual_acf,39,-0.02218265657682594,0.05490802685394999,False
Germany,2024-04-01,weekly_differenced,weekly_differenced_arima_p3_d0_q1,residual_acf,4,0.02845689068213861,0.05490802685394999,False
Germany,2024-04-01,weekly_differenced,weekly_differenced_arima_p3_d0_q1,residual_acf,40,0.0082002320286604,0.05490802685394999,False
Germany,2024-04-01,weekly_differenced,weekly_differenced_arima_p3_d0_q1,residual_acf,41,-0.0010003206907953169,0.05490802685394999,False
Germany,2024-04-01,weekly_differenced,weekly_differenced_arima_p3_d0_q1,residual_acf,42,0.03249916253460163,0.05490802685394999,False
Germany,2024-04-01,weekly_differenced,weekly_differenced_arima_p3_d0_q1,residual_acf,43,-0.0041880679609422496,0.05490802685394999,False
Germany,2024-04-01,weekly_differenced,weekly_differenced_arima_p3_d0_q1,residual_acf,44,0.0035842150339633738,0.05490802685394999,False
Germany,2024-04-01,weekly_differenced,weekly_differenced_arima_p3_d0_q1,residual_acf,45,-0.005737395520437827,0.05490802685394999,False
Germany,2024-04-01,weekly_differenced,weekly_differenced_arima_p3_d0_q1,residual_acf,46,-0.013173793054536706,0.05490802685394999,False
Germany,2024-04-01,weekly_differenced,weekly_differenced_arima_p3_d0_q1,residual_acf,47,0.007449800188091544,0.05490802685394999,False
Germany,2024-04-01,weekly_differenced,weekly_differenced_arima_p3_d0_q1,residual_acf,48,0.10094164071905873,0.05490802685394999,True
Germany,2024-04-01,weekly_differenced,weekly_differenced_arima_p3_d0_q1,residual_acf,5,-0.022518806476193108,0.05490802685394999,False
Germany,2024-04-01,weekly_differenced,weekly_differenced_arima_p3_d0_q1,residual_acf,6,0.0015137387890111857,0.05490802685394999,False
Germany,2024-04-01,weekly_differenced,weekly_differenced_arima_p3_d0_q1,residual_acf,7,0.0039323903241543015,0.05490802685394999,False
Germany,2024-04-01,weekly_differenced,weekly_differenced_arima_p3_d0_q1,residual_acf,8,0.002662859304418654,0.05490802685394999,False
Germany,2024-04-01,weekly_differenced,weekly_differenced_arima_p3_d0_q1,residual_acf,9,-0.0006611529652278771,0.05490802685394999,False
Germany,2024-05-09,weekly_differenced,weekly_differenced_arima_p1_d0_q1,ljung_box_pvalue,24,4.806599906796373e-22,0.01,True
Germany,2024-05-09,weekly_differenced,weekly_differenced_arima_p1_d0_q1,ljung_box_pvalue,48,1.6530259595400204e-23,0.01,True
Germany,2024-05-09,weekly_differenced,weekly_differenced_arima_p1_d0_q1,ljung_box_statistic,24,155.2778631696164,0.01,True
Germany,2024-05-09,weekly_differenced,weekly_differenced_arima_p1_d0_q1,ljung_box_statistic,48,214.03796752324973,0.01,True
Germany,2024-05-09,weekly_differenced,weekly_differenced_arima_p1_d0_q1,residual_acf,1,0.0454877626421784,0.05,False
Germany,2024-05-09,weekly_differenced,weekly_differenced_arima_p1_d0_q1,residual_acf,10,-0.0066244703741054,0.05,False
Germany,2024-05-09,weekly_differenced,weekly_differenced_arima_p1_d0_q1,residual_acf,11,0.0128961885794604,0.05,False
Germany,2024-05-09,weekly_differenced,weekly_differenced_arima_p1_d0_q1,residual_acf,12,0.0404168904628941,0.05,False
Germany,2024-05-09,weekly_differenced,weekly_differenced_arima_p1_d0_q1,residual_acf,13,0.0042504049923104,0.05,False
Germany,2024-05-09,weekly_differenced,weekly_differenced_arima_p1_d0_q1,residual_acf,14,-0.0066835112536368,0.05,False
Germany,2024-05-09,weekly_differenced,weekly_differenced_arima_p1_d0_q1,residual_acf,15,-0.0374998073340028,0.05,False
Germany,2024-05-09,weekly_differenced,weekly_differenced_arima_p1_d0_q1,residual_acf,16,-0.0520510944972132,0.05,True
Germany,2024-05-09,weekly_differenced,weekly_differenced_arima_p1_d0_q1,residual_acf,17,-0.0322718400537558,0.05,False
Germany,2024-05-09,weekly_differenced,weekly_differenced_arima_p1_d0_q1,residual_acf,18,-0.0385094116580588,0.05,False
Germany,2024-05-09,weekly_differenced,weekly_differenced_arima_p1_d0_q1,residual_acf,19,-0.0060551013552752,0.05,False
Germany,2024-05-09,weekly_differenced,weekly_differenced_arima_p1_d0_q1,residual_acf,2,0.1131797558276475,0.05,True
Germany,2024-05-09,weekly_differenced,weekly_differenced_arima_p1_d0_q1,residual_acf,20,0.0037363869480825,0.05,False
Germany,2024-05-09,weekly_differenced,weekly_differenced_arima_p1_d0_q1,residual_acf,21,0.0064062533794974,0.05,False
Germany,2024-05-09,weekly_differenced,weekly_differenced_arima_p1_d0_q1,residual_acf,22,-0.0048184797954593,0.05,False
Germany,2024-05-09,weekly_differenced,weekly_differenced_arima_p1_d0_q1,residual_acf,23,0.0445960823313585,0.05,False
Germany,2024-05-09,weekly_differenced,weekly_differenced_arima_p1_d0_q1,residual_acf,24,0.1159196423132758,0.05,True
Germany,2024-05-09,weekly_differenced,weekly_differenced_arima_p1_d0_q1,residual_acf,25,0.0168784146757603,0.05,False
Germany,2024-05-09,weekly_differenced,weekly_differenced_arima_p1_d0_q1,residual_acf,26,-0.0089136515645647,0.05,False
Germany,2024-05-09,weekly_differenced,weekly_differenced_arima_p1_d0_q1,residual_acf,27,-0.0479764509551148,0.05,False
Germany,2024-05-09,weekly_differenced,weekly_differenced_arima_p1_d0_q1,residual_acf,28,-0.0188870483415448,0.05,False
Germany,2024-05-09,weekly_differenced,weekly_differenced_arima_p1_d0_q1,residual_acf,29,-0.042020959144324,0.05,False
Germany,2024-05-09,weekly_differenced,weekly_differenced_arima_p1_d0_q1,residual_acf,3,-0.0521530100469049,0.05,True
Germany,2024-05-09,weekly_differenced,weekly_differenced_arima_p1_d0_q1,residual_acf,30,0.0138459915091499,0.05,False
Germany,2024-05-09,weekly_differenced,weekly_differenced_arima_p1_d0_q1,residual_acf,31,-0.0269582033199575,0.05,False
Germany,2024-05-09,weekly_differenced,weekly_differenced_arima_p1_d0_q1,residual_acf,32,0.0195063136517903,0.05,False
Germany,2024-05-09,weekly_differenced,weekly_differenced_arima_p1_d0_q1,residual_acf,33,-0.0100504618113068,0.05,False
Germany,2024-05-09,weekly_differenced,weekly_differenced_arima_p1_d0_q1,residual_acf,34,-0.0143949299318738,0.05,False
Germany,2024-05-09,weekly_differenced,weekly_differenced_arima_p1_d0_q1,residual_acf,35,-0.005410660404892,0.05,False
Germany,2024-05-09,weekly_differenced,weekly_differenced_arima_p1_d0_q1,residual_acf,36,-0.0143142259442512,0.05,False
Germany,2024-05-09,weekly_differenced,weekly_differenced_arima_p1_d0_q1,residual_acf,37,-0.0105668216303202,0.05,False
Germany,2024-05-09,weekly_differenced,weekly_differenced_arima_p1_d0_q1,residual_acf,38,0.0188211001037551,0.05,False
Germany,2024-05-09,weekly_differenced,weekly_differenced_arima_p1_d0_q1,residual_acf,39,-0.0111124471991147,0.05,False
Germany,2024-05-09,weekly_differenced,weekly_differenced_arima_p1_d0_q1,residual_acf,4,-0.0066464752379076,0.05,False
Germany,2024-05-09,weekly_differenced,weekly_differenced_arima_p1_d0_q1,residual_acf,40,-0.0001189306026326,0.05,False
Germany,2024-05-09,weekly_differenced,weekly_differenced_arima_p1_d0_q1,residual_acf,41,0.0204717307941382,0.05,False
Germany,2024-05-09,weekly_differenced,weekly_differenced_arima_p1_d0_q1,residual_acf,42,0.0130886117654028,0.05,False
Germany,2024-05-09,weekly_differenced,weekly_differenced_arima_p1_d0_q1,residual_acf,43,0.0076252401213345,0.05,False
Germany,2024-05-09,weekly_differenced,weekly_differenced_arima_p1_d0_q1,residual_acf,44,0.0129077818382659,0.05,False
Germany,2024-05-09,weekly_differenced,weekly_differenced_arima_p1_d0_q1,residual_acf,45,-0.0201112999442195,0.05,False
Germany,2024-05-09,weekly_differenced,weekly_differenced_arima_p1_d0_q1,residual_acf,46,0.0061835934869415,0.05,False
Germany,2024-05-09,weekly_differenced,weekly_differenced_arima_p1_d0_q1,residual_acf,47,0.0318624926166816,0.05,False
Germany,2024-05-09,weekly_differenced,weekly_differenced_arima_p1_d0_q1,residual_acf,48,0.0955589513116689,0.05,True
Germany,2024-05-09,weekly_differenced,weekly_differenced_arima_p1_d0_q1,residual_acf,5,-0.0690552116106869,0.05,True
Germany,2024-05-09,weekly_differenced,weekly_differenced_arima_p1_d0_q1,residual_acf,6,-0.0243005176854659,0.05,False
Germany,2024-05-09,weekly_differenced,weekly_differenced_arima_p1_d0_q1,residual_acf,7,-0.0501526431842003,0.05,True
Germany,2024-05-09,weekly_differenced,weekly_differenced_arima_p1_d0_q1,residual_acf,8,-0.007835542746802,0.05,False
Germany,2024-05-09,weekly_differenced,weekly_differenced_arima_p1_d0_q1,residual_acf,9,0.0030741252478161,0.05,False
Germany,2024-05-09,weekly_differenced,weekly_differenced_arima_p2_d0_q0,ljung_box_pvalue,24,2.6694894340428645e-11,0.01,True
Germany,2024-05-09,weekly_differenced,weekly_differenced_arima_p2_d0_q0,ljung_box_pvalue,48,1.60826047869949e-13,0.01,True
Germany,2024-05-09,weekly_differenced,weekly_differenced_arima_p2_d0_q0,ljung_box_statistic,24,96.45472319729691,0.01,True
Germany,2024-05-09,weekly_differenced,weekly_differenced_arima_p2_d0_q0,ljung_box_statistic,48,153.66771907279653,0.01,True
Germany,2024-05-09,weekly_differenced,weekly_differenced_arima_p2_d0_q0,residual_acf,1,0.0190884814335543,0.05,False
Germany,2024-05-09,weekly_differenced,weekly_differenced_arima_p2_d0_q0,residual_acf,10,-0.0044064277918215,0.05,False
Germany,2024-05-09,weekly_differenced,weekly_differenced_arima_p2_d0_q0,residual_acf,11,0.0192922913790458,0.05,False
Germany,2024-05-09,weekly_differenced,weekly_differenced_arima_p2_d0_q0,residual_acf,12,0.0494900481376987,0.05,False
Germany,2024-05-09,weekly_differenced,weekly_differenced_arima_p2_d0_q0,residual_acf,13,0.0134374346683183,0.05,False
Germany,2024-05-09,weekly_differenced,weekly_differenced_arima_p2_d0_q0,residual_acf,14,0.0022483405081633,0.05,False
Germany,2024-05-09,weekly_differenced,weekly_differenced_arima_p2_d0_q0,residual_acf,15,-0.0256490085979498,0.05,False
Germany,2024-05-09,weekly_differenced,weekly_differenced_arima_p2_d0_q0,residual_acf,16,-0.0376538095189156,0.05,False
Germany,2024-05-09,weekly_differenced,weekly_differenced_arima_p2_d0_q0,residual_acf,17,-0.016818288910887,0.05,False
Germany,2024-05-09,weekly_differenced,weekly_differenced_arima_p2_d0_q0,residual_acf,18,-0.0250002127517291,0.05,False
Germany,2024-05-09,weekly_differenced,weekly_differenced_arima_p2_d0_q0,residual_acf,19,0.0057359312146079,0.05,False
Germany,2024-05-09,weekly_differenced,weekly_differenced_arima_p2_d0_q0,residual_acf,2,-0.0281400825669735,0.05,False
Germany,2024-05-09,weekly_differenced,weekly_differenced_arima_p2_d0_q0,residual_acf,20,0.0160289835911631,0.05,False
Germany,2024-05-09,weekly_differenced,weekly_differenced_arima_p2_d0_q0,residual_acf,21,0.0069022408546401,0.05,False
Germany,2024-05-09,weekly_differenced,weekly_differenced_arima_p2_d0_q0,residual_acf,22,-0.0196251109689395,0.05,False
Germany,2024-05-09,weekly_differenced,weekly_differenced_arima_p2_d0_q0,residual_acf,23,0.0443175330081651,0.05,False
Germany,2024-05-09,weekly_differenced,weekly_differenced_arima_p2_d0_q0,residual_acf,24,0.1245024615345845,0.05,True
Germany,2024-05-09,weekly_differenced,weekly_differenced_arima_p2_d0_q0,residual_acf,25,0.0196412620760527,0.05,False
Germany,2024-05-09,weekly_differenced,weekly_differenced_arima_p2_d0_q0,residual_acf,26,-0.0174508468731103,0.05,False
Germany,2024-05-09,weekly_differenced,weekly_differenced_arima_p2_d0_q0,residual_acf,27,-0.0386635902083001,0.05,False
Germany,2024-05-09,weekly_differenced,weekly_differenced_arima_p2_d0_q0,residual_acf,28,-0.0114155052991784,0.05,False
Germany,2024-05-09,weekly_differenced,weekly_differenced_arima_p2_d0_q0,residual_acf,29,-0.0258144859912918,0.05,False
Germany,2024-05-09,weekly_differenced,weekly_differenced_arima_p2_d0_q0,residual_acf,3,-0.0436288739389759,0.05,False
Germany,2024-05-09,weekly_differenced,weekly_differenced_arima_p2_d0_q0,residual_acf,30,0.0223143665683268,0.05,False
Germany,2024-05-09,weekly_differenced,weekly_differenced_arima_p2_d0_q0,residual_acf,31,-0.0151274837382217,0.05,False
Germany,2024-05-09,weekly_differenced,weekly_differenced_arima_p2_d0_q0,residual_acf,32,0.0263511344038347,0.05,False
Germany,2024-05-09,weekly_differenced,weekly_differenced_arima_p2_d0_q0,residual_acf,33,-0.0011666726851764,0.05,False
Germany,2024-05-09,weekly_differenced,weekly_differenced_arima_p2_d0_q0,residual_acf,34,-0.0105978712619482,0.05,False
Germany,2024-05-09,weekly_differenced,weekly_differenced_arima_p2_d0_q0,residual_acf,35,0.0038279490640019,0.05,False
Germany,2024-05-09,weekly_differenced,weekly_differenced_arima_p2_d0_q0,residual_acf,36,-0.0101328586150704,0.05,False
Germany,2024-05-09,weekly_differenced,weekly_differenced_arima_p2_d0_q0,residual_acf,37,-0.0039502643697935,0.05,False
Germany,2024-05-09,weekly_differenced,weekly_differenced_arima_p2_d0_q0,residual_acf,38,0.0276786326981802,0.05,False
Germany,2024-05-09,weekly_differenced,weekly_differenced_arima_p2_d0_q0,residual_acf,39,-0.0091697624816374,0.05,False
Germany,2024-05-09,weekly_differenced,weekly_differenced_arima_p2_d0_q0,residual_acf,4,-0.006903776587316,0.05,False
Germany,2024-05-09,weekly_differenced,weekly_differenced_arima_p2_d0_q0,residual_acf,40,-0.0005636986919371,0.05,False
Germany,2024-05-09,weekly_differenced,weekly_differenced_arima_p2_d0_q0,residual_acf,41,0.0264917541615766,0.05,False
Germany,2024-05-09,weekly_differenced,weekly_differenced_arima_p2_d0_q0,residual_acf,42,0.0149059390264173,0.05,False
Germany,2024-05-09,weekly_differenced,weekly_differenced_arima_p2_d0_q0,residual_acf,43,0.0121637959856461,0.05,False
Germany,2024-05-09,weekly_differenced,weekly_differenced_arima_p2_d0_q0,residual_acf,44,0.0156425341314752,0.05,False
Germany,2024-05-09,weekly_differenced,weekly_differenced_arima_p2_d0_q0,residual_acf,45,-0.0225611290200092,0.05,False
Germany,2024-05-09,weekly_differenced,weekly_differenced_arima_p2_d0_q0,residual_acf,46,-0.0068532283081235,0.05,False
Germany,2024-05-09,weekly_differenced,weekly_differenced_arima_p2_d0_q0,residual_acf,47,0.0345944185361211,0.05,False
Germany,2024-05-09,weekly_differenced,weekly_differenced_arima_p2_d0_q0,residual_acf,48,0.0977503711970319,0.05,True
Germany,2024-05-09,weekly_differenced,weekly_differenced_arima_p2_d0_q0,residual_acf,5,-0.0452354764227415,0.05,False
Germany,2024-05-09,weekly_differenced,weekly_differenced_arima_p2_d0_q0,residual_acf,6,-0.009792603875285,0.05,False
Germany,2024-05-09,weekly_differenced,weekly_differenced_arima_p2_d0_q0,residual_acf,7,-0.0317365487976163,0.05,False
Germany,2024-05-09,weekly_differenced,weekly_differenced_arima_p2_d0_q0,residual_acf,8,0.0065287636746697,0.05,False
Germany,2024-05-09,weekly_differenced,weekly_differenced_arima_p2_d0_q0,residual_acf,9,0.0173492849838084,0.05,False
Germany,2024-05-09,weekly_differenced,weekly_differenced_arima_p2_d0_q1,ljung_box_pvalue,24,2.860436234730655e-10,0.01,True
Germany,2024-05-09,weekly_differenced,weekly_differenced_arima_p2_d0_q1,ljung_box_pvalue,48,3.2703587545893312e-12,0.01,True
Germany,2024-05-09,weekly_differenced,weekly_differenced_arima_p2_d0_q1,ljung_box_statistic,24,88.55619145646637,0.01,True
Germany,2024-05-09,weekly_differenced,weekly_differenced_arima_p2_d0_q1,ljung_box_statistic,48,143.49381625714057,0.01,True
Germany,2024-05-09,weekly_differenced,weekly_differenced_arima_p2_d0_q1,residual_acf,1,-0.0022776971996169,0.05,False
Germany,2024-05-09,weekly_differenced,weekly_differenced_arima_p2_d0_q1,residual_acf,10,-0.0053183788401502,0.05,False
Germany,2024-05-09,weekly_differenced,weekly_differenced_arima_p2_d0_q1,residual_acf,11,0.0172265915237049,0.05,False
Germany,2024-05-09,weekly_differenced,weekly_differenced_arima_p2_d0_q1,residual_acf,12,0.0468046556150134,0.05,False
Germany,2024-05-09,weekly_differenced,weekly_differenced_arima_p2_d0_q1,residual_acf,13,0.0098820434643741,0.05,False
Germany,2024-05-09,weekly_differenced,weekly_differenced_arima_p2_d0_q1,residual_acf,14,0.0011426109008709,0.05,False
Germany,2024-05-09,weekly_differenced,weekly_differenced_arima_p2_d0_q1,residual_acf,15,-0.026768322755692,0.05,False
Germany,2024-05-09,weekly_differenced,weekly_differenced_arima_p2_d0_q1,residual_acf,16,-0.0393590585964689,0.05,False
Germany,2024-05-09,weekly_differenced,weekly_differenced_arima_p2_d0_q1,residual_acf,17,-0.0182284784354069,0.05,False
Germany,2024-05-09,weekly_differenced,weekly_differenced_arima_p2_d0_q1,residual_acf,18,-0.0277883043943568,0.05,False
Germany,2024-05-09,weekly_differenced,weekly_differenced_arima_p2_d0_q1,residual_acf,19,0.0033396048472972,0.05,False
Germany,2024-05-09,weekly_differenced,weekly_differenced_arima_p2_d0_q1,residual_acf,2,0.0133332127789116,0.05,False
Germany,2024-05-09,weekly_differenced,weekly_differenced_arima_p2_d0_q1,residual_acf,20,0.0132442679441944,0.05,False
Germany,2024-05-09,weekly_differenced,weekly_differenced_arima_p2_d0_q1,residual_acf,21,0.0084846336812312,0.05,False
Germany,2024-05-09,weekly_differenced,weekly_differenced_arima_p2_d0_q1,residual_acf,22,-0.0160677952330855,0.05,False
Germany,2024-05-09,weekly_differenced,weekly_differenced_arima_p2_d0_q1,residual_acf,23,0.0419709355948678,0.05,False
Germany,2024-05-09,weekly_differenced,weekly_differenced_arima_p2_d0_q1,residual_acf,24,0.1207055300650621,0.05,True
Germany,2024-05-09,weekly_differenced,weekly_differenced_arima_p2_d0_q1,residual_acf,25,0.0160683274985574,0.05,False
Germany,2024-05-09,weekly_differenced,weekly_differenced_arima_p2_d0_q1,residual_acf,26,-0.0136714330212984,0.05,False
Germany,2024-05-09,weekly_differenced,weekly_differenced_arima_p2_d0_q1,residual_acf,27,-0.038452308972064,0.05,False
Germany,2024-05-09,weekly_differenced,weekly_differenced_arima_p2_d0_q1,residual_acf,28,-0.0108692882136824,0.05,False
Germany,2024-05-09,weekly_differenced,weekly_differenced_arima_p2_d0_q1,residual_acf,29,-0.0296876624187212,0.05,False
Germany,2024-05-09,weekly_differenced,weekly_differenced_arima_p2_d0_q1,residual_acf,3,-0.0352808489994333,0.05,False
Germany,2024-05-09,weekly_differenced,weekly_differenced_arima_p2_d0_q1,residual_acf,30,0.0217638732072948,0.05,False
Germany,2024-05-09,weekly_differenced,weekly_differenced_arima_p2_d0_q1,residual_acf,31,-0.0193081922893396,0.05,False
Germany,2024-05-09,weekly_differenced,weekly_differenced_arima_p2_d0_q1,residual_acf,32,0.0253421243334394,0.05,False
Germany,2024-05-09,weekly_differenced,weekly_differenced_arima_p2_d0_q1,residual_acf,33,-0.0032276926728931,0.05,False
Germany,2024-05-09,weekly_differenced,weekly_differenced_arima_p2_d0_q1,residual_acf,34,-0.0112973308153458,0.05,False
Germany,2024-05-09,weekly_differenced,weekly_differenced_arima_p2_d0_q1,residual_acf,35,0.0030040536982866,0.05,False
Germany,2024-05-09,weekly_differenced,weekly_differenced_arima_p2_d0_q1,residual_acf,36,-0.0107668400305384,0.05,False
Germany,2024-05-09,weekly_differenced,weekly_differenced_arima_p2_d0_q1,residual_acf,37,-0.0057758517063119,0.05,False
Germany,2024-05-09,weekly_differenced,weekly_differenced_arima_p2_d0_q1,residual_acf,38,0.026503198332045,0.05,False
Germany,2024-05-09,weekly_differenced,weekly_differenced_arima_p2_d0_q1,residual_acf,39,-0.0098800477620968,0.05,False
Germany,2024-05-09,weekly_differenced,weekly_differenced_arima_p2_d0_q1,residual_acf,4,-0.0040855739053603,0.05,False
Germany,2024-05-09,weekly_differenced,weekly_differenced_arima_p2_d0_q1,residual_acf,40,-0.0002686863161779,0.05,False
Germany,2024-05-09,weekly_differenced,weekly_differenced_arima_p2_d0_q1,residual_acf,41,0.0254257348858907,0.05,False
Germany,2024-05-09,weekly_differenced,weekly_differenced_arima_p2_d0_q1,residual_acf,42,0.01366046310106,0.05,False
Germany,2024-05-09,weekly_differenced,weekly_differenced_arima_p2_d0_q1,residual_acf,43,0.0108064866966784,0.05,False
Germany,2024-05-09,weekly_differenced,weekly_differenced_arima_p2_d0_q1,residual_acf,44,0.0162500256682071,0.05,False
Germany,2024-05-09,weekly_differenced,weekly_differenced_arima_p2_d0_q1,residual_acf,45,-0.0206451455334815,0.05,False
Germany,2024-05-09,weekly_differenced,weekly_differenced_arima_p2_d0_q1,residual_acf,46,-0.002750441429987,0.05,False
Germany,2024-05-09,weekly_differenced,weekly_differenced_arima_p2_d0_q1,residual_acf,47,0.0319708941876771,0.05,False
Germany,2024-05-09,weekly_differenced,weekly_differenced_arima_p2_d0_q1,residual_acf,48,0.0960544677431461,0.05,True
Germany,2024-05-09,weekly_differenced,weekly_differenced_arima_p2_d0_q1,residual_acf,5,-0.0489161228551751,0.05,False
Germany,2024-05-09,weekly_differenced,weekly_differenced_arima_p2_d0_q1,residual_acf,6,-0.0105279012909799,0.05,False
Germany,2024-05-09,weekly_differenced,weekly_differenced_arima_p2_d0_q1,residual_acf,7,-0.0354260368241565,0.05,False
Germany,2024-05-09,weekly_differenced,weekly_differenced_arima_p2_d0_q1,residual_acf,8,0.0036931970864089,0.05,False
Germany,2024-05-09,weekly_differenced,weekly_differenced_arima_p2_d0_q1,residual_acf,9,0.0148950090682107,0.05,False
Germany,2024-05-09,weekly_differenced,weekly_differenced_arima_p2_d0_q2,ljung_box_pvalue,24,7.135459138781861e-10,0.01,True
Germany,2024-05-09,weekly_differenced,weekly_differenced_arima_p2_d0_q2,ljung_box_pvalue,48,1.4378990884622025e-11,0.01,True
Germany,2024-05-09,weekly_differenced,weekly_differenced_arima_p2_d0_q2,ljung_box_statistic,24,84.33191932528788,0.01,True
Germany,2024-05-09,weekly_differenced,weekly_differenced_arima_p2_d0_q2,ljung_box_statistic,48,137.5883518624946,0.01,True
Germany,2024-05-09,weekly_differenced,weekly_differenced_arima_p2_d0_q2,residual_acf,1,-0.0037784976343462,0.05,False
Germany,2024-05-09,weekly_differenced,weekly_differenced_arima_p2_d0_q2,residual_acf,10,-0.0082522253830436,0.05,False
Germany,2024-05-09,weekly_differenced,weekly_differenced_arima_p2_d0_q2,residual_acf,11,0.0157199041452697,0.05,False
Germany,2024-05-09,weekly_differenced,weekly_differenced_arima_p2_d0_q2,residual_acf,12,0.0449252167395363,0.05,False
Germany,2024-05-09,weekly_differenced,weekly_differenced_arima_p2_d0_q2,residual_acf,13,0.0070699609759164,0.05,False
Germany,2024-05-09,weekly_differenced,weekly_differenced_arima_p2_d0_q2,residual_acf,14,-0.0003361902418581,0.05,False
Germany,2024-05-09,weekly_differenced,weekly_differenced_arima_p2_d0_q2,residual_acf,15,-0.0276300404771875,0.05,False
Germany,2024-05-09,weekly_differenced,weekly_differenced_arima_p2_d0_q2,residual_acf,16,-0.0404179987755317,0.05,False
Germany,2024-05-09,weekly_differenced,weekly_differenced_arima_p2_d0_q2,residual_acf,17,-0.0192365347558203,0.05,False
Germany,2024-05-09,weekly_differenced,weekly_differenced_arima_p2_d0_q2,residual_acf,18,-0.0298099569234432,0.05,False
Germany,2024-05-09,weekly_differenced,weekly_differenced_arima_p2_d0_q2,residual_acf,19,0.0003889983525783,0.05,False
Germany,2024-05-09,weekly_differenced,weekly_differenced_arima_p2_d0_q2,residual_acf,2,0.0052737869460691,0.05,False
Germany,2024-05-09,weekly_differenced,weekly_differenced_arima_p2_d0_q2,residual_acf,20,0.0127813849682703,0.05,False
Germany,2024-05-09,weekly_differenced,weekly_differenced_arima_p2_d0_q2,residual_acf,21,0.0101671091829195,0.05,False
Germany,2024-05-09,weekly_differenced,weekly_differenced_arima_p2_d0_q2,residual_acf,22,-0.0173270192895151,0.05,False
Germany,2024-05-09,weekly_differenced,weekly_differenced_arima_p2_d0_q2,residual_acf,23,0.040817702148877,0.05,False
Germany,2024-05-09,weekly_differenced,weekly_differenced_arima_p2_d0_q2,residual_acf,24,0.1191635519751284,0.05,True
Germany,2024-05-09,weekly_differenced,weekly_differenced_arima_p2_d0_q2,residual_acf,25,0.0137896974026195,0.05,False
Germany,2024-05-09,weekly_differenced,weekly_differenced_arima_p2_d0_q2,residual_acf,26,-0.015116023413005,0.05,False
Germany,2024-05-09,weekly_differenced,weekly_differenced_arima_p2_d0_q2,residual_acf,27,-0.0349313286318794,0.05,False
Germany,2024-05-09,weekly_differenced,weekly_differenced_arima_p2_d0_q2,residual_acf,28,-0.0126421895247313,0.05,False
Germany,2024-05-09,weekly_differenced,weekly_differenced_arima_p2_d0_q2,residual_acf,29,-0.0303931465496254,0.05,False
Germany,2024-05-09,weekly_differenced,weekly_differenced_arima_p2_d0_q2,residual_acf,3,-0.0032274653940808,0.05,False
Germany,2024-05-09,weekly_differenced,weekly_differenced_arima_p2_d0_q2,residual_acf,30,0.0194395397845604,0.05,False
Germany,2024-05-09,weekly_differenced,weekly_differenced_arima_p2_d0_q2,residual_acf,31,-0.0210971658632718,0.05,False
Germany,2024-05-09,weekly_differenced,weekly_differenced_arima_p2_d0_q2,residual_acf,32,0.023235301139872,0.05,False
Germany,2024-05-09,weekly_differenced,weekly_differenced_arima_p2_d0_q2,residual_acf,33,-0.0037647109986377,0.05,False
Germany,2024-05-09,weekly_differenced,weekly_differenced_arima_p2_d0_q2,residual_acf,34,-0.0133892637918226,0.05,False
Germany,2024-05-09,weekly_differenced,weekly_differenced_arima_p2_d0_q2,residual_acf,35,0.0038325040605532,0.05,False
Germany,2024-05-09,weekly_differenced,weekly_differenced_arima_p2_d0_q2,residual_acf,36,-0.0124175734314117,0.05,False
Germany,2024-05-09,weekly_differenced,weekly_differenced_arima_p2_d0_q2,residual_acf,37,-0.007392605249336,0.05,False
Germany,2024-05-09,weekly_differenced,weekly_differenced_arima_p2_d0_q2,residual_acf,38,0.0267380032874302,0.05,False
Germany,2024-05-09,weekly_differenced,weekly_differenced_arima_p2_d0_q2,residual_acf,39,-0.0112148848861444,0.05,False
Germany,2024-05-09,weekly_differenced,weekly_differenced_arima_p2_d0_q2,residual_acf,4,-0.0093056905654747,0.05,False
Germany,2024-05-09,weekly_differenced,weekly_differenced_arima_p2_d0_q2,residual_acf,40,-0.0013776854313155,0.05,False
Germany,2024-05-09,weekly_differenced,weekly_differenced_arima_p2_d0_q2,residual_acf,41,0.0260725809755442,0.05,False
Germany,2024-05-09,weekly_differenced,weekly_differenced_arima_p2_d0_q2,residual_acf,42,0.0114812866456228,0.05,False
Germany,2024-05-09,weekly_differenced,weekly_differenced_arima_p2_d0_q2,residual_acf,43,0.0097972187393725,0.05,False
Germany,2024-05-09,weekly_differenced,weekly_differenced_arima_p2_d0_q2,residual_acf,44,0.0170155620741199,0.05,False
Germany,2024-05-09,weekly_differenced,weekly_differenced_arima_p2_d0_q2,residual_acf,45,-0.0183110682332105,0.05,False
Germany,2024-05-09,weekly_differenced,weekly_differenced_arima_p2_d0_q2,residual_acf,46,-0.003677935842831,0.05,False
Germany,2024-05-09,weekly_differenced,weekly_differenced_arima_p2_d0_q2,residual_acf,47,0.0321575870987562,0.05,False
Germany,2024-05-09,weekly_differenced,weekly_differenced_arima_p2_d0_q2,residual_acf,48,0.0945863387242957,0.05,True
Germany,2024-05-09,weekly_differenced,weekly_differenced_arima_p2_d0_q2,residual_acf,5,-0.0502750306053206,0.05,True
Germany,2024-05-09,weekly_differenced,weekly_differenced_arima_p2_d0_q2,residual_acf,6,-0.0119669896070878,0.05,False
Germany,2024-05-09,weekly_differenced,weekly_differenced_arima_p2_d0_q2,residual_acf,7,-0.0377413070532741,0.05,False
Germany,2024-05-09,weekly_differenced,weekly_differenced_arima_p2_d0_q2,residual_acf,8,0.0007331729726465,0.05,False
Germany,2024-05-09,weekly_differenced,weekly_differenced_arima_p2_d0_q2,residual_acf,9,0.0145197292815512,0.05,False
Germany,2024-05-09,weekly_differenced,weekly_differenced_arima_p3_d0_q1,ljung_box_pvalue,24,7.1713092687766e-08,0.01,True
Germany,2024-05-09,weekly_differenced,weekly_differenced_arima_p3_d0_q1,ljung_box_pvalue,48,3.9187160163130305e-10,0.01,True
Germany,2024-05-09,weekly_differenced,weekly_differenced_arima_p3_d0_q1,ljung_box_statistic,24,72.46596265738393,0.01,True
Germany,2024-05-09,weekly_differenced,weekly_differenced_arima_p3_d0_q1,ljung_box_statistic,48,128.0105328448188,0.01,True
Germany,2024-05-09,weekly_differenced,weekly_differenced_arima_p3_d0_q1,residual_acf,1,0.0069315992280702,0.05,False
Germany,2024-05-09,weekly_differenced,weekly_differenced_arima_p3_d0_q1,residual_acf,10,-0.0010713467109041,0.05,False
Germany,2024-05-09,weekly_differenced,weekly_differenced_arima_p3_d0_q1,residual_acf,11,0.0195441047808174,0.05,False
Germany,2024-05-09,weekly_differenced,weekly_differenced_arima_p3_d0_q1,residual_acf,12,0.0478112986932113,0.05,False
Germany,2024-05-09,weekly_differenced,weekly_differenced_arima_p3_d0_q1,residual_acf,13,0.0104458432070276,0.05,False
Germany,2024-05-09,weekly_differenced,weekly_differenced_arima_p3_d0_q1,residual_acf,14,0.0004419843551871,0.05,False
Germany,2024-05-09,weekly_differenced,weekly_differenced_arima_p3_d0_q1,residual_acf,15,-0.0268513058956237,0.05,False
Germany,2024-05-09,weekly_differenced,weekly_differenced_arima_p3_d0_q1,residual_acf,16,-0.0390095696240576,0.05,False
Germany,2024-05-09,weekly_differenced,weekly_differenced_arima_p3_d0_q1,residual_acf,17,-0.0188921836299078,0.05,False
Germany,2024-05-09,weekly_differenced,weekly_differenced_arima_p3_d0_q1,residual_acf,18,-0.0295236632327096,0.05,False
Germany,2024-05-09,weekly_differenced,weekly_differenced_arima_p3_d0_q1,residual_acf,19,-0.0002126615377115,0.05,False
Germany,2024-05-09,weekly_differenced,weekly_differenced_arima_p3_d0_q1,residual_acf,2,-0.0121603444226985,0.05,False
Germany,2024-05-09,weekly_differenced,weekly_differenced_arima_p3_d0_q1,residual_acf,20,0.0086293909526014,0.05,False
Germany,2024-05-09,weekly_differenced,weekly_differenced_arima_p3_d0_q1,residual_acf,21,-0.0015264047577355,0.05,False
Germany,2024-05-09,weekly_differenced,weekly_differenced_arima_p3_d0_q1,residual_acf,22,-0.030850237454564,0.05,False
Germany,2024-05-09,weekly_differenced,weekly_differenced_arima_p3_d0_q1,residual_acf,23,0.0302261461319108,0.05,False
Germany,2024-05-09,weekly_differenced,weekly_differenced_arima_p3_d0_q1,residual_acf,24,0.1104028598743406,0.05,True
Germany,2024-05-09,weekly_differenced,weekly_differenced_arima_p3_d0_q1,residual_acf,25,0.0056992761021262,0.05,False
Germany,2024-05-09,weekly_differenced,weekly_differenced_arima_p3_d0_q1,residual_acf,26,-0.0270610335433349,0.05,False
Germany,2024-05-09,weekly_differenced,weekly_differenced_arima_p3_d0_q1,residual_acf,27,-0.0464397769193264,0.05,False
Germany,2024-05-09,weekly_differenced,weekly_differenced_arima_p3_d0_q1,residual_acf,28,-0.0185685571304892,0.05,False
Germany,2024-05-09,weekly_differenced,weekly_differenced_arima_p3_d0_q1,residual_acf,29,-0.0351451412333813,0.05,False
Germany,2024-05-09,weekly_differenced,weekly_differenced_arima_p3_d0_q1,residual_acf,3,-0.0184651442324301,0.05,False
Germany,2024-05-09,weekly_differenced,weekly_differenced_arima_p3_d0_q1,residual_acf,30,0.0128600252448833,0.05,False
Germany,2024-05-09,weekly_differenced,weekly_differenced_arima_p3_d0_q1,residual_acf,31,-0.0269023038770768,0.05,False
Germany,2024-05-09,weekly_differenced,weekly_differenced_arima_p3_d0_q1,residual_acf,32,0.0154553177378229,0.05,False
Germany,2024-05-09,weekly_differenced,weekly_differenced_arima_p3_d0_q1,residual_acf,33,-0.0122673323438762,0.05,False
Germany,2024-05-09,weekly_differenced,weekly_differenced_arima_p3_d0_q1,residual_acf,34,-0.0209209441596047,0.05,False
Germany,2024-05-09,weekly_differenced,weekly_differenced_arima_p3_d0_q1,residual_acf,35,-0.0055686214843946,0.05,False
Germany,2024-05-09,weekly_differenced,weekly_differenced_arima_p3_d0_q1,residual_acf,36,-0.019678690119702,0.05,False
Germany,2024-05-09,weekly_differenced,weekly_differenced_arima_p3_d0_q1,residual_acf,37,-0.0136350502710411,0.05,False
Germany,2024-05-09,weekly_differenced,weekly_differenced_arima_p3_d0_q1,residual_acf,38,0.0188249605639455,0.05,False
Germany,2024-05-09,weekly_differenced,weekly_differenced_arima_p3_d0_q1,residual_acf,39,-0.0184829590990678,0.05,False
Germany,2024-05-09,weekly_differenced,weekly_differenced_arima_p3_d0_q1,residual_acf,4,0.0201878196856795,0.05,False
Germany,2024-05-09,weekly_differenced,weekly_differenced_arima_p3_d0_q1,residual_acf,40,-0.0093882062824074,0.05,False
Germany,2024-05-09,weekly_differenced,weekly_differenced_arima_p3_d0_q1,residual_acf,41,0.0180252363174122,0.05,False
Germany,2024-05-09,weekly_differenced,weekly_differenced_arima_p3_d0_q1,residual_acf,42,0.0065034204733005,0.05,False
Germany,2024-05-09,weekly_differenced,weekly_differenced_arima_p3_d0_q1,residual_acf,43,0.0048330307573202,0.05,False
Germany,2024-05-09,weekly_differenced,weekly_differenced_arima_p3_d0_q1,residual_acf,44,0.0100805464967826,0.05,False
Germany,2024-05-09,weekly_differenced,weekly_differenced_arima_p3_d0_q1,residual_acf,45,-0.028184223425879,0.05,False
Germany,2024-05-09,weekly_differenced,weekly_differenced_arima_p3_d0_q1,residual_acf,46,-0.0133314756598237,0.05,False
Germany,2024-05-09,weekly_differenced,weekly_differenced_arima_p3_d0_q1,residual_acf,47,0.0255296341796197,0.05,False
Germany,2024-05-09,weekly_differenced,weekly_differenced_arima_p3_d0_q1,residual_acf,48,0.0888016802950377,0.05,True
Germany,2024-05-09,weekly_differenced,weekly_differenced_arima_p3_d0_q1,residual_acf,5,-0.0218497206211421,0.05,False
Germany,2024-05-09,weekly_differenced,weekly_differenced_arima_p3_d0_q1,residual_acf,6,0.0109713324489311,0.05,False
Germany,2024-05-09,weekly_differenced,weekly_differenced_arima_p3_d0_q1,residual_acf,7,-0.0163473404134278,0.05,False
Germany,2024-05-09,weekly_differenced,weekly_differenced_arima_p3_d0_q1,residual_acf,8,0.0179442600386262,0.05,False
Germany,2024-05-09,weekly_differenced,weekly_differenced_arima_p3_d0_q1,residual_acf,9,0.0248171708678633,0.05,False
Germany,2024-06-17,weekly_differenced,weekly_differenced_arima_p1_d0_q1,ljung_box_pvalue,24,7.324652157661023e-30,0.01,True
Germany,2024-06-17,weekly_differenced,weekly_differenced_arima_p1_d0_q1,ljung_box_pvalue,48,3.3286884127864227e-31,0.01,True
Germany,2024-06-17,weekly_differenced,weekly_differenced_arima_p1_d0_q1,ljung_box_statistic,24,195.86194599052996,0.01,True
Germany,2024-06-17,weekly_differenced,weekly_differenced_arima_p1_d0_q1,ljung_box_statistic,48,257.53628295811745,0.01,True
Germany,2024-06-17,weekly_differenced,weekly_differenced_arima_p1_d0_q1,residual_acf,1,0.0549740649370604,0.05,True
Germany,2024-06-17,weekly_differenced,weekly_differenced_arima_p1_d0_q1,residual_acf,10,-0.0034101721087872,0.05,False
Germany,2024-06-17,weekly_differenced,weekly_differenced_arima_p1_d0_q1,residual_acf,11,0.0062636771602887,0.05,False
Germany,2024-06-17,weekly_differenced,weekly_differenced_arima_p1_d0_q1,residual_acf,12,0.0386214206206489,0.05,False
Germany,2024-06-17,weekly_differenced,weekly_differenced_arima_p1_d0_q1,residual_acf,13,0.0028229499103843,0.05,False
Germany,2024-06-17,weekly_differenced,weekly_differenced_arima_p1_d0_q1,residual_acf,14,-0.023770309064235,0.05,False
Germany,2024-06-17,weekly_differenced,weekly_differenced_arima_p1_d0_q1,residual_acf,15,-0.0632098710055314,0.05,True
Germany,2024-06-17,weekly_differenced,weekly_differenced_arima_p1_d0_q1,residual_acf,16,-0.0746380822897705,0.05,True
Germany,2024-06-17,weekly_differenced,weekly_differenced_arima_p1_d0_q1,residual_acf,17,-0.0287722693892524,0.05,False
Germany,2024-06-17,weekly_differenced,weekly_differenced_arima_p1_d0_q1,residual_acf,18,-0.0461454849669573,0.05,False
Germany,2024-06-17,weekly_differenced,weekly_differenced_arima_p1_d0_q1,residual_acf,19,0.0100081338050434,0.05,False
Germany,2024-06-17,weekly_differenced,weekly_differenced_arima_p1_d0_q1,residual_acf,2,0.1327380114639443,0.05,True
Germany,2024-06-17,weekly_differenced,weekly_differenced_arima_p1_d0_q1,residual_acf,20,0.0002248634461098,0.05,False
Germany,2024-06-17,weekly_differenced,weekly_differenced_arima_p1_d0_q1,residual_acf,21,0.0086563865762135,0.05,False
Germany,2024-06-17,weekly_differenced,weekly_differenced_arima_p1_d0_q1,residual_acf,22,-0.0182411617611658,0.05,False
Germany,2024-06-17,weekly_differenced,weekly_differenced_arima_p1_d0_q1,residual_acf,23,0.0451540897289301,0.05,False
Germany,2024-06-17,weekly_differenced,weekly_differenced_arima_p1_d0_q1,residual_acf,24,0.0814364845282535,0.05,True
Germany,2024-06-17,weekly_differenced,weekly_differenced_arima_p1_d0_q1,residual_acf,25,0.0159847149978062,0.05,False
Germany,2024-06-17,weekly_differenced,weekly_differenced_arima_p1_d0_q1,residual_acf,26,-0.001257052951819,0.05,False
Germany,2024-06-17,weekly_differenced,weekly_differenced_arima_p1_d0_q1,residual_acf,27,-0.0463778370649714,0.05,False
Germany,2024-06-17,weekly_differenced,weekly_differenced_arima_p1_d0_q1,residual_acf,28,-0.0235553722919621,0.05,False
Germany,2024-06-17,weekly_differenced,weekly_differenced_arima_p1_d0_q1,residual_acf,29,-0.0348924572091622,0.05,False
Germany,2024-06-17,weekly_differenced,weekly_differenced_arima_p1_d0_q1,residual_acf,3,-0.0467915697913023,0.05,False
Germany,2024-06-17,weekly_differenced,weekly_differenced_arima_p1_d0_q1,residual_acf,30,0.0068277149455673,0.05,False
Germany,2024-06-17,weekly_differenced,weekly_differenced_arima_p1_d0_q1,residual_acf,31,-0.0419540241684139,0.05,False
Germany,2024-06-17,weekly_differenced,weekly_differenced_arima_p1_d0_q1,residual_acf,32,0.0001599634930012,0.05,False
Germany,2024-06-17,weekly_differenced,weekly_differenced_arima_p1_d0_q1,residual_acf,33,-0.019662254836111,0.05,False
Germany,2024-06-17,weekly_differenced,weekly_differenced_arima_p1_d0_q1,residual_acf,34,-0.0148642895669733,0.05,False
Germany,2024-06-17,weekly_differenced,weekly_differenced_arima_p1_d0_q1,residual_acf,35,-0.0054730555486875,0.05,False
Germany,2024-06-17,weekly_differenced,weekly_differenced_arima_p1_d0_q1,residual_acf,36,0.0076799124612301,0.05,False
Germany,2024-06-17,weekly_differenced,weekly_differenced_arima_p1_d0_q1,residual_acf,37,-0.0255312478108866,0.05,False
Germany,2024-06-17,weekly_differenced,weekly_differenced_arima_p1_d0_q1,residual_acf,38,0.0209309087307082,0.05,False
Germany,2024-06-17,weekly_differenced,weekly_differenced_arima_p1_d0_q1,residual_acf,39,-0.013864341658332,0.05,False
Germany,2024-06-17,weekly_differenced,weekly_differenced_arima_p1_d0_q1,residual_acf,4,0.0112800872055431,0.05,False
Germany,2024-06-17,weekly_differenced,weekly_differenced_arima_p1_d0_q1,residual_acf,40,0.0017923251790925,0.05,False
Germany,2024-06-17,weekly_differenced,weekly_differenced_arima_p1_d0_q1,residual_acf,41,0.0122329388855946,0.05,False
Germany,2024-06-17,weekly_differenced,weekly_differenced_arima_p1_d0_q1,residual_acf,42,0.0137738878004706,0.05,False
Germany,2024-06-17,weekly_differenced,weekly_differenced_arima_p1_d0_q1,residual_acf,43,-0.0051751531743469,0.05,False
Germany,2024-06-17,weekly_differenced,weekly_differenced_arima_p1_d0_q1,residual_acf,44,-0.0037523875655292,0.05,False
Germany,2024-06-17,weekly_differenced,weekly_differenced_arima_p1_d0_q1,residual_acf,45,-0.0138161322470457,0.05,False
Germany,2024-06-17,weekly_differenced,weekly_differenced_arima_p1_d0_q1,residual_acf,46,0.011568200619237,0.05,False
Germany,2024-06-17,weekly_differenced,weekly_differenced_arima_p1_d0_q1,residual_acf,47,0.0292043614143684,0.05,False
Germany,2024-06-17,weekly_differenced,weekly_differenced_arima_p1_d0_q1,residual_acf,48,0.0745422274759,0.05,True
Germany,2024-06-17,weekly_differenced,weekly_differenced_arima_p1_d0_q1,residual_acf,5,-0.0314945535183234,0.05,False
Germany,2024-06-17,weekly_differenced,weekly_differenced_arima_p1_d0_q1,residual_acf,6,-0.0025680119231983,0.05,False
Germany,2024-06-17,weekly_differenced,weekly_differenced_arima_p1_d0_q1,residual_acf,7,-0.0207347531491297,0.05,False
Germany,2024-06-17,weekly_differenced,weekly_differenced_arima_p1_d0_q1,residual_acf,8,-0.0040808972652493,0.05,False
Germany,2024-06-17,weekly_differenced,weekly_differenced_arima_p1_d0_q1,residual_acf,9,-0.0040332963191963,0.05,False
Germany,2024-06-17,weekly_differenced,weekly_differenced_arima_p2_d0_q0,ljung_box_pvalue,24,3.704185437770724e-12,0.01,True
Germany,2024-06-17,weekly_differenced,weekly_differenced_arima_p2_d0_q0,ljung_box_pvalue,48,1.108424512231724e-13,0.01,True
Germany,2024-06-17,weekly_differenced,weekly_differenced_arima_p2_d0_q0,ljung_box_statistic,24,101.37626042381568,0.01,True
Germany,2024-06-17,weekly_differenced,weekly_differenced_arima_p2_d0_q0,ljung_box_statistic,48,154.7022698594443,0.01,True
Germany,2024-06-17,weekly_differenced,weekly_differenced_arima_p2_d0_q0,residual_acf,1,0.016193282339249,0.05,False
Germany,2024-06-17,weekly_differenced,weekly_differenced_arima_p2_d0_q0,residual_acf,10,-0.0011143497007058,0.05,False
Germany,2024-06-17,weekly_differenced,weekly_differenced_arima_p2_d0_q0,residual_acf,11,0.0135909243447086,0.05,False
Germany,2024-06-17,weekly_differenced,weekly_differenced_arima_p2_d0_q0,residual_acf,12,0.0519488251977014,0.05,True
Germany,2024-06-17,weekly_differenced,weekly_differenced_arima_p2_d0_q0,residual_acf,13,0.019391014779673,0.05,False
Germany,2024-06-17,weekly_differenced,weekly_differenced_arima_p2_d0_q0,residual_acf,14,-0.0090019533328589,0.05,False
Germany,2024-06-17,weekly_differenced,weekly_differenced_arima_p2_d0_q0,residual_acf,15,-0.0498766593502791,0.05,False
Germany,2024-06-17,weekly_differenced,weekly_differenced_arima_p2_d0_q0,residual_acf,16,-0.0549216478947679,0.05,True
Germany,2024-06-17,weekly_differenced,weekly_differenced_arima_p2_d0_q0,residual_acf,17,-0.0090279932260869,0.05,False
Germany,2024-06-17,weekly_differenced,weekly_differenced_arima_p2_d0_q0,residual_acf,18,-0.0282171048491292,0.05,False
Germany,2024-06-17,weekly_differenced,weekly_differenced_arima_p2_d0_q0,residual_acf,19,0.0226129769142623,0.05,False
Germany,2024-06-17,weekly_differenced,weekly_differenced_arima_p2_d0_q0,residual_acf,2,-0.0201044601879769,0.05,False
Germany,2024-06-17,weekly_differenced,weekly_differenced_arima_p2_d0_q0,residual_acf,20,0.0158769274205936,0.05,False
Germany,2024-06-17,weekly_differenced,weekly_differenced_arima_p2_d0_q0,residual_acf,21,0.006768720229904,0.05,False
Germany,2024-06-17,weekly_differenced,weekly_differenced_arima_p2_d0_q0,residual_acf,22,-0.0292391474711479,0.05,False
Germany,2024-06-17,weekly_differenced,weekly_differenced_arima_p2_d0_q0,residual_acf,23,0.0455630467239419,0.05,False
Germany,2024-06-17,weekly_differenced,weekly_differenced_arima_p2_d0_q0,residual_acf,24,0.0901654667013499,0.05,True
Germany,2024-06-17,weekly_differenced,weekly_differenced_arima_p2_d0_q0,residual_acf,25,0.018200214929784,0.05,False
Germany,2024-06-17,weekly_differenced,weekly_differenced_arima_p2_d0_q0,residual_acf,26,-0.0042826770011502,0.05,False
Germany,2024-06-17,weekly_differenced,weekly_differenced_arima_p2_d0_q0,residual_acf,27,-0.0386467574931378,0.05,False
Germany,2024-06-17,weekly_differenced,weekly_differenced_arima_p2_d0_q0,residual_acf,28,-0.0167113535423696,0.05,False
Germany,2024-06-17,weekly_differenced,weekly_differenced_arima_p2_d0_q0,residual_acf,29,-0.0157821906995345,0.05,False
Germany,2024-06-17,weekly_differenced,weekly_differenced_arima_p2_d0_q0,residual_acf,3,-0.0480009049317528,0.05,False
Germany,2024-06-17,weekly_differenced,weekly_differenced_arima_p2_d0_q0,residual_acf,30,0.0194201295697665,0.05,False
Germany,2024-06-17,weekly_differenced,weekly_differenced_arima_p2_d0_q0,residual_acf,31,-0.0299774695463194,0.05,False
Germany,2024-06-17,weekly_differenced,weekly_differenced_arima_p2_d0_q0,residual_acf,32,0.0086796154445483,0.05,False
Germany,2024-06-17,weekly_differenced,weekly_differenced_arima_p2_d0_q0,residual_acf,33,-0.0078174059765944,0.05,False
Germany,2024-06-17,weekly_differenced,weekly_differenced_arima_p2_d0_q0,residual_acf,34,-0.0116418603617116,0.05,False
Germany,2024-06-17,weekly_differenced,weekly_differenced_arima_p2_d0_q0,residual_acf,35,0.0066225870380108,0.05,False
Germany,2024-06-17,weekly_differenced,weekly_differenced_arima_p2_d0_q0,residual_acf,36,0.012403510528048,0.05,False
Germany,2024-06-17,weekly_differenced,weekly_differenced_arima_p2_d0_q0,residual_acf,37,-0.0206628870029926,0.05,False
Germany,2024-06-17,weekly_differenced,weekly_differenced_arima_p2_d0_q0,residual_acf,38,0.0262235893432397,0.05,False
Germany,2024-06-17,weekly_differenced,weekly_differenced_arima_p2_d0_q0,residual_acf,39,-0.0095754223754064,0.05,False
Germany,2024-06-17,weekly_differenced,weekly_differenced_arima_p2_d0_q0,residual_acf,4,0.0040794381111309,0.05,False
Germany,2024-06-17,weekly_differenced,weekly_differenced_arima_p2_d0_q0,residual_acf,40,-4.434003845537138e-05,0.05,False
Germany,2024-06-17,weekly_differenced,weekly_differenced_arima_p2_d0_q0,residual_acf,41,0.0195708396864853,0.05,False
Germany,2024-06-17,weekly_differenced,weekly_differenced_arima_p2_d0_q0,residual_acf,42,0.0179388371423888,0.05,False
Germany,2024-06-17,weekly_differenced,weekly_differenced_arima_p2_d0_q0,residual_acf,43,-0.0013974737240027,0.05,False
Germany,2024-06-17,weekly_differenced,weekly_differenced_arima_p2_d0_q0,residual_acf,44,-0.0032627531881483,0.05,False
Germany,2024-06-17,weekly_differenced,weekly_differenced_arima_p2_d0_q0,residual_acf,45,-0.0147444915232564,0.05,False
Germany,2024-06-17,weekly_differenced,weekly_differenced_arima_p2_d0_q0,residual_acf,46,0.0027832390953403,0.05,False
Germany,2024-06-17,weekly_differenced,weekly_differenced_arima_p2_d0_q0,residual_acf,47,0.0307840807547176,0.05,False
Germany,2024-06-17,weekly_differenced,weekly_differenced_arima_p2_d0_q0,residual_acf,48,0.0762979204883812,0.05,True
Germany,2024-06-17,weekly_differenced,weekly_differenced_arima_p2_d0_q0,residual_acf,5,-0.0119543089614618,0.05,False
Germany,2024-06-17,weekly_differenced,weekly_differenced_arima_p2_d0_q0,residual_acf,6,0.0084271783523816,0.05,False
Germany,2024-06-17,weekly_differenced,weekly_differenced_arima_p2_d0_q0,residual_acf,7,-0.0059026026084575,0.05,False
Germany,2024-06-17,weekly_differenced,weekly_differenced_arima_p2_d0_q0,residual_acf,8,0.0069373921338307,0.05,False
Germany,2024-06-17,weekly_differenced,weekly_differenced_arima_p2_d0_q0,residual_acf,9,0.0068638216369103,0.05,False
Germany,2024-06-17,weekly_differenced,weekly_differenced_arima_p2_d0_q1,ljung_box_pvalue,24,5.961418681801901e-11,0.01,True
Germany,2024-06-17,weekly_differenced,weekly_differenced_arima_p2_d0_q1,ljung_box_pvalue,48,1.8887750061484548e-12,0.01,True
Germany,2024-06-17,weekly_differenced,weekly_differenced_arima_p2_d0_q1,ljung_box_statistic,24,92.49857538125424,0.01,True
Germany,2024-06-17,weekly_differenced,weekly_differenced_arima_p2_d0_q1,ljung_box_statistic,48,145.04561480194187,0.01,True
Germany,2024-06-17,weekly_differenced,weekly_differenced_arima_p2_d0_q1,residual_acf,1,-0.0015156784105184,0.05,False
Germany,2024-06-17,weekly_differenced,weekly_differenced_arima_p2_d0_q1,residual_acf,10,-0.0012653508424293,0.05,False
Germany,2024-06-17,weekly_differenced,weekly_differenced_arima_p2_d0_q1,residual_acf,11,0.0114521046032702,0.05,False
Germany,2024-06-17,weekly_differenced,weekly_differenced_arima_p2_d0_q1,residual_acf,12,0.0487702329191287,0.05,False
Germany,2024-06-17,weekly_differenced,weekly_differenced_arima_p2_d0_q1,residual_acf,13,0.0151034237179492,0.05,False
Germany,2024-06-17,weekly_differenced,weekly_differenced_arima_p2_d0_q1,residual_acf,14,-0.0104192251788609,0.05,False
Germany,2024-06-17,weekly_differenced,weekly_differenced_arima_p2_d0_q1,residual_acf,15,-0.0500425174930823,0.05,True
Germany,2024-06-17,weekly_differenced,weekly_differenced_arima_p2_d0_q1,residual_acf,16,-0.0564188463791736,0.05,True
Germany,2024-06-17,weekly_differenced,weekly_differenced_arima_p2_d0_q1,residual_acf,17,-0.0101488437893929,0.05,False
Germany,2024-06-17,weekly_differenced,weekly_differenced_arima_p2_d0_q1,residual_acf,18,-0.0319458141739315,0.05,False
Germany,2024-06-17,weekly_differenced,weekly_differenced_arima_p2_d0_q1,residual_acf,19,0.0205188187671689,0.05,False
Germany,2024-06-17,weekly_differenced,weekly_differenced_arima_p2_d0_q1,residual_acf,2,0.0135165957060562,0.05,False
Germany,2024-06-17,weekly_differenced,weekly_differenced_arima_p2_d0_q1,residual_acf,20,0.0127200253917786,0.05,False
Germany,2024-06-17,weekly_differenced,weekly_differenced_arima_p2_d0_q1,residual_acf,21,0.0085105478544897,0.05,False
Germany,2024-06-17,weekly_differenced,weekly_differenced_arima_p2_d0_q1,residual_acf,22,-0.0275685191816616,0.05,False
Germany,2024-06-17,weekly_differenced,weekly_differenced_arima_p2_d0_q1,residual_acf,23,0.0444256803690405,0.05,False
Germany,2024-06-17,weekly_differenced,weekly_differenced_arima_p2_d0_q1,residual_acf,24,0.0869790152956109,0.05,True
Germany,2024-06-17,weekly_differenced,weekly_differenced_arima_p2_d0_q1,residual_acf,25,0.0155677903394228,0.05,False
Germany,2024-06-17,weekly_differenced,weekly_differenced_arima_p2_d0_q1,residual_acf,26,-0.0024290182250095,0.05,False
Germany,2024-06-17,weekly_differenced,weekly_differenced_arima_p2_d0_q1,residual_acf,27,-0.0384260952603877,0.05,False
Germany,2024-06-17,weekly_differenced,weekly_differenced_arima_p2_d0_q1,residual_acf,28,-0.0162640253152134,0.05,False
Germany,2024-06-17,weekly_differenced,weekly_differenced_arima_p2_d0_q1,residual_acf,29,-0.0191739623615109,0.05,False
Germany,2024-06-17,weekly_differenced,weekly_differenced_arima_p2_d0_q1,residual_acf,3,-0.0387111220000432,0.05,False
Germany,2024-06-17,weekly_differenced,weekly_differenced_arima_p2_d0_q1,residual_acf,30,0.0182921927868616,0.05,False
Germany,2024-06-17,weekly_differenced,weekly_differenced_arima_p2_d0_q1,residual_acf,31,-0.0328731090850277,0.05,False
Germany,2024-06-17,weekly_differenced,weekly_differenced_arima_p2_d0_q1,residual_acf,32,0.008208120499948,0.05,False
Germany,2024-06-17,weekly_differenced,weekly_differenced_arima_p2_d0_q1,residual_acf,33,-0.0094342259272938,0.05,False
Germany,2024-06-17,weekly_differenced,weekly_differenced_arima_p2_d0_q1,residual_acf,34,-0.0122734080807254,0.05,False
Germany,2024-06-17,weekly_differenced,weekly_differenced_arima_p2_d0_q1,residual_acf,35,0.0047857807637323,0.05,False
Germany,2024-06-17,weekly_differenced,weekly_differenced_arima_p2_d0_q1,residual_acf,36,0.0120653720274258,0.05,False
Germany,2024-06-17,weekly_differenced,weekly_differenced_arima_p2_d0_q1,residual_acf,37,-0.022410235648293,0.05,False
Germany,2024-06-17,weekly_differenced,weekly_differenced_arima_p2_d0_q1,residual_acf,38,0.0265182569838059,0.05,False
Germany,2024-06-17,weekly_differenced,weekly_differenced_arima_p2_d0_q1,residual_acf,39,-0.0105940970527617,0.05,False
Germany,2024-06-17,weekly_differenced,weekly_differenced_arima_p2_d0_q1,residual_acf,4,0.0076607890103235,0.05,False
Germany,2024-06-17,weekly_differenced,weekly_differenced_arima_p2_d0_q1,residual_acf,40,0.0002763289227789,0.05,False
Germany,2024-06-17,weekly_differenced,weekly_differenced_arima_p2_d0_q1,residual_acf,41,0.0182007218549439,0.05,False
Germany,2024-06-17,weekly_differenced,weekly_differenced_arima_p2_d0_q1,residual_acf,42,0.0168072871402383,0.05,False
Germany,2024-06-17,weekly_differenced,weekly_differenced_arima_p2_d0_q1,residual_acf,43,-0.0019841453596861,0.05,False
Germany,2024-06-17,weekly_differenced,weekly_differenced_arima_p2_d0_q1,residual_acf,44,-0.0022290345905169,0.05,False
Germany,2024-06-17,weekly_differenced,weekly_differenced_arima_p2_d0_q1,residual_acf,45,-0.013521446817632,0.05,False
Germany,2024-06-17,weekly_differenced,weekly_differenced_arima_p2_d0_q1,residual_acf,46,0.0045383781368578,0.05,False
Germany,2024-06-17,weekly_differenced,weekly_differenced_arima_p2_d0_q1,residual_acf,47,0.0286949730696611,0.05,False
Germany,2024-06-17,weekly_differenced,weekly_differenced_arima_p2_d0_q1,residual_acf,48,0.0750361159639656,0.05,True
Germany,2024-06-17,weekly_differenced,weekly_differenced_arima_p2_d0_q1,residual_acf,5,-0.0141170976759389,0.05,False
Germany,2024-06-17,weekly_differenced,weekly_differenced_arima_p2_d0_q1,residual_acf,6,0.0073340080547431,0.05,False
Germany,2024-06-17,weekly_differenced,weekly_differenced_arima_p2_d0_q1,residual_acf,7,-0.008156692054351,0.05,False
Germany,2024-06-17,weekly_differenced,weekly_differenced_arima_p2_d0_q1,residual_acf,8,0.005414332373355,0.05,False
Germany,2024-06-17,weekly_differenced,weekly_differenced_arima_p2_d0_q1,residual_acf,9,0.0058186982901516,0.05,False
Germany,2024-06-17,weekly_differenced,weekly_differenced_arima_p2_d0_q2,ljung_box_pvalue,24,9.210760502177641e-10,0.01,True
Germany,2024-06-17,weekly_differenced,weekly_differenced_arima_p2_d0_q2,ljung_box_pvalue,48,4.015619051321898e-11,0.01,True
Germany,2024-06-17,weekly_differenced,weekly_differenced_arima_p2_d0_q2,ljung_box_statistic,24,83.6870577114305,0.01,True
Germany,2024-06-17,weekly_differenced,weekly_differenced_arima_p2_d0_q2,ljung_box_statistic,48,134.64403913289604,0.01,True
Germany,2024-06-17,weekly_differenced,weekly_differenced_arima_p2_d0_q2,residual_acf,1,-0.0028186243100703,0.05,False
Germany,2024-06-17,weekly_differenced,weekly_differenced_arima_p2_d0_q2,residual_acf,10,-0.0034148627880851,0.05,False
Germany,2024-06-17,weekly_differenced,weekly_differenced_arima_p2_d0_q2,residual_acf,11,0.0091890368479501,0.05,False
Germany,2024-06-17,weekly_differenced,weekly_differenced_arima_p2_d0_q2,residual_acf,12,0.0452118412763912,0.05,False
Germany,2024-06-17,weekly_differenced,weekly_differenced_arima_p2_d0_q2,residual_acf,13,0.0112810115154417,0.05,False
Germany,2024-06-17,weekly_differenced,weekly_differenced_arima_p2_d0_q2,residual_acf,14,-0.0122602719468663,0.05,False
Germany,2024-06-17,weekly_differenced,weekly_differenced_arima_p2_d0_q2,residual_acf,15,-0.0513680143690863,0.05,True
Germany,2024-06-17,weekly_differenced,weekly_differenced_arima_p2_d0_q2,residual_acf,16,-0.0566198392884079,0.05,True
Germany,2024-06-17,weekly_differenced,weekly_differenced_arima_p2_d0_q2,residual_acf,17,-0.0115917039512792,0.05,False
Germany,2024-06-17,weekly_differenced,weekly_differenced_arima_p2_d0_q2,residual_acf,18,-0.0351503703430962,0.05,False
Germany,2024-06-17,weekly_differenced,weekly_differenced_arima_p2_d0_q2,residual_acf,19,0.0158352909134927,0.05,False
Germany,2024-06-17,weekly_differenced,weekly_differenced_arima_p2_d0_q2,residual_acf,2,0.0042293630370804,0.05,False
Germany,2024-06-17,weekly_differenced,weekly_differenced_arima_p2_d0_q2,residual_acf,20,0.0130526937370825,0.05,False
Germany,2024-06-17,weekly_differenced,weekly_differenced_arima_p2_d0_q2,residual_acf,21,0.0088379377416783,0.05,False
Germany,2024-06-17,weekly_differenced,weekly_differenced_arima_p2_d0_q2,residual_acf,22,-0.02838528213788,0.05,False
Germany,2024-06-17,weekly_differenced,weekly_differenced_arima_p2_d0_q2,residual_acf,23,0.0435881628670215,0.05,False
Germany,2024-06-17,weekly_differenced,weekly_differenced_arima_p2_d0_q2,residual_acf,24,0.0851561130499896,0.05,True
Germany,2024-06-17,weekly_differenced,weekly_differenced_arima_p2_d0_q2,residual_acf,25,0.0123401431711632,0.05,False
Germany,2024-06-17,weekly_differenced,weekly_differenced_arima_p2_d0_q2,residual_acf,26,-0.0031432503965984,0.05,False
Germany,2024-06-17,weekly_differenced,weekly_differenced_arima_p2_d0_q2,residual_acf,27,-0.0355254129654589,0.05,False
Germany,2024-06-17,weekly_differenced,weekly_differenced_arima_p2_d0_q2,residual_acf,28,-0.0184548035446616,0.05,False
Germany,2024-06-17,weekly_differenced,weekly_differenced_arima_p2_d0_q2,residual_acf,29,-0.0197554836535077,0.05,False
Germany,2024-06-17,weekly_differenced,weekly_differenced_arima_p2_d0_q2,residual_acf,3,0.0001312401426804,0.05,False
Germany,2024-06-17,weekly_differenced,weekly_differenced_arima_p2_d0_q2,residual_acf,30,0.0155339701513723,0.05,False
Germany,2024-06-17,weekly_differenced,weekly_differenced_arima_p2_d0_q2,residual_acf,31,-0.035177089905291,0.05,False
Germany,2024-06-17,weekly_differenced,weekly_differenced_arima_p2_d0_q2,residual_acf,32,0.0064354876961852,0.05,False
Germany,2024-06-17,weekly_differenced,weekly_differenced_arima_p2_d0_q2,residual_acf,33,-0.0091816404966067,0.05,False
Germany,2024-06-17,weekly_differenced,weekly_differenced_arima_p2_d0_q2,residual_acf,34,-0.0157634696319433,0.05,False
Germany,2024-06-17,weekly_differenced,weekly_differenced_arima_p2_d0_q2,residual_acf,35,0.0054132953547252,0.05,False
Germany,2024-06-17,weekly_differenced,weekly_differenced_arima_p2_d0_q2,residual_acf,36,0.0102502715424508,0.05,False
Germany,2024-06-17,weekly_differenced,weekly_differenced_arima_p2_d0_q2,residual_acf,37,-0.0241296611864493,0.05,False
Germany,2024-06-17,weekly_differenced,weekly_differenced_arima_p2_d0_q2,residual_acf,38,0.0266615998918371,0.05,False
Germany,2024-06-17,weekly_differenced,weekly_differenced_arima_p2_d0_q2,residual_acf,39,-0.0105772252643116,0.05,False
Germany,2024-06-17,weekly_differenced,weekly_differenced_arima_p2_d0_q2,residual_acf,4,0.0053488118422915,0.05,False
Germany,2024-06-17,weekly_differenced,weekly_differenced_arima_p2_d0_q2,residual_acf,40,-0.0019635575271989,0.05,False
Germany,2024-06-17,weekly_differenced,weekly_differenced_arima_p2_d0_q2,residual_acf,41,0.0185448901128489,0.05,False
Germany,2024-06-17,weekly_differenced,weekly_differenced_arima_p2_d0_q2,residual_acf,42,0.0150324144268285,0.05,False
Germany,2024-06-17,weekly_differenced,weekly_differenced_arima_p2_d0_q2,residual_acf,43,-0.0026710882753637,0.05,False
Germany,2024-06-17,weekly_differenced,weekly_differenced_arima_p2_d0_q2,residual_acf,44,-0.0012867161198612,0.05,False
Germany,2024-06-17,weekly_differenced,weekly_differenced_arima_p2_d0_q2,residual_acf,45,-0.010957472557114,0.05,False
Germany,2024-06-17,weekly_differenced,weekly_differenced_arima_p2_d0_q2,residual_acf,46,0.0032488160844919,0.05,False
Germany,2024-06-17,weekly_differenced,weekly_differenced_arima_p2_d0_q2,residual_acf,47,0.0281311056523849,0.05,False
Germany,2024-06-17,weekly_differenced,weekly_differenced_arima_p2_d0_q2,residual_acf,48,0.0735181891623001,0.05,True
Germany,2024-06-17,weekly_differenced,weekly_differenced_arima_p2_d0_q2,residual_acf,5,-0.015710771995318,0.05,False
Germany,2024-06-17,weekly_differenced,weekly_differenced_arima_p2_d0_q2,residual_acf,6,0.0053863870370131,0.05,False
Germany,2024-06-17,weekly_differenced,weekly_differenced_arima_p2_d0_q2,residual_acf,7,-0.0101471208824308,0.05,False
Germany,2024-06-17,weekly_differenced,weekly_differenced_arima_p2_d0_q2,residual_acf,8,0.0030540811658253,0.05,False
Germany,2024-06-17,weekly_differenced,weekly_differenced_arima_p2_d0_q2,residual_acf,9,0.0058947195623125,0.05,False
Germany,2024-06-17,weekly_differenced,weekly_differenced_arima_p3_d0_q1,ljung_box_pvalue,24,3.470915774871876e-10,0.01,True
Germany,2024-06-17,weekly_differenced,weekly_differenced_arima_p3_d0_q1,ljung_box_pvalue,48,1.5315863454030528e-11,0.01,True
Germany,2024-06-17,weekly_differenced,weekly_differenced_arima_p3_d0_q1,ljung_box_statistic,24,86.14562385103666,0.01,True
Germany,2024-06-17,weekly_differenced,weekly_differenced_arima_p3_d0_q1,ljung_box_statistic,48,137.40815803086136,0.01,True
Germany,2024-06-17,weekly_differenced,weekly_differenced_arima_p3_d0_q1,residual_acf,1,-0.0039531519292946,0.05,False
Germany,2024-06-17,weekly_differenced,weekly_differenced_arima_p3_d0_q1,residual_acf,10,-0.004842838615034,0.05,False
Germany,2024-06-17,weekly_differenced,weekly_differenced_arima_p3_d0_q1,residual_acf,11,0.0071122007047375,0.05,False
Germany,2024-06-17,weekly_differenced,weekly_differenced_arima_p3_d0_q1,residual_acf,12,0.044153336412832,0.05,False
Germany,2024-06-17,weekly_differenced,weekly_differenced_arima_p3_d0_q1,residual_acf,13,0.0109429321757667,0.05,False
Germany,2024-06-17,weekly_differenced,weekly_differenced_arima_p3_d0_q1,residual_acf,14,-0.0134288091228207,0.05,False
Germany,2024-06-17,weekly_differenced,weekly_differenced_arima_p3_d0_q1,residual_acf,15,-0.0518972412614449,0.05,True
Germany,2024-06-17,weekly_differenced,weekly_differenced_arima_p3_d0_q1,residual_acf,16,-0.0573082079831748,0.05,True
Germany,2024-06-17,weekly_differenced,weekly_differenced_arima_p3_d0_q1,residual_acf,17,-0.0117872350417142,0.05,False
Germany,2024-06-17,weekly_differenced,weekly_differenced_arima_p3_d0_q1,residual_acf,18,-0.034890864157959,0.05,False
Germany,2024-06-17,weekly_differenced,weekly_differenced_arima_p3_d0_q1,residual_acf,19,0.0173434428148711,0.05,False
Germany,2024-06-17,weekly_differenced,weekly_differenced_arima_p3_d0_q1,residual_acf,2,0.0113117226416135,0.05,False
Germany,2024-06-17,weekly_differenced,weekly_differenced_arima_p3_d0_q1,residual_acf,20,0.0113679055971249,0.05,False
Germany,2024-06-17,weekly_differenced,weekly_differenced_arima_p3_d0_q1,residual_acf,21,0.0068000652463195,0.05,False
Germany,2024-06-17,weekly_differenced,weekly_differenced_arima_p3_d0_q1,residual_acf,22,-0.0301998071102946,0.05,False
Germany,2024-06-17,weekly_differenced,weekly_differenced_arima_p3_d0_q1,residual_acf,23,0.0419455779362176,0.05,False
Germany,2024-06-17,weekly_differenced,weekly_differenced_arima_p3_d0_q1,residual_acf,24,0.0845183938796404,0.05,True
Germany,2024-06-17,weekly_differenced,weekly_differenced_arima_p3_d0_q1,residual_acf,25,0.0127257060431483,0.05,False
Germany,2024-06-17,weekly_differenced,weekly_differenced_arima_p3_d0_q1,residual_acf,26,-0.0040265518592751,0.05,False
Germany,2024-06-17,weekly_differenced,weekly_differenced_arima_p3_d0_q1,residual_acf,27,-0.0381556456204484,0.05,False
Germany,2024-06-17,weekly_differenced,weekly_differenced_arima_p3_d0_q1,residual_acf,28,-0.0168606735936949,0.05,False
Germany,2024-06-17,weekly_differenced,weekly_differenced_arima_p3_d0_q1,residual_acf,29,-0.020059159042878,0.05,False
Germany,2024-06-17,weekly_differenced,weekly_differenced_arima_p3_d0_q1,residual_acf,3,-0.0203768155419044,0.05,False
Germany,2024-06-17,weekly_differenced,weekly_differenced_arima_p3_d0_q1,residual_acf,30,0.0160239505590864,0.05,False
Germany,2024-06-17,weekly_differenced,weekly_differenced_arima_p3_d0_q1,residual_acf,31,-0.0355114695116595,0.05,False
Germany,2024-06-17,weekly_differenced,weekly_differenced_arima_p3_d0_q1,residual_acf,32,0.0058242720470285,0.05,False
Germany,2024-06-17,weekly_differenced,weekly_differenced_arima_p3_d0_q1,residual_acf,33,-0.0112167718433119,0.05,False
Germany,2024-06-17,weekly_differenced,weekly_differenced_arima_p3_d0_q1,residual_acf,34,-0.0146974324629901,0.05,False
Germany,2024-06-17,weekly_differenced,weekly_differenced_arima_p3_d0_q1,residual_acf,35,0.0034529432179756,0.05,False
Germany,2024-06-17,weekly_differenced,weekly_differenced_arima_p3_d0_q1,residual_acf,36,0.0102714868437996,0.05,False
Germany,2024-06-17,weekly_differenced,weekly_differenced_arima_p3_d0_q1,residual_acf,37,-0.0240338105243911,0.05,False
Germany,2024-06-17,weekly_differenced,weekly_differenced_arima_p3_d0_q1,residual_acf,38,0.0256231385616163,0.05,False
Germany,2024-06-17,weekly_differenced,weekly_differenced_arima_p3_d0_q1,residual_acf,39,-0.0116419916672756,0.05,False
Germany,2024-06-17,weekly_differenced,weekly_differenced_arima_p3_d0_q1,residual_acf,4,0.0205982091418708,0.05,False
Germany,2024-06-17,weekly_differenced,weekly_differenced_arima_p3_d0_q1,residual_acf,40,-0.0014571152401034,0.05,False
Germany,2024-06-17,weekly_differenced,weekly_differenced_arima_p3_d0_q1,residual_acf,41,0.0173066188627798,0.05,False
Germany,2024-06-17,weekly_differenced,weekly_differenced_arima_p3_d0_q1,residual_acf,42,0.0159382867872205,0.05,False
Germany,2024-06-17,weekly_differenced,weekly_differenced_arima_p3_d0_q1,residual_acf,43,-0.002020356105226,0.05,False
Germany,2024-06-17,weekly_differenced,weekly_differenced_arima_p3_d0_q1,residual_acf,44,-0.0012536711611486,0.05,False
Germany,2024-06-17,weekly_differenced,weekly_differenced_arima_p3_d0_q1,residual_acf,45,-0.0125608636048575,0.05,False
Germany,2024-06-17,weekly_differenced,weekly_differenced_arima_p3_d0_q1,residual_acf,46,0.0036293021481339,0.05,False
Germany,2024-06-17,weekly_differenced,weekly_differenced_arima_p3_d0_q1,residual_acf,47,0.027341196698505,0.05,False
Germany,2024-06-17,weekly_differenced,weekly_differenced_arima_p3_d0_q1,residual_acf,48,0.0731506901089865,0.05,True
Germany,2024-06-17,weekly_differenced,weekly_differenced_arima_p3_d0_q1,residual_acf,5,-0.0077938357270128,0.05,False
Germany,2024-06-17,weekly_differenced,weekly_differenced_arima_p3_d0_q1,residual_acf,6,0.0084634306343098,0.05,False
Germany,2024-06-17,weekly_differenced,weekly_differenced_arima_p3_d0_q1,residual_acf,7,-0.0090193817538724,0.05,False
Germany,2024-06-17,weekly_differenced,weekly_differenced_arima_p3_d0_q1,residual_acf,8,0.0036779688638976,0.05,False
Germany,2024-06-17,weekly_differenced,weekly_differenced_arima_p3_d0_q1,residual_acf,9,0.0037960837303386,0.05,False
Germany,2024-07-25,weekly_differenced,weekly_differenced_arima_p1_d0_q1,ljung_box_pvalue,24,8.26819527997217e-27,0.01,True
Germany,2024-07-25,weekly_differenced,weekly_differenced_arima_p1_d0_q1,ljung_box_pvalue,48,9.728379887507599e-29,0.01,True
Germany,2024-07-25,weekly_differenced,weekly_differenced_arima_p1_d0_q1,ljung_box_statistic,24,180.15125286068047,0.01,True
Germany,2024-07-25,weekly_differenced,weekly_differenced_arima_p1_d0_q1,ljung_box_statistic,48,243.7903633672397,0.01,True
Germany,2024-07-25,weekly_differenced,weekly_differenced_arima_p1_d0_q1,residual_acf,1,0.0436040892454474,0.05,False
Germany,2024-07-25,weekly_differenced,weekly_differenced_arima_p1_d0_q1,residual_acf,10,-0.0050516961130889,0.05,False
Germany,2024-07-25,weekly_differenced,weekly_differenced_arima_p1_d0_q1,residual_acf,11,0.0034159017487503,0.05,False
Germany,2024-07-25,weekly_differenced,weekly_differenced_arima_p1_d0_q1,residual_acf,12,0.0372006700092256,0.05,False
Germany,2024-07-25,weekly_differenced,weekly_differenced_arima_p1_d0_q1,residual_acf,13,-0.002002408476104,0.05,False
Germany,2024-07-25,weekly_differenced,weekly_differenced_arima_p1_d0_q1,residual_acf,14,-0.0196346541228101,0.05,False
Germany,2024-07-25,weekly_differenced,weekly_differenced_arima_p1_d0_q1,residual_acf,15,-0.0534696895787554,0.05,True
Germany,2024-07-25,weekly_differenced,weekly_differenced_arima_p1_d0_q1,residual_acf,16,-0.0599390119897338,0.05,True
Germany,2024-07-25,weekly_differenced,weekly_differenced_arima_p1_d0_q1,residual_acf,17,-0.0282404618886854,0.05,False
Germany,2024-07-25,weekly_differenced,weekly_differenced_arima_p1_d0_q1,residual_acf,18,-0.0470142525707489,0.05,False
Germany,2024-07-25,weekly_differenced,weekly_differenced_arima_p1_d0_q1,residual_acf,19,0.0144349878993806,0.05,False
Germany,2024-07-25,weekly_differenced,weekly_differenced_arima_p1_d0_q1,residual_acf,2,0.1134964706583613,0.05,True
Germany,2024-07-25,weekly_differenced,weekly_differenced_arima_p1_d0_q1,residual_acf,20,-0.0026166891726898,0.05,False
Germany,2024-07-25,weekly_differenced,weekly_differenced_arima_p1_d0_q1,residual_acf,21,0.0079804545772897,0.05,False
Germany,2024-07-25,weekly_differenced,weekly_differenced_arima_p1_d0_q1,residual_acf,22,-0.0136125566609342,0.05,False
Germany,2024-07-25,weekly_differenced,weekly_differenced_arima_p1_d0_q1,residual_acf,23,0.0432194219635395,0.05,False
Germany,2024-07-25,weekly_differenced,weekly_differenced_arima_p1_d0_q1,residual_acf,24,0.0742644207087287,0.05,True
Germany,2024-07-25,weekly_differenced,weekly_differenced_arima_p1_d0_q1,residual_acf,25,0.015634058963903,0.05,False
Germany,2024-07-25,weekly_differenced,weekly_differenced_arima_p1_d0_q1,residual_acf,26,0.0021282414191175,0.05,False
Germany,2024-07-25,weekly_differenced,weekly_differenced_arima_p1_d0_q1,residual_acf,27,-0.0470097414494319,0.05,False
Germany,2024-07-25,weekly_differenced,weekly_differenced_arima_p1_d0_q1,residual_acf,28,-0.0158068623433101,0.05,False
Germany,2024-07-25,weekly_differenced,weekly_differenced_arima_p1_d0_q1,residual_acf,29,-0.0232276804988219,0.05,False
Germany,2024-07-25,weekly_differenced,weekly_differenced_arima_p1_d0_q1,residual_acf,3,-0.0365362912373951,0.05,False
Germany,2024-07-25,weekly_differenced,weekly_differenced_arima_p1_d0_q1,residual_acf,30,0.0037096662547747,0.05,False
Germany,2024-07-25,weekly_differenced,weekly_differenced_arima_p1_d0_q1,residual_acf,31,-0.0344784291626824,0.05,False
Germany,2024-07-25,weekly_differenced,weekly_differenced_arima_p1_d0_q1,residual_acf,32,0.0018092190523364,0.05,False
Germany,2024-07-25,weekly_differenced,weekly_differenced_arima_p1_d0_q1,residual_acf,33,-0.0302292961740489,0.05,False
Germany,2024-07-25,weekly_differenced,weekly_differenced_arima_p1_d0_q1,residual_acf,34,-0.0130780405320286,0.05,False
Germany,2024-07-25,weekly_differenced,weekly_differenced_arima_p1_d0_q1,residual_acf,35,-0.0075121750663416,0.05,False
Germany,2024-07-25,weekly_differenced,weekly_differenced_arima_p1_d0_q1,residual_acf,36,0.0060767314418212,0.05,False
Germany,2024-07-25,weekly_differenced,weekly_differenced_arima_p1_d0_q1,residual_acf,37,-0.0186084832673212,0.05,False
Germany,2024-07-25,weekly_differenced,weekly_differenced_arima_p1_d0_q1,residual_acf,38,0.0102902761679658,0.05,False
Germany,2024-07-25,weekly_differenced,weekly_differenced_arima_p1_d0_q1,residual_acf,39,-0.0062359151960764,0.05,False
Germany,2024-07-25,weekly_differenced,weekly_differenced_arima_p1_d0_q1,residual_acf,4,-0.0007178492521973,0.05,False
Germany,2024-07-25,weekly_differenced,weekly_differenced_arima_p1_d0_q1,residual_acf,40,-0.0003746795575288,0.05,False
Germany,2024-07-25,weekly_differenced,weekly_differenced_arima_p1_d0_q1,residual_acf,41,0.0205844319223715,0.05,False
Germany,2024-07-25,weekly_differenced,weekly_differenced_arima_p1_d0_q1,residual_acf,42,0.0114019504183137,0.05,False
Germany,2024-07-25,weekly_differenced,weekly_differenced_arima_p1_d0_q1,residual_acf,43,-0.0022465291677449,0.05,False
Germany,2024-07-25,weekly_differenced,weekly_differenced_arima_p1_d0_q1,residual_acf,44,0.0026928359947615,0.05,False
Germany,2024-07-25,weekly_differenced,weekly_differenced_arima_p1_d0_q1,residual_acf,45,-0.0108675779962934,0.05,False
Germany,2024-07-25,weekly_differenced,weekly_differenced_arima_p1_d0_q1,residual_acf,46,0.0119914134917074,0.05,False
Germany,2024-07-25,weekly_differenced,weekly_differenced_arima_p1_d0_q1,residual_acf,47,0.0319052015181487,0.05,False
Germany,2024-07-25,weekly_differenced,weekly_differenced_arima_p1_d0_q1,residual_acf,48,0.0689591853079105,0.05,True
Germany,2024-07-25,weekly_differenced,weekly_differenced_arima_p1_d0_q1,residual_acf,5,-0.02117971868042,0.05,False
Germany,2024-07-25,weekly_differenced,weekly_differenced_arima_p1_d0_q1,residual_acf,6,-0.0042937793209738,0.05,False
Germany,2024-07-25,weekly_differenced,weekly_differenced_arima_p1_d0_q1,residual_acf,7,-0.0183765502169505,0.05,False
Germany,2024-07-25,weekly_differenced,weekly_differenced_arima_p1_d0_q1,residual_acf,8,-0.0135895426591297,0.05,False
Germany,2024-07-25,weekly_differenced,weekly_differenced_arima_p1_d0_q1,residual_acf,9,0.0006350143203254,0.05,False
Germany,2024-07-25,weekly_differenced,weekly_differenced_arima_p2_d0_q0,ljung_box_pvalue,24,2.7175203152270984e-11,0.01,True
Germany,2024-07-25,weekly_differenced,weekly_differenced_arima_p2_d0_q0,ljung_box_pvalue,48,2.3445979706104826e-13,0.01,True
Germany,2024-07-25,weekly_differenced,weekly_differenced_arima_p2_d0_q0,ljung_box_statistic,24,96.41001344255258,0.01,True
Germany,2024-07-25,weekly_differenced,weekly_differenced_arima_p2_d0_q0,ljung_box_statistic,48,152.61725165439137,0.01,True
Germany,2024-07-25,weekly_differenced,weekly_differenced_arima_p2_d0_q0,residual_acf,1,0.0142237270718656,0.05,False
Germany,2024-07-25,weekly_differenced,weekly_differenced_arima_p2_d0_q0,residual_acf,10,-0.0011242589587751,0.05,False
Germany,2024-07-25,weekly_differenced,weekly_differenced_arima_p2_d0_q0,residual_acf,11,0.0103716013719332,0.05,False
Germany,2024-07-25,weekly_differenced,weekly_differenced_arima_p2_d0_q0,residual_acf,12,0.0490434873044391,0.05,False
Germany,2024-07-25,weekly_differenced,weekly_differenced_arima_p2_d0_q0,residual_acf,13,0.0119175385336933,0.05,False
Germany,2024-07-25,weekly_differenced,weekly_differenced_arima_p2_d0_q0,residual_acf,14,-0.0082789784720379,0.05,False
Germany,2024-07-25,weekly_differenced,weekly_differenced_arima_p2_d0_q0,residual_acf,15,-0.0410212365368296,0.05,False
Germany,2024-07-25,weekly_differenced,weekly_differenced_arima_p2_d0_q0,residual_acf,16,-0.0423010680075538,0.05,False
Germany,2024-07-25,weekly_differenced,weekly_differenced_arima_p2_d0_q0,residual_acf,17,-0.013200230094864,0.05,False
Germany,2024-07-25,weekly_differenced,weekly_differenced_arima_p2_d0_q0,residual_acf,18,-0.0324357608552708,0.05,False
Germany,2024-07-25,weekly_differenced,weekly_differenced_arima_p2_d0_q0,residual_acf,19,0.0258332677525982,0.05,False
Germany,2024-07-25,weekly_differenced,weekly_differenced_arima_p2_d0_q0,residual_acf,2,-0.0229548981432519,0.05,False
Germany,2024-07-25,weekly_differenced,weekly_differenced_arima_p2_d0_q0,residual_acf,20,0.0109455903610269,0.05,False
Germany,2024-07-25,weekly_differenced,weekly_differenced_arima_p2_d0_q0,residual_acf,21,0.0058425705088528,0.05,False
Germany,2024-07-25,weekly_differenced,weekly_differenced_arima_p2_d0_q0,residual_acf,22,-0.0212349305648549,0.05,False
Germany,2024-07-25,weekly_differenced,weekly_differenced_arima_p2_d0_q0,residual_acf,23,0.0438869459062173,0.05,False
Germany,2024-07-25,weekly_differenced,weekly_differenced_arima_p2_d0_q0,residual_acf,24,0.0806855138238985,0.05,True
Germany,2024-07-25,weekly_differenced,weekly_differenced_arima_p2_d0_q0,residual_acf,25,0.0185747506300118,0.05,False
Germany,2024-07-25,weekly_differenced,weekly_differenced_arima_p2_d0_q0,residual_acf,26,-0.0005915468658692,0.05,False
Germany,2024-07-25,weekly_differenced,weekly_differenced_arima_p2_d0_q0,residual_acf,27,-0.0418397071011176,0.05,False
Germany,2024-07-25,weekly_differenced,weekly_differenced_arima_p2_d0_q0,residual_acf,28,-0.0099103348615468,0.05,False
Germany,2024-07-25,weekly_differenced,weekly_differenced_arima_p2_d0_q0,residual_acf,29,-0.0066660401514136,0.05,False
Germany,2024-07-25,weekly_differenced,weekly_differenced_arima_p2_d0_q0,residual_acf,3,-0.0347102757468052,0.05,False
Germany,2024-07-25,weekly_differenced,weekly_differenced_arima_p2_d0_q0,residual_acf,30,0.0125561576221141,0.05,False
Germany,2024-07-25,weekly_differenced,weekly_differenced_arima_p2_d0_q0,residual_acf,31,-0.0232106773919028,0.05,False
Germany,2024-07-25,weekly_differenced,weekly_differenced_arima_p2_d0_q0,residual_acf,32,0.0096386151988409,0.05,False
Germany,2024-07-25,weekly_differenced,weekly_differenced_arima_p2_d0_q0,residual_acf,33,-0.0205300560152842,0.05,False
Germany,2024-07-25,weekly_differenced,weekly_differenced_arima_p2_d0_q0,residual_acf,34,-0.0096143986467912,0.05,False
Germany,2024-07-25,weekly_differenced,weekly_differenced_arima_p2_d0_q0,residual_acf,35,0.0039548814190013,0.05,False
Germany,2024-07-25,weekly_differenced,weekly_differenced_arima_p2_d0_q0,residual_acf,36,0.0113460149917411,0.05,False
Germany,2024-07-25,weekly_differenced,weekly_differenced_arima_p2_d0_q0,residual_acf,37,-0.0140312159229233,0.05,False
Germany,2024-07-25,weekly_differenced,weekly_differenced_arima_p2_d0_q0,residual_acf,38,0.0145598562355285,0.05,False
Germany,2024-07-25,weekly_differenced,weekly_differenced_arima_p2_d0_q0,residual_acf,39,-0.003672669113788,0.05,False
Germany,2024-07-25,weekly_differenced,weekly_differenced_arima_p2_d0_q0,residual_acf,4,-0.0050802339427503,0.05,False
Germany,2024-07-25,weekly_differenced,weekly_differenced_arima_p2_d0_q0,residual_acf,40,-0.0005746508802642,0.05,False
Germany,2024-07-25,weekly_differenced,weekly_differenced_arima_p2_d0_q0,residual_acf,41,0.026008469912387,0.05,False
Germany,2024-07-25,weekly_differenced,weekly_differenced_arima_p2_d0_q0,residual_acf,42,0.0141311201572568,0.05,False
Germany,2024-07-25,weekly_differenced,weekly_differenced_arima_p2_d0_q0,residual_acf,43,-0.00046512768959,0.05,False
Germany,2024-07-25,weekly_differenced,weekly_differenced_arima_p2_d0_q0,residual_acf,44,0.0034216313500622,0.05,False
Germany,2024-07-25,weekly_differenced,weekly_differenced_arima_p2_d0_q0,residual_acf,45,-0.0124614093532165,0.05,False
Germany,2024-07-25,weekly_differenced,weekly_differenced_arima_p2_d0_q0,residual_acf,46,0.0039603832344751,0.05,False
Germany,2024-07-25,weekly_differenced,weekly_differenced_arima_p2_d0_q0,residual_acf,47,0.0341199101235165,0.05,False
Germany,2024-07-25,weekly_differenced,weekly_differenced_arima_p2_d0_q0,residual_acf,48,0.0700184655858977,0.05,True
Germany,2024-07-25,weekly_differenced,weekly_differenced_arima_p2_d0_q0,residual_acf,5,-0.0041042556819036,0.05,False
Germany,2024-07-25,weekly_differenced,weekly_differenced_arima_p2_d0_q0,residual_acf,6,0.0084206361239754,0.05,False
Germany,2024-07-25,weekly_differenced,weekly_differenced_arima_p2_d0_q0,residual_acf,7,-0.0063893849897856,0.05,False
Germany,2024-07-25,weekly_differenced,weekly_differenced_arima_p2_d0_q0,residual_acf,8,-0.0034385155619763,0.05,False
Germany,2024-07-25,weekly_differenced,weekly_differenced_arima_p2_d0_q0,residual_acf,9,0.0113421979284008,0.05,False
Germany,2024-07-25,weekly_differenced,weekly_differenced_arima_p2_d0_q1,ljung_box_pvalue,24,3.818253853073208e-10,0.01,True
Germany,2024-07-25,weekly_differenced,weekly_differenced_arima_p2_d0_q1,ljung_box_pvalue,48,3.851667112568544e-12,0.01,True
Germany,2024-07-25,weekly_differenced,weekly_differenced_arima_p2_d0_q1,ljung_box_statistic,24,87.82535079191872,0.01,True
Germany,2024-07-25,weekly_differenced,weekly_differenced_arima_p2_d0_q1,ljung_box_statistic,48,143.0300312851213,0.01,True
Germany,2024-07-25,weekly_differenced,weekly_differenced_arima_p2_d0_q1,residual_acf,1,-0.0014853518689136,0.05,False
Germany,2024-07-25,weekly_differenced,weekly_differenced_arima_p2_d0_q1,residual_acf,10,-0.0018213984658354,0.05,False
Germany,2024-07-25,weekly_differenced,weekly_differenced_arima_p2_d0_q1,residual_acf,11,0.0082400998268535,0.05,False
Germany,2024-07-25,weekly_differenced,weekly_differenced_arima_p2_d0_q1,residual_acf,12,0.0462778112288769,0.05,False
Germany,2024-07-25,weekly_differenced,weekly_differenced_arima_p2_d0_q1,residual_acf,13,0.0080678688014006,0.05,False
Germany,2024-07-25,weekly_differenced,weekly_differenced_arima_p2_d0_q1,residual_acf,14,-0.0095271926761627,0.05,False
Germany,2024-07-25,weekly_differenced,weekly_differenced_arima_p2_d0_q1,residual_acf,15,-0.0419624410645518,0.05,False
Germany,2024-07-25,weekly_differenced,weekly_differenced_arima_p2_d0_q1,residual_acf,16,-0.044183076923138,0.05,False
Germany,2024-07-25,weekly_differenced,weekly_differenced_arima_p2_d0_q1,residual_acf,17,-0.0142792019703384,0.05,False
Germany,2024-07-25,weekly_differenced,weekly_differenced_arima_p2_d0_q1,residual_acf,18,-0.0357413435670459,0.05,False
Germany,2024-07-25,weekly_differenced,weekly_differenced_arima_p2_d0_q1,residual_acf,19,0.0239519023120507,0.05,False
Germany,2024-07-25,weekly_differenced,weekly_differenced_arima_p2_d0_q1,residual_acf,2,0.0095015910587293,0.05,False
Germany,2024-07-25,weekly_differenced,weekly_differenced_arima_p2_d0_q1,residual_acf,20,0.0078414589704517,0.05,False
Germany,2024-07-25,weekly_differenced,weekly_differenced_arima_p2_d0_q1,residual_acf,21,0.0073770353391597,0.05,False
Germany,2024-07-25,weekly_differenced,weekly_differenced_arima_p2_d0_q1,residual_acf,22,-0.0199188550743267,0.05,False
Germany,2024-07-25,weekly_differenced,weekly_differenced_arima_p2_d0_q1,residual_acf,23,0.0428453737162621,0.05,False
Germany,2024-07-25,weekly_differenced,weekly_differenced_arima_p2_d0_q1,residual_acf,24,0.0779832264709359,0.05,True
Germany,2024-07-25,weekly_differenced,weekly_differenced_arima_p2_d0_q1,residual_acf,25,0.0161936958282636,0.05,False
Germany,2024-07-25,weekly_differenced,weekly_differenced_arima_p2_d0_q1,residual_acf,26,0.0012242727968243,0.05,False
Germany,2024-07-25,weekly_differenced,weekly_differenced_arima_p2_d0_q1,residual_acf,27,-0.0417112907371893,0.05,False
Germany,2024-07-25,weekly_differenced,weekly_differenced_arima_p2_d0_q1,residual_acf,28,-0.0097634618422817,0.05,False
Germany,2024-07-25,weekly_differenced,weekly_differenced_arima_p2_d0_q1,residual_acf,29,-0.009906615742849,0.05,False
Germany,2024-07-25,weekly_differenced,weekly_differenced_arima_p2_d0_q1,residual_acf,3,-0.0262057126839577,0.05,False
Germany,2024-07-25,weekly_differenced,weekly_differenced_arima_p2_d0_q1,residual_acf,30,0.0112667728719372,0.05,False
Germany,2024-07-25,weekly_differenced,weekly_differenced_arima_p2_d0_q1,residual_acf,31,-0.0259631747984152,0.05,False
Germany,2024-07-25,weekly_differenced,weekly_differenced_arima_p2_d0_q1,residual_acf,32,0.0091486564250399,0.05,False
Germany,2024-07-25,weekly_differenced,weekly_differenced_arima_p2_d0_q1,residual_acf,33,-0.0221438819669673,0.05,False
Germany,2024-07-25,weekly_differenced,weekly_differenced_arima_p2_d0_q1,residual_acf,34,-0.0099421039993531,0.05,False
Germany,2024-07-25,weekly_differenced,weekly_differenced_arima_p2_d0_q1,residual_acf,35,0.0018408197976348,0.05,False
Germany,2024-07-25,weekly_differenced,weekly_differenced_arima_p2_d0_q1,residual_acf,36,0.0105427181262019,0.05,False
Germany,2024-07-25,weekly_differenced,weekly_differenced_arima_p2_d0_q1,residual_acf,37,-0.0154144641228231,0.05,False
Germany,2024-07-25,weekly_differenced,weekly_differenced_arima_p2_d0_q1,residual_acf,38,0.014514962780182,0.05,False
Germany,2024-07-25,weekly_differenced,weekly_differenced_arima_p2_d0_q1,residual_acf,39,-0.0040821249010417,0.05,False
Germany,2024-07-25,weekly_differenced,weekly_differenced_arima_p2_d0_q1,residual_acf,4,-0.0029061239273364,0.05,False
Germany,2024-07-25,weekly_differenced,weekly_differenced_arima_p2_d0_q1,residual_acf,40,-0.0008540178355935,0.05,False
Germany,2024-07-25,weekly_differenced,weekly_differenced_arima_p2_d0_q1,residual_acf,41,0.0249688523130185,0.05,False
Germany,2024-07-25,weekly_differenced,weekly_differenced_arima_p2_d0_q1,residual_acf,42,0.013144608309368,0.05,False
Germany,2024-07-25,weekly_differenced,weekly_differenced_arima_p2_d0_q1,residual_acf,43,-0.0008083299457186,0.05,False
Germany,2024-07-25,weekly_differenced,weekly_differenced_arima_p2_d0_q1,residual_acf,44,0.0042670199469927,0.05,False
Germany,2024-07-25,weekly_differenced,weekly_differenced_arima_p2_d0_q1,residual_acf,45,-0.0113954586198663,0.05,False
Germany,2024-07-25,weekly_differenced,weekly_differenced_arima_p2_d0_q1,residual_acf,46,0.0055760609398959,0.05,False
Germany,2024-07-25,weekly_differenced,weekly_differenced_arima_p2_d0_q1,residual_acf,47,0.0322545680559273,0.05,False
Germany,2024-07-25,weekly_differenced,weekly_differenced_arima_p2_d0_q1,residual_acf,48,0.0690447648594052,0.05,True
Germany,2024-07-25,weekly_differenced,weekly_differenced_arima_p2_d0_q1,residual_acf,5,-0.0062401707960368,0.05,False
Germany,2024-07-25,weekly_differenced,weekly_differenced_arima_p2_d0_q1,residual_acf,6,0.0064284749417518,0.05,False
Germany,2024-07-25,weekly_differenced,weekly_differenced_arima_p2_d0_q1,residual_acf,7,-0.008267121522204,0.05,False
Germany,2024-07-25,weekly_differenced,weekly_differenced_arima_p2_d0_q1,residual_acf,8,-0.0051607357862564,0.05,False
Germany,2024-07-25,weekly_differenced,weekly_differenced_arima_p2_d0_q1,residual_acf,9,0.0101937980746954,0.05,False
Germany,2024-07-25,weekly_differenced,weekly_differenced_arima_p2_d0_q2,ljung_box_pvalue,24,1.3162810969118983e-09,0.01,True
Germany,2024-07-25,weekly_differenced,weekly_differenced_arima_p2_d0_q2,ljung_box_pvalue,48,1.9906697791363e-11,0.01,True
Germany,2024-07-25,weekly_differenced,weekly_differenced_arima_p2_d0_q2,ljung_box_statistic,24,82.78310264028075,0.01,True
Germany,2024-07-25,weekly_differenced,weekly_differenced_arima_p2_d0_q2,ljung_box_statistic,48,136.65868161653728,0.01,True
Germany,2024-07-25,weekly_differenced,weekly_differenced_arima_p2_d0_q2,residual_acf,1,-0.0023001996742417,0.05,False
Germany,2024-07-25,weekly_differenced,weekly_differenced_arima_p2_d0_q2,residual_acf,10,-0.0034526528911008,0.05,False
Germany,2024-07-25,weekly_differenced,weekly_differenced_arima_p2_d0_q2,residual_acf,11,0.0064065125305923,0.05,False
Germany,2024-07-25,weekly_differenced,weekly_differenced_arima_p2_d0_q2,residual_acf,12,0.0441870405464947,0.05,False
Germany,2024-07-25,weekly_differenced,weekly_differenced_arima_p2_d0_q2,residual_acf,13,0.0058081699245144,0.05,False
Germany,2024-07-25,weekly_differenced,weekly_differenced_arima_p2_d0_q2,residual_acf,14,-0.0110815023307224,0.05,False
Germany,2024-07-25,weekly_differenced,weekly_differenced_arima_p2_d0_q2,residual_acf,15,-0.0429557617852257,0.05,False
Germany,2024-07-25,weekly_differenced,weekly_differenced_arima_p2_d0_q2,residual_acf,16,-0.0443302092235463,0.05,False
Germany,2024-07-25,weekly_differenced,weekly_differenced_arima_p2_d0_q2,residual_acf,17,-0.0154654513801471,0.05,False
Germany,2024-07-25,weekly_differenced,weekly_differenced_arima_p2_d0_q2,residual_acf,18,-0.0377305595867555,0.05,False
Germany,2024-07-25,weekly_differenced,weekly_differenced_arima_p2_d0_q2,residual_acf,19,0.0213844575148536,0.05,False
Germany,2024-07-25,weekly_differenced,weekly_differenced_arima_p2_d0_q2,residual_acf,2,0.0028172167588789,0.05,False
Germany,2024-07-25,weekly_differenced,weekly_differenced_arima_p2_d0_q2,residual_acf,20,0.0079036840605905,0.05,False
Germany,2024-07-25,weekly_differenced,weekly_differenced_arima_p2_d0_q2,residual_acf,21,0.0071574316762646,0.05,False
Germany,2024-07-25,weekly_differenced,weekly_differenced_arima_p2_d0_q2,residual_acf,22,-0.0203245606182305,0.05,False
Germany,2024-07-25,weekly_differenced,weekly_differenced_arima_p2_d0_q2,residual_acf,23,0.0422001594988628,0.05,False
Germany,2024-07-25,weekly_differenced,weekly_differenced_arima_p2_d0_q2,residual_acf,24,0.0765464150355407,0.05,True
Germany,2024-07-25,weekly_differenced,weekly_differenced_arima_p2_d0_q2,residual_acf,25,0.0145174394762877,0.05,False
Germany,2024-07-25,weekly_differenced,weekly_differenced_arima_p2_d0_q2,residual_acf,26,0.0008569633598987,0.05,False
Germany,2024-07-25,weekly_differenced,weekly_differenced_arima_p2_d0_q2,residual_acf,27,-0.0403286511927872,0.05,False
Germany,2024-07-25,weekly_differenced,weekly_differenced_arima_p2_d0_q2,residual_acf,28,-0.0109141824030871,0.05,False
Germany,2024-07-25,weekly_differenced,weekly_differenced_arima_p2_d0_q2,residual_acf,29,-0.0101333161294882,0.05,False
Germany,2024-07-25,weekly_differenced,weekly_differenced_arima_p2_d0_q2,residual_acf,3,-0.0010260013107566,0.05,False
Germany,2024-07-25,weekly_differenced,weekly_differenced_arima_p2_d0_q2,residual_acf,30,0.008879728113473,0.05,False
Germany,2024-07-25,weekly_differenced,weekly_differenced_arima_p2_d0_q2,residual_acf,31,-0.027194404054949,0.05,False
Germany,2024-07-25,weekly_differenced,weekly_differenced_arima_p2_d0_q2,residual_acf,32,0.0081106031796165,0.05,False
Germany,2024-07-25,weekly_differenced,weekly_differenced_arima_p2_d0_q2,residual_acf,33,-0.0222650236732259,0.05,False
Germany,2024-07-25,weekly_differenced,weekly_differenced_arima_p2_d0_q2,residual_acf,34,-0.0118851847382726,0.05,False
Germany,2024-07-25,weekly_differenced,weekly_differenced_arima_p2_d0_q2,residual_acf,35,0.0019733620346515,0.05,False
Germany,2024-07-25,weekly_differenced,weekly_differenced_arima_p2_d0_q2,residual_acf,36,0.0091597222327867,0.05,False
Germany,2024-07-25,weekly_differenced,weekly_differenced_arima_p2_d0_q2,residual_acf,37,-0.0164730470293507,0.05,False
Germany,2024-07-25,weekly_differenced,weekly_differenced_arima_p2_d0_q2,residual_acf,38,0.0146133411301912,0.05,False
Germany,2024-07-25,weekly_differenced,weekly_differenced_arima_p2_d0_q2,residual_acf,39,-0.004264559728721,0.05,False
Germany,2024-07-25,weekly_differenced,weekly_differenced_arima_p2_d0_q2,residual_acf,4,-0.0038465567532399,0.05,False
Germany,2024-07-25,weekly_differenced,weekly_differenced_arima_p2_d0_q2,residual_acf,40,-0.0020540207521724,0.05,False
Germany,2024-07-25,weekly_differenced,weekly_differenced_arima_p2_d0_q2,residual_acf,41,0.0249722620940821,0.05,False
Germany,2024-07-25,weekly_differenced,weekly_differenced_arima_p2_d0_q2,residual_acf,42,0.0121535878480196,0.05,False
Germany,2024-07-25,weekly_differenced,weekly_differenced_arima_p2_d0_q2,residual_acf,43,-0.0012881069547468,0.05,False
Germany,2024-07-25,weekly_differenced,weekly_differenced_arima_p2_d0_q2,residual_acf,44,0.0051662430355497,0.05,False
Germany,2024-07-25,weekly_differenced,weekly_differenced_arima_p2_d0_q2,residual_acf,45,-0.0099964169347307,0.05,False
Germany,2024-07-25,weekly_differenced,weekly_differenced_arima_p2_d0_q2,residual_acf,46,0.0045953983364207,0.05,False
Germany,2024-07-25,weekly_differenced,weekly_differenced_arima_p2_d0_q2,residual_acf,47,0.0321235977510281,0.05,False
Germany,2024-07-25,weekly_differenced,weekly_differenced_arima_p2_d0_q2,residual_acf,48,0.068120267189461,0.05,True
Germany,2024-07-25,weekly_differenced,weekly_differenced_arima_p2_d0_q2,residual_acf,5,-0.0075654263937483,0.05,False
Germany,2024-07-25,weekly_differenced,weekly_differenced_arima_p2_d0_q2,residual_acf,6,0.0052132685408288,0.05,False
Germany,2024-07-25,weekly_differenced,weekly_differenced_arima_p2_d0_q2,residual_acf,7,-0.0099743528189549,0.05,False
Germany,2024-07-25,weekly_differenced,weekly_differenced_arima_p2_d0_q2,residual_acf,8,-0.0066504043855792,0.05,False
Germany,2024-07-25,weekly_differenced,weekly_differenced_arima_p2_d0_q2,residual_acf,9,0.0101082102702474,0.05,False
Germany,2024-07-25,weekly_differenced,weekly_differenced_arima_p3_d0_q1,ljung_box_pvalue,24,1.4002565667442631e-09,0.01,True
Germany,2024-07-25,weekly_differenced,weekly_differenced_arima_p3_d0_q1,ljung_box_pvalue,48,1.9532257395721182e-11,0.01,True
Germany,2024-07-25,weekly_differenced,weekly_differenced_arima_p3_d0_q1,ljung_box_statistic,24,82.62625779731187,0.01,True
Germany,2024-07-25,weekly_differenced,weekly_differenced_arima_p3_d0_q1,ljung_box_statistic,48,136.71302430197775,0.01,True
Germany,2024-07-25,weekly_differenced,weekly_differenced_arima_p3_d0_q1,residual_acf,1,-0.0028423462402284,0.05,False
Germany,2024-07-25,weekly_differenced,weekly_differenced_arima_p3_d0_q1,residual_acf,10,-0.0050183080770787,0.05,False
Germany,2024-07-25,weekly_differenced,weekly_differenced_arima_p3_d0_q1,residual_acf,11,0.0044238680479329,0.05,False
Germany,2024-07-25,weekly_differenced,weekly_differenced_arima_p3_d0_q1,residual_acf,12,0.0424225033300538,0.05,False
Germany,2024-07-25,weekly_differenced,weekly_differenced_arima_p3_d0_q1,residual_acf,13,0.0045605527493057,0.05,False
Germany,2024-07-25,weekly_differenced,weekly_differenced_arima_p3_d0_q1,residual_acf,14,-0.0123971860118099,0.05,False
Germany,2024-07-25,weekly_differenced,weekly_differenced_arima_p3_d0_q1,residual_acf,15,-0.0437304858086973,0.05,False
Germany,2024-07-25,weekly_differenced,weekly_differenced_arima_p3_d0_q1,residual_acf,16,-0.045050839930668,0.05,False
Germany,2024-07-25,weekly_differenced,weekly_differenced_arima_p3_d0_q1,residual_acf,17,-0.0159396515459185,0.05,False
Germany,2024-07-25,weekly_differenced,weekly_differenced_arima_p3_d0_q1,residual_acf,18,-0.0381757414185219,0.05,False
Germany,2024-07-25,weekly_differenced,weekly_differenced_arima_p3_d0_q1,residual_acf,19,0.0214760722619544,0.05,False
Germany,2024-07-25,weekly_differenced,weekly_differenced_arima_p3_d0_q1,residual_acf,2,0.0062644170715689,0.05,False
Germany,2024-07-25,weekly_differenced,weekly_differenced_arima_p3_d0_q1,residual_acf,20,0.0067845055462225,0.05,False
Germany,2024-07-25,weekly_differenced,weekly_differenced_arima_p3_d0_q1,residual_acf,21,0.0057010341706759,0.05,False
Germany,2024-07-25,weekly_differenced,weekly_differenced_arima_p3_d0_q1,residual_acf,22,-0.0221201668877063,0.05,False
Germany,2024-07-25,weekly_differenced,weekly_differenced_arima_p3_d0_q1,residual_acf,23,0.0407497452093401,0.05,False
Germany,2024-07-25,weekly_differenced,weekly_differenced_arima_p3_d0_q1,residual_acf,24,0.0758804795224585,0.05,True
Germany,2024-07-25,weekly_differenced,weekly_differenced_arima_p3_d0_q1,residual_acf,25,0.0140795015589845,0.05,False
Germany,2024-07-25,weekly_differenced,weekly_differenced_arima_p3_d0_q1,residual_acf,26,-8.51490518275216e-05,0.05,False
Germany,2024-07-25,weekly_differenced,weekly_differenced_arima_p3_d0_q1,residual_acf,27,-0.0416200655760834,0.05,False
Germany,2024-07-25,weekly_differenced,weekly_differenced_arima_p3_d0_q1,residual_acf,28,-0.0103405047342994,0.05,False
Germany,2024-07-25,weekly_differenced,weekly_differenced_arima_p3_d0_q1,residual_acf,29,-0.0106778447434584,0.05,False
Germany,2024-07-25,weekly_differenced,weekly_differenced_arima_p3_d0_q1,residual_acf,3,-0.0095498668926398,0.05,False
Germany,2024-07-25,weekly_differenced,weekly_differenced_arima_p3_d0_q1,residual_acf,30,0.0089244814367235,0.05,False
Germany,2024-07-25,weekly_differenced,weekly_differenced_arima_p3_d0_q1,residual_acf,31,-0.0281330657031405,0.05,False
Germany,2024-07-25,weekly_differenced,weekly_differenced_arima_p3_d0_q1,residual_acf,32,0.0072015358108076,0.05,False
Germany,2024-07-25,weekly_differenced,weekly_differenced_arima_p3_d0_q1,residual_acf,33,-0.0236464044795715,0.05,False
Germany,2024-07-25,weekly_differenced,weekly_differenced_arima_p3_d0_q1,residual_acf,34,-0.0119903725777706,0.05,False
Germany,2024-07-25,weekly_differenced,weekly_differenced_arima_p3_d0_q1,residual_acf,35,0.0007125685330428,0.05,False
Germany,2024-07-25,weekly_differenced,weekly_differenced_arima_p3_d0_q1,residual_acf,36,0.0089035460848944,0.05,False
Germany,2024-07-25,weekly_differenced,weekly_differenced_arima_p3_d0_q1,residual_acf,37,-0.0168355615668251,0.05,False
Germany,2024-07-25,weekly_differenced,weekly_differenced_arima_p3_d0_q1,residual_acf,38,0.0136893326712079,0.05,False
Germany,2024-07-25,weekly_differenced,weekly_differenced_arima_p3_d0_q1,residual_acf,39,-0.0050277227811443,0.05,False
Germany,2024-07-25,weekly_differenced,weekly_differenced_arima_p3_d0_q1,residual_acf,4,0.0083540300676795,0.05,False
Germany,2024-07-25,weekly_differenced,weekly_differenced_arima_p3_d0_q1,residual_acf,40,-0.0021918771484785,0.05,False
Germany,2024-07-25,weekly_differenced,weekly_differenced_arima_p3_d0_q1,residual_acf,41,0.0242333756239265,0.05,False
Germany,2024-07-25,weekly_differenced,weekly_differenced_arima_p3_d0_q1,residual_acf,42,0.0124399789511055,0.05,False
Germany,2024-07-25,weekly_differenced,weekly_differenced_arima_p3_d0_q1,residual_acf,43,-0.0008164345767053,0.05,False
Germany,2024-07-25,weekly_differenced,weekly_differenced_arima_p3_d0_q1,residual_acf,44,0.0052458620004089,0.05,False
Germany,2024-07-25,weekly_differenced,weekly_differenced_arima_p3_d0_q1,residual_acf,45,-0.01061980199106,0.05,False
Germany,2024-07-25,weekly_differenced,weekly_differenced_arima_p3_d0_q1,residual_acf,46,0.0047191786376683,0.05,False
Germany,2024-07-25,weekly_differenced,weekly_differenced_arima_p3_d0_q1,residual_acf,47,0.0313858178768529,0.05,False
Germany,2024-07-25,weekly_differenced,weekly_differenced_arima_p3_d0_q1,residual_acf,48,0.0675532714005089,0.05,True
Germany,2024-07-25,weekly_differenced,weekly_differenced_arima_p3_d0_q1,residual_acf,5,-0.0010133653221253,0.05,False
Germany,2024-07-25,weekly_differenced,weekly_differenced_arima_p3_d0_q1,residual_acf,6,0.0073863438304421,0.05,False
Germany,2024-07-25,weekly_differenced,weekly_differenced_arima_p3_d0_q1,residual_acf,7,-0.0093350389062624,0.05,False
Germany,2024-07-25,weekly_differenced,weekly_differenced_arima_p3_d0_q1,residual_acf,8,-0.0068386533548767,0.05,False
Germany,2024-07-25,weekly_differenced,weekly_differenced_arima_p3_d0_q1,residual_acf,9,0.0083795977930169,0.05,False
Germany,2024-08-18,weekly_differenced,weekly_differenced_arima_p1_d0_q1,ljung_box_pvalue,24,5.304926874830639e-25,0.01,True
Germany,2024-08-18,weekly_differenced,weekly_differenced_arima_p1_d0_q1,ljung_box_pvalue,48,2.4170390358649004e-27,0.01,True
Germany,2024-08-18,weekly_differenced,weekly_differenced_arima_p1_d0_q1,ljung_box_statistic,24,170.7725725292786,0.01,True
Germany,2024-08-18,weekly_differenced,weekly_differenced_arima_p1_d0_q1,ljung_box_statistic,48,235.93903897521588,0.01,True
Germany,2024-08-18,weekly_differenced,weekly_differenced_arima_p1_d0_q1,residual_acf,1,0.0388012503908005,0.05,False
Germany,2024-08-18,weekly_differenced,weekly_differenced_arima_p1_d0_q1,residual_acf,10,-0.0031731458526053,0.05,False
Germany,2024-08-18,weekly_differenced,weekly_differenced_arima_p1_d0_q1,residual_acf,11,-0.0041086868305967,0.05,False
Germany,2024-08-18,weekly_differenced,weekly_differenced_arima_p1_d0_q1,residual_acf,12,0.0351430913268469,0.05,False
Germany,2024-08-18,weekly_differenced,weekly_differenced_arima_p1_d0_q1,residual_acf,13,-0.0010929408327685,0.05,False
Germany,2024-08-18,weekly_differenced,weekly_differenced_arima_p1_d0_q1,residual_acf,14,-0.0206703550975347,0.05,False
Germany,2024-08-18,weekly_differenced,weekly_differenced_arima_p1_d0_q1,residual_acf,15,-0.0482679074491568,0.05,False
Germany,2024-08-18,weekly_differenced,weekly_differenced_arima_p1_d0_q1,residual_acf,16,-0.0543766511156033,0.05,True
Germany,2024-08-18,weekly_differenced,weekly_differenced_arima_p1_d0_q1,residual_acf,17,-0.0273890687993629,0.05,False
Germany,2024-08-18,weekly_differenced,weekly_differenced_arima_p1_d0_q1,residual_acf,18,-0.0420046045021799,0.05,False
Germany,2024-08-18,weekly_differenced,weekly_differenced_arima_p1_d0_q1,residual_acf,19,0.0181463839425781,0.05,False
Germany,2024-08-18,weekly_differenced,weekly_differenced_arima_p1_d0_q1,residual_acf,2,0.1048334142347281,0.05,True
Germany,2024-08-18,weekly_differenced,weekly_differenced_arima_p1_d0_q1,residual_acf,20,-0.0064971860804291,0.05,False
Germany,2024-08-18,weekly_differenced,weekly_differenced_arima_p1_d0_q1,residual_acf,21,0.004770825706073,0.05,False
Germany,2024-08-18,weekly_differenced,weekly_differenced_arima_p1_d0_q1,residual_acf,22,-0.0085388936902713,0.05,False
Germany,2024-08-18,weekly_differenced,weekly_differenced_arima_p1_d0_q1,residual_acf,23,0.0369319102779917,0.05,False
Germany,2024-08-18,weekly_differenced,weekly_differenced_arima_p1_d0_q1,residual_acf,24,0.0719204755529015,0.05,True
Germany,2024-08-18,weekly_differenced,weekly_differenced_arima_p1_d0_q1,residual_acf,25,0.0182355822749747,0.05,False
Germany,2024-08-18,weekly_differenced,weekly_differenced_arima_p1_d0_q1,residual_acf,26,0.0027096822447827,0.05,False
Germany,2024-08-18,weekly_differenced,weekly_differenced_arima_p1_d0_q1,residual_acf,27,-0.0414484565555728,0.05,False
Germany,2024-08-18,weekly_differenced,weekly_differenced_arima_p1_d0_q1,residual_acf,28,-0.0159152461726195,0.05,False
Germany,2024-08-18,weekly_differenced,weekly_differenced_arima_p1_d0_q1,residual_acf,29,-0.022733390971151,0.05,False
Germany,2024-08-18,weekly_differenced,weekly_differenced_arima_p1_d0_q1,residual_acf,3,-0.0287396072557592,0.05,False
Germany,2024-08-18,weekly_differenced,weekly_differenced_arima_p1_d0_q1,residual_acf,30,-0.0002597321869781,0.05,False
Germany,2024-08-18,weekly_differenced,weekly_differenced_arima_p1_d0_q1,residual_acf,31,-0.0333976373889685,0.05,False
Germany,2024-08-18,weekly_differenced,weekly_differenced_arima_p1_d0_q1,residual_acf,32,0.0065117265217502,0.05,False
Germany,2024-08-18,weekly_differenced,weekly_differenced_arima_p1_d0_q1,residual_acf,33,-0.0299910827390761,0.05,False
Germany,2024-08-18,weekly_differenced,weekly_differenced_arima_p1_d0_q1,residual_acf,34,-0.0103779543296991,0.05,False
Germany,2024-08-18,weekly_differenced,weekly_differenced_arima_p1_d0_q1,residual_acf,35,-0.0043065897258167,0.05,False
Germany,2024-08-18,weekly_differenced,weekly_differenced_arima_p1_d0_q1,residual_acf,36,0.0042807717599457,0.05,False
Germany,2024-08-18,weekly_differenced,weekly_differenced_arima_p1_d0_q1,residual_acf,37,-0.0157209171852216,0.05,False
Germany,2024-08-18,weekly_differenced,weekly_differenced_arima_p1_d0_q1,residual_acf,38,0.0082854250585174,0.05,False
Germany,2024-08-18,weekly_differenced,weekly_differenced_arima_p1_d0_q1,residual_acf,39,-0.0043446558955013,0.05,False
Germany,2024-08-18,weekly_differenced,weekly_differenced_arima_p1_d0_q1,residual_acf,4,-0.0033018343510251,0.05,False
Germany,2024-08-18,weekly_differenced,weekly_differenced_arima_p1_d0_q1,residual_acf,40,0.0009476221955482,0.05,False
Germany,2024-08-18,weekly_differenced,weekly_differenced_arima_p1_d0_q1,residual_acf,41,0.0239823127406069,0.05,False
Germany,2024-08-18,weekly_differenced,weekly_differenced_arima_p1_d0_q1,residual_acf,42,0.0097649251957033,0.05,False
Germany,2024-08-18,weekly_differenced,weekly_differenced_arima_p1_d0_q1,residual_acf,43,-7.20468776826692e-06,0.05,False
Germany,2024-08-18,weekly_differenced,weekly_differenced_arima_p1_d0_q1,residual_acf,44,0.0008975537443252,0.05,False
Germany,2024-08-18,weekly_differenced,weekly_differenced_arima_p1_d0_q1,residual_acf,45,-0.0142271883194467,0.05,False
Germany,2024-08-18,weekly_differenced,weekly_differenced_arima_p1_d0_q1,residual_acf,46,0.0084302518348821,0.05,False
Germany,2024-08-18,weekly_differenced,weekly_differenced_arima_p1_d0_q1,residual_acf,47,0.0319350540251921,0.05,False
Germany,2024-08-18,weekly_differenced,weekly_differenced_arima_p1_d0_q1,residual_acf,48,0.0659841034047883,0.05,True
Germany,2024-08-18,weekly_differenced,weekly_differenced_arima_p1_d0_q1,residual_acf,5,-0.0174184646930976,0.05,False
Germany,2024-08-18,weekly_differenced,weekly_differenced_arima_p1_d0_q1,residual_acf,6,-0.0064008041633564,0.05,False
Germany,2024-08-18,weekly_differenced,weekly_differenced_arima_p1_d0_q1,residual_acf,7,-0.0213458674847308,0.05,False
Germany,2024-08-18,weekly_differenced,weekly_differenced_arima_p1_d0_q1,residual_acf,8,-0.0120541448920839,0.05,False
Germany,2024-08-18,weekly_differenced,weekly_differenced_arima_p1_d0_q1,residual_acf,9,0.0009804883379349,0.05,False
Germany,2024-08-18,weekly_differenced,weekly_differenced_arima_p2_d0_q0,ljung_box_pvalue,24,1.3278619429898048e-10,0.01,True
Germany,2024-08-18,weekly_differenced,weekly_differenced_arima_p2_d0_q0,ljung_box_pvalue,48,2.595842353236562e-13,0.01,True
Germany,2024-08-18,weekly_differenced,weekly_differenced_arima_p2_d0_q0,ljung_box_statistic,24,92.41131200026116,0.01,True
Germany,2024-08-18,weekly_differenced,weekly_differenced_arima_p2_d0_q0,ljung_box_statistic,48,152.333098885371,0.01,True
Germany,2024-08-18,weekly_differenced,weekly_differenced_arima_p2_d0_q0,residual_acf,1,0.0137840674124483,0.05,False
Germany,2024-08-18,weekly_differenced,weekly_differenced_arima_p2_d0_q0,residual_acf,10,0.0009640565996918,0.05,False
Germany,2024-08-18,weekly_differenced,weekly_differenced_arima_p2_d0_q0,residual_acf,11,0.0023547127900382,0.05,False
Germany,2024-08-18,weekly_differenced,weekly_differenced_arima_p2_d0_q0,residual_acf,12,0.0464910722133584,0.05,False
Germany,2024-08-18,weekly_differenced,weekly_differenced_arima_p2_d0_q0,residual_acf,13,0.0127745343609406,0.05,False
Germany,2024-08-18,weekly_differenced,weekly_differenced_arima_p2_d0_q0,residual_acf,14,-0.0105523769239765,0.05,False
Germany,2024-08-18,weekly_differenced,weekly_differenced_arima_p2_d0_q0,residual_acf,15,-0.036671206865804,0.05,False
Germany,2024-08-18,weekly_differenced,weekly_differenced_arima_p2_d0_q0,residual_acf,16,-0.0381357275763356,0.05,False
Germany,2024-08-18,weekly_differenced,weekly_differenced_arima_p2_d0_q0,residual_acf,17,-0.0147887130068307,0.05,False
Germany,2024-08-18,weekly_differenced,weekly_differenced_arima_p2_d0_q0,residual_acf,18,-0.0281395720868821,0.05,False
Germany,2024-08-18,weekly_differenced,weekly_differenced_arima_p2_d0_q0,residual_acf,19,0.0292686066971011,0.05,False
Germany,2024-08-18,weekly_differenced,weekly_differenced_arima_p2_d0_q0,residual_acf,2,-0.0264749274614383,0.05,False
Germany,2024-08-18,weekly_differenced,weekly_differenced_arima_p2_d0_q0,residual_acf,20,0.0050997231264913,0.05,False
Germany,2024-08-18,weekly_differenced,weekly_differenced_arima_p2_d0_q0,residual_acf,21,0.0029042859726246,0.05,False
Germany,2024-08-18,weekly_differenced,weekly_differenced_arima_p2_d0_q0,residual_acf,22,-0.0143576417339725,0.05,False
Germany,2024-08-18,weekly_differenced,weekly_differenced_arima_p2_d0_q0,residual_acf,23,0.0374808393516121,0.05,False
Germany,2024-08-18,weekly_differenced,weekly_differenced_arima_p2_d0_q0,residual_acf,24,0.0772858256977702,0.05,True
Germany,2024-08-18,weekly_differenced,weekly_differenced_arima_p2_d0_q0,residual_acf,25,0.0214902175852393,0.05,False
Germany,2024-08-18,weekly_differenced,weekly_differenced_arima_p2_d0_q0,residual_acf,26,0.0001188277905233,0.05,False
Germany,2024-08-18,weekly_differenced,weekly_differenced_arima_p2_d0_q0,residual_acf,27,-0.0367101996206426,0.05,False
Germany,2024-08-18,weekly_differenced,weekly_differenced_arima_p2_d0_q0,residual_acf,28,-0.0101307731517773,0.05,False
Germany,2024-08-18,weekly_differenced,weekly_differenced_arima_p2_d0_q0,residual_acf,29,-0.0076268915425298,0.05,False
Germany,2024-08-18,weekly_differenced,weekly_differenced_arima_p2_d0_q0,residual_acf,3,-0.0257753371956614,0.05,False
Germany,2024-08-18,weekly_differenced,weekly_differenced_arima_p2_d0_q0,residual_acf,30,0.0072492811702225,0.05,False
Germany,2024-08-18,weekly_differenced,weekly_differenced_arima_p2_d0_q0,residual_acf,31,-0.022528375728585,0.05,False
Germany,2024-08-18,weekly_differenced,weekly_differenced_arima_p2_d0_q0,residual_acf,32,0.0140471474175043,0.05,False
Germany,2024-08-18,weekly_differenced,weekly_differenced_arima_p2_d0_q0,residual_acf,33,-0.021418944579147,0.05,False
Germany,2024-08-18,weekly_differenced,weekly_differenced_arima_p2_d0_q0,residual_acf,34,-0.0075490891301668,0.05,False
Germany,2024-08-18,weekly_differenced,weekly_differenced_arima_p2_d0_q0,residual_acf,35,0.0062334289334305,0.05,False
Germany,2024-08-18,weekly_differenced,weekly_differenced_arima_p2_d0_q0,residual_acf,36,0.0089279805861846,0.05,False
Germany,2024-08-18,weekly_differenced,weekly_differenced_arima_p2_d0_q0,residual_acf,37,-0.011743740055465,0.05,False
Germany,2024-08-18,weekly_differenced,weekly_differenced_arima_p2_d0_q0,residual_acf,38,0.0121158972620412,0.05,False
Germany,2024-08-18,weekly_differenced,weekly_differenced_arima_p2_d0_q0,residual_acf,39,-0.0026371314490648,0.05,False
Germany,2024-08-18,weekly_differenced,weekly_differenced_arima_p2_d0_q0,residual_acf,4,-0.0065226931365857,0.05,False
Germany,2024-08-18,weekly_differenced,weekly_differenced_arima_p2_d0_q0,residual_acf,40,0.0011836354348178,0.05,False
Germany,2024-08-18,weekly_differenced,weekly_differenced_arima_p2_d0_q0,residual_acf,41,0.02855278644628,0.05,False
Germany,2024-08-18,weekly_differenced,weekly_differenced_arima_p2_d0_q0,residual_acf,42,0.0122126609721578,0.05,False
Germany,2024-08-18,weekly_differenced,weekly_differenced_arima_p2_d0_q0,residual_acf,43,0.0019084761494681,0.05,False
Germany,2024-08-18,weekly_differenced,weekly_differenced_arima_p2_d0_q0,residual_acf,44,0.0022094241725332,0.05,False
Germany,2024-08-18,weekly_differenced,weekly_differenced_arima_p2_d0_q0,residual_acf,45,-0.0159853038798753,0.05,False
Germany,2024-08-18,weekly_differenced,weekly_differenced_arima_p2_d0_q0,residual_acf,46,0.0014524368627718,0.05,False
Germany,2024-08-18,weekly_differenced,weekly_differenced_arima_p2_d0_q0,residual_acf,47,0.0360504175218615,0.05,False
Germany,2024-08-18,weekly_differenced,weekly_differenced_arima_p2_d0_q0,residual_acf,48,0.0674890173284281,0.05,True
Germany,2024-08-18,weekly_differenced,weekly_differenced_arima_p2_d0_q0,residual_acf,5,-0.0013610652230654,0.05,False
Germany,2024-08-18,weekly_differenced,weekly_differenced_arima_p2_d0_q0,residual_acf,6,0.0057991837256608,0.05,False
Germany,2024-08-18,weekly_differenced,weekly_differenced_arima_p2_d0_q0,residual_acf,7,-0.0104679186256575,0.05,False
Germany,2024-08-18,weekly_differenced,weekly_differenced_arima_p2_d0_q0,residual_acf,8,-0.0022054581433061,0.05,False
Germany,2024-08-18,weekly_differenced,weekly_differenced_arima_p2_d0_q0,residual_acf,9,0.012585006934515,0.05,False
Germany,2024-08-18,weekly_differenced,weekly_differenced_arima_p2_d0_q1,ljung_box_pvalue,24,2.304043004553401e-09,0.01,True
Germany,2024-08-18,weekly_differenced,weekly_differenced_arima_p2_d0_q1,ljung_box_pvalue,48,6.081493401750398e-12,0.01,True
Germany,2024-08-18,weekly_differenced,weekly_differenced_arima_p2_d0_q1,ljung_box_statistic,24,83.24020301358868,0.01,True
Germany,2024-08-18,weekly_differenced,weekly_differenced_arima_p2_d0_q1,ljung_box_statistic,48,141.73200268976137,0.01,True
Germany,2024-08-18,weekly_differenced,weekly_differenced_arima_p2_d0_q1,residual_acf,1,-0.001609199061291,0.05,False
Germany,2024-08-18,weekly_differenced,weekly_differenced_arima_p2_d0_q1,residual_acf,10,0.0002103755243569,0.05,False
Germany,2024-08-18,weekly_differenced,weekly_differenced_arima_p2_d0_q1,residual_acf,11,0.0001707159442288,0.05,False
Germany,2024-08-18,weekly_differenced,weekly_differenced_arima_p2_d0_q1,residual_acf,12,0.0437498238315053,0.05,False
Germany,2024-08-18,weekly_differenced,weekly_differenced_arima_p2_d0_q1,residual_acf,13,0.00879165942783,0.05,False
Germany,2024-08-18,weekly_differenced,weekly_differenced_arima_p2_d0_q1,residual_acf,14,-0.0120115989244815,0.05,False
Germany,2024-08-18,weekly_differenced,weekly_differenced_arima_p2_d0_q1,residual_acf,15,-0.0377902121693411,0.05,False
Germany,2024-08-18,weekly_differenced,weekly_differenced_arima_p2_d0_q1,residual_acf,16,-0.0401633196180607,0.05,False
Germany,2024-08-18,weekly_differenced,weekly_differenced_arima_p2_d0_q1,residual_acf,17,-0.0159380221417251,0.05,False
Germany,2024-08-18,weekly_differenced,weekly_differenced_arima_p2_d0_q1,residual_acf,18,-0.0316347281668027,0.05,False
Germany,2024-08-18,weekly_differenced,weekly_differenced_arima_p2_d0_q1,residual_acf,19,0.0272495478862884,0.05,False
Germany,2024-08-18,weekly_differenced,weekly_differenced_arima_p2_d0_q1,residual_acf,2,0.0067639854891526,0.05,False
Germany,2024-08-18,weekly_differenced,weekly_differenced_arima_p2_d0_q1,residual_acf,20,0.0021283064001871,0.05,False
Germany,2024-08-18,weekly_differenced,weekly_differenced_arima_p2_d0_q1,residual_acf,21,0.0043134183361851,0.05,False
Germany,2024-08-18,weekly_differenced,weekly_differenced_arima_p2_d0_q1,residual_acf,22,-0.0131065830340693,0.05,False
Germany,2024-08-18,weekly_differenced,weekly_differenced_arima_p2_d0_q1,residual_acf,23,0.0363199086089781,0.05,False
Germany,2024-08-18,weekly_differenced,weekly_differenced_arima_p2_d0_q1,residual_acf,24,0.0748177173784143,0.05,True
Germany,2024-08-18,weekly_differenced,weekly_differenced_arima_p2_d0_q1,residual_acf,25,0.0190965334045309,0.05,False
Germany,2024-08-18,weekly_differenced,weekly_differenced_arima_p2_d0_q1,residual_acf,26,0.0016249310478939,0.05,False
Germany,2024-08-18,weekly_differenced,weekly_differenced_arima_p2_d0_q1,residual_acf,27,-0.036683801939727,0.05,False
Germany,2024-08-18,weekly_differenced,weekly_differenced_arima_p2_d0_q1,residual_acf,28,-0.0102561156083438,0.05,False
Germany,2024-08-18,weekly_differenced,weekly_differenced_arima_p2_d0_q1,residual_acf,29,-0.0107006576801204,0.05,False
Germany,2024-08-18,weekly_differenced,weekly_differenced_arima_p2_d0_q1,residual_acf,3,-0.0174912069115887,0.05,False
Germany,2024-08-18,weekly_differenced,weekly_differenced_arima_p2_d0_q1,residual_acf,30,0.0060749463190256,0.05,False
Germany,2024-08-18,weekly_differenced,weekly_differenced_arima_p2_d0_q1,residual_acf,31,-0.0254019680713949,0.05,False
Germany,2024-08-18,weekly_differenced,weekly_differenced_arima_p2_d0_q1,residual_acf,32,0.0134273009521257,0.05,False
Germany,2024-08-18,weekly_differenced,weekly_differenced_arima_p2_d0_q1,residual_acf,33,-0.0231891562510787,0.05,False
Germany,2024-08-18,weekly_differenced,weekly_differenced_arima_p2_d0_q1,residual_acf,34,-0.0078674346843533,0.05,False
Germany,2024-08-18,weekly_differenced,weekly_differenced_arima_p2_d0_q1,residual_acf,35,0.0041153300627667,0.05,False
Germany,2024-08-18,weekly_differenced,weekly_differenced_arima_p2_d0_q1,residual_acf,36,0.0080157328163069,0.05,False
Germany,2024-08-18,weekly_differenced,weekly_differenced_arima_p2_d0_q1,residual_acf,37,-0.0129493988871523,0.05,False
Germany,2024-08-18,weekly_differenced,weekly_differenced_arima_p2_d0_q1,residual_acf,38,0.0120013815581089,0.05,False
Germany,2024-08-18,weekly_differenced,weekly_differenced_arima_p2_d0_q1,residual_acf,39,-0.0029361858383658,0.05,False
Germany,2024-08-18,weekly_differenced,weekly_differenced_arima_p2_d0_q1,residual_acf,4,-0.0051046172708731,0.05,False
Germany,2024-08-18,weekly_differenced,weekly_differenced_arima_p2_d0_q1,residual_acf,40,0.0007150016854675,0.05,False
Germany,2024-08-18,weekly_differenced,weekly_differenced_arima_p2_d0_q1,residual_acf,41,0.0275599660953176,0.05,False
Germany,2024-08-18,weekly_differenced,weekly_differenced_arima_p2_d0_q1,residual_acf,42,0.0110927243584774,0.05,False
Germany,2024-08-18,weekly_differenced,weekly_differenced_arima_p2_d0_q1,residual_acf,43,0.0015169461721467,0.05,False
Germany,2024-08-18,weekly_differenced,weekly_differenced_arima_p2_d0_q1,residual_acf,44,0.0028830830025076,0.05,False
Germany,2024-08-18,weekly_differenced,weekly_differenced_arima_p2_d0_q1,residual_acf,45,-0.0148197931224936,0.05,False
Germany,2024-08-18,weekly_differenced,weekly_differenced_arima_p2_d0_q1,residual_acf,46,0.0029181291122993,0.05,False
Germany,2024-08-18,weekly_differenced,weekly_differenced_arima_p2_d0_q1,residual_acf,47,0.0338072197406667,0.05,False
Germany,2024-08-18,weekly_differenced,weekly_differenced_arima_p2_d0_q1,residual_acf,48,0.0665066176312502,0.05,True
Germany,2024-08-18,weekly_differenced,weekly_differenced_arima_p2_d0_q1,residual_acf,5,-0.0036121711765408,0.05,False
Germany,2024-08-18,weekly_differenced,weekly_differenced_arima_p2_d0_q1,residual_acf,6,0.0036510250546163,0.05,False
Germany,2024-08-18,weekly_differenced,weekly_differenced_arima_p2_d0_q1,residual_acf,7,-0.012387887269654,0.05,False
Germany,2024-08-18,weekly_differenced,weekly_differenced_arima_p2_d0_q1,residual_acf,8,-0.0041127871064845,0.05,False
Germany,2024-08-18,weekly_differenced,weekly_differenced_arima_p2_d0_q1,residual_acf,9,0.0107956417135644,0.05,False
Germany,2024-08-18,weekly_differenced,weekly_differenced_arima_p2_d0_q2,ljung_box_pvalue,24,3.3863511336318956e-09,0.01,True
Germany,2024-08-18,weekly_differenced,weekly_differenced_arima_p2_d0_q2,ljung_box_pvalue,48,1.294730038197005e-11,0.01,True
Germany,2024-08-18,weekly_differenced,weekly_differenced_arima_p2_d0_q2,ljung_box_statistic,24,80.37802789754703,0.01,True
Germany,2024-08-18,weekly_differenced,weekly_differenced_arima_p2_d0_q2,ljung_box_statistic,48,137.887542938722,0.01,True
Germany,2024-08-18,weekly_differenced,weekly_differenced_arima_p2_d0_q2,residual_acf,1,-0.0020982333249988,0.05,False
Germany,2024-08-18,weekly_differenced,weekly_differenced_arima_p2_d0_q2,residual_acf,10,-0.0008927689370946,0.05,False
Germany,2024-08-18,weekly_differenced,weekly_differenced_arima_p2_d0_q2,residual_acf,11,-0.0010878152364603,0.05,False
Germany,2024-08-18,weekly_differenced,weekly_differenced_arima_p2_d0_q2,residual_acf,12,0.042423075332634,0.05,False
Germany,2024-08-18,weekly_differenced,weekly_differenced_arima_p2_d0_q2,residual_acf,13,0.0073945265389112,0.05,False
Germany,2024-08-18,weekly_differenced,weekly_differenced_arima_p2_d0_q2,residual_acf,14,-0.0131999754621899,0.05,False
Germany,2024-08-18,weekly_differenced,weekly_differenced_arima_p2_d0_q2,residual_acf,15,-0.0383608506955342,0.05,False
Germany,2024-08-18,weekly_differenced,weekly_differenced_arima_p2_d0_q2,residual_acf,16,-0.0401165099249686,0.05,False
Germany,2024-08-18,weekly_differenced,weekly_differenced_arima_p2_d0_q2,residual_acf,17,-0.0168781973637146,0.05,False
Germany,2024-08-18,weekly_differenced,weekly_differenced_arima_p2_d0_q2,residual_acf,18,-0.0329188952623812,0.05,False
Germany,2024-08-18,weekly_differenced,weekly_differenced_arima_p2_d0_q2,residual_acf,19,0.0257459652152502,0.05,False
Germany,2024-08-18,weekly_differenced,weekly_differenced_arima_p2_d0_q2,residual_acf,2,0.0026163535794284,0.05,False
Germany,2024-08-18,weekly_differenced,weekly_differenced_arima_p2_d0_q2,residual_acf,20,0.0020226831911159,0.05,False
Germany,2024-08-18,weekly_differenced,weekly_differenced_arima_p2_d0_q2,residual_acf,21,0.0042515810124493,0.05,False
Germany,2024-08-18,weekly_differenced,weekly_differenced_arima_p2_d0_q2,residual_acf,22,-0.0131667862875028,0.05,False
Germany,2024-08-18,weekly_differenced,weekly_differenced_arima_p2_d0_q2,residual_acf,23,0.0358078896342255,0.05,False
Germany,2024-08-18,weekly_differenced,weekly_differenced_arima_p2_d0_q2,residual_acf,24,0.0738471629144578,0.05,True
Germany,2024-08-18,weekly_differenced,weekly_differenced_arima_p2_d0_q2,residual_acf,25,0.0181187805108495,0.05,False
Germany,2024-08-18,weekly_differenced,weekly_differenced_arima_p2_d0_q2,residual_acf,26,0.0013075073711121,0.05,False
Germany,2024-08-18,weekly_differenced,weekly_differenced_arima_p2_d0_q2,residual_acf,27,-0.0358312425829183,0.05,False
Germany,2024-08-18,weekly_differenced,weekly_differenced_arima_p2_d0_q2,residual_acf,28,-0.0108714438239905,0.05,False
Germany,2024-08-18,weekly_differenced,weekly_differenced_arima_p2_d0_q2,residual_acf,29,-0.01076742991663,0.05,False
Germany,2024-08-18,weekly_differenced,weekly_differenced_arima_p2_d0_q2,residual_acf,3,-0.0002482899634308,0.05,False
Germany,2024-08-18,weekly_differenced,weekly_differenced_arima_p2_d0_q2,residual_acf,30,0.0045087855177345,0.05,False
Germany,2024-08-18,weekly_differenced,weekly_differenced_arima_p2_d0_q2,residual_acf,31,-0.0261758577902294,0.05,False
Germany,2024-08-18,weekly_differenced,weekly_differenced_arima_p2_d0_q2,residual_acf,32,0.0127650422815214,0.05,False
Germany,2024-08-18,weekly_differenced,weekly_differenced_arima_p2_d0_q2,residual_acf,33,-0.0233916479979562,0.05,False
Germany,2024-08-18,weekly_differenced,weekly_differenced_arima_p2_d0_q2,residual_acf,34,-0.0090954702940308,0.05,False
Germany,2024-08-18,weekly_differenced,weekly_differenced_arima_p2_d0_q2,residual_acf,35,0.004235631309346,0.05,False
Germany,2024-08-18,weekly_differenced,weekly_differenced_arima_p2_d0_q2,residual_acf,36,0.0071158945016271,0.05,False
Germany,2024-08-18,weekly_differenced,weekly_differenced_arima_p2_d0_q2,residual_acf,37,-0.0135561354648889,0.05,False
Germany,2024-08-18,weekly_differenced,weekly_differenced_arima_p2_d0_q2,residual_acf,38,0.0121726327918163,0.05,False
Germany,2024-08-18,weekly_differenced,weekly_differenced_arima_p2_d0_q2,residual_acf,39,-0.0031043552898817,0.05,False
Germany,2024-08-18,weekly_differenced,weekly_differenced_arima_p2_d0_q2,residual_acf,4,-0.0052357384987815,0.05,False
Germany,2024-08-18,weekly_differenced,weekly_differenced_arima_p2_d0_q2,residual_acf,40,4.691746362588892e-05,0.05,False
Germany,2024-08-18,weekly_differenced,weekly_differenced_arima_p2_d0_q2,residual_acf,41,0.0274867575747054,0.05,False
Germany,2024-08-18,weekly_differenced,weekly_differenced_arima_p2_d0_q2,residual_acf,42,0.0104036962628245,0.05,False
Germany,2024-08-18,weekly_differenced,weekly_differenced_arima_p2_d0_q2,residual_acf,43,0.0012533110694459,0.05,False
Germany,2024-08-18,weekly_differenced,weekly_differenced_arima_p2_d0_q2,residual_acf,44,0.0036438181730162,0.05,False
Germany,2024-08-18,weekly_differenced,weekly_differenced_arima_p2_d0_q2,residual_acf,45,-0.0139084237211991,0.05,False
Germany,2024-08-18,weekly_differenced,weekly_differenced_arima_p2_d0_q2,residual_acf,46,0.0022233407123513,0.05,False
Germany,2024-08-18,weekly_differenced,weekly_differenced_arima_p2_d0_q2,residual_acf,47,0.0337691388283459,0.05,False
Germany,2024-08-18,weekly_differenced,weekly_differenced_arima_p2_d0_q2,residual_acf,48,0.0658354117319441,0.05,True
Germany,2024-08-18,weekly_differenced,weekly_differenced_arima_p2_d0_q2,residual_acf,5,-0.0042900645291495,0.05,False
Germany,2024-08-18,weekly_differenced,weekly_differenced_arima_p2_d0_q2,residual_acf,6,0.0029176344994872,0.05,False
Germany,2024-08-18,weekly_differenced,weekly_differenced_arima_p2_d0_q2,residual_acf,7,-0.0134920318661746,0.05,False
Germany,2024-08-18,weekly_differenced,weekly_differenced_arima_p2_d0_q2,residual_acf,8,-0.0051360549293251,0.05,False
Germany,2024-08-18,weekly_differenced,weekly_differenced_arima_p2_d0_q2,residual_acf,9,0.0107522473715639,0.05,False
Germany,2024-08-18,weekly_differenced,weekly_differenced_arima_p3_d0_q1,ljung_box_pvalue,24,4.468225006298761e-09,0.01,True
Germany,2024-08-18,weekly_differenced,weekly_differenced_arima_p3_d0_q1,ljung_box_pvalue,48,1.7665518739390926e-11,0.01,True
Germany,2024-08-18,weekly_differenced,weekly_differenced_arima_p3_d0_q1,ljung_box_statistic,24,79.6687851590777,0.01,True
Germany,2024-08-18,weekly_differenced,weekly_differenced_arima_p3_d0_q1,ljung_box_statistic,48,137.00035047151212,0.01,True
Germany,2024-08-18,weekly_differenced,weekly_differenced_arima_p3_d0_q1,residual_acf,1,-0.0021063928105988,0.05,False
Germany,2024-08-18,weekly_differenced,weekly_differenced_arima_p3_d0_q1,residual_acf,10,-0.0023163670634341,0.05,False
Germany,2024-08-18,weekly_differenced,weekly_differenced_arima_p3_d0_q1,residual_acf,11,-0.0027878050029153,0.05,False
Germany,2024-08-18,weekly_differenced,weekly_differenced_arima_p3_d0_q1,residual_acf,12,0.0408693411548112,0.05,False
Germany,2024-08-18,weekly_differenced,weekly_differenced_arima_p3_d0_q1,residual_acf,13,0.0062288440614418,0.05,False
Germany,2024-08-18,weekly_differenced,weekly_differenced_arima_p3_d0_q1,residual_acf,14,-0.0143223678352963,0.05,False
Germany,2024-08-18,weekly_differenced,weekly_differenced_arima_p3_d0_q1,residual_acf,15,-0.0391217710336547,0.05,False
Germany,2024-08-18,weekly_differenced,weekly_differenced_arima_p3_d0_q1,residual_acf,16,-0.0407281078435566,0.05,False
Germany,2024-08-18,weekly_differenced,weekly_differenced_arima_p3_d0_q1,residual_acf,17,-0.0174122283402604,0.05,False
Germany,2024-08-18,weekly_differenced,weekly_differenced_arima_p3_d0_q1,residual_acf,18,-0.0335147991260716,0.05,False
Germany,2024-08-18,weekly_differenced,weekly_differenced_arima_p3_d0_q1,residual_acf,19,0.0253701939685799,0.05,False
Germany,2024-08-18,weekly_differenced,weekly_differenced_arima_p3_d0_q1,residual_acf,2,0.0027518212085445,0.05,False
Germany,2024-08-18,weekly_differenced,weekly_differenced_arima_p3_d0_q1,residual_acf,20,0.0014136605004353,0.05,False
Germany,2024-08-18,weekly_differenced,weekly_differenced_arima_p3_d0_q1,residual_acf,21,0.0031627963029278,0.05,False
Germany,2024-08-18,weekly_differenced,weekly_differenced_arima_p3_d0_q1,residual_acf,22,-0.0145449728516364,0.05,False
Germany,2024-08-18,weekly_differenced,weekly_differenced_arima_p3_d0_q1,residual_acf,23,0.0348041652550645,0.05,False
Germany,2024-08-18,weekly_differenced,weekly_differenced_arima_p3_d0_q1,residual_acf,24,0.0731982216422248,0.05,True
Germany,2024-08-18,weekly_differenced,weekly_differenced_arima_p3_d0_q1,residual_acf,25,0.0175233834376097,0.05,False
Germany,2024-08-18,weekly_differenced,weekly_differenced_arima_p3_d0_q1,residual_acf,26,0.0005111866680514,0.05,False
Germany,2024-08-18,weekly_differenced,weekly_differenced_arima_p3_d0_q1,residual_acf,27,-0.0365414953632215,0.05,False
Germany,2024-08-18,weekly_differenced,weekly_differenced_arima_p3_d0_q1,residual_acf,28,-0.0106256994838877,0.05,False
Germany,2024-08-18,weekly_differenced,weekly_differenced_arima_p3_d0_q1,residual_acf,29,-0.0111117799283918,0.05,False
Germany,2024-08-18,weekly_differenced,weekly_differenced_arima_p3_d0_q1,residual_acf,3,-0.0027769796055133,0.05,False
Germany,2024-08-18,weekly_differenced,weekly_differenced_arima_p3_d0_q1,residual_acf,30,0.0041974858226607,0.05,False
Germany,2024-08-18,weekly_differenced,weekly_differenced_arima_p3_d0_q1,residual_acf,31,-0.0269595906882519,0.05,False
Germany,2024-08-18,weekly_differenced,weekly_differenced_arima_p3_d0_q1,residual_acf,32,0.0119472199781202,0.05,False
Germany,2024-08-18,weekly_differenced,weekly_differenced_arima_p3_d0_q1,residual_acf,33,-0.0243511715297031,0.05,False
Germany,2024-08-18,weekly_differenced,weekly_differenced_arima_p3_d0_q1,residual_acf,34,-0.0095310044264947,0.05,False
Germany,2024-08-18,weekly_differenced,weekly_differenced_arima_p3_d0_q1,residual_acf,35,0.0033997831090993,0.05,False
Germany,2024-08-18,weekly_differenced,weekly_differenced_arima_p3_d0_q1,residual_acf,36,0.0067974108393541,0.05,False
Germany,2024-08-18,weekly_differenced,weekly_differenced_arima_p3_d0_q1,residual_acf,37,-0.0139229060884916,0.05,False
Germany,2024-08-18,weekly_differenced,weekly_differenced_arima_p3_d0_q1,residual_acf,38,0.011527606046435,0.05,False
Germany,2024-08-18,weekly_differenced,weekly_differenced_arima_p3_d0_q1,residual_acf,39,-0.0036287260014997,0.05,False
Germany,2024-08-18,weekly_differenced,weekly_differenced_arima_p3_d0_q1,residual_acf,4,0.0039031391392165,0.05,False
Germany,2024-08-18,weekly_differenced,weekly_differenced_arima_p3_d0_q1,residual_acf,40,-0.0002995661242212,0.05,False
Germany,2024-08-18,weekly_differenced,weekly_differenced_arima_p3_d0_q1,residual_acf,41,0.0269303761447499,0.05,False
Germany,2024-08-18,weekly_differenced,weekly_differenced_arima_p3_d0_q1,residual_acf,42,0.0104361424817589,0.05,False
Germany,2024-08-18,weekly_differenced,weekly_differenced_arima_p3_d0_q1,residual_acf,43,0.001514398848479,0.05,False
Germany,2024-08-18,weekly_differenced,weekly_differenced_arima_p3_d0_q1,residual_acf,44,0.0037959243217573,0.05,False
Germany,2024-08-18,weekly_differenced,weekly_differenced_arima_p3_d0_q1,residual_acf,45,-0.0141994707662573,0.05,False
Germany,2024-08-18,weekly_differenced,weekly_differenced_arima_p3_d0_q1,residual_acf,46,0.0021181041843877,0.05,False
Germany,2024-08-18,weekly_differenced,weekly_differenced_arima_p3_d0_q1,residual_acf,47,0.0332923295196606,0.05,False
Germany,2024-08-18,weekly_differenced,weekly_differenced_arima_p3_d0_q1,residual_acf,48,0.0652952434488933,0.05,True
Germany,2024-08-18,weekly_differenced,weekly_differenced_arima_p3_d0_q1,residual_acf,5,0.0001110322913842,0.05,False
Germany,2024-08-18,weekly_differenced,weekly_differenced_arima_p3_d0_q1,residual_acf,6,0.0040403716099686,0.05,False
Germany,2024-08-18,weekly_differenced,weekly_differenced_arima_p3_d0_q1,residual_acf,7,-0.0135613694442999,0.05,False
Germany,2024-08-18,weekly_differenced,weekly_differenced_arima_p3_d0_q1,residual_acf,8,-0.0055998076863666,0.05,False
Germany,2024-08-18,weekly_differenced,weekly_differenced_arima_p3_d0_q1,residual_acf,9,0.0094814278672825,0.05,False
Germany,2024-09-12,weekly_differenced,weekly_differenced_arima_p1_d0_q1,ljung_box_pvalue,24,1.3673990491309822e-27,0.01,True
Germany,2024-09-12,weekly_differenced,weekly_differenced_arima_p1_d0_q1,ljung_box_pvalue,48,4.8111598306000744e-30,0.01,True
Germany,2024-09-12,weekly_differenced,weekly_differenced_arima_p1_d0_q1,ljung_box_statistic,24,184.18816449296847,0.01,True
Germany,2024-09-12,weekly_differenced,weekly_differenced_arima_p1_d0_q1,ljung_box_statistic,48,251.08927704984467,0.01,True
Germany,2024-09-12,weekly_differenced,weekly_differenced_arima_p1_d0_q1,residual_acf,1,0.0347869719763796,0.05,False
Germany,2024-09-12,weekly_differenced,weekly_differenced_arima_p1_d0_q1,residual_acf,10,-0.0017673959798625,0.05,False
Germany,2024-09-12,weekly_differenced,weekly_differenced_arima_p1_d0_q1,residual_acf,11,-0.0042775394779605,0.05,False
Germany,2024-09-12,weekly_differenced,weekly_differenced_arima_p1_d0_q1,residual_acf,12,0.0385122977644419,0.05,False
Germany,2024-09-12,weekly_differenced,weekly_differenced_arima_p1_d0_q1,residual_acf,13,-0.0010487032148646,0.05,False
Germany,2024-09-12,weekly_differenced,weekly_differenced_arima_p1_d0_q1,residual_acf,14,-0.0188693178945782,0.05,False
Germany,2024-09-12,weekly_differenced,weekly_differenced_arima_p1_d0_q1,residual_acf,15,-0.0445033960897926,0.05,False
Germany,2024-09-12,weekly_differenced,weekly_differenced_arima_p1_d0_q1,residual_acf,16,-0.0560251238705451,0.05,True
Germany,2024-09-12,weekly_differenced,weekly_differenced_arima_p1_d0_q1,residual_acf,17,-0.0253602766345746,0.05,False
Germany,2024-09-12,weekly_differenced,weekly_differenced_arima_p1_d0_q1,residual_acf,18,-0.0406369390266792,0.05,False
Germany,2024-09-12,weekly_differenced,weekly_differenced_arima_p1_d0_q1,residual_acf,19,0.0189396671091946,0.05,False
Germany,2024-09-12,weekly_differenced,weekly_differenced_arima_p1_d0_q1,residual_acf,2,0.0996272385976875,0.05,True
Germany,2024-09-12,weekly_differenced,weekly_differenced_arima_p1_d0_q1,residual_acf,20,-0.0083732570974272,0.05,False
Germany,2024-09-12,weekly_differenced,weekly_differenced_arima_p1_d0_q1,residual_acf,21,0.0096422729597235,0.05,False
Germany,2024-09-12,weekly_differenced,weekly_differenced_arima_p1_d0_q1,residual_acf,22,-0.0116441903035705,0.05,False
Germany,2024-09-12,weekly_differenced,weekly_differenced_arima_p1_d0_q1,residual_acf,23,0.0399460595059018,0.05,False
Germany,2024-09-12,weekly_differenced,weekly_differenced_arima_p1_d0_q1,residual_acf,24,0.0750285435677557,0.05,True
Germany,2024-09-12,weekly_differenced,weekly_differenced_arima_p1_d0_q1,residual_acf,25,0.0197147455712957,0.05,False
Germany,2024-09-12,weekly_differenced,weekly_differenced_arima_p1_d0_q1,residual_acf,26,0.0006234732328242,0.05,False
Germany,2024-09-12,weekly_differenced,weekly_differenced_arima_p1_d0_q1,residual_acf,27,-0.0361136255390941,0.05,False
Germany,2024-09-12,weekly_differenced,weekly_differenced_arima_p1_d0_q1,residual_acf,28,-0.0153480936072395,0.05,False
Germany,2024-09-12,weekly_differenced,weekly_differenced_arima_p1_d0_q1,residual_acf,29,-0.0237156757031801,0.05,False
Germany,2024-09-12,weekly_differenced,weekly_differenced_arima_p1_d0_q1,residual_acf,3,-0.0245367777129506,0.05,False
Germany,2024-09-12,weekly_differenced,weekly_differenced_arima_p1_d0_q1,residual_acf,30,-0.002179582805518,0.05,False
Germany,2024-09-12,weekly_differenced,weekly_differenced_arima_p1_d0_q1,residual_acf,31,-0.0307520363457176,0.05,False
Germany,2024-09-12,weekly_differenced,weekly_differenced_arima_p1_d0_q1,residual_acf,32,0.0023810462033395,0.05,False
Germany,2024-09-12,weekly_differenced,weekly_differenced_arima_p1_d0_q1,residual_acf,33,-0.0270284543518167,0.05,False
Germany,2024-09-12,weekly_differenced,weekly_differenced_arima_p1_d0_q1,residual_acf,34,-0.0143206809897619,0.05,False
Germany,2024-09-12,weekly_differenced,weekly_differenced_arima_p1_d0_q1,residual_acf,35,0.0005552824389184,0.05,False
Germany,2024-09-12,weekly_differenced,weekly_differenced_arima_p1_d0_q1,residual_acf,36,0.0021768958201177,0.05,False
Germany,2024-09-12,weekly_differenced,weekly_differenced_arima_p1_d0_q1,residual_acf,37,-0.015441327656093,0.05,False
Germany,2024-09-12,weekly_differenced,weekly_differenced_arima_p1_d0_q1,residual_acf,38,0.0116456502394254,0.05,False
Germany,2024-09-12,weekly_differenced,weekly_differenced_arima_p1_d0_q1,residual_acf,39,-0.0050563040412119,0.05,False
Germany,2024-09-12,weekly_differenced,weekly_differenced_arima_p1_d0_q1,residual_acf,4,-0.010486844255731,0.05,False
Germany,2024-09-12,weekly_differenced,weekly_differenced_arima_p1_d0_q1,residual_acf,40,0.0064714101546099,0.05,False
Germany,2024-09-12,weekly_differenced,weekly_differenced_arima_p1_d0_q1,residual_acf,41,0.0218491299183812,0.05,False
Germany,2024-09-12,weekly_differenced,weekly_differenced_arima_p1_d0_q1,residual_acf,42,0.015196093542214,0.05,False
Germany,2024-09-12,weekly_differenced,weekly_differenced_arima_p1_d0_q1,residual_acf,43,-0.0014853274774389,0.05,False
Germany,2024-09-12,weekly_differenced,weekly_differenced_arima_p1_d0_q1,residual_acf,44,-0.0040836701685408,0.05,False
Germany,2024-09-12,weekly_differenced,weekly_differenced_arima_p1_d0_q1,residual_acf,45,-0.0105760650113119,0.05,False
Germany,2024-09-12,weekly_differenced,weekly_differenced_arima_p1_d0_q1,residual_acf,46,0.0011087622641619,0.05,False
Germany,2024-09-12,weekly_differenced,weekly_differenced_arima_p1_d0_q1,residual_acf,47,0.0304635749727256,0.05,False
Germany,2024-09-12,weekly_differenced,weekly_differenced_arima_p1_d0_q1,residual_acf,48,0.0650504063758745,0.05,True
Germany,2024-09-12,weekly_differenced,weekly_differenced_arima_p1_d0_q1,residual_acf,5,-0.0133634451172282,0.05,False
Germany,2024-09-12,weekly_differenced,weekly_differenced_arima_p1_d0_q1,residual_acf,6,-0.0129128935971932,0.05,False
Germany,2024-09-12,weekly_differenced,weekly_differenced_arima_p1_d0_q1,residual_acf,7,-0.0198547718288325,0.05,False
Germany,2024-09-12,weekly_differenced,weekly_differenced_arima_p1_d0_q1,residual_acf,8,-0.01428336787445,0.05,False
Germany,2024-09-12,weekly_differenced,weekly_differenced_arima_p1_d0_q1,residual_acf,9,7.314733274998842e-05,0.05,False
Germany,2024-09-12,weekly_differenced,weekly_differenced_arima_p2_d0_q0,ljung_box_pvalue,24,8.618890238983058e-13,0.01,True
Germany,2024-09-12,weekly_differenced,weekly_differenced_arima_p2_d0_q0,ljung_box_pvalue,48,1.1127324320506629e-15,0.01,True
Germany,2024-09-12,weekly_differenced,weekly_differenced_arima_p2_d0_q0,ljung_box_statistic,24,104.97406904538568,0.01,True
Germany,2024-09-12,weekly_differenced,weekly_differenced_arima_p2_d0_q0,ljung_box_statistic,48,167.29060815914,0.01,True
Germany,2024-09-12,weekly_differenced,weekly_differenced_arima_p2_d0_q0,residual_acf,1,0.0109636618856914,0.05,False
Germany,2024-09-12,weekly_differenced,weekly_differenced_arima_p2_d0_q0,residual_acf,10,0.0021680494643305,0.05,False
Germany,2024-09-12,weekly_differenced,weekly_differenced_arima_p2_d0_q0,residual_acf,11,0.0018171829903257,0.05,False
Germany,2024-09-12,weekly_differenced,weekly_differenced_arima_p2_d0_q0,residual_acf,12,0.0488251061400496,0.05,False
Germany,2024-09-12,weekly_differenced,weekly_differenced_arima_p2_d0_q0,residual_acf,13,0.0114063365210678,0.05,False
Germany,2024-09-12,weekly_differenced,weekly_differenced_arima_p2_d0_q0,residual_acf,14,-0.0094689320164105,0.05,False
Germany,2024-09-12,weekly_differenced,weekly_differenced_arima_p2_d0_q0,residual_acf,15,-0.0335876353903931,0.05,False
Germany,2024-09-12,weekly_differenced,weekly_differenced_arima_p2_d0_q0,residual_acf,16,-0.0412299969280045,0.05,False
Germany,2024-09-12,weekly_differenced,weekly_differenced_arima_p2_d0_q0,residual_acf,17,-0.0138981015830673,0.05,False
Germany,2024-09-12,weekly_differenced,weekly_differenced_arima_p2_d0_q0,residual_acf,18,-0.027065882804744,0.05,False
Germany,2024-09-12,weekly_differenced,weekly_differenced_arima_p2_d0_q0,residual_acf,19,0.0285173328100214,0.05,False
Germany,2024-09-12,weekly_differenced,weekly_differenced_arima_p2_d0_q0,residual_acf,2,-0.0218206582280014,0.05,False
Germany,2024-09-12,weekly_differenced,weekly_differenced_arima_p2_d0_q0,residual_acf,20,0.0026250887164106,0.05,False
Germany,2024-09-12,weekly_differenced,weekly_differenced_arima_p2_d0_q0,residual_acf,21,0.0077322202769901,0.05,False
Germany,2024-09-12,weekly_differenced,weekly_differenced_arima_p2_d0_q0,residual_acf,22,-0.0173985837855297,0.05,False
Germany,2024-09-12,weekly_differenced,weekly_differenced_arima_p2_d0_q0,residual_acf,23,0.039712960006941,0.05,False
Germany,2024-09-12,weekly_differenced,weekly_differenced_arima_p2_d0_q0,residual_acf,24,0.0806488918785266,0.05,True
Germany,2024-09-12,weekly_differenced,weekly_differenced_arima_p2_d0_q0,residual_acf,25,0.0216871641288954,0.05,False
Germany,2024-09-12,weekly_differenced,weekly_differenced_arima_p2_d0_q0,residual_acf,26,-0.0024053142408504,0.05,False
Germany,2024-09-12,weekly_differenced,weekly_differenced_arima_p2_d0_q0,residual_acf,27,-0.0314327239540649,0.05,False
Germany,2024-09-12,weekly_differenced,weekly_differenced_arima_p2_d0_q0,residual_acf,28,-0.009371150225114,0.05,False
Germany,2024-09-12,weekly_differenced,weekly_differenced_arima_p2_d0_q0,residual_acf,29,-0.0105406227255124,0.05,False
Germany,2024-09-12,weekly_differenced,weekly_differenced_arima_p2_d0_q0,residual_acf,3,-0.0211050300030793,0.05,False
Germany,2024-09-12,weekly_differenced,weekly_differenced_arima_p2_d0_q0,residual_acf,30,0.0053003366674281,0.05,False
Germany,2024-09-12,weekly_differenced,weekly_differenced_arima_p2_d0_q0,residual_acf,31,-0.0205868673625237,0.05,False
Germany,2024-09-12,weekly_differenced,weekly_differenced_arima_p2_d0_q0,residual_acf,32,0.0101151431802126,0.05,False
Germany,2024-09-12,weekly_differenced,weekly_differenced_arima_p2_d0_q0,residual_acf,33,-0.0196853195540071,0.05,False
Germany,2024-09-12,weekly_differenced,weekly_differenced_arima_p2_d0_q0,residual_acf,34,-0.0110230404226488,0.05,False
Germany,2024-09-12,weekly_differenced,weekly_differenced_arima_p2_d0_q0,residual_acf,35,0.0102730489368198,0.05,False
Germany,2024-09-12,weekly_differenced,weekly_differenced_arima_p2_d0_q0,residual_acf,36,0.0065061640912838,0.05,False
Germany,2024-09-12,weekly_differenced,weekly_differenced_arima_p2_d0_q0,residual_acf,37,-0.0121933777677391,0.05,False
Germany,2024-09-12,weekly_differenced,weekly_differenced_arima_p2_d0_q0,residual_acf,38,0.0148752939596373,0.05,False
Germany,2024-09-12,weekly_differenced,weekly_differenced_arima_p2_d0_q0,residual_acf,39,-0.0033981585270885,0.05,False
Germany,2024-09-12,weekly_differenced,weekly_differenced_arima_p2_d0_q0,residual_acf,4,-0.0120525114374237,0.05,False
Germany,2024-09-12,weekly_differenced,weekly_differenced_arima_p2_d0_q0,residual_acf,40,0.0057589283500454,0.05,False
Germany,2024-09-12,weekly_differenced,weekly_differenced_arima_p2_d0_q0,residual_acf,41,0.0260743455647311,0.05,False
Germany,2024-09-12,weekly_differenced,weekly_differenced_arima_p2_d0_q0,residual_acf,42,0.0176950635512895,0.05,False
Germany,2024-09-12,weekly_differenced,weekly_differenced_arima_p2_d0_q0,residual_acf,43,5.7973255757859886e-05,0.05,False
Germany,2024-09-12,weekly_differenced,weekly_differenced_arima_p2_d0_q0,residual_acf,44,-0.0026747296736713,0.05,False
Germany,2024-09-12,weekly_differenced,weekly_differenced_arima_p2_d0_q0,residual_acf,45,-0.0113030425384404,0.05,False
Germany,2024-09-12,weekly_differenced,weekly_differenced_arima_p2_d0_q0,residual_acf,46,-0.0048091129308229,0.05,False
Germany,2024-09-12,weekly_differenced,weekly_differenced_arima_p2_d0_q0,residual_acf,47,0.0334127174804177,0.05,False
Germany,2024-09-12,weekly_differenced,weekly_differenced_arima_p2_d0_q0,residual_acf,48,0.0672890248949515,0.05,True
Germany,2024-09-12,weekly_differenced,weekly_differenced_arima_p2_d0_q0,residual_acf,5,0.0015964742034531,0.05,False
Germany,2024-09-12,weekly_differenced,weekly_differenced_arima_p2_d0_q0,residual_acf,6,-0.0003172305948744,0.05,False
Germany,2024-09-12,weekly_differenced,weekly_differenced_arima_p2_d0_q0,residual_acf,7,-0.0096216421944036,0.05,False
Germany,2024-09-12,weekly_differenced,weekly_differenced_arima_p2_d0_q0,residual_acf,8,-0.0042070395969838,0.05,False
Germany,2024-09-12,weekly_differenced,weekly_differenced_arima_p2_d0_q0,residual_acf,9,0.0110354092345269,0.05,False
Germany,2024-09-12,weekly_differenced,weekly_differenced_arima_p2_d0_q1,ljung_box_pvalue,24,7.020557033119547e-12,0.01,True
Germany,2024-09-12,weekly_differenced,weekly_differenced_arima_p2_d0_q1,ljung_box_pvalue,48,1.463845099570922e-14,0.01,True
Germany,2024-09-12,weekly_differenced,weekly_differenced_arima_p2_d0_q1,ljung_box_statistic,24,97.81159119339016,0.01,True
Germany,2024-09-12,weekly_differenced,weekly_differenced_arima_p2_d0_q1,ljung_box_statistic,48,158.51785264363156,0.01,True
Germany,2024-09-12,weekly_differenced,weekly_differenced_arima_p2_d0_q1,residual_acf,1,-0.0015776825143439,0.05,False
Germany,2024-09-12,weekly_differenced,weekly_differenced_arima_p2_d0_q1,residual_acf,10,0.0015105056308713,0.05,False
Germany,2024-09-12,weekly_differenced,weekly_differenced_arima_p2_d0_q1,residual_acf,11,-0.0001613244625744,0.05,False
Germany,2024-09-12,weekly_differenced,weekly_differenced_arima_p2_d0_q1,residual_acf,12,0.0465556511017132,0.05,False
Germany,2024-09-12,weekly_differenced,weekly_differenced_arima_p2_d0_q1,residual_acf,13,0.0080155419568032,0.05,False
Germany,2024-09-12,weekly_differenced,weekly_differenced_arima_p2_d0_q1,residual_acf,14,-0.0107946714912925,0.05,False
Germany,2024-09-12,weekly_differenced,weekly_differenced_arima_p2_d0_q1,residual_acf,15,-0.0345661554633329,0.05,False
Germany,2024-09-12,weekly_differenced,weekly_differenced_arima_p2_d0_q1,residual_acf,16,-0.0430216575875816,0.05,False
Germany,2024-09-12,weekly_differenced,weekly_differenced_arima_p2_d0_q1,residual_acf,17,-0.0148660746619257,0.05,False
Germany,2024-09-12,weekly_differenced,weekly_differenced_arima_p2_d0_q1,residual_acf,18,-0.0301690754073691,0.05,False
Germany,2024-09-12,weekly_differenced,weekly_differenced_arima_p2_d0_q1,residual_acf,19,0.026892495388388,0.05,False
Germany,2024-09-12,weekly_differenced,weekly_differenced_arima_p2_d0_q1,residual_acf,2,0.006260530106013,0.05,False
Germany,2024-09-12,weekly_differenced,weekly_differenced_arima_p2_d0_q1,residual_acf,20,-1.2436654990398396e-05,0.05,False
Germany,2024-09-12,weekly_differenced,weekly_differenced_arima_p2_d0_q1,residual_acf,21,0.0090763585805062,0.05,False
Germany,2024-09-12,weekly_differenced,weekly_differenced_arima_p2_d0_q1,residual_acf,22,-0.0163739035814604,0.05,False
Germany,2024-09-12,weekly_differenced,weekly_differenced_arima_p2_d0_q1,residual_acf,23,0.0388655413477548,0.05,False
Germany,2024-09-12,weekly_differenced,weekly_differenced_arima_p2_d0_q1,residual_acf,24,0.0784147783043951,0.05,True
Germany,2024-09-12,weekly_differenced,weekly_differenced_arima_p2_d0_q1,residual_acf,25,0.0198661024349662,0.05,False
Germany,2024-09-12,weekly_differenced,weekly_differenced_arima_p2_d0_q1,residual_acf,26,-0.0011069832123686,0.05,False
Germany,2024-09-12,weekly_differenced,weekly_differenced_arima_p2_d0_q1,residual_acf,27,-0.031449918606008,0.05,False
Germany,2024-09-12,weekly_differenced,weekly_differenced_arima_p2_d0_q1,residual_acf,28,-0.0096798361602521,0.05,False
Germany,2024-09-12,weekly_differenced,weekly_differenced_arima_p2_d0_q1,residual_acf,29,-0.0130147585064734,0.05,False
Germany,2024-09-12,weekly_differenced,weekly_differenced_arima_p2_d0_q1,residual_acf,3,-0.0141162577099174,0.05,False
Germany,2024-09-12,weekly_differenced,weekly_differenced_arima_p2_d0_q1,residual_acf,30,0.0041969996662489,0.05,False
Germany,2024-09-12,weekly_differenced,weekly_differenced_arima_p2_d0_q1,residual_acf,31,-0.0229790119445791,0.05,False
Germany,2024-09-12,weekly_differenced,weekly_differenced_arima_p2_d0_q1,residual_acf,32,0.0093181372690925,0.05,False
Germany,2024-09-12,weekly_differenced,weekly_differenced_arima_p2_d0_q1,residual_acf,33,-0.0209598773938327,0.05,False
Germany,2024-09-12,weekly_differenced,weekly_differenced_arima_p2_d0_q1,residual_acf,34,-0.0115754261146696,0.05,False
Germany,2024-09-12,weekly_differenced,weekly_differenced_arima_p2_d0_q1,residual_acf,35,0.0085764836039908,0.05,False
Germany,2024-09-12,weekly_differenced,weekly_differenced_arima_p2_d0_q1,residual_acf,36,0.0056375447677168,0.05,False
Germany,2024-09-12,weekly_differenced,weekly_differenced_arima_p2_d0_q1,residual_acf,37,-0.0131247492423634,0.05,False
Germany,2024-09-12,weekly_differenced,weekly_differenced_arima_p2_d0_q1,residual_acf,38,0.0148608608873292,0.05,False
Germany,2024-09-12,weekly_differenced,weekly_differenced_arima_p2_d0_q1,residual_acf,39,-0.0038020451584889,0.05,False
Germany,2024-09-12,weekly_differenced,weekly_differenced_arima_p2_d0_q1,residual_acf,4,-0.0112795797056522,0.05,False
Germany,2024-09-12,weekly_differenced,weekly_differenced_arima_p2_d0_q1,residual_acf,40,0.0056271502287452,0.05,False
Germany,2024-09-12,weekly_differenced,weekly_differenced_arima_p2_d0_q1,residual_acf,41,0.0250072489916424,0.05,False
Germany,2024-09-12,weekly_differenced,weekly_differenced_arima_p2_d0_q1,residual_acf,42,0.0167902603565845,0.05,False
Germany,2024-09-12,weekly_differenced,weekly_differenced_arima_p2_d0_q1,residual_acf,43,-0.000255831324443,0.05,False
Germany,2024-09-12,weekly_differenced,weekly_differenced_arima_p2_d0_q1,residual_acf,44,-0.0022350359965937,0.05,False
Germany,2024-09-12,weekly_differenced,weekly_differenced_arima_p2_d0_q1,residual_acf,45,-0.0102679917995094,0.05,False
Germany,2024-09-12,weekly_differenced,weekly_differenced_arima_p2_d0_q1,residual_acf,46,-0.0037243399775594,0.05,False
Germany,2024-09-12,weekly_differenced,weekly_differenced_arima_p2_d0_q1,residual_acf,47,0.0318241107638642,0.05,False
Germany,2024-09-12,weekly_differenced,weekly_differenced_arima_p2_d0_q1,residual_acf,48,0.066189702598172,0.05,True
Germany,2024-09-12,weekly_differenced,weekly_differenced_arima_p2_d0_q1,residual_acf,5,-0.0001942413668782,0.05,False
Germany,2024-09-12,weekly_differenced,weekly_differenced_arima_p2_d0_q1,residual_acf,6,-0.0025264794250115,0.05,False
Germany,2024-09-12,weekly_differenced,weekly_differenced_arima_p2_d0_q1,residual_acf,7,-0.0112146671124596,0.05,False
Germany,2024-09-12,weekly_differenced,weekly_differenced_arima_p2_d0_q1,residual_acf,8,-0.0060269193332381,0.05,False
Germany,2024-09-12,weekly_differenced,weekly_differenced_arima_p2_d0_q1,residual_acf,9,0.0094181911319493,0.05,False
Germany,2024-09-12,weekly_differenced,weekly_differenced_arima_p2_d0_q2,ljung_box_pvalue,24,8.420710668833284e-12,0.01,True
Germany,2024-09-12,weekly_differenced,weekly_differenced_arima_p2_d0_q2,ljung_box_pvalue,48,2.5576858005666543e-14,0.01,True
Germany,2024-09-12,weekly_differenced,weekly_differenced_arima_p2_d0_q2,ljung_box_statistic,24,95.36648385989947,0.01,True
Germany,2024-09-12,weekly_differenced,weekly_differenced_arima_p2_d0_q2,ljung_box_statistic,48,155.22501875063872,0.01,True
Germany,2024-09-12,weekly_differenced,weekly_differenced_arima_p2_d0_q2,residual_acf,1,-0.00187445203143,0.05,False
Germany,2024-09-12,weekly_differenced,weekly_differenced_arima_p2_d0_q2,residual_acf,10,0.0004753309006215,0.05,False
Germany,2024-09-12,weekly_differenced,weekly_differenced_arima_p2_d0_q2,residual_acf,11,-0.0013127544493315,0.05,False
Germany,2024-09-12,weekly_differenced,weekly_differenced_arima_p2_d0_q2,residual_acf,12,0.0453649465927687,0.05,False
Germany,2024-09-12,weekly_differenced,weekly_differenced_arima_p2_d0_q2,residual_acf,13,0.0067285234454696,0.05,False
Germany,2024-09-12,weekly_differenced,weekly_differenced_arima_p2_d0_q2,residual_acf,14,-0.0118754014952013,0.05,False
Germany,2024-09-12,weekly_differenced,weekly_differenced_arima_p2_d0_q2,residual_acf,15,-0.0350453859935587,0.05,False
Germany,2024-09-12,weekly_differenced,weekly_differenced_arima_p2_d0_q2,residual_acf,16,-0.0430511957895544,0.05,False
Germany,2024-09-12,weekly_differenced,weekly_differenced_arima_p2_d0_q2,residual_acf,17,-0.0157550013292775,0.05,False
Germany,2024-09-12,weekly_differenced,weekly_differenced_arima_p2_d0_q2,residual_acf,18,-0.0311840166640131,0.05,False
Germany,2024-09-12,weekly_differenced,weekly_differenced_arima_p2_d0_q2,residual_acf,19,0.0254190574258937,0.05,False
Germany,2024-09-12,weekly_differenced,weekly_differenced_arima_p2_d0_q2,residual_acf,2,0.0025041313886495,0.05,False
Germany,2024-09-12,weekly_differenced,weekly_differenced_arima_p2_d0_q2,residual_acf,20,-4.805098179505399e-05,0.05,False
Germany,2024-09-12,weekly_differenced,weekly_differenced_arima_p2_d0_q2,residual_acf,21,0.009057282533396,0.05,False
Germany,2024-09-12,weekly_differenced,weekly_differenced_arima_p2_d0_q2,residual_acf,22,-0.0164637303567927,0.05,False
Germany,2024-09-12,weekly_differenced,weekly_differenced_arima_p2_d0_q2,residual_acf,23,0.0383141565882315,0.05,False
Germany,2024-09-12,weekly_differenced,weekly_differenced_arima_p2_d0_q2,residual_acf,24,0.0777261467223293,0.05,True
Germany,2024-09-12,weekly_differenced,weekly_differenced_arima_p2_d0_q2,residual_acf,25,0.0189412263695765,0.05,False
Germany,2024-09-12,weekly_differenced,weekly_differenced_arima_p2_d0_q2,residual_acf,26,-0.0014474785467742,0.05,False
Germany,2024-09-12,weekly_differenced,weekly_differenced_arima_p2_d0_q2,residual_acf,27,-0.0306871300857707,0.05,False
Germany,2024-09-12,weekly_differenced,weekly_differenced_arima_p2_d0_q2,residual_acf,28,-0.0101674350099689,0.05,False
Germany,2024-09-12,weekly_differenced,weekly_differenced_arima_p2_d0_q2,residual_acf,29,-0.0132233410035963,0.05,False
Germany,2024-09-12,weekly_differenced,weekly_differenced_arima_p2_d0_q2,residual_acf,3,0.0007941239270697,0.05,False
Germany,2024-09-12,weekly_differenced,weekly_differenced_arima_p2_d0_q2,residual_acf,30,0.0029047690256656,0.05,False
Germany,2024-09-12,weekly_differenced,weekly_differenced_arima_p2_d0_q2,residual_acf,31,-0.0237220653780142,0.05,False
Germany,2024-09-12,weekly_differenced,weekly_differenced_arima_p2_d0_q2,residual_acf,32,0.0087616429967042,0.05,False
Germany,2024-09-12,weekly_differenced,weekly_differenced_arima_p2_d0_q2,residual_acf,33,-0.0212660680426462,0.05,False
Germany,2024-09-12,weekly_differenced,weekly_differenced_arima_p2_d0_q2,residual_acf,34,-0.0126121067139068,0.05,False
Germany,2024-09-12,weekly_differenced,weekly_differenced_arima_p2_d0_q2,residual_acf,35,0.0086323460692928,0.05,False
Germany,2024-09-12,weekly_differenced,weekly_differenced_arima_p2_d0_q2,residual_acf,36,0.004858663475507,0.05,False
Germany,2024-09-12,weekly_differenced,weekly_differenced_arima_p2_d0_q2,residual_acf,37,-0.0136586774132971,0.05,False
Germany,2024-09-12,weekly_differenced,weekly_differenced_arima_p2_d0_q2,residual_acf,38,0.0150039989601081,0.05,False
Germany,2024-09-12,weekly_differenced,weekly_differenced_arima_p2_d0_q2,residual_acf,39,-0.0038917867616699,0.05,False
Germany,2024-09-12,weekly_differenced,weekly_differenced_arima_p2_d0_q2,residual_acf,4,-0.0111418570651164,0.05,False
Germany,2024-09-12,weekly_differenced,weekly_differenced_arima_p2_d0_q2,residual_acf,40,0.0049654418180009,0.05,False
Germany,2024-09-12,weekly_differenced,weekly_differenced_arima_p2_d0_q2,residual_acf,41,0.0248966352157728,0.05,False
Germany,2024-09-12,weekly_differenced,weekly_differenced_arima_p2_d0_q2,residual_acf,42,0.0162391560932813,0.05,False
Germany,2024-09-12,weekly_differenced,weekly_differenced_arima_p2_d0_q2,residual_acf,43,-0.0005412926987754,0.05,False
Germany,2024-09-12,weekly_differenced,weekly_differenced_arima_p2_d0_q2,residual_acf,44,-0.0016385751668792,0.05,False
Germany,2024-09-12,weekly_differenced,weekly_differenced_arima_p2_d0_q2,residual_acf,45,-0.0093885300003777,0.05,False
Germany,2024-09-12,weekly_differenced,weekly_differenced_arima_p2_d0_q2,residual_acf,46,-0.0042801544160539,0.05,False
Germany,2024-09-12,weekly_differenced,weekly_differenced_arima_p2_d0_q2,residual_acf,47,0.031657799713036,0.05,False
Germany,2024-09-12,weekly_differenced,weekly_differenced_arima_p2_d0_q2,residual_acf,48,0.0655886413131759,0.05,True
Germany,2024-09-12,weekly_differenced,weekly_differenced_arima_p2_d0_q2,residual_acf,5,-0.0008665573754562,0.05,False
Germany,2024-09-12,weekly_differenced,weekly_differenced_arima_p2_d0_q2,residual_acf,6,-0.0032072188461798,0.05,False
Germany,2024-09-12,weekly_differenced,weekly_differenced_arima_p2_d0_q2,residual_acf,7,-0.0123245216822854,0.05,False
Germany,2024-09-12,weekly_differenced,weekly_differenced_arima_p2_d0_q2,residual_acf,8,-0.0069068744547222,0.05,False
Germany,2024-09-12,weekly_differenced,weekly_differenced_arima_p2_d0_q2,residual_acf,9,0.0092747643422516,0.05,False
Germany,2024-09-12,weekly_differenced,weekly_differenced_arima_p3_d0_q1,ljung_box_pvalue,24,2.2462085440173378e-11,0.01,True
Germany,2024-09-12,weekly_differenced,weekly_differenced_arima_p3_d0_q1,ljung_box_pvalue,48,7.21511446019274e-14,0.01,True
Germany,2024-09-12,weekly_differenced,weekly_differenced_arima_p3_d0_q1,ljung_box_statistic,24,92.95450826473194,0.01,True
Germany,2024-09-12,weekly_differenced,weekly_differenced_arima_p3_d0_q1,ljung_box_statistic,48,152.38988048988034,0.01,True
Germany,2024-09-12,weekly_differenced,weekly_differenced_arima_p3_d0_q1,residual_acf,1,-0.001474856308201,0.05,False
Germany,2024-09-12,weekly_differenced,weekly_differenced_arima_p3_d0_q1,residual_acf,10,-0.0018548903729429,0.05,False
Germany,2024-09-12,weekly_differenced,weekly_differenced_arima_p3_d0_q1,residual_acf,11,-0.0040083859856839,0.05,False
Germany,2024-09-12,weekly_differenced,weekly_differenced_arima_p3_d0_q1,residual_acf,12,0.0428106926430276,0.05,False
Germany,2024-09-12,weekly_differenced,weekly_differenced_arima_p3_d0_q1,residual_acf,13,0.0047741345275548,0.05,False
Germany,2024-09-12,weekly_differenced,weekly_differenced_arima_p3_d0_q1,residual_acf,14,-0.0137215595014693,0.05,False
Germany,2024-09-12,weekly_differenced,weekly_differenced_arima_p3_d0_q1,residual_acf,15,-0.0363744379795801,0.05,False
Germany,2024-09-12,weekly_differenced,weekly_differenced_arima_p3_d0_q1,residual_acf,16,-0.0439474122969175,0.05,False
Germany,2024-09-12,weekly_differenced,weekly_differenced_arima_p3_d0_q1,residual_acf,17,-0.016592196843816,0.05,False
Germany,2024-09-12,weekly_differenced,weekly_differenced_arima_p3_d0_q1,residual_acf,18,-0.0320047464277849,0.05,False
Germany,2024-09-12,weekly_differenced,weekly_differenced_arima_p3_d0_q1,residual_acf,19,0.0247532614415657,0.05,False
Germany,2024-09-12,weekly_differenced,weekly_differenced_arima_p3_d0_q1,residual_acf,2,0.0004989429804297,0.05,False
Germany,2024-09-12,weekly_differenced,weekly_differenced_arima_p3_d0_q1,residual_acf,20,-0.0010357511733205,0.05,False
Germany,2024-09-12,weekly_differenced,weekly_differenced_arima_p3_d0_q1,residual_acf,21,0.0070993409354797,0.05,False
Germany,2024-09-12,weekly_differenced,weekly_differenced_arima_p3_d0_q1,residual_acf,22,-0.0187886731521396,0.05,False
Germany,2024-09-12,weekly_differenced,weekly_differenced_arima_p3_d0_q1,residual_acf,23,0.0365586797193434,0.05,False
Germany,2024-09-12,weekly_differenced,weekly_differenced_arima_p3_d0_q1,residual_acf,24,0.0764351690412058,0.05,True
Germany,2024-09-12,weekly_differenced,weekly_differenced_arima_p3_d0_q1,residual_acf,25,0.0177837031598196,0.05,False
Germany,2024-09-12,weekly_differenced,weekly_differenced_arima_p3_d0_q1,residual_acf,26,-0.002893080687815,0.05,False
Germany,2024-09-12,weekly_differenced,weekly_differenced_arima_p3_d0_q1,residual_acf,27,-0.0316887381700294,0.05,False
Germany,2024-09-12,weekly_differenced,weekly_differenced_arima_p3_d0_q1,residual_acf,28,-0.0101590026507809,0.05,False
Germany,2024-09-12,weekly_differenced,weekly_differenced_arima_p3_d0_q1,residual_acf,29,-0.0135457835660064,0.05,False
Germany,2024-09-12,weekly_differenced,weekly_differenced_arima_p3_d0_q1,residual_acf,3,0.0003026103979901,0.05,False
Germany,2024-09-12,weekly_differenced,weekly_differenced_arima_p3_d0_q1,residual_acf,30,0.0022671406596425,0.05,False
Germany,2024-09-12,weekly_differenced,weekly_differenced_arima_p3_d0_q1,residual_acf,31,-0.0247099493780105,0.05,False
Germany,2024-09-12,weekly_differenced,weekly_differenced_arima_p3_d0_q1,residual_acf,32,0.0074932194619734,0.05,False
Germany,2024-09-12,weekly_differenced,weekly_differenced_arima_p3_d0_q1,residual_acf,33,-0.0226474020463012,0.05,False
Germany,2024-09-12,weekly_differenced,weekly_differenced_arima_p3_d0_q1,residual_acf,34,-0.0135762815502409,0.05,False
Germany,2024-09-12,weekly_differenced,weekly_differenced_arima_p3_d0_q1,residual_acf,35,0.0075310257264541,0.05,False
Germany,2024-09-12,weekly_differenced,weekly_differenced_arima_p3_d0_q1,residual_acf,36,0.0041709636730075,0.05,False
Germany,2024-09-12,weekly_differenced,weekly_differenced_arima_p3_d0_q1,residual_acf,37,-0.0143770185664904,0.05,False
Germany,2024-09-12,weekly_differenced,weekly_differenced_arima_p3_d0_q1,residual_acf,38,0.0140082843058555,0.05,False
Germany,2024-09-12,weekly_differenced,weekly_differenced_arima_p3_d0_q1,residual_acf,39,-0.0047934071236189,0.05,False
Germany,2024-09-12,weekly_differenced,weekly_differenced_arima_p3_d0_q1,residual_acf,4,0.0003419778089672,0.05,False
Germany,2024-09-12,weekly_differenced,weekly_differenced_arima_p3_d0_q1,residual_acf,40,0.0042249648296053,0.05,False
Germany,2024-09-12,weekly_differenced,weekly_differenced_arima_p3_d0_q1,residual_acf,41,0.0242106230100424,0.05,False
Germany,2024-09-12,weekly_differenced,weekly_differenced_arima_p3_d0_q1,residual_acf,42,0.0161574834198629,0.05,False
Germany,2024-09-12,weekly_differenced,weekly_differenced_arima_p3_d0_q1,residual_acf,43,-0.0002854151788458,0.05,False
Germany,2024-09-12,weekly_differenced,weekly_differenced_arima_p3_d0_q1,residual_acf,44,-0.0014137868273219,0.05,False
Germany,2024-09-12,weekly_differenced,weekly_differenced_arima_p3_d0_q1,residual_acf,45,-0.0097638310766278,0.05,False
Germany,2024-09-12,weekly_differenced,weekly_differenced_arima_p3_d0_q1,residual_acf,46,-0.0047225624116235,0.05,False
Germany,2024-09-12,weekly_differenced,weekly_differenced_arima_p3_d0_q1,residual_acf,47,0.0309606829405992,0.05,False
Germany,2024-09-12,weekly_differenced,weekly_differenced_arima_p3_d0_q1,residual_acf,48,0.0647352505117452,0.05,True
Germany,2024-09-12,weekly_differenced,weekly_differenced_arima_p3_d0_q1,residual_acf,5,0.0064424630071529,0.05,False
Germany,2024-09-12,weekly_differenced,weekly_differenced_arima_p3_d0_q1,residual_acf,6,7.006673285198463e-05,0.05,False
Germany,2024-09-12,weekly_differenced,weekly_differenced_arima_p3_d0_q1,residual_acf,7,-0.0113128113356885,0.05,False
Germany,2024-09-12,weekly_differenced,weekly_differenced_arima_p3_d0_q1,residual_acf,8,-0.0071684692627965,0.05,False
Germany,2024-09-12,weekly_differenced,weekly_differenced_arima_p3_d0_q1,residual_acf,9,0.0076983499493228,0.05,False
Germany,2024-10-03,weekly_differenced,weekly_differenced_arima_p1_d0_q1,ljung_box_pvalue,24,6.792841811743307e-31,0.01,True
Germany,2024-10-03,weekly_differenced,weekly_differenced_arima_p1_d0_q1,ljung_box_pvalue,48,1.6093349088034716e-34,0.01,True
Germany,2024-10-03,weekly_differenced,weekly_differenced_arima_p1_d0_q1,ljung_box_statistic,24,201.1442973512885,0.01,True
Germany,2024-10-03,weekly_differenced,weekly_differenced_arima_p1_d0_q1,ljung_box_statistic,48,275.7922100216011,0.01,True
Germany,2024-10-03,weekly_differenced,weekly_differenced_arima_p1_d0_q1,residual_acf,1,0.0329372131295673,0.05,False
Germany,2024-10-03,weekly_differenced,weekly_differenced_arima_p1_d0_q1,residual_acf,10,-0.0011675284352314,0.05,False
Germany,2024-10-03,weekly_differenced,weekly_differenced_arima_p1_d0_q1,residual_acf,11,0.0040457804817013,0.05,False
Germany,2024-10-03,weekly_differenced,weekly_differenced_arima_p1_d0_q1,residual_acf,12,0.0346052622590124,0.05,False
Germany,2024-10-03,weekly_differenced,weekly_differenced_arima_p1_d0_q1,residual_acf,13,0.0051490532708515,0.05,False
Germany,2024-10-03,weekly_differenced,weekly_differenced_arima_p1_d0_q1,residual_acf,14,-0.0187469779863599,0.05,False
Germany,2024-10-03,weekly_differenced,weekly_differenced_arima_p1_d0_q1,residual_acf,15,-0.0391196087898904,0.05,False
Germany,2024-10-03,weekly_differenced,weekly_differenced_arima_p1_d0_q1,residual_acf,16,-0.0578757890521956,0.05,True
Germany,2024-10-03,weekly_differenced,weekly_differenced_arima_p1_d0_q1,residual_acf,17,-0.0254457224400654,0.05,False
Germany,2024-10-03,weekly_differenced,weekly_differenced_arima_p1_d0_q1,residual_acf,18,-0.0437123771489999,0.05,False
Germany,2024-10-03,weekly_differenced,weekly_differenced_arima_p1_d0_q1,residual_acf,19,0.0169899434932233,0.05,False
Germany,2024-10-03,weekly_differenced,weekly_differenced_arima_p1_d0_q1,residual_acf,2,0.0952027201686203,0.05,True
Germany,2024-10-03,weekly_differenced,weekly_differenced_arima_p1_d0_q1,residual_acf,20,-0.0092042703204729,0.05,False
Germany,2024-10-03,weekly_differenced,weekly_differenced_arima_p1_d0_q1,residual_acf,21,0.0145814865270938,0.05,False
Germany,2024-10-03,weekly_differenced,weekly_differenced_arima_p1_d0_q1,residual_acf,22,-0.0090978971358031,0.05,False
Germany,2024-10-03,weekly_differenced,weekly_differenced_arima_p1_d0_q1,residual_acf,23,0.042041225671007,0.05,False
Germany,2024-10-03,weekly_differenced,weekly_differenced_arima_p1_d0_q1,residual_acf,24,0.0807527805470894,0.05,True
Germany,2024-10-03,weekly_differenced,weekly_differenced_arima_p1_d0_q1,residual_acf,25,0.0180525704307508,0.05,False
Germany,2024-10-03,weekly_differenced,weekly_differenced_arima_p1_d0_q1,residual_acf,26,0.0025148555462552,0.05,False
Germany,2024-10-03,weekly_differenced,weekly_differenced_arima_p1_d0_q1,residual_acf,27,-0.0340394294609204,0.05,False
Germany,2024-10-03,weekly_differenced,weekly_differenced_arima_p1_d0_q1,residual_acf,28,-0.0119364007309919,0.05,False
Germany,2024-10-03,weekly_differenced,weekly_differenced_arima_p1_d0_q1,residual_acf,29,-0.0256432072490539,0.05,False
Germany,2024-10-03,weekly_differenced,weekly_differenced_arima_p1_d0_q1,residual_acf,3,-0.0232832794964879,0.05,False
Germany,2024-10-03,weekly_differenced,weekly_differenced_arima_p1_d0_q1,residual_acf,30,-0.0054946656191818,0.05,False
Germany,2024-10-03,weekly_differenced,weekly_differenced_arima_p1_d0_q1,residual_acf,31,-0.0338698747616503,0.05,False
Germany,2024-10-03,weekly_differenced,weekly_differenced_arima_p1_d0_q1,residual_acf,32,0.001399875055244,0.05,False
Germany,2024-10-03,weekly_differenced,weekly_differenced_arima_p1_d0_q1,residual_acf,33,-0.0278897311536964,0.05,False
Germany,2024-10-03,weekly_differenced,weekly_differenced_arima_p1_d0_q1,residual_acf,34,-0.0135004410877882,0.05,False
Germany,2024-10-03,weekly_differenced,weekly_differenced_arima_p1_d0_q1,residual_acf,35,0.0041270818578757,0.05,False
Germany,2024-10-03,weekly_differenced,weekly_differenced_arima_p1_d0_q1,residual_acf,36,0.0061885260308732,0.05,False
Germany,2024-10-03,weekly_differenced,weekly_differenced_arima_p1_d0_q1,residual_acf,37,-0.009576706316997,0.05,False
Germany,2024-10-03,weekly_differenced,weekly_differenced_arima_p1_d0_q1,residual_acf,38,0.0141141127118696,0.05,False
Germany,2024-10-03,weekly_differenced,weekly_differenced_arima_p1_d0_q1,residual_acf,39,-0.0032404011066447,0.05,False
Germany,2024-10-03,weekly_differenced,weekly_differenced_arima_p1_d0_q1,residual_acf,4,-0.0114991186236379,0.05,False
Germany,2024-10-03,weekly_differenced,weekly_differenced_arima_p1_d0_q1,residual_acf,40,0.004500024873197,0.05,False
Germany,2024-10-03,weekly_differenced,weekly_differenced_arima_p1_d0_q1,residual_acf,41,0.0212492426529033,0.05,False
Germany,2024-10-03,weekly_differenced,weekly_differenced_arima_p1_d0_q1,residual_acf,42,0.0102254638390287,0.05,False
Germany,2024-10-03,weekly_differenced,weekly_differenced_arima_p1_d0_q1,residual_acf,43,-0.0014904362379565,0.05,False
Germany,2024-10-03,weekly_differenced,weekly_differenced_arima_p1_d0_q1,residual_acf,44,-0.0058111915230033,0.05,False
Germany,2024-10-03,weekly_differenced,weekly_differenced_arima_p1_d0_q1,residual_acf,45,-0.0096659354933506,0.05,False
Germany,2024-10-03,weekly_differenced,weekly_differenced_arima_p1_d0_q1,residual_acf,46,-0.0054509174605211,0.05,False
Germany,2024-10-03,weekly_differenced,weekly_differenced_arima_p1_d0_q1,residual_acf,47,0.031112240436392,0.05,False
Germany,2024-10-03,weekly_differenced,weekly_differenced_arima_p1_d0_q1,residual_acf,48,0.0684155707971373,0.05,True
Germany,2024-10-03,weekly_differenced,weekly_differenced_arima_p1_d0_q1,residual_acf,5,-0.0169531445855575,0.05,False
Germany,2024-10-03,weekly_differenced,weekly_differenced_arima_p1_d0_q1,residual_acf,6,-0.0195554127189329,0.05,False
Germany,2024-10-03,weekly_differenced,weekly_differenced_arima_p1_d0_q1,residual_acf,7,-0.0230566312473507,0.05,False
Germany,2024-10-03,weekly_differenced,weekly_differenced_arima_p1_d0_q1,residual_acf,8,-0.0145089712765102,0.05,False
Germany,2024-10-03,weekly_differenced,weekly_differenced_arima_p1_d0_q1,residual_acf,9,-0.0015773292106008,0.05,False
Germany,2024-10-03,weekly_differenced,weekly_differenced_arima_p2_d0_q0,ljung_box_pvalue,24,3.1371850106430338e-15,0.01,True
Germany,2024-10-03,weekly_differenced,weekly_differenced_arima_p2_d0_q0,ljung_box_pvalue,48,3.74398605841595e-19,0.01,True
Germany,2024-10-03,weekly_differenced,weekly_differenced_arima_p2_d0_q0,ljung_box_statistic,24,118.59495718148086,0.01,True
Germany,2024-10-03,weekly_differenced,weekly_differenced_arima_p2_d0_q0,ljung_box_statistic,48,188.449220844178,0.01,True
Germany,2024-10-03,weekly_differenced,weekly_differenced_arima_p2_d0_q0,residual_acf,1,0.0112604131445602,0.05,False
Germany,2024-10-03,weekly_differenced,weekly_differenced_arima_p2_d0_q0,residual_acf,10,0.0031252771206221,0.05,False
Germany,2024-10-03,weekly_differenced,weekly_differenced_arima_p2_d0_q0,residual_acf,11,0.0097352845519986,0.05,False
Germany,2024-10-03,weekly_differenced,weekly_differenced_arima_p2_d0_q0,residual_acf,12,0.0441180527614041,0.05,False
Germany,2024-10-03,weekly_differenced,weekly_differenced_arima_p2_d0_q0,residual_acf,13,0.015820933153234,0.05,False
Germany,2024-10-03,weekly_differenced,weekly_differenced_arima_p2_d0_q0,residual_acf,14,-0.009084210926321,0.05,False
Germany,2024-10-03,weekly_differenced,weekly_differenced_arima_p2_d0_q0,residual_acf,15,-0.0290790194444228,0.05,False
Germany,2024-10-03,weekly_differenced,weekly_differenced_arima_p2_d0_q0,residual_acf,16,-0.0431360301960965,0.05,False
Germany,2024-10-03,weekly_differenced,weekly_differenced_arima_p2_d0_q0,residual_acf,17,-0.0145787047930771,0.05,False
Germany,2024-10-03,weekly_differenced,weekly_differenced_arima_p2_d0_q0,residual_acf,18,-0.0299543885082287,0.05,False
Germany,2024-10-03,weekly_differenced,weekly_differenced_arima_p2_d0_q0,residual_acf,19,0.0257689688851568,0.05,False
Germany,2024-10-03,weekly_differenced,weekly_differenced_arima_p2_d0_q0,residual_acf,2,-0.0235950691760379,0.05,False
Germany,2024-10-03,weekly_differenced,weekly_differenced_arima_p2_d0_q0,residual_acf,20,0.0016921541811678,0.05,False
Germany,2024-10-03,weekly_differenced,weekly_differenced_arima_p2_d0_q0,residual_acf,21,0.0127863608170771,0.05,False
Germany,2024-10-03,weekly_differenced,weekly_differenced_arima_p2_d0_q0,residual_acf,22,-0.0152758738883518,0.05,False
Germany,2024-10-03,weekly_differenced,weekly_differenced_arima_p2_d0_q0,residual_acf,23,0.0413592126539369,0.05,False
Germany,2024-10-03,weekly_differenced,weekly_differenced_arima_p2_d0_q0,residual_acf,24,0.0858520099578735,0.05,True
Germany,2024-10-03,weekly_differenced,weekly_differenced_arima_p2_d0_q0,residual_acf,25,0.0194039942422507,0.05,False
Germany,2024-10-03,weekly_differenced,weekly_differenced_arima_p2_d0_q0,residual_acf,26,-0.0015159224594943,0.05,False
Germany,2024-10-03,weekly_differenced,weekly_differenced_arima_p2_d0_q0,residual_acf,27,-0.0289397662608889,0.05,False
Germany,2024-10-03,weekly_differenced,weekly_differenced_arima_p2_d0_q0,residual_acf,28,-0.0057994191836409,0.05,False
Germany,2024-10-03,weekly_differenced,weekly_differenced_arima_p2_d0_q0,residual_acf,29,-0.0125511981041798,0.05,False
Germany,2024-10-03,weekly_differenced,weekly_differenced_arima_p2_d0_q0,residual_acf,3,-0.018881622687137,0.05,False
Germany,2024-10-03,weekly_differenced,weekly_differenced_arima_p2_d0_q0,residual_acf,30,0.0016140944150381,0.05,False
Germany,2024-10-03,weekly_differenced,weekly_differenced_arima_p2_d0_q0,residual_acf,31,-0.0233227895852897,0.05,False
Germany,2024-10-03,weekly_differenced,weekly_differenced_arima_p2_d0_q0,residual_acf,32,0.0093875977475548,0.05,False
Germany,2024-10-03,weekly_differenced,weekly_differenced_arima_p2_d0_q0,residual_acf,33,-0.0206052263114532,0.05,False
Germany,2024-10-03,weekly_differenced,weekly_differenced_arima_p2_d0_q0,residual_acf,34,-0.0105954467528299,0.05,False
Germany,2024-10-03,weekly_differenced,weekly_differenced_arima_p2_d0_q0,residual_acf,35,0.0130211136673253,0.05,False
Germany,2024-10-03,weekly_differenced,weekly_differenced_arima_p2_d0_q0,residual_acf,36,0.0098911358119793,0.05,False
Germany,2024-10-03,weekly_differenced,weekly_differenced_arima_p2_d0_q0,residual_acf,37,-0.0070418659518815,0.05,False
Germany,2024-10-03,weekly_differenced,weekly_differenced_arima_p2_d0_q0,residual_acf,38,0.0169139457731534,0.05,False
Germany,2024-10-03,weekly_differenced,weekly_differenced_arima_p2_d0_q0,residual_acf,39,-0.0021346792680501,0.05,False
Germany,2024-10-03,weekly_differenced,weekly_differenced_arima_p2_d0_q0,residual_acf,4,-0.0115512188778174,0.05,False
Germany,2024-10-03,weekly_differenced,weekly_differenced_arima_p2_d0_q0,residual_acf,40,0.0042097962828453,0.05,False
Germany,2024-10-03,weekly_differenced,weekly_differenced_arima_p2_d0_q0,residual_acf,41,0.0253830573356283,0.05,False
Germany,2024-10-03,weekly_differenced,weekly_differenced_arima_p2_d0_q0,residual_acf,42,0.0132417786840851,0.05,False
Germany,2024-10-03,weekly_differenced,weekly_differenced_arima_p2_d0_q0,residual_acf,43,0.0003068969243719,0.05,False
Germany,2024-10-03,weekly_differenced,weekly_differenced_arima_p2_d0_q0,residual_acf,44,-0.0029102984303056,0.05,False
Germany,2024-10-03,weekly_differenced,weekly_differenced_arima_p2_d0_q0,residual_acf,45,-0.0101174496583049,0.05,False
Germany,2024-10-03,weekly_differenced,weekly_differenced_arima_p2_d0_q0,residual_acf,46,-0.0113983815423772,0.05,False
Germany,2024-10-03,weekly_differenced,weekly_differenced_arima_p2_d0_q0,residual_acf,47,0.0339658494134311,0.05,False
Germany,2024-10-03,weekly_differenced,weekly_differenced_arima_p2_d0_q0,residual_acf,48,0.0709367598008668,0.05,True
Germany,2024-10-03,weekly_differenced,weekly_differenced_arima_p2_d0_q0,residual_acf,5,-0.0019263748903505,0.05,False
Germany,2024-10-03,weekly_differenced,weekly_differenced_arima_p2_d0_q0,residual_acf,6,-0.0070517360562192,0.05,False
Germany,2024-10-03,weekly_differenced,weekly_differenced_arima_p2_d0_q0,residual_acf,7,-0.0121874328577748,0.05,False
Germany,2024-10-03,weekly_differenced,weekly_differenced_arima_p2_d0_q0,residual_acf,8,-0.0036955513856344,0.05,False
Germany,2024-10-03,weekly_differenced,weekly_differenced_arima_p2_d0_q0,residual_acf,9,0.0084283555814179,0.05,False
Germany,2024-10-03,weekly_differenced,weekly_differenced_arima_p2_d0_q1,ljung_box_pvalue,24,2.9732413216799415e-14,0.01,True
Germany,2024-10-03,weekly_differenced,weekly_differenced_arima_p2_d0_q1,ljung_box_pvalue,48,6.0147801529590675e-18,0.01,True
Germany,2024-10-03,weekly_differenced,weekly_differenced_arima_p2_d0_q1,ljung_box_statistic,24,111.10818735066746,0.01,True
Germany,2024-10-03,weekly_differenced,weekly_differenced_arima_p2_d0_q1,ljung_box_statistic,48,179.33723803468214,0.01,True
Germany,2024-10-03,weekly_differenced,weekly_differenced_arima_p2_d0_q1,residual_acf,1,-0.0014915460711562,0.05,False
Germany,2024-10-03,weekly_differenced,weekly_differenced_arima_p2_d0_q1,residual_acf,10,0.0022528094983596,0.05,False
Germany,2024-10-03,weekly_differenced,weekly_differenced_arima_p2_d0_q1,residual_acf,11,0.0078362383400542,0.05,False
Germany,2024-10-03,weekly_differenced,weekly_differenced_arima_p2_d0_q1,residual_acf,12,0.0416748945242229,0.05,False
Germany,2024-10-03,weekly_differenced,weekly_differenced_arima_p2_d0_q1,residual_acf,13,0.0127498629588735,0.05,False
Germany,2024-10-03,weekly_differenced,weekly_differenced_arima_p2_d0_q1,residual_acf,14,-0.0107212255260092,0.05,False
Germany,2024-10-03,weekly_differenced,weekly_differenced_arima_p2_d0_q1,residual_acf,15,-0.0300188883662186,0.05,False
Germany,2024-10-03,weekly_differenced,weekly_differenced_arima_p2_d0_q1,residual_acf,16,-0.0451604694743349,0.05,False
Germany,2024-10-03,weekly_differenced,weekly_differenced_arima_p2_d0_q1,residual_acf,17,-0.0154806479553587,0.05,False
Germany,2024-10-03,weekly_differenced,weekly_differenced_arima_p2_d0_q1,residual_acf,18,-0.0331575466774705,0.05,False
Germany,2024-10-03,weekly_differenced,weekly_differenced_arima_p2_d0_q1,residual_acf,19,0.0242712114979833,0.05,False
Germany,2024-10-03,weekly_differenced,weekly_differenced_arima_p2_d0_q1,residual_acf,2,0.0055611338943483,0.05,False
Germany,2024-10-03,weekly_differenced,weekly_differenced_arima_p2_d0_q1,residual_acf,20,-0.0011087138378892,0.05,False
Germany,2024-10-03,weekly_differenced,weekly_differenced_arima_p2_d0_q1,residual_acf,21,0.0141435241345061,0.05,False
Germany,2024-10-03,weekly_differenced,weekly_differenced_arima_p2_d0_q1,residual_acf,22,-0.0142052096690023,0.05,False
Germany,2024-10-03,weekly_differenced,weekly_differenced_arima_p2_d0_q1,residual_acf,23,0.0404894699793116,0.05,False
Germany,2024-10-03,weekly_differenced,weekly_differenced_arima_p2_d0_q1,residual_acf,24,0.0837208975045939,0.05,True
Germany,2024-10-03,weekly_differenced,weekly_differenced_arima_p2_d0_q1,residual_acf,25,0.0176247118351937,0.05,False
Germany,2024-10-03,weekly_differenced,weekly_differenced_arima_p2_d0_q1,residual_acf,26,8.056881064674044e-05,0.05,False
Germany,2024-10-03,weekly_differenced,weekly_differenced_arima_p2_d0_q1,residual_acf,27,-0.0291743884521315,0.05,False
Germany,2024-10-03,weekly_differenced,weekly_differenced_arima_p2_d0_q1,residual_acf,28,-0.0062687619978105,0.05,False
Germany,2024-10-03,weekly_differenced,weekly_differenced_arima_p2_d0_q1,residual_acf,29,-0.0151751621898074,0.05,False
Germany,2024-10-03,weekly_differenced,weekly_differenced_arima_p2_d0_q1,residual_acf,3,-0.0120637510449985,0.05,False
Germany,2024-10-03,weekly_differenced,weekly_differenced_arima_p2_d0_q1,residual_acf,30,0.000595385651006,0.05,False
Germany,2024-10-03,weekly_differenced,weekly_differenced_arima_p2_d0_q1,residual_acf,31,-0.0258342357953382,0.05,False
Germany,2024-10-03,weekly_differenced,weekly_differenced_arima_p2_d0_q1,residual_acf,32,0.0085061301132914,0.05,False
Germany,2024-10-03,weekly_differenced,weekly_differenced_arima_p2_d0_q1,residual_acf,33,-0.021948793800373,0.05,False
Germany,2024-10-03,weekly_differenced,weekly_differenced_arima_p2_d0_q1,residual_acf,34,-0.0111149220428801,0.05,False
Germany,2024-10-03,weekly_differenced,weekly_differenced_arima_p2_d0_q1,residual_acf,35,0.0113300386021543,0.05,False
Germany,2024-10-03,weekly_differenced,weekly_differenced_arima_p2_d0_q1,residual_acf,36,0.0089672586734927,0.05,False
Germany,2024-10-03,weekly_differenced,weekly_differenced_arima_p2_d0_q1,residual_acf,37,-0.0079550631352422,0.05,False
Germany,2024-10-03,weekly_differenced,weekly_differenced_arima_p2_d0_q1,residual_acf,38,0.0168686676390408,0.05,False
Germany,2024-10-03,weekly_differenced,weekly_differenced_arima_p2_d0_q1,residual_acf,39,-0.0024398328288557,0.05,False
Germany,2024-10-03,weekly_differenced,weekly_differenced_arima_p2_d0_q1,residual_acf,4,-0.0111597677948201,0.05,False
Germany,2024-10-03,weekly_differenced,weekly_differenced_arima_p2_d0_q1,residual_acf,40,0.0040235890945583,0.05,False
Germany,2024-10-03,weekly_differenced,weekly_differenced_arima_p2_d0_q1,residual_acf,41,0.0244043915457031,0.05,False
Germany,2024-10-03,weekly_differenced,weekly_differenced_arima_p2_d0_q1,residual_acf,42,0.0122157324597162,0.05,False
Germany,2024-10-03,weekly_differenced,weekly_differenced_arima_p2_d0_q1,residual_acf,43,-4.719275067968399e-05,0.05,False
Germany,2024-10-03,weekly_differenced,weekly_differenced_arima_p2_d0_q1,residual_acf,44,-0.0028609113845853,0.05,False
Germany,2024-10-03,weekly_differenced,weekly_differenced_arima_p2_d0_q1,residual_acf,45,-0.0089902648688121,0.05,False
Germany,2024-10-03,weekly_differenced,weekly_differenced_arima_p2_d0_q1,residual_acf,46,-0.0102333811763683,0.05,False
Germany,2024-10-03,weekly_differenced,weekly_differenced_arima_p2_d0_q1,residual_acf,47,0.0324348863552059,0.05,False
Germany,2024-10-03,weekly_differenced,weekly_differenced_arima_p2_d0_q1,residual_acf,48,0.0697265923260887,0.05,True
Germany,2024-10-03,weekly_differenced,weekly_differenced_arima_p2_d0_q1,residual_acf,5,-0.0038354530486864,0.05,False
Germany,2024-10-03,weekly_differenced,weekly_differenced_arima_p2_d0_q1,residual_acf,6,-0.0093043421099876,0.05,False
Germany,2024-10-03,weekly_differenced,weekly_differenced_arima_p2_d0_q1,residual_acf,7,-0.0139604659028383,0.05,False
Germany,2024-10-03,weekly_differenced,weekly_differenced_arima_p2_d0_q1,residual_acf,8,-0.0056959182111048,0.05,False
Germany,2024-10-03,weekly_differenced,weekly_differenced_arima_p2_d0_q1,residual_acf,9,0.0067844158620555,0.05,False
Germany,2024-10-03,weekly_differenced,weekly_differenced_arima_p2_d0_q2,ljung_box_pvalue,24,2.910910470349116e-14,0.01,True
Germany,2024-10-03,weekly_differenced,weekly_differenced_arima_p2_d0_q2,ljung_box_pvalue,48,8.1979653862549e-18,0.01,True
Germany,2024-10-03,weekly_differenced,weekly_differenced_arima_p2_d0_q2,ljung_box_statistic,24,109.06218039398182,0.01,True
Germany,2024-10-03,weekly_differenced,weekly_differenced_arima_p2_d0_q2,ljung_box_statistic,48,176.6657555733858,0.01,True
Germany,2024-10-03,weekly_differenced,weekly_differenced_arima_p2_d0_q2,residual_acf,1,-0.0017835958668334,0.05,False
Germany,2024-10-03,weekly_differenced,weekly_differenced_arima_p2_d0_q2,residual_acf,10,0.0013937047061739,0.05,False
Germany,2024-10-03,weekly_differenced,weekly_differenced_arima_p2_d0_q2,residual_acf,11,0.0068404708196098,0.05,False
Germany,2024-10-03,weekly_differenced,weekly_differenced_arima_p2_d0_q2,residual_acf,12,0.0406631781782288,0.05,False
Germany,2024-10-03,weekly_differenced,weekly_differenced_arima_p2_d0_q2,residual_acf,13,0.0115789275770814,0.05,False
Germany,2024-10-03,weekly_differenced,weekly_differenced_arima_p2_d0_q2,residual_acf,14,-0.0115377705518185,0.05,False
Germany,2024-10-03,weekly_differenced,weekly_differenced_arima_p2_d0_q2,residual_acf,15,-0.0305492991528509,0.05,False
Germany,2024-10-03,weekly_differenced,weekly_differenced_arima_p2_d0_q2,residual_acf,16,-0.0451705161631955,0.05,False
Germany,2024-10-03,weekly_differenced,weekly_differenced_arima_p2_d0_q2,residual_acf,17,-0.0162662596109054,0.05,False
Germany,2024-10-03,weekly_differenced,weekly_differenced_arima_p2_d0_q2,residual_acf,18,-0.0339045533470979,0.05,False
Germany,2024-10-03,weekly_differenced,weekly_differenced_arima_p2_d0_q2,residual_acf,19,0.022985786738551,0.05,False
Germany,2024-10-03,weekly_differenced,weekly_differenced_arima_p2_d0_q2,residual_acf,2,0.0023248542968727,0.05,False
Germany,2024-10-03,weekly_differenced,weekly_differenced_arima_p2_d0_q2,residual_acf,20,-0.001137966448958,0.05,False
Germany,2024-10-03,weekly_differenced,weekly_differenced_arima_p2_d0_q2,residual_acf,21,0.0141520289962861,0.05,False
Germany,2024-10-03,weekly_differenced,weekly_differenced_arima_p2_d0_q2,residual_acf,22,-0.0143645675354616,0.05,False
Germany,2024-10-03,weekly_differenced,weekly_differenced_arima_p2_d0_q2,residual_acf,23,0.0399946724278033,0.05,False
Germany,2024-10-03,weekly_differenced,weekly_differenced_arima_p2_d0_q2,residual_acf,24,0.0832081376630872,0.05,True
Germany,2024-10-03,weekly_differenced,weekly_differenced_arima_p2_d0_q2,residual_acf,25,0.0168873525295797,0.05,False
Germany,2024-10-03,weekly_differenced,weekly_differenced_arima_p2_d0_q2,residual_acf,26,-0.0002506943199949,0.05,False
Germany,2024-10-03,weekly_differenced,weekly_differenced_arima_p2_d0_q2,residual_acf,27,-0.0285011894605827,0.05,False
Germany,2024-10-03,weekly_differenced,weekly_differenced_arima_p2_d0_q2,residual_acf,28,-0.0067582797920429,0.05,False
Germany,2024-10-03,weekly_differenced,weekly_differenced_arima_p2_d0_q2,residual_acf,29,-0.0153697590624845,0.05,False
Germany,2024-10-03,weekly_differenced,weekly_differenced_arima_p2_d0_q2,residual_acf,3,0.0005791755484729,0.05,False
Germany,2024-10-03,weekly_differenced,weekly_differenced_arima_p2_d0_q2,residual_acf,30,-0.0005200307105427,0.05,False
Germany,2024-10-03,weekly_differenced,weekly_differenced_arima_p2_d0_q2,residual_acf,31,-0.0264263681814678,0.05,False
Germany,2024-10-03,weekly_differenced,weekly_differenced_arima_p2_d0_q2,residual_acf,32,0.0080292330265841,0.05,False
Germany,2024-10-03,weekly_differenced,weekly_differenced_arima_p2_d0_q2,residual_acf,33,-0.0222221900275793,0.05,False
Germany,2024-10-03,weekly_differenced,weekly_differenced_arima_p2_d0_q2,residual_acf,34,-0.0119947306938963,0.05,False
Germany,2024-10-03,weekly_differenced,weekly_differenced_arima_p2_d0_q2,residual_acf,35,0.011366097415857,0.05,False
Germany,2024-10-03,weekly_differenced,weekly_differenced_arima_p2_d0_q2,residual_acf,36,0.0082830754422523,0.05,False
Germany,2024-10-03,weekly_differenced,weekly_differenced_arima_p2_d0_q2,residual_acf,37,-0.0084446664821435,0.05,False
Germany,2024-10-03,weekly_differenced,weekly_differenced_arima_p2_d0_q2,residual_acf,38,0.0170028293114788,0.05,False
Germany,2024-10-03,weekly_differenced,weekly_differenced_arima_p2_d0_q2,residual_acf,39,-0.0025552052869929,0.05,False
Germany,2024-10-03,weekly_differenced,weekly_differenced_arima_p2_d0_q2,residual_acf,4,-0.0110864436972206,0.05,False
Germany,2024-10-03,weekly_differenced,weekly_differenced_arima_p2_d0_q2,residual_acf,40,0.0035257700976674,0.05,False
Germany,2024-10-03,weekly_differenced,weekly_differenced_arima_p2_d0_q2,residual_acf,41,0.0243067603022085,0.05,False
Germany,2024-10-03,weekly_differenced,weekly_differenced_arima_p2_d0_q2,residual_acf,42,0.0117609265941726,0.05,False
Germany,2024-10-03,weekly_differenced,weekly_differenced_arima_p2_d0_q2,residual_acf,43,-0.0004179735781602,0.05,False
Germany,2024-10-03,weekly_differenced,weekly_differenced_arima_p2_d0_q2,residual_acf,44,-0.0023408185496618,0.05,False
Germany,2024-10-03,weekly_differenced,weekly_differenced_arima_p2_d0_q2,residual_acf,45,-0.0082679927727723,0.05,False
Germany,2024-10-03,weekly_differenced,weekly_differenced_arima_p2_d0_q2,residual_acf,46,-0.0107128885045857,0.05,False
Germany,2024-10-03,weekly_differenced,weekly_differenced_arima_p2_d0_q2,residual_acf,47,0.0323013114888432,0.05,False
Germany,2024-10-03,weekly_differenced,weekly_differenced_arima_p2_d0_q2,residual_acf,48,0.0692503319180028,0.05,True
Germany,2024-10-03,weekly_differenced,weekly_differenced_arima_p2_d0_q2,residual_acf,5,-0.0044136775856842,0.05,False
Germany,2024-10-03,weekly_differenced,weekly_differenced_arima_p2_d0_q2,residual_acf,6,-0.0099529470037931,0.05,False
Germany,2024-10-03,weekly_differenced,weekly_differenced_arima_p2_d0_q2,residual_acf,7,-0.0148926950998488,0.05,False
Germany,2024-10-03,weekly_differenced,weekly_differenced_arima_p2_d0_q2,residual_acf,8,-0.0063992897803905,0.05,False
Germany,2024-10-03,weekly_differenced,weekly_differenced_arima_p2_d0_q2,residual_acf,9,0.0064705630868439,0.05,False
Germany,2024-10-03,weekly_differenced,weekly_differenced_arima_p3_d0_q1,ljung_box_pvalue,24,3.3981549168791283e-13,0.01,True
Germany,2024-10-03,weekly_differenced,weekly_differenced_arima_p3_d0_q1,ljung_box_pvalue,48,1.0324691669776625e-16,0.01,True
Germany,2024-10-03,weekly_differenced,weekly_differenced_arima_p3_d0_q1,ljung_box_statistic,24,103.16918038060528,0.01,True
Germany,2024-10-03,weekly_differenced,weekly_differenced_arima_p3_d0_q1,ljung_box_statistic,48,170.01003857763178,0.01,True
Germany,2024-10-03,weekly_differenced,weekly_differenced_arima_p3_d0_q1,residual_acf,1,-7.477355720729006e-05,0.05,False
Germany,2024-10-03,weekly_differenced,weekly_differenced_arima_p3_d0_q1,residual_acf,10,-0.0018461269820648,0.05,False
Germany,2024-10-03,weekly_differenced,weekly_differenced_arima_p3_d0_q1,residual_acf,11,0.0028660693631971,0.05,False
Germany,2024-10-03,weekly_differenced,weekly_differenced_arima_p3_d0_q1,residual_acf,12,0.0367080764580507,0.05,False
Germany,2024-10-03,weekly_differenced,weekly_differenced_arima_p3_d0_q1,residual_acf,13,0.008280907827308,0.05,False
Germany,2024-10-03,weekly_differenced,weekly_differenced_arima_p3_d0_q1,residual_acf,14,-0.0146780584014833,0.05,False
Germany,2024-10-03,weekly_differenced,weekly_differenced_arima_p3_d0_q1,residual_acf,15,-0.0328848625310975,0.05,False
Germany,2024-10-03,weekly_differenced,weekly_differenced_arima_p3_d0_q1,residual_acf,16,-0.0466466017196596,0.05,False
Germany,2024-10-03,weekly_differenced,weekly_differenced_arima_p3_d0_q1,residual_acf,17,-0.0177817187745234,0.05,False
Germany,2024-10-03,weekly_differenced,weekly_differenced_arima_p3_d0_q1,residual_acf,18,-0.0351425921496076,0.05,False
Germany,2024-10-03,weekly_differenced,weekly_differenced_arima_p3_d0_q1,residual_acf,19,0.0214884720319956,0.05,False
Germany,2024-10-03,weekly_differenced,weekly_differenced_arima_p3_d0_q1,residual_acf,2,-0.0042273149894595,0.05,False
Germany,2024-10-03,weekly_differenced,weekly_differenced_arima_p3_d0_q1,residual_acf,20,-0.0028846638480666,0.05,False
Germany,2024-10-03,weekly_differenced,weekly_differenced_arima_p3_d0_q1,residual_acf,21,0.010438001307093,0.05,False
Germany,2024-10-03,weekly_differenced,weekly_differenced_arima_p3_d0_q1,residual_acf,22,-0.0186148423695314,0.05,False
Germany,2024-10-03,weekly_differenced,weekly_differenced_arima_p3_d0_q1,residual_acf,23,0.0365545889954117,0.05,False
Germany,2024-10-03,weekly_differenced,weekly_differenced_arima_p3_d0_q1,residual_acf,24,0.0805383660155263,0.05,True
Germany,2024-10-03,weekly_differenced,weekly_differenced_arima_p3_d0_q1,residual_acf,25,0.0143992981075755,0.05,False
Germany,2024-10-03,weekly_differenced,weekly_differenced_arima_p3_d0_q1,residual_acf,26,-0.0032255374621249,0.05,False
Germany,2024-10-03,weekly_differenced,weekly_differenced_arima_p3_d0_q1,residual_acf,27,-0.0302794182103796,0.05,False
Germany,2024-10-03,weekly_differenced,weekly_differenced_arima_p3_d0_q1,residual_acf,28,-0.0073488965820229,0.05,False
Germany,2024-10-03,weekly_differenced,weekly_differenced_arima_p3_d0_q1,residual_acf,29,-0.0158931944122358,0.05,False
Germany,2024-10-03,weekly_differenced,weekly_differenced_arima_p3_d0_q1,residual_acf,3,0.0028808617193271,0.05,False
Germany,2024-10-03,weekly_differenced,weekly_differenced_arima_p3_d0_q1,residual_acf,30,-0.001710270101493,0.05,False
Germany,2024-10-03,weekly_differenced,weekly_differenced_arima_p3_d0_q1,residual_acf,31,-0.0277052148061574,0.05,False
Germany,2024-10-03,weekly_differenced,weekly_differenced_arima_p3_d0_q1,residual_acf,32,0.0061782969670416,0.05,False
Germany,2024-10-03,weekly_differenced,weekly_differenced_arima_p3_d0_q1,residual_acf,33,-0.0242543470850325,0.05,False
Germany,2024-10-03,weekly_differenced,weekly_differenced_arima_p3_d0_q1,residual_acf,34,-0.0139561481197053,0.05,False
Germany,2024-10-03,weekly_differenced,weekly_differenced_arima_p3_d0_q1,residual_acf,35,0.0095320196964635,0.05,False
Germany,2024-10-03,weekly_differenced,weekly_differenced_arima_p3_d0_q1,residual_acf,36,0.0066365075474458,0.05,False
Germany,2024-10-03,weekly_differenced,weekly_differenced_arima_p3_d0_q1,residual_acf,37,-0.0100986142762231,0.05,False
Germany,2024-10-03,weekly_differenced,weekly_differenced_arima_p3_d0_q1,residual_acf,38,0.0151083732990956,0.05,False
Germany,2024-10-03,weekly_differenced,weekly_differenced_arima_p3_d0_q1,residual_acf,39,-0.0042246317105931,0.05,False
Germany,2024-10-03,weekly_differenced,weekly_differenced_arima_p3_d0_q1,residual_acf,4,0.0038684685091695,0.05,False
Germany,2024-10-03,weekly_differenced,weekly_differenced_arima_p3_d0_q1,residual_acf,40,0.0021025480543261,0.05,False
Germany,2024-10-03,weekly_differenced,weekly_differenced_arima_p3_d0_q1,residual_acf,41,0.023294763676083,0.05,False
Germany,2024-10-03,weekly_differenced,weekly_differenced_arima_p3_d0_q1,residual_acf,42,0.0114293107078132,0.05,False
Germany,2024-10-03,weekly_differenced,weekly_differenced_arima_p3_d0_q1,residual_acf,43,-0.0003253593909997,0.05,False
Germany,2024-10-03,weekly_differenced,weekly_differenced_arima_p3_d0_q1,residual_acf,44,-0.0022029627634106,0.05,False
Germany,2024-10-03,weekly_differenced,weekly_differenced_arima_p3_d0_q1,residual_acf,45,-0.0090511816626568,0.05,False
Germany,2024-10-03,weekly_differenced,weekly_differenced_arima_p3_d0_q1,residual_acf,46,-0.0119349639089717,0.05,False
Germany,2024-10-03,weekly_differenced,weekly_differenced_arima_p3_d0_q1,residual_acf,47,0.0311922402559555,0.05,False
Germany,2024-10-03,weekly_differenced,weekly_differenced_arima_p3_d0_q1,residual_acf,48,0.067858989466407,0.05,True
Germany,2024-10-03,weekly_differenced,weekly_differenced_arima_p3_d0_q1,residual_acf,5,0.0069120668484206,0.05,False
Germany,2024-10-03,weekly_differenced,weekly_differenced_arima_p3_d0_q1,residual_acf,6,-0.0031542359046695,0.05,False
Germany,2024-10-03,weekly_differenced,weekly_differenced_arima_p3_d0_q1,residual_acf,7,-0.0115006045440272,0.05,False
Germany,2024-10-03,weekly_differenced,weekly_differenced_arima_p3_d0_q1,residual_acf,8,-0.0054598226463352,0.05,False
Germany,2024-10-03,weekly_differenced,weekly_differenced_arima_p3_d0_q1,residual_acf,9,0.0050843163907772,0.05,False
Germany,2024-10-26,weekly_differenced,weekly_differenced_arima_p1_d0_q1,ljung_box_pvalue,24,1.2918369560103484e-34,0.01,True
Germany,2024-10-26,weekly_differenced,weekly_differenced_arima_p1_d0_q1,ljung_box_pvalue,48,6.294611480105037e-39,0.01,True
Germany,2024-10-26,weekly_differenced,weekly_differenced_arima_p1_d0_q1,ljung_box_statistic,24,220.0583542575956,0.01,True
Germany,2024-10-26,weekly_differenced,weekly_differenced_arima_p1_d0_q1,ljung_box_statistic,48,299.7219233914401,0.01,True
Germany,2024-10-26,weekly_differenced,weekly_differenced_arima_p1_d0_q1,residual_acf,1,0.0341941143664536,0.05,False
Germany,2024-10-26,weekly_differenced,weekly_differenced_arima_p1_d0_q1,residual_acf,10,-0.0011210621395899,0.05,False
Germany,2024-10-26,weekly_differenced,weekly_differenced_arima_p1_d0_q1,residual_acf,11,0.0037792790151965,0.05,False
Germany,2024-10-26,weekly_differenced,weekly_differenced_arima_p1_d0_q1,residual_acf,12,0.0290165212411868,0.05,False
Germany,2024-10-26,weekly_differenced,weekly_differenced_arima_p1_d0_q1,residual_acf,13,0.0064349186992834,0.05,False
Germany,2024-10-26,weekly_differenced,weekly_differenced_arima_p1_d0_q1,residual_acf,14,-0.0163005426595319,0.05,False
Germany,2024-10-26,weekly_differenced,weekly_differenced_arima_p1_d0_q1,residual_acf,15,-0.0426979189289496,0.05,False
Germany,2024-10-26,weekly_differenced,weekly_differenced_arima_p1_d0_q1,residual_acf,16,-0.0588141183470403,0.05,True
Germany,2024-10-26,weekly_differenced,weekly_differenced_arima_p1_d0_q1,residual_acf,17,-0.0207992744378873,0.05,False
Germany,2024-10-26,weekly_differenced,weekly_differenced_arima_p1_d0_q1,residual_acf,18,-0.0420127020562118,0.05,False
Germany,2024-10-26,weekly_differenced,weekly_differenced_arima_p1_d0_q1,residual_acf,19,0.0114748137510733,0.05,False
Germany,2024-10-26,weekly_differenced,weekly_differenced_arima_p1_d0_q1,residual_acf,2,0.0943174616972393,0.05,True
Germany,2024-10-26,weekly_differenced,weekly_differenced_arima_p1_d0_q1,residual_acf,20,-0.0091705711799172,0.05,False
Germany,2024-10-26,weekly_differenced,weekly_differenced_arima_p1_d0_q1,residual_acf,21,0.0121670494528875,0.05,False
Germany,2024-10-26,weekly_differenced,weekly_differenced_arima_p1_d0_q1,residual_acf,22,-0.006700006708194,0.05,False
Germany,2024-10-26,weekly_differenced,weekly_differenced_arima_p1_d0_q1,residual_acf,23,0.0379090621634415,0.05,False
Germany,2024-10-26,weekly_differenced,weekly_differenced_arima_p1_d0_q1,residual_acf,24,0.0887654295345848,0.05,True
Germany,2024-10-26,weekly_differenced,weekly_differenced_arima_p1_d0_q1,residual_acf,25,0.0245281733396799,0.05,False
Germany,2024-10-26,weekly_differenced,weekly_differenced_arima_p1_d0_q1,residual_acf,26,0.009475121137157,0.05,False
Germany,2024-10-26,weekly_differenced,weekly_differenced_arima_p1_d0_q1,residual_acf,27,-0.0314337974007863,0.05,False
Germany,2024-10-26,weekly_differenced,weekly_differenced_arima_p1_d0_q1,residual_acf,28,-0.0171379139227735,0.05,False
Germany,2024-10-26,weekly_differenced,weekly_differenced_arima_p1_d0_q1,residual_acf,29,-0.0225953759741401,0.05,False
Germany,2024-10-26,weekly_differenced,weekly_differenced_arima_p1_d0_q1,residual_acf,3,-0.0286763415043587,0.05,False
Germany,2024-10-26,weekly_differenced,weekly_differenced_arima_p1_d0_q1,residual_acf,30,-0.0063233102244668,0.05,False
Germany,2024-10-26,weekly_differenced,weekly_differenced_arima_p1_d0_q1,residual_acf,31,-0.0331282099227629,0.05,False
Germany,2024-10-26,weekly_differenced,weekly_differenced_arima_p1_d0_q1,residual_acf,32,-0.0017349508148501,0.05,False
Germany,2024-10-26,weekly_differenced,weekly_differenced_arima_p1_d0_q1,residual_acf,33,-0.0214586400726845,0.05,False
Germany,2024-10-26,weekly_differenced,weekly_differenced_arima_p1_d0_q1,residual_acf,34,-0.012441409317689,0.05,False
Germany,2024-10-26,weekly_differenced,weekly_differenced_arima_p1_d0_q1,residual_acf,35,0.002323636110064,0.05,False
Germany,2024-10-26,weekly_differenced,weekly_differenced_arima_p1_d0_q1,residual_acf,36,0.0055399495954084,0.05,False
Germany,2024-10-26,weekly_differenced,weekly_differenced_arima_p1_d0_q1,residual_acf,37,-0.0088154261034925,0.05,False
Germany,2024-10-26,weekly_differenced,weekly_differenced_arima_p1_d0_q1,residual_acf,38,0.0184896520950678,0.05,False
Germany,2024-10-26,weekly_differenced,weekly_differenced_arima_p1_d0_q1,residual_acf,39,-0.0003787242866624,0.05,False
Germany,2024-10-26,weekly_differenced,weekly_differenced_arima_p1_d0_q1,residual_acf,4,-0.0098754102921864,0.05,False
Germany,2024-10-26,weekly_differenced,weekly_differenced_arima_p1_d0_q1,residual_acf,40,-0.0030921544679113,0.05,False
Germany,2024-10-26,weekly_differenced,weekly_differenced_arima_p1_d0_q1,residual_acf,41,0.0192528978602441,0.05,False
Germany,2024-10-26,weekly_differenced,weekly_differenced_arima_p1_d0_q1,residual_acf,42,0.0026675057010562,0.05,False
Germany,2024-10-26,weekly_differenced,weekly_differenced_arima_p1_d0_q1,residual_acf,43,0.0010484246687309,0.05,False
Germany,2024-10-26,weekly_differenced,weekly_differenced_arima_p1_d0_q1,residual_acf,44,-0.0052121170378335,0.05,False
Germany,2024-10-26,weekly_differenced,weekly_differenced_arima_p1_d0_q1,residual_acf,45,-0.008467794059968,0.05,False
Germany,2024-10-26,weekly_differenced,weekly_differenced_arima_p1_d0_q1,residual_acf,46,-0.0061556795959718,0.05,False
Germany,2024-10-26,weekly_differenced,weekly_differenced_arima_p1_d0_q1,residual_acf,47,0.0291211302387767,0.05,False
Germany,2024-10-26,weekly_differenced,weekly_differenced_arima_p1_d0_q1,residual_acf,48,0.0703109167892961,0.05,True
Germany,2024-10-26,weekly_differenced,weekly_differenced_arima_p1_d0_q1,residual_acf,5,-0.0115116823377551,0.05,False
Germany,2024-10-26,weekly_differenced,weekly_differenced_arima_p1_d0_q1,residual_acf,6,-0.0172990215461444,0.05,False
Germany,2024-10-26,weekly_differenced,weekly_differenced_arima_p1_d0_q1,residual_acf,7,-0.0184167620440753,0.05,False
Germany,2024-10-26,weekly_differenced,weekly_differenced_arima_p1_d0_q1,residual_acf,8,-0.019530588079129,0.05,False
Germany,2024-10-26,weekly_differenced,weekly_differenced_arima_p1_d0_q1,residual_acf,9,-0.0051927673655171,0.05,False
Germany,2024-10-26,weekly_differenced,weekly_differenced_arima_p2_d0_q0,ljung_box_pvalue,24,6.151808557056775e-18,0.01,True
Germany,2024-10-26,weekly_differenced,weekly_differenced_arima_p2_d0_q0,ljung_box_pvalue,48,1.2495961625707646e-22,0.01,True
Germany,2024-10-26,weekly_differenced,weekly_differenced_arima_p2_d0_q0,ljung_box_statistic,24,133.36919581434427,0.01,True
Germany,2024-10-26,weekly_differenced,weekly_differenced_arima_p2_d0_q0,ljung_box_statistic,48,208.9450492759316,0.01,True
Germany,2024-10-26,weekly_differenced,weekly_differenced_arima_p2_d0_q0,residual_acf,1,0.0142249766277378,0.05,False
Germany,2024-10-26,weekly_differenced,weekly_differenced_arima_p2_d0_q0,residual_acf,10,0.004852194219313,0.05,False
Germany,2024-10-26,weekly_differenced,weekly_differenced_arima_p2_d0_q0,residual_acf,11,0.0101596578600516,0.05,False
Germany,2024-10-26,weekly_differenced,weekly_differenced_arima_p2_d0_q0,residual_acf,12,0.038412239185265,0.05,False
Germany,2024-10-26,weekly_differenced,weekly_differenced_arima_p2_d0_q0,residual_acf,13,0.0180936376547734,0.05,False
Germany,2024-10-26,weekly_differenced,weekly_differenced_arima_p2_d0_q0,residual_acf,14,-0.0053777147355882,0.05,False
Germany,2024-10-26,weekly_differenced,weekly_differenced_arima_p2_d0_q0,residual_acf,15,-0.0333550039337577,0.05,False
Germany,2024-10-26,weekly_differenced,weekly_differenced_arima_p2_d0_q0,residual_acf,16,-0.0442748733642119,0.05,False
Germany,2024-10-26,weekly_differenced,weekly_differenced_arima_p2_d0_q0,residual_acf,17,-0.008435820450534,0.05,False
Germany,2024-10-26,weekly_differenced,weekly_differenced_arima_p2_d0_q0,residual_acf,18,-0.0276267840346694,0.05,False
Germany,2024-10-26,weekly_differenced,weekly_differenced_arima_p2_d0_q0,residual_acf,19,0.0199965420139335,0.05,False
Germany,2024-10-26,weekly_differenced,weekly_differenced_arima_p2_d0_q0,residual_acf,2,-0.0285944657513819,0.05,False
Germany,2024-10-26,weekly_differenced,weekly_differenced_arima_p2_d0_q0,residual_acf,20,0.0018021360965585,0.05,False
Germany,2024-10-26,weekly_differenced,weekly_differenced_arima_p2_d0_q0,residual_acf,21,0.0114877705559339,0.05,False
Germany,2024-10-26,weekly_differenced,weekly_differenced_arima_p2_d0_q0,residual_acf,22,-0.0138527480388758,0.05,False
Germany,2024-10-26,weekly_differenced,weekly_differenced_arima_p2_d0_q0,residual_acf,23,0.0363904349351137,0.05,False
Germany,2024-10-26,weekly_differenced,weekly_differenced_arima_p2_d0_q0,residual_acf,24,0.0929431181736472,0.05,True
Germany,2024-10-26,weekly_differenced,weekly_differenced_arima_p2_d0_q0,residual_acf,25,0.0259866254536612,0.05,False
Germany,2024-10-26,weekly_differenced,weekly_differenced_arima_p2_d0_q0,residual_acf,26,0.004777999975237,0.05,False
Germany,2024-10-26,weekly_differenced,weekly_differenced_arima_p2_d0_q0,residual_acf,27,-0.0275017134741422,0.05,False
Germany,2024-10-26,weekly_differenced,weekly_differenced_arima_p2_d0_q0,residual_acf,28,-0.0119892833104167,0.05,False
Germany,2024-10-26,weekly_differenced,weekly_differenced_arima_p2_d0_q0,residual_acf,29,-0.0093254142024834,0.05,False
Germany,2024-10-26,weekly_differenced,weekly_differenced_arima_p2_d0_q0,residual_acf,3,-0.0249997342768487,0.05,False
Germany,2024-10-26,weekly_differenced,weekly_differenced_arima_p2_d0_q0,residual_acf,30,0.0019171260309106,0.05,False
Germany,2024-10-26,weekly_differenced,weekly_differenced_arima_p2_d0_q0,residual_acf,31,-0.0234407069369822,0.05,False
Germany,2024-10-26,weekly_differenced,weekly_differenced_arima_p2_d0_q0,residual_acf,32,0.0061191352455029,0.05,False
Germany,2024-10-26,weekly_differenced,weekly_differenced_arima_p2_d0_q0,residual_acf,33,-0.0136731364392242,0.05,False
Germany,2024-10-26,weekly_differenced,weekly_differenced_arima_p2_d0_q0,residual_acf,34,-0.0091091396659986,0.05,False
Germany,2024-10-26,weekly_differenced,weekly_differenced_arima_p2_d0_q0,residual_acf,35,0.01042618356548,0.05,False
Germany,2024-10-26,weekly_differenced,weekly_differenced_arima_p2_d0_q0,residual_acf,36,0.0085534071909208,0.05,False
Germany,2024-10-26,weekly_differenced,weekly_differenced_arima_p2_d0_q0,residual_acf,37,-0.0064794869548947,0.05,False
Germany,2024-10-26,weekly_differenced,weekly_differenced_arima_p2_d0_q0,residual_acf,38,0.0223560741814087,0.05,False
Germany,2024-10-26,weekly_differenced,weekly_differenced_arima_p2_d0_q0,residual_acf,39,0.0010110205561294,0.05,False
Germany,2024-10-26,weekly_differenced,weekly_differenced_arima_p2_d0_q0,residual_acf,4,-0.0101551816453375,0.05,False
Germany,2024-10-26,weekly_differenced,weekly_differenced_arima_p2_d0_q0,residual_acf,40,-0.0031931999643153,0.05,False
Germany,2024-10-26,weekly_differenced,weekly_differenced_arima_p2_d0_q0,residual_acf,41,0.023081568760619,0.05,False
Germany,2024-10-26,weekly_differenced,weekly_differenced_arima_p2_d0_q0,residual_acf,42,0.0064369508670515,0.05,False
Germany,2024-10-26,weekly_differenced,weekly_differenced_arima_p2_d0_q0,residual_acf,43,0.0030315811739934,0.05,False
Germany,2024-10-26,weekly_differenced,weekly_differenced_arima_p2_d0_q0,residual_acf,44,-0.0013311356716795,0.05,False
Germany,2024-10-26,weekly_differenced,weekly_differenced_arima_p2_d0_q0,residual_acf,45,-0.0091454776107541,0.05,False
Germany,2024-10-26,weekly_differenced,weekly_differenced_arima_p2_d0_q0,residual_acf,46,-0.0127628802978212,0.05,False
Germany,2024-10-26,weekly_differenced,weekly_differenced_arima_p2_d0_q0,residual_acf,47,0.0330022117346054,0.05,False
Germany,2024-10-26,weekly_differenced,weekly_differenced_arima_p2_d0_q0,residual_acf,48,0.0724073239573054,0.05,True
Germany,2024-10-26,weekly_differenced,weekly_differenced_arima_p2_d0_q0,residual_acf,5,0.0040935598880768,0.05,False
Germany,2024-10-26,weekly_differenced,weekly_differenced_arima_p2_d0_q0,residual_acf,6,-0.0041931046007961,0.05,False
Germany,2024-10-26,weekly_differenced,weekly_differenced_arima_p2_d0_q0,residual_acf,7,-0.0073291388883058,0.05,False
Germany,2024-10-26,weekly_differenced,weekly_differenced_arima_p2_d0_q0,residual_acf,8,-0.0088332960350697,0.05,False
Germany,2024-10-26,weekly_differenced,weekly_differenced_arima_p2_d0_q0,residual_acf,9,0.0046088997639089,0.05,False
Germany,2024-10-26,weekly_differenced,weekly_differenced_arima_p2_d0_q1,ljung_box_pvalue,24,3.5553460167227664e-16,0.01,True
Germany,2024-10-26,weekly_differenced,weekly_differenced_arima_p2_d0_q1,ljung_box_pvalue,48,1.3142382090389924e-20,0.01,True
Germany,2024-10-26,weekly_differenced,weekly_differenced_arima_p2_d0_q1,ljung_box_statistic,24,121.649220203761,0.01,True
Germany,2024-10-26,weekly_differenced,weekly_differenced_arima_p2_d0_q1,ljung_box_statistic,48,195.18101878991885,0.01,True
Germany,2024-10-26,weekly_differenced,weekly_differenced_arima_p2_d0_q1,residual_acf,1,-0.0011212450950935,0.05,False
Germany,2024-10-26,weekly_differenced,weekly_differenced_arima_p2_d0_q1,residual_acf,10,0.0036573962118012,0.05,False
Germany,2024-10-26,weekly_differenced,weekly_differenced_arima_p2_d0_q1,residual_acf,11,0.0079973299827415,0.05,False
Germany,2024-10-26,weekly_differenced,weekly_differenced_arima_p2_d0_q1,residual_acf,12,0.0356806417211782,0.05,False
Germany,2024-10-26,weekly_differenced,weekly_differenced_arima_p2_d0_q1,residual_acf,13,0.0144688665678509,0.05,False
Germany,2024-10-26,weekly_differenced,weekly_differenced_arima_p2_d0_q1,residual_acf,14,-0.0073685848152958,0.05,False
Germany,2024-10-26,weekly_differenced,weekly_differenced_arima_p2_d0_q1,residual_acf,15,-0.0341725294668466,0.05,False
Germany,2024-10-26,weekly_differenced,weekly_differenced_arima_p2_d0_q1,residual_acf,16,-0.0464665755892602,0.05,False
Germany,2024-10-26,weekly_differenced,weekly_differenced_arima_p2_d0_q1,residual_acf,17,-0.009717629918705,0.05,False
Germany,2024-10-26,weekly_differenced,weekly_differenced_arima_p2_d0_q1,residual_acf,18,-0.0314018633147134,0.05,False
Germany,2024-10-26,weekly_differenced,weekly_differenced_arima_p2_d0_q1,residual_acf,19,0.0184531292817533,0.05,False
Germany,2024-10-26,weekly_differenced,weekly_differenced_arima_p2_d0_q1,residual_acf,2,0.0061650991948814,0.05,False
Germany,2024-10-26,weekly_differenced,weekly_differenced_arima_p2_d0_q1,residual_acf,20,-0.001189431013725,0.05,False
Germany,2024-10-26,weekly_differenced,weekly_differenced_arima_p2_d0_q1,residual_acf,21,0.0128699216337953,0.05,False
Germany,2024-10-26,weekly_differenced,weekly_differenced_arima_p2_d0_q1,residual_acf,22,-0.0121519122586817,0.05,False
Germany,2024-10-26,weekly_differenced,weekly_differenced_arima_p2_d0_q1,residual_acf,23,0.0355354891939426,0.05,False
Germany,2024-10-26,weekly_differenced,weekly_differenced_arima_p2_d0_q1,residual_acf,24,0.0907955463574886,0.05,True
Germany,2024-10-26,weekly_differenced,weekly_differenced_arima_p2_d0_q1,residual_acf,25,0.0236403673056413,0.05,False
Germany,2024-10-26,weekly_differenced,weekly_differenced_arima_p2_d0_q1,residual_acf,26,0.0066893613892277,0.05,False
Germany,2024-10-26,weekly_differenced,weekly_differenced_arima_p2_d0_q1,residual_acf,27,-0.0273194496597757,0.05,False
Germany,2024-10-26,weekly_differenced,weekly_differenced_arima_p2_d0_q1,residual_acf,28,-0.0122140683506821,0.05,False
Germany,2024-10-26,weekly_differenced,weekly_differenced_arima_p2_d0_q1,residual_acf,29,-0.0121355379759735,0.05,False
Germany,2024-10-26,weekly_differenced,weekly_differenced_arima_p2_d0_q1,residual_acf,3,-0.0168411251208284,0.05,False
Germany,2024-10-26,weekly_differenced,weekly_differenced_arima_p2_d0_q1,residual_acf,30,0.0005390397721296,0.05,False
Germany,2024-10-26,weekly_differenced,weekly_differenced_arima_p2_d0_q1,residual_acf,31,-0.0259682110240098,0.05,False
Germany,2024-10-26,weekly_differenced,weekly_differenced_arima_p2_d0_q1,residual_acf,32,0.0051116424369637,0.05,False
Germany,2024-10-26,weekly_differenced,weekly_differenced_arima_p2_d0_q1,residual_acf,33,-0.0152465782621507,0.05,False
Germany,2024-10-26,weekly_differenced,weekly_differenced_arima_p2_d0_q1,residual_acf,34,-0.009834441105648,0.05,False
Germany,2024-10-26,weekly_differenced,weekly_differenced_arima_p2_d0_q1,residual_acf,35,0.0087801613051358,0.05,False
Germany,2024-10-26,weekly_differenced,weekly_differenced_arima_p2_d0_q1,residual_acf,36,0.0078760881151301,0.05,False
Germany,2024-10-26,weekly_differenced,weekly_differenced_arima_p2_d0_q1,residual_acf,37,-0.0075701376865423,0.05,False
Germany,2024-10-26,weekly_differenced,weekly_differenced_arima_p2_d0_q1,residual_acf,38,0.021975205210556,0.05,False
Germany,2024-10-26,weekly_differenced,weekly_differenced_arima_p2_d0_q1,residual_acf,39,0.0006131046679971,0.05,False
Germany,2024-10-26,weekly_differenced,weekly_differenced_arima_p2_d0_q1,residual_acf,4,-0.0095590939868635,0.05,False
Germany,2024-10-26,weekly_differenced,weekly_differenced_arima_p2_d0_q1,residual_acf,40,-0.0034104661465824,0.05,False
Germany,2024-10-26,weekly_differenced,weekly_differenced_arima_p2_d0_q1,residual_acf,41,0.0224554069535342,0.05,False
Germany,2024-10-26,weekly_differenced,weekly_differenced_arima_p2_d0_q1,residual_acf,42,0.0051069406679461,0.05,False
Germany,2024-10-26,weekly_differenced,weekly_differenced_arima_p2_d0_q1,residual_acf,43,0.0026753715553545,0.05,False
Germany,2024-10-26,weekly_differenced,weekly_differenced_arima_p2_d0_q1,residual_acf,44,-0.0016082042643015,0.05,False
Germany,2024-10-26,weekly_differenced,weekly_differenced_arima_p2_d0_q1,residual_acf,45,-0.0077853818286725,0.05,False
Germany,2024-10-26,weekly_differenced,weekly_differenced_arima_p2_d0_q1,residual_acf,46,-0.0112678399801311,0.05,False
Germany,2024-10-26,weekly_differenced,weekly_differenced_arima_p2_d0_q1,residual_acf,47,0.0310256319573666,0.05,False
Germany,2024-10-26,weekly_differenced,weekly_differenced_arima_p2_d0_q1,residual_acf,48,0.0714430012362232,0.05,True
Germany,2024-10-26,weekly_differenced,weekly_differenced_arima_p2_d0_q1,residual_acf,5,0.0018167795463421,0.05,False
Germany,2024-10-26,weekly_differenced,weekly_differenced_arima_p2_d0_q1,residual_acf,6,-0.0070893424709752,0.05,False
Germany,2024-10-26,weekly_differenced,weekly_differenced_arima_p2_d0_q1,residual_acf,7,-0.0091671631867459,0.05,False
Germany,2024-10-26,weekly_differenced,weekly_differenced_arima_p2_d0_q1,residual_acf,8,-0.0109129496585035,0.05,False
Germany,2024-10-26,weekly_differenced,weekly_differenced_arima_p2_d0_q1,residual_acf,9,0.0029823217053797,0.05,False
Germany,2024-10-26,weekly_differenced,weekly_differenced_arima_p2_d0_q2,ljung_box_pvalue,24,5.48043366280369e-16,0.01,True
Germany,2024-10-26,weekly_differenced,weekly_differenced_arima_p2_d0_q2,ljung_box_pvalue,48,2.6584255383432203e-20,0.01,True
Germany,2024-10-26,weekly_differenced,weekly_differenced_arima_p2_d0_q2,ljung_box_statistic,24,118.4661424517792,0.01,True
Germany,2024-10-26,weekly_differenced,weekly_differenced_arima_p2_d0_q2,ljung_box_statistic,48,191.46003439893775,0.01,True
Germany,2024-10-26,weekly_differenced,weekly_differenced_arima_p2_d0_q2,residual_acf,1,-0.0015917454857246,0.05,False
Germany,2024-10-26,weekly_differenced,weekly_differenced_arima_p2_d0_q2,residual_acf,10,0.0026375009837037,0.05,False
Germany,2024-10-26,weekly_differenced,weekly_differenced_arima_p2_d0_q2,residual_acf,11,0.0066395625774494,0.05,False
Germany,2024-10-26,weekly_differenced,weekly_differenced_arima_p2_d0_q2,residual_acf,12,0.0341664140778061,0.05,False
Germany,2024-10-26,weekly_differenced,weekly_differenced_arima_p2_d0_q2,residual_acf,13,0.0128720202401821,0.05,False
Germany,2024-10-26,weekly_differenced,weekly_differenced_arima_p2_d0_q2,residual_acf,14,-0.0083502548289391,0.05,False
Germany,2024-10-26,weekly_differenced,weekly_differenced_arima_p2_d0_q2,residual_acf,15,-0.0350806444337472,0.05,False
Germany,2024-10-26,weekly_differenced,weekly_differenced_arima_p2_d0_q2,residual_acf,16,-0.0466923011905767,0.05,False
Germany,2024-10-26,weekly_differenced,weekly_differenced_arima_p2_d0_q2,residual_acf,17,-0.0107496670504921,0.05,False
Germany,2024-10-26,weekly_differenced,weekly_differenced_arima_p2_d0_q2,residual_acf,18,-0.0325305085615325,0.05,False
Germany,2024-10-26,weekly_differenced,weekly_differenced_arima_p2_d0_q2,residual_acf,19,0.0166584645672177,0.05,False
Germany,2024-10-26,weekly_differenced,weekly_differenced_arima_p2_d0_q2,residual_acf,2,0.0021067586322282,0.05,False
Germany,2024-10-26,weekly_differenced,weekly_differenced_arima_p2_d0_q2,residual_acf,20,-0.0013260942529806,0.05,False
Germany,2024-10-26,weekly_differenced,weekly_differenced_arima_p2_d0_q2,residual_acf,21,0.0130619467973516,0.05,False
Germany,2024-10-26,weekly_differenced,weekly_differenced_arima_p2_d0_q2,residual_acf,22,-0.0123676462745278,0.05,False
Germany,2024-10-26,weekly_differenced,weekly_differenced_arima_p2_d0_q2,residual_acf,23,0.034959401821816,0.05,False
Germany,2024-10-26,weekly_differenced,weekly_differenced_arima_p2_d0_q2,residual_acf,24,0.0900913113007002,0.05,True
Germany,2024-10-26,weekly_differenced,weekly_differenced_arima_p2_d0_q2,residual_acf,25,0.022586328804514,0.05,False
Germany,2024-10-26,weekly_differenced,weekly_differenced_arima_p2_d0_q2,residual_acf,26,0.0062312295200238,0.05,False
Germany,2024-10-26,weekly_differenced,weekly_differenced_arima_p2_d0_q2,residual_acf,27,-0.026371705057145,0.05,False
Germany,2024-10-26,weekly_differenced,weekly_differenced_arima_p2_d0_q2,residual_acf,28,-0.0129172522508857,0.05,False
Germany,2024-10-26,weekly_differenced,weekly_differenced_arima_p2_d0_q2,residual_acf,29,-0.0123865694555325,0.05,False
Germany,2024-10-26,weekly_differenced,weekly_differenced_arima_p2_d0_q2,residual_acf,3,1.459722809547618e-05,0.05,False
Germany,2024-10-26,weekly_differenced,weekly_differenced_arima_p2_d0_q2,residual_acf,30,-0.0007840897780194,0.05,False
Germany,2024-10-26,weekly_differenced,weekly_differenced_arima_p2_d0_q2,residual_acf,31,-0.026907556918546,0.05,False
Germany,2024-10-26,weekly_differenced,weekly_differenced_arima_p2_d0_q2,residual_acf,32,0.0044627553548987,0.05,False
Germany,2024-10-26,weekly_differenced,weekly_differenced_arima_p2_d0_q2,residual_acf,33,-0.0156238729605871,0.05,False
Germany,2024-10-26,weekly_differenced,weekly_differenced_arima_p2_d0_q2,residual_acf,34,-0.0110232975245224,0.05,False
Germany,2024-10-26,weekly_differenced,weekly_differenced_arima_p2_d0_q2,residual_acf,35,0.008837537686309,0.05,False
Germany,2024-10-26,weekly_differenced,weekly_differenced_arima_p2_d0_q2,residual_acf,36,0.0070802696926761,0.05,False
Germany,2024-10-26,weekly_differenced,weekly_differenced_arima_p2_d0_q2,residual_acf,37,-0.0083589891934021,0.05,False
Germany,2024-10-26,weekly_differenced,weekly_differenced_arima_p2_d0_q2,residual_acf,38,0.0221044246320036,0.05,False
Germany,2024-10-26,weekly_differenced,weekly_differenced_arima_p2_d0_q2,residual_acf,39,0.0003003178267302,0.05,False
Germany,2024-10-26,weekly_differenced,weekly_differenced_arima_p2_d0_q2,residual_acf,4,-0.0105524033162219,0.05,False
Germany,2024-10-26,weekly_differenced,weekly_differenced_arima_p2_d0_q2,residual_acf,40,-0.0040431720647142,0.05,False
Germany,2024-10-26,weekly_differenced,weekly_differenced_arima_p2_d0_q2,residual_acf,41,0.0224168466577786,0.05,False
Germany,2024-10-26,weekly_differenced,weekly_differenced_arima_p2_d0_q2,residual_acf,42,0.0045620118463962,0.05,False
Germany,2024-10-26,weekly_differenced,weekly_differenced_arima_p2_d0_q2,residual_acf,43,0.001967697083783,0.05,False
Germany,2024-10-26,weekly_differenced,weekly_differenced_arima_p2_d0_q2,residual_acf,44,-0.0010267803403519,0.05,False
Germany,2024-10-26,weekly_differenced,weekly_differenced_arima_p2_d0_q2,residual_acf,45,-0.0069533291499754,0.05,False
Germany,2024-10-26,weekly_differenced,weekly_differenced_arima_p2_d0_q2,residual_acf,46,-0.0120660547297752,0.05,False
Germany,2024-10-26,weekly_differenced,weekly_differenced_arima_p2_d0_q2,residual_acf,47,0.0310171221526345,0.05,False
Germany,2024-10-26,weekly_differenced,weekly_differenced_arima_p2_d0_q2,residual_acf,48,0.0708901588429545,0.05,True
Germany,2024-10-26,weekly_differenced,weekly_differenced_arima_p2_d0_q2,residual_acf,5,0.0006969497890159,0.05,False
Germany,2024-10-26,weekly_differenced,weekly_differenced_arima_p2_d0_q2,residual_acf,6,-0.008141064393207,0.05,False
Germany,2024-10-26,weekly_differenced,weekly_differenced_arima_p2_d0_q2,residual_acf,7,-0.0104706777656536,0.05,False
Germany,2024-10-26,weekly_differenced,weekly_differenced_arima_p2_d0_q2,residual_acf,8,-0.0118730122054036,0.05,False
Germany,2024-10-26,weekly_differenced,weekly_differenced_arima_p2_d0_q2,residual_acf,9,0.0024058259727444,0.05,False
Germany,2024-10-26,weekly_differenced,weekly_differenced_arima_p3_d0_q1,ljung_box_pvalue,24,2.0000401534009297e-15,0.01,True
Germany,2024-10-26,weekly_differenced,weekly_differenced_arima_p3_d0_q1,ljung_box_pvalue,48,1.2910455831880268e-19,0.01,True
Germany,2024-10-26,weekly_differenced,weekly_differenced_arima_p3_d0_q1,ljung_box_statistic,24,115.41666266380844,0.01,True
Germany,2024-10-26,weekly_differenced,weekly_differenced_arima_p3_d0_q1,ljung_box_statistic,48,187.41415190160765,0.01,True
Germany,2024-10-26,weekly_differenced,weekly_differenced_arima_p3_d0_q1,residual_acf,1,-0.0009506402732286,0.05,False
Germany,2024-10-26,weekly_differenced,weekly_differenced_arima_p3_d0_q1,residual_acf,10,0.0001358458110607,0.05,False
Germany,2024-10-26,weekly_differenced,weekly_differenced_arima_p3_d0_q1,residual_acf,11,0.0037185485365526,0.05,False
Germany,2024-10-26,weekly_differenced,weekly_differenced_arima_p3_d0_q1,residual_acf,12,0.031325914600807,0.05,False
Germany,2024-10-26,weekly_differenced,weekly_differenced_arima_p3_d0_q1,residual_acf,13,0.0107061339985854,0.05,False
Germany,2024-10-26,weekly_differenced,weekly_differenced_arima_p3_d0_q1,residual_acf,14,-0.0104121276475379,0.05,False
Germany,2024-10-26,weekly_differenced,weekly_differenced_arima_p3_d0_q1,residual_acf,15,-0.0364763625644097,0.05,False
Germany,2024-10-26,weekly_differenced,weekly_differenced_arima_p3_d0_q1,residual_acf,16,-0.0476145567544356,0.05,False
Germany,2024-10-26,weekly_differenced,weekly_differenced_arima_p3_d0_q1,residual_acf,17,-0.0115394513240199,0.05,False
Germany,2024-10-26,weekly_differenced,weekly_differenced_arima_p3_d0_q1,residual_acf,18,-0.0333391534377918,0.05,False
Germany,2024-10-26,weekly_differenced,weekly_differenced_arima_p3_d0_q1,residual_acf,19,0.0160054221776438,0.05,False
Germany,2024-10-26,weekly_differenced,weekly_differenced_arima_p3_d0_q1,residual_acf,2,-0.0005939880785183,0.05,False
Germany,2024-10-26,weekly_differenced,weekly_differenced_arima_p3_d0_q1,residual_acf,20,-0.0019894033236369,0.05,False
Germany,2024-10-26,weekly_differenced,weekly_differenced_arima_p3_d0_q1,residual_acf,21,0.011376906783741,0.05,False
Germany,2024-10-26,weekly_differenced,weekly_differenced_arima_p3_d0_q1,residual_acf,22,-0.0145484667226993,0.05,False
Germany,2024-10-26,weekly_differenced,weekly_differenced_arima_p3_d0_q1,residual_acf,23,0.0332137714010633,0.05,False
Germany,2024-10-26,weekly_differenced,weekly_differenced_arima_p3_d0_q1,residual_acf,24,0.0887367939843066,0.05,True
Germany,2024-10-26,weekly_differenced,weekly_differenced_arima_p3_d0_q1,residual_acf,25,0.0214893158518828,0.05,False
Germany,2024-10-26,weekly_differenced,weekly_differenced_arima_p3_d0_q1,residual_acf,26,0.0047506344493487,0.05,False
Germany,2024-10-26,weekly_differenced,weekly_differenced_arima_p3_d0_q1,residual_acf,27,-0.0273301500403502,0.05,False
Germany,2024-10-26,weekly_differenced,weekly_differenced_arima_p3_d0_q1,residual_acf,28,-0.0125933079383816,0.05,False
Germany,2024-10-26,weekly_differenced,weekly_differenced_arima_p3_d0_q1,residual_acf,29,-0.0124699943524962,0.05,False
Germany,2024-10-26,weekly_differenced,weekly_differenced_arima_p3_d0_q1,residual_acf,3,5.564672294079105e-05,0.05,False
Germany,2024-10-26,weekly_differenced,weekly_differenced_arima_p3_d0_q1,residual_acf,30,-0.0013232957780144,0.05,False
Germany,2024-10-26,weekly_differenced,weekly_differenced_arima_p3_d0_q1,residual_acf,31,-0.0278319900892301,0.05,False
Germany,2024-10-26,weekly_differenced,weekly_differenced_arima_p3_d0_q1,residual_acf,32,0.0032399689615008,0.05,False
Germany,2024-10-26,weekly_differenced,weekly_differenced_arima_p3_d0_q1,residual_acf,33,-0.0169237487724818,0.05,False
Germany,2024-10-26,weekly_differenced,weekly_differenced_arima_p3_d0_q1,residual_acf,34,-0.0119452527404875,0.05,False
Germany,2024-10-26,weekly_differenced,weekly_differenced_arima_p3_d0_q1,residual_acf,35,0.0075852071398487,0.05,False
Germany,2024-10-26,weekly_differenced,weekly_differenced_arima_p3_d0_q1,residual_acf,36,0.0061049148285439,0.05,False
Germany,2024-10-26,weekly_differenced,weekly_differenced_arima_p3_d0_q1,residual_acf,37,-0.0091644393081863,0.05,False
Germany,2024-10-26,weekly_differenced,weekly_differenced_arima_p3_d0_q1,residual_acf,38,0.021055073181793,0.05,False
Germany,2024-10-26,weekly_differenced,weekly_differenced_arima_p3_d0_q1,residual_acf,39,-0.0005258833729804,0.05,False
Germany,2024-10-26,weekly_differenced,weekly_differenced_arima_p3_d0_q1,residual_acf,4,0.0026767999373122,0.05,False
Germany,2024-10-26,weekly_differenced,weekly_differenced_arima_p3_d0_q1,residual_acf,40,-0.004768354052771,0.05,False
Germany,2024-10-26,weekly_differenced,weekly_differenced_arima_p3_d0_q1,residual_acf,41,0.021692460155046,0.05,False
Germany,2024-10-26,weekly_differenced,weekly_differenced_arima_p3_d0_q1,residual_acf,42,0.0045092415126218,0.05,False
Germany,2024-10-26,weekly_differenced,weekly_differenced_arima_p3_d0_q1,residual_acf,43,0.0023998772009479,0.05,False
Germany,2024-10-26,weekly_differenced,weekly_differenced_arima_p3_d0_q1,residual_acf,44,-0.0006043353577522,0.05,False
Germany,2024-10-26,weekly_differenced,weekly_differenced_arima_p3_d0_q1,residual_acf,45,-0.0073476458061228,0.05,False
Germany,2024-10-26,weekly_differenced,weekly_differenced_arima_p3_d0_q1,residual_acf,46,-0.0125002796528208,0.05,False
Germany,2024-10-26,weekly_differenced,weekly_differenced_arima_p3_d0_q1,residual_acf,47,0.0304129839604423,0.05,False
Germany,2024-10-26,weekly_differenced,weekly_differenced_arima_p3_d0_q1,residual_acf,48,0.0700818217649559,0.05,True
Germany,2024-10-26,weekly_differenced,weekly_differenced_arima_p3_d0_q1,residual_acf,5,0.0077686646476798,0.05,False
Germany,2024-10-26,weekly_differenced,weekly_differenced_arima_p3_d0_q1,residual_acf,6,-0.0055114287367812,0.05,False
Germany,2024-10-26,weekly_differenced,weekly_differenced_arima_p3_d0_q1,residual_acf,7,-0.0100682320848574,0.05,False
Germany,2024-10-26,weekly_differenced,weekly_differenced_arima_p3_d0_q1,residual_acf,8,-0.0125828261843289,0.05,False
Germany,2024-10-26,weekly_differenced,weekly_differenced_arima_p3_d0_q1,residual_acf,9,0.000710073081693,0.05,False
Germany,2024-11-11,weekly_differenced,weekly_differenced_arima_p1_d0_q1,ljung_box_pvalue,24,3.501169644439681e-43,0.01,True
Germany,2024-11-11,weekly_differenced,weekly_differenced_arima_p1_d0_q1,ljung_box_pvalue,48,1.0793205198014754e-51,0.01,True
Germany,2024-11-11,weekly_differenced,weekly_differenced_arima_p1_d0_q1,ljung_box_statistic,24,263.0479030139314,0.01,True
Germany,2024-11-11,weekly_differenced,weekly_differenced_arima_p1_d0_q1,ljung_box_statistic,48,367.408504831332,0.01,True
Germany,2024-11-11,weekly_differenced,weekly_differenced_arima_p1_d0_q1,residual_acf,1,0.0345833104433345,0.05,False
Germany,2024-11-11,weekly_differenced,weekly_differenced_arima_p1_d0_q1,residual_acf,10,-0.0033551662954159,0.05,False
Germany,2024-11-11,weekly_differenced,weekly_differenced_arima_p1_d0_q1,residual_acf,11,0.0077502787132825,0.05,False
Germany,2024-11-11,weekly_differenced,weekly_differenced_arima_p1_d0_q1,residual_acf,12,0.0360376068292908,0.05,False
Germany,2024-11-11,weekly_differenced,weekly_differenced_arima_p1_d0_q1,residual_acf,13,0.0098500985753686,0.05,False
Germany,2024-11-11,weekly_differenced,weekly_differenced_arima_p1_d0_q1,residual_acf,14,-0.0214805559913514,0.05,False
Germany,2024-11-11,weekly_differenced,weekly_differenced_arima_p1_d0_q1,residual_acf,15,-0.0435143322188851,0.05,False
Germany,2024-11-11,weekly_differenced,weekly_differenced_arima_p1_d0_q1,residual_acf,16,-0.059005508367805,0.05,True
Germany,2024-11-11,weekly_differenced,weekly_differenced_arima_p1_d0_q1,residual_acf,17,-0.0181469320160663,0.05,False
Germany,2024-11-11,weekly_differenced,weekly_differenced_arima_p1_d0_q1,residual_acf,18,-0.0344721970456816,0.05,False
Germany,2024-11-11,weekly_differenced,weekly_differenced_arima_p1_d0_q1,residual_acf,19,0.0076298211618739,0.05,False
Germany,2024-11-11,weekly_differenced,weekly_differenced_arima_p1_d0_q1,residual_acf,2,0.0928249325867057,0.05,True
Germany,2024-11-11,weekly_differenced,weekly_differenced_arima_p1_d0_q1,residual_acf,20,-0.0137471730752169,0.05,False
Germany,2024-11-11,weekly_differenced,weekly_differenced_arima_p1_d0_q1,residual_acf,21,0.0030211466980115,0.05,False
Germany,2024-11-11,weekly_differenced,weekly_differenced_arima_p1_d0_q1,residual_acf,22,-0.0107453203366164,0.05,False
Germany,2024-11-11,weekly_differenced,weekly_differenced_arima_p1_d0_q1,residual_acf,23,0.042920126646648,0.05,False
Germany,2024-11-11,weekly_differenced,weekly_differenced_arima_p1_d0_q1,residual_acf,24,0.1061969096926835,0.05,True
Germany,2024-11-11,weekly_differenced,weekly_differenced_arima_p1_d0_q1,residual_acf,25,0.0299029878788654,0.05,False
Germany,2024-11-11,weekly_differenced,weekly_differenced_arima_p1_d0_q1,residual_acf,26,0.0063927232892824,0.05,False
Germany,2024-11-11,weekly_differenced,weekly_differenced_arima_p1_d0_q1,residual_acf,27,-0.0340709445489211,0.05,False
Germany,2024-11-11,weekly_differenced,weekly_differenced_arima_p1_d0_q1,residual_acf,28,-0.0180985666461164,0.05,False
Germany,2024-11-11,weekly_differenced,weekly_differenced_arima_p1_d0_q1,residual_acf,29,-0.021683327836999,0.05,False
Germany,2024-11-11,weekly_differenced,weekly_differenced_arima_p1_d0_q1,residual_acf,3,-0.0331440122221376,0.05,False
Germany,2024-11-11,weekly_differenced,weekly_differenced_arima_p1_d0_q1,residual_acf,30,0.000930670910887,0.05,False
Germany,2024-11-11,weekly_differenced,weekly_differenced_arima_p1_d0_q1,residual_acf,31,-0.0307342150577963,0.05,False
Germany,2024-11-11,weekly_differenced,weekly_differenced_arima_p1_d0_q1,residual_acf,32,-0.0032286034386315,0.05,False
Germany,2024-11-11,weekly_differenced,weekly_differenced_arima_p1_d0_q1,residual_acf,33,-0.0233148424974548,0.05,False
Germany,2024-11-11,weekly_differenced,weekly_differenced_arima_p1_d0_q1,residual_acf,34,-0.01923671958649,0.05,False
Germany,2024-11-11,weekly_differenced,weekly_differenced_arima_p1_d0_q1,residual_acf,35,0.0067008005387519,0.05,False
Germany,2024-11-11,weekly_differenced,weekly_differenced_arima_p1_d0_q1,residual_acf,36,0.0099913735225928,0.05,False
Germany,2024-11-11,weekly_differenced,weekly_differenced_arima_p1_d0_q1,residual_acf,37,-0.0059231429326848,0.05,False
Germany,2024-11-11,weekly_differenced,weekly_differenced_arima_p1_d0_q1,residual_acf,38,0.0155918850257716,0.05,False
Germany,2024-11-11,weekly_differenced,weekly_differenced_arima_p1_d0_q1,residual_acf,39,-0.0072361043567257,0.05,False
Germany,2024-11-11,weekly_differenced,weekly_differenced_arima_p1_d0_q1,residual_acf,4,-0.0172523393775029,0.05,False
Germany,2024-11-11,weekly_differenced,weekly_differenced_arima_p1_d0_q1,residual_acf,40,-0.0020292835479709,0.05,False
Germany,2024-11-11,weekly_differenced,weekly_differenced_arima_p1_d0_q1,residual_acf,41,0.0191769847455316,0.05,False
Germany,2024-11-11,weekly_differenced,weekly_differenced_arima_p1_d0_q1,residual_acf,42,0.0062270813711065,0.05,False
Germany,2024-11-11,weekly_differenced,weekly_differenced_arima_p1_d0_q1,residual_acf,43,0.0020921749881564,0.05,False
Germany,2024-11-11,weekly_differenced,weekly_differenced_arima_p1_d0_q1,residual_acf,44,-0.0082502021908667,0.05,False
Germany,2024-11-11,weekly_differenced,weekly_differenced_arima_p1_d0_q1,residual_acf,45,-0.0129800947010328,0.05,False
Germany,2024-11-11,weekly_differenced,weekly_differenced_arima_p1_d0_q1,residual_acf,46,-0.0089820052244765,0.05,False
Germany,2024-11-11,weekly_differenced,weekly_differenced_arima_p1_d0_q1,residual_acf,47,0.0334181143469002,0.05,False
Germany,2024-11-11,weekly_differenced,weekly_differenced_arima_p1_d0_q1,residual_acf,48,0.0813031971947938,0.05,True
Germany,2024-11-11,weekly_differenced,weekly_differenced_arima_p1_d0_q1,residual_acf,5,-0.0142603920598689,0.05,False
Germany,2024-11-11,weekly_differenced,weekly_differenced_arima_p1_d0_q1,residual_acf,6,-0.0146328948915429,0.05,False
Germany,2024-11-11,weekly_differenced,weekly_differenced_arima_p1_d0_q1,residual_acf,7,-0.0150107474530884,0.05,False
Germany,2024-11-11,weekly_differenced,weekly_differenced_arima_p1_d0_q1,residual_acf,8,-0.0202776151852749,0.05,False
Germany,2024-11-11,weekly_differenced,weekly_differenced_arima_p1_d0_q1,residual_acf,9,-0.0084884751890622,0.05,False
Germany,2024-11-11,weekly_differenced,weekly_differenced_arima_p2_d0_q0,ljung_box_pvalue,24,4.201900755115332e-27,0.01,True
Germany,2024-11-11,weekly_differenced,weekly_differenced_arima_p2_d0_q0,ljung_box_pvalue,48,1.06832607574557e-36,0.01,True
Germany,2024-11-11,weekly_differenced,weekly_differenced_arima_p2_d0_q0,ljung_box_statistic,24,181.67098919294585,0.01,True
Germany,2024-11-11,weekly_differenced,weekly_differenced_arima_p2_d0_q0,ljung_box_statistic,48,287.6605802520486,0.01,True
Germany,2024-11-11,weekly_differenced,weekly_differenced_arima_p2_d0_q0,residual_acf,1,0.0164945710836037,0.05,False
Germany,2024-11-11,weekly_differenced,weekly_differenced_arima_p2_d0_q0,residual_acf,10,0.0019475267393589,0.05,False
Germany,2024-11-11,weekly_differenced,weekly_differenced_arima_p2_d0_q0,residual_acf,11,0.0143360028834059,0.05,False
Germany,2024-11-11,weekly_differenced,weekly_differenced_arima_p2_d0_q0,residual_acf,12,0.0466759989880383,0.05,False
Germany,2024-11-11,weekly_differenced,weekly_differenced_arima_p2_d0_q0,residual_acf,13,0.0214251981100321,0.05,False
Germany,2024-11-11,weekly_differenced,weekly_differenced_arima_p2_d0_q0,residual_acf,14,-0.0113385393004316,0.05,False
Germany,2024-11-11,weekly_differenced,weekly_differenced_arima_p2_d0_q0,residual_acf,15,-0.034686145792553,0.05,False
Germany,2024-11-11,weekly_differenced,weekly_differenced_arima_p2_d0_q0,residual_acf,16,-0.0445290625281326,0.05,False
Germany,2024-11-11,weekly_differenced,weekly_differenced_arima_p2_d0_q0,residual_acf,17,-0.0050691850715868,0.05,False
Germany,2024-11-11,weekly_differenced,weekly_differenced_arima_p2_d0_q0,residual_acf,18,-0.0188958539244807,0.05,False
Germany,2024-11-11,weekly_differenced,weekly_differenced_arima_p2_d0_q0,residual_acf,19,0.017065711150938,0.05,False
Germany,2024-11-11,weekly_differenced,weekly_differenced_arima_p2_d0_q0,residual_acf,2,-0.0311400268019824,0.05,False
Germany,2024-11-11,weekly_differenced,weekly_differenced_arima_p2_d0_q0,residual_acf,20,-0.0025885503322943,0.05,False
Germany,2024-11-11,weekly_differenced,weekly_differenced_arima_p2_d0_q0,residual_acf,21,0.0023143319570424,0.05,False
Germany,2024-11-11,weekly_differenced,weekly_differenced_arima_p2_d0_q0,residual_acf,22,-0.0195909763637705,0.05,False
Germany,2024-11-11,weekly_differenced,weekly_differenced_arima_p2_d0_q0,residual_acf,23,0.0418220461985824,0.05,False
Germany,2024-11-11,weekly_differenced,weekly_differenced_arima_p2_d0_q0,residual_acf,24,0.1116367819904648,0.05,True
Germany,2024-11-11,weekly_differenced,weekly_differenced_arima_p2_d0_q0,residual_acf,25,0.0310749731647868,0.05,False
Germany,2024-11-11,weekly_differenced,weekly_differenced_arima_p2_d0_q0,residual_acf,26,-0.0006949048835951,0.05,False
Germany,2024-11-11,weekly_differenced,weekly_differenced_arima_p2_d0_q0,residual_acf,27,-0.0307504169333575,0.05,False
Germany,2024-11-11,weekly_differenced,weekly_differenced_arima_p2_d0_q0,residual_acf,28,-0.0133530189243624,0.05,False
Germany,2024-11-11,weekly_differenced,weekly_differenced_arima_p2_d0_q0,residual_acf,29,-0.0081878894822419,0.05,False
Germany,2024-11-11,weekly_differenced,weekly_differenced_arima_p2_d0_q0,residual_acf,3,-0.0286193605745262,0.05,False
Germany,2024-11-11,weekly_differenced,weekly_differenced_arima_p2_d0_q0,residual_acf,30,0.009669064535998,0.05,False
Germany,2024-11-11,weekly_differenced,weekly_differenced_arima_p2_d0_q0,residual_acf,31,-0.0207180977921807,0.05,False
Germany,2024-11-11,weekly_differenced,weekly_differenced_arima_p2_d0_q0,residual_acf,32,0.0047146610011093,0.05,False
Germany,2024-11-11,weekly_differenced,weekly_differenced_arima_p2_d0_q0,residual_acf,33,-0.0160385174620126,0.05,False
Germany,2024-11-11,weekly_differenced,weekly_differenced_arima_p2_d0_q0,residual_acf,34,-0.0163733116995454,0.05,False
Germany,2024-11-11,weekly_differenced,weekly_differenced_arima_p2_d0_q0,residual_acf,35,0.0150179163927117,0.05,False
Germany,2024-11-11,weekly_differenced,weekly_differenced_arima_p2_d0_q0,residual_acf,36,0.0143222401493947,0.05,False
Germany,2024-11-11,weekly_differenced,weekly_differenced_arima_p2_d0_q0,residual_acf,37,-0.003124772188624,0.05,False
Germany,2024-11-11,weekly_differenced,weekly_differenced_arima_p2_d0_q0,residual_acf,38,0.0188414922506406,0.05,False
Germany,2024-11-11,weekly_differenced,weekly_differenced_arima_p2_d0_q0,residual_acf,39,-0.0061216340536069,0.05,False
Germany,2024-11-11,weekly_differenced,weekly_differenced_arima_p2_d0_q0,residual_acf,4,-0.017579255186252,0.05,False
Germany,2024-11-11,weekly_differenced,weekly_differenced_arima_p2_d0_q0,residual_acf,40,-0.0019266643753028,0.05,False
Germany,2024-11-11,weekly_differenced,weekly_differenced_arima_p2_d0_q0,residual_acf,41,0.0237913530265058,0.05,False
Germany,2024-11-11,weekly_differenced,weekly_differenced_arima_p2_d0_q0,residual_acf,42,0.0105246438420696,0.05,False
Germany,2024-11-11,weekly_differenced,weekly_differenced_arima_p2_d0_q0,residual_acf,43,0.0048787682834508,0.05,False
Germany,2024-11-11,weekly_differenced,weekly_differenced_arima_p2_d0_q0,residual_acf,44,-0.0043006136006732,0.05,False
Germany,2024-11-11,weekly_differenced,weekly_differenced_arima_p2_d0_q0,residual_acf,45,-0.014270613349841,0.05,False
Germany,2024-11-11,weekly_differenced,weekly_differenced_arima_p2_d0_q0,residual_acf,46,-0.0166938561444539,0.05,False
Germany,2024-11-11,weekly_differenced,weekly_differenced_arima_p2_d0_q0,residual_acf,47,0.0378220754717982,0.05,False
Germany,2024-11-11,weekly_differenced,weekly_differenced_arima_p2_d0_q0,residual_acf,48,0.0849273936119739,0.05,True
Germany,2024-11-11,weekly_differenced,weekly_differenced_arima_p2_d0_q0,residual_acf,5,0.0018890458238205,0.05,False
Germany,2024-11-11,weekly_differenced,weekly_differenced_arima_p2_d0_q0,residual_acf,6,-0.000105055746778,0.05,False
Germany,2024-11-11,weekly_differenced,weekly_differenced_arima_p2_d0_q0,residual_acf,7,-0.0027843876659245,0.05,False
Germany,2024-11-11,weekly_differenced,weekly_differenced_arima_p2_d0_q0,residual_acf,8,-0.0094162232135851,0.05,False
Germany,2024-11-11,weekly_differenced,weekly_differenced_arima_p2_d0_q0,residual_acf,9,0.0006267443709091,0.05,False
Germany,2024-11-11,weekly_differenced,weekly_differenced_arima_p2_d0_q1,ljung_box_pvalue,24,6.1463203334563984e-24,0.01,True
Germany,2024-11-11,weekly_differenced,weekly_differenced_arima_p2_d0_q1,ljung_box_pvalue,48,1.2816723370811344e-32,0.01,True
Germany,2024-11-11,weekly_differenced,weekly_differenced_arima_p2_d0_q1,ljung_box_statistic,24,162.84960326373508,0.01,True
Germany,2024-11-11,weekly_differenced,weekly_differenced_arima_p2_d0_q1,ljung_box_statistic,48,263.21482520933534,0.01,True
Germany,2024-11-11,weekly_differenced,weekly_differenced_arima_p2_d0_q1,residual_acf,1,-0.0008197942956413,0.05,False
Germany,2024-11-11,weekly_differenced,weekly_differenced_arima_p2_d0_q1,residual_acf,10,0.000782203721475,0.05,False
Germany,2024-11-11,weekly_differenced,weekly_differenced_arima_p2_d0_q1,residual_acf,11,0.0116518214951202,0.05,False
Germany,2024-11-11,weekly_differenced,weekly_differenced_arima_p2_d0_q1,residual_acf,12,0.0430686502978615,0.05,False
Germany,2024-11-11,weekly_differenced,weekly_differenced_arima_p2_d0_q1,residual_acf,13,0.0173807051699285,0.05,False
Germany,2024-11-11,weekly_differenced,weekly_differenced_arima_p2_d0_q1,residual_acf,14,-0.0133652735782277,0.05,False
Germany,2024-11-11,weekly_differenced,weekly_differenced_arima_p2_d0_q1,residual_acf,15,-0.0352631847814314,0.05,False
Germany,2024-11-11,weekly_differenced,weekly_differenced_arima_p2_d0_q1,residual_acf,16,-0.047041434546151,0.05,False
Germany,2024-11-11,weekly_differenced,weekly_differenced_arima_p2_d0_q1,residual_acf,17,-0.0070265632455381,0.05,False
Germany,2024-11-11,weekly_differenced,weekly_differenced_arima_p2_d0_q1,residual_acf,18,-0.0234744828182348,0.05,False
Germany,2024-11-11,weekly_differenced,weekly_differenced_arima_p2_d0_q1,residual_acf,19,0.0149230841168532,0.05,False
Germany,2024-11-11,weekly_differenced,weekly_differenced_arima_p2_d0_q1,residual_acf,2,0.0063383762161339,0.05,False
Germany,2024-11-11,weekly_differenced,weekly_differenced_arima_p2_d0_q1,residual_acf,20,-0.0056172222611384,0.05,False
Germany,2024-11-11,weekly_differenced,weekly_differenced_arima_p2_d0_q1,residual_acf,21,0.0041541618943413,0.05,False
Germany,2024-11-11,weekly_differenced,weekly_differenced_arima_p2_d0_q1,residual_acf,22,-0.0172724571005271,0.05,False
Germany,2024-11-11,weekly_differenced,weekly_differenced_arima_p2_d0_q1,residual_acf,23,0.0403282212639113,0.05,False
Germany,2024-11-11,weekly_differenced,weekly_differenced_arima_p2_d0_q1,residual_acf,24,0.1085701437594461,0.05,True
Germany,2024-11-11,weekly_differenced,weekly_differenced_arima_p2_d0_q1,residual_acf,25,0.0282040689879409,0.05,False
Germany,2024-11-11,weekly_differenced,weekly_differenced_arima_p2_d0_q1,residual_acf,26,0.0019727101381456,0.05,False
Germany,2024-11-11,weekly_differenced,weekly_differenced_arima_p2_d0_q1,residual_acf,27,-0.0301162525839014,0.05,False
Germany,2024-11-11,weekly_differenced,weekly_differenced_arima_p2_d0_q1,residual_acf,28,-0.0134539527958524,0.05,False
Germany,2024-11-11,weekly_differenced,weekly_differenced_arima_p2_d0_q1,residual_acf,29,-0.0115502602396281,0.05,False
Germany,2024-11-11,weekly_differenced,weekly_differenced_arima_p2_d0_q1,residual_acf,3,-0.020088859365466,0.05,False
Germany,2024-11-11,weekly_differenced,weekly_differenced_arima_p2_d0_q1,residual_acf,30,0.0078678126592001,0.05,False
Germany,2024-11-11,weekly_differenced,weekly_differenced_arima_p2_d0_q1,residual_acf,31,-0.0238093223676694,0.05,False
Germany,2024-11-11,weekly_differenced,weekly_differenced_arima_p2_d0_q1,residual_acf,32,0.0035748832018924,0.05,False
Germany,2024-11-11,weekly_differenced,weekly_differenced_arima_p2_d0_q1,residual_acf,33,-0.0173431506153354,0.05,False
Germany,2024-11-11,weekly_differenced,weekly_differenced_arima_p2_d0_q1,residual_acf,34,-0.0171033393861345,0.05,False
Germany,2024-11-11,weekly_differenced,weekly_differenced_arima_p2_d0_q1,residual_acf,35,0.0131403080080408,0.05,False
Germany,2024-11-11,weekly_differenced,weekly_differenced_arima_p2_d0_q1,residual_acf,36,0.01288897957834,0.05,False
Germany,2024-11-11,weekly_differenced,weekly_differenced_arima_p2_d0_q1,residual_acf,37,-0.0045964562085625,0.05,False
Germany,2024-11-11,weekly_differenced,weekly_differenced_arima_p2_d0_q1,residual_acf,38,0.0186980340207258,0.05,False
Germany,2024-11-11,weekly_differenced,weekly_differenced_arima_p2_d0_q1,residual_acf,39,-0.0064191722055456,0.05,False
Germany,2024-11-11,weekly_differenced,weekly_differenced_arima_p2_d0_q1,residual_acf,4,-0.0170217330708678,0.05,False
Germany,2024-11-11,weekly_differenced,weekly_differenced_arima_p2_d0_q1,residual_acf,40,-0.0020947276192712,0.05,False
Germany,2024-11-11,weekly_differenced,weekly_differenced_arima_p2_d0_q1,residual_acf,41,0.0226678687244883,0.05,False
Germany,2024-11-11,weekly_differenced,weekly_differenced_arima_p2_d0_q1,residual_acf,42,0.008749343992322,0.05,False
Germany,2024-11-11,weekly_differenced,weekly_differenced_arima_p2_d0_q1,residual_acf,43,0.0041726481863195,0.05,False
Germany,2024-11-11,weekly_differenced,weekly_differenced_arima_p2_d0_q1,residual_acf,44,-0.0045898247201083,0.05,False
Germany,2024-11-11,weekly_differenced,weekly_differenced_arima_p2_d0_q1,residual_acf,45,-0.0124020095373249,0.05,False
Germany,2024-11-11,weekly_differenced,weekly_differenced_arima_p2_d0_q1,residual_acf,46,-0.0147829534502591,0.05,False
Germany,2024-11-11,weekly_differenced,weekly_differenced_arima_p2_d0_q1,residual_acf,47,0.0352107802062556,0.05,False
Germany,2024-11-11,weekly_differenced,weekly_differenced_arima_p2_d0_q1,residual_acf,48,0.0831800384152319,0.05,True
Germany,2024-11-11,weekly_differenced,weekly_differenced_arima_p2_d0_q1,residual_acf,5,-0.0007969506655605,0.05,False
Germany,2024-11-11,weekly_differenced,weekly_differenced_arima_p2_d0_q1,residual_acf,6,-0.0039003870472802,0.05,False
Germany,2024-11-11,weekly_differenced,weekly_differenced_arima_p2_d0_q1,residual_acf,7,-0.0053946156713188,0.05,False
Germany,2024-11-11,weekly_differenced,weekly_differenced_arima_p2_d0_q1,residual_acf,8,-0.0118471831461383,0.05,False
Germany,2024-11-11,weekly_differenced,weekly_differenced_arima_p2_d0_q1,residual_acf,9,-0.0008812561565999,0.05,False
Germany,2024-11-11,weekly_differenced,weekly_differenced_arima_p2_d0_q2,ljung_box_pvalue,24,2.0531453449366438e-23,0.01,True
Germany,2024-11-11,weekly_differenced,weekly_differenced_arima_p2_d0_q2,ljung_box_pvalue,48,8.561047445270776e-32,0.01,True
Germany,2024-11-11,weekly_differenced,weekly_differenced_arima_p2_d0_q2,ljung_box_statistic,24,157.7351419521617,0.01,True
Germany,2024-11-11,weekly_differenced,weekly_differenced_arima_p2_d0_q2,ljung_box_statistic,48,256.5382132090797,0.01,True
Germany,2024-11-11,weekly_differenced,weekly_differenced_arima_p2_d0_q2,residual_acf,1,-0.0014231051287007,0.05,False
Germany,2024-11-11,weekly_differenced,weekly_differenced_arima_p2_d0_q2,residual_acf,10,2.3579964897697253e-05,0.05,False
Germany,2024-11-11,weekly_differenced,weekly_differenced_arima_p2_d0_q2,residual_acf,11,0.010350509396419,0.05,False
Germany,2024-11-11,weekly_differenced,weekly_differenced_arima_p2_d0_q2,residual_acf,12,0.0417094669189301,0.05,False
Germany,2024-11-11,weekly_differenced,weekly_differenced_arima_p2_d0_q2,residual_acf,13,0.0159075381019575,0.05,False
Germany,2024-11-11,weekly_differenced,weekly_differenced_arima_p2_d0_q2,residual_acf,14,-0.0140623968050527,0.05,False
Germany,2024-11-11,weekly_differenced,weekly_differenced_arima_p2_d0_q2,residual_acf,15,-0.0357477581756081,0.05,False
Germany,2024-11-11,weekly_differenced,weekly_differenced_arima_p2_d0_q2,residual_acf,16,-0.0470680635466794,0.05,False
Germany,2024-11-11,weekly_differenced,weekly_differenced_arima_p2_d0_q2,residual_acf,17,-0.0080313602798277,0.05,False
Germany,2024-11-11,weekly_differenced,weekly_differenced_arima_p2_d0_q2,residual_acf,18,-0.0245348087204349,0.05,False
Germany,2024-11-11,weekly_differenced,weekly_differenced_arima_p2_d0_q2,residual_acf,19,0.0131805229592757,0.05,False
Germany,2024-11-11,weekly_differenced,weekly_differenced_arima_p2_d0_q2,residual_acf,2,0.00142551840395,0.05,False
Germany,2024-11-11,weekly_differenced,weekly_differenced_arima_p2_d0_q2,residual_acf,20,-0.0054542735933168,0.05,False
Germany,2024-11-11,weekly_differenced,weekly_differenced_arima_p2_d0_q2,residual_acf,21,0.0048821944242548,0.05,False
Germany,2024-11-11,weekly_differenced,weekly_differenced_arima_p2_d0_q2,residual_acf,22,-0.0174910968517528,0.05,False
Germany,2024-11-11,weekly_differenced,weekly_differenced_arima_p2_d0_q2,residual_acf,23,0.0396869138472397,0.05,False
Germany,2024-11-11,weekly_differenced,weekly_differenced_arima_p2_d0_q2,residual_acf,24,0.1078395854594506,0.05,True
Germany,2024-11-11,weekly_differenced,weekly_differenced_arima_p2_d0_q2,residual_acf,25,0.0271217783978229,0.05,False
Germany,2024-11-11,weekly_differenced,weekly_differenced_arima_p2_d0_q2,residual_acf,26,0.0015760984753064,0.05,False
Germany,2024-11-11,weekly_differenced,weekly_differenced_arima_p2_d0_q2,residual_acf,27,-0.0285990225468291,0.05,False
Germany,2024-11-11,weekly_differenced,weekly_differenced_arima_p2_d0_q2,residual_acf,28,-0.0139545432674876,0.05,False
Germany,2024-11-11,weekly_differenced,weekly_differenced_arima_p2_d0_q2,residual_acf,29,-0.0117309887986663,0.05,False
Germany,2024-11-11,weekly_differenced,weekly_differenced_arima_p2_d0_q2,residual_acf,3,-0.0027021324202718,0.05,False
Germany,2024-11-11,weekly_differenced,weekly_differenced_arima_p2_d0_q2,residual_acf,30,0.0066008723207441,0.05,False
Germany,2024-11-11,weekly_differenced,weekly_differenced_arima_p2_d0_q2,residual_acf,31,-0.0247455420806064,0.05,False
Germany,2024-11-11,weekly_differenced,weekly_differenced_arima_p2_d0_q2,residual_acf,32,0.0031360779632233,0.05,False
Germany,2024-11-11,weekly_differenced,weekly_differenced_arima_p2_d0_q2,residual_acf,33,-0.0173986076893022,0.05,False
Germany,2024-11-11,weekly_differenced,weekly_differenced_arima_p2_d0_q2,residual_acf,34,-0.0181542947296764,0.05,False
Germany,2024-11-11,weekly_differenced,weekly_differenced_arima_p2_d0_q2,residual_acf,35,0.0132513525495359,0.05,False
Germany,2024-11-11,weekly_differenced,weekly_differenced_arima_p2_d0_q2,residual_acf,36,0.0120588322274291,0.05,False
Germany,2024-11-11,weekly_differenced,weekly_differenced_arima_p2_d0_q2,residual_acf,37,-0.0054036607942186,0.05,False
Germany,2024-11-11,weekly_differenced,weekly_differenced_arima_p2_d0_q2,residual_acf,38,0.0189788694913538,0.05,False
Germany,2024-11-11,weekly_differenced,weekly_differenced_arima_p2_d0_q2,residual_acf,39,-0.0065249564460774,0.05,False
Germany,2024-11-11,weekly_differenced,weekly_differenced_arima_p2_d0_q2,residual_acf,4,-0.0179802364601805,0.05,False
Germany,2024-11-11,weekly_differenced,weekly_differenced_arima_p2_d0_q2,residual_acf,40,-0.0026071873276058,0.05,False
Germany,2024-11-11,weekly_differenced,weekly_differenced_arima_p2_d0_q2,residual_acf,41,0.0226318546522209,0.05,False
Germany,2024-11-11,weekly_differenced,weekly_differenced_arima_p2_d0_q2,residual_acf,42,0.0080917699923489,0.05,False
Germany,2024-11-11,weekly_differenced,weekly_differenced_arima_p2_d0_q2,residual_acf,43,0.0035011348482249,0.05,False
Germany,2024-11-11,weekly_differenced,weekly_differenced_arima_p2_d0_q2,residual_acf,44,-0.0038560242029763,0.05,False
Germany,2024-11-11,weekly_differenced,weekly_differenced_arima_p2_d0_q2,residual_acf,45,-0.0112569614852295,0.05,False
Germany,2024-11-11,weekly_differenced,weekly_differenced_arima_p2_d0_q2,residual_acf,46,-0.0155729125470672,0.05,False
Germany,2024-11-11,weekly_differenced,weekly_differenced_arima_p2_d0_q2,residual_acf,47,0.0351120256782992,0.05,False
Germany,2024-11-11,weekly_differenced,weekly_differenced_arima_p2_d0_q2,residual_acf,48,0.0825381033268962,0.05,True
Germany,2024-11-11,weekly_differenced,weekly_differenced_arima_p2_d0_q2,residual_acf,5,-0.0016991623495042,0.05,False
Germany,2024-11-11,weekly_differenced,weekly_differenced_arima_p2_d0_q2,residual_acf,6,-0.0047820291305804,0.05,False
Germany,2024-11-11,weekly_differenced,weekly_differenced_arima_p2_d0_q2,residual_acf,7,-0.0066256371458821,0.05,False
Germany,2024-11-11,weekly_differenced,weekly_differenced_arima_p2_d0_q2,residual_acf,8,-0.0125784051738687,0.05,False
Germany,2024-11-11,weekly_differenced,weekly_differenced_arima_p2_d0_q2,residual_acf,9,-0.0010743802705387,0.05,False
Germany,2024-11-11,weekly_differenced,weekly_differenced_arima_p3_d0_q1,ljung_box_pvalue,24,3.332357173101256e-22,0.01,True
Germany,2024-11-11,weekly_differenced,weekly_differenced_arima_p3_d0_q1,ljung_box_pvalue,48,2.5708238520259625e-30,0.01,True
Germany,2024-11-11,weekly_differenced,weekly_differenced_arima_p3_d0_q1,ljung_box_statistic,24,151.43847895388993,0.01,True
Germany,2024-11-11,weekly_differenced,weekly_differenced_arima_p3_d0_q1,ljung_box_statistic,48,248.3909736645301,0.01,True
Germany,2024-11-11,weekly_differenced,weekly_differenced_arima_p3_d0_q1,residual_acf,1,-0.0006840716430867,0.05,False
Germany,2024-11-11,weekly_differenced,weekly_differenced_arima_p3_d0_q1,residual_acf,10,-0.0039020270581552,0.05,False
Germany,2024-11-11,weekly_differenced,weekly_differenced_arima_p3_d0_q1,residual_acf,11,0.0058451016979335,0.05,False
Germany,2024-11-11,weekly_differenced,weekly_differenced_arima_p3_d0_q1,residual_acf,12,0.0372344506524002,0.05,False
Germany,2024-11-11,weekly_differenced,weekly_differenced_arima_p3_d0_q1,residual_acf,13,0.0122138177596275,0.05,False
Germany,2024-11-11,weekly_differenced,weekly_differenced_arima_p3_d0_q1,residual_acf,14,-0.0174668440866812,0.05,False
Germany,2024-11-11,weekly_differenced,weekly_differenced_arima_p3_d0_q1,residual_acf,15,-0.0382903450075317,0.05,False
Germany,2024-11-11,weekly_differenced,weekly_differenced_arima_p3_d0_q1,residual_acf,16,-0.0487954894621184,0.05,False
Germany,2024-11-11,weekly_differenced,weekly_differenced_arima_p3_d0_q1,residual_acf,17,-0.0096359686686316,0.05,False
Germany,2024-11-11,weekly_differenced,weekly_differenced_arima_p3_d0_q1,residual_acf,18,-0.026174881672745,0.05,False
Germany,2024-11-11,weekly_differenced,weekly_differenced_arima_p3_d0_q1,residual_acf,19,0.0119223108767948,0.05,False
Germany,2024-11-11,weekly_differenced,weekly_differenced_arima_p3_d0_q1,residual_acf,2,-0.0009342793651898,0.05,False
Germany,2024-11-11,weekly_differenced,weekly_differenced_arima_p3_d0_q1,residual_acf,20,-0.0064550224134689,0.05,False
Germany,2024-11-11,weekly_differenced,weekly_differenced_arima_p3_d0_q1,residual_acf,21,0.0025360938380426,0.05,False
Germany,2024-11-11,weekly_differenced,weekly_differenced_arima_p3_d0_q1,residual_acf,22,-0.0206412797132184,0.05,False
Germany,2024-11-11,weekly_differenced,weekly_differenced_arima_p3_d0_q1,residual_acf,23,0.0369120392554154,0.05,False
Germany,2024-11-11,weekly_differenced,weekly_differenced_arima_p3_d0_q1,residual_acf,24,0.1055152568769651,0.05,True
Germany,2024-11-11,weekly_differenced,weekly_differenced_arima_p3_d0_q1,residual_acf,25,0.0250511238120258,0.05,False
Germany,2024-11-11,weekly_differenced,weekly_differenced_arima_p3_d0_q1,residual_acf,26,-0.0006748562043204,0.05,False
Germany,2024-11-11,weekly_differenced,weekly_differenced_arima_p3_d0_q1,residual_acf,27,-0.0298219399499629,0.05,False
Germany,2024-11-11,weekly_differenced,weekly_differenced_arima_p3_d0_q1,residual_acf,28,-0.0135965802058694,0.05,False
Germany,2024-11-11,weekly_differenced,weekly_differenced_arima_p3_d0_q1,residual_acf,29,-0.0119555707886445,0.05,False
Germany,2024-11-11,weekly_differenced,weekly_differenced_arima_p3_d0_q1,residual_acf,3,0.0011809689816067,0.05,False
Germany,2024-11-11,weekly_differenced,weekly_differenced_arima_p3_d0_q1,residual_acf,30,0.0054628895097476,0.05,False
Germany,2024-11-11,weekly_differenced,weekly_differenced_arima_p3_d0_q1,residual_acf,31,-0.0262912385094819,0.05,False
Germany,2024-11-11,weekly_differenced,weekly_differenced_arima_p3_d0_q1,residual_acf,32,0.0012293128400849,0.05,False
Germany,2024-11-11,weekly_differenced,weekly_differenced_arima_p3_d0_q1,residual_acf,33,-0.0194692728770771,0.05,False
Germany,2024-11-11,weekly_differenced,weekly_differenced_arima_p3_d0_q1,residual_acf,34,-0.0198559179846868,0.05,False
Germany,2024-11-11,weekly_differenced,weekly_differenced_arima_p3_d0_q1,residual_acf,35,0.011279949107087,0.05,False
Germany,2024-11-11,weekly_differenced,weekly_differenced_arima_p3_d0_q1,residual_acf,36,0.0104216417256115,0.05,False
Germany,2024-11-11,weekly_differenced,weekly_differenced_arima_p3_d0_q1,residual_acf,37,-0.0068897629145882,0.05,False
Germany,2024-11-11,weekly_differenced,weekly_differenced_arima_p3_d0_q1,residual_acf,38,0.0172864341187877,0.05,False
Germany,2024-11-11,weekly_differenced,weekly_differenced_arima_p3_d0_q1,residual_acf,39,-0.00789320642136,0.05,False
Germany,2024-11-11,weekly_differenced,weekly_differenced_arima_p3_d0_q1,residual_acf,4,-0.0005034197938323,0.05,False
Germany,2024-11-11,weekly_differenced,weekly_differenced_arima_p3_d0_q1,residual_acf,40,-0.0038194774692505,0.05,False
Germany,2024-11-11,weekly_differenced,weekly_differenced_arima_p3_d0_q1,residual_acf,41,0.0215731863762368,0.05,False
Germany,2024-11-11,weekly_differenced,weekly_differenced_arima_p3_d0_q1,residual_acf,42,0.0078052552393193,0.05,False
Germany,2024-11-11,weekly_differenced,weekly_differenced_arima_p3_d0_q1,residual_acf,43,0.00392134927804,0.05,False
Germany,2024-11-11,weekly_differenced,weekly_differenced_arima_p3_d0_q1,residual_acf,44,-0.0031747512510418,0.05,False
Germany,2024-11-11,weekly_differenced,weekly_differenced_arima_p3_d0_q1,residual_acf,45,-0.0117432617653641,0.05,False
Germany,2024-11-11,weekly_differenced,weekly_differenced_arima_p3_d0_q1,residual_acf,46,-0.0164764201562818,0.05,False
Germany,2024-11-11,weekly_differenced,weekly_differenced_arima_p3_d0_q1,residual_acf,47,0.0340730866411223,0.05,False
Germany,2024-11-11,weekly_differenced,weekly_differenced_arima_p3_d0_q1,residual_acf,48,0.0812449529404162,0.05,True
Germany,2024-11-11,weekly_differenced,weekly_differenced_arima_p3_d0_q1,residual_acf,5,0.0081237583175305,0.05,False
Germany,2024-11-11,weekly_differenced,weekly_differenced_arima_p3_d0_q1,residual_acf,6,-0.0006951222052528,0.05,False
Germany,2024-11-11,weekly_differenced,weekly_differenced_arima_p3_d0_q1,residual_acf,7,-0.005769209224998,0.05,False
Germany,2024-11-11,weekly_differenced,weekly_differenced_arima_p3_d0_q1,residual_acf,8,-0.0136185742210532,0.05,False
Germany,2024-11-11,weekly_differenced,weekly_differenced_arima_p3_d0_q1,residual_acf,9,-0.0037231292709404,0.05,False
Germany,2024-12-25,weekly_differenced,weekly_differenced_arima_p1_d0_q1,ljung_box_pvalue,24,2.107328882314912e-53,0.01,True
Germany,2024-12-25,weekly_differenced,weekly_differenced_arima_p1_d0_q1,ljung_box_pvalue,48,5.390626855407508e-63,0.01,True
Germany,2024-12-25,weekly_differenced,weekly_differenced_arima_p1_d0_q1,ljung_box_statistic,24,313.6049749247828,0.01,True
Germany,2024-12-25,weekly_differenced,weekly_differenced_arima_p1_d0_q1,ljung_box_statistic,48,425.91946010033496,0.01,True
Germany,2024-12-25,weekly_differenced,weekly_differenced_arima_p1_d0_q1,residual_acf,1,0.0343419337648676,0.05,False
Germany,2024-12-25,weekly_differenced,weekly_differenced_arima_p1_d0_q1,residual_acf,10,0.0003157424036237,0.05,False
Germany,2024-12-25,weekly_differenced,weekly_differenced_arima_p1_d0_q1,residual_acf,11,0.002751378944654,0.05,False
Germany,2024-12-25,weekly_differenced,weekly_differenced_arima_p1_d0_q1,residual_acf,12,0.0347706126288705,0.05,False
Germany,2024-12-25,weekly_differenced,weekly_differenced_arima_p1_d0_q1,residual_acf,13,0.0068921949629943,0.05,False
Germany,2024-12-25,weekly_differenced,weekly_differenced_arima_p1_d0_q1,residual_acf,14,-0.0193325705784364,0.05,False
Germany,2024-12-25,weekly_differenced,weekly_differenced_arima_p1_d0_q1,residual_acf,15,-0.0417158015087178,0.05,False
Germany,2024-12-25,weekly_differenced,weekly_differenced_arima_p1_d0_q1,residual_acf,16,-0.056287711536907,0.05,True
Germany,2024-12-25,weekly_differenced,weekly_differenced_arima_p1_d0_q1,residual_acf,17,-0.0173391885707929,0.05,False
Germany,2024-12-25,weekly_differenced,weekly_differenced_arima_p1_d0_q1,residual_acf,18,-0.0323976017360901,0.05,False
Germany,2024-12-25,weekly_differenced,weekly_differenced_arima_p1_d0_q1,residual_acf,19,0.0025595332864928,0.05,False
Germany,2024-12-25,weekly_differenced,weekly_differenced_arima_p1_d0_q1,residual_acf,2,0.0940576277025047,0.05,True
Germany,2024-12-25,weekly_differenced,weekly_differenced_arima_p1_d0_q1,residual_acf,20,-0.0174244903924635,0.05,False
Germany,2024-12-25,weekly_differenced,weekly_differenced_arima_p1_d0_q1,residual_acf,21,0.0038435892306189,0.05,False
Germany,2024-12-25,weekly_differenced,weekly_differenced_arima_p1_d0_q1,residual_acf,22,-0.0118581108523178,0.05,False
Germany,2024-12-25,weekly_differenced,weekly_differenced_arima_p1_d0_q1,residual_acf,23,0.0435745884244538,0.05,False
Germany,2024-12-25,weekly_differenced,weekly_differenced_arima_p1_d0_q1,residual_acf,24,0.114379130307416,0.05,True
Germany,2024-12-25,weekly_differenced,weekly_differenced_arima_p1_d0_q1,residual_acf,25,0.0362833499091141,0.05,False
Germany,2024-12-25,weekly_differenced,weekly_differenced_arima_p1_d0_q1,residual_acf,26,0.0036682922593774,0.05,False
Germany,2024-12-25,weekly_differenced,weekly_differenced_arima_p1_d0_q1,residual_acf,27,-0.0348069302266349,0.05,False
Germany,2024-12-25,weekly_differenced,weekly_differenced_arima_p1_d0_q1,residual_acf,28,-0.0210282227625201,0.05,False
Germany,2024-12-25,weekly_differenced,weekly_differenced_arima_p1_d0_q1,residual_acf,29,-0.0190872797456651,0.05,False
Germany,2024-12-25,weekly_differenced,weekly_differenced_arima_p1_d0_q1,residual_acf,3,-0.0356853560108466,0.05,False
Germany,2024-12-25,weekly_differenced,weekly_differenced_arima_p1_d0_q1,residual_acf,30,-0.0042786751960646,0.05,False
Germany,2024-12-25,weekly_differenced,weekly_differenced_arima_p1_d0_q1,residual_acf,31,-0.0237658067221957,0.05,False
Germany,2024-12-25,weekly_differenced,weekly_differenced_arima_p1_d0_q1,residual_acf,32,-0.009149625073995,0.05,False
Germany,2024-12-25,weekly_differenced,weekly_differenced_arima_p1_d0_q1,residual_acf,33,-0.0150298356200134,0.05,False
Germany,2024-12-25,weekly_differenced,weekly_differenced_arima_p1_d0_q1,residual_acf,34,-0.0192336378802298,0.05,False
Germany,2024-12-25,weekly_differenced,weekly_differenced_arima_p1_d0_q1,residual_acf,35,0.0083499747824722,0.05,False
Germany,2024-12-25,weekly_differenced,weekly_differenced_arima_p1_d0_q1,residual_acf,36,0.0116338948169637,0.05,False
Germany,2024-12-25,weekly_differenced,weekly_differenced_arima_p1_d0_q1,residual_acf,37,-0.0071581425301446,0.05,False
Germany,2024-12-25,weekly_differenced,weekly_differenced_arima_p1_d0_q1,residual_acf,38,0.0157232467685619,0.05,False
Germany,2024-12-25,weekly_differenced,weekly_differenced_arima_p1_d0_q1,residual_acf,39,-0.0082803934240731,0.05,False
Germany,2024-12-25,weekly_differenced,weekly_differenced_arima_p1_d0_q1,residual_acf,4,-0.0169343216240727,0.05,False
Germany,2024-12-25,weekly_differenced,weekly_differenced_arima_p1_d0_q1,residual_acf,40,0.0002024739661096,0.05,False
Germany,2024-12-25,weekly_differenced,weekly_differenced_arima_p1_d0_q1,residual_acf,41,0.0127835007171253,0.05,False
Germany,2024-12-25,weekly_differenced,weekly_differenced_arima_p1_d0_q1,residual_acf,42,0.0085290972620392,0.05,False
Germany,2024-12-25,weekly_differenced,weekly_differenced_arima_p1_d0_q1,residual_acf,43,0.0015714793621177,0.05,False
Germany,2024-12-25,weekly_differenced,weekly_differenced_arima_p1_d0_q1,residual_acf,44,-0.0096894964039435,0.05,False
Germany,2024-12-25,weekly_differenced,weekly_differenced_arima_p1_d0_q1,residual_acf,45,-0.0129187865104113,0.05,False
Germany,2024-12-25,weekly_differenced,weekly_differenced_arima_p1_d0_q1,residual_acf,46,-0.0064219074442211,0.05,False
Germany,2024-12-25,weekly_differenced,weekly_differenced_arima_p1_d0_q1,residual_acf,47,0.0282878972308241,0.05,False
Germany,2024-12-25,weekly_differenced,weekly_differenced_arima_p1_d0_q1,residual_acf,48,0.0801510229810977,0.05,True
Germany,2024-12-25,weekly_differenced,weekly_differenced_arima_p1_d0_q1,residual_acf,5,-0.0157906259221497,0.05,False
Germany,2024-12-25,weekly_differenced,weekly_differenced_arima_p1_d0_q1,residual_acf,6,-0.0202441870076523,0.05,False
Germany,2024-12-25,weekly_differenced,weekly_differenced_arima_p1_d0_q1,residual_acf,7,-0.0123535743924488,0.05,False
Germany,2024-12-25,weekly_differenced,weekly_differenced_arima_p1_d0_q1,residual_acf,8,-0.0207574509909955,0.05,False
Germany,2024-12-25,weekly_differenced,weekly_differenced_arima_p1_d0_q1,residual_acf,9,-0.0094293730411915,0.05,False
Germany,2024-12-25,weekly_differenced,weekly_differenced_arima_p2_d0_q0,ljung_box_pvalue,24,3.903890089927742e-33,0.01,True
Germany,2024-12-25,weekly_differenced,weekly_differenced_arima_p2_d0_q0,ljung_box_pvalue,48,1.0661888777784174e-43,0.01,True
Germany,2024-12-25,weekly_differenced,weekly_differenced_arima_p2_d0_q0,ljung_box_statistic,24,212.5543880437577,0.01,True
Germany,2024-12-25,weekly_differenced,weekly_differenced_arima_p2_d0_q0,ljung_box_statistic,48,325.2661166739897,0.01,True
Germany,2024-12-25,weekly_differenced,weekly_differenced_arima_p2_d0_q0,residual_acf,1,0.0135154290052045,0.05,False
Germany,2024-12-25,weekly_differenced,weekly_differenced_arima_p2_d0_q0,residual_acf,10,0.0060097315179838,0.05,False
Germany,2024-12-25,weekly_differenced,weekly_differenced_arima_p2_d0_q0,residual_acf,11,0.0093430856255712,0.05,False
Germany,2024-12-25,weekly_differenced,weekly_differenced_arima_p2_d0_q0,residual_acf,12,0.0443107490995776,0.05,False
Germany,2024-12-25,weekly_differenced,weekly_differenced_arima_p2_d0_q0,residual_acf,13,0.0182112120157601,0.05,False
Germany,2024-12-25,weekly_differenced,weekly_differenced_arima_p2_d0_q0,residual_acf,14,-0.0096803886053203,0.05,False
Germany,2024-12-25,weekly_differenced,weekly_differenced_arima_p2_d0_q0,residual_acf,15,-0.0328508544976128,0.05,False
Germany,2024-12-25,weekly_differenced,weekly_differenced_arima_p2_d0_q0,residual_acf,16,-0.0428682951647552,0.05,False
Germany,2024-12-25,weekly_differenced,weekly_differenced_arima_p2_d0_q0,residual_acf,17,-0.0042544160775095,0.05,False
Germany,2024-12-25,weekly_differenced,weekly_differenced_arima_p2_d0_q0,residual_acf,18,-0.0172555426085695,0.05,False
Germany,2024-12-25,weekly_differenced,weekly_differenced_arima_p2_d0_q0,residual_acf,19,0.0114717110004074,0.05,False
Germany,2024-12-25,weekly_differenced,weekly_differenced_arima_p2_d0_q0,residual_acf,2,-0.0234097451426246,0.05,False
Germany,2024-12-25,weekly_differenced,weekly_differenced_arima_p2_d0_q0,residual_acf,20,-0.0068858586444379,0.05,False
Germany,2024-12-25,weekly_differenced,weekly_differenced_arima_p2_d0_q0,residual_acf,21,0.004036690389306,0.05,False
Germany,2024-12-25,weekly_differenced,weekly_differenced_arima_p2_d0_q0,residual_acf,22,-0.0209867362928725,0.05,False
Germany,2024-12-25,weekly_differenced,weekly_differenced_arima_p2_d0_q0,residual_acf,23,0.0411515971873374,0.05,False
Germany,2024-12-25,weekly_differenced,weekly_differenced_arima_p2_d0_q0,residual_acf,24,0.1198595843123977,0.05,True
Germany,2024-12-25,weekly_differenced,weekly_differenced_arima_p2_d0_q0,residual_acf,25,0.0370253222329924,0.05,False
Germany,2024-12-25,weekly_differenced,weekly_differenced_arima_p2_d0_q0,residual_acf,26,-0.0038009030900285,0.05,False
Germany,2024-12-25,weekly_differenced,weekly_differenced_arima_p2_d0_q0,residual_acf,27,-0.0325004970073293,0.05,False
Germany,2024-12-25,weekly_differenced,weekly_differenced_arima_p2_d0_q0,residual_acf,28,-0.0152423378310624,0.05,False
Germany,2024-12-25,weekly_differenced,weekly_differenced_arima_p2_d0_q0,residual_acf,29,-0.0066753778897963,0.05,False
Germany,2024-12-25,weekly_differenced,weekly_differenced_arima_p2_d0_q0,residual_acf,3,-0.031424311310055,0.05,False
Germany,2024-12-25,weekly_differenced,weekly_differenced_arima_p2_d0_q0,residual_acf,30,0.0051623828044975,0.05,False
Germany,2024-12-25,weekly_differenced,weekly_differenced_arima_p2_d0_q0,residual_acf,31,-0.0151453391267722,0.05,False
Germany,2024-12-25,weekly_differenced,weekly_differenced_arima_p2_d0_q0,residual_acf,32,-0.0011812387576446,0.05,False
Germany,2024-12-25,weekly_differenced,weekly_differenced_arima_p2_d0_q0,residual_acf,33,-0.0086480724238791,0.05,False
Germany,2024-12-25,weekly_differenced,weekly_differenced_arima_p2_d0_q0,residual_acf,34,-0.015997256630873,0.05,False
Germany,2024-12-25,weekly_differenced,weekly_differenced_arima_p2_d0_q0,residual_acf,35,0.0154626709877023,0.05,False
Germany,2024-12-25,weekly_differenced,weekly_differenced_arima_p2_d0_q0,residual_acf,36,0.0158319229170845,0.05,False
Germany,2024-12-25,weekly_differenced,weekly_differenced_arima_p2_d0_q0,residual_acf,37,-0.004606546055119,0.05,False
Germany,2024-12-25,weekly_differenced,weekly_differenced_arima_p2_d0_q0,residual_acf,38,0.0184483109238304,0.05,False
Germany,2024-12-25,weekly_differenced,weekly_differenced_arima_p2_d0_q0,residual_acf,39,-0.0063450377958043,0.05,False
Germany,2024-12-25,weekly_differenced,weekly_differenced_arima_p2_d0_q0,residual_acf,4,-0.0162404327323372,0.05,False
Germany,2024-12-25,weekly_differenced,weekly_differenced_arima_p2_d0_q0,residual_acf,40,0.0002404029608179,0.05,False
Germany,2024-12-25,weekly_differenced,weekly_differenced_arima_p2_d0_q0,residual_acf,41,0.0171215952147175,0.05,False
Germany,2024-12-25,weekly_differenced,weekly_differenced_arima_p2_d0_q0,residual_acf,42,0.0127231644918027,0.05,False
Germany,2024-12-25,weekly_differenced,weekly_differenced_arima_p2_d0_q0,residual_acf,43,0.0050338676109269,0.05,False
Germany,2024-12-25,weekly_differenced,weekly_differenced_arima_p2_d0_q0,residual_acf,44,-0.0065081172493911,0.05,False
Germany,2024-12-25,weekly_differenced,weekly_differenced_arima_p2_d0_q0,residual_acf,45,-0.0133002732737299,0.05,False
Germany,2024-12-25,weekly_differenced,weekly_differenced_arima_p2_d0_q0,residual_acf,46,-0.0132417463935272,0.05,False
Germany,2024-12-25,weekly_differenced,weekly_differenced_arima_p2_d0_q0,residual_acf,47,0.0314091647978875,0.05,False
Germany,2024-12-25,weekly_differenced,weekly_differenced_arima_p2_d0_q0,residual_acf,48,0.0832575873566545,0.05,True
Germany,2024-12-25,weekly_differenced,weekly_differenced_arima_p2_d0_q0,residual_acf,5,-2.8940310339610344e-05,0.05,False
Germany,2024-12-25,weekly_differenced,weekly_differenced_arima_p2_d0_q0,residual_acf,6,-0.0062781174441513,0.05,False
Germany,2024-12-25,weekly_differenced,weekly_differenced_arima_p2_d0_q0,residual_acf,7,6.893299087322396e-05,0.05,False
Germany,2024-12-25,weekly_differenced,weekly_differenced_arima_p2_d0_q0,residual_acf,8,-0.0100027395128326,0.05,False
Germany,2024-12-25,weekly_differenced,weekly_differenced_arima_p2_d0_q0,residual_acf,9,-0.0002708290504253,0.05,False
Germany,2024-12-25,weekly_differenced,weekly_differenced_arima_p2_d0_q1,ljung_box_pvalue,24,1.2333730784313296e-30,0.01,True
Germany,2024-12-25,weekly_differenced,weekly_differenced_arima_p2_d0_q1,ljung_box_pvalue,48,3.28262156622208e-40,0.01,True
Germany,2024-12-25,weekly_differenced,weekly_differenced_arima_p2_d0_q1,ljung_box_statistic,24,197.29394273835177,0.01,True
Germany,2024-12-25,weekly_differenced,weekly_differenced_arima_p2_d0_q1,ljung_box_statistic,48,304.3710149790347,0.01,True
Germany,2024-12-25,weekly_differenced,weekly_differenced_arima_p2_d0_q1,residual_acf,1,-0.0006348148064041,0.05,False
Germany,2024-12-25,weekly_differenced,weekly_differenced_arima_p2_d0_q1,residual_acf,10,0.0050125900022995,0.05,False
Germany,2024-12-25,weekly_differenced,weekly_differenced_arima_p2_d0_q1,residual_acf,11,0.0069965205988841,0.05,False
Germany,2024-12-25,weekly_differenced,weekly_differenced_arima_p2_d0_q1,residual_acf,12,0.0416392178063826,0.05,False
Germany,2024-12-25,weekly_differenced,weekly_differenced_arima_p2_d0_q1,residual_acf,13,0.0148234486613553,0.05,False
Germany,2024-12-25,weekly_differenced,weekly_differenced_arima_p2_d0_q1,residual_acf,14,-0.0113459919519125,0.05,False
Germany,2024-12-25,weekly_differenced,weekly_differenced_arima_p2_d0_q1,residual_acf,15,-0.0334453462801058,0.05,False
Germany,2024-12-25,weekly_differenced,weekly_differenced_arima_p2_d0_q1,residual_acf,16,-0.044915212627762,0.05,False
Germany,2024-12-25,weekly_differenced,weekly_differenced_arima_p2_d0_q1,residual_acf,17,-0.0060649217466309,0.05,False
Germany,2024-12-25,weekly_differenced,weekly_differenced_arima_p2_d0_q1,residual_acf,18,-0.0210051624461501,0.05,False
Germany,2024-12-25,weekly_differenced,weekly_differenced_arima_p2_d0_q1,residual_acf,19,0.0097788867576192,0.05,False
Germany,2024-12-25,weekly_differenced,weekly_differenced_arima_p2_d0_q1,residual_acf,2,0.007546999799455,0.05,False
Germany,2024-12-25,weekly_differenced,weekly_differenced_arima_p2_d0_q1,residual_acf,20,-0.0092708200704646,0.05,False
Germany,2024-12-25,weekly_differenced,weekly_differenced_arima_p2_d0_q1,residual_acf,21,0.0055675610455111,0.05,False
Germany,2024-12-25,weekly_differenced,weekly_differenced_arima_p2_d0_q1,residual_acf,22,-0.0189172852200911,0.05,False
Germany,2024-12-25,weekly_differenced,weekly_differenced_arima_p2_d0_q1,residual_acf,23,0.0400293545835762,0.05,False
Germany,2024-12-25,weekly_differenced,weekly_differenced_arima_p2_d0_q1,residual_acf,24,0.1170861657418338,0.05,True
Germany,2024-12-25,weekly_differenced,weekly_differenced_arima_p2_d0_q1,residual_acf,25,0.0345416432412786,0.05,False
Germany,2024-12-25,weekly_differenced,weekly_differenced_arima_p2_d0_q1,residual_acf,26,-0.0014571014842121,0.05,False
Germany,2024-12-25,weekly_differenced,weekly_differenced_arima_p2_d0_q1,residual_acf,27,-0.0315782156651286,0.05,False
Germany,2024-12-25,weekly_differenced,weekly_differenced_arima_p2_d0_q1,residual_acf,28,-0.0155031893574135,0.05,False
Germany,2024-12-25,weekly_differenced,weekly_differenced_arima_p2_d0_q1,residual_acf,29,-0.0092493703986692,0.05,False
Germany,2024-12-25,weekly_differenced,weekly_differenced_arima_p2_d0_q1,residual_acf,3,-0.0242919572798741,0.05,False
Germany,2024-12-25,weekly_differenced,weekly_differenced_arima_p2_d0_q1,residual_acf,30,0.0033142461125208,0.05,False
Germany,2024-12-25,weekly_differenced,weekly_differenced_arima_p2_d0_q1,residual_acf,31,-0.0172801488501306,0.05,False
Germany,2024-12-25,weekly_differenced,weekly_differenced_arima_p2_d0_q1,residual_acf,32,-0.0024306447869593,0.05,False
Germany,2024-12-25,weekly_differenced,weekly_differenced_arima_p2_d0_q1,residual_acf,33,-0.0094730355679674,0.05,False
Germany,2024-12-25,weekly_differenced,weekly_differenced_arima_p2_d0_q1,residual_acf,34,-0.0168451202968318,0.05,False
Germany,2024-12-25,weekly_differenced,weekly_differenced_arima_p2_d0_q1,residual_acf,35,0.0140574991197562,0.05,False
Germany,2024-12-25,weekly_differenced,weekly_differenced_arima_p2_d0_q1,residual_acf,36,0.0147148814418287,0.05,False
Germany,2024-12-25,weekly_differenced,weekly_differenced_arima_p2_d0_q1,residual_acf,37,-0.0058150075767335,0.05,False
Germany,2024-12-25,weekly_differenced,weekly_differenced_arima_p2_d0_q1,residual_acf,38,0.018436118369288,0.05,False
Germany,2024-12-25,weekly_differenced,weekly_differenced_arima_p2_d0_q1,residual_acf,39,-0.0068284553497111,0.05,False
Germany,2024-12-25,weekly_differenced,weekly_differenced_arima_p2_d0_q1,residual_acf,4,-0.0157149614905403,0.05,False
Germany,2024-12-25,weekly_differenced,weekly_differenced_arima_p2_d0_q1,residual_acf,40,0.0002472518266227,0.05,False
Germany,2024-12-25,weekly_differenced,weekly_differenced_arima_p2_d0_q1,residual_acf,41,0.016102902972708,0.05,False
Germany,2024-12-25,weekly_differenced,weekly_differenced_arima_p2_d0_q1,residual_acf,42,0.0113349017815807,0.05,False
Germany,2024-12-25,weekly_differenced,weekly_differenced_arima_p2_d0_q1,residual_acf,43,0.0042830667642984,0.05,False
Germany,2024-12-25,weekly_differenced,weekly_differenced_arima_p2_d0_q1,residual_acf,44,-0.0066594248371143,0.05,False
Germany,2024-12-25,weekly_differenced,weekly_differenced_arima_p2_d0_q1,residual_acf,45,-0.0119483680748102,0.05,False
Germany,2024-12-25,weekly_differenced,weekly_differenced_arima_p2_d0_q1,residual_acf,46,-0.0116610122770526,0.05,False
Germany,2024-12-25,weekly_differenced,weekly_differenced_arima_p2_d0_q1,residual_acf,47,0.0294328066577943,0.05,False
Germany,2024-12-25,weekly_differenced,weekly_differenced_arima_p2_d0_q1,residual_acf,48,0.0818821285753976,0.05,True
Germany,2024-12-25,weekly_differenced,weekly_differenced_arima_p2_d0_q1,residual_acf,5,-0.0022014769983131,0.05,False
Germany,2024-12-25,weekly_differenced,weekly_differenced_arima_p2_d0_q1,residual_acf,6,-0.0094712833837104,0.05,False
Germany,2024-12-25,weekly_differenced,weekly_differenced_arima_p2_d0_q1,residual_acf,7,-0.002084917052347,0.05,False
Germany,2024-12-25,weekly_differenced,weekly_differenced_arima_p2_d0_q1,residual_acf,8,-0.0121661874071765,0.05,False
Germany,2024-12-25,weekly_differenced,weekly_differenced_arima_p2_d0_q1,residual_acf,9,-0.001735061945116,0.05,False
Germany,2024-12-25,weekly_differenced,weekly_differenced_arima_p2_d0_q2,ljung_box_pvalue,24,1.3159145757868158e-29,0.01,True
Germany,2024-12-25,weekly_differenced,weekly_differenced_arima_p2_d0_q2,ljung_box_pvalue,48,1.0865029791378927e-38,0.01,True
Germany,2024-12-25,weekly_differenced,weekly_differenced_arima_p2_d0_q2,ljung_box_statistic,24,189.51853596271604,0.01,True
Germany,2024-12-25,weekly_differenced,weekly_differenced_arima_p2_d0_q2,ljung_box_statistic,48,293.9698624701074,0.01,True
Germany,2024-12-25,weekly_differenced,weekly_differenced_arima_p2_d0_q2,residual_acf,1,-0.0015874363199117,0.05,False
Germany,2024-12-25,weekly_differenced,weekly_differenced_arima_p2_d0_q2,residual_acf,10,0.0041347285602861,0.05,False
Germany,2024-12-25,weekly_differenced,weekly_differenced_arima_p2_d0_q2,residual_acf,11,0.0054992610125367,0.05,False
Germany,2024-12-25,weekly_differenced,weekly_differenced_arima_p2_d0_q2,residual_acf,12,0.0400569517443175,0.05,False
Germany,2024-12-25,weekly_differenced,weekly_differenced_arima_p2_d0_q2,residual_acf,13,0.0132625878003303,0.05,False
Germany,2024-12-25,weekly_differenced,weekly_differenced_arima_p2_d0_q2,residual_acf,14,-0.012205683542671,0.05,False
Germany,2024-12-25,weekly_differenced,weekly_differenced_arima_p2_d0_q2,residual_acf,15,-0.0339131686235908,0.05,False
Germany,2024-12-25,weekly_differenced,weekly_differenced_arima_p2_d0_q2,residual_acf,16,-0.0450288194599227,0.05,False
Germany,2024-12-25,weekly_differenced,weekly_differenced_arima_p2_d0_q2,residual_acf,17,-0.0072130854115539,0.05,False
Germany,2024-12-25,weekly_differenced,weekly_differenced_arima_p2_d0_q2,residual_acf,18,-0.022091245187369,0.05,False
Germany,2024-12-25,weekly_differenced,weekly_differenced_arima_p2_d0_q2,residual_acf,19,0.007648238130784,0.05,False
Germany,2024-12-25,weekly_differenced,weekly_differenced_arima_p2_d0_q2,residual_acf,2,0.0004147675514864,0.05,False
Germany,2024-12-25,weekly_differenced,weekly_differenced_arima_p2_d0_q2,residual_acf,20,-0.0089724036680594,0.05,False
Germany,2024-12-25,weekly_differenced,weekly_differenced_arima_p2_d0_q2,residual_acf,21,0.0067987429606832,0.05,False
Germany,2024-12-25,weekly_differenced,weekly_differenced_arima_p2_d0_q2,residual_acf,22,-0.0192581223977843,0.05,False
Germany,2024-12-25,weekly_differenced,weekly_differenced_arima_p2_d0_q2,residual_acf,23,0.0390199479390729,0.05,False
Germany,2024-12-25,weekly_differenced,weekly_differenced_arima_p2_d0_q2,residual_acf,24,0.1162776746457411,0.05,True
Germany,2024-12-25,weekly_differenced,weekly_differenced_arima_p2_d0_q2,residual_acf,25,0.0331317753270796,0.05,False
Germany,2024-12-25,weekly_differenced,weekly_differenced_arima_p2_d0_q2,residual_acf,26,-0.0019963188005946,0.05,False
Germany,2024-12-25,weekly_differenced,weekly_differenced_arima_p2_d0_q2,residual_acf,27,-0.0296018258418217,0.05,False
Germany,2024-12-25,weekly_differenced,weekly_differenced_arima_p2_d0_q2,residual_acf,28,-0.0157680195182145,0.05,False
Germany,2024-12-25,weekly_differenced,weekly_differenced_arima_p2_d0_q2,residual_acf,29,-0.0096311219812793,0.05,False
Germany,2024-12-25,weekly_differenced,weekly_differenced_arima_p2_d0_q2,residual_acf,3,-0.0024936053754052,0.05,False
Germany,2024-12-25,weekly_differenced,weekly_differenced_arima_p2_d0_q2,residual_acf,30,0.0020134101808985,0.05,False
Germany,2024-12-25,weekly_differenced,weekly_differenced_arima_p2_d0_q2,residual_acf,31,-0.0184830717659863,0.05,False
Germany,2024-12-25,weekly_differenced,weekly_differenced_arima_p2_d0_q2,residual_acf,32,-0.0028069685292749,0.05,False
Germany,2024-12-25,weekly_differenced,weekly_differenced_arima_p2_d0_q2,residual_acf,33,-0.0095840718909812,0.05,False
Germany,2024-12-25,weekly_differenced,weekly_differenced_arima_p2_d0_q2,residual_acf,34,-0.018009543091534,0.05,False
Germany,2024-12-25,weekly_differenced,weekly_differenced_arima_p2_d0_q2,residual_acf,35,0.0140886264655076,0.05,False
Germany,2024-12-25,weekly_differenced,weekly_differenced_arima_p2_d0_q2,residual_acf,36,0.0139136879830095,0.05,False
Germany,2024-12-25,weekly_differenced,weekly_differenced_arima_p2_d0_q2,residual_acf,37,-0.0067397893227225,0.05,False
Germany,2024-12-25,weekly_differenced,weekly_differenced_arima_p2_d0_q2,residual_acf,38,0.0186613107739367,0.05,False
Germany,2024-12-25,weekly_differenced,weekly_differenced_arima_p2_d0_q2,residual_acf,39,-0.006792334984235,0.05,False
Germany,2024-12-25,weekly_differenced,weekly_differenced_arima_p2_d0_q2,residual_acf,4,-0.0168986602026973,0.05,False
Germany,2024-12-25,weekly_differenced,weekly_differenced_arima_p2_d0_q2,residual_acf,40,-0.0004290044093529,0.05,False
Germany,2024-12-25,weekly_differenced,weekly_differenced_arima_p2_d0_q2,residual_acf,41,0.0160462504005643,0.05,False
Germany,2024-12-25,weekly_differenced,weekly_differenced_arima_p2_d0_q2,residual_acf,42,0.0105561826504681,0.05,False
Germany,2024-12-25,weekly_differenced,weekly_differenced_arima_p2_d0_q2,residual_acf,43,0.0035989878806751,0.05,False
Germany,2024-12-25,weekly_differenced,weekly_differenced_arima_p2_d0_q2,residual_acf,44,-0.0060156029900411,0.05,False
Germany,2024-12-25,weekly_differenced,weekly_differenced_arima_p2_d0_q2,residual_acf,45,-0.0104527968929395,0.05,False
Germany,2024-12-25,weekly_differenced,weekly_differenced_arima_p2_d0_q2,residual_acf,46,-0.0125459341562474,0.05,False
Germany,2024-12-25,weekly_differenced,weekly_differenced_arima_p2_d0_q2,residual_acf,47,0.0292316086974597,0.05,False
Germany,2024-12-25,weekly_differenced,weekly_differenced_arima_p2_d0_q2,residual_acf,48,0.0811100420675887,0.05,True
Germany,2024-12-25,weekly_differenced,weekly_differenced_arima_p2_d0_q2,residual_acf,5,-0.003375981184055,0.05,False
Germany,2024-12-25,weekly_differenced,weekly_differenced_arima_p2_d0_q2,residual_acf,6,-0.0104760519680846,0.05,False
Germany,2024-12-25,weekly_differenced,weekly_differenced_arima_p2_d0_q2,residual_acf,7,-0.0033973907910193,0.05,False
Germany,2024-12-25,weekly_differenced,weekly_differenced_arima_p2_d0_q2,residual_acf,8,-0.0131139000334698,0.05,False
Germany,2024-12-25,weekly_differenced,weekly_differenced_arima_p2_d0_q2,residual_acf,9,-0.0020563255946947,0.05,False
Germany,2024-12-25,weekly_differenced,weekly_differenced_arima_p3_d0_q1,ljung_box_pvalue,24,6.934331695345692e-28,0.01,True
Germany,2024-12-25,weekly_differenced,weekly_differenced_arima_p3_d0_q1,ljung_box_pvalue,48,1.0879402472290416e-36,0.01,True
Germany,2024-12-25,weekly_differenced,weekly_differenced_arima_p3_d0_q1,ljung_box_statistic,24,180.74635419792253,0.01,True
Germany,2024-12-25,weekly_differenced,weekly_differenced_arima_p3_d0_q1,ljung_box_statistic,48,283.2020619473651,0.01,True
Germany,2024-12-25,weekly_differenced,weekly_differenced_arima_p3_d0_q1,residual_acf,1,-0.0003563841216175,0.05,False
Germany,2024-12-25,weekly_differenced,weekly_differenced_arima_p3_d0_q1,residual_acf,10,-0.0001519596678507,0.05,False
Germany,2024-12-25,weekly_differenced,weekly_differenced_arima_p3_d0_q1,residual_acf,11,0.0004487407669957,0.05,False
Germany,2024-12-25,weekly_differenced,weekly_differenced_arima_p3_d0_q1,residual_acf,12,0.0348314196801122,0.05,False
Germany,2024-12-25,weekly_differenced,weekly_differenced_arima_p3_d0_q1,residual_acf,13,0.0087464757167612,0.05,False
Germany,2024-12-25,weekly_differenced,weekly_differenced_arima_p3_d0_q1,residual_acf,14,-0.0166264520285099,0.05,False
Germany,2024-12-25,weekly_differenced,weekly_differenced_arima_p3_d0_q1,residual_acf,15,-0.0376781992030836,0.05,False
Germany,2024-12-25,weekly_differenced,weekly_differenced_arima_p3_d0_q1,residual_acf,16,-0.0478456108879491,0.05,False
Germany,2024-12-25,weekly_differenced,weekly_differenced_arima_p3_d0_q1,residual_acf,17,-0.0092524490194402,0.05,False
Germany,2024-12-25,weekly_differenced,weekly_differenced_arima_p3_d0_q1,residual_acf,18,-0.0239736712956835,0.05,False
Germany,2024-12-25,weekly_differenced,weekly_differenced_arima_p3_d0_q1,residual_acf,19,0.0064075312484851,0.05,False
Germany,2024-12-25,weekly_differenced,weekly_differenced_arima_p3_d0_q1,residual_acf,2,0.0003201095488249,0.05,False
Germany,2024-12-25,weekly_differenced,weekly_differenced_arima_p3_d0_q1,residual_acf,20,-0.0110251929947574,0.05,False
Germany,2024-12-25,weekly_differenced,weekly_differenced_arima_p3_d0_q1,residual_acf,21,0.0026092735157355,0.05,False
Germany,2024-12-25,weekly_differenced,weekly_differenced_arima_p3_d0_q1,residual_acf,22,-0.024068338708795,0.05,False
Germany,2024-12-25,weekly_differenced,weekly_differenced_arima_p3_d0_q1,residual_acf,23,0.0347257251791207,0.05,False
Germany,2024-12-25,weekly_differenced,weekly_differenced_arima_p3_d0_q1,residual_acf,24,0.1125496910902202,0.05,True
Germany,2024-12-25,weekly_differenced,weekly_differenced_arima_p3_d0_q1,residual_acf,25,0.0300687443059216,0.05,False
Germany,2024-12-25,weekly_differenced,weekly_differenced_arima_p3_d0_q1,residual_acf,26,-0.0054591468895867,0.05,False
Germany,2024-12-25,weekly_differenced,weekly_differenced_arima_p3_d0_q1,residual_acf,27,-0.0324722056774301,0.05,False
Germany,2024-12-25,weekly_differenced,weekly_differenced_arima_p3_d0_q1,residual_acf,28,-0.0159129676227842,0.05,False
Germany,2024-12-25,weekly_differenced,weekly_differenced_arima_p3_d0_q1,residual_acf,29,-0.0098396764371714,0.05,False
Germany,2024-12-25,weekly_differenced,weekly_differenced_arima_p3_d0_q1,residual_acf,3,-0.0045725762974598,0.05,False
Germany,2024-12-25,weekly_differenced,weekly_differenced_arima_p3_d0_q1,residual_acf,30,0.001130000829663,0.05,False
Germany,2024-12-25,weekly_differenced,weekly_differenced_arima_p3_d0_q1,residual_acf,31,-0.020046501121454,0.05,False
Germany,2024-12-25,weekly_differenced,weekly_differenced_arima_p3_d0_q1,residual_acf,32,-0.0052136788861062,0.05,False
Germany,2024-12-25,weekly_differenced,weekly_differenced_arima_p3_d0_q1,residual_acf,33,-0.012449132866086,0.05,False
Germany,2024-12-25,weekly_differenced,weekly_differenced_arima_p3_d0_q1,residual_acf,34,-0.0202998574199174,0.05,False
Germany,2024-12-25,weekly_differenced,weekly_differenced_arima_p3_d0_q1,residual_acf,35,0.0112006398109846,0.05,False
Germany,2024-12-25,weekly_differenced,weekly_differenced_arima_p3_d0_q1,residual_acf,36,0.0115821343905883,0.05,False
Germany,2024-12-25,weekly_differenced,weekly_differenced_arima_p3_d0_q1,residual_acf,37,-0.0087852607590711,0.05,False
Germany,2024-12-25,weekly_differenced,weekly_differenced_arima_p3_d0_q1,residual_acf,38,0.0160988221291743,0.05,False
Germany,2024-12-25,weekly_differenced,weekly_differenced_arima_p3_d0_q1,residual_acf,39,-0.0089192074166924,0.05,False
Germany,2024-12-25,weekly_differenced,weekly_differenced_arima_p3_d0_q1,residual_acf,4,0.0030551961372809,0.05,False
Germany,2024-12-25,weekly_differenced,weekly_differenced_arima_p3_d0_q1,residual_acf,40,-0.002055834569647,0.05,False
Germany,2024-12-25,weekly_differenced,weekly_differenced_arima_p3_d0_q1,residual_acf,41,0.0145879560204424,0.05,False
Germany,2024-12-25,weekly_differenced,weekly_differenced_arima_p3_d0_q1,residual_acf,42,0.0102139998189359,0.05,False
Germany,2024-12-25,weekly_differenced,weekly_differenced_arima_p3_d0_q1,residual_acf,43,0.0038954893942067,0.05,False
Germany,2024-12-25,weekly_differenced,weekly_differenced_arima_p3_d0_q1,residual_acf,44,-0.0059696848279895,0.05,False
Germany,2024-12-25,weekly_differenced,weekly_differenced_arima_p3_d0_q1,residual_acf,45,-0.0119290552093306,0.05,False
Germany,2024-12-25,weekly_differenced,weekly_differenced_arima_p3_d0_q1,residual_acf,46,-0.013749632756758,0.05,False
Germany,2024-12-25,weekly_differenced,weekly_differenced_arima_p3_d0_q1,residual_acf,47,0.0277101745635742,0.05,False
Germany,2024-12-25,weekly_differenced,weekly_differenced_arima_p3_d0_q1,residual_acf,48,0.0795414318966548,0.05,True
Germany,2024-12-25,weekly_differenced,weekly_differenced_arima_p3_d0_q1,residual_acf,5,0.0107297235530895,0.05,False
Germany,2024-12-25,weekly_differenced,weekly_differenced_arima_p3_d0_q1,residual_acf,6,-0.0023633225173332,0.05,False
Germany,2024-12-25,weekly_differenced,weekly_differenced_arima_p3_d0_q1,residual_acf,7,0.0005075978992248,0.05,False
Germany,2024-12-25,weekly_differenced,weekly_differenced_arima_p3_d0_q1,residual_acf,8,-0.0124508474991807,0.05,False
Germany,2024-12-25,weekly_differenced,weekly_differenced_arima_p3_d0_q1,residual_acf,9,-0.0043803965935309,0.05,False
