country,target_date,category,forecast_origin_local,forecast_origin_utc,information_cutoff_utc,expected_observations,branch,specification_id,specification_order,p,d,q,trend,transform,weekly_invalid,weekly_invalid_reason,status,error_message,fit_status,convergence_status,converged,parameters_finite,standard_errors_finite,stationarity_ok,invertibility_ok,nobs,n_params,log_likelihood,aic,aicc,bic,ar_root_minimum,ma_root_minimum,warning_messages,hard_warning_messages,optimizer_retry_count,residual_n_effective,residual_rejected,residual_rejection_reason,residual_acf_values,residual_acf_flagged_lags,residual_ljung_box_statistics,residual_ljung_box_pvalues,mae,rmse,mape,evaluated_observations,coverage,verified_reuse,reuse_status,artifact_source,source_artifact_path,source_job_path,source_forecasts_path,reuse_verified
Austria,2024-01-01,New Year holiday / cold season,2023-12-31T08:00:00+01:00,2023-12-31T07:00:00+00:00,2023-12-31T07:00:00+00:00,24,weekly_differenced,weekly_differenced_arima_p1_d0_q1,,1,0,1,c,weekly_difference,False,,completed,,success,converged,True,True,True,True,True,176,4,-40.19277428011714,88.38554856023428,88.61946668888926,101.06748454038689,1.208137835307975,1.355966856012231,"[""DeprecationWarning: Setting the shape on a NumPy array has been deprecated in NumPy 2.5.\nAs an alternative, you can create a new view using np.reshape (with copy=False if needed)."", ""UserWarning: Non-stationary starting autoregressive parameters found. Using zeros as starting parameters.""]",[],0,0,True,residual diagnostics unavailable,{},[],{},{},285.1171155780555,323.6735432331363,4.740097235201143,24,1.0,False,,,,,,False
Austria,2024-01-01,New Year holiday / cold season,2023-12-31T08:00:00+01:00,2023-12-31T07:00:00+00:00,2023-12-31T07:00:00+00:00,24,weekly_differenced,weekly_differenced_arima_p2_d0_q0,,2,0,0,c,weekly_difference,False,,completed,,success,converged,True,True,True,True,True,176,4,-39.059701848905306,86.11940369781061,86.35332182646559,98.8013396779632,1.0837443897498065,inf,"[""DeprecationWarning: Setting the shape on a NumPy array has been deprecated in NumPy 2.5.\nAs an alternative, you can create a new view using np.reshape (with copy=False if needed).""]",[],0,0,True,residual diagnostics unavailable,{},[],{},{},300.7443108929917,346.1592418772938,5.012112792359435,24,1.0,False,,,,,,False
Austria,2024-01-01,New Year holiday / cold season,2023-12-31T08:00:00+01:00,2023-12-31T07:00:00+00:00,2023-12-31T07:00:00+00:00,24,weekly_differenced,weekly_differenced_arima_p2_d0_q1,,2,0,1,c,weekly_difference,False,,failed,AR roots fail stationarity threshold,success,converged,True,True,True,False,True,176,5,-38.77840476562096,87.55680953124192,87.90975070771252,103.40922950643268,1.0082795404390468,1.0133601366389395,"[""DeprecationWarning: Setting the shape on a NumPy array has been deprecated in NumPy 2.5.\nAs an alternative, you can create a new view using np.reshape (with copy=False if needed)."", ""ConvergenceWarning: Maximum Likelihood optimization failed to converge. Check mle_retvals"", ""DeprecationWarning: Setting the shape on a NumPy array has been deprecated in NumPy 2.5.\nAs an alternative, you can create a new view using np.reshape (with copy=False if needed).""]",[],1,0,True,residual diagnostics unavailable,{},[],{},{},,,,0,0.0,False,,,,,,False
Austria,2024-01-01,New Year holiday / cold season,2023-12-31T08:00:00+01:00,2023-12-31T07:00:00+00:00,2023-12-31T07:00:00+00:00,24,weekly_differenced,weekly_differenced_arima_p2_d0_q2,,2,0,2,c,weekly_difference,False,,failed,MA roots fail invertibility threshold,success,converged,True,True,True,True,False,176,6,-38.4751065927241,88.9502131854482,89.44725460556656,107.97311715567712,1.0182740930032999,1.0040222914533967,"[""DeprecationWarning: Setting the shape on a NumPy array has been deprecated in NumPy 2.5.\nAs an alternative, you can create a new view using np.reshape (with copy=False if needed).""]",[],0,0,True,residual diagnostics unavailable,{},[],{},{},,,,0,0.0,False,,,,,,False
Austria,2024-01-01,New Year holiday / cold season,2023-12-31T08:00:00+01:00,2023-12-31T07:00:00+00:00,2023-12-31T07:00:00+00:00,24,weekly_differenced,weekly_differenced_arima_p3_d0_q1,,3,0,1,c,weekly_difference,False,,failed,AR roots fail stationarity threshold; MA roots fail invertibility threshold,success,converged,True,True,True,False,False,176,6,-39.028389791287395,90.05677958257479,90.55382100269314,109.0796835528037,1.0000105056479434,1.001237490203267,"[""DeprecationWarning: Setting the shape on a NumPy array has been deprecated in NumPy 2.5.\nAs an alternative, you can create a new view using np.reshape (with copy=False if needed).""]",[],0,0,True,residual diagnostics unavailable,{},[],{},{},,,,0,0.0,False,,,,,,False
Austria,2024-01-08,Monday / cold season,2024-01-07T08:00:00+01:00,2024-01-07T07:00:00+00:00,2024-01-07T07:00:00+00:00,24,weekly_differenced,weekly_differenced_arima_p1_d0_q1,,1,0,1,c,weekly_difference,False,,completed,,success,converged,True,True,True,True,True,344,4,-1043.498260603082,2094.9965212061643,2095.1145153064595,2110.359087835658,1.0614460976446167,1.4796587305750308,"[""DeprecationWarning: Setting the shape on a NumPy array has been deprecated in NumPy 2.5.\nAs an alternative, you can create a new view using np.reshape (with copy=False if needed).""]",[],0,176,False,,"{""1"": 0.20121797360309562, ""2"": 0.28041208249481253, ""3"": -0.07678624249794194, ""4"": -0.02415790541551048, ""5"": -0.12310306653563882, ""6"": -0.07754402115645652, ""7"": -0.08117260509218643, ""8"": -0.05442374533359475, ""9"": 0.01300498457561402, ""10"": -0.09795918923606244, ""11"": 0.09208166906128933, ""12"": -0.15670207483484955, ""13"": 0.017065583800645902, ""14"": -0.13022474394944783, ""15"": 0.031771029977302905, ""16"": -0.07080091841556146, ""17"": -0.026352846307709347, ""18"": -0.0161733152838427, ""19"": -0.02210086025444229, ""20"": 0.008033621184599526, ""21"": -0.030857075579778466, ""22"": 0.01370515708532356, ""23"": 0.06859044731957278, ""24"": 0.10530544232861291, ""25"": 0.04373414154008149, ""26"": 0.04328804689213943, ""27"": 0.01753678476834162, ""28"": 0.03655714733692743, ""29"": 0.007384870787537111, ""30"": -0.02137896942511887, ""31"": -0.051207654413516976, ""32"": -0.10508806223595386, ""33"": -0.07472030497736303, ""34"": -0.1060393806626908, ""35"": 0.006035938271174971, ""36"": -0.031843804748238266, ""37"": -0.0019343793876544116, ""38"": 0.02935683892972143, ""39"": -0.00870811176085751, ""40"": 0.018771812036535492, ""41"": 0.06710519438762304, ""42"": 0.03731342295188819, ""43"": -0.032432170864491794, ""44"": -0.057599146833482225, ""45"": -0.05126636077751093, ""46"": -0.03049283314462893, ""47"": 0.019582823094052525, ""48"": 0.07205933589628431}","[1, 2]","{""24"": 44.672881108771726, ""48"": 57.74355205781838}","{""24"": 0.0029192747371452796, ""48"": 0.11476414516896939}",2143.3280537671376,2407.4870929442222,23.165585552986563,24,1.0,False,,,,,,False
Austria,2024-01-08,Monday / cold season,2024-01-07T08:00:00+01:00,2024-01-07T07:00:00+00:00,2024-01-07T07:00:00+00:00,24,weekly_differenced,weekly_differenced_arima_p2_d0_q0,,2,0,0,c,weekly_difference,False,,completed,,success,converged,True,True,True,True,True,344,4,-1027.781638390711,2063.5632767814213,2063.6812708817165,2078.925843410915,1.168860658061333,inf,"[""DeprecationWarning: Setting the shape on a NumPy array has been deprecated in NumPy 2.5.\nAs an alternative, you can create a new view using np.reshape (with copy=False if needed).""]",[],0,176,False,,"{""1"": 0.13484444841869034, ""2"": -0.028644928252708257, ""3"": -0.10691701018845898, ""4"": -0.05098632706963564, ""5"": 0.007297666361406972, ""6"": 0.03318201400156372, ""7"": 0.02828288899280377, ""8"": 0.08268364533050239, ""9"": 0.08594379710874567, ""10"": -0.013326399183457125, ""11"": 0.144070298958172, ""12"": -0.07294892434383304, ""13"": 0.009517239041857962, ""14"": -0.03379558526941795, ""15"": 0.06727686250403987, ""16"": -0.019293669988640273, ""17"": -0.01722077830975225, ""18"": 0.053382303322805316, ""19"": 0.022943544845543676, ""20"": 0.019289923913079418, ""21"": -0.0807665089624036, ""22"": -0.05974211824282905, ""23"": 0.056268480114440085, ""24"": 0.11080458263771747, ""25"": -0.00045784537039471904, ""26"": -0.025477271940692093, ""27"": -0.004701039274264778, ""28"": 0.03615713325645101, ""29"": 0.03253705695126195, ""30"": 0.011253864894942348, ""31"": -0.015612535730217272, ""32"": -0.059952818490071856, ""33"": -0.05442707253640786, ""34"": -0.07437975783905748, ""35"": 0.026132935428459972, ""36"": 0.010534116863551922, ""37"": -0.021626803724791605, ""38"": 0.024019791315296215, ""39"": -0.07670525667335396, ""40"": -0.014692928561642926, ""41"": 0.0910958440931337, ""42"": 0.07968754979042283, ""43"": -0.06246174203886032, ""44"": -0.09733352275324797, ""45"": -0.04847980918638331, ""46"": -0.06626833735661716, ""47"": 0.002325270547178926, ""48"": 0.046742335069305536}",[],"{""24"": 21.177157169403063, ""48"": 35.09337541709641}","{""24"": 0.5098136733196876, ""48"": 0.8791690559777142}",2095.144712377472,2371.0593078049737,22.550034420283392,24,1.0,False,,,,,,False
Austria,2024-01-08,Monday / cold season,2024-01-07T08:00:00+01:00,2024-01-07T07:00:00+00:00,2024-01-07T07:00:00+00:00,24,weekly_differenced,weekly_differenced_arima_p2_d0_q1,,2,0,1,c,weekly_difference,False,,completed,,success,converged,True,True,True,True,True,344,5,-1022.1185595648608,2054.2371191297216,2054.414633922621,2073.4403274165884,1.2746982000435727,3.3870457813838413,"[""DeprecationWarning: Setting the shape on a NumPy array has been deprecated in NumPy 2.5.\nAs an alternative, you can create a new view using np.reshape (with copy=False if needed).""]",[],0,176,False,,"{""1"": -0.009051355507779045, ""2"": 0.05992971161868869, ""3"": -0.07093564653669882, ""4"": -0.01988136076578796, ""5"": 0.0037834138657181623, ""6"": 0.017545318132809462, ""7"": 0.004745056975270418, ""8"": 0.049163866056751625, ""9"": 0.07656407389842845, ""10"": -0.0630582757658333, ""11"": 0.1644927989693687, ""12"": -0.1305395511208994, ""13"": 0.04789018149836505, ""14"": -0.06925983438351126, ""15"": 0.07540716015838053, ""16"": -0.039373160619934115, ""17"": -0.030789953944490946, ""18"": 0.049303741485663466, ""19"": 0.0034757379917526175, ""20"": 0.03831097036303712, ""21"": -0.06582384227782216, ""22"": -0.04457348407651141, ""23"": 0.04374826637815396, ""24"": 0.09201476180435111, ""25"": -0.002314997055569482, ""26"": -0.007196254504122504, ""27"": 0.0001804214479990587, ""28"": 0.0380630404457706, ""29"": 0.02004903638894058, ""30"": 0.006196206361260003, ""31"": -0.011909320893878025, ""32"": -0.05392602090069627, ""33"": -0.031358491555541365, ""34"": -0.07757505164101086, ""35"": 0.033686847978673926, ""36"": -0.015377620772669113, ""37"": -0.021620274077026606, ""38"": 0.042149109226834985, ""39"": -0.07669349131024487, ""40"": -0.014426190675879899, ""41"": 0.07689071627849434, ""42"": 0.05740579060646878, ""43"": -0.043306406544469656, ""44"": -0.07165201862768156, ""45"": -0.024621882978278904, ""46"": -0.05302466130334084, ""47"": 0.0007140688737898332, ""48"": 0.04966619546503428}",[],"{""24"": 19.56261314522074, ""48"": 29.61722384286193}","{""24"": 0.5490966575266204, ""48"": 0.9626586944653397}",2096.382711855936,2369.9844330342808,22.575550376840432,24,1.0,False,,,,,,False
Austria,2024-01-08,Monday / cold season,2024-01-07T08:00:00+01:00,2024-01-07T07:00:00+00:00,2024-01-07T07:00:00+00:00,24,weekly_differenced,weekly_differenced_arima_p2_d0_q2,,2,0,2,c,weekly_difference,False,,completed,,success,converged,True,True,True,True,True,344,6,-1020.4943837490104,2052.988767498021,2053.2380256582583,2076.032617442261,1.260424998704778,2.185636377839163,"[""DeprecationWarning: Setting the shape on a NumPy array has been deprecated in NumPy 2.5.\nAs an alternative, you can create a new view using np.reshape (with copy=False if needed).""]",[],0,176,False,,"{""1"": -0.025975391810121165, ""2"": 0.016819465759035413, ""3"": 0.011116808653491139, ""4"": -0.02411231754466452, ""5"": 0.008102580499152265, ""6"": 0.011909732595995034, ""7"": -0.02242162141595395, ""8"": 0.051347987091610314, ""9"": 0.05405683970191424, ""10"": -0.07449254437266396, ""11"": 0.1529297651767823, ""12"": -0.12450173652799279, ""13"": 0.02248945225138737, ""14"": -0.0520501766757256, ""15"": 0.06479682635593267, ""16"": -0.04739714578385232, ""17"": -0.04590318877427088, ""18"": 0.050637629486835305, ""19"": -0.0010661166508391582, ""20"": 0.042096118590155225, ""21"": -0.052575518256555716, ""22"": -0.04985660715585252, ""23"": 0.045292552853828334, ""24"": 0.09417852936713976, ""25"": -0.006158543967783688, ""26"": -0.008837975172255767, ""27"": 0.011566894355070348, ""28"": 0.03609146015393116, ""29"": 0.015156305218418832, ""30"": 0.0015315464993646373, ""31"": -0.013900771473606029, ""32"": -0.04545088820064306, ""33"": -0.029359281834147866, ""34"": -0.0741032603673265, ""35"": 0.028107220035281565, ""36"": -0.01897927489629336, ""37"": -0.02897366661826915, ""38"": 0.05901715242028236, ""39"": -0.08157716753153534, ""40"": -0.022616908693256527, ""41"": 0.07685832674014755, ""42"": 0.05955194680816408, ""43"": -0.050151728541483975, ""44"": -0.06549092500736173, ""45"": 0.004177716470647516, ""46"": -0.05708483054121689, ""47"": -0.0020511729422337446, ""48"": 0.06225943172387446}",[],"{""24"": 16.390076121237932, ""48"": 27.08423702810248}","{""24"": 0.692148826127339, ""48"": 0.9789300938887161}",2099.620741149885,2371.591184999983,22.621708015851848,24,1.0,False,,,,,,False
Austria,2024-01-08,Monday / cold season,2024-01-07T08:00:00+01:00,2024-01-07T07:00:00+00:00,2024-01-07T07:00:00+00:00,24,weekly_differenced,weekly_differenced_arima_p3_d0_q1,,3,0,1,c,weekly_difference,False,,completed,,success,converged,True,True,True,True,True,344,6,-1020.6421324295296,2053.2842648590595,2053.533523019297,2076.3281148033,1.1604745398727685,10.076319645854914,"[""DeprecationWarning: Setting the shape on a NumPy array has been deprecated in NumPy 2.5.\nAs an alternative, you can create a new view using np.reshape (with copy=False if needed).""]",[],0,176,False,,"{""1"": -0.030238757733755308, ""2"": 0.031372220136130766, ""3"": -0.022406989319719368, ""4"": 0.010372193292702524, ""5"": 0.021014483892116333, ""6"": 0.009010240699527203, ""7"": -0.0211716582734607, ""8"": 0.03193999176229352, ""9"": 0.047683133714481796, ""10"": -0.0875650096153663, ""11"": 0.14706809025208614, ""12"": -0.13988624122554993, ""13"": 0.029303969954823324, ""14"": -0.06708177851985327, ""15"": 0.06607707498004577, ""16"": -0.056199907390937304, ""17"": -0.051174426651607444, ""18"": 0.04542723944876481, ""19"": 0.005456840969279868, ""20"": 0.04512581692231351, ""21"": -0.06074785191099462, ""22"": -0.04796121646371958, ""23"": 0.048270128690518554, ""24"": 0.09822408083998602, ""25"": -0.005092501601518697, ""26"": -0.010797770253772392, ""27"": 0.005822529090441256, ""28"": 0.03873954623048782, ""29"": 0.015295048557194995, ""30"": 0.0005975760844569792, ""31"": -0.01217216453594828, ""32"": -0.04655705339511819, ""33"": -0.027040741547171742, ""34"": -0.07680696809517629, ""35"": 0.028867302227332522, ""36"": -0.01850688172772875, ""37"": -0.024333872716070716, ""38"": 0.049156713016123225, ""39"": -0.08478687073866834, ""40"": -0.024347500411040324, ""41"": 0.07745059263731331, ""42"": 0.06136963731609383, ""43"": -0.04508437661841661, ""44"": -0.06172563476844764, ""45"": 0.0013509919112558275, ""46"": -0.04360201436779811, ""47"": 0.007263037884350836, ""48"": 0.06102380977284696}",[],"{""24"": 18.061520539538563, ""48"": 28.19387694600243}","{""24"": 0.583355476193711, ""48"": 0.9692626758466031}",2104.4541013277726,2374.924762928534,22.6857067772651,24,1.0,False,,,,,,False
Austria,2024-01-27,Saturday / cold season,2024-01-26T08:00:00+01:00,2024-01-26T07:00:00+00:00,2024-01-26T07:00:00+00:00,24,weekly_differenced,weekly_differenced_arima_p1_d0_q1,,1,0,1,c,weekly_difference,False,,completed,,success,converged,True,True,True,True,True,800,4,-3819.7009721569048,7647.4019443138095,7647.452258779218,7666.140391224481,1.0206444568441768,1.535372098068118,"[""DeprecationWarning: Setting the shape on a NumPy array has been deprecated in NumPy 2.5.\nAs an alternative, you can create a new view using np.reshape (with copy=False if needed).""]",[],0,632,True,joint Ljung-Box and residual ACF rule,"{""1"": 0.22456573974776972, ""2"": 0.295754696180005, ""3"": -0.08717635981854698, ""4"": -0.053306381630525757, ""5"": -0.13286611449245883, ""6"": -0.08501987580057262, ""7"": -0.07198554612593548, ""8"": -0.06474163786705102, ""9"": -0.021929077452588534, ""10"": -0.049661569504781435, ""11"": 0.0408958165633062, ""12"": -0.05773377779764042, ""13"": 0.024474664329879523, ""14"": -0.10985817081993797, ""15"": -0.01852566407154459, ""16"": -0.09913863093818245, ""17"": -0.06913711739790253, ""18"": -0.05384600289168188, ""19"": -0.053230343787851166, ""20"": 0.006705406814175939, ""21"": 0.016194109369210688, ""22"": 0.11333930338873015, ""23"": 0.17686821807067563, ""24"": 0.29253716448456357, ""25"": 0.10706241521282768, ""26"": 0.03355094736350619, ""27"": -0.1262496871519764, ""28"": -0.11336678683895439, ""29"": -0.12592671125708635, ""30"": -0.04281911039733525, ""31"": -0.023157442630445724, ""32"": -0.022115802055770947, ""33"": 0.01077520115515603, ""34"": -0.03136813236290191, ""35"": 0.04508169611164618, ""36"": -0.0189068504457117, ""37"": 0.02568801778577483, ""38"": -0.09662495743537523, ""39"": -0.031005799466726332, ""40"": -0.10541848208225732, ""41"": 0.035037285992051574, ""42"": -0.0032779577649626147, ""43"": 0.04287582196876493, ""44"": 0.04747593832098971, ""45"": 0.021204024245379375, ""46"": 0.11085819080055266, ""47"": 0.08452827696162628, ""48"": 0.21128524254767828}","[1, 2, 5, 14, 22, 23, 24, 25, 27, 28, 29, 40, 46, 48]","{""24"": 228.66980929492792, ""48"": 333.6185047456188}","{""24"": 2.548975565117669e-36, ""48"": 2.849141720762305e-45}",596.8250541132912,601.0604123246738,8.790786011513378,24,1.0,False,,,,,,False
Austria,2024-01-27,Saturday / cold season,2024-01-26T08:00:00+01:00,2024-01-26T07:00:00+00:00,2024-01-26T07:00:00+00:00,24,weekly_differenced,weekly_differenced_arima_p2_d0_q0,,2,0,0,c,weekly_difference,False,,completed,,success,converged,True,True,True,True,True,800,4,-3787.193405803702,7582.386811607404,7582.437126072812,7601.1252585180755,1.0985942852282191,inf,"[""DeprecationWarning: Setting the shape on a NumPy array has been deprecated in NumPy 2.5.\nAs an alternative, you can create a new view using np.reshape (with copy=False if needed).""]",[],0,632,True,joint Ljung-Box and residual ACF rule,"{""1"": 0.18644752860142194, ""2"": -0.0517973783754001, ""3"": -0.14368663044734667, ""4"": -0.13422456660995, ""5"": -0.05684644014164923, ""6"": -0.010879133076372125, ""7"": 0.02156512539607279, ""8"": 0.013834149855404088, ""9"": 0.023073201165322157, ""10"": 0.015335307278825584, ""11"": 0.0784337068511228, ""12"": 0.02350560997874186, ""13"": 0.05464709829600006, ""14"": -0.042627116864467754, ""15"": 0.028372032121773704, ""16"": -0.021994772782211975, ""17"": -0.022579773682197744, ""18"": 0.007316347751478016, ""19"": -0.013707842521090636, ""20"": 0.0017760606838051192, ""21"": -0.030057941860847353, ""22"": 0.006058635355305784, ""23"": 0.16390235328321567, ""24"": 0.31587498050261165, ""25"": 0.12042934789504224, ""26"": -0.02498992031215566, ""27"": -0.1272150246118026, ""28"": -0.11072697389312096, ""29"": -0.059269207722771604, ""30"": 0.03865535041022347, ""31"": 0.04967849878432573, ""32"": 0.02814539383932469, ""33"": 0.0221816434266614, ""34"": -0.008147594801912841, ""35"": 0.05387768733717409, ""36"": 0.05766635352764351, ""37"": 0.04697837191450462, ""38"": -0.047363712083423236, ""39"": -0.044775700529402745, ""40"": -0.06708490307833183, ""41"": 0.06314248045577264, ""42"": 0.042785452906986085, ""43"": 0.04069438660265266, ""44"": 0.01844921058384574, ""45"": -0.025253534458256274, ""46"": 0.02329989207596623, ""47"": 0.05585243091286897, ""48"": 0.20708844877316168}","[1, 3, 4, 23, 24, 25, 27, 28, 48]","{""24"": 144.29796952124167, ""48"": 228.26966831185837}","{""24"": 5.653872841811633e-20, ""48"": 5.447592051940308e-26}",1038.1045800956272,1041.0690640328532,15.30642815915865,24,1.0,False,,,,,,False
Austria,2024-01-27,Saturday / cold season,2024-01-26T08:00:00+01:00,2024-01-26T07:00:00+00:00,2024-01-26T07:00:00+00:00,24,weekly_differenced,weekly_differenced_arima_p2_d0_q1,,2,0,1,c,weekly_difference,False,,completed,,success,converged,True,True,True,True,True,800,5,-3766.566747917717,7543.133495835435,7543.209062586065,7566.556554473775,1.0597246390033372,3.2250735628183373,"[""DeprecationWarning: Setting the shape on a NumPy array has been deprecated in NumPy 2.5.\nAs an alternative, you can create a new view using np.reshape (with copy=False if needed).""]",[],0,632,True,joint Ljung-Box and residual ACF rule,"{""1"": 0.017608960717965385, ""2"": 0.05606204785250221, ""3"": -0.08802974471082696, ""4"": -0.08769926003218068, ""5"": -0.03986136921499987, ""6"": -0.024339641897242605, ""7"": 0.00786308168949583, ""8"": -0.007549295244135044, ""9"": 0.016873557610693934, ""10"": -0.01129792679248232, ""11"": 0.07328719500164389, ""12"": -0.019946398713912492, ""13"": 0.06497436146387417, ""14"": -0.07534134938516439, ""15"": 0.0393260555574113, ""16"": -0.04133638914763958, ""17"": -0.030361782110196238, ""18"": 0.007994101877063802, ""19"": -0.023422122542355844, ""20"": 0.01697332168910239, ""21"": -0.012667577841167597, ""22"": 0.018374452565920428, ""23"": 0.11819965028920129, ""24"": 0.2757113581880701, ""25"": 0.07021463636401973, ""26"": 0.0014498439420489015, ""27"": -0.10174725466485338, ""28"": -0.07423794873809446, ""29"": -0.06278728373977083, ""30"": 0.02610612966705469, ""31"": 0.025109697590633983, ""32"": 0.008071681544301186, ""33"": 0.02410417413215197, ""34"": -0.022455675490263848, ""35"": 0.0505927060415683, ""36"": 0.02078031384089242, ""37"": 0.048748700885009176, ""38"": -0.061041635517630324, ""39"": -0.013575158363015137, ""40"": -0.0829300840357261, ""41"": 0.0718052478783201, ""42"": 0.011859322350412064, ""43"": 0.039567955042927636, ""44"": 0.030008524273746128, ""45"": -0.020582694792281687, ""46"": 0.05302065901148555, ""47"": 0.023028588794888685, ""48"": 0.19115988361155814}","[23, 24, 48]","{""24"": 86.83306829937243, ""48"": 148.68288600530056}","{""24"": 5.645948364124698e-10, ""48"": 5.168765164376509e-13}",913.5007269620114,918.095578369994,13.452331704491128,24,1.0,False,,,,,,False
Austria,2024-01-27,Saturday / cold season,2024-01-26T08:00:00+01:00,2024-01-26T07:00:00+00:00,2024-01-26T07:00:00+00:00,24,weekly_differenced,weekly_differenced_arima_p2_d0_q2,,2,0,2,c,weekly_difference,False,,completed,,success,converged,True,True,True,True,True,800,6,-3761.7712245667226,7535.542449133445,7535.648375993471,7563.650119499453,1.0509372087424929,2.3087318544128816,"[""DeprecationWarning: Setting the shape on a NumPy array has been deprecated in NumPy 2.5.\nAs an alternative, you can create a new view using np.reshape (with copy=False if needed).""]",[],0,632,True,joint Ljung-Box and residual ACF rule,"{""1"": 0.0015293668587888132, ""2"": 0.006550356971560193, ""3"": 0.0003900338765641723, ""4"": -0.0879276837865053, ""5"": -0.03371571329182234, ""6"": -0.02199961452188085, ""7"": -0.0037307002659801077, ""8"": -0.009937294543765065, ""9"": 0.0057048698376816025, ""10"": -0.011630147265925565, ""11"": 0.0569239221848197, ""12"": -0.018515609608638888, ""13"": 0.052105225772111664, ""14"": -0.0764447313537754, ""15"": 0.03445552326849332, ""16"": -0.03991646927979542, ""17"": -0.041197827264748695, ""18"": 0.010992885022071882, ""19"": -0.025039179777031004, ""20"": 0.02124666568249151, ""21"": 0.005664056047451297, ""22"": 0.0029650534331392745, ""23"": 0.11015335822740914, ""24"": 0.2662707955360054, ""25"": 0.05860968250523439, ""26"": -0.007409864510436724, ""27"": -0.0760885254641505, ""28"": -0.06968254241533157, ""29"": -0.06000028915369338, ""30"": 0.021600883936135525, ""31"": 0.015104525188757862, ""32"": 0.0019535964967909215, ""33"": 0.020590234636729793, ""34"": -0.0222339212856353, ""35"": 0.03717890328698608, ""36"": 0.023188201559692458, ""37"": 0.03525891976090732, ""38"": -0.05080732909749615, ""39"": -0.019292824884036445, ""40"": -0.07656576088773889, ""41"": 0.06730538616220112, ""42"": 0.009670583074275914, ""43"": 0.03332257663746594, ""44"": 0.03316234333119106, ""45"": -0.006601855805660008, ""46"": 0.05084233620279384, ""47"": 0.015706318710431322, ""48"": 0.18472149955127004}","[23, 24, 48]","{""24"": 72.4696255406271, ""48"": 123.40555715855878}","{""24"": 7.161334933815528e-08, ""48"": 1.8469182499790708e-09}",864.9301519886795,869.909239814977,12.7336250850557,24,1.0,False,,,,,,False
Austria,2024-01-27,Saturday / cold season,2024-01-26T08:00:00+01:00,2024-01-26T07:00:00+00:00,2024-01-26T07:00:00+00:00,24,weekly_differenced,weekly_differenced_arima_p3_d0_q1,,3,0,1,c,weekly_difference,False,,completed,,success,converged,True,True,True,True,True,800,6,-3757.472219449549,7526.944438899098,7527.050365759123,7555.052109265105,1.030676165021551,3.3462427202797587,"[""DeprecationWarning: Setting the shape on a NumPy array has been deprecated in NumPy 2.5.\nAs an alternative, you can create a new view using np.reshape (with copy=False if needed).""]",[],0,632,True,joint Ljung-Box and residual ACF rule,"{""1"": -0.00386775269101791, ""2"": -0.0007536433766152196, ""3"": -0.0021233641433936103, ""4"": -0.011237306447362913, ""5"": 0.014087838675762113, ""6"": -0.005048693402164487, ""7"": -0.003702633809187302, ""8"": -0.030720215655600652, ""9"": -0.01988119506921123, ""10"": -0.043296921057460774, ""11"": 0.03427462126749003, ""12"": -0.044527181031688366, ""13"": 0.030320206264665858, ""14"": -0.09604841957153766, ""15"": 0.020492149847222713, ""16"": -0.051678928181074966, ""17"": -0.044965976058186016, ""18"": 0.009557414478716107, ""19"": -0.009252048409655213, ""20"": 0.035732705406602824, ""21"": -0.0063489681371066255, ""22"": -0.01586243047842373, ""23"": 0.09068660649531393, ""24"": 0.25558568015594624, ""25"": 0.05008863301480004, ""26"": -0.012747752291396268, ""27"": -0.07558318011100473, ""28"": -0.05089020135169304, ""29"": -0.047586020275699005, ""30"": 0.022038225435557397, ""31"": 0.005212278003316777, ""32"": -0.017521359031545822, ""33"": -0.003996505992416983, ""34"": -0.047901065949609654, ""35"": 0.021628876970484316, ""36"": 0.010913121865312944, ""37"": 0.03361129830953786, ""38"": -0.06033540786783046, ""39"": -0.023049266152577703, ""40"": -0.07945432232830729, ""41"": 0.07035285280845208, ""42"": 0.013383822176587828, ""43"": 0.037921557984262, ""44"": 0.040175325470758076, ""45"": -0.005488183691795605, ""46"": 0.04460037776858493, ""47"": 0.013425797595503617, ""48"": 0.18677869128233232}","[24, 48]","{""24"": 63.86055451137582, ""48"": 113.96277109498718}","{""24"": 1.770435081562086e-06, ""48"": 4.0601655526745234e-08}",699.5185232537618,704.8010842078684,10.295252029584065,24,1.0,False,,,,,,False
Austria,2024-02-15,ordinary weekday,2024-02-14T08:00:00+01:00,2024-02-14T07:00:00+00:00,2024-02-14T07:00:00+00:00,24,weekly_differenced,weekly_differenced_arima_p1_d0_q1,,1,0,1,c,weekly_difference,False,,completed,,success,converged,True,True,True,True,True,1256,4,-6529.328373059839,13066.656746119676,13066.688720540142,13087.19949550779,1.0204293311813408,1.7345139797876257,"[""DeprecationWarning: Setting the shape on a NumPy array has been deprecated in NumPy 2.5.\nAs an alternative, you can create a new view using np.reshape (with copy=False if needed).""]",[],0,1088,True,joint Ljung-Box and residual ACF rule,"{""1"": 0.1886501323396047, ""2"": 0.2668568640823673, ""3"": -0.0872978762476002, ""4"": -0.08074977409966477, ""5"": -0.19153007979426853, ""6"": -0.06402481056217156, ""7"": -0.11543260530169039, ""8"": -0.01865450536497031, ""9"": -0.025460525705321046, ""10"": -0.000815710193292092, ""11"": -0.0028159434585748305, ""12"": 0.014294771922863363, ""13"": -0.028022909107251522, ""14"": -0.024392915356595334, ""15"": -0.04600586953878502, ""16"": -0.06260099264452294, ""17"": -0.08408929731390492, ""18"": -0.045735909976124436, ""19"": -0.05148034044264496, ""20"": 0.01266724355598669, ""21"": 0.016999798619054433, ""22"": 0.07420030236588566, ""23"": 0.17383010544427224, ""24"": 0.2685644485440258, ""25"": 0.0794354772952318, ""26"": 0.05018476770794973, ""27"": -0.0890546725653011, ""28"": -0.0993602167305327, ""29"": -0.0965032005330612, ""30"": -0.028901172017823336, ""31"": -0.04368594316583586, ""32"": 0.002047729953275786, ""33"": -0.008818343064445983, ""34"": -0.012213682071071876, ""35"": 0.025912147441796544, ""36"": -0.0033684260589450345, ""37"": 0.00991943854579226, ""38"": -0.05195996747380202, ""39"": -0.03278186367308243, ""40"": -0.041926299793723844, ""41"": -0.017027091415520598, ""42"": -0.003123370570467235, ""43"": 0.036540741831620156, ""44"": 0.035016361947788545, ""45"": 0.021694468005788475, ""46"": 0.12512329804333258, ""47"": 0.05344537924759214, ""48"": 0.18432200658944375}","[1, 2, 3, 4, 5, 7, 17, 23, 24, 25, 27, 28, 29, 46, 48]","{""24"": 334.6155688026336, ""48"": 448.8736585611014}","{""24"": 1.0993695215627832e-57, ""48"": 1.762794471817486e-67}",262.5671483189646,336.599390021031,3.4626144688406058,24,1.0,False,,,,,,False
Austria,2024-02-15,ordinary weekday,2024-02-14T08:00:00+01:00,2024-02-14T07:00:00+00:00,2024-02-14T07:00:00+00:00,24,weekly_differenced,weekly_differenced_arima_p2_d0_q0,,2,0,0,c,weekly_difference,False,,completed,,success,converged,True,True,True,True,True,1256,4,-6482.50000635409,12973.00001270818,12973.031987128645,12993.542762096293,1.0664006954619352,inf,"[""DeprecationWarning: Setting the shape on a NumPy array has been deprecated in NumPy 2.5.\nAs an alternative, you can create a new view using np.reshape (with copy=False if needed).""]",[],0,1088,True,joint Ljung-Box and residual ACF rule,"{""1"": 0.1321158678439713, ""2"": -0.031802526123321136, ""3"": -0.09406565286057589, ""4"": -0.14033814430986008, ""5"": -0.11948585061584314, ""6"": 0.004172219541839832, ""7"": -0.025756665297525776, ""8"": 0.033452589416845535, ""9"": 0.03932886133185641, ""10"": 0.021873971087538874, ""11"": 0.03637560507291703, ""12"": 0.04868160409921766, ""13"": 0.00570464242364377, ""14"": 0.013810355472471074, ""15"": 0.013403895147164432, ""16"": -0.020950939247998013, ""17"": -0.037370754077932916, ""18"": -0.0073426483849855315, ""19"": -0.014576631700771267, ""20"": 0.024899787301530845, ""21"": -0.016795602865683365, ""22"": -0.018750037232410813, ""23"": 0.16900005243084212, ""24"": 0.2795726915225527, ""25"": 0.06006377860412511, ""26"": 0.011131508622582732, ""27"": -0.0803936100183969, ""28"": -0.10067512874657583, ""29"": -0.03800953664533307, ""30"": 0.030096465143155126, ""31"": 0.008327685933586904, ""32"": 0.03884017875576265, ""33"": 0.013367888074952613, ""34"": 0.00045346127881245587, ""35"": 0.04678361134872685, ""36"": 0.03640094416009061, ""37"": 0.03400436160852133, ""38"": -0.027741007858496904, ""39"": -0.015506629990826068, ""40"": -0.009121934057545612, ""41"": -0.004040065313443013, ""42"": 0.014524143876218162, ""43"": 0.056960114602070885, ""44"": 0.00507769708088203, ""45"": -0.004234106204915427, ""46"": 0.07364211564818636, ""47"": 0.027807225556557066, ""48"": 0.17832149449842705}","[1, 3, 4, 5, 23, 24, 27, 28, 48]","{""24"": 198.35668526840564, ""48"": 279.49087390681905}","{""24"": 2.38464256546341e-30, ""48"": 3.386161171676084e-35}",278.6362304939306,348.7962135121792,3.6861011091049143,24,1.0,False,,,,,,False
Austria,2024-02-15,ordinary weekday,2024-02-14T08:00:00+01:00,2024-02-14T07:00:00+00:00,2024-02-14T07:00:00+00:00,24,weekly_differenced,weekly_differenced_arima_p2_d0_q1,,2,0,1,c,weekly_difference,False,,completed,,success,converged,True,True,True,True,True,1256,5,-6464.902196423665,12939.80439284733,12939.852392847331,12965.482829582472,1.048580358766721,4.189001897700743,"[""DeprecationWarning: Setting the shape on a NumPy array has been deprecated in NumPy 2.5.\nAs an alternative, you can create a new view using np.reshape (with copy=False if needed).""]",[],0,1088,True,joint Ljung-Box and residual ACF rule,"{""1"": 0.01412493087848045, ""2"": 0.05129887436201863, ""3"": -0.056059279275070505, ""4"": -0.10288431189458325, ""5"": -0.11406062289326521, ""6"": 0.008413984862899685, ""7"": -0.0501856280199451, ""8"": 0.022836850882195992, ""9"": 0.022145901976032452, ""10"": 0.010256767058119898, ""11"": 0.022867646143129517, ""12"": 0.03958630804835915, ""13"": -0.006904029078433541, ""14"": 0.005934459326314102, ""15"": 0.0039010469404469708, ""16"": -0.025383015332514487, ""17"": -0.04232967928411461, ""18"": -0.005760552811368062, ""19"": -0.024101081410634845, ""20"": 0.030084213236339453, ""21"": -0.0014897294370658342, ""22"": -0.011182001823868101, ""23"": 0.14310138214829868, ""24"": 0.2558142989285553, ""25"": 0.028862073882047215, ""26"": 0.031182994397537536, ""27"": -0.06679025173755936, ""28"": -0.08353642792153587, ""29"": -0.04016218505268397, ""30"": 0.02268950693233401, ""31"": -0.011872300340750647, ""32"": 0.03202259683396693, ""33"": 0.00669367854294817, ""34"": -0.006949159492442702, ""35"": 0.041949591565850354, ""36"": 0.01791541091430653, ""37"": 0.03179567843065426, ""38"": -0.0336197973109859, ""39"": -0.011723446256278705, ""40"": -0.011549135705978493, ""41"": -0.0041008691919897245, ""42"": 0.00502078058559635, ""43"": 0.055687746037649866, ""44"": 0.008588439188228622, ""45"": -0.004174940372465045, ""46"": 0.09252735436942712, ""47"": 0.0023779409886026215, ""48"": 0.17152197664087987}","[4, 5, 23, 24, 28, 46, 48]","{""24"": 139.0995182078422, ""48"": 209.7417853945312}","{""24"": 2.018731007867803e-19, ""48"": 4.1733186624931164e-23}",277.32269635766824,347.9051556199254,3.6669584119552434,24,1.0,False,,,,,,False
Austria,2024-02-15,ordinary weekday,2024-02-14T08:00:00+01:00,2024-02-14T07:00:00+00:00,2024-02-14T07:00:00+00:00,24,weekly_differenced,weekly_differenced_arima_p2_d0_q2,,2,0,2,c,weekly_difference,False,,completed,,success,converged,True,True,True,True,True,1256,6,-6460.462913595587,12932.925827191177,12932.993080994218,12963.739951273345,1.044344920737288,2.7594971069195875,"[""DeprecationWarning: Setting the shape on a NumPy array has been deprecated in NumPy 2.5.\nAs an alternative, you can create a new view using np.reshape (with copy=False if needed).""]",[],0,1088,True,joint Ljung-Box and residual ACF rule,"{""1"": 0.005831993276556588, ""2"": 0.008520285758375852, ""3"": 0.007147955016587591, ""4"": -0.10355465191792755, ""5"": -0.1076845885224026, ""6"": 0.012323431483998316, ""7"": -0.05538410149170519, ""8"": 0.01364508337735705, ""9"": 0.02261088892592649, ""10"": 0.0005410233729707907, ""11"": 0.020021989368442808, ""12"": 0.0377325908596097, ""13"": -0.012574888216352154, ""14"": 0.0017190013029601235, ""15"": 0.005422749576715045, ""16"": -0.029629158791544728, ""17"": -0.041789665037911754, ""18"": -0.0068222095829710465, ""19"": -0.02623220541276813, ""20"": 0.03705776244109089, ""21"": 0.00662584600695983, ""22"": -0.025556620244012958, ""23"": 0.14396514652329606, ""24"": 0.2517202096839118, ""25"": 0.016845688244108644, ""26"": 0.029507602438951085, ""27"": -0.051070492580184826, ""28"": -0.0858480534909624, ""29"": -0.03452347833856785, ""30"": 0.02055254465448758, ""31"": -0.018515213705718608, ""32"": 0.029085977108227846, ""33"": 0.005183436675887564, ""34"": -0.010719122954986697, ""35"": 0.03780110764246549, ""36"": 0.017282311016090953, ""37"": 0.027901715822958875, ""38"": -0.034083182649421534, ""39"": -0.012960957987873487, ""40"": -0.00652400599830468, ""41"": -0.009209878033283419, ""42"": 0.0034549481058378075, ""43"": 0.060595569997500175, ""44"": 0.003611573161277608, ""45"": 0.0025717005242757943, ""46"": 0.09236453862045234, ""47"": -0.0044552544255155565, ""48"": 0.16629680454070286}","[4, 5, 23, 24, 28, 46, 48]","{""24"": 130.84411924327432, ""48"": 196.53644460442246}","{""24"": 2.7065236040712425e-18, ""48"": 3.613426837100744e-21}",282.169847728534,351.6182291856736,3.734606270463604,24,1.0,False,,,,,,False
Austria,2024-02-15,ordinary weekday,2024-02-14T08:00:00+01:00,2024-02-14T07:00:00+00:00,2024-02-14T07:00:00+00:00,24,weekly_differenced,weekly_differenced_arima_p3_d0_q1,,3,0,1,c,weekly_difference,False,,completed,,success,converged,True,True,True,True,True,1256,6,-6445.328948799575,12902.65789759915,12902.725151402194,12933.47202168132,1.0175910610081356,1.526347471576856,"[""DeprecationWarning: Setting the shape on a NumPy array has been deprecated in NumPy 2.5.\nAs an alternative, you can create a new view using np.reshape (with copy=False if needed).""]",[],0,1088,True,joint Ljung-Box and residual ACF rule,"{""1"": 0.00844695758559793, ""2"": -0.008577534360282125, ""3"": 0.014613282821167747, ""4"": -0.019736860575572304, ""5"": -0.030002796267358692, ""6"": 0.0636439536086608, ""7"": -0.03022140588840318, ""8"": 0.0053917605149240225, ""9"": -0.010547618084175517, ""10"": -0.04110593914804209, ""11"": -0.026875315825768437, ""12"": -0.007775141098619955, ""13"": -0.051497431671491976, ""14"": -0.029235096418287445, ""15"": -0.016043710220250623, ""16"": -0.04102482645458502, ""17"": -0.047792661467839066, ""18"": -0.0033785766229887377, ""19"": -0.010768433532536497, ""20"": 0.0411064564580846, ""21"": -0.016716472651291055, ""22"": -0.05570683679709723, ""23"": 0.11906930765559058, ""24"": 0.23668894723711634, ""25"": 0.005770854436888387, ""26"": 0.014465931268386809, ""27"": -0.053723689419526474, ""28"": -0.07088748389977216, ""29"": -0.021454946535420114, ""30"": 0.026923761337025603, ""31"": -0.024904433228994795, ""32"": 0.004696223304252596, ""33"": -0.02793532867849254, ""34"": -0.04517653799711562, ""35"": 0.008484015474445881, ""36"": -0.0028840927213160854, ""37"": 0.010877121661520198, ""38"": -0.04679600103344879, ""39"": -0.018495322871360274, ""40"": -0.00807401705978642, ""41"": -0.004341010798876308, ""42"": 0.012523827768741324, ""43"": 0.06631317430703204, ""44"": 0.007893754130635823, ""45"": -0.006377763981179952, ""46"": 0.07463256233103517, ""47"": -0.011078348252413665, ""48"": 0.16409390955203845}","[23, 24, 48]","{""24"": 102.673779262975, ""48"": 162.6633180199443}","{""24"": 4.172767674506095e-13, ""48"": 1.6313120477848789e-15}",282.60939433112713,352.1734319649705,3.7390049087915287,24,1.0,False,,,,,,False
Austria,2024-03-31,spring-DST Sunday,2024-03-30T08:00:00+01:00,2024-03-30T07:00:00+00:00,2024-03-30T07:00:00+00:00,23,weekly_differenced,weekly_differenced_arima_p1_d0_q1,,1,0,1,c,weekly_difference,False,,completed,,success,converged,True,True,True,True,True,2336,4,-12844.294778963536,25696.589557927076,25696.606717944236,25719.614339302865,1.0265914181957465,1.8515984786252495,"[""DeprecationWarning: Setting the shape on a NumPy array has been deprecated in NumPy 2.5.\nAs an alternative, you can create a new view using np.reshape (with copy=False if needed).""]",[],0,2168,True,joint Ljung-Box and residual ACF rule,"{""1"": 0.17158686628792977, ""2"": 0.25900934129855685, ""3"": -0.08980547762227738, ""4"": -0.06397718192439318, ""5"": -0.17867541080322533, ""6"": -0.0701873863344589, ""7"": -0.11964070504890006, ""8"": -0.030601116616380798, ""9"": -0.053142502997466236, ""10"": 0.0024221897926865023, ""11"": -0.020779943751165236, ""12"": 0.04808968566161706, ""13"": -0.03969589225646456, ""14"": -0.023137579370947285, ""15"": -0.05245236872448168, ""16"": -0.03243153410270131, ""17"": -0.04939204254114826, ""18"": -0.005878690524937751, ""19"": -0.029423582343642785, ""20"": 0.008336012290289822, ""21"": -0.029049120562866855, ""22"": 0.06094861028704671, ""23"": 0.11722861254782838, ""24"": 0.21442194734953465, ""25"": 0.061219579427453374, ""26"": 0.045773810892843894, ""27"": -0.04950354938231864, ""28"": -0.0680757780762788, ""29"": -0.06553555169284202, ""30"": -0.018682609737661785, ""31"": -0.04259682995423977, ""32"": 0.025192608445773673, ""33"": -0.009870035847799094, ""34"": 0.012180307881571307, ""35"": 0.012372333879466426, ""36"": 0.025676018107559602, ""37"": -0.002816649990072461, ""38"": -0.01953152411025587, ""39"": -0.03472169415479582, ""40"": -0.018450868991133122, ""41"": -0.01329830833346208, ""42"": -0.004371533660289648, ""43"": 0.023822005069864108, ""44"": 0.04320389825545838, ""45"": 0.02370527377555601, ""46"": 0.09014846639727801, ""47"": 0.013000685842655561, ""48"": 0.13743785797010427}","[1, 2, 3, 4, 5, 6, 7, 22, 23, 24, 25, 28, 29, 46, 48]","{""24"": 522.9656624254017, ""48"": 640.9649978885774}","{""24"": 1.1775647023916575e-96, ""48"": 8.393180297133342e-106}",422.1812880177368,456.9706303487635,8.084767847033966,23,1.0,False,,,,,,False
Austria,2024-03-31,spring-DST Sunday,2024-03-30T08:00:00+01:00,2024-03-30T07:00:00+00:00,2024-03-30T07:00:00+00:00,23,weekly_differenced,weekly_differenced_arima_p2_d0_q0,,2,0,0,c,weekly_difference,False,,completed,,success,converged,True,True,True,True,True,2336,4,-12748.155165403128,25504.310330806256,25504.327490823416,25527.33511218205,1.084135897716351,inf,"[""DeprecationWarning: Setting the shape on a NumPy array has been deprecated in NumPy 2.5.\nAs an alternative, you can create a new view using np.reshape (with copy=False if needed).""]",[],0,2168,True,joint Ljung-Box and residual ACF rule,"{""1"": 0.10097760001129748, ""2"": -0.017993796940386966, ""3"": -0.09264380922750612, ""4"": -0.09831881458410201, ""5"": -0.09866340488011696, ""6"": 0.0003276430446111979, ""7"": -0.024343636605525108, ""8"": 0.025982106579166553, ""9"": 0.014037067540927482, ""10"": 0.02456666365257236, ""11"": 0.027631872018044568, ""12"": 0.09142767470996183, ""13"": -0.000797380864168347, ""14"": -0.004938412739582493, ""15"": -0.0038557701079756294, ""16"": 0.001148694346441851, ""17"": -0.004604085821696456, ""18"": 0.0291316578510264, ""19"": 0.01469613495812062, ""20"": 0.015034429063796519, ""21"": -0.05200616457115489, ""22"": 0.0036926306566623934, ""23"": 0.12631194989732153, ""24"": 0.2220207365545869, ""25"": 0.04706311659177597, ""26"": 0.01934314711785523, ""27"": -0.03554868512970911, ""28"": -0.06240088730883224, ""29"": -0.017601728779129404, ""30"": 0.02130782733613246, ""31"": -0.004575537898604902, ""32"": 0.05522376592016814, ""33"": 0.014889561780562678, ""34"": 0.01371194466058989, ""35"": 0.03452508813756794, ""36"": 0.05075426578518955, ""37"": 0.022294633208321056, ""38"": -0.005088227380978675, ""39"": -0.014341725891074323, ""40"": 0.008827697726681344, ""41"": 0.008168653271485983, ""42"": 0.0026391738271273235, ""43"": 0.03927268901984889, ""44"": 0.03357123344714589, ""45"": 0.02182191780803513, ""46"": 0.0553050614623937, ""47"": -0.002904822189474733, ""48"": 0.13472658836724796}","[1, 3, 4, 5, 12, 23, 24, 28, 48]","{""24"": 260.16365729092746, ""48"": 350.83523266470934}","{""24"": 1.3274753613467638e-42, ""48"": 1.5622094286425795e-48}",493.1845376361614,524.9604149993689,9.460492112514013,23,1.0,False,,,,,,False
Austria,2024-03-31,spring-DST Sunday,2024-03-30T08:00:00+01:00,2024-03-30T07:00:00+00:00,2024-03-30T07:00:00+00:00,23,weekly_differenced,weekly_differenced_arima_p2_d0_q1,,2,0,1,c,weekly_difference,False,,completed,,success,converged,True,True,True,True,True,2336,5,-12727.078520690884,25464.157041381768,25464.18279245473,25492.938018101508,1.0636607515905283,5.249915182553509,"[""DeprecationWarning: Setting the shape on a NumPy array has been deprecated in NumPy 2.5.\nAs an alternative, you can create a new view using np.reshape (with copy=False if needed).""]",[],0,2168,True,joint Ljung-Box and residual ACF rule,"{""1"": 0.012308405707499736, ""2"": 0.05134728716505601, ""3"": -0.06563318128526917, ""4"": -0.07215618058659827, ""5"": -0.09955949120280161, ""6"": -0.00023094011364938556, ""7"": -0.044311308009651766, ""8"": 0.01747335130671202, ""9"": -0.0009352037357493573, ""10"": 0.018925544892925285, ""11"": 0.00866464770400781, ""12"": 0.08377533943585044, ""13"": -0.015022607096910593, ""14"": -0.004791028847470666, ""15"": -0.009487098544183482, ""16"": -0.0024512890782065868, ""17"": -0.013685440801103512, ""18"": 0.023665482340190506, ""19"": 0.0036661046385789227, ""20"": 0.021664150483497846, ""21"": -0.043249192566880305, ""22"": 0.01304666374270147, ""23"": 0.10517000672369275, ""24"": 0.20785413656116583, ""25"": 0.027809469790544012, ""26"": 0.02909572258524722, ""27"": -0.028827868924130973, ""28"": -0.05623795397534961, ""29"": -0.019719063555550934, ""30"": 0.01798858204360739, ""31"": -0.018789315174313287, ""32"": 0.05185349997350575, ""33"": 0.005668152631177699, ""34"": 0.011644486877104468, ""35"": 0.027003618662862626, ""36"": 0.042314344344773436, ""37"": 0.015476266011906045, ""38"": -0.005615287032088815, ""39"": -0.015964597078701834, ""40"": 0.006697492364319991, ""41"": 0.006059368338848751, ""42"": -0.0015775043290931002, ""43"": 0.037064524717520315, ""44"": 0.03201652635961773, ""45"": 0.017118260343649563, ""46"": 0.06660255264815657, ""47"": -0.017158437007159726, ""48"": 0.13597603283272128}","[3, 4, 5, 12, 23, 24, 28, 46, 48]","{""24"": 196.47162534108293, ""48"": 281.83025959525537}","{""24"": 1.7890206110419422e-30, ""48"": 4.989927733561082e-36}",479.3172037611639,511.7148473274698,9.1909271694284,23,1.0,False,,,,,,False
Austria,2024-03-31,spring-DST Sunday,2024-03-30T08:00:00+01:00,2024-03-30T07:00:00+00:00,2024-03-30T07:00:00+00:00,23,weekly_differenced,weekly_differenced_arima_p2_d0_q2,,2,0,2,c,weekly_difference,False,,completed,,success,converged,True,True,True,True,True,2336,6,-12716.893776576271,25445.787553152542,25445.82362013408,25480.324725216236,1.0568142942172436,2.6102622101469497,"[""DeprecationWarning: Setting the shape on a NumPy array has been deprecated in NumPy 2.5.\nAs an alternative, you can create a new view using np.reshape (with copy=False if needed).""]",[],0,2168,True,joint Ljung-Box and residual ACF rule,"{""1"": 0.004919950307293594, ""2"": 0.004489897469549513, ""3"": 0.0023584065016616193, ""4"": -0.07025834972198791, ""5"": -0.0954160055127405, ""6"": -0.00027436956266956524, ""7"": -0.048415265783850046, ""8"": 0.006735034458645795, ""9"": 0.0005377437305865136, ""10"": 0.005974397934071055, ""11"": 0.00452476625944989, ""12"": 0.07979579602328, ""13"": -0.018895969878298925, ""14"": -0.012113522382112944, ""15"": -0.004907895117004736, ""16"": -0.006531146496042727, ""17"": -0.016162115485812, ""18"": 0.017533685985190204, ""19"": 0.0043409419361019035, ""20"": 0.025790116151247034, ""21"": -0.035975383916067784, ""22"": 0.0027356775909790744, ""23"": 0.1070177638810828, ""24"": 0.2010947801082868, ""25"": 0.01764662653536905, ""26"": 0.026751500876801736, ""27"": -0.01634918479981972, ""28"": -0.05899401991777414, ""29"": -0.014614565177877868, ""30"": 0.015400269575438576, ""31"": -0.02478368574757854, ""32"": 0.04873928134089689, ""33"": 0.0059193795653718646, ""34"": 0.004201612738786644, ""35"": 0.02585665333387113, ""36"": 0.039443445416197064, ""37"": 0.013511661101215967, ""38"": -0.008093697027211674, ""39"": -0.016503179697913803, ""40"": 0.008902245816030864, ""41"": 0.004655290467105519, ""42"": -0.004679869769589287, ""43"": 0.03889008872270507, ""44"": 0.027603845664032116, ""45"": 0.023186216911554838, ""46"": 0.06286641651303232, ""47"": -0.02010029212030282, ""48"": 0.13293832863095623}","[4, 5, 12, 23, 24, 28, 46, 48]","{""24"": 170.55536620861517, ""48"": 250.1737068178404}","{""24"": 6.759486772423067e-26, ""48"": 1.223388541868497e-30}",472.74425530870894,505.4399934887304,9.063296832885376,23,1.0,False,,,,,,False
Austria,2024-03-31,spring-DST Sunday,2024-03-30T08:00:00+01:00,2024-03-30T07:00:00+00:00,2024-03-30T07:00:00+00:00,23,weekly_differenced,weekly_differenced_arima_p3_d0_q1,,3,0,1,c,weekly_difference,False,,completed,,success,converged,True,True,True,True,True,2336,6,-12687.792435373489,25387.584870746978,25387.62093772852,25422.122042810668,1.0105932193832436,1.1537093703489798,"[""DeprecationWarning: Setting the shape on a NumPy array has been deprecated in NumPy 2.5.\nAs an alternative, you can create a new view using np.reshape (with copy=False if needed).""]",[],0,2168,True,joint Ljung-Box and residual ACF rule,"{""1"": 0.02982896620078312, ""2"": -0.003138010685778285, ""3"": -0.027115558769734104, ""4"": -0.012736236217807778, ""5"": -0.0249336087060915, ""6"": 0.059245138680620806, ""7"": -0.0003234635060895357, ""8"": 0.030345621972001083, ""9"": -0.004673494579940904, ""10"": -0.00846510604320459, ""11"": -0.017636962496904544, ""12"": 0.05139471128904503, ""13"": -0.04672797484072018, ""14"": -0.041478902454906194, ""15"": -0.0346763498328561, ""16"": -0.026046389971164333, ""17"": -0.03166881016857223, ""18"": 0.007896816127353438, ""19"": -0.004940336762835162, ""20"": 0.0013074889153569932, ""21"": -0.07692070971168019, ""22"": -0.03250778574424191, ""23"": 0.07879528162162373, ""24"": 0.1789055861838872, ""25"": -0.0009833857791822402, ""26"": -0.002175458230871979, ""27"": -0.04208920142047866, ""28"": -0.06426339470007947, ""29"": -0.019846266769391004, ""30"": 0.012131618634205215, ""31"": -0.0290139904825835, ""32"": 0.03108855857781708, ""33"": -0.018277297333802383, ""34"": -0.020678305502375573, ""35"": 0.0012098727808767262, ""36"": 0.02167668352060373, ""37"": -0.002428815346396135, ""38"": -0.023031763486313164, ""39"": -0.026986106881110698, ""40"": 0.001125797050073365, ""41"": 2.107832389152054e-05, ""42"": -0.008726502372939645, ""43"": 0.029304704064014295, ""44"": 0.020215567426941212, ""45"": 0.004661018057884451, ""46"": 0.04000751393327915, ""47"": -0.03299438975932714, ""48"": 0.1193929526701988}","[6, 21, 23, 24, 28, 48]","{""24"": 135.69979472675453, ""48"": 199.9908594075259}","{""24"": 3.2965644710432013e-19, ""48"": 9.22017929144418e-22}",378.3663409370589,414.2711281703815,7.242971097279338,23,1.0,False,,,,,,False
Austria,2024-04-01,Easter Monday holiday,2024-03-31T08:00:00+02:00,2024-03-31T06:00:00+00:00,2024-03-31T06:00:00+00:00,24,weekly_differenced,weekly_differenced_arima_p1_d0_q1,,1,0,1,c,weekly_difference,False,,completed,,success,converged,True,True,True,True,True,2359,4,-12976.2809662261,25960.5619324522,25960.57892480564,25983.62590476983,1.0265544291502158,1.852708238624731,"[""DeprecationWarning: Setting the shape on a NumPy array has been deprecated in NumPy 2.5.\nAs an alternative, you can create a new view using np.reshape (with copy=False if needed).""]",[],0,2191,True,joint Ljung-Box and residual ACF rule,"{""1"": 0.17177577793564072, ""2"": 0.25909055484908905, ""3"": -0.09093523493759295, ""4"": -0.06470063429614574, ""5"": -0.17924562700383068, ""6"": -0.07002219510261776, ""7"": -0.11917730181750694, ""8"": -0.030011556982650626, ""9"": -0.05404014650616945, ""10"": 0.003021379731631581, ""11"": -0.02124052015311156, ""12"": 0.04870913806383192, ""13"": -0.03978381487283519, ""14"": -0.022279317456525595, ""15"": -0.05266735327031099, ""16"": -0.0317823624722942, ""17"": -0.05008173905583686, ""18"": -0.005193267741565362, ""19"": -0.029718117166310818, ""20"": 0.009055379631727293, ""21"": -0.02954273568142778, ""22"": 0.0616328196763839, ""23"": 0.1148652673931014, ""24"": 0.21492554778806824, ""25"": 0.06079993978083093, ""26"": 0.04748875954081525, ""27"": -0.04957769093136395, ""28"": -0.06754626150617217, ""29"": -0.06601575818385634, ""30"": -0.019520104324821812, ""31"": -0.04103637130556484, ""32"": 0.025704192609280436, ""33"": -0.010085375275052138, ""34"": 0.011606827050850449, ""35"": 0.011133510024247529, ""36"": 0.026120414285617753, ""37"": -0.003340792633875612, ""38"": -0.018027762539164056, ""39"": -0.035158105097189835, ""40"": -0.018575946048972506, ""41"": -0.014601158880953853, ""42"": -0.005388682497784971, ""43"": 0.02646105591783083, ""44"": 0.042436156485020346, ""45"": 0.02581403307880772, ""46"": 0.08813030053567865, ""47"": 0.011758446100400586, ""48"": 0.13581514031799885}","[1, 2, 3, 4, 5, 6, 7, 22, 23, 24, 25, 28, 29, 46, 48]","{""24"": 529.4435310580794, ""48"": 647.2907981082003}","{""24"": 5.21901648441209e-98, ""48"": 4.403708937398629e-107}",1213.2007617425568,1352.885451689824,22.513153640502782,24,1.0,False,,,,,,False
Austria,2024-04-01,Easter Monday holiday,2024-03-31T08:00:00+02:00,2024-03-31T06:00:00+00:00,2024-03-31T06:00:00+00:00,24,weekly_differenced,weekly_differenced_arima_p2_d0_q0,,2,0,0,c,weekly_difference,False,,completed,,success,converged,True,True,True,True,True,2359,4,-12878.958797274448,25765.917594548893,25765.93458690233,25788.981566866525,1.0842820047180524,inf,"[""DeprecationWarning: Setting the shape on a NumPy array has been deprecated in NumPy 2.5.\nAs an alternative, you can create a new view using np.reshape (with copy=False if needed).""]",[],0,2191,True,joint Ljung-Box and residual ACF rule,"{""1"": 0.1012667524955072, ""2"": -0.01743704945888067, ""3"": -0.09383727547518768, ""4"": -0.0989051086830168, ""5"": -0.09900046100901944, ""6"": 0.0006972945731255339, ""7"": -0.023218258141569303, ""8"": 0.026474356409802658, ""9"": 0.012888027269843717, ""10"": 0.025004521821554583, ""11"": 0.027318900025025548, ""12"": 0.09174747692433818, ""13"": -0.0006631225853187012, ""14"": -0.004194854975139143, ""15"": -0.003964639365409839, ""16"": 0.001468746704281604, ""17"": -0.005229076404154666, ""18"": 0.029606798871515308, ""19"": 0.014779143946634387, ""20"": 0.015554722862818835, ""21"": -0.05175517463453818, ""22"": 0.004151079969054583, ""23"": 0.12356082608840277, ""24"": 0.22200359877400502, ""25"": 0.04735595786542742, ""26"": 0.021052787308133813, ""27"": -0.035635251778254835, ""28"": -0.06202586082882807, ""29"": -0.01870681994211828, ""30"": 0.019911135628229007, ""31"": -0.0024014719877258565, ""32"": 0.056294436629295175, ""33"": 0.014522208449145042, ""34"": 0.012790396568956251, ""35"": 0.033302071404019015, ""36"": 0.05109999452734275, ""37"": 0.02235119901737885, ""38"": -0.0032018162825149087, ""39"": -0.014289771958779179, ""40"": 0.008660957723534961, ""41"": 0.00569561836092704, ""42"": 0.0018736116295706123, ""43"": 0.04242638790612042, ""44"": 0.03360611793319044, ""45"": 0.024040397060651364, ""46"": 0.05364346289744892, ""47"": -0.0048742244215791925, ""48"": 0.13305557494799686}","[1, 3, 4, 5, 12, 23, 24, 28, 32, 48]","{""24"": 262.4000058273287, ""48"": 353.4587375619159}","{""24"": 4.723663168003231e-43, ""48"": 4.951976312194977e-49}",1368.388917144651,1495.1742946305897,25.433590621602807,24,1.0,False,,,,,,False
Austria,2024-04-01,Easter Monday holiday,2024-03-31T08:00:00+02:00,2024-03-31T06:00:00+00:00,2024-03-31T06:00:00+00:00,24,weekly_differenced,weekly_differenced_arima_p2_d0_q1,,2,0,1,c,weekly_difference,False,,completed,,success,converged,True,True,True,True,True,2359,5,-12857.610395048476,25725.22079009695,25725.24628945947,25754.05075549399,1.0637563938697192,5.252994159193109,"[""DeprecationWarning: Setting the shape on a NumPy array has been deprecated in NumPy 2.5.\nAs an alternative, you can create a new view using np.reshape (with copy=False if needed).""]",[],0,2191,True,joint Ljung-Box and residual ACF rule,"{""1"": 0.012456294914289515, ""2"": 0.05189148366905353, ""3"": -0.06688538124774503, ""4"": -0.07254216046890632, ""5"": -0.09991255481144438, ""6"": 3.100448981493171e-05, ""7"": -0.043402894834033506, ""8"": 0.018026484777474303, ""9"": -0.0021247070088911586, ""10"": 0.019593844148351344, ""11"": 0.008256951806119989, ""12"": 0.08422490181190269, ""13"": -0.015015075371351647, ""14"": -0.004002262958865969, ""15"": -0.009690297639268748, ""16"": -0.001924623779871195, ""17"": -0.014372138455040323, ""18"": 0.0242522680524365, ""19"": 0.0035586560906808863, ""20"": 0.022161100465385025, ""21"": -0.04332025225020475, ""22"": 0.013838742575363964, ""23"": 0.10244534889159512, ""24"": 0.20826043130468344, ""25"": 0.027717837012415845, ""26"": 0.030778476538508823, ""27"": -0.02917319218559255, ""28"": -0.05566039131631896, ""29"": -0.02054578510632707, ""30"": 0.01659445186456043, ""31"": -0.01667373096526286, ""32"": 0.052590615001187564, ""33"": 0.005327596526623801, ""34"": 0.010982712276001602, ""35"": 0.025856876470631982, ""36"": 0.04287258704588882, ""37"": 0.015172653972973788, ""38"": -0.0038021058780988515, ""39"": -0.01625377267046713, ""40"": 0.006889966292162098, ""41"": 0.003931330356928645, ""42"": -0.0024098773097722273, ""43"": 0.04024066396591497, ""44"": 0.031228616219456006, ""45"": 0.019499074920122587, ""46"": 0.06479518230293696, ""47"": -0.01861339623180098, ""48"": 0.13464666279350893}","[3, 4, 5, 12, 23, 24, 28, 46, 48]","{""24"": 198.7152327577507, ""48"": 284.31310256009385}","{""24"": 6.48272521024139e-31, ""48"": 1.7385268628584995e-36}",1341.0448208957423,1469.7809185521942,24.91397515520436,24,1.0,False,,,,,,False
Austria,2024-04-01,Easter Monday holiday,2024-03-31T08:00:00+02:00,2024-03-31T06:00:00+00:00,2024-03-31T06:00:00+00:00,24,weekly_differenced,weekly_differenced_arima_p2_d0_q2,,2,0,2,c,weekly_difference,False,,completed,,success,converged,True,True,True,True,True,2359,6,-12847.058315921371,25706.116631842742,25706.152346128456,25740.712590319188,1.0568506298684313,2.595090454255494,"[""DeprecationWarning: Setting the shape on a NumPy array has been deprecated in NumPy 2.5.\nAs an alternative, you can create a new view using np.reshape (with copy=False if needed).""]",[],0,2191,True,joint Ljung-Box and residual ACF rule,"{""1"": 0.004968757039772064, ""2"": 0.004422328749743826, ""3"": 0.0019537922041618244, ""4"": -0.07059990412025656, ""5"": -0.09575574782698539, ""6"": -0.00012923486012285395, ""7"": -0.047499666459371176, ""8"": 0.007078060194679669, ""9"": -0.0005863370350754856, ""10"": 0.006536529769031169, ""11"": 0.004213723059707899, ""12"": 0.080132168035274, ""13"": -0.018831075412103566, ""14"": -0.011485415939339428, ""15"": -0.004941067889627253, ""16"": -0.006051835337559188, ""17"": -0.016788886357512085, ""18"": 0.01797486322435142, ""19"": 0.004237443007863398, ""20"": 0.026059480552072946, ""21"": -0.035816882549382645, ""22"": 0.003398509947596617, ""23"": 0.10449934775817987, ""24"": 0.20137448516576684, ""25"": 0.0176165293321434, ""26"": 0.028140290207881488, ""27"": -0.016591826373717963, ""28"": -0.05828371249211524, ""29"": -0.015326220531167396, ""30"": 0.013906002396997907, ""31"": -0.02269559171355713, ""32"": 0.04944298090637685, ""33"": 0.0054970361321926235, ""34"": 0.0035047912291223384, ""35"": 0.024906059824875332, ""36"": 0.039943610260463266, ""37"": 0.013254189467932056, ""38"": -0.006599532606551848, ""39"": -0.016730280311379027, ""40"": 0.009308744401885139, ""41"": 0.002392883085262028, ""42"": -0.005327111435076843, ""43"": 0.041990374353978246, ""44"": 0.026587811530722965, ""45"": 0.025379108622436017, ""46"": 0.061230643867623134, ""47"": -0.021552549558705877, ""48"": 0.13189242801993498}","[4, 5, 12, 23, 24, 28, 46, 48]","{""24"": 171.64842176075595, ""48"": 251.61871493283155}","{""24"": 4.1420227382271613e-26, ""48"": 6.69606917315819e-31}",1331.9442843654608,1461.2443794412948,24.744257393407807,24,1.0,False,,,,,,False
Austria,2024-04-01,Easter Monday holiday,2024-03-31T08:00:00+02:00,2024-03-31T06:00:00+00:00,2024-03-31T06:00:00+00:00,24,weekly_differenced,weekly_differenced_arima_p3_d0_q1,,3,0,1,c,weekly_difference,False,,completed,,success,converged,True,True,True,True,True,2359,6,-12817.535588085915,25647.071176171838,25647.106890457548,25681.66713464828,1.0105179447964197,1.153972419207165,"[""DeprecationWarning: Setting the shape on a NumPy array has been deprecated in NumPy 2.5.\nAs an alternative, you can create a new view using np.reshape (with copy=False if needed).""]",[],0,2191,True,joint Ljung-Box and residual ACF rule,"{""1"": 0.02981821548285546, ""2"": -0.0023839427887965194, ""3"": -0.028025900773527835, ""4"": -0.01288905262450566, ""5"": -0.02505313616041308, ""6"": 0.05961482969552836, ""7"": 0.0006556532372599516, ""8"": 0.030606488436967564, ""9"": -0.006185689623752578, ""10"": -0.008182495083029033, ""11"": -0.018296782564323804, ""12"": 0.051470709586473394, ""13"": -0.0469274321698122, ""14"": -0.04093763210122026, ""15"": -0.035054290067743785, ""16"": -0.025811892045440713, ""17"": -0.03247219580540589, ""18"": 0.008315043387444963, ""19"": -0.005023759474184783, ""20"": 0.0017534390220571461, ""21"": -0.07670742016708142, ""22"": -0.031852197787906454, ""23"": 0.07597147658531678, ""24"": 0.17912225014822747, ""25"": -0.0007922947331679291, ""26"": -0.00045680340345971245, ""27"": -0.04231557814730458, ""28"": -0.06370748469726013, ""29"": -0.020842861393886525, ""30"": 0.010638741464671824, ""31"": -0.026789377508959725, ""32"": 0.032014018284526366, ""33"": -0.01873643943662863, ""34"": -0.021556503336553345, ""35"": -3.6230998344298944e-05, ""36"": 0.02203403908342064, ""37"": -0.0026105061881484897, ""38"": -0.021215815586542734, ""39"": -0.027115198890343424, ""40"": 0.0011163717084955735, ""41"": -0.002562803448885786, ""42"": -0.00961777110889066, ""43"": 0.03245896681548419, ""44"": 0.019737588476906757, ""45"": 0.006975440724315367, ""46"": 0.03839236966484214, ""47"": -0.03462362985707524, ""48"": 0.11812012637659436}","[6, 21, 23, 24, 28, 48]","{""24"": 136.61903825318893, ""48"": 201.10057512320137}","{""24"": 2.210082159661913e-19, ""48"": 5.937680293062163e-22}",1167.895088176231,1312.050006109776,21.699674334634786,24,1.0,False,,,,,,False
Austria,2024-05-09,Ascension holiday,2024-05-08T08:00:00+02:00,2024-05-08T06:00:00+00:00,2024-05-08T06:00:00+00:00,24,weekly_differenced,weekly_differenced_arima_p1_d0_q1,,1,0,1,c,weekly_difference,False,,completed,,success,converged,True,True,True,True,True,3271,4,-18765.864843076197,37539.72968615239,37539.74193354981,37564.10109026254,1.0292862131569334,1.7131703128433666,"[""DeprecationWarning: Setting the shape on a NumPy array has been deprecated in NumPy 2.5.\nAs an alternative, you can create a new view using np.reshape (with copy=False if needed).""]",[],0,3102,True,joint Ljung-Box and residual ACF rule,"{""1"": 0.18251178324154257, ""2"": 0.2435141112219838, ""3"": -0.1005148116278617, ""4"": -0.06259904038863329, ""5"": -0.1519399451483763, ""6"": -0.05340059909653256, ""7"": -0.09390870224342744, ""8"": -0.033295855732869375, ""9"": -0.05049501522476305, ""10"": -0.013290739929147958, ""11"": -0.052093752776677056, ""12"": 0.006829360050767419, ""13"": -0.03562477176083032, ""14"": -0.01581595584052106, ""15"": -0.038480002400352556, ""16"": -0.038980050237528444, ""17"": -0.020154597323942477, ""18"": 0.016969556850080867, ""19"": -0.01816974727621585, ""20"": 0.021732748246568283, ""21"": -0.005328763591803659, ""22"": 0.0688169995692936, ""23"": 0.11702997931436364, ""24"": 0.19469840426204668, ""25"": 0.050496216200609734, ""26"": 0.03394377774916987, ""27"": -0.03615715413638895, ""28"": -0.062065903320913704, ""29"": -0.0753804419488637, ""30"": -0.05073993906154618, ""31"": -0.05163966334677002, ""32"": -0.003974364129668497, ""33"": -0.0024228553535483475, ""34"": 0.02785458165672883, ""35"": 0.024266939308070255, ""36"": 0.005632614210434215, ""37"": 0.002226598601314069, ""38"": -0.018376523974099057, ""39"": 0.007581104660091166, ""40"": -0.003938860084638223, ""41"": 0.008497531229621588, ""42"": 0.005115313040586146, ""43"": 0.012384112834969542, ""44"": 0.020902230211550445, ""45"": 0.023904020876906913, ""46"": 0.04261678611074482, ""47"": 0.023059232252353668, ""48"": 0.11214397785145704}","[1, 2, 3, 4, 5, 6, 7, 9, 11, 22, 23, 24, 25, 28, 29, 30, 31, 48]","{""24"": 654.8714213231414, ""48"": 773.6247902319857}","{""24"": 2.5200114503373783e-124, ""48"": 8.111711800931122e-133}",2371.066276680031,2480.2391028259804,46.32414298421175,24,1.0,False,,,,,,False
Austria,2024-05-09,Ascension holiday,2024-05-08T08:00:00+02:00,2024-05-08T06:00:00+00:00,2024-05-08T06:00:00+00:00,24,weekly_differenced,weekly_differenced_arima_p2_d0_q0,,2,0,0,c,weekly_difference,False,,completed,,success,converged,True,True,True,True,True,3271,4,-18651.201348326547,37310.402696653095,37310.41494405052,37334.77410076325,1.1143595498796597,inf,"[""DeprecationWarning: Setting the shape on a NumPy array has been deprecated in NumPy 2.5.\nAs an alternative, you can create a new view using np.reshape (with copy=False if needed).""]",[],0,3102,True,joint Ljung-Box and residual ACF rule,"{""1"": 0.13569520122913845, ""2"": -0.056813694246982765, ""3"": -0.10649201072236252, ""4"": -0.10211306798281587, ""5"": -0.06316554725679195, ""6"": 0.019822710316651695, ""7"": 0.00440262357688916, ""8"": 0.023265758915444027, ""9"": 0.02830628906030839, ""10"": 0.026313071219540577, ""11"": -0.001763620669925896, ""12"": 0.05078148841464465, ""13"": 0.016735185749151758, ""14"": 0.02108761347062421, ""15"": 0.002704551933155905, ""16"": -0.018351007746041762, ""17"": 0.02481035513847709, ""18"": 0.05154555902484235, ""19"": 0.010198011397458089, ""20"": 0.017114998168683514, ""21"": -0.02902555101239746, ""22"": 0.007351704589220717, ""23"": 0.12664603786666292, ""24"": 0.20173974677179335, ""25"": 0.035061754941464095, ""26"": 0.00805122163722025, ""27"": -0.011920880924748758, ""28"": -0.03931123765091197, ""29"": -0.02669640691562148, ""30"": -0.005497297282283444, ""31"": -0.007400826427767953, ""32"": 0.026638695701864442, ""33"": 0.02576685256677943, ""34"": 0.050023896976258246, ""35"": 0.045702728137596994, ""36"": 0.019144982728969785, ""37"": 0.007182285513125075, ""38"": -0.008684097979629659, ""39"": 0.02615850047624063, ""40"": 0.017765863254448372, ""41"": 0.019462195708428692, ""42"": 0.016310817765312517, ""43"": 0.01909657598741299, ""44"": 0.021718919309979268, ""45"": 0.029222172749817147, ""46"": 0.011746740767005114, ""47"": 0.013307052770774656, ""48"": 0.1283945514654435}","[1, 2, 3, 4, 5, 12, 18, 23, 24, 34, 48]","{""24"": 357.9717040657733, ""48"": 453.5380810843054}","{""24"": 1.8225283595156786e-62, ""48"": 2.1459880216117982e-68}",1432.8256470219396,1587.101606341384,27.98640809477384,24,1.0,False,,,,,,False
Austria,2024-05-09,Ascension holiday,2024-05-08T08:00:00+02:00,2024-05-08T06:00:00+00:00,2024-05-08T06:00:00+00:00,24,weekly_differenced,weekly_differenced_arima_p2_d0_q1,,2,0,1,c,weekly_difference,False,,completed,,success,converged,True,True,True,True,True,3271,5,-18594.978721362768,37199.957442725536,37199.97581944835,37230.421697863225,1.074859383118954,3.864464568950388,"[""DeprecationWarning: Setting the shape on a NumPy array has been deprecated in NumPy 2.5.\nAs an alternative, you can create a new view using np.reshape (with copy=False if needed).""]",[],0,3102,True,joint Ljung-Box and residual ACF rule,"{""1"": 0.014407110558253635, ""2"": 0.03922753694479596, ""3"": -0.06668119707258245, ""4"": -0.07119986946526746, ""5"": -0.06639864765748524, ""6"": 0.011228484669112873, ""7"": -0.020652043874227845, ""8"": 0.008525566207988047, ""9"": 0.007634306034110196, ""10"": 0.01850948998458175, ""11"": -0.020663156427259504, ""12"": 0.04422493291005087, ""13"": -0.002397368958016699, ""14"": 0.014150496635101713, ""15"": -0.001122896530722692, ""16"": -0.023174769549331398, ""17"": 0.014630729084863153, ""18"": 0.043529247901966724, ""19"": -0.00249125156041051, ""20"": 0.0275455137771421, ""21"": -0.018296289534358946, ""22"": 0.017605506390333706, ""23"": 0.10150798934886544, ""24"": 0.18681007331358576, ""25"": 0.014477595986169234, ""26"": 0.019317669459569427, ""27"": -0.007861560282991748, ""28"": -0.03768489837575551, ""29"": -0.028749290938737942, ""30"": -0.009113412579716734, ""31"": -0.018379839562321802, ""32"": 0.02180171973200413, ""33"": 0.011849172333841076, ""34"": 0.03967064736858141, ""35"": 0.035343581527961514, ""36"": 0.01235202096405371, ""37"": 0.010230309354341273, ""38"": -0.011653104353957632, ""39"": 0.025376894047184746, ""40"": 0.009636812645106928, ""41"": 0.017233761209509483, ""42"": 0.012681969290958554, ""43"": 0.017425912007440158, ""44"": 0.018559239952334182, ""45"": 0.02871036425075305, ""46"": 0.0200466861551326, ""47"": -0.00010657819814571054, ""48"": 0.12276080239438539}","[3, 4, 5, 23, 24, 48]","{""24"": 214.020620052724, ""48"": 293.59506386943565}","{""24"": 6.182590218943924e-34, ""48"": 3.328127236438714e-38}",1623.5612605602057,1766.753928001845,31.723593975392788,24,1.0,False,,,,,,False
Austria,2024-05-09,Ascension holiday,2024-05-08T08:00:00+02:00,2024-05-08T06:00:00+00:00,2024-05-08T06:00:00+00:00,24,weekly_differenced,weekly_differenced_arima_p2_d0_q2,,2,0,2,c,weekly_difference,False,,completed,,success,converged,True,True,True,True,True,3271,6,-18582.974212808687,37177.948425617375,37177.97416091149,37214.505531782605,1.0661623865986125,2.6592796429096897,"[""DeprecationWarning: Setting the shape on a NumPy array has been deprecated in NumPy 2.5.\nAs an alternative, you can create a new view using np.reshape (with copy=False if needed).""]",[],0,3102,True,joint Ljung-Box and residual ACF rule,"{""1"": 0.004767633301905776, ""2"": 0.004787608661208137, ""3"": -0.001730481767778431, ""4"": -0.07426055501640169, ""5"": -0.06436928598110485, ""6"": 0.00973877103402366, ""7"": -0.02739155290754226, ""8"": -0.003315038643708786, ""9"": 0.007269079401894085, ""10"": 0.01031193669338981, ""11"": -0.02502288648995862, ""12"": 0.04004200818351307, ""13"": -0.007057070630022188, ""14"": 0.009703994388675728, ""15"": 0.00041557113330652337, ""16"": -0.028915126211162948, ""17"": 0.013934766047738467, ""18"": 0.04010804274439932, ""19"": -0.0057141596384744, ""20"": 0.031403213957799006, ""21"": -0.009287957839381331, ""22"": 0.00832717519347725, ""23"": 0.10245812399769032, ""24"": 0.18313504178640055, ""25"": 0.005885884694141539, ""26"": 0.016983964203200655, ""27"": 0.0015986182992415757, ""28"": -0.040495006537221476, ""29"": -0.027711245565391, ""30"": -0.010592285515266104, ""31"": -0.02103794337644196, ""32"": 0.01832856373760701, ""33"": 0.00802509038804104, ""34"": 0.03501744533448694, ""35"": 0.032420270611736204, ""36"": 0.010979568786645487, ""37"": 0.009136954633957115, ""38"": -0.011471538339363934, ""39"": 0.02497367708912568, ""40"": 0.008682343781804117, ""41"": 0.014352313738249519, ""42"": 0.01350337791892878, ""43"": 0.015848913767900083, ""44"": 0.016484562729084523, ""45"": 0.035369649335124494, ""46"": 0.01613730441927969, ""47"": -0.004858235223653277, ""48"": 0.12289581823561925}","[4, 5, 23, 24, 48]","{""24"": 190.3770836145858, ""48"": 267.6549990612348}","{""24"": 8.917904546442395e-30, ""48"": 7.979822836791844e-34}",1691.6475104394056,1831.4011191705183,33.0551404338259,24,1.0,False,,,,,,False
Austria,2024-05-09,Ascension holiday,2024-05-08T08:00:00+02:00,2024-05-08T06:00:00+00:00,2024-05-08T06:00:00+00:00,24,weekly_differenced,weekly_differenced_arima_p3_d0_q1,,3,0,1,c,weekly_difference,False,,completed,,success,converged,True,True,True,True,True,3271,6,-18559.894409321245,37131.78881864249,37131.81455393661,37168.34592480772,1.0318295888678577,1.825935859288871,"[""DeprecationWarning: Setting the shape on a NumPy array has been deprecated in NumPy 2.5.\nAs an alternative, you can create a new view using np.reshape (with copy=False if needed).""]",[],0,3102,True,joint Ljung-Box and residual ACF rule,"{""1"": 0.013524379277624498, ""2"": -0.021107810373764805, ""3"": 0.001147063796720343, ""4"": -0.0018141031662753811, ""5"": -0.010004782472794788, ""6"": 0.03359525123742374, ""7"": -0.028588891373711005, ""8"": -0.025731332369155605, ""9"": -0.027788286762941695, ""10"": -0.027610538321785914, ""11"": -0.0620058548993542, ""12"": 0.005652251160634852, ""13"": -0.031908009662553805, ""14"": -0.012545168793558725, ""15"": -0.02204246996721964, ""16"": -0.04381586038762008, ""17"": 0.004685030197988879, ""18"": 0.04019849969307687, ""19"": 0.0025754871776423687, ""20"": 0.032407899239060116, ""21"": -0.02158424527394195, ""22"": -0.004777974953099425, ""23"": 0.09472450690469307, ""24"": 0.173828129169333, ""25"": -0.006657715240700689, ""26"": 0.0020986028411607155, ""27"": -0.0009313055288512539, ""28"": -0.030651966134378938, ""29"": -0.022848544201956658, ""30"": -0.011167191632835884, ""31"": -0.028807955035722237, ""32"": 0.0005071238615739225, ""33"": -0.011951369376277658, ""34"": 0.015056143490070376, ""35"": 0.01545444292320108, ""36"": -0.0031291907663656615, ""37"": -0.003257025497518498, ""38"": -0.01756975871771048, ""39"": 0.023077680580744626, ""40"": 0.009073943565287835, ""41"": 0.013238554573180128, ""42"": 0.01111378970385589, ""43"": 0.016387646612926358, ""44"": 0.02050196422161535, ""45"": 0.030296647712805547, ""46"": 0.003511227493281073, ""47"": -0.013383863103860145, ""48"": 0.11717519794958735}","[11, 23, 24, 48]","{""24"": 170.9389212871666, ""48"": 233.4341363067104}","{""24"": 5.692383957046763e-26, ""48"": 1.2504725294601321e-27}",2071.570262748554,2198.585927383807,40.45885245084435,24,1.0,False,,,,,,False
Austria,2024-06-17,Monday / warm season,2024-06-16T08:00:00+02:00,2024-06-16T06:00:00+00:00,2024-06-16T06:00:00+00:00,24,weekly_differenced,weekly_differenced_arima_p1_d0_q1,,1,0,1,c,weekly_difference,False,,completed,,success,converged,True,True,True,True,True,4207,4,-24669.89622874174,49347.79245748348,49347.80197676002,49373.17047781785,1.0343659994553658,1.6650091932742972,"[""DeprecationWarning: Setting the shape on a NumPy array has been deprecated in NumPy 2.5.\nAs an alternative, you can create a new view using np.reshape (with copy=False if needed).""]",[],0,4038,True,joint Ljung-Box and residual ACF rule,"{""1"": 0.1878164013744754, ""2"": 0.248818934715457, ""3"": -0.09515332396880712, ""4"": -0.047551924468989475, ""5"": -0.11897224088857816, ""6"": -0.05534099382985572, ""7"": -0.060425403227342245, ""8"": -0.028399972734506538, ""9"": -0.017750320488412203, ""10"": -0.009723109960229733, ""11"": -0.05967086459809009, ""12"": -0.016926216745589806, ""13"": -0.05356388858541008, ""14"": -0.02538507420269985, ""15"": -0.04456213024263653, ""16"": -0.0454680157305406, ""17"": -0.010114886086173704, ""18"": 0.02585370500870118, ""19"": -0.0007116215407113702, ""20"": 0.004038785726522898, ""21"": 0.0032108027502293587, ""22"": 0.046268832488198235, ""23"": 0.102809041206287, ""24"": 0.1311131761137022, ""25"": 0.06130822297147086, ""26"": 0.0029793956221898254, ""27"": -0.037023815637418085, ""28"": -0.07973599992398508, ""29"": -0.09525112851935259, ""30"": -0.052502892834985875, ""31"": -0.054598687285229465, ""32"": 0.018448654737740905, ""33"": 0.006992009003833568, ""34"": 0.035610862955685836, ""35"": 0.04043122049086726, ""36"": 0.009485675877892763, ""37"": 0.029739755203003527, ""38"": -0.021258713375101122, ""39"": 0.032808452563754, ""40"": -0.00942658548222713, ""41"": -0.0051762137489145005, ""42"": 0.008551057234876236, ""43"": -0.0038752490436773225, ""44"": 0.024216008835005968, ""45"": -0.0009104930833347135, ""46"": 0.03983293517055357, ""47"": -0.024012257761617285, ""48"": 0.07765142624903575}","[1, 2, 3, 5, 6, 7, 11, 13, 23, 24, 25, 28, 29, 30, 31, 48]","{""24"": 698.8961115030454, ""48"": 866.272990584079}","{""24"": 1.3282284169113775e-133, ""48"": 7.392157741234767e-152}",454.5031966036766,694.2217471004692,6.805218594097645,24,1.0,False,,,,,,False
Austria,2024-06-17,Monday / warm season,2024-06-16T08:00:00+02:00,2024-06-16T06:00:00+00:00,2024-06-16T06:00:00+00:00,24,weekly_differenced,weekly_differenced_arima_p2_d0_q0,,2,0,0,c,weekly_difference,False,,completed,,success,converged,True,True,True,True,True,4207,4,-24524.44021805518,49056.88043611036,49056.8899553869,49082.25845644472,1.1446812311606127,inf,"[""DeprecationWarning: Setting the shape on a NumPy array has been deprecated in NumPy 2.5.\nAs an alternative, you can create a new view using np.reshape (with copy=False if needed).""]",[],0,4038,True,joint Ljung-Box and residual ACF rule,"{""1"": 0.14651286452909243, ""2"": -0.0754838931763756, ""3"": -0.1175217925916778, ""4"": -0.08943414810515568, ""5"": -0.034666003687508315, ""6"": 0.010350494310467253, ""7"": 0.022472165982509597, ""8"": 0.02817364972336371, ""9"": 0.06069055906606292, ""10"": 0.03974119181305254, ""11"": -0.013065897549995972, ""12"": 0.027163983816776364, ""13"": 0.0075017050335100645, ""14"": 0.026246942397180544, ""15"": 0.0016134001537160129, ""16"": -0.028213141420037887, ""17"": 0.030964332285868826, ""18"": 0.07155941112453493, ""19"": 0.022246536732440283, ""20"": -0.004310371772144822, ""21"": -0.02129145958000521, ""22"": 0.012156848422423538, ""23"": 0.10474437889272387, ""24"": 0.1455127173434962, ""25"": 0.0561496118025457, ""26"": -0.001217787075370386, ""27"": -0.006886857464862803, ""28"": -0.04835099937606426, ""29"": -0.049428474906779936, ""30"": -0.010763923880302147, ""31"": -0.00942008718374254, ""32"": 0.04804367996270198, ""33"": 0.026510301426632212, ""34"": 0.043125908658633874, ""35"": 0.04513246506450648, ""36"": 0.01593700930347013, ""37"": 0.01999589883500725, ""38"": -0.01476861570847405, ""39"": 0.0452525987943141, ""40"": 0.006732237801090109, ""41"": -0.004687706185989624, ""42"": 0.018140709112619738, ""43"": 0.00938877538396814, ""44"": 0.02165990529472235, ""45"": 0.019589957503773396, ""46"": 0.018171350519640726, ""47"": -0.021781427700882615, ""48"": 0.09484936310661934}","[1, 2, 3, 4, 9, 18, 23, 24, 25, 48]","{""24"": 399.5919378015531, ""48"": 518.4764114411639}","{""24"": 4.9888206359841645e-71, ""48"": 3.185924688575245e-81}",454.44500525500695,697.9914138166506,6.799730706506225,24,1.0,False,,,,,,False
Austria,2024-06-17,Monday / warm season,2024-06-16T08:00:00+02:00,2024-06-16T06:00:00+00:00,2024-06-16T06:00:00+00:00,24,weekly_differenced,weekly_differenced_arima_p2_d0_q1,,2,0,1,c,weekly_difference,False,,completed,,success,converged,True,True,True,True,True,4207,5,-24438.07648591661,48886.15297183322,48886.16725414695,48917.87549725117,1.086525039165495,3.5922309594091697,"[""DeprecationWarning: Setting the shape on a NumPy array has been deprecated in NumPy 2.5.\nAs an alternative, you can create a new view using np.reshape (with copy=False if needed).""]",[],0,4038,True,joint Ljung-Box and residual ACF rule,"{""1"": 0.01423555614321926, ""2"": 0.0335783972001464, ""3"": -0.0700871497825935, ""4"": -0.058695453740279846, ""5"": -0.03442735818435171, ""6"": -0.003507000119752591, ""7"": 0.004948923202333865, ""8"": 0.005405181957900038, ""9"": 0.03816327927882233, ""10"": 0.026500514808926064, ""11"": -0.030252388540197708, ""12"": 0.0247899686390257, ""13"": -0.013056464543686058, ""14"": 0.016411404599759656, ""15"": -0.003619454597746308, ""16"": -0.03286488402421217, ""17"": 0.019700678296416682, ""18"": 0.056916624580718805, ""19"": 0.010235037539927081, ""20"": 0.004369966284684725, ""21"": -0.008582642733936318, ""22"": 0.015474030771044794, ""23"": 0.08712687160496423, ""24"": 0.12501257968282986, ""25"": 0.04208967125870138, ""26"": -0.002281622870073468, ""27"": -0.0019585626408319223, ""28"": -0.046820062826820975, ""29"": -0.05030363733156701, ""30"": -0.008882977555355708, ""31"": -0.026040116503246943, ""32"": 0.044084389171207605, ""33"": 0.010550512395489112, ""34"": 0.03602438686020391, ""35"": 0.040179617079061, ""36"": 0.007286415566952778, ""37"": 0.02945459702475729, ""38"": -0.025286685506857857, ""39"": 0.04930641438636946, ""40"": -0.001417354724770326, ""41"": -0.0048909467866435465, ""42"": 0.019186793564514307, ""43"": 0.0029290636947619784, ""44"": 0.02142072140275763, ""45"": 0.0110250251343428, ""46"": 0.030822081957982476, ""47"": -0.0386686759578865, ""48"": 0.09450668527624242}","[3, 4, 18, 23, 24, 29, 48]","{""24"": 176.2403440187089, ""48"": 292.8151158351174}","{""24"": 1.594656686650018e-26, ""48"": 4.6443012767961006e-38}",452.1482262192083,694.7310521654232,6.760353551564539,24,1.0,False,,,,,,False
Austria,2024-06-17,Monday / warm season,2024-06-16T08:00:00+02:00,2024-06-16T06:00:00+00:00,2024-06-16T06:00:00+00:00,24,weekly_differenced,weekly_differenced_arima_p2_d0_q2,,2,0,2,c,weekly_difference,False,,completed,,success,converged,True,True,True,True,True,4207,6,-24422.98689209915,48857.9737841983,48857.9937841983,48896.040814699845,1.0753005413173742,2.6127140735290566,"[""DeprecationWarning: Setting the shape on a NumPy array has been deprecated in NumPy 2.5.\nAs an alternative, you can create a new view using np.reshape (with copy=False if needed).""]",[],0,4038,True,joint Ljung-Box and residual ACF rule,"{""1"": 0.003882923667156536, ""2"": 0.003125054675883552, ""3"": -0.002562364836921119, ""4"": -0.06088963170507704, ""5"": -0.03297166629339288, ""6"": -0.004798100032089686, ""7"": -0.003083611140603752, ""8"": -0.005931586788655696, ""9"": 0.03465070862571067, ""10"": 0.019303136142517545, ""11"": -0.03589194917621255, ""12"": 0.02171783341158032, ""13"": -0.01788627652260344, ""14"": 0.011652814244422768, ""15"": -0.002349918147936753, ""16"": -0.039800931891528675, ""17"": 0.017188710910189697, ""18"": 0.05459057719958209, ""19"": 0.005304631176802139, ""20"": 0.00699483935192461, ""21"": -0.0014986736964501517, ""22"": 0.012039397721924546, ""23"": 0.0836598248669877, ""24"": 0.1222164001955395, ""25"": 0.033983276780285995, ""26"": -0.004947264441654661, ""27"": 0.004019357809780611, ""28"": -0.048344093074496074, ""29"": -0.049212863142418385, ""30"": -0.010432909313834254, ""31"": -0.029011495707320815, ""32"": 0.040192625702292775, ""33"": 0.006761176422698082, ""34"": 0.03212783368652287, ""35"": 0.037911573351675255, ""36"": 0.008493754561749138, ""37"": 0.027690691338400616, ""38"": -0.02574433834499945, ""39"": 0.049539133456022726, ""40"": -0.0010014727253961644, ""41"": -0.008890221730016978, ""42"": 0.021526358740939396, ""43"": 0.0029103026580390235, ""44"": 0.015124161336043366, ""45"": 0.01814300068787279, ""46"": 0.027332575902718193, ""47"": -0.042784131088542184, ""48"": 0.0934507338214739}","[4, 18, 23, 24, 48]","{""24"": 144.93369317020276, ""48"": 256.76235818299295}","{""24"": 5.837081554847362e-21, ""48"": 7.79375798144442e-32}",450.4352566208883,692.8072239893263,6.729781341433065,24,1.0,False,,,,,,False
Austria,2024-06-17,Monday / warm season,2024-06-16T08:00:00+02:00,2024-06-16T06:00:00+00:00,2024-06-16T06:00:00+00:00,24,weekly_differenced,weekly_differenced_arima_p3_d0_q1,,3,0,1,c,weekly_difference,False,,completed,,success,converged,True,True,True,True,True,4207,6,-24408.83120497997,48829.66240995994,48829.68240995994,48867.72944046149,1.0512970878986223,3.4858249765912923,"[""DeprecationWarning: Setting the shape on a NumPy array has been deprecated in NumPy 2.5.\nAs an alternative, you can create a new view using np.reshape (with copy=False if needed).""]",[],0,4038,True,joint Ljung-Box and residual ACF rule,"{""1"": 0.002413847976293188, ""2"": -0.007632091033390893, ""3"": 0.006118123025848081, ""4"": -0.0011007641494270265, ""5"": -0.00232726308949587, ""6"": -0.0005913440295045378, ""7"": -0.015502578383157137, ""8"": -0.025300211738290935, ""9"": 0.013151863820568504, ""10"": -0.00027373720335925497, ""11"": -0.05491649565504296, ""12"": 0.004233568465207257, ""13"": -0.027424992305013666, ""14"": 0.003952689282523787, ""15"": -0.015051487910502603, ""16"": -0.05136902396862375, ""17"": 0.008079761718843913, ""18"": 0.05185615770331898, ""19"": 0.007260401801748679, ""20"": 0.006843913770722803, ""21"": -0.005346196951616031, ""22"": 0.008026021245141138, ""23"": 0.07863302215272287, ""24"": 0.11351007423646767, ""25"": 0.023299370401864285, ""26"": -0.012707309336465956, ""27"": 0.0030987852897000024, ""28"": -0.04261321078538222, ""29"": -0.047953020134331226, ""30"": -0.012766377343372111, ""31"": -0.03357213116997891, ""32"": 0.030221329296372824, ""33"": -0.004243391200408428, ""34"": 0.02179725158156116, ""35"": 0.03164311727125362, ""36"": 0.004598974521413291, ""37"": 0.023668310686170858, ""38"": -0.026029013452987738, ""39"": 0.05005872667236675, ""40"": -0.0009121687084847511, ""41"": -0.009598872057866319, ""42"": 0.01869704813740594, ""43"": 0.0019907137366056023, ""44"": 0.017306278082156117, ""45"": 0.015125437567777797, ""46"": 0.0205697408663243, ""47"": -0.048885480163446016, ""48"": 0.08857402491188605}","[11, 16, 18, 23, 24, 39, 48]","{""24"": 121.17327724930959, ""48"": 218.7921437446752}","{""24"": 1.7283087135223788e-16, ""48"": 4.9205801691696785e-25}",447.9728442125085,688.9219756049415,6.686568429701562,24,1.0,False,,,,,,False
Austria,2024-07-25,warm-season weekday,2024-07-24T08:00:00+02:00,2024-07-24T06:00:00+00:00,2024-07-24T06:00:00+00:00,24,weekly_differenced,weekly_differenced_arima_p1_d0_q1,,1,0,1,c,weekly_difference,False,,completed,,success,converged,True,True,True,True,True,5119,4,-30274.36553974642,60556.73107949284,60556.73890115885,60582.89393703867,1.039794047680038,1.6905971736351175,"[""DeprecationWarning: Setting the shape on a NumPy array has been deprecated in NumPy 2.5.\nAs an alternative, you can create a new view using np.reshape (with copy=False if needed).""]",[],0,4950,True,joint Ljung-Box and residual ACF rule,"{""1"": 0.16781286592823055, ""2"": 0.22791185289413593, ""3"": -0.08693337071086346, ""4"": -0.05713957585365891, ""5"": -0.11998448891166205, ""6"": -0.05014622656689222, ""7"": -0.06930710922738617, ""8"": -0.02313718672735603, ""9"": -0.016418365001251097, ""10"": -0.013301938786124793, ""11"": -0.06147958883268067, ""12"": -0.01580701379202178, ""13"": -0.059473112064492344, ""14"": -0.00609299844787731, ""15"": -0.03204578033292305, ""16"": -0.014231307539994152, ""17"": -0.016883935721975718, ""18"": 0.022998528870463684, ""19"": -0.0008989066022788219, ""20"": -0.0005435889973988825, ""21"": 0.012124021947699818, ""22"": 0.043890725972236797, ""23"": 0.1058591905891753, ""24"": 0.13039146364267704, ""25"": 0.047840759975001826, ""26"": -0.004215347050967734, ""27"": -0.022524561811645933, ""28"": -0.05500422692795529, ""29"": -0.07896670508073877, ""30"": -0.045927076918893854, ""31"": -0.051681575008397394, ""32"": 0.0070495208594098056, ""33"": -0.0011690301373813666, ""34"": 0.028445570593965568, ""35"": 0.029247712614611312, ""36"": 0.006846384610023289, ""37"": 0.030192722817223284, ""38"": -0.005865874105625834, ""39"": 0.032760569272858975, ""40"": -0.0031787496762188667, ""41"": -0.011243286418823946, ""42"": 0.013986753820355765, ""43"": -0.0001048510653037009, ""44"": 0.008126899589117718, ""45"": 0.00415316539311912, ""46"": 0.026822067355275914, ""47"": -0.01462253895347937, ""48"": 0.08006685273907084}","[1, 2, 3, 4, 5, 6, 7, 11, 13, 23, 24, 28, 29, 31, 48]","{""24"": 761.5330438584649, ""48"": 903.1494639756586}","{""24"": 7.826218989092935e-147, ""48"": 1.8134702873651993e-159}",215.7129511801769,257.2577433350985,3.449571612178996,24,1.0,False,,,,,,False
Austria,2024-07-25,warm-season weekday,2024-07-24T08:00:00+02:00,2024-07-24T06:00:00+00:00,2024-07-24T06:00:00+00:00,24,weekly_differenced,weekly_differenced_arima_p2_d0_q0,,2,0,0,c,weekly_difference,False,,completed,,success,converged,True,True,True,True,True,5119,4,-30130.781777341013,60269.56355468203,60269.57137634804,60295.72641222786,1.156924662374365,inf,"[""DeprecationWarning: Setting the shape on a NumPy array has been deprecated in NumPy 2.5.\nAs an alternative, you can create a new view using np.reshape (with copy=False if needed).""]",[],0,4950,True,joint Ljung-Box and residual ACF rule,"{""1"": 0.13082702820852687, ""2"": -0.08012883163691517, ""3"": -0.09054965543501421, ""4"": -0.08794443151948587, ""5"": -0.033980697290155876, ""6"": 0.019233097739449125, ""7"": 0.010824317446213233, ""8"": 0.03394603982082638, ""9"": 0.06475375883048416, ""10"": 0.03250041264003264, ""11"": -0.01249094092823035, ""12"": 0.022376775723799917, ""13"": -0.005124582622211337, ""14"": 0.03481445304671267, ""15"": 0.018660059621568463, ""16"": 0.002999668053928819, ""17"": 0.01632027491111621, ""18"": 0.05672491142590232, ""19"": 0.022303769547052217, ""20"": -0.005830237519231691, ""21"": -0.008660230900772333, ""22"": 0.013372031888165685, ""23"": 0.10972067663598332, ""24"": 0.1471241075489013, ""25"": 0.03438849861727648, ""26"": -0.017618931194024603, ""27"": 0.008557282638872895, ""28"": -0.019624588035904736, ""29"": -0.038370439944330294, ""30"": -0.009458898236835404, ""31"": -0.009043441815466529, ""32"": 0.03436451191446018, ""33"": 0.021221925003722473, ""34"": 0.04130777420212618, ""35"": 0.03556380144014167, ""36"": 0.01053903653494124, ""37"": 0.025139523502461306, ""38"": 0.002770384989858707, ""39"": 0.04556944982172668, ""40"": 0.006035414408614109, ""41"": -0.012904776317575655, ""42"": 0.02878170227306923, ""43"": 0.015004159028873875, ""44"": 0.005949894990350069, ""45"": 0.02167564562929225, ""46"": 0.00864949924094855, ""47"": -0.010269129127684781, ""48"": 0.09283086643808164}","[1, 2, 3, 4, 9, 18, 23, 24, 48]","{""24"": 435.4456442745938, ""48"": 543.1974075100687}","{""24"": 1.9221017791866484e-78, ""48"": 3.78754383124422e-86}",286.5322149926487,321.23225701964304,4.636959184244885,24,1.0,False,,,,,,False
Austria,2024-07-25,warm-season weekday,2024-07-24T08:00:00+02:00,2024-07-24T06:00:00+00:00,2024-07-24T06:00:00+00:00,24,weekly_differenced,weekly_differenced_arima_p2_d0_q1,,2,0,1,c,weekly_difference,False,,completed,,success,converged,True,True,True,True,True,5119,5,-30037.71887401912,60085.43774803824,60085.4494828319,60118.14131997053,1.093758056697535,3.6206860892364334,"[""DeprecationWarning: Setting the shape on a NumPy array has been deprecated in NumPy 2.5.\nAs an alternative, you can create a new view using np.reshape (with copy=False if needed).""]",[],0,4950,True,joint Ljung-Box and residual ACF rule,"{""1"": 0.009994727343872658, ""2"": 0.026148171765733676, ""3"": -0.045626715944011034, ""4"": -0.0649491266288779, ""5"": -0.03718200692471876, ""6"": 0.005592633271344277, ""7"": -0.010354787100727427, ""8"": 0.012061678374997279, ""9"": 0.040587349450825254, ""10"": 0.017932115629828337, ""11"": -0.028244023197959964, ""12"": 0.021716707636091338, ""13"": -0.02455443321418905, ""14"": 0.027117198102959084, ""15"": 0.004747236418663687, ""16"": -0.000969311375743896, ""17"": 0.004148149096297713, ""18"": 0.04729762701778407, ""19"": 0.013429974232162223, ""20"": -0.000690835838028448, ""21"": 0.004702726863822334, ""22"": 0.014189847257905036, ""23"": 0.09207116232555405, ""24"": 0.12901844979498, ""25"": 0.025901656327946273, ""26"": -0.014242752513677152, ""27"": 0.010519558348381862, ""28"": -0.02354310667288044, ""29"": -0.04285140343930824, ""30"": -0.008924325892507471, ""31"": -0.022891832632248248, ""32"": 0.03018324141693167, ""33"": 0.00706015868994886, ""34"": 0.03456452978794897, ""35"": 0.03114837627099368, ""36"": 0.004173426401459912, ""37"": 0.031101278877952283, ""38"": -0.007926958577195829, ""39"": 0.04579801787883902, ""40"": 0.0022782357560106655, ""41"": -0.014262762269687852, ""42"": 0.028569436282872177, ""43"": 0.009090140665826198, ""44"": 0.003625978826684768, ""45"": 0.01911432627615449, ""46"": 0.016738198314148096, ""47"": -0.02421858989485228, ""48"": 0.09328894784439613}","[4, 23, 24, 48]","{""24"": 204.41561269097127, ""48"": 310.7852705470031}","{""24"": 4.890741537825862e-32, ""48"": 2.0733105422961422e-41}",270.1058972127572,306.73805748524603,4.357058866433813,24,1.0,False,,,,,,False
Austria,2024-07-25,warm-season weekday,2024-07-24T08:00:00+02:00,2024-07-24T06:00:00+00:00,2024-07-24T06:00:00+00:00,24,weekly_differenced,weekly_differenced_arima_p2_d0_q2,,2,0,2,c,weekly_difference,False,,completed,,success,converged,True,True,True,True,True,5119,6,-30028.442500123125,60068.88500024625,60068.90143217113,60108.129286565,1.08457293876943,3.066500942653871,"[""DeprecationWarning: Setting the shape on a NumPy array has been deprecated in NumPy 2.5.\nAs an alternative, you can create a new view using np.reshape (with copy=False if needed).""]",[],0,4950,True,joint Ljung-Box and residual ACF rule,"{""1"": 0.003257930759595491, ""2"": 0.004833765911600946, ""3"": 0.0011939330576719285, ""4"": -0.06741332571532688, ""5"": -0.03595632256742165, ""6"": 0.00451727941213135, ""7"": -0.017269760545558576, ""8"": 0.0037805296559740207, ""9"": 0.03818462539967136, ""10"": 0.011221386520718224, ""11"": -0.031215530864484163, ""12"": 0.01958944523335639, ""13"": -0.02719457111706168, ""14"": 0.022463100666208873, ""15"": 0.005156959883511492, ""16"": -0.006071743579504508, ""17"": 0.0020810517354962607, ""18"": 0.04582584217146616, ""19"": 0.011726834470175855, ""20"": 0.0006450669471883925, ""21"": 0.009151671628671972, ""22"": 0.011366552395825754, ""23"": 0.08894255341460862, ""24"": 0.12834442840948898, ""25"": 0.02101490022206094, ""26"": -0.01623448413128978, ""27"": 0.014845018323263686, ""28"": -0.024916190243510886, ""29"": -0.04385554420788124, ""30"": -0.01016198826541958, ""31"": -0.02408755286495049, ""32"": 0.027123573821384944, ""33"": 0.00434513838287113, ""34"": 0.03241599429783942, ""35"": 0.02963332068482923, ""36"": 0.004288412750591658, ""37"": 0.030094492479050144, ""38"": -0.009000786509671687, ""39"": 0.04601408594328314, ""40"": 0.00237823012436923, ""41"": -0.01715651175314225, ""42"": 0.03050909003808375, ""43"": 0.008652783298232521, ""44"": -0.0004160117605062493, ""45"": 0.02407796089707802, ""46"": 0.014053081079457963, ""47"": -0.026363678865322333, ""48"": 0.09270584311634066}","[4, 23, 24, 48]","{""24"": 185.3790050702384, ""48"": 291.88406959688996}","{""24"": 8.566205090699547e-29, ""48"": 2.657801893584659e-38}",264.58174340509714,301.8495320822736,4.263688313904599,24,1.0,False,,,,,,False
Austria,2024-07-25,warm-season weekday,2024-07-24T08:00:00+02:00,2024-07-24T06:00:00+00:00,2024-07-24T06:00:00+00:00,24,weekly_differenced,weekly_differenced_arima_p3_d0_q1,,3,0,1,c,weekly_difference,False,,completed,,success,converged,True,True,True,True,True,5119,6,-30010.541496982867,60033.08299396573,60033.09942589061,60072.32728028448,1.0558490303556465,2.992205229966878,"[""DeprecationWarning: Setting the shape on a NumPy array has been deprecated in NumPy 2.5.\nAs an alternative, you can create a new view using np.reshape (with copy=False if needed).""]",[],0,4950,True,joint Ljung-Box and residual ACF rule,"{""1"": 0.00503964925479725, ""2"": -0.020366180763596108, ""3"": 0.025081397852045897, ""4"": -0.011465274136754243, ""5"": -0.007179404753321337, ""6"": 0.00861147164468303, ""7"": -0.031869119797256734, ""8"": -0.01918839406258595, ""9"": 0.01568552267362158, ""10"": -0.010238460175730383, ""11"": -0.05082839996826464, ""12"": 0.002019171164196889, ""13"": -0.03855453605931028, ""14"": 0.011457110755472082, ""15"": -0.006407688124766112, ""16"": -0.019621039535698218, ""17"": -0.007476643576362784, ""18"": 0.04312273693507572, ""19"": 0.014343095746174888, ""20"": 0.002657369707065877, ""21"": 0.005428770803660903, ""22"": 0.005202697997743315, ""23"": 0.0849152977499852, ""24"": 0.1221781074168202, ""25"": 0.00956467791479383, ""26"": -0.025138554059797612, ""27"": 0.01575415870673246, ""28"": -0.020114783069750883, ""29"": -0.044388990229068684, ""30"": -0.014758832232380049, ""31"": -0.02900595415013467, ""32"": 0.01724505531720361, ""33"": -0.005503423629340008, ""34"": 0.022799446628213583, ""35"": 0.0226718722412548, ""36"": -0.0005985825779120991, ""37"": 0.02427786655486693, ""38"": -0.009275078142337587, ""39"": 0.0456386009417414, ""40"": 0.0006989138179181455, ""41"": -0.01925367373643998, ""42"": 0.02944940738909396, ""43"": 0.008887090404839383, ""44"": 8.086736646796196e-05, ""45"": 0.022595912726897156, ""46"": 0.00777634046170104, ""47"": -0.03159281081714082, ""48"": 0.08712440008262698}","[11, 23, 24, 48]","{""24"": 159.1806624379647, ""48"": 254.06265550974018}","{""24"": 1.0806705709523144e-23, ""48"": 2.4124750257737635e-31}",240.3358642666388,279.99520712863216,3.8591448424313066,24,1.0,False,,,,,,False
Austria,2024-08-18,warm-season Sunday,2024-08-17T08:00:00+02:00,2024-08-17T06:00:00+00:00,2024-08-17T06:00:00+00:00,24,weekly_differenced,weekly_differenced_arima_p1_d0_q1,,1,0,1,c,weekly_difference,False,,completed,,success,converged,True,True,True,True,True,5695,4,-33797.56612696253,67603.13225392505,67603.13928380203,67629.72162942858,1.0420927034730143,1.6797874760674465,"[""DeprecationWarning: Setting the shape on a NumPy array has been deprecated in NumPy 2.5.\nAs an alternative, you can create a new view using np.reshape (with copy=False if needed).""]",[],0,5526,True,joint Ljung-Box and residual ACF rule,"{""1"": 0.16559269474859187, ""2"": 0.22440224421542707, ""3"": -0.0864424531793784, ""4"": -0.06428676964091298, ""5"": -0.1270594805089782, ""6"": -0.05325083353708242, ""7"": -0.05851938770061285, ""8"": -0.019273313244625258, ""9"": -0.013566144369690152, ""10"": -0.016741682302260825, ""11"": -0.06213419171571182, ""12"": -0.020993184791125784, ""13"": -0.04971744187773466, ""14"": -0.005967144953193672, ""15"": -0.021289985737844578, ""16"": -0.006480199519965827, ""17"": -0.013493798940974312, ""18"": 0.015871128943517013, ""19"": 0.0010400990709372258, ""20"": 0.003466849396794863, ""21"": 0.01124853635061622, ""22"": 0.04684673494161629, ""23"": 0.10300364455926099, ""24"": 0.12034287339886819, ""25"": 0.036266732290269145, ""26"": -0.011240226001166956, ""27"": -0.021740058793987754, ""28"": -0.04889148928555319, ""29"": -0.07520763420253217, ""30"": -0.03752779518314016, ""31"": -0.041824977654950614, ""32"": 0.004820946542431628, ""33"": -0.0011007260023255714, ""34"": 0.02478757075671825, ""35"": 0.027919125156228852, ""36"": 0.0063725569020363715, ""37"": 0.030648005078728936, ""38"": -0.0063252753147527915, ""39"": 0.0343071562483443, ""40"": -0.0041266976750150884, ""41"": -0.00900975620900994, ""42"": 0.012750997777939553, ""43"": -0.0012056924371322702, ""44"": 0.008653951405519483, ""45"": -0.0042040846084230735, ""46"": 0.02632088612765051, ""47"": -0.013037227563137545, ""48"": 0.07219391623996275}","[1, 2, 3, 4, 5, 6, 7, 11, 23, 24, 29, 48]","{""24"": 818.0040244761946, ""48"": 946.8703364535182}","{""24"": 8.727656216353112e-159, ""48"": 1.641731426256987e-168}",216.1400509369236,310.08997242872186,3.8791195103449896,24,1.0,False,,,,,,False
Austria,2024-08-18,warm-season Sunday,2024-08-17T08:00:00+02:00,2024-08-17T06:00:00+00:00,2024-08-17T06:00:00+00:00,24,weekly_differenced,weekly_differenced_arima_p2_d0_q0,,2,0,0,c,weekly_difference,False,,completed,,success,converged,True,True,True,True,True,5695,4,-33646.09065333851,67300.18130667703,67300.188336554,67326.77068218055,1.1734983337709255,inf,"[""DeprecationWarning: Setting the shape on a NumPy array has been deprecated in NumPy 2.5.\nAs an alternative, you can create a new view using np.reshape (with copy=False if needed).""]",[],0,5526,True,joint Ljung-Box and residual ACF rule,"{""1"": 0.13157178143314496, ""2"": -0.08175973841385073, ""3"": -0.08318480988547737, ""4"": -0.09171763838752571, ""5"": -0.043936350243826555, ""6"": 0.018216853920777428, ""7"": 0.026602082637398522, ""8"": 0.04142772441165071, ""9"": 0.06508903044419174, ""10"": 0.029829509419662413, ""11"": -0.016639776324859665, ""12"": 0.017946384834917513, ""13"": 0.003520032296415869, ""14"": 0.03335463161382452, ""15"": 0.026245222943567476, ""16"": 0.014616025494176647, ""17"": 0.015802936337749842, ""18"": 0.043899398544311616, ""19"": 0.024294745882564393, ""20"": 0.0009028711437666411, ""21"": -0.00940560458890183, ""22"": 0.01961726231744148, ""23"": 0.11180185422226802, ""24"": 0.13775089200731686, ""25"": 0.02286850810092897, ""26"": -0.023362323903231442, ""27"": 0.012962751878658103, ""28"": -0.013003967093261702, ""29"": -0.038734628013432644, ""30"": -0.0018957644087795073, ""31"": 0.0008313362819080151, ""32"": 0.029258409076909384, ""33"": 0.01829170201841476, ""34"": 0.0381376672536298, ""35"": 0.03389672228838562, ""36"": 0.01165169075003729, ""37"": 0.02530972579184902, ""38"": 0.0027204316258136545, ""39"": 0.04606247596181618, ""40"": 0.005318206279097251, ""41"": -0.010535065227584675, ""42"": 0.02717614651649845, ""43"": 0.016051690430776613, ""44"": 0.007470062633202787, ""45"": 0.01161607277900134, ""46"": 0.01103230434118814, ""47"": -0.0074004885959446185, ""48"": 0.08314977987952128}","[1, 2, 3, 4, 9, 23, 24, 48]","{""24"": 479.0826785680924, ""48"": 579.4563708359049}","{""24"": 1.6634040151696386e-87, ""48"": 2.0885365958372425e-93}",241.83916472401967,330.07282395596485,4.397488257756167,24,1.0,False,,,,,,False
Austria,2024-08-18,warm-season Sunday,2024-08-17T08:00:00+02:00,2024-08-17T06:00:00+00:00,2024-08-17T06:00:00+00:00,24,weekly_differenced,weekly_differenced_arima_p2_d0_q1,,2,0,1,c,weekly_difference,False,,completed,,success,converged,True,True,True,True,True,5695,5,-33539.55437130036,67089.10874260071,67089.11928926973,67122.34546198012,1.0989600541737972,3.547172981079196,"[""DeprecationWarning: Setting the shape on a NumPy array has been deprecated in NumPy 2.5.\nAs an alternative, you can create a new view using np.reshape (with copy=False if needed).""]",[],0,5526,True,joint Ljung-Box and residual ACF rule,"{""1"": 0.009312245132488415, ""2"": 0.025216648471115058, ""3"": -0.038523563233701756, ""4"": -0.06904787768019914, ""5"": -0.04515206129934177, ""6"": 0.0029298904898326255, ""7"": 0.0030156709055693164, ""8"": 0.01595390989331628, ""9"": 0.04071649169370466, ""10"": 0.01576786757911674, ""11"": -0.03041829525730965, ""12"": 0.016207801901710096, ""13"": -0.01447216239667879, ""14"": 0.02368932809074635, ""15"": 0.011770440084178335, ""16"": 0.008621305327349879, ""17"": 0.005044329702799844, ""18"": 0.0358358959935722, ""19"": 0.01634375382585274, ""20"": 0.005365305163666564, ""21"": 0.0020861066585378947, ""22"": 0.019691040705382815, ""23"": 0.09276392770815253, ""24"": 0.12034427545662665, ""25"": 0.016684423105629564, ""26"": -0.0194018644203861, ""27"": 0.013471487867060438, ""28"": -0.017469692777313382, ""29"": -0.04419246317009956, ""30"": -0.0023325541033894174, ""31"": -0.013419400295730403, ""32"": 0.024558032896836723, ""33"": 0.006284460260949629, ""34"": 0.03171598115762135, ""35"": 0.029573506991794198, ""36"": 0.00505373191454158, ""37"": 0.03112521712101708, ""38"": -0.008320785414327736, ""39"": 0.046693875403422666, ""40"": 0.0008024116585844229, ""41"": -0.011375011313048957, ""42"": 0.026335133186983987, ""43"": 0.009127119613034154, ""44"": 0.006525210908550479, ""45"": 0.008285985661353773, ""46"": 0.0196492211757868, ""47"": -0.02086887252063609, ""48"": 0.08252630109038606}","[4, 23, 24, 48]","{""24"": 213.21210397197223, ""48"": 311.7586285995377}","{""24"": 8.9387900973527e-34, ""48"": 1.362343130055368e-41}",235.324125175874,326.2175494938719,4.264549013676281,24,1.0,False,,,,,,False
Austria,2024-08-18,warm-season Sunday,2024-08-17T08:00:00+02:00,2024-08-17T06:00:00+00:00,2024-08-17T06:00:00+00:00,24,weekly_differenced,weekly_differenced_arima_p2_d0_q2,,2,0,2,c,weekly_difference,False,,completed,,success,converged,True,True,True,True,True,5695,6,-33531.10209249078,67074.20418498156,67074.21895291405,67114.08824823685,1.089939864988749,3.232547952141518,"[""DeprecationWarning: Setting the shape on a NumPy array has been deprecated in NumPy 2.5.\nAs an alternative, you can create a new view using np.reshape (with copy=False if needed).""]",[],0,5526,True,joint Ljung-Box and residual ACF rule,"{""1"": 0.0032339118226979596, ""2"": 0.0059108629674711885, ""3"": 0.003187119452665852, ""4"": -0.0708472625314709, ""5"": -0.044192835737299596, ""6"": 0.0017521794365100807, ""7"": -0.0033895510645986916, ""8"": 0.007993206348333086, ""9"": 0.037807420653495453, ""10"": 0.010659242149543053, ""11"": -0.0332743437217759, ""12"": 0.014532198993085343, ""13"": -0.016543998801301776, ""14"": 0.01926394551081684, ""15"": 0.011166437713167802, ""16"": 0.0048390346042113406, ""17"": 0.0031226225047116495, ""18"": 0.03428522352243393, ""19"": 0.015521605105231215, ""20"": 0.006716277681516368, ""21"": 0.0050304252517891, ""22"": 0.016995967104970797, ""23"": 0.09017558538663342, ""24"": 0.1196250550018425, ""25"": 0.012780650270096868, ""26"": -0.021188045893841465, ""27"": 0.017368530356072318, ""28"": -0.018717274533913763, ""29"": -0.04586205519762245, ""30"": -0.003426435216805321, ""31"": -0.014304874698047778, ""32"": 0.021576613289078856, ""33"": 0.004083475154060361, ""34"": 0.030299150783083553, ""35"": 0.028006520158014463, ""36"": 0.005258190026829041, ""37"": 0.030059760199036622, ""38"": -0.009197282163151283, ""39"": 0.046741305560606135, ""40"": 0.0009090740758542104, ""41"": -0.01380624161722654, ""42"": 0.02754660213852165, ""43"": 0.008947068101716879, ""44"": 0.003249087019689691, ""45"": 0.01201220527657512, ""46"": 0.01776280342623545, ""47"": -0.022550090503503237, ""48"": 0.08172573049047219}","[4, 23, 24, 48]","{""24"": 194.05003914628097, ""48"": 292.373576797023}","{""24"": 1.6847893481579887e-30, ""48"": 2.1547147086948044e-38}",233.73871231463616,325.1667686752129,4.232257206491174,24,1.0,False,,,,,,False
Austria,2024-08-18,warm-season Sunday,2024-08-17T08:00:00+02:00,2024-08-17T06:00:00+00:00,2024-08-17T06:00:00+00:00,24,weekly_differenced,weekly_differenced_arima_p3_d0_q1,,3,0,1,c,weekly_difference,False,,completed,,success,converged,True,True,True,True,True,5695,6,-33509.17936440138,67030.35872880276,67030.37349673525,67070.24279205805,1.0571674914950926,2.8174056671791523,"[""DeprecationWarning: Setting the shape on a NumPy array has been deprecated in NumPy 2.5.\nAs an alternative, you can create a new view using np.reshape (with copy=False if needed).""]",[],0,5526,True,joint Ljung-Box and residual ACF rule,"{""1"": 0.006262149846183811, ""2"": -0.025938956076788283, ""3"": 0.03389596676976347, ""4"": -0.012586798854311522, ""5"": -0.014834012245689593, ""6"": 0.006272230216095947, ""7"": -0.019245497906478972, ""8"": -0.017517223105634628, ""9"": 0.013033684326326159, ""10"": -0.012920098126085374, ""11"": -0.05379379581927855, ""12"": -0.003270047189507884, ""13"": -0.02868568978024347, ""14"": 0.006336999408481149, ""15"": -0.0013623614873721334, ""16"": -0.009132079243934593, ""17"": -0.00688217164301267, ""18"": 0.03120569107895499, ""19"": 0.018683498002894323, ""20"": 0.008890844095230213, ""21"": 0.00017340909487887125, ""22"": 0.009077053965194313, ""23"": 0.08634251529329155, ""24"": 0.11385541962269967, ""25"": 0.0002574804605777456, ""26"": -0.030261201205438695, ""27"": 0.019538326151303492, ""28"": -0.01470562474224157, ""29"": -0.04812828793268793, ""30"": -0.00918392407602173, ""31"": -0.019255211598638616, ""32"": 0.011099562826989564, ""33"": -0.006257707096347654, ""34"": 0.020952621339507996, ""35"": 0.021280291397581124, ""36"": 0.00042013183679086427, ""37"": 0.02362863910792233, ""38"": -0.00968553933247146, ""39"": 0.046007173716242314, ""40"": -0.000845668132345246, ""41"": -0.016922962183426312, ""42"": 0.026560401609252667, ""43"": 0.009624901082123301, ""44"": 0.0029303952258790413, ""45"": 0.011162680782819375, ""46"": 0.011115901042216709, ""47"": -0.027521514549636694, ""48"": 0.07558504648321362}","[11, 23, 24, 48]","{""24"": 161.41230001305226, ""48"": 250.0591330053521}","{""24"": 4.0065857777541484e-24, ""48"": 1.283232231401677e-30}",225.54697726824963,318.81267787765194,4.0660356298038725,24,1.0,False,,,,,,False
Austria,2024-09-12,ordinary weekday,2024-09-11T08:00:00+02:00,2024-09-11T06:00:00+00:00,2024-09-11T06:00:00+00:00,24,weekly_differenced,weekly_differenced_arima_p1_d0_q1,,1,0,1,c,weekly_difference,False,,completed,,success,converged,True,True,True,True,True,6295,4,-37465.5681530368,74939.1363060736,74939.14266537408,74966.12634985952,1.0440796350981154,1.701521471708699,"[""DeprecationWarning: Setting the shape on a NumPy array has been deprecated in NumPy 2.5.\nAs an alternative, you can create a new view using np.reshape (with copy=False if needed).""]",[],0,6126,True,joint Ljung-Box and residual ACF rule,"{""1"": 0.16747700665557452, ""2"": 0.23081961152590072, ""3"": -0.08891507161112053, ""4"": -0.06333133431434514, ""5"": -0.13087850706974594, ""6"": -0.05890714789779797, ""7"": -0.06221921409803512, ""8"": -0.026833921469521935, ""9"": -0.009305735545236539, ""10"": -0.0214245890502567, ""11"": -0.05330035841598501, ""12"": -0.02384630275862452, ""13"": -0.04416634436725587, ""14"": -0.02117977935420796, ""15"": -0.019035353407008217, ""16"": -0.017714015262249316, ""17"": -0.00771991463650926, ""18"": 0.011532753481830305, ""19"": 0.00947437591680135, ""20"": 0.007754770505408396, ""21"": 0.0195209027416634, ""22"": 0.05646728039629639, ""23"": 0.10922384914011311, ""24"": 0.126834185295348, ""25"": 0.03564756659222171, ""26"": -0.00507012112420241, ""27"": -0.028914595655953057, ""28"": -0.050522620949659265, ""29"": -0.07418446846920132, ""30"": -0.0379430233931971, ""31"": -0.04483005836249029, ""32"": 0.0017804059224015814, ""33"": -0.003157037009683281, ""34"": 0.02187508698532408, ""35"": 0.028432371914670372, ""36"": 0.005288834525577095, ""37"": 0.02819939601483068, ""38"": -0.01054765451756693, ""39"": 0.031059384402278428, ""40"": -0.012430109771719126, ""41"": -0.002096260712356583, ""42"": 0.006022479371066879, ""43"": 0.004248532328432459, ""44"": 0.008732029765936846, ""45"": 0.009006442365378568, ""46"": 0.03647083872609589, ""47"": -0.003101998310703562, ""48"": 0.06939017258004258}","[1, 2, 3, 4, 5, 6, 7, 11, 22, 23, 24, 28, 29, 48]","{""24"": 965.6518120336431, ""48"": 1109.6383932622846}","{""24"": 3.9681297454473866e-190, ""48"": 2.416509413295592e-202}",320.26791004394227,442.3812198402569,4.237295964611914,24,1.0,False,,,,,,False
Austria,2024-09-12,ordinary weekday,2024-09-11T08:00:00+02:00,2024-09-11T06:00:00+00:00,2024-09-11T06:00:00+00:00,24,weekly_differenced,weekly_differenced_arima_p2_d0_q0,,2,0,0,c,weekly_difference,False,,completed,,success,converged,True,True,True,True,True,6295,4,-37270.41464481646,74548.82928963292,74548.8356489334,74575.81933341884,1.1994604630243202,inf,"[""DeprecationWarning: Setting the shape on a NumPy array has been deprecated in NumPy 2.5.\nAs an alternative, you can create a new view using np.reshape (with copy=False if needed).""]",[],0,6126,True,joint Ljung-Box and residual ACF rule,"{""1"": 0.1265133847228176, ""2"": -0.07163558456241106, ""3"": -0.08546701263508534, ""4"": -0.08710804444324952, ""5"": -0.04363781414050593, ""6"": 0.017545158206854077, ""7"": 0.02447026233888153, ""8"": 0.038420721074470886, ""9"": 0.06993509489278005, ""10"": 0.029124352175385677, ""11"": -0.009075426636258046, ""12"": 0.02327347130340026, ""13"": 0.0074107126478849825, ""14"": 0.022262831883560645, ""15"": 0.026776521982927733, ""16"": 0.01001164080045554, ""17"": 0.020004952631206947, ""18"": 0.04187934517111649, ""19"": 0.02933238925913448, ""20"": 0.003638541843249429, ""21"": -0.0058585269830163985, ""22"": 0.025892928967537834, ""23"": 0.11523623020780116, ""24"": 0.1391285767104191, ""25"": 0.021970561153426212, ""26"": -0.016923064343292254, ""27"": 0.005309588447045632, ""28"": -0.015654078588532114, ""29"": -0.032465367589674186, ""30"": 0.00086257353120228, ""31"": -0.0016422017121073712, ""32"": 0.02814702825762955, ""33"": 0.017315942384340147, ""34"": 0.03670549841352666, ""35"": 0.03673984160792413, ""36"": 0.013224900428675638, ""37"": 0.024376900002727755, ""38"": 0.0017388963979655856, ""39"": 0.0417945530077115, ""40"": 1.8012886531646972e-05, ""41"": -0.002009236575858026, ""42"": 0.02235160961024889, ""43"": 0.0149433067852684, ""44"": 0.005371107692805396, ""45"": 0.020323701685424363, ""46"": 0.023244239095899708, ""47"": -0.0019107887638566432, ""48"": 0.0796478619680853}","[1, 2, 3, 4, 9, 23, 24, 48]","{""24"": 518.3331180272933, ""48"": 619.8950223707042}","{""24"": 1.0925465672885293e-95, ""48"": 1.5168388798296997e-101}",321.9630547971689,442.6047081808285,4.27296495625174,24,1.0,False,,,,,,False
Austria,2024-09-12,ordinary weekday,2024-09-11T08:00:00+02:00,2024-09-11T06:00:00+00:00,2024-09-11T06:00:00+00:00,24,weekly_differenced,weekly_differenced_arima_p2_d0_q1,,2,0,1,c,weekly_difference,False,,completed,,success,converged,True,True,True,True,True,6295,5,-37164.46226356656,74338.92452713312,74338.9340676006,74372.6620818655,1.1079392588455914,3.7878757905730303,"[""DeprecationWarning: Setting the shape on a NumPy array has been deprecated in NumPy 2.5.\nAs an alternative, you can create a new view using np.reshape (with copy=False if needed).""]",[],0,6126,True,joint Ljung-Box and residual ACF rule,"{""1"": 0.009974132692821271, ""2"": 0.028516400906525973, ""3"": -0.04410807915048832, ""4"": -0.06466975107814306, ""5"": -0.04603607605514072, ""6"": 0.0029146000466465797, ""7"": 0.002396210488792498, ""8"": 0.01278410792977975, ""9"": 0.047561412373267796, ""10"": 0.013204323162127139, ""11"": -0.02213108836868848, ""12"": 0.018052031234332685, ""13"": -0.007992967189511431, ""14"": 0.011326353781757012, ""15"": 0.016169160718749038, ""16"": 0.0016354618125177696, ""17"": 0.011447456294551695, ""18"": 0.03246082753829166, ""19"": 0.023047873270313206, ""20"": 0.007588340315401272, ""21"": 0.005283420491048695, ""22"": 0.026034014108443953, ""23"": 0.09682524560718665, ""24"": 0.12385872748404256, ""25"": 0.014648541786017284, ""26"": -0.011655650704841796, ""27"": 0.0056512081095793296, ""28"": -0.018944287610149355, ""29"": -0.038684079321756666, ""30"": -0.0008773341556616004, ""31"": -0.015205240597814699, ""32"": 0.02367472208748586, ""33"": 0.0059864764236935986, ""34"": 0.02980068513154103, ""35"": 0.03189283341416639, ""36"": 0.006058805193964708, ""37"": 0.02896737725902795, ""38"": -0.008643811227289163, ""39"": 0.0435194119693246, ""40"": -0.0058548202872742185, ""41"": -0.0016341591110302634, ""42"": 0.019748767118442038, ""43"": 0.011619216174516483, ""44"": 0.004230512848891781, ""45"": 0.017178911571843484, ""46"": 0.02909197724474434, ""47"": -0.014699424832754653, ""48"": 0.07904044703815274}","[4, 23, 24, 48]","{""24"": 247.3061329505934, ""48"": 346.0130495639791}","{""24"": 1.426172492793252e-40, ""48"": 4.5994614317942045e-48}",321.41803694490955,441.8294033485952,4.265594097336766,24,1.0,False,,,,,,False
Austria,2024-09-12,ordinary weekday,2024-09-11T08:00:00+02:00,2024-09-11T06:00:00+00:00,2024-09-11T06:00:00+00:00,24,weekly_differenced,weekly_differenced_arima_p2_d0_q2,,2,0,2,c,weekly_difference,False,,completed,,success,converged,True,True,True,True,True,6295,6,-37152.17406319599,74316.34812639198,74316.36148517061,74356.83319207086,1.096449391495557,3.0491572845739103,"[""DeprecationWarning: Setting the shape on a NumPy array has been deprecated in NumPy 2.5.\nAs an alternative, you can create a new view using np.reshape (with copy=False if needed).""]",[],0,6126,True,joint Ljung-Box and residual ACF rule,"{""1"": 0.003299397213591183, ""2"": 0.005230407047103749, ""3"": 0.0035316959420001724, ""4"": -0.0659463650833554, ""5"": -0.0454954935193287, ""6"": 0.0019481615413974229, ""7"": -0.005183251184573782, ""8"": 0.003827509948552914, ""9"": 0.04409010027549774, ""10"": 0.007398771855580464, ""11"": -0.026606397288861005, ""12"": 0.01679389043337284, ""13"": -0.011096380428058862, ""14"": 0.006855687210766479, ""15"": 0.015167255971022435, ""16"": -0.001873154043565848, ""17"": 0.008550194615431057, ""18"": 0.031110263646478245, ""19"": 0.021950448271807393, ""20"": 0.00961359563247346, ""21"": 0.008369950822837318, ""22"": 0.02295242190138527, ""23"": 0.09442589344814574, ""24"": 0.1226569849622114, ""25"": 0.010312593665677447, ""26"": -0.01329009825447103, ""27"": 0.01028455933445617, ""28"": -0.02068430062985258, ""29"": -0.04014124653337831, ""30"": -0.0025091783780045885, ""31"": -0.016508896665373116, ""32"": 0.02051604756027182, ""33"": 0.0034923899594091197, ""34"": 0.027843912789159764, ""35"": 0.030041657188769152, ""36"": 0.006115990701890169, ""37"": 0.027165481915320033, ""38"": -0.008953892807061612, ""39"": 0.043143819437999435, ""40"": -0.005643927915586079, ""41"": -0.004429914567707417, ""42"": 0.021576809998325397, ""43"": 0.011242550497636956, ""44"": 0.001126738579607689, ""45"": 0.020885064751160073, ""46"": 0.027138372874697867, ""47"": -0.017278719587212405, ""48"": 0.07851888270069404}","[4, 23, 24, 48]","{""24"": 221.77376858920596, ""48"": 319.3412983206904}","{""24"": 5.284330202325859e-36, ""48"": 1.8883188577409103e-43}",321.2818418271096,441.7167057320553,4.263201221895632,24,1.0,False,,,,,,False
Austria,2024-09-12,ordinary weekday,2024-09-11T08:00:00+02:00,2024-09-11T06:00:00+00:00,2024-09-11T06:00:00+00:00,24,weekly_differenced,weekly_differenced_arima_p3_d0_q1,,3,0,1,c,weekly_difference,False,,completed,,success,converged,True,True,True,True,True,6295,6,-37125.86289605821,74263.72579211643,74263.73915089505,74304.2108577953,1.0586402495983205,2.491586548750849,"[""DeprecationWarning: Setting the shape on a NumPy array has been deprecated in NumPy 2.5.\nAs an alternative, you can create a new view using np.reshape (with copy=False if needed).""]",[],0,6126,True,joint Ljung-Box and residual ACF rule,"{""1"": 0.006054683125314117, ""2"": -0.021613267172073635, ""3"": 0.024068546095919085, ""4"": -0.006960171491201084, ""5"": -0.012221102358054837, ""6"": 0.008306807476719344, ""7"": -0.01967562811807599, ""8"": -0.021436070782350665, ""9"": 0.016478019182861254, ""10"": -0.01925399104447287, ""11"": -0.05078939791523006, ""12"": -0.0036109394952171707, ""13"": -0.025614427988842208, ""14"": -0.006907736462180339, ""15"": 0.0012664455488026697, ""16"": -0.015070467066965694, ""17"": -0.0014487717657420288, ""18"": 0.028355148950266727, ""19"": 0.025061382885776716, ""20"": 0.010921522012827246, ""21"": 0.002206389808270914, ""22"": 0.015308960644248018, ""23"": 0.09069753695392248, ""24"": 0.1163546802540968, ""25"": -0.0009274156345914286, ""26"": -0.021888067536159742, ""27"": 0.011253280718239203, ""28"": -0.016783634131076253, ""29"": -0.041727788177233695, ""30"": -0.008221838527329106, ""31"": -0.022847484306432343, ""32"": 0.009229377887233022, ""33"": -0.00807895972081366, ""34"": 0.017037023141537967, ""35"": 0.021688102198221385, ""36"": -0.0006118295320698956, ""37"": 0.020127689277042303, ""38"": -0.01035205043852818, ""39"": 0.041766928941985505, ""40"": -0.007100129582483571, ""41"": -0.006214541891300318, ""42"": 0.021358868866007776, ""43"": 0.01148331086055198, ""44"": 0.0009967480791920104, ""45"": 0.01859750381795171, ""46"": 0.02043652103328074, ""47"": -0.022679427041354554, ""48"": 0.0723048326311871}","[11, 23, 24, 48]","{""24"": 183.9648468876921, ""48"": 267.68274413014103}","{""24"": 1.6228847687588458e-28, ""48"": 7.886887102020984e-34}",320.13420839809424,442.6259034636872,4.2331482999279615,24,1.0,False,,,,,,False
Austria,2024-10-03,Germany-specific public holiday,2024-10-02T08:00:00+02:00,2024-10-02T06:00:00+00:00,2024-10-02T06:00:00+00:00,24,weekly_differenced,weekly_differenced_arima_p1_d0_q1,,1,0,1,c,weekly_difference,False,,completed,,success,converged,True,True,True,True,True,6799,4,-40584.34178186869,81176.68356373739,81176.68945128523,81203.9816870235,1.0446723333477712,1.689580337249177,"[""DeprecationWarning: Setting the shape on a NumPy array has been deprecated in NumPy 2.5.\nAs an alternative, you can create a new view using np.reshape (with copy=False if needed).""]",[],0,6630,True,joint Ljung-Box and residual ACF rule,"{""1"": 0.17609507800242136, ""2"": 0.24580754617923425, ""3"": -0.07750604097887846, ""4"": -0.05518905510720057, ""5"": -0.13441371662477808, ""6"": -0.06591048592034171, ""7"": -0.07868972743580784, ""8"": -0.036814591870915604, ""9"": -0.02482682717873559, ""10"": -0.027780523187254703, ""11"": -0.05340645596580031, ""12"": -0.020609253047556796, ""13"": -0.04881078949071667, ""14"": -0.026666814265939753, ""15"": -0.029499923383437435, ""16"": -0.02770496452731094, ""17"": -0.017479585916947312, ""18"": 0.004865998030800879, ""19"": 0.006909196658200907, ""20"": 0.012076508672640556, ""21"": 0.026833414179122442, ""22"": 0.06831683821029556, ""23"": 0.1204363492488682, ""24"": 0.14536308210590973, ""25"": 0.05229480029096658, ""26"": 0.013088296924633222, ""27"": -0.01690846567637604, ""28"": -0.045357082726457304, ""29"": -0.07191963653824017, ""30"": -0.04416550150639517, ""31"": -0.048760811106290824, ""32"": -0.005801916544418843, ""33"": -0.012078461925163028, ""34"": 0.012553288796273805, ""35"": 0.024117902706977664, ""36"": 0.004137407099593039, ""37"": 0.02194339656242646, ""38"": -0.018712795305411378, ""39"": 0.020145402140811904, ""40"": -0.025547472003336204, ""41"": -0.008742412349261397, ""42"": -0.003449246730419949, ""43"": 0.0062089514368006676, ""44"": 0.012780300317252587, ""45"": 0.017592693502798185, ""46"": 0.04894870018312274, ""47"": 0.017821191084175906, ""48"": 0.08581740068963696}","[1, 2, 3, 4, 5, 6, 7, 11, 22, 23, 24, 25, 29, 48]","{""24"": 1204.3820475448679, ""48"": 1392.798887089357}","{""24"": 5.20716313113355e-241, ""48"": 1.157719328981114e-261}",554.190741106535,624.6544954453474,7.332288944748447,24,1.0,False,,,,,,False
Austria,2024-10-03,Germany-specific public holiday,2024-10-02T08:00:00+02:00,2024-10-02T06:00:00+00:00,2024-10-02T06:00:00+00:00,24,weekly_differenced,weekly_differenced_arima_p2_d0_q0,,2,0,0,c,weekly_difference,False,,completed,,success,converged,True,True,True,True,True,6799,4,-40330.58141866142,80669.16283732285,80669.16872487069,80696.46096060895,1.2555802495148478,inf,"[""DeprecationWarning: Setting the shape on a NumPy array has been deprecated in NumPy 2.5.\nAs an alternative, you can create a new view using np.reshape (with copy=False if needed).""]",[],0,6630,True,joint Ljung-Box and residual ACF rule,"{""1"": 0.12359664484070554, ""2"": -0.06645673923966301, ""3"": -0.07670037366163183, ""4"": -0.08136560971526285, ""5"": -0.04301488132466193, ""6"": 0.014963940344331454, ""7"": 0.017400318875766943, ""8"": 0.037049295590320344, ""9"": 0.0628652968826184, ""10"": 0.027383166001366505, ""11"": 0.00043864036778747307, ""12"": 0.034289016132904436, ""13"": 0.007888160770865654, ""14"": 0.021269639222963144, ""15"": 0.023346340451955404, ""16"": 0.005974887264907548, ""17"": 0.016671742922292072, ""18"": 0.03899415643107134, ""19"": 0.02913180746609719, ""20"": 0.00715423024012703, ""21"": -0.0018522186126529883, ""22"": 0.029204012884791096, ""23"": 0.11848418902470557, ""24"": 0.14930788327581715, ""25"": 0.030019964944326214, ""26"": -0.0065933026592731704, ""27"": 0.012296877615561643, ""28"": -0.013349543172464557, ""29"": -0.031147341415603748, ""30"": -0.0030449055632563882, ""31"": -0.0005410515614672018, ""32"": 0.02839186351550319, ""33"": 0.012461014050396131, ""34"": 0.03137225906353323, ""35"": 0.039545991631999226, ""36"": 0.020278007215077425, ""37"": 0.024430965566767833, ""38"": -0.0004243158703599686, ""39"": 0.03720178450992566, ""40"": -0.006260887177067038, ""41"": -0.004000963067010442, ""42"": 0.016785428601444483, ""43"": 0.018083616724916467, ""44"": 0.00910768217963112, ""45"": 0.020948381142018357, ""46"": 0.028290499455086632, ""47"": 0.010956948543733806, ""48"": 0.09129116928285415}","[1, 2, 3, 4, 9, 23, 24, 48]","{""24"": 550.2557464772129, ""48"": 674.3531536169438}","{""24"": 2.3178408562764024e-102, ""48"": 1.4367372326421289e-112}",590.048562690653,655.2198773633157,7.845953221992692,24,1.0,False,,,,,,False
Austria,2024-10-03,Germany-specific public holiday,2024-10-02T08:00:00+02:00,2024-10-02T06:00:00+00:00,2024-10-02T06:00:00+00:00,24,weekly_differenced,weekly_differenced_arima_p2_d0_q1,,2,0,1,c,weekly_difference,False,,completed,,success,converged,True,True,True,True,True,6799,5,-40223.40655867654,80456.81311735309,80456.8219499749,80490.93577146072,1.117820952844057,3.944399165303274,"[""DeprecationWarning: Setting the shape on a NumPy array has been deprecated in NumPy 2.5.\nAs an alternative, you can create a new view using np.reshape (with copy=False if needed).""]",[],0,6630,True,joint Ljung-Box and residual ACF rule,"{""1"": 0.009191469656035888, ""2"": 0.028942675304572507, ""3"": -0.03589820580428914, ""4"": -0.059581980285093414, ""5"": -0.04503271427002167, ""6"": 0.0019141182971906276, ""7"": -0.005122581052769838, ""8"": 0.012558166330838198, ""9"": 0.04021953423762809, ""10"": 0.010873359944981169, ""11"": -0.015407407806334563, ""12"": 0.02652829455656527, ""13"": -0.009175079681630519, ""14"": 0.010568161039007696, ""15"": 0.012487646283483535, ""16"": -0.0026053740983524778, ""17"": 0.007991280680203949, ""18"": 0.02968479697388718, ""19"": 0.022769626466862324, ""20"": 0.010844282733867871, ""21"": 0.008944860138356181, ""22"": 0.03033871891712415, ""23"": 0.10075018749462063, ""24"": 0.13550966940155199, ""25"": 0.02217220740599053, ""26"": -0.001026284753712696, ""27"": 0.01335188260900251, ""28"": -0.01600924840553998, ""29"": -0.03551809719892546, ""30"": -0.004918669640158965, ""31"": -0.013832653410865302, ""32"": 0.02285746631290835, ""33"": 0.0012728734384852827, ""34"": 0.024054738313852856, ""35"": 0.03267804087926703, ""36"": 0.010852269640864274, ""37"": 0.02632980799793535, ""38"": -0.011270575280955639, ""39"": 0.038533132677147766, ""40"": -0.012905164443751595, ""41"": -0.0029953378680559408, ""42"": 0.013220785446463084, ""43"": 0.015081820218211478, ""44"": 0.007809118593447432, ""45"": 0.019133969666294808, ""46"": 0.034477450065051866, ""47"": -0.001520484266507157, ""48"": 0.08946535924854411}","[4, 23, 24, 48]","{""24"": 280.0451633136932, ""48"": 394.82109905032394}","{""24"": 3.5791903626555254e-47, ""48"": 1.9446572983625286e-57}",583.8246475532247,650.2548406578452,7.754303063353311,24,1.0,False,,,,,,False
Austria,2024-10-03,Germany-specific public holiday,2024-10-02T08:00:00+02:00,2024-10-02T06:00:00+00:00,2024-10-02T06:00:00+00:00,24,weekly_differenced,weekly_differenced_arima_p2_d0_q2,,2,0,2,c,weekly_difference,False,,completed,,success,converged,True,True,True,True,True,6799,6,-40211.857031969135,80435.71406393827,80435.72643142943,80476.66124886743,1.104598466866838,3.193531190589225,"[""DeprecationWarning: Setting the shape on a NumPy array has been deprecated in NumPy 2.5.\nAs an alternative, you can create a new view using np.reshape (with copy=False if needed).""]",[],0,6630,True,joint Ljung-Box and residual ACF rule,"{""1"": 0.0031628525907614956, ""2"": 0.0059783768229805705, ""3"": 0.00818611700205744, ""4"": -0.05957849614301343, ""5"": -0.04423350006283243, ""6"": 0.000800178151377772, ""7"": -0.012289873933519387, ""8"": 0.004128237962919094, ""9"": 0.03665524839588687, ""10"": 0.004274056482373378, ""11"": -0.02004319320970466, ""12"": 0.024370830283733103, ""13"": -0.012895700362589236, ""14"": 0.006067608128469397, ""15"": 0.011493341766055912, ""16"": -0.006201774045400754, ""17"": 0.005213935186963623, ""18"": 0.028234843109782935, ""19"": 0.021787283006674665, ""20"": 0.012759136792677081, ""21"": 0.011915423076269133, ""22"": 0.027317226440152376, ""23"": 0.09890126963171122, ""24"": 0.13451878112694546, ""25"": 0.018031120089460215, ""26"": -0.0026273954466526726, ""27"": 0.017869190207543125, ""28"": -0.01716411190153385, ""29"": -0.03663354795078206, ""30"": -0.00652235569037126, ""31"": -0.015206901310662978, ""32"": 0.019973317410513856, ""33"": -0.0014613745269421727, ""34"": 0.02161370842324581, ""35"": 0.03055034049801231, ""36"": 0.010268231358599902, ""37"": 0.023660766356702105, ""38"": -0.01179028762292904, ""39"": 0.03792199052362704, ""40"": -0.012730584189123623, ""41"": -0.005651653779227093, ""42"": 0.014712421697165972, ""43"": 0.014625440034133031, ""44"": 0.0054990392562152095, ""45"": 0.022321973950202724, ""46"": 0.03282452420632777, ""47"": -0.003977589827488919, ""48"": 0.08903326583740215}","[4, 23, 24, 48]","{""24"": 257.7248521754093, ""48"": 369.7065501771355}","{""24"": 3.149989722083755e-43, ""48"": 4.637734958157172e-53}",580.8673644857112,647.8788940404642,7.710819553987118,24,1.0,False,,,,,,False
Austria,2024-10-03,Germany-specific public holiday,2024-10-02T08:00:00+02:00,2024-10-02T06:00:00+00:00,2024-10-02T06:00:00+00:00,24,weekly_differenced,weekly_differenced_arima_p3_d0_q1,,3,0,1,c,weekly_difference,False,,completed,,success,converged,True,True,True,True,True,6799,6,-40186.68235887535,80385.3647177507,80385.37708524185,80426.31190267985,1.0630807786610907,2.3904648636380097,"[""DeprecationWarning: Setting the shape on a NumPy array has been deprecated in NumPy 2.5.\nAs an alternative, you can create a new view using np.reshape (with copy=False if needed).""]",[],0,6630,True,joint Ljung-Box and residual ACF rule,"{""1"": 0.007260678254035116, ""2"": -0.024508021230765297, ""3"": 0.023983517729415493, ""4"": -0.00535169722043814, ""5"": -0.011115931207026359, ""6"": 0.009119173246895656, ""7"": -0.023509478068196577, ""8"": -0.0187026634167462, ""9"": 0.00949983876604481, ""10"": -0.023740644540767627, ""11"": -0.04598172803479833, ""12"": 0.0017624975276136433, ""13"": -0.029745274271510462, ""14"": -0.009494125827881023, ""15"": -0.002661525401424859, ""16"": -0.018846582445548148, ""17"": -0.004001143537622755, ""18"": 0.026058291397333712, ""19"": 0.025007576577405412, ""20"": 0.013956794277645632, ""21"": 0.005715094086784924, ""22"": 0.019926998725183425, ""23"": 0.09619446619367872, ""24"": 0.12940353562456905, ""25"": 0.00815643810397251, ""26"": -0.010591554977492878, ""27"": 0.01955210556115796, ""28"": -0.01210594428009835, ""29"": -0.0368976472540832, ""30"": -0.010801857234508385, ""31"": -0.020126620329088088, ""32"": 0.009534235881558831, ""33"": -0.013799423431880375, ""34"": 0.008780296625509476, ""35"": 0.01999365903516218, ""36"": 0.0012204650087228235, ""37"": 0.014053316437424643, ""38"": -0.01554910706024224, ""39"": 0.03514981584274723, ""40"": -0.014306502251492376, ""41"": -0.007669533626683316, ""42"": 0.014960106012458766, ""43"": 0.015616476473837735, ""44"": 0.005888432796156811, ""45"": 0.019946120635550606, ""46"": 0.0258706332233608, ""47"": -0.008355193379487806, ""48"": 0.08441908152577948}","[23, 24, 48]","{""24"": 228.977829011995, ""48"": 322.7828778049232}","{""24"": 1.9160930861183946e-37, ""48"": 4.2249335017162333e-44}",563.734968371024,633.387263445002,7.464691979202344,24,1.0,False,,,,,,False
Austria,2024-10-26,Austria-specific public holiday / Saturday,2024-10-25T08:00:00+02:00,2024-10-25T06:00:00+00:00,2024-10-25T06:00:00+00:00,24,weekly_differenced,weekly_differenced_arima_p1_d0_q1,,1,0,1,c,weekly_difference,False,,completed,,success,converged,True,True,True,True,True,7351,4,-43958.833837655264,87925.66767531053,87925.67312045074,87953.27804186003,1.0460624532469345,1.7104478703395878,"[""DeprecationWarning: Setting the shape on a NumPy array has been deprecated in NumPy 2.5.\nAs an alternative, you can create a new view using np.reshape (with copy=False if needed).""]",[],0,7182,True,joint Ljung-Box and residual ACF rule,"{""1"": 0.17666270234957118, ""2"": 0.24819674302970654, ""3"": -0.07817679543963853, ""4"": -0.05219177647188607, ""5"": -0.14342761200855808, ""6"": -0.06891985618434891, ""7"": -0.08417099631406427, ""8"": -0.03655787555108004, ""9"": -0.02640850664375278, ""10"": -0.023696935301659085, ""11"": -0.050400360394284374, ""12"": -0.02093505524593331, ""13"": -0.04621627234870656, ""14"": -0.02608664200921404, ""15"": -0.025405739226173788, ""16"": -0.025977401854770803, ""17"": -0.01037234995777621, ""18"": 0.005385584693635472, ""19"": 0.0065506026987173175, ""20"": 0.00414666910870301, ""21"": 0.02489962453978509, ""22"": 0.0631360734364475, ""23"": 0.11476534017645741, ""24"": 0.14110301891882043, ""25"": 0.05693034093445458, ""26"": 0.013068537703049212, ""27"": -0.014861770900602698, ""28"": -0.04089557474000657, ""29"": -0.07002660583810805, ""30"": -0.041920274955506195, ""31"": -0.04504919918735251, ""32"": -0.0035754822552622706, ""33"": -0.013346260515442784, ""34"": 0.014669669663588285, ""35"": 0.019758118455815384, ""36"": 0.006542645960966389, ""37"": 0.015797460436686072, ""38"": -0.014572054442103919, ""39"": 0.018306079264714517, ""40"": -0.01984030623867162, ""41"": -0.005579000724157341, ""42"": 0.0008095161888385464, ""43"": 0.0036275694286374833, ""44"": 0.015450421243856883, ""45"": 0.009358583698731921, ""46"": 0.048278586699350964, ""47"": 0.015814360869598528, ""48"": 0.08532858046514742}","[1, 2, 3, 4, 5, 6, 7, 11, 22, 23, 24, 25, 29, 48]","{""24"": 1306.324210380823, ""48"": 1495.9280131177495}","{""24"": 8.559310124857222e-263, ""48"": 2.243445967970606e-283}",205.82006016301227,233.89644167951693,3.555715531852856,24,1.0,False,,,,,,False
Austria,2024-10-26,Austria-specific public holiday / Saturday,2024-10-25T08:00:00+02:00,2024-10-25T06:00:00+00:00,2024-10-25T06:00:00+00:00,24,weekly_differenced,weekly_differenced_arima_p2_d0_q0,,2,0,0,c,weekly_difference,False,,completed,,success,converged,True,True,True,True,True,7351,4,-43666.25873153354,87340.51746306708,87340.52290820729,87368.12782961658,1.256402505102791,inf,"[""DeprecationWarning: Setting the shape on a NumPy array has been deprecated in NumPy 2.5.\nAs an alternative, you can create a new view using np.reshape (with copy=False if needed).""]",[],0,7182,True,joint Ljung-Box and residual ACF rule,"{""1"": 0.11851610133402853, ""2"": -0.0608894405865275, ""3"": -0.07423068583858647, ""4"": -0.07396465979386359, ""5"": -0.05015815838366582, ""6"": 0.012824577290427061, ""7"": 0.016200348018588596, ""8"": 0.03830258767519163, ""9"": 0.06206208734498497, ""10"": 0.03280589545432806, ""11"": 0.0036705711044581514, ""12"": 0.03223424158538242, ""13"": 0.008374431948590498, ""14"": 0.02154023421666459, ""15"": 0.024446082155571876, ""16"": 0.007186302017703306, ""17"": 0.023672153614917205, ""18"": 0.04229031678850204, ""19"": 0.02742713235278183, ""20"": 0.00031766034024429215, ""21"": -0.0001965160882044919, ""22"": 0.028968922733527323, ""23"": 0.11092292115365032, ""24"": 0.14655128563421027, ""25"": 0.03738214708232361, ""26"": -0.0067165016239606155, ""27"": 0.012287240525336472, ""28"": -0.00843703090734937, ""29"": -0.03109060926764359, ""30"": -0.0026428734189348014, ""31"": 0.0036424757351610987, ""32"": 0.029722301537964995, ""33"": 0.011269774645627544, ""34"": 0.0327331947765879, ""35"": 0.03755507218882941, ""36"": 0.021511648471922818, ""37"": 0.019967051392474906, ""38"": 0.0018454942839320051, ""39"": 0.03628656395237337, ""40"": -0.0028405819926639615, ""41"": 0.0015380385498344684, ""42"": 0.01867957130390057, ""43"": 0.01704083730046353, ""44"": 0.012135714270141236, ""45"": 0.01317247537158651, ""46"": 0.028001103555352534, ""47"": 0.013728276331632344, ""48"": 0.09035465118606346}","[1, 2, 3, 4, 5, 9, 23, 24, 48]","{""24"": 561.6047107266569, ""48"": 694.7785585458844}","{""24"": 9.750357292907385e-105, ""48"": 1.0145440996665347e-116}",206.63503194364856,234.50221620137745,3.572139425200777,24,1.0,False,,,,,,False
Austria,2024-10-26,Austria-specific public holiday / Saturday,2024-10-25T08:00:00+02:00,2024-10-25T06:00:00+00:00,2024-10-25T06:00:00+00:00,24,weekly_differenced,weekly_differenced_arima_p2_d0_q1,,2,0,1,c,weekly_difference,False,,completed,,success,converged,True,True,True,True,True,7351,5,-43560.23746924492,87130.47493848983,87130.48310731216,87164.9878966767,1.1242775288698248,4.133335417130149,"[""DeprecationWarning: Setting the shape on a NumPy array has been deprecated in NumPy 2.5.\nAs an alternative, you can create a new view using np.reshape (with copy=False if needed).""]",[],0,7182,True,joint Ljung-Box and residual ACF rule,"{""1"": 0.00917831496712766, ""2"": 0.03008069768463955, ""3"": -0.03707019374775132, ""4"": -0.052396051449514335, ""5"": -0.053323071802726545, ""6"": 0.0016864746655686372, ""7"": -0.006558055956371095, ""8"": 0.01484165929118691, ""9"": 0.03906478802331974, ""10"": 0.016322356732693312, ""11"": -0.01202257755870106, ""12"": 0.024684715206870933, ""13"": -0.00709351563584635, ""14"": 0.011130510914501452, ""15"": 0.01465044479778869, ""16"": -0.0019192393994169094, ""17"": 0.014784689407790241, ""18"": 0.03193351333462494, ""19"": 0.02227620301831933, ""20"": 0.003645675554369824, ""21"": 0.010143887899685003, ""22"": 0.029561141627317065, ""23"": 0.0945406063436171, ""24"": 0.13273082478412637, ""25"": 0.029559368384368956, ""26"": -0.002378283927977448, ""27"": 0.013358204665765228, ""28"": -0.010699903788085503, ""29"": -0.03543729680356234, ""30"": -0.004428823387322106, ""31"": -0.009173991930118338, ""32"": 0.024119687869767568, ""33"": 0.000251069788761739, ""34"": 0.026330833026541354, ""35"": 0.029888410264450452, ""36"": 0.013779997866260081, ""37"": 0.020722718159547748, ""38"": -0.007146420110693298, ""39"": 0.036641951215585104, ""40"": -0.009262014515435091, ""41"": 0.0015115186922154604, ""42"": 0.015256431967730123, ""43"": 0.013143102824045771, ""44"": 0.012223402517082177, ""45"": 0.010893655812847935, ""46"": 0.03443932396715923, ""47"": 0.0008084749729182085, ""48"": 0.08875894177492485}","[4, 5, 23, 24, 48]","{""24"": 291.24775963353864, ""48"": 410.76035523247987}","{""24"": 1.9133953970975608e-49, ""48"": 1.5674489636732665e-60}",208.2276590100814,236.0613000446949,3.6005503830357557,24,1.0,False,,,,,,False
Austria,2024-10-26,Austria-specific public holiday / Saturday,2024-10-25T08:00:00+02:00,2024-10-25T06:00:00+00:00,2024-10-25T06:00:00+00:00,24,weekly_differenced,weekly_differenced_arima_p2_d0_q2,,2,0,2,c,weekly_difference,False,,completed,,success,converged,True,True,True,True,True,7351,6,-43546.71924870945,87105.4384974189,87105.4499353274,87146.85404724315,1.109235637067045,3.1485167145464987,"[""DeprecationWarning: Setting the shape on a NumPy array has been deprecated in NumPy 2.5.\nAs an alternative, you can create a new view using np.reshape (with copy=False if needed).""]",[],0,7182,True,joint Ljung-Box and residual ACF rule,"{""1"": 0.002888298843241963, ""2"": 0.005671931172192517, ""3"": 0.008513292381385505, ""4"": -0.051880418818275355, ""5"": -0.05266893390076381, ""6"": 0.00019290143916820716, ""7"": -0.013418300356603179, ""8"": 0.0055777186718213405, ""9"": 0.03494923281212844, ""10"": 0.009359121222159827, ""11"": -0.016870754693883334, ""12"": 0.022224488335486778, ""13"": -0.010819208638037963, ""14"": 0.006897184761611635, ""15"": 0.013374149654164334, ""16"": -0.00576338064240188, ""17"": 0.011464836729127086, ""18"": 0.03067059786193409, ""19"": 0.020998446682684174, ""20"": 0.0055253943546339215, ""21"": 0.013321134578778135, ""22"": 0.026898087180469932, ""23"": 0.09190333397565764, ""24"": 0.131706789014977, ""25"": 0.025545634167784922, ""26"": -0.004535788805118783, ""27"": 0.017729878118108708, ""28"": -0.01127567418188341, ""29"": -0.0367864720286111, ""30"": -0.006323539083363036, ""31"": -0.010263097443533408, ""32"": 0.020884045207953585, ""33"": -0.0025755287029315755, ""34"": 0.023605343477070558, ""35"": 0.028007472058298188, ""36"": 0.012893516175584801, ""37"": 0.018224355483993083, ""38"": -0.007749723567650053, ""39"": 0.036168845545536135, ""40"": -0.009626531221445214, ""41"": -0.0008379607626794077, ""42"": 0.016105047302017218, ""43"": 0.012812094635522095, ""44"": 0.010150500554124807, ""45"": 0.014107418829975347, ""46"": 0.03232190799700846, ""47"": -0.0010816258008735193, ""48"": 0.08765612794658331}","[4, 5, 23, 24, 48]","{""24"": 262.86877419122357, ""48"": 377.12781560249}","{""24"": 2.870372958181811e-44, ""48"": 1.7178256062639105e-54}",208.56646989991827,236.39113034360287,3.606432047613497,24,1.0,False,,,,,,False
Austria,2024-10-26,Austria-specific public holiday / Saturday,2024-10-25T08:00:00+02:00,2024-10-25T06:00:00+00:00,2024-10-25T06:00:00+00:00,24,weekly_differenced,weekly_differenced_arima_p3_d0_q1,,3,0,1,c,weekly_difference,False,,completed,,success,converged,True,True,True,True,True,7351,6,-43517.69526971988,87047.39053943976,87047.40197734826,87088.806089264,1.0620144179215547,2.108166076166245,"[""DeprecationWarning: Setting the shape on a NumPy array has been deprecated in NumPy 2.5.\nAs an alternative, you can create a new view using np.reshape (with copy=False if needed).""]",[],0,7182,True,joint Ljung-Box and residual ACF rule,"{""1"": 0.008904689417926775, ""2"": -0.02564720650396185, ""3"": 0.01891056085997899, ""4"": 0.0029098238329079117, ""5"": -0.015655329876751254, ""6"": 0.01168737020161979, ""7"": -0.021933763056705385, ""8"": -0.01681016934900741, ""9"": 0.005908349862758872, ""10"": -0.02122418476506545, ""11"": -0.04570787097114247, ""12"": -0.003435645274150201, ""13"": -0.029822500480348242, ""14"": -0.010107894333095164, ""15"": -0.0027245816490750648, ""16"": -0.019798933741153338, ""17"": 0.0016936563918009985, ""18"": 0.028320351539234567, ""19"": 0.023203349984268574, ""20"": 0.005359353125781333, ""21"": 0.006124589728862652, ""22"": 0.019123932052875315, ""23"": 0.08838793974530774, ""24"": 0.12588628076612726, ""25"": 0.015366305632737444, ""26"": -0.013428174563702856, ""27"": 0.017933376109653152, ""28"": -0.0064210509933337835, ""29"": -0.03659650277547709, ""30"": -0.010501150806490403, ""31"": -0.015229340997399301, ""32"": 0.01019504941597314, ""33"": -0.01571602883020423, ""34"": 0.009805471671641182, ""35"": 0.016853218003447263, ""36"": 0.002903189367758531, ""37"": 0.008212066401785975, ""38"": -0.01228148166101752, ""39"": 0.032725231498237084, ""40"": -0.011674960104491124, ""41"": -0.003256190243207996, ""42"": 0.015851561719603575, ""43"": 0.013877574177710567, ""44"": 0.010217785793899889, ""45"": 0.010856601275034582, ""46"": 0.02479621594855854, ""47"": -0.005427696341536316, ""48"": 0.08232961965613356}","[23, 24, 48]","{""24"": 228.1058489612543, ""48"": 320.06042404746637}","{""24"": 2.8641146022108304e-37, ""48"": 1.3813015051531065e-43}",205.99738347687224,234.0584122017701,3.5589974662923525,24,1.0,False,,,,,,False
Austria,2024-10-27,autumn-DST Sunday,2024-10-26T08:00:00+02:00,2024-10-26T06:00:00+00:00,2024-10-26T06:00:00+00:00,25,weekly_differenced,weekly_differenced_arima_p1_d0_q1,,1,0,1,c,weekly_difference,True,missing_source,weekly_lag_invalid,missing_source,not_run,not_run,False,False,False,False,False,0,0,,,,,,,[],[],0,0,True,residual diagnostics unavailable,{},[],{},{},,,,0,0.0,False,,,,,,False
Austria,2024-10-27,autumn-DST Sunday,2024-10-26T08:00:00+02:00,2024-10-26T06:00:00+00:00,2024-10-26T06:00:00+00:00,25,weekly_differenced,weekly_differenced_arima_p2_d0_q0,,2,0,0,c,weekly_difference,True,missing_source,weekly_lag_invalid,missing_source,not_run,not_run,False,False,False,False,False,0,0,,,,,,,[],[],0,0,True,residual diagnostics unavailable,{},[],{},{},,,,0,0.0,False,,,,,,False
Austria,2024-10-27,autumn-DST Sunday,2024-10-26T08:00:00+02:00,2024-10-26T06:00:00+00:00,2024-10-26T06:00:00+00:00,25,weekly_differenced,weekly_differenced_arima_p2_d0_q1,,2,0,1,c,weekly_difference,True,missing_source,weekly_lag_invalid,missing_source,not_run,not_run,False,False,False,False,False,0,0,,,,,,,[],[],0,0,True,residual diagnostics unavailable,{},[],{},{},,,,0,0.0,False,,,,,,False
Austria,2024-10-27,autumn-DST Sunday,2024-10-26T08:00:00+02:00,2024-10-26T06:00:00+00:00,2024-10-26T06:00:00+00:00,25,weekly_differenced,weekly_differenced_arima_p2_d0_q2,,2,0,2,c,weekly_difference,True,missing_source,weekly_lag_invalid,missing_source,not_run,not_run,False,False,False,False,False,0,0,,,,,,,[],[],0,0,True,residual diagnostics unavailable,{},[],{},{},,,,0,0.0,False,,,,,,False
Austria,2024-10-27,autumn-DST Sunday,2024-10-26T08:00:00+02:00,2024-10-26T06:00:00+00:00,2024-10-26T06:00:00+00:00,25,weekly_differenced,weekly_differenced_arima_p3_d0_q1,,3,0,1,c,weekly_difference,True,missing_source,weekly_lag_invalid,missing_source,not_run,not_run,False,False,False,False,False,0,0,,,,,,,[],[],0,0,True,residual diagnostics unavailable,{},[],{},{},,,,0,0.0,False,,,,,,False
Austria,2024-11-11,Monday,2024-11-10T08:00:00+01:00,2024-11-10T07:00:00+00:00,2024-11-10T07:00:00+00:00,24,weekly_differenced,weekly_differenced_arima_p1_d0_q1,,1,0,1,c,weekly_difference,False,,completed,,success,converged,True,True,True,True,True,7736,4,-46359.88469580953,92727.76939161906,92727.77456559397,92755.5839517676,1.045397075631041,1.711235061673987,"[""DeprecationWarning: Setting the shape on a NumPy array has been deprecated in NumPy 2.5.\nAs an alternative, you can create a new view using np.reshape (with copy=False if needed).""]",[],0,7566,True,joint Ljung-Box and residual ACF rule,"{""1"": 0.18094599720319368, ""2"": 0.2518011580806454, ""3"": -0.08317450837222849, ""4"": -0.05400172502496267, ""5"": -0.1485510619939199, ""6"": -0.06868102487487075, ""7"": -0.0870476700412776, ""8"": -0.03200081560978815, ""9"": -0.028784671458678725, ""10"": -0.014840891050154884, ""11"": -0.04566295496332564, ""12"": -0.012036682170679623, ""13"": -0.046124517347421165, ""14"": -0.023968161187178413, ""15"": -0.033624613997676446, ""16"": -0.025648186557827343, ""17"": -0.017662350441747725, ""18"": 0.00418275043657865, ""19"": -0.003380158682025019, ""20"": 0.0035004326129819846, ""21"": 0.013087985534556553, ""22"": 0.06670630742369063, ""23"": 0.10898458591710405, ""24"": 0.15290902288253785, ""25"": 0.05640541782639233, ""26"": 0.022061096410705906, ""27"": -0.022099446092204038, ""28"": -0.037709292004801546, ""29"": -0.07586916766755007, ""30"": -0.038437565189388276, ""31"": -0.04834478548980107, ""32"": -0.0003294982581204095, ""33"": -0.01604105936811949, ""34"": 0.018777766290747625, ""35"": 0.01724841368194836, ""36"": 0.015205074564194418, ""37"": 0.013976883633685891, ""38"": -0.011254919178625384, ""39"": 0.00927016136839459, ""40"": -0.01729087688624952, ""41"": -0.011839701212704203, ""42"": 0.0024323150665842403, ""43"": -0.0008817317096159162, ""44"": 0.018212363325494644, ""45"": 0.0033321694536430574, ""46"": 0.05309154353200402, ""47"": 0.01560984872679203, ""48"": 0.09760304011165406}","[1, 2, 3, 4, 5, 6, 7, 22, 23, 24, 25, 29, 46, 48]","{""24"": 1434.5679239657604, ""48"": 1663.2852912639628}","{""24"": 3.0957806228220206e-290, ""48"": 0.0}",627.3324203833944,850.3242154871839,7.131450117584339,24,1.0,False,,,,,,False
Austria,2024-11-11,Monday,2024-11-10T08:00:00+01:00,2024-11-10T07:00:00+00:00,2024-11-10T07:00:00+00:00,24,weekly_differenced,weekly_differenced_arima_p2_d0_q0,,2,0,0,c,weekly_difference,False,,completed,,success,converged,True,True,True,True,True,7736,4,-46038.1813735797,92084.3627471594,92084.36792113433,92112.17730730794,1.2532904966865597,inf,"[""DeprecationWarning: Setting the shape on a NumPy array has been deprecated in NumPy 2.5.\nAs an alternative, you can create a new view using np.reshape (with copy=False if needed).""]",[],0,7566,True,joint Ljung-Box and residual ACF rule,"{""1"": 0.12164792445461402, ""2"": -0.0570938668789486, ""3"": -0.08079233842881034, ""4"": -0.07698864594363233, ""5"": -0.05253876117606266, ""6"": 0.013342175489523272, ""7"": 0.016114352485041318, ""8"": 0.04104203265324354, ""9"": 0.05806653940704768, ""10"": 0.037986879112130556, ""11"": 0.0092163788959026, ""12"": 0.03835691163698937, ""13"": 0.009479894364255732, ""14"": 0.021062523330369193, ""15"": 0.017822004427163515, ""16"": 0.00849372418273819, ""17"": 0.02270286224199465, ""18"": 0.04246841987085425, ""19"": 0.023780676676391777, ""20"": -2.539224193413795e-05, ""21"": -0.008256308727300272, ""22"": 0.029456022355516746, ""23"": 0.10792966581135988, ""24"": 0.1560589084401195, ""25"": 0.04028890223713519, ""26"": -0.0018280141746979538, ""27"": 0.005561059659794347, ""28"": -0.008558894484431662, ""29"": -0.03388060518887458, ""30"": -4.677028993799285e-05, ""31"": 0.003139120564425844, ""32"": 0.031410258861681785, ""33"": 0.010187896253638135, ""34"": 0.033446611400739665, ""35"": 0.03597401546724953, ""36"": 0.029390374833074533, ""37"": 0.02210163914958384, ""38"": 0.0021113978169017907, ""39"": 0.029008477617625882, ""40"": -0.00026164535210553496, ""41"": -0.00011869301506521421, ""42"": 0.019805455744564344, ""43"": 0.016952326534927963, ""44"": 0.014168934084590027, ""45"": 0.007754330917831806, ""46"": 0.02834783017569877, ""47"": 0.013390178044805882, ""48"": 0.10079859219586772}","[1, 2, 3, 4, 5, 9, 23, 24, 48]","{""24"": 625.5561553221402, ""48"": 782.8713263126584}","{""24"": 3.705712033616629e-118, ""48"": 1.0338688604614777e-134}",807.2258641616646,985.5110128477608,9.557606517083975,24,1.0,False,,,,,,False
Austria,2024-11-11,Monday,2024-11-10T08:00:00+01:00,2024-11-10T07:00:00+00:00,2024-11-10T07:00:00+00:00,24,weekly_differenced,weekly_differenced_arima_p2_d0_q1,,2,0,1,c,weekly_difference,False,,completed,,success,converged,True,True,True,True,True,7736,5,-45923.96133534306,91857.92267068612,91857.93043265249,91892.69087087178,1.1248481992547368,4.148552663696143,"[""DeprecationWarning: Setting the shape on a NumPy array has been deprecated in NumPy 2.5.\nAs an alternative, you can create a new view using np.reshape (with copy=False if needed).""]",[],0,7566,True,joint Ljung-Box and residual ACF rule,"{""1"": 0.01034916838790839, ""2"": 0.03336398964463957, ""3"": -0.043797643612237515, ""4"": -0.05363239331297298, ""5"": -0.0557447533814129, ""6"": 0.002877090411597936, ""7"": -0.007379745374988206, ""8"": 0.019103586184316276, ""9"": 0.03476320423549644, ""10"": 0.022671055426798304, ""11"": -0.007901171752955752, ""12"": 0.030843955082875824, ""13"": -0.0066510777999388496, ""14"": 0.012371010660307755, ""15"": 0.007697849082597965, ""16"": 0.0002078553290037808, ""17"": 0.012151020464403079, ""18"": 0.032362320778078636, ""19"": 0.017111422525310036, ""20"": 0.004658761674567536, ""21"": 0.0008131481253979823, ""22"": 0.03213905586017117, ""23"": 0.08924732715962043, ""24"": 0.14281831293561986, ""25"": 0.029414136831433523, ""26"": 0.004056712906696509, ""27"": 0.006018820531292083, ""28"": -0.00844373299478029, ""29"": -0.03914882520125878, ""30"": -0.0009963580291415532, ""31"": -0.010618738431580609, ""32"": 0.026514895913720023, ""33"": -0.0013245353544533967, ""34"": 0.02839979699466311, ""35"": 0.02706105690990561, ""36"": 0.021866715191895206, ""37"": 0.020865245496873058, ""38"": -0.005254918205808186, ""39"": 0.02874241965674096, ""40"": -0.005325055229305312, ""41"": -0.001651184040624527, ""42"": 0.01680973638582121, ""43"": 0.011784242260353996, ""44"": 0.015201130683852017, ""45"": 0.005020144357983317, ""46"": 0.03694214153129385, ""47"": -0.0011569784572458802, ""48"": 0.09950690612631301}","[4, 5, 23, 24, 48]","{""24"": 329.6108789016182, ""48"": 471.3376412059733}","{""24"": 2.8735333332547234e-57, ""48"": 2.084893878703763e-72}",774.039269747692,962.2501542921648,9.08798111891863,24,1.0,False,,,,,,False
Austria,2024-11-11,Monday,2024-11-10T08:00:00+01:00,2024-11-10T07:00:00+00:00,2024-11-10T07:00:00+00:00,24,weekly_differenced,weekly_differenced_arima_p2_d0_q2,,2,0,2,c,weekly_difference,False,,completed,,success,converged,True,True,True,True,True,7736,6,-45906.05561266888,91824.11122533777,91824.12209349664,91865.83306556055,1.1083585353876084,2.992551402488578,"[""DeprecationWarning: Setting the shape on a NumPy array has been deprecated in NumPy 2.5.\nAs an alternative, you can create a new view using np.reshape (with copy=False if needed).""]",[],0,7566,True,joint Ljung-Box and residual ACF rule,"{""1"": 0.0031931934621386225, ""2"": 0.005378691923090212, ""3"": 0.007208137385762316, ""4"": -0.05323204567937198, ""5"": -0.05480707688591218, ""6"": 0.0010292519437517154, ""7"": -0.014506956577257217, ""8"": 0.008914476088491196, ""9"": 0.03059348159094407, ""10"": 0.01479617263759386, ""11"": -0.012891782378969052, ""12"": 0.027498113785314488, ""13"": -0.010248213114397085, ""14"": 0.007600783624152881, ""15"": 0.006675182738923767, ""16"": -0.00428756718367713, ""17"": 0.008775142190695747, ""18"": 0.03011134394215476, ""19"": 0.016048986038371082, ""20"": 0.006280624485730955, ""21"": 0.0049649614386727105, ""22"": 0.028556762776918355, ""23"": 0.08677048343267035, ""24"": 0.14076877613609154, ""25"": 0.025306514614229933, ""26"": 0.0009201725902691717, ""27"": 0.01161683018584216, ""28"": -0.009278609185895166, ""29"": -0.04004078422392041, ""30"": -0.003519497657443631, ""31"": -0.011464944490735903, ""32"": 0.022549747932072196, ""33"": -0.003827747307278267, ""34"": 0.025083259207325972, ""35"": 0.02513249156404414, ""36"": 0.020364153732876138, ""37"": 0.0185686348403262, ""38"": -0.006533543383697484, ""39"": 0.0286711565256406, ""40"": -0.005806150972212661, ""41"": -0.003959581442461629, ""42"": 0.016940321683834164, ""43"": 0.011844047313793678, ""44"": 0.012566719807250373, ""45"": 0.009217548221253414, ""46"": 0.03430576530164628, ""47"": -0.0029900784214334647, ""48"": 0.09786752201287253}","[4, 5, 23, 24, 48]","{""24"": 288.24185607918423, ""48"": 421.4336082120417}","{""24"": 2.021391062227956e-49, ""48"": 4.183467238882633e-63}",760.8014389804001,952.5077454065828,8.905589467674101,24,1.0,False,,,,,,False
Austria,2024-11-11,Monday,2024-11-10T08:00:00+01:00,2024-11-10T07:00:00+00:00,2024-11-10T07:00:00+00:00,24,weekly_differenced,weekly_differenced_arima_p3_d0_q1,,3,0,1,c,weekly_difference,False,,completed,,success,converged,True,True,True,True,True,7736,6,-45871.85375525503,91755.70751051004,91755.71837866891,91797.42935073284,1.060374331229054,2.0967695003591844,"[""DeprecationWarning: Setting the shape on a NumPy array has been deprecated in NumPy 2.5.\nAs an alternative, you can create a new view using np.reshape (with copy=False if needed).""]",[],0,7566,True,joint Ljung-Box and residual ACF rule,"{""1"": 0.007825397446955948, ""2"": -0.021564241355764086, ""3"": 0.014356898004086934, ""4"": 0.003959361170408844, ""5"": -0.015441148426760492, ""6"": 0.013843353261359347, ""7"": -0.0221492965647868, ""8"": -0.013676615512038302, ""9"": 0.00019189190647797742, ""10"": -0.017065168618255997, ""11"": -0.04283619277805635, ""12"": 0.0008945776640615556, ""13"": -0.03026504753607345, ""14"": -0.010318003229367175, ""15"": -0.010336111512568533, ""16"": -0.01873673662125254, ""17"": -0.0012030462814593185, ""18"": 0.027354775944694994, ""19"": 0.018192759325076597, ""20"": 0.0058588439968201515, ""21"": -0.0027216384061523697, ""22"": 0.020071978673509027, ""23"": 0.0824818291060988, ""24"": 0.13401267108674605, ""25"": 0.014850469036959293, ""26"": -0.008432526471670681, ""27"": 0.01116249499715766, ""28"": -0.004136940666079887, ""29"": -0.0390415402284593, ""30"": -0.007081661436707467, ""31"": -0.016480222182536218, ""32"": 0.011940139024225714, ""33"": -0.01753945785456572, ""34"": 0.010346259903069277, ""35"": 0.013165608587636634, ""36"": 0.009848740215795012, ""37"": 0.00854807372619924, ""38"": -0.011962167103254297, ""39"": 0.024847582184704793, ""40"": -0.00804288994527067, ""41"": -0.0059238027954279905, ""42"": 0.016628281488421614, ""43"": 0.013215135947721123, ""44"": 0.013388123205089492, ""45"": 0.00566317092021473, ""46"": 0.026568985589253247, ""47"": -0.007428935373958092, ""48"": 0.09258791449284931}","[23, 24, 48]","{""24"": 240.963888557586, ""48"": 347.7991591317284}","{""24"": 7.538762603070225e-40, ""48"": 7.409781737749232e-49}",684.5571832866439,894.2259579236278,7.883899234826671,24,1.0,False,,,,,,False
Austria,2024-12-25,Christmas holiday / cold season,2024-12-24T08:00:00+01:00,2024-12-24T07:00:00+00:00,2024-12-24T07:00:00+00:00,24,weekly_differenced,weekly_differenced_arima_p1_d0_q1,,1,0,1,c,weekly_difference,False,,completed,,success,converged,True,True,True,True,True,8792,4,-52664.99138474899,105337.98276949798,105337.98732167733,105366.3091594823,1.0428786243292305,1.7216753134737572,"[""DeprecationWarning: Setting the shape on a NumPy array has been deprecated in NumPy 2.5.\nAs an alternative, you can create a new view using np.reshape (with copy=False if needed).""]",[],0,8622,True,joint Ljung-Box and residual ACF rule,"{""1"": 0.17940671490969165, ""2"": 0.2521392005823944, ""3"": -0.08351533346212987, ""4"": -0.05504129255937433, ""5"": -0.1490074121441813, ""6"": -0.07052352157108818, ""7"": -0.08880872107847712, ""8"": -0.035572917997033625, ""9"": -0.027428830114816054, ""10"": -0.017852277386310567, ""11"": -0.04126827014662494, ""12"": -0.01453589878995902, ""13"": -0.04210656682691318, ""14"": -0.023825570465894383, ""15"": -0.033296228406090055, ""16"": -0.028678473246414593, ""17"": -0.022626247766218095, ""18"": 0.0037040492009592354, ""19"": -0.004032685659004939, ""20"": 0.005713848087919213, ""21"": 0.014982446581024727, ""22"": 0.07425442696025586, ""23"": 0.10370743448152937, ""24"": 0.16131189802485296, ""25"": 0.05198504311552914, ""26"": 0.02598837237411345, ""27"": -0.022679112182872753, ""28"": -0.032639101728905544, ""29"": -0.06739517360267758, ""30"": -0.03214254274512562, ""31"": -0.04631873087852672, ""32"": -0.002207667595356477, ""33"": -0.016069725493944472, ""34"": 0.013582044224129862, ""35"": 0.013828417319292664, ""36"": 0.009908625036316215, ""37"": 0.013289107697303413, ""38"": -0.011132261984305688, ""39"": 0.010208639642454128, ""40"": -0.016180345935337376, ""41"": -0.012512622728314752, ""42"": 0.001104608289396502, ""43"": 0.001833772009906462, ""44"": 0.01638462346373853, ""45"": 0.006407662382753685, ""46"": 0.05419151117359003, ""47"": 0.018141143674316573, ""48"": 0.09627275747802214}","[1, 2, 3, 4, 5, 6, 7, 22, 23, 24, 25, 29, 46, 48]","{""24"": 1661.1143021811868, ""48"": 1895.7392039293795}","{""24"": 0.0, ""48"": 0.0}",923.6515205131892,1109.862771581543,14.141335057172352,24,1.0,False,,,,,,False
Austria,2024-12-25,Christmas holiday / cold season,2024-12-24T08:00:00+01:00,2024-12-24T07:00:00+00:00,2024-12-24T07:00:00+00:00,24,weekly_differenced,weekly_differenced_arima_p2_d0_q0,,2,0,0,c,weekly_difference,False,,completed,,success,converged,True,True,True,True,True,8792,4,-52297.3823378883,104602.7646757766,104602.76922795596,104631.09106576092,1.254566361182202,inf,"[""DeprecationWarning: Setting the shape on a NumPy array has been deprecated in NumPy 2.5.\nAs an alternative, you can create a new view using np.reshape (with copy=False if needed).""]",[],0,8622,True,joint Ljung-Box and residual ACF rule,"{""1"": 0.11956015581494964, ""2"": -0.05335358177376061, ""3"": -0.08173824784745311, ""4"": -0.07913228724002005, ""5"": -0.0548765479456357, ""6"": 0.011163799963778585, ""7"": 0.012130713555338053, ""8"": 0.0375442510736571, ""9"": 0.057578712473626927, ""10"": 0.03529994032590425, ""11"": 0.0116044271076769, ""12"": 0.035130698147036094, ""13"": 0.01181087450844251, ""14"": 0.022606811303155963, ""15"": 0.018473516468648858, ""16"": 0.00511429073567868, ""17"": 0.01711240726510387, ""18"": 0.04251627484053673, ""19"": 0.02400696055894334, ""20"": -4.397682947715793e-06, ""21"": -0.003627663827598186, ""22"": 0.0352458377405614, ""23"": 0.1015738450964948, ""24"": 0.1626911449504936, ""25"": 0.03729041864370523, ""26"": -0.00043687708893691535, ""27"": 0.0033408983201540414, ""28"": -0.007061900474393167, ""29"": -0.025257058452070134, ""30"": 0.005452145894022903, ""31"": 0.0017651478901411822, ""32"": 0.029131822459669533, ""33"": 0.011696635453325301, ""34"": 0.030952805054438697, ""35"": 0.03363293927329057, ""36"": 0.02600535663331409, ""37"": 0.023189000737877417, ""38"": 0.004428710306825856, ""39"": 0.03101631197117444, ""40"": 0.002103202413267888, ""41"": -0.0016010344172007174, ""42"": 0.01865091314687795, ""43"": 0.019447505352384233, ""44"": 0.012177062109905892, ""45"": 0.009825099994514586, ""46"": 0.0313573433319535, ""47"": 0.01679875263046782, ""48"": 0.10147813839788543}","[1, 2, 3, 4, 5, 9, 23, 24, 48]","{""24"": 712.1079121052925, ""48"": 884.8609022232789}","{""24"": 2.1650239012571263e-136, ""48"": 1.0834706710385415e-155}",1459.5753292149354,1630.8908439855466,22.544710637623144,24,1.0,False,,,,,,False
Austria,2024-12-25,Christmas holiday / cold season,2024-12-24T08:00:00+01:00,2024-12-24T07:00:00+00:00,2024-12-24T07:00:00+00:00,24,weekly_differenced,weekly_differenced_arima_p2_d0_q1,,2,0,1,c,weekly_difference,False,,completed,,success,converged,True,True,True,True,True,8792,5,-52172.20424648802,104354.40849297604,104354.41532202224,104389.81648045646,1.1170666816596448,4.235453785512385,"[""DeprecationWarning: Setting the shape on a NumPy array has been deprecated in NumPy 2.5.\nAs an alternative, you can create a new view using np.reshape (with copy=False if needed).""]",[],0,8622,True,joint Ljung-Box and residual ACF rule,"{""1"": 0.010465018023393485, ""2"": 0.03485191905542598, ""3"": -0.04574150937895872, ""4"": -0.05571529053943253, ""5"": -0.057621967141225694, ""6"": 0.001406319293621526, ""7"": -0.010299557914315412, ""8"": 0.016172836647627472, ""9"": 0.03558173058320015, ""10"": 0.019478103111107786, ""11"": -0.003940706264747148, ""12"": 0.026955673478539305, ""13"": -0.0034119461551784095, ""14"": 0.013119149507645695, ""15"": 0.008538134829157124, ""16"": -0.0022828780769952204, ""17"": 0.0071662539343833875, ""18"": 0.03307785807767024, ""19"": 0.017399618559115457, ""20"": 0.004384121372852244, ""21"": 0.004087054220247471, ""22"": 0.038863907592860535, ""23"": 0.0817932508398812, ""24"": 0.152023352487182, ""25"": 0.025219315044073216, ""26"": 0.006934364126279415, ""27"": 0.004022616223474393, ""28"": -0.006980859397408177, ""29"": -0.031181513547291977, ""30"": 0.0037564175075494397, ""31"": -0.011182272709341442, ""32"": 0.024411038467888443, ""33"": 0.0007720707005544117, ""34"": 0.025345548007685393, ""35"": 0.02553163363837442, ""36"": 0.018364278849833736, ""37"": 0.02176682075192072, ""38"": -0.0035696802856822495, ""39"": 0.029816623360294513, ""40"": -0.0029942613049290866, ""41"": -0.003150693443420506, ""42"": 0.015540616636102978, ""43"": 0.015011489646509196, ""44"": 0.012587902914956737, ""45"": 0.007513764789121557, ""46"": 0.03871540515285686, ""47"": 0.0019896377244746424, ""48"": 0.10001518368494614}","[4, 5, 23, 24, 48]","{""24"": 394.5755584648056, ""48"": 547.7299957036506}","{""24"": 1.2286790103057552e-70, ""48"": 1.3404549293825323e-87}",1351.8147340744356,1538.513221062511,20.785270117414047,24,1.0,False,,,,,,False
Austria,2024-12-25,Christmas holiday / cold season,2024-12-24T08:00:00+01:00,2024-12-24T07:00:00+00:00,2024-12-24T07:00:00+00:00,24,weekly_differenced,weekly_differenced_arima_p2_d0_q2,,2,0,2,c,weekly_difference,False,,completed,,success,converged,True,True,True,True,True,8792,6,-52150.16892479736,104312.33784959473,104312.3474113477,104354.8274345712,1.1018984173503763,2.9427382529334247,"[""DeprecationWarning: Setting the shape on a NumPy array has been deprecated in NumPy 2.5.\nAs an alternative, you can create a new view using np.reshape (with copy=False if needed).""]",[],0,8622,True,joint Ljung-Box and residual ACF rule,"{""1"": 0.0033163086901773524, ""2"": 0.005342130860675265, ""3"": 0.006953179549786826, ""4"": -0.05518334847120175, ""5"": -0.056534548912896554, ""6"": 1.334951155221259e-05, ""7"": -0.01758310892171137, ""8"": 0.006121405284596621, ""9"": 0.03126762605753531, ""10"": 0.01169845646538839, ""11"": -0.009083997227829365, ""12"": 0.023731286604031024, ""13"": -0.007382250516944949, ""14"": 0.008383069911784596, ""15"": 0.007543842086099486, ""16"": -0.006716956300342056, ""17"": 0.0037606357848809125, ""18"": 0.031179815532023203, ""19"": 0.016590578103793423, ""20"": 0.005230104242730374, ""21"": 0.009001566985621507, ""22"": 0.03471615695649984, ""23"": 0.0792779112293365, ""24"": 0.14999613550747717, ""25"": 0.02164197712817288, ""26"": 0.003538359030886181, ""27"": 0.010341688365897009, ""28"": -0.008272724537048066, ""29"": -0.031959464680139826, ""30"": 0.0012372340848072014, ""31"": -0.012371123939711246, ""32"": 0.02059791849436209, ""33"": -0.0016314147076174855, ""34"": 0.022054072785249124, ""35"": 0.023448791605283886, ""36"": 0.016926739804049656, ""37"": 0.01928323675564818, ""38"": -0.005087267902066849, ""39"": 0.02943649419723995, ""40"": -0.0033259416728638556, ""41"": -0.00578342093558918, ""42"": 0.015797186619024718, ""43"": 0.01530038849126792, ""44"": 0.00987340238304644, ""45"": 0.011608523386910787, ""46"": 0.03590659910521179, ""47"": -0.00017953496432727926, ""48"": 0.09856276007176391}","[4, 5, 23, 24, 48]","{""24"": 345.9391498147967, ""48"": 489.909976030548}","{""24"": 3.0569999892683048e-61, ""48"": 1.3140564180138468e-76}",1310.4795138694474,1502.8614032564617,20.11839046481177,24,1.0,False,,,,,,False
Austria,2024-12-25,Christmas holiday / cold season,2024-12-24T08:00:00+01:00,2024-12-24T07:00:00+00:00,2024-12-24T07:00:00+00:00,24,weekly_differenced,weekly_differenced_arima_p3_d0_q1,,3,0,1,c,weekly_difference,False,,completed,,success,converged,True,True,True,True,True,8792,6,-52106.27990401418,104224.55980802837,104224.56936978135,104267.04939300488,1.0533502019180816,1.9095547737098868,"[""DeprecationWarning: Setting the shape on a NumPy array has been deprecated in NumPy 2.5.\nAs an alternative, you can create a new view using np.reshape (with copy=False if needed).""]",[],0,8622,True,joint Ljung-Box and residual ACF rule,"{""1"": 0.009438420119666396, ""2"": -0.02178134294325534, ""3"": 0.010438774696217257, ""4"": 0.003739161979346258, ""5"": -0.012777042744160373, ""6"": 0.01685647679654705, ""7"": -0.02234217764315511, ""8"": -0.015697703049092893, ""9"": -0.0005449767332008677, ""10"": -0.02258807469230336, ""11"": -0.042714025501196067, ""12"": -0.006717184822800166, ""13"": -0.03069248600030178, ""14"": -0.01175879730191271, ""15"": -0.011255653540435676, ""16"": -0.02245285523823339, ""17"": -0.006505166538340127, ""18"": 0.028494635331975104, ""19"": 0.018326087448213554, ""20"": 0.003772396108968496, ""21"": -0.0005644532955984748, ""22"": 0.024882834554873993, ""23"": 0.07452154512034807, ""24"": 0.14281431594170232, ""25"": 0.012009652611879364, ""26"": -0.005843934047187487, ""27"": 0.008950859478326497, ""28"": -0.0030800602031082445, ""29"": -0.03060268771729954, ""30"": -0.0023934085705393142, ""31"": -0.01825768149977721, ""32"": 0.009059028272697316, ""33"": -0.016012030968496724, ""34"": 0.006510605962940839, ""35"": 0.009886991094072414, ""36"": 0.0046136732230029525, ""37"": 0.007530331609581496, ""38"": -0.011944302135502205, ""39"": 0.02442674549383319, ""40"": -0.0066578013531408764, ""41"": -0.008193496553345146, ""42"": 0.015221862240554267, ""43"": 0.01633038581790321, ""44"": 0.010196916403986228, ""45"": 0.006460340364316626, ""46"": 0.02712793759554891, ""47"": -0.004918550641316986, ""48"": 0.0928203904520025}","[23, 24, 48]","{""24"": 291.7214822801406, ""48"": 404.15763083017316}","{""24"": 3.9502245465169497e-50, ""48"": 9.845927373251658e-60}",1052.3585173052509,1276.9785158121174,16.01909262137097,24,1.0,False,,,,,,False
Germany,2024-01-01,New Year holiday / cold season,2023-12-31T18:00:00+01:00,2023-12-31T17:00:00+00:00,2023-12-31T17:00:00+00:00,24,weekly_differenced,weekly_differenced_arima_p1_d0_q1,,1,0,1,c,weekly_difference,False,,failed,MA roots fail invertibility threshold,success,converged,True,True,True,True,False,186,4,-136.62209333012078,281.24418666024155,281.4651811353797,294.14717335509437,1.5395339652127147,1.00191864486995,"[""DeprecationWarning: Setting the shape on a NumPy array has been deprecated in NumPy 2.5.\nAs an alternative, you can create a new view using np.reshape (with copy=False if needed).""]",[],0,0,True,residual diagnostics unavailable,{},[],{},{},,,,0,0.0,False,,,,,,False
Germany,2024-01-01,New Year holiday / cold season,2023-12-31T18:00:00+01:00,2023-12-31T17:00:00+00:00,2023-12-31T17:00:00+00:00,24,weekly_differenced,weekly_differenced_arima_p2_d0_q0,,2,0,0,c,weekly_difference,False,,completed,,success,converged,True,True,True,True,True,186,4,-137.35031646620348,282.70063293240696,282.9216274075451,295.6036196272598,1.612827469921719,inf,"[""DeprecationWarning: Setting the shape on a NumPy array has been deprecated in NumPy 2.5.\nAs an alternative, you can create a new view using np.reshape (with copy=False if needed).""]",[],0,0,True,residual diagnostics unavailable,{},[],{},{},2168.6853438959265,2400.653938205264,5.120877309793404,24,1.0,False,,,,,,False
Germany,2024-01-01,New Year holiday / cold season,2023-12-31T18:00:00+01:00,2023-12-31T17:00:00+00:00,2023-12-31T17:00:00+00:00,24,weekly_differenced,weekly_differenced_arima_p2_d0_q1,,2,0,1,c,weekly_difference,False,,failed,MA roots fail invertibility threshold,success,converged,True,True,True,True,False,186,5,-134.46820701319035,278.9364140263807,279.269747359714,295.06514739494673,1.045814686315227,1.0062554452272285,"[""DeprecationWarning: Setting the shape on a NumPy array has been deprecated in NumPy 2.5.\nAs an alternative, you can create a new view using np.reshape (with copy=False if needed)."", ""UserWarning: Non-stationary starting autoregressive parameters found. Using zeros as starting parameters.""]",[],0,0,True,residual diagnostics unavailable,{},[],{},{},,,,0,0.0,False,,,,,,False
Germany,2024-01-01,New Year holiday / cold season,2023-12-31T18:00:00+01:00,2023-12-31T17:00:00+00:00,2023-12-31T17:00:00+00:00,24,weekly_differenced,weekly_differenced_arima_p2_d0_q2,,2,0,2,c,weekly_difference,False,,failed,MA roots fail invertibility threshold,success,converged,True,True,True,True,False,186,6,-135.368909245736,282.737818491472,283.20709223448875,302.0922985337512,1.1853576987023366,1.003829839316357,"[""DeprecationWarning: Setting the shape on a NumPy array has been deprecated in NumPy 2.5.\nAs an alternative, you can create a new view using np.reshape (with copy=False if needed).""]",[],0,0,True,residual diagnostics unavailable,{},[],{},{},,,,0,0.0,False,,,,,,False
Germany,2024-01-01,New Year holiday / cold season,2023-12-31T18:00:00+01:00,2023-12-31T17:00:00+00:00,2023-12-31T17:00:00+00:00,24,weekly_differenced,weekly_differenced_arima_p3_d0_q1,,3,0,1,c,weekly_difference,False,,failed,MA roots fail invertibility threshold,success,converged,True,True,True,True,False,186,6,-134.08737542409898,280.17475084819796,280.6440245912147,299.52923089047715,1.0280795314668154,1.0011219579487798,"[""DeprecationWarning: Setting the shape on a NumPy array has been deprecated in NumPy 2.5.\nAs an alternative, you can create a new view using np.reshape (with copy=False if needed)."", ""ConvergenceWarning: Maximum Likelihood optimization failed to converge. Check mle_retvals"", ""DeprecationWarning: Setting the shape on a NumPy array has been deprecated in NumPy 2.5.\nAs an alternative, you can create a new view using np.reshape (with copy=False if needed).""]",[],1,0,True,residual diagnostics unavailable,{},[],{},{},,,,0,0.0,False,,,,,,False
Germany,2024-01-08,Monday / cold season,2024-01-07T18:00:00+01:00,2024-01-07T17:00:00+00:00,2024-01-07T17:00:00+00:00,24,weekly_differenced,weekly_differenced_arima_p1_d0_q1,,1,0,1,c,weekly_difference,False,,completed,,success,converged,True,True,True,True,True,354,4,-1508.3055037478284,3024.611007495657,3024.7256206761726,3040.088195148192,1.0327460958796104,1.928665884251068,"[""DeprecationWarning: Setting the shape on a NumPy array has been deprecated in NumPy 2.5.\nAs an alternative, you can create a new view using np.reshape (with copy=False if needed).""]",[],0,186,False,,"{""1"": 0.06237647953710183, ""2"": 0.1912584735938833, ""3"": -0.03513642973223948, ""4"": -0.056827068116256256, ""5"": 0.01874471303595337, ""6"": 0.007256359931185926, ""7"": 0.04845396010859047, ""8"": -0.07003258591771719, ""9"": -0.14212689990262364, ""10"": -0.0418422646930359, ""11"": -0.029823109185902717, ""12"": 0.010017469854905925, ""13"": 0.0033956076966722105, ""14"": -0.0794047255419992, ""15"": -0.11325925251107022, ""16"": -0.07741563504818166, ""17"": -0.023272762573856843, ""18"": 0.02322715307946498, ""19"": 0.019905177304752445, ""20"": 0.02546013426628912, ""21"": 0.00558435780973897, ""22"": -0.006148252141587106, ""23"": 0.08013658322630403, ""24"": 0.15308896648445958, ""25"": 0.09254838350379138, ""26"": 0.07487997103664924, ""27"": 0.0383928373338013, ""28"": 0.011971834555035601, ""29"": -0.0181652186255569, ""30"": 0.07492390428229037, ""31"": -0.01884412441037259, ""32"": 0.014892691788991478, ""33"": -0.12595507540776382, ""34"": -0.11680957240838911, ""35"": -0.006728302482921426, ""36"": -0.03687406923009302, ""37"": 0.09729607214867218, ""38"": -0.05222533675568568, ""39"": -0.1128908651271161, ""40"": 0.03700057556454852, ""41"": -0.10136336653175303, ""42"": 0.11207271377596648, ""43"": 0.014071459226719294, ""44"": 0.023834639951637815, ""45"": -0.06625792869819606, ""46"": 0.0024755967947217125, ""47"": -0.01221565820101434, ""48"": 0.10861857251930473}",[2],"{""24"": 26.615281535568116, ""48"": 54.670468960953876}","{""24"": 0.22620388536327485, ""48"": 0.17846260691649377}",13454.816469864343,14921.803782576117,20.570985448618146,24,1.0,False,,,,,,False
Germany,2024-01-08,Monday / cold season,2024-01-07T18:00:00+01:00,2024-01-07T17:00:00+00:00,2024-01-07T17:00:00+00:00,24,weekly_differenced,weekly_differenced_arima_p2_d0_q0,,2,0,0,c,weekly_difference,False,,completed,,success,converged,True,True,True,True,True,354,4,-1502.1755378571297,3012.3510757142594,3012.465688894775,3027.8282633667945,1.0869357722584982,inf,"[""DeprecationWarning: Setting the shape on a NumPy array has been deprecated in NumPy 2.5.\nAs an alternative, you can create a new view using np.reshape (with copy=False if needed).""]",[],0,186,False,,"{""1"": 0.014552838629253153, ""2"": 0.028418056480772294, ""3"": -0.0433929762337605, ""4"": -0.1080071132877187, ""5"": 0.049227592543504284, ""6"": 0.07183785941070132, ""7"": 0.10943639166724356, ""8"": -0.038408886199070034, ""9"": -0.14169289562378506, ""10"": -0.005010414725920353, ""11"": 0.02913647820820604, ""12"": 0.06440173723169883, ""13"": 0.06387233155705681, ""14"": -0.04949584992471132, ""15"": -0.10926184980003513, ""16"": -0.06039337835125222, ""17"": 0.01890731082293801, ""18"": 0.07543402252567535, ""19"": 0.041138250687303604, ""20"": 0.038495621759775604, ""21"": -0.020415283542549987, ""22"": -0.05971876923398569, ""23"": 0.050650019678920834, ""24"": 0.1466654634820949, ""25"": 0.07520246141046934, ""26"": 0.041105195576998994, ""27"": 0.011186691425378375, ""28"": -0.006817052365902354, ""29"": -0.015767743586153956, ""30"": 0.11558636322997663, ""31"": 0.033265775614527295, ""32"": 0.04358287317337539, ""33"": -0.12681801533528028, ""34"": -0.12263202968074849, ""35"": 0.012067307872308381, ""36"": 0.00805973352075233, ""37"": 0.15284639111285075, ""38"": -0.04677458539276885, ""39"": -0.13361442931489445, ""40"": 0.044936395514643186, ""41"": -0.08993736603145651, ""42"": 0.11854290323063184, ""43"": 0.07051040464149674, ""44"": -0.0027603322920674014, ""45"": -0.07607165887870841, ""46"": -0.026734681773751243, ""47"": -0.030129922551745375, ""48"": 0.10206348831807409}",[],"{""24"": 24.350552192381432, ""48"": 58.69360475409058}","{""24"": 0.32912610050059016, ""48"": 0.09917651452687991}",13849.601226076602,15351.93459934033,21.157461123809373,24,1.0,False,,,,,,False
Germany,2024-01-08,Monday / cold season,2024-01-07T18:00:00+01:00,2024-01-07T17:00:00+00:00,2024-01-07T17:00:00+00:00,24,weekly_differenced,weekly_differenced_arima_p2_d0_q1,,2,0,1,c,weekly_difference,False,,completed,,success,converged,True,True,True,True,True,354,5,-1501.707427969067,3013.4148559381347,3013.587269731238,3032.761340503804,1.0727385909221632,8.640194914120864,"[""DeprecationWarning: Setting the shape on a NumPy array has been deprecated in NumPy 2.5.\nAs an alternative, you can create a new view using np.reshape (with copy=False if needed).""]",[],0,186,False,,"{""1"": -0.013896285921053663, ""2"": 0.05610277665565028, ""3"": -0.027519004304986938, ""4"": -0.09787652742558561, ""5"": 0.04925086707658335, ""6"": 0.05404281830549016, ""7"": 0.10063487352938512, ""8"": -0.04013706748525063, ""9"": -0.13570282999407376, ""10"": -0.0024079131863117826, ""11"": 0.015504123308024757, ""12"": 0.04957281571244828, ""13"": 0.053614335827735234, ""14"": -0.05083748969436665, ""15"": -0.10208543818332406, ""16"": -0.0580702186183856, ""17"": 0.009106449151859581, ""18"": 0.06327382422182744, ""19"": 0.03456088770001369, ""20"": 0.038067573250177705, ""21"": -0.010710652709186908, ""22"": -0.05164308441861153, ""23"": 0.052290999765140476, ""24"": 0.13905663390352943, ""25"": 0.06682396757323675, ""26"": 0.04552291106866681, ""27"": 0.017430284108318466, ""28"": -0.003229557756141192, ""29"": -0.017687887094654617, ""30"": 0.10918677165304605, ""31"": 0.021379635395793198, ""32"": 0.04624318922536277, ""33"": -0.1196181281891188, ""34"": -0.11372735902685727, ""35"": 0.013024262865279072, ""36"": -0.012247927556927413, ""37"": 0.14516605444775646, ""38"": -0.05002826369462084, ""39"": -0.12881170542252576, ""40"": 0.05553483260560524, ""41"": -0.09968564704534673, ""42"": 0.11584846872510463, ""43"": 0.057042873182117225, ""44"": 0.0015707693149197427, ""45"": -0.06965604123236697, ""46"": -0.015333588486819144, ""47"": -0.02918035649230973, ""48"": 0.09635721383137302}",[],"{""24"": 20.822435310000298, ""48"": 52.468117478621004}","{""24"": 0.4698331133319491, ""48"": 0.20700138486649192}",13765.549072082942,15260.974676099097,21.03094516563832,24,1.0,False,,,,,,False
Germany,2024-01-08,Monday / cold season,2024-01-07T18:00:00+01:00,2024-01-07T17:00:00+00:00,2024-01-07T17:00:00+00:00,24,weekly_differenced,weekly_differenced_arima_p2_d0_q2,,2,0,2,c,weekly_difference,False,,completed,,success,converged,True,True,True,True,True,354,6,-1501.5021033657265,3015.004206731453,3015.246281659407,3038.2199882102555,1.0687465111253942,3.454683578690481,"[""DeprecationWarning: Setting the shape on a NumPy array has been deprecated in NumPy 2.5.\nAs an alternative, you can create a new view using np.reshape (with copy=False if needed).""]",[],0,186,False,,"{""1"": -0.012566046117123723, ""2"": 0.03744662317054992, ""3"": -0.004614569357416047, ""4"": -0.09667157890710944, ""5"": 0.046606810959524174, ""6"": 0.05597845080950637, ""7"": 0.09840758579686175, ""8"": -0.04066522653541241, ""9"": -0.13820760739861132, ""10"": -0.0011331660988224742, ""11"": 0.014597831391523127, ""12"": 0.04231317098279036, ""13"": 0.052541300580047634, ""14"": -0.05003881838809131, ""15"": -0.1033219272407875, ""16"": -0.05882453830548282, ""17"": 0.008925101023547006, ""18"": 0.061498248537665966, ""19"": 0.03002791726888957, ""20"": 0.041225817172260745, ""21"": -0.00790672905952961, ""22"": -0.05323368040673602, ""23"": 0.052408407873285955, ""24"": 0.13931719225639352, ""25"": 0.06484166064321004, ""26"": 0.043511584075078755, ""27"": 0.01974701590662811, ""28"": -0.002776258991634695, ""29"": -0.019488901527597302, ""30"": 0.1075725836835594, ""31"": 0.023213904414151165, ""32"": 0.04586959942825713, ""33"": -0.11741550611457545, ""34"": -0.11170904646637075, ""35"": 0.010074881274031569, ""36"": -0.01371989191039595, ""37"": 0.1446598190916993, ""38"": -0.052883594920987896, ""39"": -0.1309343953629318, ""40"": 0.05923452386169855, ""41"": -0.09929633192652602, ""42"": 0.10737443086383286, ""43"": 0.06441190699437073, ""44"": -0.004863390191535186, ""45"": -0.06526410250473114, ""46"": -0.012052776586964532, ""47"": -0.030167711413605944, ""48"": 0.09325893369493414}",[],"{""24"": 20.225880581348783, ""48"": 51.22071312177433}","{""24"": 0.44388190847985837, ""48"": 0.21143043215299787}",13725.250208943246,15221.20662823362,20.967491905883115,24,1.0,False,,,,,,False
Germany,2024-01-08,Monday / cold season,2024-01-07T18:00:00+01:00,2024-01-07T17:00:00+00:00,2024-01-07T17:00:00+00:00,24,weekly_differenced,weekly_differenced_arima_p3_d0_q1,,3,0,1,c,weekly_difference,False,,completed,,success,converged,True,True,True,True,True,354,6,-1501.6975896217753,3015.3951792435505,3015.6372541715045,3038.610960722353,1.080003687616901,1.3224857322415366,"[""DeprecationWarning: Setting the shape on a NumPy array has been deprecated in NumPy 2.5.\nAs an alternative, you can create a new view using np.reshape (with copy=False if needed).""]",[],0,186,False,,"{""1"": -0.005079310168491604, ""2"": 0.06015037574375799, ""3"": -0.05733133194123893, ""4"": -0.08701398775296927, ""5"": 0.03766565126834399, ""6"": 0.07002484027769193, ""7"": 0.09959481050958677, ""8"": -0.036197460145686935, ""9"": -0.13832841986120473, ""10"": -0.003969920118380992, ""11"": 0.02133148296789218, ""12"": 0.05969717059576422, ""13"": 0.05694751910235101, ""14"": -0.04954653972165205, ""15"": -0.10494446425516629, ""16"": -0.05945786817254404, ""17"": 0.01474658507927862, ""18"": 0.06747755312749151, ""19"": 0.040277748791423394, ""20"": 0.036906927680613315, ""21"": -0.01663060079470165, ""22"": -0.05332166040862576, ""23"": 0.05055783900885122, ""24"": 0.1420866814491794, ""25"": 0.0718427694396124, ""26"": 0.043372321137511834, ""27"": 0.014301799212014873, ""28"": -0.005158866580642996, ""29"": -0.015739069866007777, ""30"": 0.11176903800991997, ""31"": 0.026732660516604723, ""32"": 0.04523011844139935, ""33"": -0.12430403296862924, ""34"": -0.11561703073592904, ""35"": 0.00884352374545277, ""36"": 0.003172715207084684, ""37"": 0.14305046913344047, ""38"": -0.04458445246851313, ""39"": -0.1302699057265075, ""40"": 0.04830369363997945, ""41"": -0.09554902710993801, ""42"": 0.1230051765759681, ""43"": 0.05451432482469615, ""44"": 0.008635716576021125, ""45"": -0.07975933395540082, ""46"": -0.016676682124092596, ""47"": -0.033773421770399645, ""48"": 0.10495360598693018}",[],"{""24"": 22.1116983931262, ""48"": 55.01680447342708}","{""24"": 0.3344804812807631, ""48"": 0.1233567613872827}",13809.89356407044,15309.09635514468,21.0975151485358,24,1.0,False,,,,,,False
Germany,2024-01-27,Saturday / cold season,2024-01-26T18:00:00+01:00,2024-01-26T17:00:00+00:00,2024-01-26T17:00:00+00:00,24,weekly_differenced,weekly_differenced_arima_p1_d0_q1,,1,0,1,c,weekly_difference,False,,completed,,success,converged,True,True,True,True,True,810,4,-5158.42048725192,10324.84097450384,10324.890663944834,10343.629111494509,1.0170466892002614,2.183879837297608,"[""DeprecationWarning: Setting the shape on a NumPy array has been deprecated in NumPy 2.5.\nAs an alternative, you can create a new view using np.reshape (with copy=False if needed).""]",[],0,642,True,joint Ljung-Box and residual ACF rule,"{""1"": 0.09437763691989258, ""2"": 0.21560519621258134, ""3"": -0.04047026622379089, ""4"": -0.04054709321479457, ""5"": -0.0432912129591541, ""6"": 0.025160986927339053, ""7"": 0.006572231762696299, ""8"": -0.04987051373243044, ""9"": -0.07441084370916193, ""10"": -0.011929477150455751, ""11"": -0.007345324862714286, ""12"": 0.021739476200890097, ""13"": -0.01603954731949991, ""14"": -0.07027866981152546, ""15"": -0.10432337176662382, ""16"": -0.050599432140657596, ""17"": -0.07948718241684559, ""18"": 0.05554355565640998, ""19"": -0.03177115722844327, ""20"": -0.013826076892528944, ""21"": -0.006931150728123958, ""22"": -0.007618178426580352, ""23"": 0.07735189694969499, ""24"": 0.14300837655017107, ""25"": 0.017512418427179547, ""26"": 0.05674411234185969, ""27"": -0.03981855321518736, ""28"": -0.0340906496401102, ""29"": -0.03484039701778832, ""30"": 0.030431979418797845, ""31"": -0.028632061577224366, ""32"": -0.0015867566629825076, ""33"": -0.05708185541741694, ""34"": -0.07649189484198353, ""35"": -0.0007644087075398431, ""36"": 0.017933455447180224, ""37"": 0.031693198488638205, ""38"": -0.03833673283238629, ""39"": -0.05313830347461733, ""40"": 0.027316756796483387, ""41"": -0.027714842995017957, ""42"": 0.10560339591268142, ""43"": 0.011061975811505672, ""44"": 0.00287799360284507, ""45"": 0.0010044464596957975, ""46"": -0.0035878295290772363, ""47"": 0.04317611289014595, ""48"": 0.1033997616753402}","[2, 15, 24, 42, 48]","{""24"": 82.29193378452511, ""48"": 116.1094971076587}","{""24"": 6.773989369732057e-09, ""48"": 5.507464453139372e-08}",2682.712505284274,3085.1136861011914,4.960869937325513,24,1.0,False,,,,,,False
Germany,2024-01-27,Saturday / cold season,2024-01-26T18:00:00+01:00,2024-01-26T17:00:00+00:00,2024-01-26T17:00:00+00:00,24,weekly_differenced,weekly_differenced_arima_p2_d0_q0,,2,0,0,c,weekly_difference,False,,completed,,success,converged,True,True,True,True,True,810,4,-5138.269277503056,10284.538555006113,10284.588244447104,10303.326691996775,1.0372533414228255,inf,"[""DeprecationWarning: Setting the shape on a NumPy array has been deprecated in NumPy 2.5.\nAs an alternative, you can create a new view using np.reshape (with copy=False if needed).""]",[],0,642,True,joint Ljung-Box and residual ACF rule,"{""1"": 0.020544048206829004, ""2"": 0.02014667218239008, ""3"": -0.057458008704373696, ""4"": -0.09070555762793013, ""5"": -0.02347285969946092, ""6"": 0.0696972575387647, ""7"": 0.05008835628955665, ""8"": -0.042367126833531, ""9"": -0.06849446913106907, ""10"": 0.00887535488100206, ""11"": 0.025708592855750924, ""12"": 0.05679555600238101, ""13"": 0.023738169319870623, ""14"": -0.05350099794216041, ""15"": -0.07666390608724027, ""16"": -0.034319423092441424, ""17"": -0.04491994670297067, ""18"": 0.10141253432976907, ""19"": -0.004859829820248669, ""20"": -0.014870423619696347, ""21"": -0.011344259112908265, ""22"": -0.04039024848646304, ""23"": 0.07883283424762244, ""24"": 0.14634935716266728, ""25"": 0.0072456470653043436, ""26"": 0.047106240986890625, ""27"": -0.036798229173839445, ""28"": -0.04297989742942547, ""29"": -0.009578269729994024, ""30"": 0.06313367404374581, ""31"": -0.0001495791333660332, ""32"": 0.022310405048860883, ""33"": -0.04590957230317755, ""34"": -0.08482101143959823, ""35"": 0.013138244944575205, ""36"": 0.053613947932896436, ""37"": 0.0562985082729499, ""38"": -0.04492890900716869, ""39"": -0.05678098608654497, ""40"": 0.026681843851644817, ""41"": -0.023130811912839756, ""42"": 0.1178124510237694, ""43"": 0.020640122238126193, ""44"": -0.017402586521383285, ""45"": -0.008426342784869829, ""46"": -0.027267923182404247, ""47"": 0.02754813153478332, ""48"": 0.11007493471267854}","[24, 42, 48]","{""24"": 54.86110901941314, ""48"": 96.24283107740159}","{""24"": 0.00012428684662016656, ""48"": 2.0649247227586234e-05}",4455.180723661661,4794.495018570407,8.278756627683482,24,1.0,False,,,,,,False
Germany,2024-01-27,Saturday / cold season,2024-01-26T18:00:00+01:00,2024-01-26T17:00:00+00:00,2024-01-26T17:00:00+00:00,24,weekly_differenced,weekly_differenced_arima_p2_d0_q1,,2,0,1,c,weekly_difference,False,,completed,,success,converged,True,True,True,True,True,810,5,-5137.564678344627,10285.129356689256,10285.203983554926,10308.614527927586,1.0340347013761266,12.93692364625666,"[""DeprecationWarning: Setting the shape on a NumPy array has been deprecated in NumPy 2.5.\nAs an alternative, you can create a new view using np.reshape (with copy=False if needed).""]",[],0,642,True,joint Ljung-Box and residual ACF rule,"{""1"": -0.0026766441658178366, ""2"": 0.045586914551245535, ""3"": -0.04506017219891442, ""4"": -0.08084136001157965, ""5"": -0.02308239752570321, ""6"": 0.06373779257876573, ""7"": 0.04475525412576868, ""8"": -0.0423211516788066, ""9"": -0.06658103323048324, ""10"": 0.00872154673503174, ""11"": 0.01909563642295258, ""12"": 0.05024321998592761, ""13"": 0.019295480871442068, ""14"": -0.05366546619386681, ""15"": -0.0754178643336426, ""16"": -0.031993387426611154, ""17"": -0.05227856141404062, ""18"": 0.09751138932538664, ""19"": -0.010438176891249935, ""20"": -0.0133966813887864, ""21"": -0.006221318093731046, ""22"": -0.03889338317527967, ""23"": 0.0757081985848718, ""24"": 0.14255391396145586, ""25"": 0.0012340095628790321, ""26"": 0.05090053981703306, ""27"": -0.03531679959040603, ""28"": -0.040321595116485046, ""29"": -0.011517525734193665, ""30"": 0.05940045474735, ""31"": -0.005587685676811539, ""32"": 0.021734174890523324, ""33"": -0.04381760357574869, ""34"": -0.08251279469579073, ""35"": 0.012202784657537838, ""36"": 0.04612969530066791, ""37"": 0.052944473498860105, ""38"": -0.04411401272943317, ""39"": -0.05425854018238274, ""40"": 0.02992925851628192, ""41"": -0.028766021329746403, ""42"": 0.11635370421098466, ""43"": 0.016684444865377714, ""44"": -0.014734627473198866, ""45"": -0.0037297285235061307, ""46"": -0.024199273670726454, ""47"": 0.027229155531579768, ""48"": 0.10522084479288808}","[24, 42, 48]","{""24"": 50.521096721452835, ""48"": 89.25436154199936}","{""24"": 0.0003085735966235931, ""48"": 9.51672134312096e-05}",4264.449890473658,4605.572999827884,7.922241703794558,24,1.0,False,,,,,,False
Germany,2024-01-27,Saturday / cold season,2024-01-26T18:00:00+01:00,2024-01-26T17:00:00+00:00,2024-01-26T17:00:00+00:00,24,weekly_differenced,weekly_differenced_arima_p2_d0_q2,,2,0,2,c,weekly_difference,False,,completed,,success,converged,True,True,True,True,True,810,6,-5136.004223453883,10284.008446907766,10284.113054628811,10312.190652393763,1.0319566345086175,2.924839542308525,"[""DeprecationWarning: Setting the shape on a NumPy array has been deprecated in NumPy 2.5.\nAs an alternative, you can create a new view using np.reshape (with copy=False if needed).""]",[],0,642,True,joint Ljung-Box and residual ACF rule,"{""1"": -0.0020408046389655907, ""2"": 0.011038154469986877, ""3"": -0.0008302591974344822, ""4"": -0.0749883656741679, ""5"": -0.024237259641258335, ""6"": 0.06681402649854923, ""7"": 0.044318372331716434, ""8"": -0.04727165967619847, ""9"": -0.06660380847484937, ""10"": 0.009413682354959563, ""11"": 0.01553655785894725, ""12"": 0.04374967151669564, ""13"": 0.017897457506599473, ""14"": -0.056050285840554465, ""15"": -0.06978195250646706, ""16"": -0.035902241762539394, ""17"": -0.05388921118026209, ""18"": 0.09498464473588396, ""19"": -0.012586910339847017, ""20"": -0.014041983623149082, ""21"": -0.0004294906334148586, ""22"": -0.043910234581775204, ""23"": 0.07616470623310656, ""24"": 0.13920603044517219, ""25"": -0.00413799535637633, ""26"": 0.04964278398167307, ""27"": -0.028129114582580272, ""28"": -0.04409438089353657, ""29"": -0.008735565457914827, ""30"": 0.05709154876387071, ""31"": -0.009855219527272127, ""32"": 0.022266079437164958, ""33"": -0.03969207715938466, ""34"": -0.08566557709753514, ""35"": 0.00887306301982431, ""36"": 0.04794725198723454, ""37"": 0.050869556153747504, ""38"": -0.047937425236315695, ""39"": -0.050290291448836594, ""40"": 0.030207503706807512, ""41"": -0.030425929391073966, ""42"": 0.1122860201061342, ""43"": 0.018654695257155424, ""44"": -0.01756892045793644, ""45"": 0.0031553912961434522, ""46"": -0.0224269861984933, ""47"": 0.023093437100433926, ""48"": 0.10353001710009935}","[24, 42, 48]","{""24"": 46.71614410420322, ""48"": 84.227614955198}","{""24"": 0.000642200177710328, ""48"": 0.0002496984553699285}",4268.895098555869,4592.691457170196,7.934333596612079,24,1.0,False,,,,,,False
Germany,2024-01-27,Saturday / cold season,2024-01-26T18:00:00+01:00,2024-01-26T17:00:00+00:00,2024-01-26T17:00:00+00:00,24,weekly_differenced,weekly_differenced_arima_p3_d0_q1,,3,0,1,c,weekly_difference,False,,failed,AR roots fail stationarity threshold,success,converged,True,True,True,False,True,810,6,-5135.171965389713,10282.343930779425,10282.448538500472,10310.526136265424,1.0093564972575118,1.0738217139776085,"[""DeprecationWarning: Setting the shape on a NumPy array has been deprecated in NumPy 2.5.\nAs an alternative, you can create a new view using np.reshape (with copy=False if needed).""]",[],0,642,True,joint Ljung-Box and residual ACF rule,"{""1"": 0.003112916677221649, ""2"": 0.02935870088183, ""3"": -0.035641136172512716, ""4"": -0.06543238848888001, ""5"": -0.0007222714659168706, ""6"": 0.08876720581514241, ""7"": 0.06554949198487825, ""8"": -0.02980344821108013, ""9"": -0.058297219374549826, ""10"": 0.015706669016294784, ""11"": 0.026652932161509157, ""12"": 0.05620962802558558, ""13"": 0.02346815338771571, ""14"": -0.05269823371847849, ""15"": -0.07543510038983398, ""16"": -0.03447916819427137, ""17"": -0.05128960733445749, ""18"": 0.09621543314644473, ""19"": -0.013482514428128724, ""20"": -0.02235346041588662, ""21"": -0.019041302037601977, ""22"": -0.05335399652348294, ""23"": 0.06337287411083767, ""24"": 0.1300172908672206, ""25"": -0.010625858025784236, ""26"": 0.03669644737823501, ""27"": -0.04569565714205892, ""28"": -0.0504470753741563, ""29"": -0.017740038526342136, ""30"": 0.05562867777434146, ""31"": -0.008838093543482433, ""32"": 0.01692534663996388, ""33"": -0.05072099039379992, ""34"": -0.09102221507861402, ""35"": 0.0059188869203525615, ""36"": 0.04375671153826463, ""37"": 0.04749187230324111, ""38"": -0.053318188397777695, ""39"": -0.06399343277560657, ""40"": 0.019932592677397373, ""41"": -0.034938952321783526, ""42"": 0.10891467850621277, ""43"": 0.010299030997526444, ""44"": -0.025054762296504527, ""45"": -0.014067691740298763, ""46"": -0.03557432569279995, ""47"": 0.0161908935752872, ""48"": 0.09748883627672335}","[24, 42]","{""24"": 48.76514001899278, ""48"": 88.02408134305387}","{""24"": 0.0003319122278694572, ""48"": 9.106018631741581e-05}",,,,0,0.0,False,,,,,,False
Germany,2024-02-15,ordinary weekday,2024-02-14T18:00:00+01:00,2024-02-14T17:00:00+00:00,2024-02-14T17:00:00+00:00,24,weekly_differenced,weekly_differenced_arima_p1_d0_q1,,1,0,1,c,weekly_difference,False,,completed,,success,converged,True,True,True,True,True,1266,4,-8785.506272689465,17579.01254537893,17579.044266235393,17599.587015789744,1.0173462082500937,2.4711715854405445,"[""DeprecationWarning: Setting the shape on a NumPy array has been deprecated in NumPy 2.5.\nAs an alternative, you can create a new view using np.reshape (with copy=False if needed).""]",[],0,1098,True,joint Ljung-Box and residual ACF rule,"{""1"": 0.06623839674393502, ""2"": 0.1670483538380143, ""3"": -0.021894385774477533, ""4"": -0.04318892856527796, ""5"": -0.07960005281097894, ""6"": -0.010024099459155186, ""7"": -0.004093142212905371, ""8"": -0.0555455100220707, ""9"": -0.04492986179460609, ""10"": -0.02294923962344961, ""11"": -0.0021151220504897826, ""12"": 0.022854090003920455, ""13"": -0.00816702061996784, ""14"": -0.04690099368003518, ""15"": -0.07545756066994032, ""16"": -0.02421648227878337, ""17"": -0.06804025721199533, ""18"": -9.91127515585954e-05, ""19"": -0.037644306724937536, ""20"": -0.040754822107397067, ""21"": 0.017542188942861768, ""22"": -0.00812524825811713, ""23"": 0.09059448981706746, ""24"": 0.15485374512905276, ""25"": 0.05148314736192797, ""26"": 0.04539339771336424, ""27"": -0.02224314758294773, ""28"": -0.025022359381101172, ""29"": -0.05912967034330457, ""30"": 0.01677216046814891, ""31"": -0.029884722441392536, ""32"": -0.006004376021477534, ""33"": -0.015952181051719347, ""34"": -0.08089702783190275, ""35"": 0.0031676443438272083, ""36"": 0.03521333137117584, ""37"": 0.011085330820033459, ""38"": -0.025023150558279902, ""39"": -0.01994749519838613, ""40"": 0.023632684213182507, ""41"": -0.02415178314060073, ""42"": 0.08807871774467982, ""43"": -0.017459294671112326, ""44"": -0.008774719142993914, ""45"": -0.007413095409804378, ""46"": 0.01791019442365398, ""47"": 0.016598610687444806, ""48"": 0.13932418892272555}","[2, 5, 23, 24, 34, 42, 48]","{""24"": 106.88699849294211, ""48"": 162.9139305154902}","{""24"": 3.9515071366500725e-13, ""48"": 5.5910030213705e-15}",1199.0299182174715,1352.38522368458,2.0248561906625406,24,1.0,False,,,,,,False
Germany,2024-02-15,ordinary weekday,2024-02-14T18:00:00+01:00,2024-02-14T17:00:00+00:00,2024-02-14T17:00:00+00:00,24,weekly_differenced,weekly_differenced_arima_p2_d0_q0,,2,0,0,c,weekly_difference,False,,completed,,success,converged,True,True,True,True,True,1266,4,-8767.364343990526,17542.728687981053,17542.760408837516,17563.303158391867,1.0293325202629502,inf,"[""DeprecationWarning: Setting the shape on a NumPy array has been deprecated in NumPy 2.5.\nAs an alternative, you can create a new view using np.reshape (with copy=False if needed).""]",[],0,1098,True,joint Ljung-Box and residual ACF rule,"{""1"": 0.011572089686811038, ""2"": 0.003721972883767313, ""3"": -0.017620512336621298, ""4"": -0.06264193859520642, ""5"": -0.0676949448879003, ""6"": 0.021754574997239352, ""7"": 0.03052757435749342, ""8"": -0.042074411522593384, ""9"": -0.035158811665860414, ""10"": -0.008820635775571052, ""11"": 0.01540902332444012, ""12"": 0.045402838332328, ""13"": 0.014436429837236, ""14"": -0.038447746882629766, ""15"": -0.0561122160141175, ""16"": -0.0038976234986560173, ""17"": -0.04289787721801173, ""18"": 0.02629195753640202, ""19"": -0.020531090092370256, ""20"": -0.03331439724808722, ""21"": 0.017112204994395988, ""22"": -0.029884304216836556, ""23"": 0.08106573144045837, ""24"": 0.15583015377915765, ""25"": 0.03906168103575997, ""26"": 0.029126999600408026, ""27"": -0.017679348975489985, ""28"": -0.026463749745477147, ""29"": -0.04525814964563731, ""30"": 0.03746431634692273, ""31"": -0.010802561424620985, ""32"": 0.014196561986464821, ""33"": -0.0022286099604779384, ""34"": -0.08670378440884047, ""35"": 0.011348769774115855, ""36"": 0.062438943505493234, ""37"": 0.01960789767493171, ""38"": -0.031394277354365306, ""39"": -0.014053856007504138, ""40"": 0.02135569120740376, ""41"": -0.018533672047035966, ""42"": 0.09856077797599941, ""43"": -0.010064474208000725, ""44"": -0.02253779519980838, ""45"": -0.002767961312571144, ""46"": -0.0005870721170017317, ""47"": 0.005899768770132619, ""48"": 0.1466991685457103}","[23, 24, 34, 42, 48]","{""24"": 63.40629814804441, ""48"": 123.91588952677355}","{""24"": 6.905691246301281e-06, ""48"": 4.490842629700858e-09}",1498.6410771909589,1712.074742892259,2.525545375196502,24,1.0,False,,,,,,False
Germany,2024-02-15,ordinary weekday,2024-02-14T18:00:00+01:00,2024-02-14T17:00:00+00:00,2024-02-14T17:00:00+00:00,24,weekly_differenced,weekly_differenced_arima_p2_d0_q1,,2,0,1,c,weekly_difference,False,,completed,,success,converged,True,True,True,True,True,1266,5,-8766.947303088287,17543.894606176575,17543.942225224193,17569.612694190095,1.0277166650944156,17.980816515568605,"[""DeprecationWarning: Setting the shape on a NumPy array has been deprecated in NumPy 2.5.\nAs an alternative, you can create a new view using np.reshape (with copy=False if needed).""]",[],0,1098,True,joint Ljung-Box and residual ACF rule,"{""1"": -0.000876351145554002, ""2"": 0.021663931116134218, ""3"": -0.011196476059741903, ""4"": -0.05864335222028349, ""5"": -0.06732808052498682, ""6"": 0.018990332051679923, ""7"": 0.027175682435130334, ""8"": -0.043668455710140934, ""9"": -0.03477733880134538, ""10"": -0.009768186624478457, ""11"": 0.012456980809033956, ""12"": 0.04199870132240875, ""13"": 0.011866293854391391, ""14"": -0.03870300566876043, ""15"": -0.05701286221112864, ""16"": -0.0042574642325702355, ""17"": -0.04653956627828538, ""18"": 0.024578556628739548, ""19"": -0.022074049099659578, ""20"": -0.033715062273373266, ""21"": 0.019610114380246967, ""22"": -0.02922134821531494, ""23"": 0.07989944399424805, ""24"": 0.1534854935989244, ""25"": 0.03673772908117595, ""26"": 0.031017811133201782, ""27"": -0.017043481429762253, ""28"": -0.0248703626368178, ""29"": -0.04648003385942361, ""30"": 0.036407196374301364, ""31"": -0.013990971072587993, ""32"": 0.012254025314219074, ""33"": -0.0016861410651107444, ""34"": -0.08622339769109583, ""35"": 0.010839372500379241, ""36"": 0.05878327488646162, ""37"": 0.01786971887744727, ""38"": -0.030779367015698843, ""39"": -0.01360049647432001, ""40"": 0.022265032998620225, ""41"": -0.02149879920797022, ""42"": 0.09802091518039575, ""43"": -0.011907822057132965, ""44"": -0.02065134632399855, ""45"": -0.0013469841507583894, ""46"": 0.0017162270645898635, ""47"": 0.004350032311563161, ""48"": 0.14492137649624237}","[23, 24, 34, 42, 48]","{""24"": 61.81378302718508, ""48"": 120.85425036007675}","{""24"": 6.761754081285434e-06, ""48"": 7.269722619757975e-09}",1456.6023250069677,1671.4069455925162,2.455000608360016,24,1.0,False,,,,,,False
Germany,2024-02-15,ordinary weekday,2024-02-14T18:00:00+01:00,2024-02-14T17:00:00+00:00,2024-02-14T17:00:00+00:00,24,weekly_differenced,weekly_differenced_arima_p2_d0_q2,,2,0,2,c,weekly_difference,False,,completed,,success,converged,True,True,True,True,True,1266,6,-8766.401426627986,17544.802853255973,17544.86957287472,17575.6645588722,1.0268939592998394,4.2202808742262965,"[""DeprecationWarning: Setting the shape on a NumPy array has been deprecated in NumPy 2.5.\nAs an alternative, you can create a new view using np.reshape (with copy=False if needed).""]",[],0,1098,True,joint Ljung-Box and residual ACF rule,"{""1"": -0.0005492673644105949, ""2"": 0.006038237950370227, ""3"": 0.008518266094123851, ""4"": -0.05488617593250041, ""5"": -0.06792014735228476, ""6"": 0.019879432625616922, ""7"": 0.02700771149928843, ""8"": -0.04558780630964151, ""9"": -0.035452271688242346, ""10"": -0.010056668018545581, ""11"": 0.01047010086995091, ""12"": 0.04019398457714538, ""13"": 0.011234627190893517, ""14"": -0.04065977638786965, ""15"": -0.0561701153583391, ""16"": -0.0051281603990048635, ""17"": -0.047310561452261535, ""18"": 0.02376320595967044, ""19"": -0.022675642870678143, ""20"": -0.03278343100757711, ""21"": 0.021416280759300504, ""22"": -0.030890797825954452, ""23"": 0.07854420840248295, ""24"": 0.15301751355977972, ""25"": 0.0346064156414344, ""26"": 0.029407281718762574, ""27"": -0.013774236131779508, ""28"": -0.025194054975932186, ""29"": -0.04571686873131447, ""30"": 0.035816448479726606, ""31"": -0.01569966770185437, ""32"": 0.012085719590996115, ""33"": -0.0005681985211775571, ""34"": -0.08798083003965126, ""35"": 0.009594323005167311, ""36"": 0.06018402332756886, ""37"": 0.016190988724262414, ""38"": -0.032548689500735487, ""39"": -0.011353678142531572, ""40"": 0.021121766089593156, ""41"": -0.02228273399750742, ""42"": 0.09736696260564004, ""43"": -0.011212272616221906, ""44"": -0.02209454353283045, ""45"": 0.00304143226677224, ""46"": 0.0006250972100064493, ""47"": 0.0026835831390892035, ""48"": 0.1451464963559247}","[23, 24, 34, 42, 48]","{""24"": 60.80709134345448, ""48"": 119.85635892231203}","{""24"": 5.337810184490073e-06, ""48"": 5.987337341966249e-09}",1436.3752015211303,1652.0772193160994,2.421228729270166,24,1.0,False,,,,,,False
Germany,2024-02-15,ordinary weekday,2024-02-14T18:00:00+01:00,2024-02-14T17:00:00+00:00,2024-02-14T17:00:00+00:00,24,weekly_differenced,weekly_differenced_arima_p3_d0_q1,,3,0,1,c,weekly_difference,False,,completed,,success,converged,True,True,True,True,True,1266,6,-8767.227182873741,17546.454365747482,17546.52108536623,17577.316071363708,1.029156353549347,2.05239762041198,"[""DeprecationWarning: Setting the shape on a NumPy array has been deprecated in NumPy 2.5.\nAs an alternative, you can create a new view using np.reshape (with copy=False if needed).""]",[],0,1098,True,joint Ljung-Box and residual ACF rule,"{""1"": 0.005460667339647367, ""2"": 0.017032621126991714, ""3"": -0.019864151534125928, ""4"": -0.05885438056258619, ""5"": -0.06796630849181819, ""6"": 0.02110076425619602, ""7"": 0.0290790635635042, ""8"": -0.04189576243122595, ""9"": -0.03464976529530769, ""10"": -0.008837129027180885, ""11"": 0.014689396102080353, ""12"": 0.04449191167996642, ""13"": 0.013467646059855507, ""14"": -0.03768290207078829, ""15"": -0.05647685639970962, ""16"": -0.003590559096145577, ""17"": -0.04403168637403883, ""18"": 0.025806888839857288, ""19"": -0.020845386085029137, ""20"": -0.03308377024541063, ""21"": 0.017942635774676283, ""22"": -0.028653658277381422, ""23"": 0.08091382151130674, ""24"": 0.15497220514900956, ""25"": 0.03867887353498788, ""26"": 0.03067948580003587, ""27"": -0.017851434148026788, ""28"": -0.02507691619680511, ""29"": -0.04572836056846714, ""30"": 0.037272686428506105, ""31"": -0.011669200900054516, ""32"": 0.013683525781384173, ""33"": -0.0021080738700410247, ""34"": -0.08565646009163848, ""35"": 0.011518997943665824, ""36"": 0.060704975590758076, ""37"": 0.01931652378290147, ""38"": -0.030345544002203184, ""39"": -0.014188555182342782, ""40"": 0.022389477414822247, ""41"": -0.01953494534387058, ""42"": 0.09868988672927094, ""43"": -0.011022574024316362, ""44"": -0.020618673905087717, ""45"": -0.003061494266369751, ""46"": 0.001254929651972907, ""47"": 0.005694163937209179, ""48"": 0.14598108983717306}","[23, 24, 34, 42, 48]","{""24"": 62.575878328790886, ""48"": 122.40591234220852}","{""24"": 2.8233539207336378e-06, ""48"": 2.576623935585115e-09}",1501.7397518971331,1714.7737370735997,2.531574074482432,24,1.0,False,,,,,,False
Germany,2024-03-31,spring-DST Sunday,2024-03-30T18:00:00+01:00,2024-03-30T17:00:00+00:00,2024-03-30T17:00:00+00:00,23,weekly_differenced,weekly_differenced_arima_p1_d0_q1,,1,0,1,c,weekly_difference,False,,completed,,success,converged,True,True,True,True,True,2346,4,-17269.458449692418,34546.91689938484,34546.93398609992,34569.95876750169,1.022719856885753,2.590400997842635,"[""DeprecationWarning: Setting the shape on a NumPy array has been deprecated in NumPy 2.5.\nAs an alternative, you can create a new view using np.reshape (with copy=False if needed).""]",[],0,2178,True,joint Ljung-Box and residual ACF rule,"{""1"": 0.04892019256965607, ""2"": 0.11056317506185276, ""3"": -0.04229752223303671, ""4"": 0.005638941523398145, ""5"": -0.0639613854231781, ""6"": -0.03803838834843587, ""7"": -0.031402413140028354, ""8"": -0.0317541539981204, ""9"": -0.029741845989665915, ""10"": -0.01585705149648954, ""11"": 0.005561282783206761, ""12"": 0.047900103680587267, ""13"": -0.0035620953324848954, ""14"": -0.030204448825896398, ""15"": -0.07896169982776846, ""16"": -0.009514342356588355, ""17"": -0.05702105775043665, ""18"": -0.011366133415795884, ""19"": -0.04340284830994905, ""20"": 0.02875231191189127, ""21"": -0.00614255320098783, ""22"": 0.008376940909330752, ""23"": 0.04646207280800341, ""24"": 0.14027737131806678, ""25"": 0.006424415074764016, ""26"": 0.011603513440947202, ""27"": -0.026395413764545527, ""28"": -0.00634062255322254, ""29"": -0.028620800763022664, ""30"": 0.005711003545931063, ""31"": -0.0020734416629237004, ""32"": 0.019757946782175448, ""33"": -0.014545193351656565, ""34"": -0.035775304322070024, ""35"": -0.021818836161910708, ""36"": 0.024552426651062036, ""37"": 0.004256310807038964, ""38"": -0.014821146021261484, ""39"": -0.016879618848847443, ""40"": 0.021560245577292355, ""41"": -0.016512891702092827, ""42"": 0.04332297723297949, ""43"": -0.0028180371364521267, ""44"": 0.012709612860197013, ""45"": -0.011774386759508251, ""46"": 0.007991796615146722, ""47"": 0.014919357218730726, ""48"": 0.09869545043377558}","[2, 5, 15, 17, 24, 48]","{""24"": 137.59074228365859, ""48"": 178.06187698657595}","{""24"": 1.0124825011652969e-18, ""48"": 1.9711151127639578e-17}",8535.392811308635,8970.189067903208,22.71363284090141,23,1.0,False,,,,,,False
Germany,2024-03-31,spring-DST Sunday,2024-03-30T18:00:00+01:00,2024-03-30T17:00:00+00:00,2024-03-30T17:00:00+00:00,23,weekly_differenced,weekly_differenced_arima_p2_d0_q0,,2,0,0,c,weekly_difference,False,,completed,,success,converged,True,True,True,True,True,2346,4,-17255.481841277753,34518.963682555506,34518.98076927059,34542.00555067236,1.0342575219778984,inf,"[""DeprecationWarning: Setting the shape on a NumPy array has been deprecated in NumPy 2.5.\nAs an alternative, you can create a new view using np.reshape (with copy=False if needed).""]",[],0,2178,True,joint Ljung-Box and residual ACF rule,"{""1"": 0.024656473369869987, ""2"": -0.040186318139663994, ""3"": -0.03588279389107183, ""4"": 0.005234509914730162, ""5"": -0.04486487178325415, ""6"": -0.02374659878790191, ""7"": -0.007117115824003426, ""8"": -0.014837941010162167, ""9"": -0.01832766506964866, ""10"": -0.011569191718603638, ""11"": 0.017350656993237953, ""12"": 0.06365594131923423, ""13"": 0.014496045443302465, ""14"": -0.028098735032050563, ""15"": -0.06401764715551478, ""16"": 0.007099380830169688, ""17"": -0.032071142172483004, ""18"": -0.004797336676399607, ""19"": -0.02830444025523864, ""20"": 0.03795321123492634, ""21"": -0.001730910924417821, ""22"": -0.0136055532959728, ""23"": 0.049224197117142765, ""24"": 0.14543937993322367, ""25"": 0.005419409270510289, ""26"": -0.002858335172372276, ""27"": -0.018295193521009587, ""28"": -0.0013149067725043038, ""29"": -0.01915985804530809, ""30"": 0.010514592578180085, ""31"": 0.009947743905052172, ""32"": 0.03148924596637725, ""33"": -0.005737588651131455, ""34"": -0.03730334939351399, ""35"": -0.015151094391464066, ""36"": 0.038724167662203574, ""37"": 0.013717617227742094, ""38"": -0.017873393354284624, ""39"": -0.011169371863823337, ""40"": 0.023575121512315462, ""41"": -0.011122566666446591, ""42"": 0.04449736648536315, ""43"": 0.0049659544666142185, ""44"": 0.010490255865956217, ""45"": -0.009466869923521134, ""46"": -0.004805537175727053, ""47"": 0.013478392931819431, ""48"": 0.10510741595478297}","[12, 15, 24, 48]","{""24"": 95.43515593733727, ""48"": 139.61117691674932}","{""24"": 4.0069673697011325e-11, ""48"": 2.2862056513439136e-11}",9238.481307214286,9638.200258312523,24.59706779356316,23,1.0,False,,,,,,False
Germany,2024-03-31,spring-DST Sunday,2024-03-30T18:00:00+01:00,2024-03-30T17:00:00+00:00,2024-03-30T17:00:00+00:00,23,weekly_differenced,weekly_differenced_arima_p2_d0_q1,,2,0,1,c,weekly_difference,False,,completed,,success,converged,True,True,True,True,True,2346,5,-17251.633860806167,34513.267721612334,34513.293362637974,34542.0700567584,1.0314567046152296,7.320167506596228,"[""DeprecationWarning: Setting the shape on a NumPy array has been deprecated in NumPy 2.5.\nAs an alternative, you can create a new view using np.reshape (with copy=False if needed).""]",[],0,2178,True,joint Ljung-Box and residual ACF rule,"{""1"": 0.0006018301775309848, ""2"": 0.00799242793951346, ""3"": -0.026143722978449056, ""4"": 0.00802847694927773, ""5"": -0.0476488070084217, ""6"": -0.025521425857496026, ""7"": -0.011738554076923242, ""8"": -0.018542124390241433, ""9"": -0.019272551827524076, ""10"": -0.01168983932283244, ""11"": 0.012810553850334618, ""12"": 0.0580754646690694, ""13"": 0.008915121533115683, ""14"": -0.026129376623160474, ""15"": -0.06624826076292376, ""16"": 0.00601199101003309, ""17"": -0.03875512410895983, ""18"": -0.0041575653060602, ""19"": -0.03281449450028037, ""20"": 0.03712776971133622, ""21"": -0.0013110525215403648, ""22"": -0.007736951845989421, ""23"": 0.0452738363015692, ""24"": 0.14274179286277033, ""25"": 0.0017968793361076239, ""26"": 0.0034107523978575164, ""27"": -0.018250481729168728, ""28"": -0.0007585233188065879, ""29"": -0.02106445758396291, ""30"": 0.010139801211767933, ""31"": 0.005844820420843982, ""32"": 0.028285102416997176, ""33"": -0.006681272874267014, ""34"": -0.03501530017065361, ""35"": -0.016414368342578593, ""36"": 0.03464775973386697, ""37"": 0.010771832910012859, ""38"": -0.016431897206423206, ""39"": -0.011521595424580673, ""40"": 0.02451239699880799, ""41"": -0.014307348335585047, ""42"": 0.045031698466108085, ""43"": 0.0019144320249546807, ""44"": 0.012188542524611386, ""45"": -0.008119345077930743, ""46"": 5.2264363718566075e-05, ""47"": 0.011470989754821258, ""48"": 0.10210313362376777}","[12, 15, 24, 48]","{""24"": 87.76594447975013, ""48"": 129.12575374349663}","{""24"": 3.9088482792760347e-10, ""48"": 4.671167640926664e-10}",9075.588930730082,9485.03222400383,24.160080825927192,23,1.0,False,,,,,,False
Germany,2024-03-31,spring-DST Sunday,2024-03-30T18:00:00+01:00,2024-03-30T17:00:00+00:00,2024-03-30T17:00:00+00:00,23,weekly_differenced,weekly_differenced_arima_p2_d0_q2,,2,0,2,c,weekly_difference,False,,completed,,success,converged,True,True,True,True,True,2346,6,-17250.76481049842,34513.52962099684,34513.56553378008,34548.092423172115,1.029393763608133,3.1912358079590826,"[""DeprecationWarning: Setting the shape on a NumPy array has been deprecated in NumPy 2.5.\nAs an alternative, you can create a new view using np.reshape (with copy=False if needed).""]",[],0,2178,True,joint Ljung-Box and residual ACF rule,"{""1"": -0.0007850332330062829, ""2"": 0.0038566241604986807, ""3"": 0.001002234464462513, ""4"": 0.004310760270791803, ""5"": -0.0495796431508402, ""6"": -0.027743348962185586, ""7"": -0.013641206985720987, ""8"": -0.02145927023519997, ""9"": -0.01993714832146946, ""10"": -0.013352707226732614, ""11"": 0.010028732088598865, ""12"": 0.05415356929160357, ""13"": 0.0073294994933763135, ""14"": -0.028485494614720625, ""15"": -0.06627234428872285, ""16"": 0.0037137561690288173, ""17"": -0.04001767817875077, ""18"": -0.007418179457443948, ""19"": -0.03434116168547715, ""20"": 0.03578416581702057, ""21"": 0.0014531686099720827, ""22"": -0.010205233786727589, ""23"": 0.04524972426452325, ""24"": 0.14112410950794818, ""25"": 0.0001808619264295476, ""26"": 0.0027979850680651054, ""27"": -0.01525971806313224, ""28"": -0.002104451580080922, ""29"": -0.021558979179507862, ""30"": 0.008322691827327065, ""31"": 0.003741673875743526, ""32"": 0.026028752050141046, ""33"": -0.006587236894644579, ""34"": -0.035755819315173645, ""35"": -0.01744860432530445, ""36"": 0.033072191153389906, ""37"": 0.009402518925579462, ""38"": -0.018243302028853593, ""39"": -0.010250132077937636, ""40"": 0.023764474581096092, ""41"": -0.01560035158409877, ""42"": 0.04360667444372918, ""43"": 0.0016330036981130605, ""44"": 0.010836983005041682, ""45"": -0.004961708070225728, ""46"": -0.00021062262085326397, ""47"": 0.010293926293419891, ""48"": 0.10104476620098958}","[15, 24, 48]","{""24"": 85.72007501627536, ""48"": 125.50473194396187}","{""24"": 4.1117504906408887e-10, ""48"": 9.140318776018744e-10}",8967.624333957336,9382.395317639512,23.870859260091105,23,1.0,False,,,,,,False
Germany,2024-03-31,spring-DST Sunday,2024-03-30T18:00:00+01:00,2024-03-30T17:00:00+00:00,2024-03-30T17:00:00+00:00,23,weekly_differenced,weekly_differenced_arima_p3_d0_q1,,3,0,1,c,weekly_difference,False,,failed,AR roots fail stationarity threshold,success,converged,True,True,True,False,True,2346,6,-17242.883774209695,34497.76754841939,34497.80346120263,34532.33035059467,1.0067963804844842,1.0520078321636386,"[""DeprecationWarning: Setting the shape on a NumPy array has been deprecated in NumPy 2.5.\nAs an alternative, you can create a new view using np.reshape (with copy=False if needed).""]",[],0,2178,True,joint Ljung-Box and residual ACF rule,"{""1"": 0.011536740171124155, ""2"": -0.024347852313958526, ""3"": -0.009731825121422535, ""4"": 0.033901269120521826, ""5"": -0.019484317138625234, ""6"": -0.001064147144925263, ""7"": 0.011738769741387819, ""8"": 0.00015970195646178108, ""9"": -0.006858005043749723, ""10"": -0.0045053490422156455, ""11"": 0.019764691360800633, ""12"": 0.06417583970461004, ""13"": 0.014277007509732466, ""14"": -0.026560655415903005, ""15"": -0.0630251886243228, ""16"": 0.008668016639255122, ""17"": -0.033730054477313275, ""18"": -0.006765348640392424, ""19"": -0.033213617404536454, ""20"": 0.03307876837415849, ""21"": -0.009250704952866297, ""22"": -0.023998334940625095, ""23"": 0.035320695609943754, ""24"": 0.13220897915854177, ""25"": -0.00857411172762126, ""26"": -0.01178832367197895, ""27"": -0.025760049862368684, ""28"": -0.008081797079386627, ""29"": -0.02731354899101592, ""30"": 0.0017647259604204866, ""31"": -0.00047493629275729526, ""32"": 0.021835518026057776, ""33"": -0.014831161300480896, ""34"": -0.046181695386712324, ""35"": -0.024907578020029433, ""36"": 0.028913066024381096, ""37"": 0.0038538487197055556, ""38"": -0.026792024114092303, ""39"": -0.019592574598378865, ""40"": 0.015594444165886002, ""41"": -0.021002729902600065, ""42"": 0.03621470290643225, ""43"": -0.003857288177857009, ""44"": 0.0034202015989948193, ""45"": -0.016553279504367323, ""46"": -0.012847396501794164, ""47"": 0.002024133679621134, ""48"": 0.09390280789040742}","[12, 15, 24, 48]","{""24"": 76.51330165553311, ""48"": 117.35391781630707}","{""24"": 1.521385243992443e-08, ""48"": 1.3578993304347042e-08}",,,,0,0.0,False,,,,,,False
Germany,2024-04-01,Easter Monday holiday,2024-03-31T18:00:00+02:00,2024-03-31T16:00:00+00:00,2024-03-31T16:00:00+00:00,24,weekly_differenced,weekly_differenced_arima_p1_d0_q1,,1,0,1,c,weekly_difference,False,,completed,,success,converged,True,True,True,True,True,2369,4,-17472.65918181718,34953.31836363436,34953.335284108136,34976.399256451,1.020064372375944,2.640942587018131,"[""DeprecationWarning: Setting the shape on a NumPy array has been deprecated in NumPy 2.5.\nAs an alternative, you can create a new view using np.reshape (with copy=False if needed).""]",[],0,2201,True,joint Ljung-Box and residual ACF rule,"{""1"": 0.04371431750949515, ""2"": 0.10462238999403839, ""3"": -0.029984574598578694, ""4"": 0.002228495781993276, ""5"": -0.06387886941488699, ""6"": -0.0339350493181614, ""7"": -0.03541349728434689, ""8"": -0.028610870318913677, ""9"": -0.023163326598683753, ""10"": -0.02392165941323013, ""11"": 0.011066009313523452, ""12"": 0.04627375582237806, ""13"": -0.0014959391042115402, ""14"": -0.030855127520884134, ""15"": -0.07678735914027587, ""16"": -0.00854740672964578, ""17"": -0.0561070843111922, ""18"": -0.016738166213266705, ""19"": -0.04601671274822014, ""20"": 0.027812826641630668, ""21"": -0.00813469724940377, ""22"": 0.0005349373913293223, ""23"": 0.04437855468485112, ""24"": 0.13402799943975732, ""25"": 0.00498051705178362, ""26"": 0.008738208796684096, ""27"": -0.02814268602291807, ""28"": -0.007774663072576226, ""29"": -0.027570731600781377, ""30"": -0.0006682295666943379, ""31"": -0.005933372298294945, ""32"": 0.017732242258727292, ""33"": -0.0198388364490742, ""34"": -0.04091655218197104, ""35"": -0.019165908178350777, ""36"": 0.026143006176391294, ""37"": -0.002189622663143964, ""38"": -0.011608253742952051, ""39"": -0.01927735657952666, ""40"": 0.013319724891850133, ""41"": 0.0006188820193494674, ""42"": 0.03744358871280581, ""43"": -0.0011359745619300256, ""44"": 0.010320212703224032, ""45"": -0.002279362200724581, ""46"": 0.005672226025916037, ""47"": 0.019508099711727667, ""48"": 0.10281225563175643}","[2, 5, 15, 17, 24, 48]","{""24"": 127.87978175991343, ""48"": 169.148140958606}","{""24"": 6.333545051098379e-17, ""48"": 5.583513161036583e-16}",3900.785729881191,5002.119436862836,9.52976776169872,24,1.0,False,,,,,,False
Germany,2024-04-01,Easter Monday holiday,2024-03-31T18:00:00+02:00,2024-03-31T16:00:00+00:00,2024-03-31T16:00:00+00:00,24,weekly_differenced,weekly_differenced_arima_p2_d0_q0,,2,0,0,c,weekly_difference,False,,completed,,success,converged,True,True,True,True,True,2369,4,-17460.534009923493,34929.068019846985,34929.08494032076,34952.14891266362,1.0301777928268665,inf,"[""DeprecationWarning: Setting the shape on a NumPy array has been deprecated in NumPy 2.5.\nAs an alternative, you can create a new view using np.reshape (with copy=False if needed).""]",[],0,2201,True,joint Ljung-Box and residual ACF rule,"{""1"": 0.021595095630538897, ""2"": -0.03997840893025603, ""3"": -0.022644281600633576, ""4"": 0.0010473814696820153, ""5"": -0.047127767191215385, ""6"": -0.020893399270179136, ""7"": -0.01457830040238718, ""8"": -0.012198075562099711, ""9"": -0.012318420982058634, ""10"": -0.021013061203014237, ""11"": 0.02082674245044019, ""12"": 0.06180801693961712, ""13"": 0.013941527670595975, ""14"": -0.029851434985892926, ""15"": -0.0634144380177591, ""16"": 0.007082964517554624, ""17"": -0.03243807592237805, ""18"": -0.011514243917458752, ""19"": -0.03201636344713794, ""20"": 0.037981709051467166, ""21"": -0.003812016781286235, ""22"": -0.0204310282340454, ""23"": 0.04743964850540882, ""24"": 0.1397790772974447, ""25"": 0.004146652899897815, ""26"": -0.004685853088553243, ""27"": -0.020653714645096917, ""28"": -0.002262331896615098, ""29"": -0.01777553853979437, ""30"": 0.0043388867748130715, ""31"": 0.005992325772691441, ""32"": 0.030156706136311842, ""33"": -0.011420537044839377, ""34"": -0.04378771421096504, ""35"": -0.011607117394768064, ""36"": 0.03993344690759201, ""37"": 0.007698561815418844, ""38"": -0.01275215260604802, ""39"": -0.015354071488666873, ""40"": 0.014985579192476827, ""41"": 0.007048195984057896, ""42"": 0.039542559966513124, ""43"": 0.0027710372630478093, ""44"": 0.008699312250568525, ""45"": -0.0010159909337817325, ""46"": -0.007237951512375236, ""47"": 0.016329369443140593, ""48"": 0.10954349456469756}","[12, 15, 24, 48]","{""24"": 92.12985375916855, ""48"": 137.58146035919003}","{""24"": 1.4837702589686773e-10, ""48"": 4.5997024793088005e-11}",4605.856655403309,5745.682141037867,10.976978013239618,24,1.0,False,,,,,,False
Germany,2024-04-01,Easter Monday holiday,2024-03-31T18:00:00+02:00,2024-03-31T16:00:00+00:00,2024-03-31T16:00:00+00:00,24,weekly_differenced,weekly_differenced_arima_p2_d0_q1,,2,0,1,c,weekly_difference,False,,completed,,success,converged,True,True,True,True,True,2369,5,-17457.225364235226,34924.45072847045,34924.476119921994,34953.301844491245,1.027480231575337,7.590732509644042,"[""DeprecationWarning: Setting the shape on a NumPy array has been deprecated in NumPy 2.5.\nAs an alternative, you can create a new view using np.reshape (with copy=False if needed).""]",[],0,2201,True,joint Ljung-Box and residual ACF rule,"{""1"": 5.60434269628986e-05, ""2"": 0.005135388034322076, ""3"": -0.013818216713804003, ""4"": 0.003058781927237457, ""5"": -0.04976680319510128, ""6"": -0.022494639639830345, ""7"": -0.019007899384687357, ""8"": -0.016013624009578065, ""9"": -0.013395307413778297, ""10"": -0.021529848996849427, ""11"": 0.01709515593026934, ""12"": 0.0559853673368059, ""13"": 0.008869546534414388, ""14"": -0.0280634809664574, ""15"": -0.06569678452629105, ""16"": 0.005564843890243387, ""17"": -0.038872524226002896, ""18"": -0.011021116565414605, ""19"": -0.03631209739949634, ""20"": 0.03649378478640994, ""21"": -0.003734924829282733, ""22"": -0.015039892129786068, ""23"": 0.04391689540687678, ""24"": 0.13672894679061018, ""25"": 0.0007779063720439643, ""26"": 0.0009532939069103285, ""27"": -0.02084064649350811, ""28"": -0.002325444084975446, ""29"": -0.019803813814626304, ""30"": 0.0035629993682898733, ""31"": 0.0017846207834840194, ""32"": 0.026820659503550198, ""33"": -0.012583497403694776, ""34"": -0.04161485359574324, ""35"": -0.013121871562458103, ""36"": 0.03606976048479153, ""37"": 0.004224177787712759, ""38"": -0.011657591722213947, ""39"": -0.015337493847744483, ""40"": 0.015258268158266976, ""41"": 0.004045730199312307, ""42"": 0.03910287994017164, ""43"": 0.0009354778646906943, ""44"": 0.009866862070349536, ""45"": 0.00048186358879441244, ""46"": -0.0027576895172979304, ""47"": 0.014797992098072227, ""48"": 0.10634728869567549}","[12, 15, 24, 48]","{""24"": 85.00969285318213, ""48"": 127.10893910748787}","{""24"": 1.1549358466445915e-09, ""48"": 9.196385094362484e-10}",4423.513179597202,5554.2749033456685,10.599423732001505,24,1.0,False,,,,,,False
Germany,2024-04-01,Easter Monday holiday,2024-03-31T18:00:00+02:00,2024-03-31T16:00:00+00:00,2024-03-31T16:00:00+00:00,24,weekly_differenced,weekly_differenced_arima_p2_d0_q2,,2,0,2,c,weekly_difference,False,,completed,,success,converged,True,True,True,True,True,2369,6,-17456.987142401347,34925.974284802694,34926.00984788483,34960.59562402765,1.0264759326521131,5.039112677795004,"[""DeprecationWarning: Setting the shape on a NumPy array has been deprecated in NumPy 2.5.\nAs an alternative, you can create a new view using np.reshape (with copy=False if needed).""]",[],0,2201,True,joint Ljung-Box and residual ACF rule,"{""1"": -0.0006968598789509786, ""2"": 0.0018811777089539304, ""3"": -0.003442369918848206, ""4"": 0.0027736283879006437, ""5"": -0.050453298987555226, ""6"": -0.023467023353069875, ""7"": -0.019914528633275707, ""8"": -0.0170726921529133, ""9"": -0.013844268235213028, ""10"": -0.02259126779707006, ""11"": 0.015801655926987974, ""12"": 0.05447912872147873, ""13"": 0.008006000399257958, ""14"": -0.029174127447232894, ""15"": -0.06588154323306912, ""16"": 0.004690049899425214, ""17"": -0.03931064922948336, ""18"": -0.012563231987806529, ""19"": -0.03702897247650683, ""20"": 0.03610888775131789, ""21"": -0.0029781533351057625, ""22"": -0.01639856341653793, ""23"": 0.0437499286845066, ""24"": 0.13600743927185263, ""25"": -8.023326524227136e-05, ""26"": 0.0004219720680625401, ""27"": -0.019828560746528463, ""28"": -0.0027755919880149394, ""29"": -0.020109446113277776, ""30"": 0.0025474502138436695, ""31"": 0.0007598257684324696, ""32"": 0.02600090527442662, ""33"": -0.012684970123935924, ""34"": -0.042281243899724215, ""35"": -0.013501873267019706, ""36"": 0.03538451244986163, ""37"": 0.0034258260200989406, ""38"": -0.012388641468673528, ""39"": -0.015107026030216221, ""40"": 0.014764230186487516, ""41"": 0.003503489834570533, ""42"": 0.03838159675083394, ""43"": 0.000558757880400504, ""44"": 0.009573497738834388, ""45"": 0.001582678994163282, ""46"": -0.0030523706154310663, ""47"": 0.014092502778713115, ""48"": 0.10591908765764581}","[15, 24, 48]","{""24"": 84.60276095250546, ""48"": 126.1532271834644}","{""24"": 6.409009149318356e-10, ""48"": 7.346760999874553e-10}",4354.390498167603,5476.977301941756,10.457744401297951,24,1.0,False,,,,,,False
Germany,2024-04-01,Easter Monday holiday,2024-03-31T18:00:00+02:00,2024-03-31T16:00:00+00:00,2024-03-31T16:00:00+00:00,24,weekly_differenced,weekly_differenced_arima_p3_d0_q1,,3,0,1,c,weekly_difference,False,,failed,AR roots fail stationarity threshold,success,converged,True,True,True,False,True,2369,6,-17447.937833438278,34907.875666876556,34907.91122995869,34942.49700610151,1.0052611445113462,1.0478539035156313,"[""DeprecationWarning: Setting the shape on a NumPy array has been deprecated in NumPy 2.5.\nAs an alternative, you can create a new view using np.reshape (with copy=False if needed)."", ""ConvergenceWarning: Maximum Likelihood optimization failed to converge. Check mle_retvals"", ""DeprecationWarning: Setting the shape on a NumPy array has been deprecated in NumPy 2.5.\nAs an alternative, you can create a new view using np.reshape (with copy=False if needed).""]",[],1,2201,True,joint Ljung-Box and residual ACF rule,"{""1"": 0.009234203792992694, ""2"": -0.024550962946848144, ""3"": 0.002774645761446122, ""4"": 0.02845689068213861, ""5"": -0.022518806476193108, ""6"": 0.0015137387890111857, ""7"": 0.0039323903241543015, ""8"": 0.002662859304418654, ""9"": -0.0006611529652278771, ""10"": -0.013797913054669313, ""11"": 0.02388989028517136, ""12"": 0.062832387142085, ""13"": 0.01458391273165325, ""14"": -0.0277335362762997, ""15"": -0.061634191143045684, ""16"": 0.00932214745641949, ""17"": -0.03318797362878964, ""18"": -0.012544977429936986, ""19"": -0.03592192084625103, ""20"": 0.03409187073550363, ""21"": -0.01004666045010411, ""22"": -0.029359410413110666, ""23"": 0.03519640846860742, ""24"": 0.12811253835066136, ""25"": -0.008066911342794015, ""26"": -0.012115857370250109, ""27"": -0.02682152224966341, ""28"": -0.00776991502994798, ""29"": -0.02446520251481109, ""30"": -0.0030400787572476486, ""31"": -0.0028423676286234785, ""32"": 0.022096950044447363, ""33"": -0.018720882337389135, ""34"": -0.050704432513558585, ""35"": -0.019173486381837215, ""36"": 0.03202510354319336, ""37"": -0.0006306181237448584, ""38"": -0.019840937860266614, ""39"": -0.02218265657682594, ""40"": 0.0082002320286604, ""41"": -0.0010003206907953169, ""42"": 0.03249916253460163, ""43"": -0.0041880679609422496, ""44"": 0.0035842150339633738, ""45"": -0.005737395520437827, ""46"": -0.013173793054536706, ""47"": 0.007449800188091544, ""48"": 0.10094164071905873}","[12, 15, 24, 48]","{""24"": 75.42509300526329, ""48"": 117.87660092798386}","{""24"": 2.313825681884703e-08, ""48"": 1.1452588855141949e-08}",,,,0,0.0,False,,,,,,False
Germany,2024-05-09,Ascension holiday,2024-05-08T18:00:00+02:00,2024-05-08T16:00:00+00:00,2024-05-08T16:00:00+00:00,24,weekly_differenced,weekly_differenced_arima_p1_d0_q1,,1,0,1,c,weekly_difference,False,,completed,,success,converged,True,True,True,True,True,3281,4,-25113.860443747348,50235.720887494695,50235.733097506905,50260.10450162654,1.0249029433235757,2.6609722895788326,"[""DeprecationWarning: Setting the shape on a NumPy array has been deprecated in NumPy 2.5.\nAs an alternative, you can create a new view using np.reshape (with copy=False if needed).""]",[],0,3112,True,joint Ljung-Box and residual ACF rule,"{""1"": 0.04548776264217842, ""2"": 0.11317975582764754, ""3"": -0.05215301004690493, ""4"": -0.006646475237907649, ""5"": -0.06905521161068699, ""6"": -0.02430051768546598, ""7"": -0.05015264318420031, ""8"": -0.007835542746802012, ""9"": 0.003074125247816158, ""10"": -0.0066244703741054735, ""11"": 0.012896188579460415, ""12"": 0.040416890462894116, ""13"": 0.004250404992310415, ""14"": -0.006683511253636808, ""15"": -0.03749980733400281, ""16"": -0.05205109449721326, ""17"": -0.032271840053755864, ""18"": -0.038509411658058865, ""19"": -0.006055101355275281, ""20"": 0.003736386948082511, ""21"": 0.006406253379497425, ""22"": -0.004818479795459346, ""23"": 0.04459608233135855, ""24"": 0.1159196423132758, ""25"": 0.016878414675760376, ""26"": -0.00891365156456474, ""27"": -0.047976450955114804, ""28"": -0.018887048341544872, ""29"": -0.04202095914432406, ""30"": 0.013845991509149974, ""31"": -0.026958203319957595, ""32"": 0.0195063136517903, ""33"": -0.010050461811306824, ""34"": -0.014394929931873884, ""35"": -0.005410660404892093, ""36"": -0.014314225944251215, ""37"": -0.010566821630320205, ""38"": 0.018821100103755168, ""39"": -0.011112447199114769, ""40"": -0.00011893060263269253, ""41"": 0.020471730794138228, ""42"": 0.01308861176540286, ""43"": 0.0076252401213345675, ""44"": 0.012907781838265948, ""45"": -0.02011129994421958, ""46"": 0.0061835934869415845, ""47"": 0.03186249261668161, ""48"": 0.0955589513116689}","[2, 3, 5, 7, 16, 24, 48]","{""24"": 155.2778631696164, ""48"": 214.03796752324973}","{""24"": 4.806599906796373e-22, ""48"": 1.6530259595400204e-23}",17956.150952043277,18849.86526457041,42.13983805746036,24,1.0,False,,,,,,False
Germany,2024-05-09,Ascension holiday,2024-05-08T18:00:00+02:00,2024-05-08T16:00:00+00:00,2024-05-08T16:00:00+00:00,24,weekly_differenced,weekly_differenced_arima_p2_d0_q0,,2,0,0,c,weekly_difference,False,,completed,,success,converged,True,True,True,True,True,3281,4,-25092.371074899675,50192.74214979935,50192.75435981156,50217.1257639312,1.038079607664805,inf,"[""DeprecationWarning: Setting the shape on a NumPy array has been deprecated in NumPy 2.5.\nAs an alternative, you can create a new view using np.reshape (with copy=False if needed).""]",[],0,3112,True,joint Ljung-Box and residual ACF rule,"{""1"": 0.019088481433554398, ""2"": -0.02814008256697357, ""3"": -0.04362887393897598, ""4"": -0.0069037765873160165, ""5"": -0.04523547642274152, ""6"": -0.009792603875285053, ""7"": -0.03173654879761632, ""8"": 0.006528763674669763, ""9"": 0.01734928498380845, ""10"": -0.00440642779182153, ""11"": 0.019292291379045805, ""12"": 0.049490048137698764, ""13"": 0.013437434668318354, ""14"": 0.0022483405081633774, ""15"": -0.025649008597949812, ""16"": -0.037653809518915615, ""17"": -0.01681828891088701, ""18"": -0.02500021275172914, ""19"": 0.0057359312146079465, ""20"": 0.016028983591163108, ""21"": 0.006902240854640175, ""22"": -0.019625110968939572, ""23"": 0.04431753300816514, ""24"": 0.12450246153458454, ""25"": 0.019641262076052712, ""26"": -0.01745084687311031, ""27"": -0.038663590208300146, ""28"": -0.011415505299178475, ""29"": -0.025814485991291897, ""30"": 0.02231436656832689, ""31"": -0.015127483738221707, ""32"": 0.026351134403834735, ""33"": -0.001166672685176411, ""34"": -0.010597871261948251, ""35"": 0.0038279490640019073, ""36"": -0.010132858615070427, ""37"": -0.003950264369793512, ""38"": 0.027678632698180248, ""39"": -0.009169762481637408, ""40"": -0.0005636986919371229, ""41"": 0.026491754161576658, ""42"": 0.014905939026417354, ""43"": 0.012163795985646183, ""44"": 0.015642534131475233, ""45"": -0.02256112902000921, ""46"": -0.006853228308123549, ""47"": 0.0345944185361211, ""48"": 0.09775037119703198}","[24, 48]","{""24"": 96.45472319729693, ""48"": 153.66771907279653}","{""24"": 2.6694894340428645e-11, ""48"": 1.60826047869949e-13}",16046.549139643868,16996.424965764178,37.63368336350193,24,1.0,False,,,,,,False
Germany,2024-05-09,Ascension holiday,2024-05-08T18:00:00+02:00,2024-05-08T16:00:00+00:00,2024-05-08T16:00:00+00:00,24,weekly_differenced,weekly_differenced_arima_p2_d0_q1,,2,0,1,c,weekly_difference,False,,completed,,success,converged,True,True,True,True,True,3281,5,-25088.02703316149,50186.05406632298,50186.07238693367,50216.53358398778,1.0350120535440144,8.284664436541455,"[""DeprecationWarning: Setting the shape on a NumPy array has been deprecated in NumPy 2.5.\nAs an alternative, you can create a new view using np.reshape (with copy=False if needed).""]",[],0,3112,True,joint Ljung-Box and residual ACF rule,"{""1"": -0.0022776971996169956, ""2"": 0.0133332127789116, ""3"": -0.03528084899943336, ""4"": -0.00408557390536036, ""5"": -0.048916122855175145, ""6"": -0.010527901290979969, ""7"": -0.03542603682415653, ""8"": 0.00369319708640894, ""9"": 0.014895009068210757, ""10"": -0.005318378840150206, ""11"": 0.017226591523704968, ""12"": 0.046804655615013444, ""13"": 0.00988204346437415, ""14"": 0.00114261090087097, ""15"": -0.026768322755692076, ""16"": -0.03935905859646896, ""17"": -0.018228478435406946, ""18"": -0.02778830439435687, ""19"": 0.0033396048472972752, ""20"": 0.013244267944194407, ""21"": 0.0084846336812312, ""22"": -0.01606779523308553, ""23"": 0.041970935594867864, ""24"": 0.12070553006506216, ""25"": 0.016068327498557425, ""26"": -0.013671433021298427, ""27"": -0.038452308972064086, ""28"": -0.010869288213682445, ""29"": -0.02968766241872128, ""30"": 0.021763873207294802, ""31"": -0.01930819228933962, ""32"": 0.025342124333439457, ""33"": -0.003227692672893105, ""34"": -0.011297330815345806, ""35"": 0.003004053698286637, ""36"": -0.010766840030538424, ""37"": -0.005775851706311975, ""38"": 0.026503198332045074, ""39"": -0.009880047762096864, ""40"": -0.00026868631617798095, ""41"": 0.02542573488589073, ""42"": 0.013660463101060078, ""43"": 0.010806486696678481, ""44"": 0.0162500256682071, ""45"": -0.02064514553348154, ""46"": -0.00275044142998703, ""47"": 0.031970894187677144, ""48"": 0.09605446774314617}","[24, 48]","{""24"": 88.55619145646637, ""48"": 143.49381625714057}","{""24"": 2.860436234730655e-10, ""48"": 3.2703587545893312e-12}",16487.080038342578,17419.35560730698,38.675667958753394,24,1.0,False,,,,,,False
Germany,2024-05-09,Ascension holiday,2024-05-08T18:00:00+02:00,2024-05-08T16:00:00+00:00,2024-05-08T16:00:00+00:00,24,weekly_differenced,weekly_differenced_arima_p2_d0_q2,,2,0,2,c,weekly_difference,False,,completed,,success,converged,True,True,True,True,True,3281,6,-25085.93980518099,50183.87961036198,50183.90526705105,50220.45503155975,1.032667366250287,3.012860719286868,"[""DeprecationWarning: Setting the shape on a NumPy array has been deprecated in NumPy 2.5.\nAs an alternative, you can create a new view using np.reshape (with copy=False if needed).""]",[],0,3112,True,joint Ljung-Box and residual ACF rule,"{""1"": -0.0037784976343462704, ""2"": 0.005273786946069131, ""3"": -0.0032274653940808553, ""4"": -0.00930569056547471, ""5"": -0.05027503060532069, ""6"": -0.011966989607087869, ""7"": -0.03774130705327415, ""8"": 0.0007331729726465655, ""9"": 0.014519729281551296, ""10"": -0.008252225383043661, ""11"": 0.015719904145269754, ""12"": 0.044925216739536394, ""13"": 0.0070699609759164285, ""14"": -0.00033619024185811176, ""15"": -0.027630040477187576, ""16"": -0.040417998775531726, ""17"": -0.0192365347558203, ""18"": -0.029809956923443227, ""19"": 0.000388998352578304, ""20"": 0.012781384968270307, ""21"": 0.010167109182919597, ""22"": -0.01732701928951516, ""23"": 0.04081770214887704, ""24"": 0.11916355197512844, ""25"": 0.01378969740261958, ""26"": -0.015116023413005006, ""27"": -0.03493132863187943, ""28"": -0.012642189524731314, ""29"": -0.030393146549625407, ""30"": 0.019439539784560426, ""31"": -0.02109716586327184, ""32"": 0.023235301139872003, ""33"": -0.0037647109986377737, ""34"": -0.013389263791822677, ""35"": 0.0038325040605532617, ""36"": -0.012417573431411755, ""37"": -0.007392605249336066, ""38"": 0.026738003287430295, ""39"": -0.011214884886144447, ""40"": -0.0013776854313155415, ""41"": 0.02607258097554423, ""42"": 0.011481286645622838, ""43"": 0.009797218739372575, ""44"": 0.01701556207411997, ""45"": -0.01831106823321059, ""46"": -0.003677935842831019, ""47"": 0.03215758709875623, ""48"": 0.09458633872429574}","[5, 24, 48]","{""24"": 84.33191932528788, ""48"": 137.5883518624946}","{""24"": 7.135459138781862e-10, ""48"": 1.4378990884622023e-11}",16815.640085868563,17737.16115983959,39.45157445885585,24,1.0,False,,,,,,False
Germany,2024-05-09,Ascension holiday,2024-05-08T18:00:00+02:00,2024-05-08T16:00:00+00:00,2024-05-08T16:00:00+00:00,24,weekly_differenced,weekly_differenced_arima_p3_d0_q1,,3,0,1,c,weekly_difference,False,,completed,,success,converged,True,True,True,True,True,3281,6,-25079.925227657437,50171.85045531487,50171.876112003934,50208.42587651264,1.0107476809072202,1.0709174865660236,"[""DeprecationWarning: Setting the shape on a NumPy array has been deprecated in NumPy 2.5.\nAs an alternative, you can create a new view using np.reshape (with copy=False if needed).""]",[],0,3112,True,joint Ljung-Box and residual ACF rule,"{""1"": 0.006931599228070234, ""2"": -0.012160344422698508, ""3"": -0.018465144232430133, ""4"": 0.020187819685679523, ""5"": -0.02184972062114215, ""6"": 0.010971332448931104, ""7"": -0.01634734041342782, ""8"": 0.01794426003862622, ""9"": 0.02481717086786331, ""10"": -0.0010713467109041322, ""11"": 0.01954410478081747, ""12"": 0.0478112986932113, ""13"": 0.0104458432070276, ""14"": 0.0004419843551871544, ""15"": -0.02685130589562376, ""16"": -0.03900956962405762, ""17"": -0.018892183629907893, ""18"": -0.02952366323270966, ""19"": -0.00021266153771153378, ""20"": 0.008629390952601445, ""21"": -0.0015264047577355534, ""22"": -0.03085023745456401, ""23"": 0.030226146131910825, ""24"": 0.1104028598743406, ""25"": 0.0056992761021262325, ""26"": -0.027061033543334945, ""27"": -0.046439776919326485, ""28"": -0.018568557130489275, ""29"": -0.03514514123338132, ""30"": 0.012860025244883362, ""31"": -0.026902303877076813, ""32"": 0.015455317737822919, ""33"": -0.012267332343876268, ""34"": -0.020920944159604715, ""35"": -0.005568621484394682, ""36"": -0.019678690119702094, ""37"": -0.013635050271041197, ""38"": 0.018824960563945538, ""39"": -0.018482959099067834, ""40"": -0.00938820628240745, ""41"": 0.018025236317412208, ""42"": 0.006503420473300519, ""43"": 0.004833030757320296, ""44"": 0.010080546496782666, ""45"": -0.028184223425879028, ""46"": -0.013331475659823757, ""47"": 0.02552963417961975, ""48"": 0.08880168029503777}","[24, 48]","{""24"": 72.46596265738393, ""48"": 128.0105328448188}","{""24"": 7.1713092687766e-08, ""48"": 3.918716016313031e-10}",18377.170126610225,19332.76928418917,43.08451006423808,24,1.0,False,,,,,,False
Germany,2024-06-17,Monday / warm season,2024-06-16T18:00:00+02:00,2024-06-16T16:00:00+00:00,2024-06-16T16:00:00+00:00,24,weekly_differenced,weekly_differenced_arima_p1_d0_q1,,1,0,1,c,weekly_difference,False,,completed,,success,converged,True,True,True,True,True,4217,4,-32781.175646789176,65570.35129357835,65570.36079025452,65595.73881059334,1.0266888747773653,2.617671356188855,"[""DeprecationWarning: Setting the shape on a NumPy array has been deprecated in NumPy 2.5.\nAs an alternative, you can create a new view using np.reshape (with copy=False if needed).""]",[],0,4048,True,joint Ljung-Box and residual ACF rule,"{""1"": 0.05497406493706044, ""2"": 0.13273801146394437, ""3"": -0.04679156979130237, ""4"": 0.011280087205543134, ""5"": -0.031494553518323455, ""6"": -0.002568011923198322, ""7"": -0.02073475314912971, ""8"": -0.004080897265249346, ""9"": -0.004033296319196371, ""10"": -0.003410172108787292, ""11"": 0.006263677160288705, ""12"": 0.038621420620648904, ""13"": 0.002822949910384352, ""14"": -0.02377030906423507, ""15"": -0.06320987100553149, ""16"": -0.07463808228977054, ""17"": -0.028772269389252435, ""18"": -0.04614548496695738, ""19"": 0.010008133805043446, ""20"": 0.00022486344610989244, ""21"": 0.00865638657621354, ""22"": -0.018241161761165824, ""23"": 0.04515408972893016, ""24"": 0.08143648452825358, ""25"": 0.015984714997806286, ""26"": -0.0012570529518190544, ""27"": -0.04637783706497145, ""28"": -0.02355537229196218, ""29"": -0.03489245720916229, ""30"": 0.006827714945567301, ""31"": -0.04195402416841393, ""32"": 0.00015996349300127912, ""33"": -0.019662254836111073, ""34"": -0.014864289566973372, ""35"": -0.005473055548687563, ""36"": 0.007679912461230177, ""37"": -0.02553124781088661, ""38"": 0.020930908730708284, ""39"": -0.013864341658332023, ""40"": 0.0017923251790925231, ""41"": 0.012232938885594659, ""42"": 0.013773887800470666, ""43"": -0.005175153174346907, ""44"": -0.003752387565529213, ""45"": -0.013816132247045702, ""46"": 0.011568200619237063, ""47"": 0.029204361414368496, ""48"": 0.07454222747590004}","[1, 2, 15, 16, 24, 48]","{""24"": 195.86194599052993, ""48"": 257.53628295811745}","{""24"": 7.324652157661023e-30, ""48"": 3.3286884127864227e-31}",986.338885978948,1115.3948448708786,2.0883906632257307,24,1.0,False,,,,,,False
Germany,2024-06-17,Monday / warm season,2024-06-16T18:00:00+02:00,2024-06-16T16:00:00+00:00,2024-06-16T16:00:00+00:00,24,weekly_differenced,weekly_differenced_arima_p2_d0_q0,,2,0,0,c,weekly_difference,False,,completed,,success,converged,True,True,True,True,True,4217,4,-32739.102273202167,65486.20454640433,65486.214043080494,65511.59206341932,1.0421627844569312,inf,"[""DeprecationWarning: Setting the shape on a NumPy array has been deprecated in NumPy 2.5.\nAs an alternative, you can create a new view using np.reshape (with copy=False if needed).""]",[],0,4048,True,joint Ljung-Box and residual ACF rule,"{""1"": 0.016193282339249004, ""2"": -0.02010446018797691, ""3"": -0.04800090493175286, ""4"": 0.00407943811113096, ""5"": -0.011954308961461895, ""6"": 0.008427178352381664, ""7"": -0.00590260260845754, ""8"": 0.006937392133830705, ""9"": 0.006863821636910339, ""10"": -0.0011143497007058485, ""11"": 0.0135909243447086, ""12"": 0.05194882519770146, ""13"": 0.01939101477967301, ""14"": -0.009001953332858924, ""15"": -0.04987665935027912, ""16"": -0.05492164789476797, ""17"": -0.00902799322608692, ""18"": -0.02821710484912925, ""19"": 0.022612976914262322, ""20"": 0.01587692742059366, ""21"": 0.006768720229904052, ""22"": -0.029239147471147902, ""23"": 0.04556304672394197, ""24"": 0.09016546670134995, ""25"": 0.018200214929784034, ""26"": -0.004282677001150247, ""27"": -0.03864675749313788, ""28"": -0.01671135354236963, ""29"": -0.015782190699534553, ""30"": 0.019420129569766513, ""31"": -0.029977469546319448, ""32"": 0.008679615444548363, ""33"": -0.007817405976594482, ""34"": -0.011641860361711632, ""35"": 0.006622587038010878, ""36"": 0.012403510528048048, ""37"": -0.020662887002992677, ""38"": 0.02622358934323976, ""39"": -0.009575422375406487, ""40"": -4.434003845537138e-05, ""41"": 0.01957083968648535, ""42"": 0.017938837142388815, ""43"": -0.001397473724002771, ""44"": -0.003262753188148367, ""45"": -0.014744491523256414, ""46"": 0.0027832390953403496, ""47"": 0.030784080754717662, ""48"": 0.07629792048838129}","[12, 16, 24, 48]","{""24"": 101.37626042381568, ""48"": 154.7022698594443}","{""24"": 3.7041854377707235e-12, ""48"": 1.108424512231724e-13}",888.4773515620664,1058.9761671238036,1.911458636557525,24,1.0,False,,,,,,False
Germany,2024-06-17,Monday / warm season,2024-06-16T18:00:00+02:00,2024-06-16T16:00:00+00:00,2024-06-16T16:00:00+00:00,24,weekly_differenced,weekly_differenced_arima_p2_d0_q1,,2,0,1,c,weekly_difference,False,,completed,,success,converged,True,True,True,True,True,4217,5,-32735.487685831504,65480.97537166301,65480.98962006006,65512.70976793174,1.0392910700896816,10.72205953272124,"[""DeprecationWarning: Setting the shape on a NumPy array has been deprecated in NumPy 2.5.\nAs an alternative, you can create a new view using np.reshape (with copy=False if needed).""]",[],0,4048,True,joint Ljung-Box and residual ACF rule,"{""1"": -0.001515678410518452, ""2"": 0.013516595706056228, ""3"": -0.03871112200004328, ""4"": 0.0076607890103235375, ""5"": -0.014117097675938986, ""6"": 0.007334008054743163, ""7"": -0.008156692054351017, ""8"": 0.005414332373355054, ""9"": 0.005818698290151632, ""10"": -0.0012653508424293593, ""11"": 0.01145210460327021, ""12"": 0.04877023291912873, ""13"": 0.01510342371794926, ""14"": -0.010419225178860956, ""15"": -0.050042517493082396, ""16"": -0.05641884637917369, ""17"": -0.010148843789392927, ""18"": -0.03194581417393158, ""19"": 0.020518818767168955, ""20"": 0.012720025391778668, ""21"": 0.008510547854489769, ""22"": -0.027568519181661612, ""23"": 0.04442568036904057, ""24"": 0.0869790152956109, ""25"": 0.015567790339422889, ""26"": -0.0024290182250095442, ""27"": -0.03842609526038776, ""28"": -0.016264025315213496, ""29"": -0.019173962361510987, ""30"": 0.018292192786861672, ""31"": -0.03287310908502773, ""32"": 0.008208120499948091, ""33"": -0.009434225927293875, ""34"": -0.012273408080725471, ""35"": 0.004785780763732378, ""36"": 0.012065372027425825, ""37"": -0.022410235648293038, ""38"": 0.026518256983805954, ""39"": -0.010594097052761786, ""40"": 0.000276328922778915, ""41"": 0.018200721854943976, ""42"": 0.01680728714023832, ""43"": -0.0019841453596861625, ""44"": -0.002229034590516941, ""45"": -0.013521446817632078, ""46"": 0.004538378136857805, ""47"": 0.028694973069661192, ""48"": 0.07503611596396562}","[15, 16, 24, 48]","{""24"": 92.49857538125424, ""48"": 145.04561480194187}","{""24"": 5.9614186818019e-11, ""48"": 1.888775006148455e-12}",902.4470548311192,1064.7760918545107,1.9358901428870017,24,1.0,False,,,,,,False
Germany,2024-06-17,Monday / warm season,2024-06-16T18:00:00+02:00,2024-06-16T16:00:00+00:00,2024-06-16T16:00:00+00:00,24,weekly_differenced,weekly_differenced_arima_p2_d0_q2,,2,0,2,c,weekly_difference,False,,completed,,success,converged,True,True,True,True,True,4217,6,-32732.203218353017,65476.40643670604,65476.426389200096,65514.48771222851,1.036330615491832,2.9286276335082837,"[""DeprecationWarning: Setting the shape on a NumPy array has been deprecated in NumPy 2.5.\nAs an alternative, you can create a new view using np.reshape (with copy=False if needed).""]",[],0,4048,True,joint Ljung-Box and residual ACF rule,"{""1"": -0.0028186243100703405, ""2"": 0.004229363037080456, ""3"": 0.00013124014268040674, ""4"": 0.005348811842291551, ""5"": -0.015710771995318052, ""6"": 0.005386387037013135, ""7"": -0.010147120882430805, ""8"": 0.0030540811658253996, ""9"": 0.00589471956231256, ""10"": -0.0034148627880851035, ""11"": 0.009189036847950194, ""12"": 0.04521184127639123, ""13"": 0.011281011515441794, ""14"": -0.012260271946866345, ""15"": -0.051368014369086355, ""16"": -0.05661983928840797, ""17"": -0.011591703951279207, ""18"": -0.03515037034309629, ""19"": 0.015835290913492714, ""20"": 0.013052693737082583, ""21"": 0.008837937741678362, ""22"": -0.028385282137880018, ""23"": 0.04358816286702152, ""24"": 0.08515611304998963, ""25"": 0.012340143171163205, ""26"": -0.0031432503965984683, ""27"": -0.0355254129654589, ""28"": -0.018454803544661693, ""29"": -0.019755483653507756, ""30"": 0.015533970151372329, ""31"": -0.035177089905291, ""32"": 0.006435487696185222, ""33"": -0.009181640496606771, ""34"": -0.01576346963194337, ""35"": 0.0054132953547252945, ""36"": 0.010250271542450829, ""37"": -0.02412966118644939, ""38"": 0.02666159989183718, ""39"": -0.010577225264311686, ""40"": -0.001963557527198935, ""41"": 0.018544890112848943, ""42"": 0.015032414426828553, ""43"": -0.0026710882753637937, ""44"": -0.0012867161198612486, ""45"": -0.010957472557114056, ""46"": 0.003248816084491984, ""47"": 0.02813110565238495, ""48"": 0.0735181891623001}","[15, 16, 24, 48]","{""24"": 83.6870577114305, ""48"": 134.64403913289604}","{""24"": 9.21076050217764e-10, ""48"": 4.015619051321898e-11}",924.2501663674524,1078.42510558003,1.976518514142056,24,1.0,False,,,,,,False
Germany,2024-06-17,Monday / warm season,2024-06-16T18:00:00+02:00,2024-06-16T16:00:00+00:00,2024-06-16T16:00:00+00:00,24,weekly_differenced,weekly_differenced_arima_p3_d0_q1,,3,0,1,c,weekly_difference,False,,completed,,success,converged,True,True,True,True,True,4217,6,-32733.520595193,65479.041190386,65479.06114288006,65517.12246590848,1.0350364971965014,2.458747406892985,"[""DeprecationWarning: Setting the shape on a NumPy array has been deprecated in NumPy 2.5.\nAs an alternative, you can create a new view using np.reshape (with copy=False if needed).""]",[],0,4048,True,joint Ljung-Box and residual ACF rule,"{""1"": -0.003953151929294693, ""2"": 0.011311722641613524, ""3"": -0.0203768155419044, ""4"": 0.020598209141870865, ""5"": -0.007793835727012861, ""6"": 0.008463430634309883, ""7"": -0.009019381753872499, ""8"": 0.003677968863897605, ""9"": 0.003796083730338676, ""10"": -0.004842838615034062, ""11"": 0.007112200704737587, ""12"": 0.04415333641283209, ""13"": 0.010942932175766794, ""14"": -0.013428809122820736, ""15"": -0.051897241261444925, ""16"": -0.05730820798317488, ""17"": -0.01178723504171428, ""18"": -0.03489086415795901, ""19"": 0.017343442814871168, ""20"": 0.011367905597124991, ""21"": 0.0068000652463195916, ""22"": -0.030199807110294644, ""23"": 0.04194557793621768, ""24"": 0.0845183938796404, ""25"": 0.01272570604314838, ""26"": -0.004026551859275161, ""27"": -0.038155645620448445, ""28"": -0.016860673593694975, ""29"": -0.02005915904287809, ""30"": 0.016023950559086474, ""31"": -0.03551146951165951, ""32"": 0.0058242720470285045, ""33"": -0.011216771843311947, ""34"": -0.014697432462990183, ""35"": 0.0034529432179756328, ""36"": 0.01027148684379965, ""37"": -0.024033810524391148, ""38"": 0.025623138561616316, ""39"": -0.01164199166727562, ""40"": -0.001457115240103486, ""41"": 0.01730661886277989, ""42"": 0.015938286787220566, ""43"": -0.002020356105226007, ""44"": -0.0012536711611486296, ""45"": -0.012560863604857555, ""46"": 0.0036293021481339904, ""47"": 0.027341196698505075, ""48"": 0.07315069010898656}","[15, 16, 24, 48]","{""24"": 86.14562385103666, ""48"": 137.40815803086136}","{""24"": 3.470915774871876e-10, ""48"": 1.5315863454030528e-11}",943.46281322274,1094.373248432434,2.0146647369014574,24,1.0,False,,,,,,False
Germany,2024-07-25,warm-season weekday,2024-07-24T18:00:00+02:00,2024-07-24T16:00:00+00:00,2024-07-24T16:00:00+00:00,24,weekly_differenced,weekly_differenced_arima_p1_d0_q1,,1,0,1,c,weekly_difference,False,,completed,,success,converged,True,True,True,True,True,5129,4,-39991.08006373329,79990.16012746657,79990.16793386782,80016.33079141613,1.0290934529064442,2.7262808914612084,"[""DeprecationWarning: Setting the shape on a NumPy array has been deprecated in NumPy 2.5.\nAs an alternative, you can create a new view using np.reshape (with copy=False if needed).""]",[],0,4960,True,joint Ljung-Box and residual ACF rule,"{""1"": 0.04360408924544748, ""2"": 0.11349647065836137, ""3"": -0.03653629123739515, ""4"": -0.0007178492521973752, ""5"": -0.021179718680420068, ""6"": -0.004293779320973809, ""7"": -0.018376550216950522, ""8"": -0.013589542659129724, ""9"": 0.0006350143203254328, ""10"": -0.0050516961130889935, ""11"": 0.0034159017487503424, ""12"": 0.03720067000922568, ""13"": -0.00200240847610402, ""14"": -0.0196346541228101, ""15"": -0.05346968957875542, ""16"": -0.05993901198973386, ""17"": -0.02824046188868544, ""18"": -0.047014252570748954, ""19"": 0.01443498789938062, ""20"": -0.0026166891726898673, ""21"": 0.007980454577289771, ""22"": -0.013612556660934258, ""23"": 0.04321942196353957, ""24"": 0.07426442070872878, ""25"": 0.01563405896390306, ""26"": 0.0021282414191175574, ""27"": -0.04700974144943195, ""28"": -0.01580686234331011, ""29"": -0.023227680498821953, ""30"": 0.0037096662547747472, ""31"": -0.034478429162682414, ""32"": 0.001809219052336431, ""33"": -0.030229296174048903, ""34"": -0.013078040532028688, ""35"": -0.0075121750663416885, ""36"": 0.006076731441821296, ""37"": -0.018608483267321223, ""38"": 0.010290276167965873, ""39"": -0.006235915196076438, ""40"": -0.0003746795575288566, ""41"": 0.020584431922371554, ""42"": 0.011401950418313753, ""43"": -0.0022465291677449778, ""44"": 0.0026928359947615563, ""45"": -0.010867577996293402, ""46"": 0.011991413491707481, ""47"": 0.03190520151814871, ""48"": 0.06895918530791054}","[2, 15, 16, 24, 48]","{""24"": 180.15125286068047, ""48"": 243.79036336723973}","{""24"": 8.26819527997217e-27, ""48"": 9.728379887507601e-29}",807.1456644876907,948.1526209430466,1.5415649802804414,24,1.0,False,,,,,,False
Germany,2024-07-25,warm-season weekday,2024-07-24T18:00:00+02:00,2024-07-24T16:00:00+00:00,2024-07-24T16:00:00+00:00,24,weekly_differenced,weekly_differenced_arima_p2_d0_q0,,2,0,0,c,weekly_difference,False,,completed,,success,converged,True,True,True,True,True,5129,4,-39954.69143531816,79917.38287063631,79917.39067703756,79943.55353458587,1.0433495539550508,inf,"[""DeprecationWarning: Setting the shape on a NumPy array has been deprecated in NumPy 2.5.\nAs an alternative, you can create a new view using np.reshape (with copy=False if needed).""]",[],0,4960,True,joint Ljung-Box and residual ACF rule,"{""1"": 0.014223727071865639, ""2"": -0.022954898143251946, ""3"": -0.03471027574680524, ""4"": -0.005080233942750373, ""5"": -0.00410425568190362, ""6"": 0.008420636123975409, ""7"": -0.006389384989785637, ""8"": -0.0034385155619763175, ""9"": 0.0113421979284008, ""10"": -0.0011242589587751413, ""11"": 0.010371601371933208, ""12"": 0.049043487304439116, ""13"": 0.011917538533693374, ""14"": -0.008278978472037957, ""15"": -0.041021236536829694, ""16"": -0.0423010680075538, ""17"": -0.013200230094864028, ""18"": -0.03243576085527084, ""19"": 0.02583326775259821, ""20"": 0.010945590361026901, ""21"": 0.005842570508852845, ""22"": -0.021234930564854964, ""23"": 0.04388694590621737, ""24"": 0.08068551382389857, ""25"": 0.018574750630011835, ""26"": -0.0005915468658692279, ""27"": -0.041839707101117694, ""28"": -0.009910334861546879, ""29"": -0.006666040151413632, ""30"": 0.01255615762211415, ""31"": -0.02321067739190288, ""32"": 0.00963861519884091, ""33"": -0.02053005601528427, ""34"": -0.009614398646791292, ""35"": 0.003954881419001344, ""36"": 0.011346014991741198, ""37"": -0.014031215922923376, ""38"": 0.014559856235528572, ""39"": -0.0036726691137880696, ""40"": -0.0005746508802642659, ""41"": 0.026008469912387002, ""42"": 0.014131120157256845, ""43"": -0.0004651276895900291, ""44"": 0.0034216313500622687, ""45"": -0.012461409353216577, ""46"": 0.0039603832344751785, ""47"": 0.03411991012351651, ""48"": 0.0700184655858977}","[24, 48]","{""24"": 96.41001344255258, ""48"": 152.61725165439137}","{""24"": 2.7175203152270984e-11, ""48"": 2.3445979706104826e-13}",1008.6910735000909,1162.3105527247772,1.906886722201284,24,1.0,False,,,,,,False
Germany,2024-07-25,warm-season weekday,2024-07-24T18:00:00+02:00,2024-07-24T16:00:00+00:00,2024-07-24T16:00:00+00:00,24,weekly_differenced,weekly_differenced_arima_p2_d0_q1,,2,0,1,c,weekly_difference,False,,completed,,success,converged,True,True,True,True,True,5129,5,-39950.75640988408,79911.51281976816,79911.52453165573,79944.22614970511,1.0404112912790973,10.48886338997683,"[""DeprecationWarning: Setting the shape on a NumPy array has been deprecated in NumPy 2.5.\nAs an alternative, you can create a new view using np.reshape (with copy=False if needed).""]",[],0,4960,True,joint Ljung-Box and residual ACF rule,"{""1"": -0.0014853518689136478, ""2"": 0.009501591058729329, ""3"": -0.026205712683957747, ""4"": -0.002906123927336481, ""5"": -0.00624017079603684, ""6"": 0.006428474941751843, ""7"": -0.008267121522204041, ""8"": -0.005160735786256403, ""9"": 0.01019379807469542, ""10"": -0.0018213984658354016, ""11"": 0.008240099826853501, ""12"": 0.046277811228876996, ""13"": 0.008067868801400677, ""14"": -0.009527192676162716, ""15"": -0.041962441064551895, ""16"": -0.04418307692313805, ""17"": -0.014279201970338459, ""18"": -0.03574134356704595, ""19"": 0.023951902312050785, ""20"": 0.00784145897045175, ""21"": 0.007377035339159778, ""22"": -0.019918855074326797, ""23"": 0.04284537371626217, ""24"": 0.07798322647093592, ""25"": 0.016193695828263698, ""26"": 0.0012242727968243665, ""27"": -0.04171129073718939, ""28"": -0.00976346184228178, ""29"": -0.009906615742849088, ""30"": 0.011266772871937263, ""31"": -0.025963174798415294, ""32"": 0.009148656425039984, ""33"": -0.022143881966967337, ""34"": -0.009942103999353193, ""35"": 0.0018408197976348603, ""36"": 0.010542718126201972, ""37"": -0.015414464122823188, ""38"": 0.014514962780182038, ""39"": -0.004082124901041778, ""40"": -0.000854017835593521, ""41"": 0.02496885231301852, ""42"": 0.013144608309368082, ""43"": -0.0008083299457186579, ""44"": 0.004267019946992739, ""45"": -0.011395458619866345, ""46"": 0.0055760609398959144, ""47"": 0.03225456805592736, ""48"": 0.0690447648594052}","[24, 48]","{""24"": 87.82535079191872, ""48"": 143.0300312851213}","{""24"": 3.8182538530732074e-10, ""48"": 3.8516671125685435e-12}",970.8259058677382,1120.7994439890458,1.8384260360913631,24,1.0,False,,,,,,False
Germany,2024-07-25,warm-season weekday,2024-07-24T18:00:00+02:00,2024-07-24T16:00:00+00:00,2024-07-24T16:00:00+00:00,24,weekly_differenced,weekly_differenced_arima_p2_d0_q2,,2,0,2,c,weekly_difference,False,,completed,,success,converged,True,True,True,True,True,5129,6,-39948.87954493248,79909.75908986497,79909.77548970877,79949.0150857893,1.038317427926592,3.463574542499575,"[""DeprecationWarning: Setting the shape on a NumPy array has been deprecated in NumPy 2.5.\nAs an alternative, you can create a new view using np.reshape (with copy=False if needed).""]",[],0,4960,True,joint Ljung-Box and residual ACF rule,"{""1"": -0.0023001996742417923, ""2"": 0.002817216758878953, ""3"": -0.0010260013107566974, ""4"": -0.0038465567532399983, ""5"": -0.007565426393748347, ""6"": 0.0052132685408288505, ""7"": -0.009974352818954967, ""8"": -0.006650404385579222, ""9"": 0.010108210270247475, ""10"": -0.003452652891100829, ""11"": 0.006406512530592373, ""12"": 0.04418704054649476, ""13"": 0.005808169924514423, ""14"": -0.011081502330722436, ""15"": -0.042955761785225796, ""16"": -0.04433020922354634, ""17"": -0.015465451380147188, ""18"": -0.03773055958675554, ""19"": 0.021384457514853624, ""20"": 0.007903684060590518, ""21"": 0.007157431676264631, ""22"": -0.02032456061823058, ""23"": 0.0422001594988628, ""24"": 0.07654641503554076, ""25"": 0.014517439476287796, ""26"": 0.0008569633598987119, ""27"": -0.040328651192787245, ""28"": -0.010914182403087138, ""29"": -0.010133316129488265, ""30"": 0.008879728113473019, ""31"": -0.027194404054949068, ""32"": 0.00811060317961652, ""33"": -0.02226502367322597, ""34"": -0.011885184738272622, ""35"": 0.0019733620346515965, ""36"": 0.009159722232786776, ""37"": -0.01647304702935076, ""38"": 0.014613341130191288, ""39"": -0.0042645597287210395, ""40"": -0.002054020752172458, ""41"": 0.024972262094082116, ""42"": 0.012153587848019697, ""43"": -0.0012881069547468755, ""44"": 0.005166243035549764, ""45"": -0.009996416934730764, ""46"": 0.004595398336420777, ""47"": 0.032123597751028174, ""48"": 0.06812026718946104}","[24, 48]","{""24"": 82.78310264028075, ""48"": 136.65868161653728}","{""24"": 1.3162810969118985e-09, ""48"": 1.9906697791363002e-11}",949.7245988655408,1099.0339784249225,1.7993909369107497,24,1.0,False,,,,,,False
Germany,2024-07-25,warm-season weekday,2024-07-24T18:00:00+02:00,2024-07-24T16:00:00+00:00,2024-07-24T16:00:00+00:00,24,weekly_differenced,weekly_differenced_arima_p3_d0_q1,,3,0,1,c,weekly_difference,False,,completed,,success,converged,True,True,True,True,True,5129,6,-39949.08030815475,79910.1606163095,79910.1770161533,79949.41661223384,1.0365913991026314,2.4349272432809763,"[""DeprecationWarning: Setting the shape on a NumPy array has been deprecated in NumPy 2.5.\nAs an alternative, you can create a new view using np.reshape (with copy=False if needed).""]",[],0,4960,True,joint Ljung-Box and residual ACF rule,"{""1"": -0.002842346240228417, ""2"": 0.00626441707156892, ""3"": -0.00954986689263984, ""4"": 0.008354030067679588, ""5"": -0.0010133653221253058, ""6"": 0.00738634383044219, ""7"": -0.009335038906262472, ""8"": -0.006838653354876737, ""9"": 0.008379597793016936, ""10"": -0.005018308077078791, ""11"": 0.004423868047932982, ""12"": 0.042422503330053804, ""13"": 0.004560552749305717, ""14"": -0.012397186011809976, ""15"": -0.043730485808697366, ""16"": -0.04505083993066807, ""17"": -0.015939651545918598, ""18"": -0.03817574141852192, ""19"": 0.021476072261954464, ""20"": 0.006784505546222537, ""21"": 0.005701034170675967, ""22"": -0.02212016688770632, ""23"": 0.04074974520934017, ""24"": 0.07588047952245851, ""25"": 0.01407950155898453, ""26"": -8.51490518275216e-05, ""27"": -0.04162006557608345, ""28"": -0.010340504734299488, ""29"": -0.010677844743458466, ""30"": 0.008924481436723529, ""31"": -0.028133065703140545, ""32"": 0.007201535810807614, ""33"": -0.02364640447957151, ""34"": -0.011990372577770688, ""35"": 0.000712568533042852, ""36"": 0.00890354608489443, ""37"": -0.01683556156682515, ""38"": 0.013689332671207949, ""39"": -0.0050277227811443325, ""40"": -0.0021918771484785806, ""41"": 0.024233375623926537, ""42"": 0.012439978951105522, ""43"": -0.0008164345767053885, ""44"": 0.005245862000408969, ""45"": -0.010619801991060045, ""46"": 0.004719178637668337, ""47"": 0.03138581787685299, ""48"": 0.06755327140050896}","[24, 48]","{""24"": 82.62625779731187, ""48"": 136.71302430197775}","{""24"": 1.400256566744263e-09, ""48"": 1.9532257395721182e-11}",932.9428472645914,1082.0694844032332,1.7681529569495968,24,1.0,False,,,,,,False
Germany,2024-08-18,warm-season Sunday,2024-08-17T18:00:00+02:00,2024-08-17T16:00:00+00:00,2024-08-17T16:00:00+00:00,24,weekly_differenced,weekly_differenced_arima_p1_d0_q1,,1,0,1,c,weekly_difference,False,,completed,,success,converged,True,True,True,True,True,5705,4,-44503.03950150998,89014.07900301996,89014.08602056382,89040.67539606914,1.0299724446838052,2.761099015008899,"[""DeprecationWarning: Setting the shape on a NumPy array has been deprecated in NumPy 2.5.\nAs an alternative, you can create a new view using np.reshape (with copy=False if needed).""]",[],0,5536,True,joint Ljung-Box and residual ACF rule,"{""1"": 0.038801250390800596, ""2"": 0.10483341423472813, ""3"": -0.028739607255759293, ""4"": -0.0033018343510251113, ""5"": -0.017418464693097675, ""6"": -0.0064008041633564685, ""7"": -0.02134586748473083, ""8"": -0.01205414489208396, ""9"": 0.0009804883379349893, ""10"": -0.0031731458526053475, ""11"": -0.004108686830596711, ""12"": 0.035143091326846905, ""13"": -0.0010929408327685628, ""14"": -0.020670355097534798, ""15"": -0.04826790744915687, ""16"": -0.05437665111560331, ""17"": -0.027389068799362926, ""18"": -0.04200460450217998, ""19"": 0.018146383942578188, ""20"": -0.006497186080429164, ""21"": 0.0047708257060730275, ""22"": -0.008538893690271394, ""23"": 0.0369319102779917, ""24"": 0.0719204755529015, ""25"": 0.018235582274974786, ""26"": 0.0027096822447827172, ""27"": -0.04144845655557287, ""28"": -0.015915246172619562, ""29"": -0.022733390971151065, ""30"": -0.00025973218697811234, ""31"": -0.03339763738896853, ""32"": 0.006511726521750226, ""33"": -0.029991082739076122, ""34"": -0.01037795432969919, ""35"": -0.004306589725816785, ""36"": 0.004280771759945715, ""37"": -0.015720917185221627, ""38"": 0.0082854250585174, ""39"": -0.00434465589550132, ""40"": 0.0009476221955482122, ""41"": 0.02398231274060697, ""42"": 0.009764925195703317, ""43"": -7.20468776826692e-06, ""44"": 0.0008975537443252261, ""45"": -0.014227188319446792, ""46"": 0.008430251834882121, ""47"": 0.03193505402519211, ""48"": 0.06598410340478837}","[2, 16, 24, 48]","{""24"": 170.7725725292786, ""48"": 235.93903897521588}","{""24"": 5.304926874830639e-25, ""48"": 2.4170390358649004e-27}",1361.654157586774,1773.6169902328854,3.1680092092123644,24,1.0,False,,,,,,False
Germany,2024-08-18,warm-season Sunday,2024-08-17T18:00:00+02:00,2024-08-17T16:00:00+00:00,2024-08-17T16:00:00+00:00,24,weekly_differenced,weekly_differenced_arima_p2_d0_q0,,2,0,0,c,weekly_difference,False,,completed,,success,converged,True,True,True,True,True,5705,4,-44469.54695361739,88947.09390723478,88947.10092477864,88973.69030028397,1.0436101159735092,inf,"[""DeprecationWarning: Setting the shape on a NumPy array has been deprecated in NumPy 2.5.\nAs an alternative, you can create a new view using np.reshape (with copy=False if needed).""]",[],0,5536,True,joint Ljung-Box and residual ACF rule,"{""1"": 0.01378406741244838, ""2"": -0.026474927461438324, ""3"": -0.025775337195661406, ""4"": -0.006522693136585779, ""5"": -0.001361065223065405, ""6"": 0.005799183725660827, ""7"": -0.01046791862565753, ""8"": -0.002205458143306177, ""9"": 0.012585006934515069, ""10"": 0.0009640565996918852, ""11"": 0.0023547127900382854, ""12"": 0.046491072213358436, ""13"": 0.01277453436094069, ""14"": -0.010552376923976578, ""15"": -0.03667120686580401, ""16"": -0.03813572757633563, ""17"": -0.014788713006830748, ""18"": -0.028139572086882104, ""19"": 0.029268606697101105, ""20"": 0.005099723126491363, ""21"": 0.0029042859726246097, ""22"": -0.014357641733972554, ""23"": 0.03748083935161218, ""24"": 0.07728582569777026, ""25"": 0.02149021758523932, ""26"": 0.0001188277905233624, ""27"": -0.03671019962064262, ""28"": -0.010130773151777378, ""29"": -0.0076268915425298355, ""30"": 0.007249281170222512, ""31"": -0.02252837572858509, ""32"": 0.01404714741750438, ""33"": -0.021418944579147087, ""34"": -0.007549089130166869, ""35"": 0.006233428933430564, ""36"": 0.008927980586184613, ""37"": -0.011743740055465052, ""38"": 0.012115897262041282, ""39"": -0.0026371314490648712, ""40"": 0.0011836354348178039, ""41"": 0.028552786446280076, ""42"": 0.01221266097215781, ""43"": 0.0019084761494681042, ""44"": 0.002209424172533225, ""45"": -0.0159853038798753, ""46"": 0.0014524368627718282, ""47"": 0.03605041752186152, ""48"": 0.06748901732842813}","[24, 48]","{""24"": 92.41131200026116, ""48"": 152.333098885371}","{""24"": 1.327861942989805e-10, ""48"": 2.595842353236562e-13}",1316.820162053726,1787.501293262372,3.032937195594944,24,1.0,False,,,,,,False
Germany,2024-08-18,warm-season Sunday,2024-08-17T18:00:00+02:00,2024-08-17T16:00:00+00:00,2024-08-17T16:00:00+00:00,24,weekly_differenced,weekly_differenced_arima_p2_d0_q1,,2,0,1,c,weekly_difference,False,,completed,,success,converged,True,True,True,True,True,5705,5,-44465.0880051616,88940.17601032321,88940.18653848604,88973.42150163469,1.0404593958261064,9.995753326035928,"[""DeprecationWarning: Setting the shape on a NumPy array has been deprecated in NumPy 2.5.\nAs an alternative, you can create a new view using np.reshape (with copy=False if needed).""]",[],0,5536,True,joint Ljung-Box and residual ACF rule,"{""1"": -0.001609199061291045, ""2"": 0.006763985489152639, ""3"": -0.017491206911588706, ""4"": -0.005104617270873179, ""5"": -0.003612171176540855, ""6"": 0.0036510250546163267, ""7"": -0.012387887269654054, ""8"": -0.004112787106484518, ""9"": 0.01079564171356443, ""10"": 0.000210375524356901, ""11"": 0.0001707159442288766, ""12"": 0.04374982383150533, ""13"": 0.008791659427830096, ""14"": -0.012011598924481566, ""15"": -0.03779021216934116, ""16"": -0.040163319618060786, ""17"": -0.015938022141725183, ""18"": -0.03163472816680274, ""19"": 0.02724954788628849, ""20"": 0.0021283064001871754, ""21"": 0.004313418336185177, ""22"": -0.013106583034069379, ""23"": 0.03631990860897818, ""24"": 0.0748177173784143, ""25"": 0.019096533404530908, ""26"": 0.001624931047893981, ""27"": -0.03668380193972703, ""28"": -0.010256115608343835, ""29"": -0.010700657680120433, ""30"": 0.006074946319025617, ""31"": -0.025401968071394936, ""32"": 0.013427300952125772, ""33"": -0.023189156251078744, ""34"": -0.007867434684353357, ""35"": 0.004115330062766726, ""36"": 0.008015732816306988, ""37"": -0.012949398887152328, ""38"": 0.01200138155810893, ""39"": -0.002936185838365856, ""40"": 0.0007150016854675909, ""41"": 0.027559966095317658, ""42"": 0.01109272435847747, ""43"": 0.0015169461721467816, ""44"": 0.002883083002507642, ""45"": -0.014819793122493692, ""46"": 0.00291812911229939, ""47"": 0.03380721974066677, ""48"": 0.06650661763125022}","[24, 48]","{""24"": 83.24020301358868, ""48"": 141.73200268976137}","{""24"": 2.3040430045534013e-09, ""48"": 6.081493401750398e-12}",1327.6056955890715,1783.8883213489014,3.06542053429253,24,1.0,False,,,,,,False
Germany,2024-08-18,warm-season Sunday,2024-08-17T18:00:00+02:00,2024-08-17T16:00:00+00:00,2024-08-17T16:00:00+00:00,24,weekly_differenced,weekly_differenced_arima_p2_d0_q2,,2,0,2,c,weekly_difference,False,,completed,,success,converged,True,True,True,True,True,5705,6,-44464.1372689991,88940.2745379982,88940.28928001293,88980.16912757196,1.0391040114209866,4.082613718233989,"[""DeprecationWarning: Setting the shape on a NumPy array has been deprecated in NumPy 2.5.\nAs an alternative, you can create a new view using np.reshape (with copy=False if needed).""]",[],0,5536,True,joint Ljung-Box and residual ACF rule,"{""1"": -0.0020982333249988704, ""2"": 0.0026163535794284333, ""3"": -0.0002482899634308406, ""4"": -0.005235738498781512, ""5"": -0.004290064529149558, ""6"": 0.002917634499487268, ""7"": -0.013492031866174604, ""8"": -0.005136054929325153, ""9"": 0.010752247371563974, ""10"": -0.000892768937094656, ""11"": -0.0010878152364603142, ""12"": 0.042423075332634015, ""13"": 0.007394526538911255, ""14"": -0.013199975462189959, ""15"": -0.03836085069553426, ""16"": -0.04011650992496869, ""17"": -0.016878197363714646, ""18"": -0.032918895262381224, ""19"": 0.025745965215250296, ""20"": 0.0020226831911159342, ""21"": 0.004251581012449399, ""22"": -0.01316678628750281, ""23"": 0.03580788963422558, ""24"": 0.07384716291445781, ""25"": 0.018118780510849586, ""26"": 0.0013075073711121914, ""27"": -0.03583124258291832, ""28"": -0.010871443823990594, ""29"": -0.010767429916630076, ""30"": 0.004508785517734504, ""31"": -0.02617585779022949, ""32"": 0.012765042281521432, ""33"": -0.023391647997956268, ""34"": -0.009095470294030884, ""35"": 0.004235631309346, ""36"": 0.007115894501627132, ""37"": -0.013556135464888925, ""38"": 0.01217263279181634, ""39"": -0.003104355289881794, ""40"": 4.691746362588892e-05, ""41"": 0.02748675757470542, ""42"": 0.01040369626282453, ""43"": 0.0012533110694459692, ""44"": 0.003643818173016294, ""45"": -0.013908423721199176, ""46"": 0.0022233407123513544, ""47"": 0.03376913882834592, ""48"": 0.06583541173194417}","[24, 48]","{""24"": 80.37802789754703, ""48"": 137.887542938722}","{""24"": 3.3863511336318956e-09, ""48"": 1.294730038197005e-11}",1333.3925385933178,1781.1149393742442,3.083126633628052,24,1.0,False,,,,,,False
Germany,2024-08-18,warm-season Sunday,2024-08-17T18:00:00+02:00,2024-08-17T16:00:00+00:00,2024-08-17T16:00:00+00:00,24,weekly_differenced,weekly_differenced_arima_p3_d0_q1,,3,0,1,c,weekly_difference,False,,completed,,success,converged,True,True,True,True,True,5705,6,-44464.00121806217,88940.00243612434,88940.01717813908,88979.89702569811,1.0375465129989254,2.794512642259364,"[""DeprecationWarning: Setting the shape on a NumPy array has been deprecated in NumPy 2.5.\nAs an alternative, you can create a new view using np.reshape (with copy=False if needed).""]",[],0,5536,True,joint Ljung-Box and residual ACF rule,"{""1"": -0.002106392810598826, ""2"": 0.0027518212085445343, ""3"": -0.0027769796055133844, ""4"": 0.0039031391392165176, ""5"": 0.00011103229138428891, ""6"": 0.0040403716099686494, ""7"": -0.013561369444299922, ""8"": -0.005599807686366622, ""9"": 0.009481427867282559, ""10"": -0.0023163670634341804, ""11"": -0.0027878050029153706, ""12"": 0.040869341154811265, ""13"": 0.006228844061441807, ""14"": -0.014322367835296305, ""15"": -0.03912177103365476, ""16"": -0.040728107843556675, ""17"": -0.017412228340260426, ""18"": -0.033514799126071686, ""19"": 0.02537019396857993, ""20"": 0.0014136605004353448, ""21"": 0.003162796302927841, ""22"": -0.014544972851636431, ""23"": 0.03480416525506451, ""24"": 0.07319822164222482, ""25"": 0.01752338343760976, ""26"": 0.0005111866680514979, ""27"": -0.03654149536322151, ""28"": -0.010625699483887778, ""29"": -0.011111779928391846, ""30"": 0.004197485822660784, ""31"": -0.026959590688251944, ""32"": 0.011947219978120259, ""33"": -0.024351171529703113, ""34"": -0.009531004426494774, ""35"": 0.0033997831090993094, ""36"": 0.006797410839354124, ""37"": -0.013922906088491685, ""38"": 0.01152760604643507, ""39"": -0.0036287260014997253, ""40"": -0.0002995661242212606, ""41"": 0.026930376144749902, ""42"": 0.010436142481758911, ""43"": 0.0015143988484790868, ""44"": 0.0037959243217573135, ""45"": -0.014199470766257319, ""46"": 0.0021181041843877737, ""47"": 0.0332923295196606, ""48"": 0.06529524344889333}","[24, 48]","{""24"": 79.6687851590777, ""48"": 137.00035047151212}","{""24"": 4.4682250062987624e-09, ""48"": 1.7665518739390926e-11}",1339.5942605465625,1778.2945090506807,3.102130968915468,24,1.0,False,,,,,,False
Germany,2024-09-12,ordinary weekday,2024-09-11T18:00:00+02:00,2024-09-11T16:00:00+00:00,2024-09-11T16:00:00+00:00,24,weekly_differenced,weekly_differenced_arima_p1_d0_q1,,1,0,1,c,weekly_difference,False,,completed,,success,converged,True,True,True,True,True,6305,4,-49225.54048557875,98459.0809711575,98459.08732036383,98486.07736415108,1.0309770761692436,2.85693024100758,"[""DeprecationWarning: Setting the shape on a NumPy array has been deprecated in NumPy 2.5.\nAs an alternative, you can create a new view using np.reshape (with copy=False if needed).""]",[],0,6136,True,joint Ljung-Box and residual ACF rule,"{""1"": 0.03478697197637967, ""2"": 0.09962723859768759, ""3"": -0.02453677771295061, ""4"": -0.010486844255731043, ""5"": -0.013363445117228298, ""6"": -0.012912893597193238, ""7"": -0.019854771828832555, ""8"": -0.014283367874450004, ""9"": 7.314733274998842e-05, ""10"": -0.0017673959798625211, ""11"": -0.00427753947796057, ""12"": 0.038512297764441907, ""13"": -0.0010487032148646647, ""14"": -0.018869317894578203, ""15"": -0.044503396089792646, ""16"": -0.05602512387054512, ""17"": -0.025360276634574682, ""18"": -0.04063693902667927, ""19"": 0.018939667109194692, ""20"": -0.008373257097427268, ""21"": 0.0096422729597235, ""22"": -0.01164419030357059, ""23"": 0.03994605950590184, ""24"": 0.07502854356775579, ""25"": 0.019714745571295784, ""26"": 0.0006234732328242557, ""27"": -0.036113625539094175, ""28"": -0.015348093607239561, ""29"": -0.023715675703180183, ""30"": -0.0021795828055180886, ""31"": -0.030752036345717635, ""32"": 0.0023810462033395327, ""33"": -0.027028454351816795, ""34"": -0.014320680989761981, ""35"": 0.0005552824389184807, ""36"": 0.002176895820117753, ""37"": -0.015441327656093025, ""38"": 0.01164565023942543, ""39"": -0.005056304041211982, ""40"": 0.006471410154609936, ""41"": 0.02184912991838122, ""42"": 0.015196093542214035, ""43"": -0.0014853274774389244, ""44"": -0.004083670168540894, ""45"": -0.010576065011311968, ""46"": 0.0011087622641619379, ""47"": 0.030463574972725675, ""48"": 0.06505040637587453}","[2, 16, 24, 48]","{""24"": 184.18816449296847, ""48"": 251.08927704984467}","{""24"": 1.3673990491309822e-27, ""48"": 4.811159830600074e-30}",1734.563826905183,2080.83250570281,3.3134135734612165,24,1.0,False,,,,,,False
Germany,2024-09-12,ordinary weekday,2024-09-11T18:00:00+02:00,2024-09-11T16:00:00+00:00,2024-09-11T16:00:00+00:00,24,weekly_differenced,weekly_differenced_arima_p2_d0_q0,,2,0,0,c,weekly_difference,False,,completed,,success,converged,True,True,True,True,True,6305,4,-49191.74691590205,98391.4938318041,98391.50018101044,98418.49022479769,1.0439339572330837,inf,"[""DeprecationWarning: Setting the shape on a NumPy array has been deprecated in NumPy 2.5.\nAs an alternative, you can create a new view using np.reshape (with copy=False if needed).""]",[],0,6136,True,joint Ljung-Box and residual ACF rule,"{""1"": 0.01096366188569146, ""2"": -0.021820658228001465, ""3"": -0.021105030003079325, ""4"": -0.0120525114374237, ""5"": 0.0015964742034531023, ""6"": -0.0003172305948744696, ""7"": -0.009621642194403673, ""8"": -0.0042070395969838964, ""9"": 0.011035409234526901, ""10"": 0.002168049464330511, ""11"": 0.001817182990325747, ""12"": 0.04882510614004962, ""13"": 0.01140633652106787, ""14"": -0.009468932016410591, ""15"": -0.033587635390393174, ""16"": -0.0412299969280045, ""17"": -0.01389810158306734, ""18"": -0.02706588280474403, ""19"": 0.02851733281002144, ""20"": 0.0026250887164106546, ""21"": 0.007732220276990147, ""22"": -0.017398583785529786, ""23"": 0.03971296000694107, ""24"": 0.08064889187852667, ""25"": 0.02168716412889546, ""26"": -0.0024053142408504992, ""27"": -0.03143272395406498, ""28"": -0.009371150225114038, ""29"": -0.010540622725512492, ""30"": 0.005300336667428161, ""31"": -0.020586867362523704, ""32"": 0.010115143180212685, ""33"": -0.01968531955400712, ""34"": -0.011023040422648886, ""35"": 0.01027304893681989, ""36"": 0.006506164091283861, ""37"": -0.01219337776773919, ""38"": 0.014875293959637364, ""39"": -0.0033981585270885096, ""40"": 0.005758928350045476, ""41"": 0.026074345564731125, ""42"": 0.01769506355128953, ""43"": 5.7973255757859886e-05, ""44"": -0.002674729673671364, ""45"": -0.011303042538440403, ""46"": -0.0048091129308229065, ""47"": 0.033412717480417777, ""48"": 0.06728902489495153}","[24, 48]","{""24"": 104.97406904538569, ""48"": 167.29060815914}","{""24"": 8.618890238983058e-13, ""48"": 1.1127324320506627e-15}",1853.166430960233,2256.093434802208,3.490029216181824,24,1.0,False,,,,,,False
Germany,2024-09-12,ordinary weekday,2024-09-11T18:00:00+02:00,2024-09-11T16:00:00+00:00,2024-09-11T16:00:00+00:00,24,weekly_differenced,weekly_differenced_arima_p2_d0_q1,,2,0,1,c,weekly_difference,False,,completed,,success,converged,True,True,True,True,True,6305,5,-49188.22730224484,98386.45460448969,98386.46412981115,98420.20009573166,1.0411586965227464,11.384636146163816,"[""DeprecationWarning: Setting the shape on a NumPy array has been deprecated in NumPy 2.5.\nAs an alternative, you can create a new view using np.reshape (with copy=False if needed).""]",[],0,6136,True,joint Ljung-Box and residual ACF rule,"{""1"": -0.0015776825143439825, ""2"": 0.006260530106013016, ""3"": -0.01411625770991747, ""4"": -0.011279579705652243, ""5"": -0.000194241366878204, ""6"": -0.0025264794250115107, ""7"": -0.011214667112459685, ""8"": -0.006026919333238145, ""9"": 0.009418191131949376, ""10"": 0.0015105056308713585, ""11"": -0.00016132446257444784, ""12"": 0.04655565110171322, ""13"": 0.008015541956803261, ""14"": -0.010794671491292535, ""15"": -0.03456615546333292, ""16"": -0.04302165758758165, ""17"": -0.014866074661925797, ""18"": -0.030169075407369118, ""19"": 0.02689249538838808, ""20"": -1.2436654990398395e-05, ""21"": 0.00907635858050629, ""22"": -0.016373903581460406, ""23"": 0.03886554134775486, ""24"": 0.0784147783043951, ""25"": 0.019866102434966268, ""26"": -0.001106983212368694, ""27"": -0.031449918606008063, ""28"": -0.00967983616025211, ""29"": -0.0130147585064734, ""30"": 0.004196999666248905, ""31"": -0.022979011944579113, ""32"": 0.009318137269092527, ""33"": -0.02095987739383275, ""34"": -0.011575426114669614, ""35"": 0.008576483603990822, ""36"": 0.005637544767716888, ""37"": -0.013124749242363482, ""38"": 0.014860860887329293, ""39"": -0.003802045158488955, ""40"": 0.005627150228745201, ""41"": 0.025007248991642497, ""42"": 0.01679026035658457, ""43"": -0.00025583132444305406, ""44"": -0.0022350359965937158, ""45"": -0.010267991799509431, ""46"": -0.003724339977559474, ""47"": 0.031824110763864225, ""48"": 0.06618970259817207}","[24, 48]","{""24"": 97.81159119339017, ""48"": 158.51785264363156}","{""24"": 7.020557033119547e-12, ""48"": 1.463845099570922e-14}",1829.500878253827,2220.73056510398,3.4558927245945994,24,1.0,False,,,,,,False
Germany,2024-09-12,ordinary weekday,2024-09-11T18:00:00+02:00,2024-09-11T16:00:00+00:00,2024-09-11T16:00:00+00:00,24,weekly_differenced,weekly_differenced_arima_p2_d0_q2,,2,0,2,c,weekly_difference,False,,completed,,success,converged,True,True,True,True,True,6305,6,-49187.46094678765,98386.9218935753,98386.93523114278,98427.4164830657,1.0398869836009086,4.327132789448805,"[""DeprecationWarning: Setting the shape on a NumPy array has been deprecated in NumPy 2.5.\nAs an alternative, you can create a new view using np.reshape (with copy=False if needed).""]",[],0,6136,True,joint Ljung-Box and residual ACF rule,"{""1"": -0.0018744520314300443, ""2"": 0.002504131388649539, ""3"": 0.0007941239270697109, ""4"": -0.011141857065116405, ""5"": -0.0008665573754562592, ""6"": -0.0032072188461798805, ""7"": -0.012324521682285438, ""8"": -0.006906874454722284, ""9"": 0.009274764342251638, ""10"": 0.0004753309006215459, ""11"": -0.0013127544493315398, ""12"": 0.04536494659276873, ""13"": 0.006728523445469696, ""14"": -0.011875401495201339, ""15"": -0.0350453859935587, ""16"": -0.04305119578955442, ""17"": -0.015755001329277502, ""18"": -0.031184016664013135, ""19"": 0.02541905742589373, ""20"": -4.805098179505399e-05, ""21"": 0.009057282533396094, ""22"": -0.016463730356792782, ""23"": 0.038314156588231556, ""24"": 0.07772614672232939, ""25"": 0.01894122636957659, ""26"": -0.0014474785467742481, ""27"": -0.030687130085770727, ""28"": -0.010167435009968953, ""29"": -0.013223341003596357, ""30"": 0.002904769025665679, ""31"": -0.023722065378014294, ""32"": 0.00876164299670429, ""33"": -0.02126606804264622, ""34"": -0.012612106713906815, ""35"": 0.008632346069292841, ""36"": 0.004858663475507083, ""37"": -0.013658677413297125, ""38"": 0.015003998960108136, ""39"": -0.003891786761669941, ""40"": 0.004965441818000975, ""41"": 0.024896635215772865, ""42"": 0.016239156093281335, ""43"": -0.0005412926987754864, ""44"": -0.001638575166879277, ""45"": -0.009388530000377737, ""46"": -0.004280154416053972, ""47"": 0.03165779971303609, ""48"": 0.06558864131317596}","[24, 48]","{""24"": 95.36648385989949, ""48"": 155.22501875063872}","{""24"": 8.420710668833284e-12, ""48"": 2.5576858005666546e-14}",1818.4956287640696,2205.6381608063534,3.4389802289542337,24,1.0,False,,,,,,False
Germany,2024-09-12,ordinary weekday,2024-09-11T18:00:00+02:00,2024-09-11T16:00:00+00:00,2024-09-11T16:00:00+00:00,24,weekly_differenced,weekly_differenced_arima_p3_d0_q1,,3,0,1,c,weekly_difference,False,,completed,,success,converged,True,True,True,True,True,6305,6,-49186.86983309504,98385.73966619009,98385.75300375756,98426.23425568048,1.0372120368890332,1.932587115180432,"[""DeprecationWarning: Setting the shape on a NumPy array has been deprecated in NumPy 2.5.\nAs an alternative, you can create a new view using np.reshape (with copy=False if needed).""]",[],0,6136,True,joint Ljung-Box and residual ACF rule,"{""1"": -0.0014748563082010795, ""2"": 0.0004989429804297021, ""3"": 0.0003026103979901066, ""4"": 0.0003419778089672324, ""5"": 0.006442463007152942, ""6"": 7.006673285198463e-05, ""7"": -0.011312811335688533, ""8"": -0.007168469262796519, ""9"": 0.007698349949322831, ""10"": -0.001854890372942985, ""11"": -0.004008385985683986, ""12"": 0.04281069264302765, ""13"": 0.004774134527554844, ""14"": -0.013721559501469322, ""15"": -0.036374437979580176, ""16"": -0.04394741229691752, ""17"": -0.016592196843816007, ""18"": -0.03200474642778497, ""19"": 0.024753261441565786, ""20"": -0.0010357511733205611, ""21"": 0.007099340935479735, ""22"": -0.018788673152139657, ""23"": 0.036558679719343436, ""24"": 0.0764351690412058, ""25"": 0.01778370315981966, ""26"": -0.0028930806878150997, ""27"": -0.03168873817002948, ""28"": -0.010159002650780914, ""29"": -0.01354578356600641, ""30"": 0.002267140659642575, ""31"": -0.02470994937801054, ""32"": 0.007493219461973499, ""33"": -0.02264740204630122, ""34"": -0.013576281550240977, ""35"": 0.007531025726454153, ""36"": 0.004170963673007571, ""37"": -0.014377018566490438, ""38"": 0.014008284305855523, ""39"": -0.004793407123618908, ""40"": 0.004224964829605344, ""41"": 0.024210623010042488, ""42"": 0.016157483419862947, ""43"": -0.0002854151788458518, ""44"": -0.0014137868273219405, ""45"": -0.00976383107662787, ""46"": -0.004722562411623525, ""47"": 0.03096068294059925, ""48"": 0.06473525051174525}","[24, 48]","{""24"": 92.95450826473194, ""48"": 152.38988048988034}","{""24"": 2.246208544017338e-11, ""48"": 7.21511446019274e-14}",1797.3006826740482,2180.5783079212174,3.402105576682466,24,1.0,False,,,,,,False
Germany,2024-10-03,Germany-specific public holiday,2024-10-02T18:00:00+02:00,2024-10-02T16:00:00+00:00,2024-10-02T16:00:00+00:00,24,weekly_differenced,weekly_differenced_arima_p1_d0_q1,,1,0,1,c,weekly_difference,False,,completed,,success,converged,True,True,True,True,True,6809,4,-53207.30123044489,106422.6024608898,106422.60833978457,106449.90646307172,1.0313533751390065,2.8802857221824927,"[""DeprecationWarning: Setting the shape on a NumPy array has been deprecated in NumPy 2.5.\nAs an alternative, you can create a new view using np.reshape (with copy=False if needed).""]",[],0,6640,True,joint Ljung-Box and residual ACF rule,"{""1"": 0.032937213129567364, ""2"": 0.09520272016862037, ""3"": -0.023283279496487973, ""4"": -0.011499118623637991, ""5"": -0.01695314458555757, ""6"": -0.01955541271893291, ""7"": -0.02305663124735073, ""8"": -0.014508971276510215, ""9"": -0.0015773292106008158, ""10"": -0.0011675284352314337, ""11"": 0.004045780481701385, ""12"": 0.03460526225901241, ""13"": 0.005149053270851537, ""14"": -0.01874697798635993, ""15"": -0.03911960878989048, ""16"": -0.05787578905219562, ""17"": -0.025445722440065474, ""18"": -0.04371237714899996, ""19"": 0.016989943493223345, ""20"": -0.00920427032047297, ""21"": 0.014581486527093854, ""22"": -0.009097897135803114, ""23"": 0.042041225671007, ""24"": 0.0807527805470894, ""25"": 0.018052570430750845, ""26"": 0.002514855546255201, ""27"": -0.03403942946092042, ""28"": -0.011936400730991925, ""29"": -0.02564320724905394, ""30"": -0.005494665619181892, ""31"": -0.033869874761650355, ""32"": 0.001399875055244008, ""33"": -0.02788973115369648, ""34"": -0.013500441087788213, ""35"": 0.004127081857875795, ""36"": 0.0061885260308732785, ""37"": -0.009576706316997093, ""38"": 0.014114112711869653, ""39"": -0.0032404011066447963, ""40"": 0.004500024873197083, ""41"": 0.02124924265290334, ""42"": 0.010225463839028701, ""43"": -0.0014904362379565411, ""44"": -0.005811191523003329, ""45"": -0.009665935493350682, ""46"": -0.005450917460521104, ""47"": 0.03111224043639206, ""48"": 0.06841557079713734}","[2, 16, 24, 48]","{""24"": 201.14429735128846, ""48"": 275.7922100216011}","{""24"": 6.792841811743307e-31, ""48"": 1.6093349088034718e-34}",9748.876872243822,11176.454368992596,20.819253953872742,24,1.0,False,,,,,,False
Germany,2024-10-03,Germany-specific public holiday,2024-10-02T18:00:00+02:00,2024-10-02T16:00:00+00:00,2024-10-02T16:00:00+00:00,24,weekly_differenced,weekly_differenced_arima_p2_d0_q0,,2,0,0,c,weekly_difference,False,,completed,,success,converged,True,True,True,True,True,6809,4,-53174.48989371393,106356.97978742786,106356.98566632262,106384.2837896098,1.0439614371601798,inf,"[""DeprecationWarning: Setting the shape on a NumPy array has been deprecated in NumPy 2.5.\nAs an alternative, you can create a new view using np.reshape (with copy=False if needed).""]",[],0,6640,True,joint Ljung-Box and residual ACF rule,"{""1"": 0.011260413144560234, ""2"": -0.023595069176037924, ""3"": -0.018881622687137084, ""4"": -0.011551218877817416, ""5"": -0.0019263748903505817, ""6"": -0.007051736056219265, ""7"": -0.012187432857774842, ""8"": -0.0036955513856344116, ""9"": 0.00842835558141799, ""10"": 0.003125277120622112, ""11"": 0.009735284551998659, ""12"": 0.04411805276140413, ""13"": 0.015820933153234042, ""14"": -0.009084210926321015, ""15"": -0.02907901944442285, ""16"": -0.04313603019609653, ""17"": -0.014578704793077123, ""18"": -0.029954388508228773, ""19"": 0.025768968885156868, ""20"": 0.001692154181167887, ""21"": 0.012786360817077123, ""22"": -0.01527587388835187, ""23"": 0.04135921265393699, ""24"": 0.08585200995787352, ""25"": 0.01940399424225073, ""26"": -0.001515922459494331, ""27"": -0.02893976626088895, ""28"": -0.005799419183640911, ""29"": -0.01255119810417989, ""30"": 0.0016140944150381902, ""31"": -0.02332278958528974, ""32"": 0.009387597747554823, ""33"": -0.020605226311453256, ""34"": -0.010595446752829916, ""35"": 0.013021113667325333, ""36"": 0.009891135811979335, ""37"": -0.007041865951881538, ""38"": 0.016913945773153468, ""39"": -0.002134679268050183, ""40"": 0.004209796282845325, ""41"": 0.025383057335628366, ""42"": 0.013241778684085178, ""43"": 0.00030689692437194907, ""44"": -0.002910298430305693, ""45"": -0.010117449658304977, ""46"": -0.011398381542377222, ""47"": 0.033965849413431115, ""48"": 0.07093675980086687}","[24, 48]","{""24"": 118.59495718148086, ""48"": 188.449220844178}","{""24"": 3.1371850106430338e-15, ""48"": 3.74398605841595e-19}",9667.638328045628,11090.299178992858,20.64144459326107,24,1.0,False,,,,,,False
Germany,2024-10-03,Germany-specific public holiday,2024-10-02T18:00:00+02:00,2024-10-02T16:00:00+00:00,2024-10-02T16:00:00+00:00,24,weekly_differenced,weekly_differenced_arima_p2_d0_q1,,2,0,1,c,weekly_difference,False,,completed,,success,converged,True,True,True,True,True,6809,5,-53170.43948477723,106350.87896955444,106350.88778919284,106385.00897228188,1.0410981748876629,10.844596281940516,"[""DeprecationWarning: Setting the shape on a NumPy array has been deprecated in NumPy 2.5.\nAs an alternative, you can create a new view using np.reshape (with copy=False if needed).""]",[],0,6640,True,joint Ljung-Box and residual ACF rule,"{""1"": -0.0014915460711562554, ""2"": 0.005561133894348344, ""3"": -0.012063751044998579, ""4"": -0.011159767794820186, ""5"": -0.0038354530486864927, ""6"": -0.009304342109987606, ""7"": -0.01396046590283833, ""8"": -0.005695918211104853, ""9"": 0.006784415862055502, ""10"": 0.002252809498359605, ""11"": 0.007836238340054218, ""12"": 0.041674894524222905, ""13"": 0.01274986295887354, ""14"": -0.010721225526009202, ""15"": -0.030018888366218674, ""16"": -0.04516046947433498, ""17"": -0.015480647955358737, ""18"": -0.03315754667747053, ""19"": 0.024271211497983367, ""20"": -0.0011087138378892813, ""21"": 0.014143524134506126, ""22"": -0.014205209669002322, ""23"": 0.04048946997931161, ""24"": 0.08372089750459392, ""25"": 0.017624711835193745, ""26"": 8.056881064674044e-05, ""27"": -0.029174388452131512, ""28"": -0.006268761997810583, ""29"": -0.015175162189807469, ""30"": 0.0005953856510060174, ""31"": -0.025834235795338258, ""32"": 0.008506130113291438, ""33"": -0.021948793800373012, ""34"": -0.011114922042880159, ""35"": 0.011330038602154341, ""36"": 0.008967258673492753, ""37"": -0.007955063135242269, ""38"": 0.016868667639040845, ""39"": -0.002439832828855762, ""40"": 0.004023589094558394, ""41"": 0.024404391545703178, ""42"": 0.01221573245971626, ""43"": -4.719275067968399e-05, ""44"": -0.0028609113845853625, ""45"": -0.008990264868812103, ""46"": -0.010233381176368314, ""47"": 0.03243488635520598, ""48"": 0.06972659232608872}","[24, 48]","{""24"": 111.10818735066746, ""48"": 179.33723803468214}","{""24"": 2.973241321679941e-14, ""48"": 6.014780152959067e-18}",9688.361448759184,11112.400929888923,20.68694852363878,24,1.0,False,,,,,,False
Germany,2024-10-03,Germany-specific public holiday,2024-10-02T18:00:00+02:00,2024-10-02T16:00:00+00:00,2024-10-02T16:00:00+00:00,24,weekly_differenced,weekly_differenced_arima_p2_d0_q2,,2,0,2,c,weekly_difference,False,,completed,,success,converged,True,True,True,True,True,6809,6,-53169.805808196485,106351.61161639295,106351.623965702,106392.56761966586,1.0399929417891802,4.609256552117739,"[""DeprecationWarning: Setting the shape on a NumPy array has been deprecated in NumPy 2.5.\nAs an alternative, you can create a new view using np.reshape (with copy=False if needed).""]",[],0,6640,True,joint Ljung-Box and residual ACF rule,"{""1"": -0.0017835958668334364, ""2"": 0.002324854296872777, ""3"": 0.0005791755484729969, ""4"": -0.01108644369722068, ""5"": -0.004413677585684262, ""6"": -0.009952947003793153, ""7"": -0.014892695099848864, ""8"": -0.006399289780390514, ""9"": 0.006470563086843919, ""10"": 0.0013937047061739901, ""11"": 0.006840470819609891, ""12"": 0.04066317817822882, ""13"": 0.011578927577081437, ""14"": -0.011537770551818528, ""15"": -0.03054929915285096, ""16"": -0.04517051616319559, ""17"": -0.016266259610905453, ""18"": -0.03390455334709791, ""19"": 0.022985786738551083, ""20"": -0.0011379664489580804, ""21"": 0.014152028996286118, ""22"": -0.014364567535461656, ""23"": 0.03999467242780337, ""24"": 0.08320813766308724, ""25"": 0.016887352529579736, ""26"": -0.0002506943199949116, ""27"": -0.028501189460582728, ""28"": -0.006758279792042961, ""29"": -0.015369759062484539, ""30"": -0.0005200307105427835, ""31"": -0.026426368181467836, ""32"": 0.00802923302658418, ""33"": -0.02222219002757935, ""34"": -0.011994730693896331, ""35"": 0.011366097415857018, ""36"": 0.0082830754422523, ""37"": -0.008444666482143575, ""38"": 0.017002829311478847, ""39"": -0.002555205286992966, ""40"": 0.0035257700976674827, ""41"": 0.024306760302208557, ""42"": 0.011760926594172619, ""43"": -0.00041797357816029414, ""44"": -0.0023408185496618466, ""45"": -0.008267992772772327, ""46"": -0.010712888504585731, ""47"": 0.03230131148884327, ""48"": 0.0692503319180028}","[24, 48]","{""24"": 109.06218039398182, ""48"": 176.6657555733858}","{""24"": 2.910910470349116e-14, ""48"": 8.1979653862549e-18}",9696.795049264429,11121.383226225003,20.70544620169467,24,1.0,False,,,,,,False
Germany,2024-10-03,Germany-specific public holiday,2024-10-02T18:00:00+02:00,2024-10-02T16:00:00+00:00,2024-10-02T16:00:00+00:00,24,weekly_differenced,weekly_differenced_arima_p3_d0_q1,,3,0,1,c,weekly_difference,False,,completed,,success,converged,True,True,True,True,True,6809,6,-53168.54959828297,106349.09919656592,106349.11154587496,106390.05519983884,1.0350750406421625,1.5189390902711346,"[""DeprecationWarning: Setting the shape on a NumPy array has been deprecated in NumPy 2.5.\nAs an alternative, you can create a new view using np.reshape (with copy=False if needed).""]",[],0,6640,True,joint Ljung-Box and residual ACF rule,"{""1"": -7.477355720729006e-05, ""2"": -0.004227314989459527, ""3"": 0.002880861719327199, ""4"": 0.0038684685091695467, ""5"": 0.0069120668484206026, ""6"": -0.0031542359046695416, ""7"": -0.01150060454402725, ""8"": -0.005459822646335263, ""9"": 0.005084316390777279, ""10"": -0.0018461269820648839, ""11"": 0.002866069363197115, ""12"": 0.036708076458050756, ""13"": 0.008280907827308007, ""14"": -0.014678058401483313, ""15"": -0.03288486253109755, ""16"": -0.0466466017196596, ""17"": -0.017781718774523437, ""18"": -0.03514259214960763, ""19"": 0.021488472031995692, ""20"": -0.0028846638480666703, ""21"": 0.010438001307093037, ""22"": -0.018614842369531422, ""23"": 0.03655458899541178, ""24"": 0.0805383660155263, ""25"": 0.01439929810757555, ""26"": -0.003225537462124965, ""27"": -0.030279418210379657, ""28"": -0.007348896582022956, ""29"": -0.015893194412235804, ""30"": -0.0017102701014930083, ""31"": -0.027705214806157483, ""32"": 0.006178296967041653, ""33"": -0.024254347085032536, ""34"": -0.013956148119705384, ""35"": 0.0095320196964635, ""36"": 0.0066365075474458975, ""37"": -0.01009861427622314, ""38"": 0.015108373299095645, ""39"": -0.004224631710593158, ""40"": 0.002102548054326179, ""41"": 0.02329476367608304, ""42"": 0.011429310707813209, ""43"": -0.0003253593909997536, ""44"": -0.0022029627634106257, ""45"": -0.00905118166265685, ""46"": -0.011934963908971712, ""47"": 0.031192240255955527, ""48"": 0.06785898946640703}","[24, 48]","{""24"": 103.16918038060528, ""48"": 170.01003857763178}","{""24"": 3.398154916879128e-13, ""48"": 1.0324691669776626e-16}",9723.20739764546,11148.970162732754,20.76323220199507,24,1.0,False,,,,,,False
Germany,2024-10-26,Austria-specific public holiday / Saturday,2024-10-25T18:00:00+02:00,2024-10-25T16:00:00+00:00,2024-10-25T16:00:00+00:00,24,weekly_differenced,weekly_differenced_arima_p1_d0_q1,,1,0,1,c,weekly_difference,False,,completed,,success,converged,True,True,True,True,True,7361,4,-57670.44926126453,115348.89852252908,115348.90396026697,115376.5143268173,1.0316206285252911,2.827401665320227,"[""DeprecationWarning: Setting the shape on a NumPy array has been deprecated in NumPy 2.5.\nAs an alternative, you can create a new view using np.reshape (with copy=False if needed).""]",[],0,7192,True,joint Ljung-Box and residual ACF rule,"{""1"": 0.0341941143664536, ""2"": 0.09431746169723931, ""3"": -0.028676341504358764, ""4"": -0.009875410292186497, ""5"": -0.011511682337755165, ""6"": -0.01729902154614444, ""7"": -0.01841676204407536, ""8"": -0.019530588079129097, ""9"": -0.005192767365517193, ""10"": -0.0011210621395899329, ""11"": 0.0037792790151965037, ""12"": 0.029016521241186803, ""13"": 0.006434918699283457, ""14"": -0.016300542659531937, ""15"": -0.04269791892894969, ""16"": -0.058814118347040326, ""17"": -0.020799274437887323, ""18"": -0.042012702056211895, ""19"": 0.011474813751073343, ""20"": -0.009170571179917287, ""21"": 0.012167049452887515, ""22"": -0.006700006708194011, ""23"": 0.03790906216344157, ""24"": 0.08876542953458486, ""25"": 0.024528173339679972, ""26"": 0.009475121137157034, ""27"": -0.03143379740078634, ""28"": -0.0171379139227735, ""29"": -0.02259537597414017, ""30"": -0.00632331022446689, ""31"": -0.0331282099227629, ""32"": -0.00173495081485019, ""33"": -0.021458640072684523, ""34"": -0.012441409317689027, ""35"": 0.0023236361100640087, ""36"": 0.0055399495954084, ""37"": -0.008815426103492584, ""38"": 0.01848965209506789, ""39"": -0.00037872428666240994, ""40"": -0.003092154467911336, ""41"": 0.019252897860244134, ""42"": 0.002667505701056263, ""43"": 0.0010484246687309051, ""44"": -0.005212117037833583, ""45"": -0.008467794059968095, ""46"": -0.006155679595971872, ""47"": 0.02912113023877671, ""48"": 0.07031091678929616}","[2, 16, 24, 48]","{""24"": 220.0583542575956, ""48"": 299.7219233914401}","{""24"": 1.2918369560103484e-34, ""48"": 6.294611480105038e-39}",1521.6491466736854,1633.646711564695,3.3274368760963227,24,1.0,False,,,,,,False
Germany,2024-10-26,Austria-specific public holiday / Saturday,2024-10-25T18:00:00+02:00,2024-10-25T16:00:00+00:00,2024-10-25T16:00:00+00:00,24,weekly_differenced,weekly_differenced_arima_p2_d0_q0,,2,0,0,c,weekly_difference,False,,completed,,success,converged,True,True,True,True,True,7361,4,-57636.39992508945,115280.7998501789,115280.8052879168,115308.41565446711,1.0447703187127486,inf,"[""DeprecationWarning: Setting the shape on a NumPy array has been deprecated in NumPy 2.5.\nAs an alternative, you can create a new view using np.reshape (with copy=False if needed).""]",[],0,7192,True,joint Ljung-Box and residual ACF rule,"{""1"": 0.014224976627737829, ""2"": -0.028594465751381963, ""3"": -0.024999734276848706, ""4"": -0.010155181645337531, ""5"": 0.004093559888076879, ""6"": -0.004193104600796154, ""7"": -0.007329138888305844, ""8"": -0.008833296035069757, ""9"": 0.004608899763908955, ""10"": 0.004852194219313075, ""11"": 0.010159657860051678, ""12"": 0.038412239185265096, ""13"": 0.01809363765477346, ""14"": -0.00537771473558824, ""15"": -0.03335500393375774, ""16"": -0.04427487336421192, ""17"": -0.008435820450534077, ""18"": -0.027626784034669453, ""19"": 0.019996542013933586, ""20"": 0.0018021360965585114, ""21"": 0.011487770555933969, ""22"": -0.013852748038875838, ""23"": 0.036390434935113784, ""24"": 0.09294311817364721, ""25"": 0.02598662545366121, ""26"": 0.004777999975237049, ""27"": -0.027501713474142226, ""28"": -0.011989283310416736, ""29"": -0.00932541420248345, ""30"": 0.0019171260309106047, ""31"": -0.02344070693698227, ""32"": 0.006119135245502982, ""33"": -0.013673136439224206, ""34"": -0.009109139665998672, ""35"": 0.010426183565480023, ""36"": 0.008553407190920822, ""37"": -0.006479486954894785, ""38"": 0.022356074181408794, ""39"": 0.0010110205561294503, ""40"": -0.0031931999643153145, ""41"": 0.023081568760619068, ""42"": 0.006436950867051565, ""43"": 0.003031581173993487, ""44"": -0.0013311356716795308, ""45"": -0.009145477610754136, ""46"": -0.012762880297821296, ""47"": 0.03300221173460545, ""48"": 0.07240732395730543}","[24, 48]","{""24"": 133.36919581434427, ""48"": 208.9450492759316}","{""24"": 6.151808557056775e-18, ""48"": 1.2495961625707646e-22}",1697.2389218196424,1797.1629676205494,3.7242157216183367,24,1.0,False,,,,,,False
Germany,2024-10-26,Austria-specific public holiday / Saturday,2024-10-25T18:00:00+02:00,2024-10-25T16:00:00+00:00,2024-10-25T16:00:00+00:00,24,weekly_differenced,weekly_differenced_arima_p2_d0_q1,,2,0,1,c,weekly_difference,False,,completed,,success,converged,True,True,True,True,True,7361,5,-57630.22624231638,115270.45248463275,115270.4606423486,115304.97223999305,1.041543601792871,9.32221341999282,"[""DeprecationWarning: Setting the shape on a NumPy array has been deprecated in NumPy 2.5.\nAs an alternative, you can create a new view using np.reshape (with copy=False if needed).""]",[],0,7192,True,joint Ljung-Box and residual ACF rule,"{""1"": -0.0011212450950935477, ""2"": 0.006165099194881406, ""3"": -0.01684112512082845, ""4"": -0.009559093986863549, ""5"": 0.0018167795463421624, ""6"": -0.00708934247097529, ""7"": -0.009167163186745904, ""8"": -0.0109129496585035, ""9"": 0.0029823217053797013, ""10"": 0.003657396211801205, ""11"": 0.007997329982741556, ""12"": 0.03568064172117829, ""13"": 0.014468866567850968, ""14"": -0.007368584815295846, ""15"": -0.03417252946684667, ""16"": -0.046466575589260276, ""17"": -0.009717629918705055, ""18"": -0.03140186331471343, ""19"": 0.018453129281753314, ""20"": -0.0011894310137250223, ""21"": 0.012869921633795377, ""22"": -0.012151912258681763, ""23"": 0.03553548919394261, ""24"": 0.09079554635748867, ""25"": 0.023640367305641397, ""26"": 0.0066893613892277685, ""27"": -0.02731944965977575, ""28"": -0.012214068350682169, ""29"": -0.012135537975973566, ""30"": 0.0005390397721296578, ""31"": -0.02596821102400983, ""32"": 0.005111642436963763, ""33"": -0.015246578262150767, ""34"": -0.009834441105648026, ""35"": 0.008780161305135852, ""36"": 0.007876088115130124, ""37"": -0.007570137686542302, ""38"": 0.021975205210556084, ""39"": 0.0006131046679971463, ""40"": -0.0034104661465824654, ""41"": 0.02245540695353426, ""42"": 0.005106940667946178, ""43"": 0.0026753715553545507, ""44"": -0.0016082042643015277, ""45"": -0.007785381828672586, ""46"": -0.01126783998013116, ""47"": 0.031025631957366677, ""48"": 0.07144300123622328}","[24, 48]","{""24"": 121.649220203761, ""48"": 195.18101878991885}","{""24"": 3.5553460167227664e-16, ""48"": 1.3142382090389924e-20}",1653.3218405530777,1756.2289951484183,3.624478240204768,24,1.0,False,,,,,,False
Germany,2024-10-26,Austria-specific public holiday / Saturday,2024-10-25T18:00:00+02:00,2024-10-25T16:00:00+00:00,2024-10-25T16:00:00+00:00,24,weekly_differenced,weekly_differenced_arima_p2_d0_q2,,2,0,2,c,weekly_difference,False,,completed,,success,converged,True,True,True,True,True,7361,6,-57629.04910175756,115270.09820351512,115270.1096258703,115311.52190994748,1.0399794116034171,3.9585211349285054,"[""DeprecationWarning: Setting the shape on a NumPy array has been deprecated in NumPy 2.5.\nAs an alternative, you can create a new view using np.reshape (with copy=False if needed).""]",[],0,7192,True,joint Ljung-Box and residual ACF rule,"{""1"": -0.001591745485724662, ""2"": 0.0021067586322282834, ""3"": 1.459722809547618e-05, ""4"": -0.010552403316221938, ""5"": 0.0006969497890159805, ""6"": -0.00814106439320703, ""7"": -0.010470677765653623, ""8"": -0.011873012205403675, ""9"": 0.0024058259727444695, ""10"": 0.0026375009837037115, ""11"": 0.006639562577449463, ""12"": 0.034166414077806184, ""13"": 0.012872020240182115, ""14"": -0.008350254828939132, ""15"": -0.035080644433747275, ""16"": -0.046692301190576734, ""17"": -0.010749667050492183, ""18"": -0.03253050856153256, ""19"": 0.01665846456721777, ""20"": -0.0013260942529806196, ""21"": 0.013061946797351648, ""22"": -0.012367646274527869, ""23"": 0.03495940182181609, ""24"": 0.09009131130070026, ""25"": 0.02258632880451402, ""26"": 0.0062312295200238526, ""27"": -0.026371705057145086, ""28"": -0.01291725225088577, ""29"": -0.012386569455532518, ""30"": -0.0007840897780194988, ""31"": -0.026907556918546023, ""32"": 0.004462755354898797, ""33"": -0.01562387296058711, ""34"": -0.01102329752452242, ""35"": 0.008837537686309087, ""36"": 0.007080269692676133, ""37"": -0.008358989193402186, ""38"": 0.022104424632003683, ""39"": 0.0003003178267302273, ""40"": -0.004043172064714204, ""41"": 0.022416846657778603, ""42"": 0.00456201184639628, ""43"": 0.00196769708378308, ""44"": -0.0010267803403519035, ""45"": -0.00695332914997548, ""46"": -0.012066054729775235, ""47"": 0.0310171221526345, ""48"": 0.07089015884295459}","[24, 48]","{""24"": 118.4661424517792, ""48"": 191.46003439893778}","{""24"": 5.48043366280369e-16, ""48"": 2.6584255383432203e-20}",1642.2094269645688,1745.8004143004473,3.59944526382433,24,1.0,False,,,,,,False
Germany,2024-10-26,Austria-specific public holiday / Saturday,2024-10-25T18:00:00+02:00,2024-10-25T16:00:00+00:00,2024-10-25T16:00:00+00:00,24,weekly_differenced,weekly_differenced_arima_p3_d0_q1,,3,0,1,c,weekly_difference,False,,completed,,success,converged,True,True,True,True,True,7361,6,-57628.4251456753,115268.8502913506,115268.86171370576,115310.27399778296,1.0372872879660746,2.1499784219888367,"[""DeprecationWarning: Setting the shape on a NumPy array has been deprecated in NumPy 2.5.\nAs an alternative, you can create a new view using np.reshape (with copy=False if needed).""]",[],0,7192,True,joint Ljung-Box and residual ACF rule,"{""1"": -0.0009506402732286687, ""2"": -0.0005939880785183961, ""3"": 5.564672294079105e-05, ""4"": 0.0026767999373122154, ""5"": 0.007768664647679877, ""6"": -0.005511428736781224, ""7"": -0.010068232084857433, ""8"": -0.012582826184328969, ""9"": 0.0007100730816930923, ""10"": 0.00013584581106070818, ""11"": 0.0037185485365526178, ""12"": 0.03132591460080701, ""13"": 0.010706133998585466, ""14"": -0.010412127647537989, ""15"": -0.036476362564409705, ""16"": -0.04761455675443562, ""17"": -0.011539451324019928, ""18"": -0.03333915343779189, ""19"": 0.01600542217764387, ""20"": -0.00198940332363696, ""21"": 0.011376906783741005, ""22"": -0.014548466722699306, ""23"": 0.03321377140106334, ""24"": 0.08873679398430663, ""25"": 0.0214893158518828, ""26"": 0.004750634449348798, ""27"": -0.02733015004035023, ""28"": -0.012593307938381688, ""29"": -0.0124699943524962, ""30"": -0.0013232957780144985, ""31"": -0.02783199008923019, ""32"": 0.003239968961500816, ""33"": -0.016923748772481834, ""34"": -0.011945252740487555, ""35"": 0.007585207139848788, ""36"": 0.006104914828543928, ""37"": -0.00916443930818636, ""38"": 0.021055073181793046, ""39"": -0.0005258833729804406, ""40"": -0.004768354052771083, ""41"": 0.021692460155046014, ""42"": 0.004509241512621856, ""43"": 0.00239987720094796, ""44"": -0.0006043353577522058, ""45"": -0.007347645806122883, ""46"": -0.012500279652820868, ""47"": 0.030412983960442345, ""48"": 0.07008182176495592}","[24, 48]","{""24"": 115.41666266380844, ""48"": 187.41415190160765}","{""24"": 2.0000401534009297e-15, ""48"": 1.2910455831880268e-19}",1626.6169475375516,1731.0706548927722,3.564508505707425,24,1.0,False,,,,,,False
Germany,2024-10-27,autumn-DST Sunday,2024-10-26T18:00:00+02:00,2024-10-26T16:00:00+00:00,2024-10-26T16:00:00+00:00,25,weekly_differenced,weekly_differenced_arima_p1_d0_q1,,1,0,1,c,weekly_difference,True,missing_source,weekly_lag_invalid,missing_source,not_run,not_run,False,False,False,False,False,0,0,,,,,,,[],[],0,0,True,residual diagnostics unavailable,{},[],{},{},,,,0,0.0,False,,,,,,False
Germany,2024-10-27,autumn-DST Sunday,2024-10-26T18:00:00+02:00,2024-10-26T16:00:00+00:00,2024-10-26T16:00:00+00:00,25,weekly_differenced,weekly_differenced_arima_p2_d0_q0,,2,0,0,c,weekly_difference,True,missing_source,weekly_lag_invalid,missing_source,not_run,not_run,False,False,False,False,False,0,0,,,,,,,[],[],0,0,True,residual diagnostics unavailable,{},[],{},{},,,,0,0.0,False,,,,,,False
Germany,2024-10-27,autumn-DST Sunday,2024-10-26T18:00:00+02:00,2024-10-26T16:00:00+00:00,2024-10-26T16:00:00+00:00,25,weekly_differenced,weekly_differenced_arima_p2_d0_q1,,2,0,1,c,weekly_difference,True,missing_source,weekly_lag_invalid,missing_source,not_run,not_run,False,False,False,False,False,0,0,,,,,,,[],[],0,0,True,residual diagnostics unavailable,{},[],{},{},,,,0,0.0,False,,,,,,False
Germany,2024-10-27,autumn-DST Sunday,2024-10-26T18:00:00+02:00,2024-10-26T16:00:00+00:00,2024-10-26T16:00:00+00:00,25,weekly_differenced,weekly_differenced_arima_p2_d0_q2,,2,0,2,c,weekly_difference,True,missing_source,weekly_lag_invalid,missing_source,not_run,not_run,False,False,False,False,False,0,0,,,,,,,[],[],0,0,True,residual diagnostics unavailable,{},[],{},{},,,,0,0.0,False,,,,,,False
Germany,2024-10-27,autumn-DST Sunday,2024-10-26T18:00:00+02:00,2024-10-26T16:00:00+00:00,2024-10-26T16:00:00+00:00,25,weekly_differenced,weekly_differenced_arima_p3_d0_q1,,3,0,1,c,weekly_difference,True,missing_source,weekly_lag_invalid,missing_source,not_run,not_run,False,False,False,False,False,0,0,,,,,,,[],[],0,0,True,residual diagnostics unavailable,{},[],{},{},,,,0,0.0,False,,,,,,False
Germany,2024-11-11,Monday,2024-11-10T18:00:00+01:00,2024-11-10T17:00:00+00:00,2024-11-10T17:00:00+00:00,24,weekly_differenced,weekly_differenced_arima_p1_d0_q1,,1,0,1,c,weekly_difference,False,,completed,,success,converged,True,True,True,True,True,7746,4,-60753.89350730692,121515.78701461384,121515.79218190488,121543.60674205412,1.0323088033995762,2.795620739879067,"[""DeprecationWarning: Setting the shape on a NumPy array has been deprecated in NumPy 2.5.\nAs an alternative, you can create a new view using np.reshape (with copy=False if needed).""]",[],0,7576,True,joint Ljung-Box and residual ACF rule,"{""1"": 0.0345833104433345, ""2"": 0.09282493258670574, ""3"": -0.033144012222137614, ""4"": -0.017252339377502902, ""5"": -0.014260392059868968, ""6"": -0.014632894891542956, ""7"": -0.015010747453088495, ""8"": -0.020277615185274916, ""9"": -0.008488475189062247, ""10"": -0.003355166295415936, ""11"": 0.007750278713282575, ""12"": 0.036037606829290865, ""13"": 0.009850098575368673, ""14"": -0.021480555991351485, ""15"": -0.043514332218885135, ""16"": -0.059005508367805014, ""17"": -0.0181469320160663, ""18"": -0.03447219704568165, ""19"": 0.00762982116187399, ""20"": -0.013747173075216924, ""21"": 0.0030211466980115662, ""22"": -0.010745320336616456, ""23"": 0.04292012664664808, ""24"": 0.10619690969268356, ""25"": 0.029902987878865406, ""26"": 0.00639272328928241, ""27"": -0.034070944548921116, ""28"": -0.01809856664611643, ""29"": -0.021683327836999004, ""30"": 0.0009306709108870293, ""31"": -0.03073421505779632, ""32"": -0.0032286034386315578, ""33"": -0.02331484249745483, ""34"": -0.01923671958649, ""35"": 0.006700800538751998, ""36"": 0.009991373522592866, ""37"": -0.005923142932684881, ""38"": 0.015591885025771633, ""39"": -0.007236104356725788, ""40"": -0.002029283547970903, ""41"": 0.019176984745531617, ""42"": 0.00622708137110652, ""43"": 0.0020921749881564144, ""44"": -0.00825020219086673, ""45"": -0.012980094701032821, ""46"": -0.008982005224476565, ""47"": 0.033418114346900264, ""48"": 0.08130319719479381}","[2, 16, 24, 48]","{""24"": 263.0479030139314, ""48"": 367.408504831332}","{""24"": 3.501169644439681e-43, ""48"": 1.0793205198014754e-51}",3701.573592893868,3912.5958566180047,6.056749223009402,24,1.0,False,,,,,,False
Germany,2024-11-11,Monday,2024-11-10T18:00:00+01:00,2024-11-10T17:00:00+00:00,2024-11-10T17:00:00+00:00,24,weekly_differenced,weekly_differenced_arima_p2_d0_q0,,2,0,0,c,weekly_difference,False,,completed,,success,converged,True,True,True,True,True,7746,4,-60720.07481156688,121448.14962313377,121448.1547904248,121475.96935057406,1.045965972581414,inf,"[""DeprecationWarning: Setting the shape on a NumPy array has been deprecated in NumPy 2.5.\nAs an alternative, you can create a new view using np.reshape (with copy=False if needed).""]",[],0,7576,True,joint Ljung-Box and residual ACF rule,"{""1"": 0.016494571083603783, ""2"": -0.031140026801982475, ""3"": -0.028619360574526208, ""4"": -0.017579255186252037, ""5"": 0.001889045823820511, ""6"": -0.00010505574677808509, ""7"": -0.0027843876659245778, ""8"": -0.009416223213585127, ""9"": 0.0006267443709091674, ""10"": 0.0019475267393589055, ""11"": 0.014336002883405951, ""12"": 0.04667599898803836, ""13"": 0.0214251981100321, ""14"": -0.011338539300431636, ""15"": -0.03468614579255309, ""16"": -0.04452906252813263, ""17"": -0.005069185071586812, ""18"": -0.018895853924480774, ""19"": 0.01706571115093804, ""20"": -0.002588550332294355, ""21"": 0.0023143319570424342, ""22"": -0.019590976363770555, ""23"": 0.041822046198582485, ""24"": 0.1116367819904648, ""25"": 0.031074973164786822, ""26"": -0.0006949048835951133, ""27"": -0.030750416933357578, ""28"": -0.013353018924362456, ""29"": -0.008187889482241927, ""30"": 0.009669064535998034, ""31"": -0.020718097792180756, ""32"": 0.004714661001109348, ""33"": -0.01603851746201268, ""34"": -0.01637331169954547, ""35"": 0.015017916392711722, ""36"": 0.014322240149394764, ""37"": -0.003124772188624026, ""38"": 0.018841492250640638, ""39"": -0.006121634053606904, ""40"": -0.0019266643753028977, ""41"": 0.023791353026505816, ""42"": 0.010524643842069697, ""43"": 0.004878768283450812, ""44"": -0.004300613600673224, ""45"": -0.014270613349841003, ""46"": -0.016693856144453952, ""47"": 0.03782207547179828, ""48"": 0.08492739361197398}","[24, 48]","{""24"": 181.67098919294585, ""48"": 287.6605802520486}","{""24"": 4.201900755115332e-27, ""48"": 1.06832607574557e-36}",3963.0822959661928,4149.43504269759,6.52654512500836,24,1.0,False,,,,,,False
Germany,2024-11-11,Monday,2024-11-10T18:00:00+01:00,2024-11-10T17:00:00+00:00,2024-11-10T17:00:00+00:00,24,weekly_differenced,weekly_differenced_arima_p2_d0_q1,,2,0,1,c,weekly_difference,False,,completed,,success,converged,True,True,True,True,True,7746,5,-60712.02157852793,121434.04315705586,121434.05090899384,121468.81781635624,1.042128186862367,8.596560434580354,"[""DeprecationWarning: Setting the shape on a NumPy array has been deprecated in NumPy 2.5.\nAs an alternative, you can create a new view using np.reshape (with copy=False if needed).""]",[],0,7576,True,joint Ljung-Box and residual ACF rule,"{""1"": -0.0008197942956413495, ""2"": 0.006338376216133964, ""3"": -0.020088859365466016, ""4"": -0.017021733070867823, ""5"": -0.0007969506655605555, ""6"": -0.003900387047280298, ""7"": -0.005394615671318876, ""8"": -0.011847183146138394, ""9"": -0.000881256156599962, ""10"": 0.0007822037214750886, ""11"": 0.011651821495120245, ""12"": 0.04306865029786151, ""13"": 0.017380705169928512, ""14"": -0.01336527357822776, ""15"": -0.03526318478143147, ""16"": -0.047041434546151, ""17"": -0.007026563245538157, ""18"": -0.023474482818234863, ""19"": 0.01492308411685327, ""20"": -0.005617222261138492, ""21"": 0.004154161894341352, ""22"": -0.017272457100527126, ""23"": 0.04032822126391132, ""24"": 0.10857014375944615, ""25"": 0.028204068987940912, ""26"": 0.001972710138145684, ""27"": -0.03011625258390148, ""28"": -0.01345395279585248, ""29"": -0.011550260239628112, ""30"": 0.007867812659200113, ""31"": -0.023809322367669482, ""32"": 0.0035748832018924633, ""33"": -0.017343150615335482, ""34"": -0.0171033393861345, ""35"": 0.013140308008040877, ""36"": 0.012888979578340069, ""37"": -0.004596456208562566, ""38"": 0.018698034020725826, ""39"": -0.006419172205545612, ""40"": -0.0020947276192712235, ""41"": 0.022667868724488352, ""42"": 0.008749343992322014, ""43"": 0.004172648186319529, ""44"": -0.004589824720108339, ""45"": -0.012402009537324954, ""46"": -0.014782953450259127, ""47"": 0.03521078020625567, ""48"": 0.08318003841523192}","[24, 48]","{""24"": 162.84960326373508, ""48"": 263.21482520933534}","{""24"": 6.1463203334563984e-24, ""48"": 1.2816723370811344e-32}",3895.0933004081658,4088.252180139881,6.403248820151031,24,1.0,False,,,,,,False
Germany,2024-11-11,Monday,2024-11-10T18:00:00+01:00,2024-11-10T17:00:00+00:00,2024-11-10T17:00:00+00:00,24,weekly_differenced,weekly_differenced_arima_p2_d0_q2,,2,0,2,c,weekly_difference,False,,completed,,success,converged,True,True,True,True,True,7746,6,-60710.352296135774,121432.70459227156,121432.71544638708,121474.434183432,1.0408591125333737,3.905802017840186,"[""DeprecationWarning: Setting the shape on a NumPy array has been deprecated in NumPy 2.5.\nAs an alternative, you can create a new view using np.reshape (with copy=False if needed).""]",[],0,7576,True,joint Ljung-Box and residual ACF rule,"{""1"": -0.001423105128700794, ""2"": 0.0014255184039500322, ""3"": -0.0027021324202718584, ""4"": -0.01798023646018058, ""5"": -0.0016991623495042952, ""6"": -0.0047820291305804485, ""7"": -0.006625637145882134, ""8"": -0.012578405173868792, ""9"": -0.001074380270538761, ""10"": 2.3579964897697253e-05, ""11"": 0.010350509396419096, ""12"": 0.041709466918930155, ""13"": 0.015907538101957573, ""14"": -0.014062396805052765, ""15"": -0.03574775817560811, ""16"": -0.04706806354667942, ""17"": -0.00803136027982773, ""18"": -0.02453480872043494, ""19"": 0.013180522959275751, ""20"": -0.005454273593316847, ""21"": 0.004882194424254828, ""22"": -0.017491096851752857, ""23"": 0.039686913847239706, ""24"": 0.1078395854594506, ""25"": 0.027121778397822947, ""26"": 0.0015760984753064335, ""27"": -0.02859902254682918, ""28"": -0.013954543267487659, ""29"": -0.011730988798666376, ""30"": 0.006600872320744177, ""31"": -0.024745542080606465, ""32"": 0.0031360779632233484, ""33"": -0.017398607689302282, ""34"": -0.018154294729676432, ""35"": 0.013251352549535939, ""36"": 0.012058832227429143, ""37"": -0.005403660794218681, ""38"": 0.018978869491353884, ""39"": -0.006524956446077481, ""40"": -0.0026071873276058157, ""41"": 0.022631854652220933, ""42"": 0.008091769992348912, ""43"": 0.0035011348482249945, ""44"": -0.0038560242029763822, ""45"": -0.01125696148522951, ""46"": -0.015572912547067202, ""47"": 0.035112025678299234, ""48"": 0.0825381033268962}","[24, 48]","{""24"": 157.7351419521617, ""48"": 256.5382132090797}","{""24"": 2.0531453449366435e-23, ""48"": 8.561047445270776e-32}",3872.793810743917,4068.1368586599874,6.362984903645988,24,1.0,False,,,,,,False
Germany,2024-11-11,Monday,2024-11-10T18:00:00+01:00,2024-11-10T17:00:00+00:00,2024-11-10T17:00:00+00:00,24,weekly_differenced,weekly_differenced_arima_p3_d0_q1,,3,0,1,c,weekly_difference,False,,completed,,success,converged,True,True,True,True,True,7746,6,-60708.56085942566,121429.12171885133,121429.13257296685,121470.85131001176,1.036365748922775,1.8995444150598475,"[""DeprecationWarning: Setting the shape on a NumPy array has been deprecated in NumPy 2.5.\nAs an alternative, you can create a new view using np.reshape (with copy=False if needed).""]",[],0,7576,True,joint Ljung-Box and residual ACF rule,"{""1"": -0.0006840716430867246, ""2"": -0.0009342793651898703, ""3"": 0.0011809689816067086, ""4"": -0.0005034197938323128, ""5"": 0.008123758317530583, ""6"": -0.0006951222052528693, ""7"": -0.005769209224998099, ""8"": -0.013618574221053236, ""9"": -0.0037231292709404436, ""10"": -0.0039020270581552846, ""11"": 0.0058451016979335696, ""12"": 0.03723445065240024, ""13"": 0.012213817759627564, ""14"": -0.017466844086681244, ""15"": -0.03829034500753178, ""16"": -0.04879548946211841, ""17"": -0.00963596866863168, ""18"": -0.026174881672745058, ""19"": 0.011922310876794824, ""20"": -0.0064550224134689894, ""21"": 0.0025360938380426415, ""22"": -0.020641279713218483, ""23"": 0.03691203925541542, ""24"": 0.10551525687696518, ""25"": 0.025051123812025886, ""26"": -0.0006748562043204455, ""27"": -0.0298219399499629, ""28"": -0.01359658020586943, ""29"": -0.011955570788644548, ""30"": 0.005462889509747616, ""31"": -0.02629123850948197, ""32"": 0.0012293128400849712, ""33"": -0.019469272877077164, ""34"": -0.019855917984686847, ""35"": 0.011279949107087009, ""36"": 0.01042164172561156, ""37"": -0.0068897629145882044, ""38"": 0.017286434118787723, ""39"": -0.007893206421360049, ""40"": -0.003819477469250573, ""41"": 0.02157318637623688, ""42"": 0.007805255239319315, ""43"": 0.003921349278040029, ""44"": -0.003174751251041847, ""45"": -0.011743261765364107, ""46"": -0.01647642015628185, ""47"": 0.03407308664112238, ""48"": 0.0812449529404162}","[24, 48]","{""24"": 151.43847895388993, ""48"": 248.3909736645301}","{""24"": 3.332357173101256e-22, ""48"": 2.5708238520259625e-30}",3835.4960127005447,4034.377257181296,6.295802485320302,24,1.0,False,,,,,,False
Germany,2024-12-25,Christmas holiday / cold season,2024-12-24T18:00:00+01:00,2024-12-24T17:00:00+00:00,2024-12-24T17:00:00+00:00,24,weekly_differenced,weekly_differenced_arima_p1_d0_q1,,1,0,1,c,weekly_difference,False,,completed,,success,converged,True,True,True,True,True,8802,4,-69102.80163077176,138213.60326154353,138213.60780854817,138241.934198533,1.03130246423984,2.885622946028685,"[""DeprecationWarning: Setting the shape on a NumPy array has been deprecated in NumPy 2.5.\nAs an alternative, you can create a new view using np.reshape (with copy=False if needed).""]",[],0,8632,True,joint Ljung-Box and residual ACF rule,"{""1"": 0.034341933764867605, ""2"": 0.09405762770250473, ""3"": -0.03568535601084661, ""4"": -0.016934321624072796, ""5"": -0.015790625922149703, ""6"": -0.020244187007652386, ""7"": -0.012353574392448852, ""8"": -0.020757450990995595, ""9"": -0.00942937304119155, ""10"": 0.00031574240362378266, ""11"": 0.0027513789446540603, ""12"": 0.0347706126288705, ""13"": 0.006892194962994309, ""14"": -0.01933257057843648, ""15"": -0.041715801508717835, ""16"": -0.056287711536907065, ""17"": -0.01733918857079297, ""18"": -0.03239760173609018, ""19"": 0.0025595332864928994, ""20"": -0.01742449039246355, ""21"": 0.0038435892306189646, ""22"": -0.011858110852317878, ""23"": 0.04357458842445382, ""24"": 0.11437913030741605, ""25"": 0.036283349909114145, ""26"": 0.003668292259377412, ""27"": -0.03480693022663491, ""28"": -0.02102822276252015, ""29"": -0.019087279745665115, ""30"": -0.004278675196064615, ""31"": -0.02376580672219579, ""32"": -0.009149625073995067, ""33"": -0.015029835620013475, ""34"": -0.019233637880229804, ""35"": 0.008349974782472284, ""36"": 0.011633894816963718, ""37"": -0.007158142530144615, ""38"": 0.015723246768561957, ""39"": -0.008280393424073143, ""40"": 0.0002024739661096255, ""41"": 0.012783500717125312, ""42"": 0.008529097262039256, ""43"": 0.0015714793621177876, ""44"": -0.00968949640394351, ""45"": -0.012918786510411397, ""46"": -0.006421907444221175, ""47"": 0.028287897230824133, ""48"": 0.08015102298109773}","[2, 16, 24, 48]","{""24"": 313.6049749247828, ""48"": 425.91946010033496}","{""24"": 2.107328882314912e-53, ""48"": 5.390626855407508e-63}",7208.935971549928,7913.610024281807,15.744051568849828,24,1.0,False,,,,,,False
Germany,2024-12-25,Christmas holiday / cold season,2024-12-24T18:00:00+01:00,2024-12-24T17:00:00+00:00,2024-12-24T17:00:00+00:00,24,weekly_differenced,weekly_differenced_arima_p2_d0_q0,,2,0,0,c,weekly_difference,False,,completed,,success,converged,True,True,True,True,True,8802,4,-69060.5072889667,138129.0145779334,138129.01912493806,138157.3455149229,1.0443112465984628,inf,"[""DeprecationWarning: Setting the shape on a NumPy array has been deprecated in NumPy 2.5.\nAs an alternative, you can create a new view using np.reshape (with copy=False if needed).""]",[],0,8632,True,joint Ljung-Box and residual ACF rule,"{""1"": 0.013515429005204502, ""2"": -0.02340974514262465, ""3"": -0.031424311310055006, ""4"": -0.01624043273233725, ""5"": -2.8940310339610344e-05, ""6"": -0.006278117444151368, ""7"": 6.893299087322396e-05, ""8"": -0.010002739512832606, ""9"": -0.00027082905042535036, ""10"": 0.006009731517983856, ""11"": 0.00934308562557128, ""12"": 0.04431074909957767, ""13"": 0.01821121201576014, ""14"": -0.009680388605320356, ""15"": -0.03285085449761283, ""16"": -0.04286829516475526, ""17"": -0.004254416077509543, ""18"": -0.01725554260856951, ""19"": 0.011471711000407402, ""20"": -0.006885858644437995, ""21"": 0.0040366903893060725, ""22"": -0.020986736292872545, ""23"": 0.041151597187337456, ""24"": 0.1198595843123977, ""25"": 0.03702532223299249, ""26"": -0.003800903090028592, ""27"": -0.032500497007329314, ""28"": -0.015242337831062453, ""29"": -0.006675377889796343, ""30"": 0.005162382804497535, ""31"": -0.015145339126772255, ""32"": -0.0011812387576446972, ""33"": -0.008648072423879145, ""34"": -0.015997256630873, ""35"": 0.015462670987702386, ""36"": 0.01583192291708456, ""37"": -0.004606546055119052, ""38"": 0.018448310923830424, ""39"": -0.006345037795804391, ""40"": 0.00024040296081790868, ""41"": 0.01712159521471759, ""42"": 0.0127231644918027, ""43"": 0.005033867610926988, ""44"": -0.006508117249391198, ""45"": -0.013300273273729941, ""46"": -0.013241746393527288, ""47"": 0.03140916479788759, ""48"": 0.08325758735665455}","[24, 48]","{""24"": 212.55438804375774, ""48"": 325.2661166739897}","{""24"": 3.903890089927742e-33, ""48"": 1.0661888777784174e-43}",8225.158126331888,9062.602954306516,17.846079515480525,24,1.0,False,,,,,,False
Germany,2024-12-25,Christmas holiday / cold season,2024-12-24T18:00:00+01:00,2024-12-24T17:00:00+00:00,2024-12-24T17:00:00+00:00,24,weekly_differenced,weekly_differenced_arima_p2_d0_q1,,2,0,1,c,weekly_difference,False,,completed,,success,converged,True,True,True,True,True,8802,5,-69054.14781837647,138118.29563675294,138118.30245803535,138153.7093079898,1.0411607380039465,10.211325066962775,"[""DeprecationWarning: Setting the shape on a NumPy array has been deprecated in NumPy 2.5.\nAs an alternative, you can create a new view using np.reshape (with copy=False if needed).""]",[],0,8632,True,joint Ljung-Box and residual ACF rule,"{""1"": -0.0006348148064041344, ""2"": 0.007546999799455034, ""3"": -0.02429195727987414, ""4"": -0.015714961490540337, ""5"": -0.0022014769983131617, ""6"": -0.009471283383710474, ""7"": -0.0020849170523470554, ""8"": -0.012166187407176525, ""9"": -0.0017350619451160186, ""10"": 0.005012590002299578, ""11"": 0.0069965205988841185, ""12"": 0.04163921780638265, ""13"": 0.014823448661355314, ""14"": -0.01134599195191256, ""15"": -0.03344534628010582, ""16"": -0.044915212627762095, ""17"": -0.006064921746630957, ""18"": -0.02100516244615011, ""19"": 0.009778886757619268, ""20"": -0.009270820070464673, ""21"": 0.005567561045511142, ""22"": -0.018917285220091198, ""23"": 0.04002935458357623, ""24"": 0.1170861657418338, ""25"": 0.03454164324127867, ""26"": -0.0014571014842121594, ""27"": -0.031578215665128626, ""28"": -0.01550318935741355, ""29"": -0.009249370398669212, ""30"": 0.0033142461125208263, ""31"": -0.017280148850130628, ""32"": -0.002430644786959344, ""33"": -0.009473035567967407, ""34"": -0.01684512029683183, ""35"": 0.01405749911975624, ""36"": 0.014714881441828765, ""37"": -0.005815007576733571, ""38"": 0.018436118369288063, ""39"": -0.006828455349711191, ""40"": 0.0002472518266227979, ""41"": 0.016102902972708097, ""42"": 0.01133490178158072, ""43"": 0.0042830667642984955, ""44"": -0.006659424837114301, ""45"": -0.011948368074810208, ""46"": -0.011661012277052693, ""47"": 0.029432806657794318, ""48"": 0.08188212857539769}","[24, 48]","{""24"": 197.29394273835177, ""48"": 304.3710149790347}","{""24"": 1.2333730784313296e-30, ""48"": 3.28262156622208e-40}",8005.743151050682,8803.53764285806,17.393050323948465,24,1.0,False,,,,,,False
Germany,2024-12-25,Christmas holiday / cold season,2024-12-24T18:00:00+01:00,2024-12-24T17:00:00+00:00,2024-12-24T17:00:00+00:00,24,weekly_differenced,weekly_differenced_arima_p2_d0_q2,,2,0,2,c,weekly_difference,False,,completed,,success,converged,True,True,True,True,True,8802,6,-69051.33097696828,138114.66195393656,138114.67150481776,138157.15835942078,1.0397244538019363,3.5361860974767367,"[""DeprecationWarning: Setting the shape on a NumPy array has been deprecated in NumPy 2.5.\nAs an alternative, you can create a new view using np.reshape (with copy=False if needed).""]",[],0,8632,True,joint Ljung-Box and residual ACF rule,"{""1"": -0.0015874363199117148, ""2"": 0.00041476755148648107, ""3"": -0.002493605375405276, ""4"": -0.01689866020269732, ""5"": -0.0033759811840550743, ""6"": -0.010476051968084609, ""7"": -0.0033973907910193864, ""8"": -0.013113900033469865, ""9"": -0.0020563255946947656, ""10"": 0.004134728560286136, ""11"": 0.005499261012536716, ""12"": 0.040056951744317594, ""13"": 0.0132625878003303, ""14"": -0.01220568354267101, ""15"": -0.03391316862359089, ""16"": -0.04502881945992279, ""17"": -0.007213085411553966, ""18"": -0.022091245187369015, ""19"": 0.007648238130784049, ""20"": -0.008972403668059454, ""21"": 0.0067987429606832794, ""22"": -0.01925812239778436, ""23"": 0.039019947939072944, ""24"": 0.11627767464574117, ""25"": 0.033131775327079616, ""26"": -0.0019963188005946227, ""27"": -0.029601825841821704, ""28"": -0.01576801951821458, ""29"": -0.009631121981279349, ""30"": 0.0020134101808985784, ""31"": -0.018483071765986393, ""32"": -0.0028069685292749415, ""33"": -0.009584071890981288, ""34"": -0.01800954309153403, ""35"": 0.014088626465507622, ""36"": 0.01391368798300959, ""37"": -0.006739789322722551, ""38"": 0.018661310773936797, ""39"": -0.006792334984235028, ""40"": -0.00042900440935297114, ""41"": 0.016046250400564368, ""42"": 0.010556182650468128, ""43"": 0.003598987880675192, ""44"": -0.006015602990041184, ""45"": -0.01045279689293951, ""46"": -0.01254593415624747, ""47"": 0.029231608697459735, ""48"": 0.08111004206758878}","[24, 48]","{""24"": 189.51853596271604, ""48"": 293.9698624701074}","{""24"": 1.3159145757868158e-29, ""48"": 1.0865029791378928e-38}",7895.769147937876,8674.567320495087,17.16635051247806,24,1.0,False,,,,,,False
Germany,2024-12-25,Christmas holiday / cold season,2024-12-24T18:00:00+01:00,2024-12-24T17:00:00+00:00,2024-12-24T17:00:00+00:00,24,weekly_differenced,weekly_differenced_arima_p3_d0_q1,,3,0,1,c,weekly_difference,False,,completed,,success,converged,True,True,True,True,True,8802,6,-69048.75215743347,138109.50431486694,138109.51386574813,138152.00072035115,1.0331973066772182,1.4953818454553025,"[""DeprecationWarning: Setting the shape on a NumPy array has been deprecated in NumPy 2.5.\nAs an alternative, you can create a new view using np.reshape (with copy=False if needed).""]",[],0,8632,True,joint Ljung-Box and residual ACF rule,"{""1"": -0.0003563841216175534, ""2"": 0.000320109548824986, ""3"": -0.0045725762974598615, ""4"": 0.0030551961372809427, ""5"": 0.010729723553089503, ""6"": -0.00236332251733321, ""7"": 0.0005075978992248265, ""8"": -0.012450847499180726, ""9"": -0.0043803965935309596, ""10"": -0.00015195966785073848, ""11"": 0.0004487407669957038, ""12"": 0.03483141968011223, ""13"": 0.00874647571676122, ""14"": -0.01662645202850999, ""15"": -0.03767819920308363, ""16"": -0.04784561088794912, ""17"": -0.009252449019440244, ""18"": -0.023973671295683577, ""19"": 0.0064075312484851155, ""20"": -0.011025192994757403, ""21"": 0.002609273515735552, ""22"": -0.02406833870879502, ""23"": 0.03472572517912076, ""24"": 0.11254969109022021, ""25"": 0.030068744305921633, ""26"": -0.005459146889586764, ""27"": -0.03247220567743019, ""28"": -0.015912967622784206, ""29"": -0.009839676437171464, ""30"": 0.001130000829663043, ""31"": -0.020046501121454043, ""32"": -0.0052136788861062945, ""33"": -0.012449132866086076, ""34"": -0.020299857419917484, ""35"": 0.011200639810984615, ""36"": 0.011582134390588377, ""37"": -0.008785260759071142, ""38"": 0.016098822129174347, ""39"": -0.008919207416692469, ""40"": -0.002055834569647067, ""41"": 0.014587956020442485, ""42"": 0.010213999818935973, ""43"": 0.0038954893942067404, ""44"": -0.005969684827989511, ""45"": -0.011929055209330646, ""46"": -0.013749632756758091, ""47"": 0.027710174563574233, ""48"": 0.0795414318966548}","[24, 48]","{""24"": 180.74635419792253, ""48"": 283.2020619473651}","{""24"": 6.934331695345692e-28, ""48"": 1.0879402472290415e-36}",7383.481254281804,8103.002309365602,16.105209208041085,24,1.0,False,,,,,,False
